cultivo,fecha,dia_ciclo,etapa,ETo,Kc,ETc,ciclo_referencia_dias,ciclo_min_dias,ciclo_max_dias
Coffea arabica,2020-01-01,1,Inicial,3.0342546341829326,0.87,2.639801531739151,270,210.0,330.0
Coffea arabica,2020-01-02,2,Inicial,3.843924143324504,0.87,3.3442140046923186,270,210.0,330.0
Coffea arabica,2020-01-03,3,Inicial,3.942666111588288,0.87,3.4301195170818106,270,210.0,330.0
Coffea arabica,2020-01-04,4,Inicial,3.953382104472361,0.87,3.439442430890954,270,210.0,330.0
Coffea arabica,2020-01-05,5,Inicial,3.449275434365756,0.87,3.0008696278982074,270,210.0,330.0
Coffea arabica,2020-01-06,6,Inicial,3.563599805963903,0.87,3.100331831188596,270,210.0,330.0
Coffea arabica,2020-01-07,7,Inicial,3.940431573366844,0.87,3.428175468829154,270,210.0,330.0
Coffea arabica,2020-01-08,8,Inicial,3.8625201821577457,0.87,3.3603925584772387,270,210.0,330.0
Coffea arabica,2020-01-09,9,Inicial,4.3971423787146,0.87,3.8255138694817017,270,210.0,330.0
Coffea arabica,2020-01-10,10,Inicial,4.417660163355734,0.87,3.8433643421194885,270,210.0,330.0
Coffea arabica,2020-01-11,11,Inicial,4.119383514388907,0.87,3.5838636575183487,270,210.0,330.0
Coffea arabica,2020-01-12,12,Inicial,4.320726771844242,0.87,3.7590322915044907,270,210.0,330.0
Coffea arabica,2020-01-13,13,Inicial,4.46962619570819,0.87,3.888574790266125,270,210.0,330.0
Coffea arabica,2020-01-14,14,Inicial,4.202181826835727,0.87,3.655898189347083,270,210.0,330.0
Coffea arabica,2020-01-15,15,Inicial,3.8196816035734087,0.87,3.3231229951088657,270,210.0,330.0
Coffea arabica,2020-01-16,16,Inicial,4.072625467248526,0.87,3.5431841565062174,270,210.0,330.0
Coffea arabica,2020-01-17,17,Inicial,4.428315338591565,0.87,3.8526343445746614,270,210.0,330.0
Coffea arabica,2020-01-18,18,Inicial,4.182959840843289,0.87,3.639175061533661,270,210.0,330.0
Coffea arabica,2020-01-19,19,Inicial,3.7510453443257994,0.87,3.2634094495634454,270,210.0,330.0
Coffea arabica,2020-01-20,20,Inicial,2.8590507888805274,0.87,2.487374186326059,270,210.0,330.0
Coffea arabica,2020-01-21,21,Inicial,3.201405185829242,0.87,2.7852225116714404,270,210.0,330.0
Coffea arabica,2020-01-22,22,Inicial,2.0978392306450253,0.87,1.825120130661172,270,210.0,330.0
Coffea arabica,2020-01-23,23,Inicial,2.86935264275105,0.87,2.4963367991934136,270,210.0,330.0
Coffea arabica,2020-01-24,24,Inicial,2.7165122939031123,0.87,2.3633656956957076,270,210.0,330.0
Coffea arabica,2020-01-25,25,Inicial,3.252189578631824,0.87,2.8294049334096867,270,210.0,330.0
Coffea arabica,2020-01-26,26,Inicial,3.176908260350611,0.87,2.7639101865050315,270,210.0,330.0
Coffea arabica,2020-01-27,27,Inicial,3.261876815512251,0.87,2.8378328294956585,270,210.0,330.0
Coffea arabica,2020-01-28,28,Desarrollo,3.3234002934852103,0.87,2.891358255332133,270,210.0,330.0
Coffea arabica,2020-01-29,29,Desarrollo,3.5109783751083112,0.8720754716981132,3.0618381225944553,270,210.0,330.0
Coffea arabica,2020-01-30,30,Desarrollo,3.624390921822767,0.8741509433962265,3.168264743548091,270,210.0,330.0
Coffea arabica,2020-01-31,31,Desarrollo,3.7499258762001375,0.8762264150943396,3.285784107372347,270,210.0,330.0
Coffea arabica,2020-02-01,32,Desarrollo,4.005641030618579,0.8783018867924528,3.518162075005563,270,210.0,330.0
Coffea arabica,2020-02-02,33,Desarrollo,3.342744914421249,0.8803773584905661,2.9428769378659525,270,210.0,330.0
Coffea arabica,2020-02-03,34,Desarrollo,4.262069812545409,0.8824528301886793,3.76107556854243,270,210.0,330.0
Coffea arabica,2020-02-04,35,Desarrollo,4.600488188004019,0.8845283018867924,4.0692620047854415,270,210.0,330.0
Coffea arabica,2020-02-05,36,Desarrollo,4.785203296887103,0.8866037735849056,4.2425793003910375,270,210.0,330.0
Coffea arabica,2020-02-06,37,Desarrollo,4.726954046422917,0.8886792452830189,4.20074595446263,270,210.0,330.0
Coffea arabica,2020-02-07,38,Desarrollo,4.611074460499368,0.8907547169811321,4.1073363260410405,270,210.0,330.0
Coffea arabica,2020-02-08,39,Desarrollo,4.363212675069524,0.8928301886792452,3.895607995929997,270,210.0,330.0
Coffea arabica,2020-02-09,40,Desarrollo,4.463675256830085,0.8949056603773585,3.9945682534236022,270,210.0,330.0
Coffea arabica,2020-02-10,41,Desarrollo,4.916313507089217,0.8969811320754717,4.409840455226819,270,210.0,330.0
Coffea arabica,2020-02-11,42,Desarrollo,4.850507563693527,0.8990566037735849,4.360880856792388,270,210.0,330.0
Coffea arabica,2020-02-12,43,Desarrollo,4.643046818547143,0.9011320754716982,4.183998416109652,270,210.0,330.0
Coffea arabica,2020-02-13,44,Desarrollo,4.611961074754263,0.9032075471698113,4.165558049971445,270,210.0,330.0
Coffea arabica,2020-02-14,45,Desarrollo,4.220991192010182,0.9052830188679245,3.8211916489178965,270,210.0,330.0
Coffea arabica,2020-02-15,46,Desarrollo,4.819264668310588,0.9073584905660377,4.372800715076531,270,210.0,330.0
Coffea arabica,2020-02-16,47,Desarrollo,4.844640100563613,0.909433962264151,4.405880242399361,270,210.0,330.0
Coffea arabica,2020-02-17,48,Desarrollo,5.376526757040151,0.9115094339622641,4.9007548609926355,270,210.0,330.0
Coffea arabica,2020-02-18,49,Desarrollo,5.178844575293617,0.9135849056603773,4.731314232749376,270,210.0,330.0
Coffea arabica,2020-02-19,50,Desarrollo,4.97394182882615,0.9156603773584906,4.554441451942133,270,210.0,330.0
Coffea arabica,2020-02-20,51,Desarrollo,4.4228780588489744,0.9177358490566038,4.059033750611587,270,210.0,330.0
Coffea arabica,2020-02-21,52,Desarrollo,3.7959889635131434,0.9198113207547169,3.4915936220993533,270,210.0,330.0
Coffea arabica,2020-02-22,53,Desarrollo,3.3072428726010794,0.9218867924528302,3.0489035236846935,270,210.0,330.0
Coffea arabica,2020-02-23,54,Desarrollo,3.229804886467766,0.9239622641509434,2.984217835666538,270,210.0,330.0
Coffea arabica,2020-02-24,55,Desarrollo,3.5209327544783124,0.9260377358490566,3.2605165960338787,270,210.0,330.0
Coffea arabica,2020-02-25,56,Desarrollo,4.00984640904958,0.9281132075471697,3.7215914124745058,270,210.0,330.0
Coffea arabica,2020-02-26,57,Desarrollo,3.785523855621973,0.930188679245283,3.5212514355125144,270,210.0,330.0
Coffea arabica,2020-02-27,58,Desarrollo,3.726136241618912,0.9322641509433962,3.4737432395922725,270,210.0,330.0
Coffea arabica,2020-02-28,59,Desarrollo,3.887218638837831,0.9343396226415094,3.6319823961367805,270,210.0,330.0
Coffea arabica,2020-02-29,60,Desarrollo,4.280862800027337,0.9364150943396227,4.00866454274258,270,210.0,330.0
Coffea arabica,2020-03-01,61,Desarrollo,4.332175320636316,0.9384905660377358,4.065705668838686,270,210.0,330.0
Coffea arabica,2020-03-02,62,Desarrollo,4.272763868408447,0.940566037735849,4.018816581889832,270,210.0,330.0
Coffea arabica,2020-03-03,63,Desarrollo,4.319383879703837,0.9426415094339622,4.071630540188749,270,210.0,330.0
Coffea arabica,2020-03-04,64,Desarrollo,4.598482138959539,0.9447169811320755,4.344264164107624,270,210.0,330.0
Coffea arabica,2020-03-05,65,Desarrollo,4.867352694470461,0.9467924528301886,4.608372796387315,270,210.0,330.0
Coffea arabica,2020-03-06,66,Desarrollo,5.020250443413572,0.9488679245283018,4.763554618854124,270,210.0,330.0
Coffea arabica,2020-03-07,67,Desarrollo,4.162574327111929,0.9509433962264151,3.958372567668702,270,210.0,330.0
Coffea arabica,2020-03-08,68,Desarrollo,3.318742993196773,0.9530188679245283,3.1628246903088493,270,210.0,330.0
Coffea arabica,2020-03-09,69,Desarrollo,3.657894654052344,0.9550943396226415,3.493634479021314,270,210.0,330.0
Coffea arabica,2020-03-10,70,Desarrollo,3.654990455686266,0.9571698113207547,3.4984465248483825,270,210.0,330.0
Coffea arabica,2020-03-11,71,Desarrollo,2.9160716717048847,0.9592452830188679,2.797227996027855,270,210.0,330.0
Coffea arabica,2020-03-12,72,Desarrollo,3.0391543127164624,0.9613207547169811,2.9216021176019575,270,210.0,330.0
Coffea arabica,2020-03-13,73,Desarrollo,2.751291900187232,0.9633962264150944,2.650584234406794,270,210.0,330.0
Coffea arabica,2020-03-14,74,Desarrollo,3.0954818724373707,0.9654716981132075,2.98860013986076,270,210.0,330.0
Coffea arabica,2020-03-15,75,Desarrollo,3.6859685912977582,0.9675471698113207,3.5663484785235666,270,210.0,330.0
Coffea arabica,2020-03-16,76,Desarrollo,4.072028414846871,0.969622641509434,3.9483309479052964,270,210.0,330.0
Coffea arabica,2020-03-17,77,Desarrollo,4.244282104652327,0.9716981132075472,4.124160913011224,270,210.0,330.0
Coffea arabica,2020-03-18,78,Desarrollo,4.072709990618711,0.9737735849056603,3.9658974078458806,270,210.0,330.0
Coffea arabica,2020-03-19,79,Desarrollo,4.33804741907124,0.9758490566037735,4.2332794814031045,270,210.0,330.0
Coffea arabica,2020-03-20,80,Desarrollo,2.8463327492466517,0.9779245283018868,2.7834986111972446,270,210.0,330.0
Coffea arabica,2020-03-21,81,Desarrollo,3.587378486128173,0.98,3.5156309164056094,270,210.0,330.0
Coffea arabica,2020-03-22,82,Media,4.23600731526691,0.98,4.151287168961572,270,210.0,330.0
Coffea arabica,2020-03-23,83,Media,4.140786645454341,0.98,4.057970912545254,270,210.0,330.0
Coffea arabica,2020-03-24,84,Media,3.5213580655362957,0.98,3.4509309042255696,270,210.0,330.0
Coffea arabica,2020-03-25,85,Media,3.785817309238655,0.98,3.7101009630538817,270,210.0,330.0
Coffea arabica,2020-03-26,86,Media,4.094974473083258,0.98,4.013074983621593,270,210.0,330.0
Coffea arabica,2020-03-27,87,Media,4.064922203853836,0.98,3.9836237597767594,270,210.0,330.0
Coffea arabica,2020-03-28,88,Media,4.481964011361124,0.98,4.392324731133901,270,210.0,330.0
Coffea arabica,2020-03-29,89,Media,4.580194076436374,0.98,4.488590194907647,270,210.0,330.0
Coffea arabica,2020-03-30,90,Media,4.261282578646624,0.98,4.176056927073692,270,210.0,330.0
Coffea arabica,2020-03-31,91,Media,3.111587522642977,0.98,3.0493557721901174,270,210.0,330.0
Coffea arabica,2020-04-01,92,Media,2.560732338953428,0.98,2.5095176921743594,270,210.0,330.0
Coffea arabica,2020-04-02,93,Media,3.250500510178696,0.98,3.185490499975122,270,210.0,330.0
Coffea arabica,2020-04-03,94,Media,3.546318729112706,0.98,3.475392354530452,270,210.0,330.0
Coffea arabica,2020-04-04,95,Media,3.1983273965019574,0.98,3.134360848571918,270,210.0,330.0
Coffea arabica,2020-04-05,96,Media,3.6519882567088144,0.98,3.578948491574638,270,210.0,330.0
Coffea arabica,2020-04-06,97,Media,2.34079121882631,0.98,2.2939753944497836,270,210.0,330.0
Coffea arabica,2020-04-07,98,Media,3.706320231953816,0.98,3.6321938273147394,270,210.0,330.0
Coffea arabica,2020-04-08,99,Media,3.9741211244483456,0.98,3.8946387019593787,270,210.0,330.0
Coffea arabica,2020-04-09,100,Media,3.3720996276545567,0.98,3.3046576351014654,270,210.0,330.0
Coffea arabica,2020-04-10,101,Media,3.783515554685143,0.98,3.70784524359144,270,210.0,330.0
Coffea arabica,2020-04-11,102,Media,3.403942726356705,0.98,3.3358638718295706,270,210.0,330.0
Coffea arabica,2020-04-12,103,Media,4.288764119370986,0.98,4.2029888369835655,270,210.0,330.0
Coffea arabica,2020-04-13,104,Media,4.373105884741337,0.98,4.28564376704651,270,210.0,330.0
Coffea arabica,2020-04-14,105,Media,3.584325503813914,0.98,3.5126389937376357,270,210.0,330.0
Coffea arabica,2020-04-15,106,Media,3.545881858476116,0.98,3.4749642213065934,270,210.0,330.0
Coffea arabica,2020-04-16,107,Media,4.018682157398414,0.98,3.938308514250446,270,210.0,330.0
Coffea arabica,2020-04-17,108,Media,3.628510926153942,0.98,3.555940707630863,270,210.0,330.0
Coffea arabica,2020-04-18,109,Media,2.5292477099271777,0.98,2.4786627557286343,270,210.0,330.0
Coffea arabica,2020-04-19,110,Media,3.106141700146386,0.98,3.044018866143458,270,210.0,330.0
Coffea arabica,2020-04-20,111,Media,4.188602219458617,0.98,4.104830175069445,270,210.0,330.0
Coffea arabica,2020-04-21,112,Media,2.2758441657574853,0.98,2.2303272824423357,270,210.0,330.0
Coffea arabica,2020-04-22,113,Media,3.692883234278871,0.98,3.6190255695932936,270,210.0,330.0
Coffea arabica,2020-04-23,114,Media,3.499251075606849,0.98,3.429266054094712,270,210.0,330.0
Coffea arabica,2020-04-24,115,Media,4.1174120662451,0.98,4.035063824920198,270,210.0,330.0
Coffea arabica,2020-04-25,116,Media,4.453439178810106,0.98,4.3643703952339035,270,210.0,330.0
Coffea arabica,2020-04-26,117,Media,4.286164115763466,0.98,4.200440833448196,270,210.0,330.0
Coffea arabica,2020-04-27,118,Media,4.472230207763646,0.98,4.382785603608373,270,210.0,330.0
Coffea arabica,2020-04-28,119,Media,3.962059339861744,0.98,3.882818153064509,270,210.0,330.0
Coffea arabica,2020-04-29,120,Media,3.4813790903677484,0.98,3.4117515085603936,270,210.0,330.0
Coffea arabica,2020-04-30,121,Media,3.473373451215684,0.98,3.4039059821913704,270,210.0,330.0
Coffea arabica,2020-05-01,122,Media,3.36898757341097,0.98,3.3016078219427505,270,210.0,330.0
Coffea arabica,2020-05-02,123,Media,4.087561164355641,0.98,4.005809941068528,270,210.0,330.0
Coffea arabica,2020-05-03,124,Media,3.5438216831392846,0.98,3.4729452494764987,270,210.0,330.0
Coffea arabica,2020-05-04,125,Media,3.877117985720212,0.98,3.7995756260058076,270,210.0,330.0
Coffea arabica,2020-05-05,126,Media,4.518047256638968,0.98,4.427686311506188,270,210.0,330.0
Coffea arabica,2020-05-06,127,Media,3.9931635547165225,0.98,3.913300283622192,270,210.0,330.0
Coffea arabica,2020-05-07,128,Media,3.646031641317633,0.98,3.5731110084912805,270,210.0,330.0
Coffea arabica,2020-05-08,129,Media,4.151030403010967,0.98,4.068009794950748,270,210.0,330.0
Coffea arabica,2020-05-09,130,Media,4.578543741611044,0.98,4.486972866778824,270,210.0,330.0
Coffea arabica,2020-05-10,131,Media,4.943520358379509,0.98,4.8446499512119185,270,210.0,330.0
Coffea arabica,2020-05-11,132,Media,4.18875054323294,0.98,4.1049755323682815,270,210.0,330.0
Coffea arabica,2020-05-12,133,Media,3.6334200717273735,0.98,3.560751670292826,270,210.0,330.0
Coffea arabica,2020-05-13,134,Media,3.15295206555609,0.98,3.089893024244968,270,210.0,330.0
Coffea arabica,2020-05-14,135,Media,3.547701414621863,0.98,3.476747386329426,270,210.0,330.0
Coffea arabica,2020-05-15,136,Media,3.5235746498780687,0.98,3.4531031568805073,270,210.0,330.0
Coffea arabica,2020-05-16,137,Media,4.5597498038257385,0.98,4.468554807749223,270,210.0,330.0
Coffea arabica,2020-05-17,138,Media,3.917506637235212,0.98,3.8391565044905076,270,210.0,330.0
Coffea arabica,2020-05-18,139,Media,4.218090602649549,0.98,4.133728790596558,270,210.0,330.0
Coffea arabica,2020-05-19,140,Media,3.0745576088990467,0.98,3.0130664567210657,270,210.0,330.0
Coffea arabica,2020-05-20,141,Media,4.712164018229922,0.98,4.617920737865323,270,210.0,330.0
Coffea arabica,2020-05-21,142,Media,4.686420690875111,0.98,4.592692277057608,270,210.0,330.0
Coffea arabica,2020-05-22,143,Media,3.967053533512568,0.98,3.8877124628423165,270,210.0,330.0
Coffea arabica,2020-05-23,144,Media,4.494201505171209,0.98,4.404317475067785,270,210.0,330.0
Coffea arabica,2020-05-24,145,Media,4.689247867867619,0.98,4.595462910510266,270,210.0,330.0
Coffea arabica,2020-05-25,146,Media,4.091066928184689,0.98,4.009245589620995,270,210.0,330.0
Coffea arabica,2020-05-26,147,Media,3.186003360944499,0.98,3.122283293725609,270,210.0,330.0
Coffea arabica,2020-05-27,148,Media,3.702302065571237,0.98,3.628256024259812,270,210.0,330.0
Coffea arabica,2020-05-28,149,Media,2.582445259496454,0.98,2.530796354306525,270,210.0,330.0
Coffea arabica,2020-05-29,150,Media,3.497788345538276,0.98,3.4278325786275103,270,210.0,330.0
Coffea arabica,2020-05-30,151,Media,2.818308441545778,0.98,2.7619422727148626,270,210.0,330.0
Coffea arabica,2020-05-31,152,Media,2.985771741203317,0.98,2.926056306379251,270,210.0,330.0
Coffea arabica,2020-06-01,153,Media,3.537068386054001,0.98,3.4663270183329207,270,210.0,330.0
Coffea arabica,2020-06-02,154,Media,3.5627448782775986,0.98,3.4914899807120463,270,210.0,330.0
Coffea arabica,2020-06-03,155,Media,2.8710678227681234,0.98,2.8136464663127607,270,210.0,330.0
Coffea arabica,2020-06-04,156,Media,4.344442673046112,0.98,4.25755381958519,270,210.0,330.0
Coffea arabica,2020-06-05,157,Media,3.982174882701075,0.98,3.9025313850470535,270,210.0,330.0
Coffea arabica,2020-06-06,158,Media,2.847756592877775,0.98,2.7908014610202194,270,210.0,330.0
Coffea arabica,2020-06-07,159,Media,4.234260628809445,0.98,4.149575416233256,270,210.0,330.0
Coffea arabica,2020-06-08,160,Media,4.113514901637063,0.98,4.031244603604322,270,210.0,330.0
Coffea arabica,2020-06-09,161,Media,3.914096220663248,0.98,3.835814296249983,270,210.0,330.0
Coffea arabica,2020-06-10,162,Media,2.6450130157662706,0.98,2.592112755450945,270,210.0,330.0
Coffea arabica,2020-06-11,163,Media,3.55678824486003,0.98,3.4856524799628295,270,210.0,330.0
Coffea arabica,2020-06-12,164,Media,3.2040947365224195,0.98,3.1400128417919713,270,210.0,330.0
Coffea arabica,2020-06-13,165,Media,4.023175982583667,0.98,3.942712462931994,270,210.0,330.0
Coffea arabica,2020-06-14,166,Media,3.723225135300693,0.98,3.648760632594679,270,210.0,330.0
Coffea arabica,2020-06-15,167,Media,3.285507272083842,0.98,3.219797126642165,270,210.0,330.0
Coffea arabica,2020-06-16,168,Media,3.7744037900753176,0.98,3.698915714273811,270,210.0,330.0
Coffea arabica,2020-06-17,169,Media,3.130092031945848,0.98,3.067490191306931,270,210.0,330.0
Coffea arabica,2020-06-18,170,Media,3.5160953290324697,0.98,3.44577342245182,270,210.0,330.0
Coffea arabica,2020-06-19,171,Media,4.279390435699067,0.98,4.193802626985086,270,210.0,330.0
Coffea arabica,2020-06-20,172,Media,3.542535653427564,0.98,3.4716849403590126,270,210.0,330.0
Coffea arabica,2020-06-21,173,Media,4.169141145981247,0.98,4.085758323061622,270,210.0,330.0
Coffea arabica,2020-06-22,174,Media,3.705803770424169,0.98,3.6316876950156853,270,210.0,330.0
Coffea arabica,2020-06-23,175,Media,4.213525961980972,0.98,4.129255442741353,270,210.0,330.0
Coffea arabica,2020-06-24,176,Media,4.471352096882871,0.98,4.381925054945214,270,210.0,330.0
Coffea arabica,2020-06-25,177,Media,4.645455825759037,0.98,4.552546709243856,270,210.0,330.0
Coffea arabica,2020-06-26,178,Media,3.702762876496617,0.98,3.6287076189666845,270,210.0,330.0
Coffea arabica,2020-06-27,179,Media,3.770479107930756,0.98,3.6950695257721407,270,210.0,330.0
Coffea arabica,2020-06-28,180,Media,3.108744089297385,0.98,3.0465692075114377,270,210.0,330.0
Coffea arabica,2020-06-29,181,Media,4.247809162867585,0.98,4.162852979610234,270,210.0,330.0
Coffea arabica,2020-06-30,182,Media,4.451871884625522,0.98,4.362834446933011,270,210.0,330.0
Coffea arabica,2020-07-01,183,Media,3.862345257080348,0.98,3.785098351938741,270,210.0,330.0
Coffea arabica,2020-07-02,184,Media,3.2547002494927577,0.98,3.1896062445029023,270,210.0,330.0
Coffea arabica,2020-07-03,185,Media,3.886238444089205,0.98,3.8085136752074207,270,210.0,330.0
Coffea arabica,2020-07-04,186,Media,3.441158172047357,0.98,3.37233500860641,270,210.0,330.0
Coffea arabica,2020-07-05,187,Media,3.596564615721647,0.98,3.524633323407214,270,210.0,330.0
Coffea arabica,2020-07-06,188,Media,3.584108970754471,0.98,3.5124267913393816,270,210.0,330.0
Coffea arabica,2020-07-07,189,Media,3.809417532678663,0.98,3.7332291820250894,270,210.0,330.0
Coffea arabica,2020-07-08,190,Media,3.6115233686408375,0.98,3.5392929012680208,270,210.0,330.0
Coffea arabica,2020-07-09,191,Media,4.133683990089708,0.98,4.051010310287914,270,210.0,330.0
Coffea arabica,2020-07-10,192,Media,3.656624322409555,0.98,3.5834918359613637,270,210.0,330.0
Coffea arabica,2020-07-11,193,Media,2.8328367298997463,0.98,2.776179995301751,270,210.0,330.0
Coffea arabica,2020-07-12,194,Media,3.534007528251145,0.98,3.463327377686122,270,210.0,330.0
Coffea arabica,2020-07-13,195,Media,4.386373972155323,0.98,4.2986464927122165,270,210.0,330.0
Coffea arabica,2020-07-14,196,Media,4.180500170679756,0.98,4.096890167266161,270,210.0,330.0
Coffea arabica,2020-07-15,197,Media,4.217261060215749,0.98,4.132915839011434,270,210.0,330.0
Coffea arabica,2020-07-16,198,Media,4.080699106042069,0.98,3.999085123921228,270,210.0,330.0
Coffea arabica,2020-07-17,199,Media,4.021922500955121,0.98,3.9414840509360185,270,210.0,330.0
Coffea arabica,2020-07-18,200,Media,4.03400280751389,0.98,3.9533227513636118,270,210.0,330.0
Coffea arabica,2020-07-19,201,Media,4.116768596014358,0.98,4.034433224094071,270,210.0,330.0
Coffea arabica,2020-07-20,202,Media,3.6865675008972536,0.98,3.6128361508793083,270,210.0,330.0
Coffea arabica,2020-07-21,203,Media,3.316968686489973,0.98,3.2506293127601733,270,210.0,330.0
Coffea arabica,2020-07-22,204,Media,3.4063306175298087,0.98,3.3382040051792123,270,210.0,330.0
Coffea arabica,2020-07-23,205,Media,3.754794548938984,0.98,3.6796986579602042,270,210.0,330.0
Coffea arabica,2020-07-24,206,Media,3.220432701034444,0.98,3.156024047013755,270,210.0,330.0
Coffea arabica,2020-07-25,207,Media,3.511816314303588,0.98,3.441579988017516,270,210.0,330.0
Coffea arabica,2020-07-26,208,Media,3.567641018372178,0.98,3.4962881980047342,270,210.0,330.0
Coffea arabica,2020-07-27,209,Media,3.851173942973823,0.98,3.7741504641143466,270,210.0,330.0
Coffea arabica,2020-07-28,210,Media,4.614452793530403,0.98,4.522163737659795,270,210.0,330.0
Coffea arabica,2020-07-29,211,Media,4.488012331536988,0.98,4.3982520849062485,270,210.0,330.0
Coffea arabica,2020-07-30,212,Media,3.8274155447214846,0.98,3.750867233827055,270,210.0,330.0
Coffea arabica,2020-07-31,213,Media,4.217594729336366,0.98,4.133242834749638,270,210.0,330.0
Coffea arabica,2020-08-01,214,Media,3.789040719191739,0.98,3.713259904807904,270,210.0,330.0
Coffea arabica,2020-08-02,215,Media,4.307955256533312,0.98,4.221796151402645,270,210.0,330.0
Coffea arabica,2020-08-03,216,Media,4.048378397281383,0.98,3.9674108293357557,270,210.0,330.0
Coffea arabica,2020-08-04,217,Media,3.978606360882273,0.98,3.8990342336646275,270,210.0,330.0
Coffea arabica,2020-08-05,218,Media,3.683343256608352,0.98,3.609676391476185,270,210.0,330.0
Coffea arabica,2020-08-06,219,Media,3.469972064823868,0.98,3.4005726235273905,270,210.0,330.0
Coffea arabica,2020-08-07,220,Media,4.006777777810751,0.98,3.9266422222545363,270,210.0,330.0
Coffea arabica,2020-08-08,221,Media,4.247163864125888,0.98,4.16222058684337,270,210.0,330.0
Coffea arabica,2020-08-09,222,Media,3.5865878581047883,0.98,3.5148561009426924,270,210.0,330.0
Coffea arabica,2020-08-10,223,Media,4.058857587238752,0.98,3.9776804354939763,270,210.0,330.0
Coffea arabica,2020-08-11,224,Media,3.811010266599204,0.98,3.73479006126722,270,210.0,330.0
Coffea arabica,2020-08-12,225,Media,4.236369056357191,0.98,4.151641675230047,270,210.0,330.0
Coffea arabica,2020-08-13,226,Media,4.078836513473983,0.98,3.9972597832045036,270,210.0,330.0
Coffea arabica,2020-08-14,227,Media,3.693680845482832,0.98,3.6198072285731753,270,210.0,330.0
Coffea arabica,2020-08-15,228,Media,3.6697513379189233,0.98,3.5963563111605445,270,210.0,330.0
Coffea arabica,2020-08-16,229,Media,3.866739701613336,0.98,3.789404907581069,270,210.0,330.0
Coffea arabica,2020-08-17,230,Media,2.9696602371300824,0.98,2.910267032387481,270,210.0,330.0
Coffea arabica,2020-08-18,231,Final,3.4011071353313844,0.98,3.3330849926247565,270,210.0,330.0
Coffea arabica,2020-08-19,232,Final,2.972362938932547,0.9797435897435898,2.9121535358105803,270,210.0,330.0
Coffea arabica,2020-08-20,233,Final,3.4926959280361967,0.9794871794871794,3.421050883358531,270,210.0,330.0
Coffea arabica,2020-08-21,234,Final,3.344462245472686,0.9792307692307692,3.275000337297484,270,210.0,330.0
Coffea arabica,2020-08-22,235,Final,3.401675954214022,0.9789743589743589,3.330153536715163,270,210.0,330.0
Coffea arabica,2020-08-23,236,Final,2.763013432473396,0.9787179487179487,2.704210838910501,270,210.0,330.0
Coffea arabica,2020-08-24,237,Final,3.7764439001039616,0.9784615384615385,3.6951051084094146,270,210.0,330.0
Coffea arabica,2020-08-25,238,Final,3.421240103114977,0.9782051282051282,3.346674613688112,270,210.0,330.0
Coffea arabica,2020-08-26,239,Final,3.2697636920101525,0.977948717948718,3.1976612105965954,270,210.0,330.0
Coffea arabica,2020-08-27,240,Final,4.07901168292553,0.9776923076923076,3.988018345383345,270,210.0,330.0
Coffea arabica,2020-08-28,241,Final,4.479054684173853,0.9774358974358974,4.377988834889931,270,210.0,330.0
Coffea arabica,2020-08-29,242,Final,4.459200074069646,0.9771794871794871,4.357438841610107,270,210.0,330.0
Coffea arabica,2020-08-30,243,Final,3.631992479329018,0.9769230769230769,3.548177268267579,270,210.0,330.0
Coffea arabica,2020-08-31,244,Final,3.4904106280938936,0.9766666666666667,3.4089677134383694,270,210.0,330.0
Coffea arabica,2020-09-01,245,Final,3.9679063737223887,0.9764102564102564,3.8743044797781683,270,210.0,330.0
Coffea arabica,2020-09-02,246,Final,2.8322690513345354,0.9761538461538461,2.7647303278027118,270,210.0,330.0
Coffea arabica,2020-09-03,247,Final,3.9555150300472537,0.9758974358974358,3.8601769754768838,270,210.0,330.0
Coffea arabica,2020-09-04,248,Final,3.8475058242000615,0.9756410256410256,3.7537845284823677,270,210.0,330.0
Coffea arabica,2020-09-05,249,Final,4.552311058786799,0.9753846153846154,4.440254171185893,270,210.0,330.0
Coffea arabica,2020-09-06,250,Final,3.74908417356018,0.9751282051282051,3.6558377210382984,270,210.0,330.0
Coffea arabica,2020-09-07,251,Final,3.65504017615503,0.9748717948717949,3.5631955768567756,270,210.0,330.0
Coffea arabica,2020-09-08,252,Final,2.800050220726518,0.9746153846153846,2.7289720228157677,270,210.0,330.0
Coffea arabica,2020-09-09,253,Final,3.353704830274756,0.9743589743589743,3.2677123987292496,270,210.0,330.0
Coffea arabica,2020-09-10,254,Final,4.06633636662925,0.9741025641025641,3.9610286812370568,270,210.0,330.0
Coffea arabica,2020-09-11,255,Final,3.749331472892957,0.9738461538461538,3.651272034371141,270,210.0,330.0
Coffea arabica,2020-09-12,256,Final,3.084947841979496,0.9735897435897436,3.00347357846055,270,210.0,330.0
Coffea arabica,2020-09-13,257,Final,3.914007650307738,0.9733333333333333,3.809634112966198,270,210.0,330.0
Coffea arabica,2020-09-14,258,Final,4.455047048925534,0.9730769230769231,4.335103474531385,270,210.0,330.0
Coffea arabica,2020-09-15,259,Final,3.824692734978629,0.9728205128205129,3.7207395478227996,270,210.0,330.0
Coffea arabica,2020-09-16,260,Final,4.042575304183319,0.9725641025641025,3.931663622760853,270,210.0,330.0
Coffea arabica,2020-09-17,261,Final,3.5924067821994794,0.9723076923076923,3.4929247482308785,270,210.0,330.0
Coffea arabica,2020-09-18,262,Final,3.43529005059044,0.972051282051282,3.3392780978944505,270,210.0,330.0
Coffea arabica,2020-09-19,263,Final,3.7946044026320016,0.9717948717948718,3.687577098968022,270,210.0,330.0
Coffea arabica,2020-09-20,264,Final,3.248266332200933,0.9715384615384615,3.1558156750536757,270,210.0,330.0
Coffea arabica,2020-09-21,265,Final,3.992279771234903,0.9712820512820513,3.877629685496875,270,210.0,330.0
Coffea arabica,2020-09-22,266,Final,4.562787094827231,0.971025641025641,4.430583263618134,270,210.0,330.0
Coffea arabica,2020-09-23,267,Final,3.816857021701892,0.9707692307692307,3.7052873549136827,270,210.0,330.0
Coffea arabica,2020-09-24,268,Final,3.8677984715750666,0.9705128205128205,3.7537480038234943,270,210.0,330.0
Coffea arabica,2020-09-25,269,Final,4.212374008387043,0.9702564102564102,4.087082884035017,270,210.0,330.0
Coffea arabica,2020-09-26,270,Final,3.698207787169113,0.97,3.5872615535540398,270,210.0,330.0
Lycopersicon esculentum,2020-01-01,1,Inicial,3.0342546341829326,0.6,1.8205527805097594,110,70.0,150.0
Lycopersicon esculentum,2020-01-02,2,Inicial,3.843924143324504,0.6,2.3063544859947025,110,70.0,150.0
Lycopersicon esculentum,2020-01-03,3,Inicial,3.942666111588288,0.6,2.365599666952973,110,70.0,150.0
Lycopersicon esculentum,2020-01-04,4,Inicial,3.953382104472361,0.6,2.3720292626834163,110,70.0,150.0
Lycopersicon esculentum,2020-01-05,5,Inicial,3.449275434365756,0.6,2.0695652606194535,110,70.0,150.0
Lycopersicon esculentum,2020-01-06,6,Inicial,3.563599805963903,0.6,2.138159883578342,110,70.0,150.0
Lycopersicon esculentum,2020-01-07,7,Inicial,3.940431573366844,0.6,2.3642589440201065,110,70.0,150.0
Lycopersicon esculentum,2020-01-08,8,Inicial,3.8625201821577457,0.6,2.3175121092946473,110,70.0,150.0
Lycopersicon esculentum,2020-01-09,9,Inicial,4.3971423787146,0.6,2.6382854272287597,110,70.0,150.0
Lycopersicon esculentum,2020-01-10,10,Inicial,4.417660163355734,0.6,2.65059609801344,110,70.0,150.0
Lycopersicon esculentum,2020-01-11,11,Inicial,4.119383514388907,0.6,2.471630108633344,110,70.0,150.0
Lycopersicon esculentum,2020-01-12,12,Desarrollo,4.320726771844242,0.6,2.5924360631065455,110,70.0,150.0
Lycopersicon esculentum,2020-01-13,13,Desarrollo,4.46962619570819,0.6261904761904762,2.798837355883938,110,70.0,150.0
Lycopersicon esculentum,2020-01-14,14,Desarrollo,4.202181826835727,0.6523809523809524,2.7414233822690224,110,70.0,150.0
Lycopersicon esculentum,2020-01-15,15,Desarrollo,3.8196816035734087,0.6785714285714285,2.5919268024248128,110,70.0,150.0
Lycopersicon esculentum,2020-01-16,16,Desarrollo,4.072625467248526,0.7047619047619047,2.870231281679913,110,70.0,150.0
Lycopersicon esculentum,2020-01-17,17,Desarrollo,4.428315338591565,0.7309523809523809,3.2368876403514535,110,70.0,150.0
Lycopersicon esculentum,2020-01-18,18,Desarrollo,4.182959840843289,0.7571428571428571,3.1670981652099184,110,70.0,150.0
Lycopersicon esculentum,2020-01-19,19,Desarrollo,3.7510453443257994,0.7833333333333332,2.938318853055209,110,70.0,150.0
Lycopersicon esculentum,2020-01-20,20,Desarrollo,2.8590507888805274,0.8095238095238094,2.314469686236617,110,70.0,150.0
Lycopersicon esculentum,2020-01-21,21,Desarrollo,3.201405185829242,0.8357142857142856,2.6754600481572948,110,70.0,150.0
Lycopersicon esculentum,2020-01-22,22,Desarrollo,2.0978392306450253,0.8619047619047618,1.8081376226035693,110,70.0,150.0
Lycopersicon esculentum,2020-01-23,23,Desarrollo,2.86935264275105,0.888095238095238,2.548258418443194,110,70.0,150.0
Lycopersicon esculentum,2020-01-24,24,Desarrollo,2.7165122939031123,0.9142857142857141,2.483668382997131,110,70.0,150.0
Lycopersicon esculentum,2020-01-25,25,Desarrollo,3.252189578631824,0.9404761904761905,3.0586068656180245,110,70.0,150.0
Lycopersicon esculentum,2020-01-26,26,Desarrollo,3.176908260350611,0.9666666666666666,3.0710113183389236,110,70.0,150.0
Lycopersicon esculentum,2020-01-27,27,Desarrollo,3.261876815512251,0.9928571428571428,3.238577695401449,110,70.0,150.0
Lycopersicon esculentum,2020-01-28,28,Desarrollo,3.3234002934852103,1.019047619047619,3.3867031562182617,110,70.0,150.0
Lycopersicon esculentum,2020-01-29,29,Desarrollo,3.5109783751083112,1.045238095238095,3.6698083492203533,110,70.0,150.0
Lycopersicon esculentum,2020-01-30,30,Desarrollo,3.624390921822767,1.0714285714285714,3.8832759876672505,110,70.0,150.0
Lycopersicon esculentum,2020-01-31,31,Desarrollo,3.7499258762001375,1.0976190476190475,4.115990068876817,110,70.0,150.0
Lycopersicon esculentum,2020-02-01,32,Desarrollo,4.005641030618579,1.1238095238095238,4.501577539171355,110,70.0,150.0
Lycopersicon esculentum,2020-02-02,33,Desarrollo,3.342744914421249,1.15,3.844156651584436,110,70.0,150.0
Lycopersicon esculentum,2020-02-03,34,Media,4.262069812545409,1.15,4.90138028442722,110,70.0,150.0
Lycopersicon esculentum,2020-02-04,35,Media,4.600488188004019,1.15,5.290561416204621,110,70.0,150.0
Lycopersicon esculentum,2020-02-05,36,Media,4.785203296887103,1.15,5.502983791420169,110,70.0,150.0
Lycopersicon esculentum,2020-02-06,37,Media,4.726954046422917,1.15,5.435997153386355,110,70.0,150.0
Lycopersicon esculentum,2020-02-07,38,Media,4.611074460499368,1.15,5.302735629574273,110,70.0,150.0
Lycopersicon esculentum,2020-02-08,39,Media,4.363212675069524,1.15,5.017694576329952,110,70.0,150.0
Lycopersicon esculentum,2020-02-09,40,Media,4.463675256830085,1.15,5.133226545354597,110,70.0,150.0
Lycopersicon esculentum,2020-02-10,41,Media,4.916313507089217,1.15,5.6537605331525995,110,70.0,150.0
Lycopersicon esculentum,2020-02-11,42,Media,4.850507563693527,1.15,5.578083698247555,110,70.0,150.0
Lycopersicon esculentum,2020-02-12,43,Media,4.643046818547143,1.15,5.339503841329214,110,70.0,150.0
Lycopersicon esculentum,2020-02-13,44,Media,4.611961074754263,1.15,5.303755235967402,110,70.0,150.0
Lycopersicon esculentum,2020-02-14,45,Media,4.220991192010182,1.15,4.854139870811709,110,70.0,150.0
Lycopersicon esculentum,2020-02-15,46,Media,4.819264668310588,1.15,5.542154368557176,110,70.0,150.0
Lycopersicon esculentum,2020-02-16,47,Media,4.844640100563613,1.15,5.571336115648154,110,70.0,150.0
Lycopersicon esculentum,2020-02-17,48,Media,5.376526757040151,1.15,6.183005770596173,110,70.0,150.0
Lycopersicon esculentum,2020-02-18,49,Media,5.178844575293617,1.15,5.955671261587659,110,70.0,150.0
Lycopersicon esculentum,2020-02-19,50,Media,4.97394182882615,1.15,5.7200331031500715,110,70.0,150.0
Lycopersicon esculentum,2020-02-20,51,Media,4.4228780588489744,1.15,5.08630976767632,110,70.0,150.0
Lycopersicon esculentum,2020-02-21,52,Media,3.7959889635131434,1.15,4.365387308040114,110,70.0,150.0
Lycopersicon esculentum,2020-02-22,53,Media,3.3072428726010794,1.15,3.803329303491241,110,70.0,150.0
Lycopersicon esculentum,2020-02-23,54,Media,3.229804886467766,1.15,3.7142756194379305,110,70.0,150.0
Lycopersicon esculentum,2020-02-24,55,Media,3.5209327544783124,1.15,4.049072667650059,110,70.0,150.0
Lycopersicon esculentum,2020-02-25,56,Media,4.00984640904958,1.15,4.611323370407016,110,70.0,150.0
Lycopersicon esculentum,2020-02-26,57,Media,3.785523855621973,1.15,4.353352433965268,110,70.0,150.0
Lycopersicon esculentum,2020-02-27,58,Media,3.726136241618912,1.15,4.285056677861748,110,70.0,150.0
Lycopersicon esculentum,2020-02-28,59,Media,3.887218638837831,1.15,4.470301434663505,110,70.0,150.0
Lycopersicon esculentum,2020-02-29,60,Media,4.280862800027337,1.15,4.922992220031437,110,70.0,150.0
Lycopersicon esculentum,2020-03-01,61,Media,4.332175320636316,1.15,4.982001618731763,110,70.0,150.0
Lycopersicon esculentum,2020-03-02,62,Media,4.272763868408447,1.15,4.913678448669714,110,70.0,150.0
Lycopersicon esculentum,2020-03-03,63,Media,4.319383879703837,1.15,4.967291461659412,110,70.0,150.0
Lycopersicon esculentum,2020-03-04,64,Media,4.598482138959539,1.15,5.288254459803469,110,70.0,150.0
Lycopersicon esculentum,2020-03-05,65,Media,4.867352694470461,1.15,5.59745559864103,110,70.0,150.0
Lycopersicon esculentum,2020-03-06,66,Media,5.020250443413572,1.15,5.773288009925608,110,70.0,150.0
Lycopersicon esculentum,2020-03-07,67,Media,4.162574327111929,1.15,4.7869604761787174,110,70.0,150.0
Lycopersicon esculentum,2020-03-08,68,Media,3.318742993196773,1.15,3.816554442176289,110,70.0,150.0
Lycopersicon esculentum,2020-03-09,69,Media,3.657894654052344,1.15,4.206578852160195,110,70.0,150.0
Lycopersicon esculentum,2020-03-10,70,Media,3.654990455686266,1.15,4.203239024039205,110,70.0,150.0
Lycopersicon esculentum,2020-03-11,71,Media,2.9160716717048847,1.15,3.3534824224606172,110,70.0,150.0
Lycopersicon esculentum,2020-03-12,72,Media,3.0391543127164624,1.15,3.4950274596239317,110,70.0,150.0
Lycopersicon esculentum,2020-03-13,73,Media,2.751291900187232,1.15,3.1639856852153168,110,70.0,150.0
Lycopersicon esculentum,2020-03-14,74,Media,3.0954818724373707,1.15,3.559804153302976,110,70.0,150.0
Lycopersicon esculentum,2020-03-15,75,Media,3.6859685912977582,1.15,4.238863879992421,110,70.0,150.0
Lycopersicon esculentum,2020-03-16,76,Media,4.072028414846871,1.15,4.682832677073901,110,70.0,150.0
Lycopersicon esculentum,2020-03-17,77,Media,4.244282104652327,1.15,4.880924420350175,110,70.0,150.0
Lycopersicon esculentum,2020-03-18,78,Media,4.072709990618711,1.15,4.683616489211517,110,70.0,150.0
Lycopersicon esculentum,2020-03-19,79,Media,4.33804741907124,1.15,4.988754531931926,110,70.0,150.0
Lycopersicon esculentum,2020-03-20,80,Media,2.8463327492466517,1.15,3.2732826616336492,110,70.0,150.0
Lycopersicon esculentum,2020-03-21,81,Media,3.587378486128173,1.15,4.125485259047399,110,70.0,150.0
Lycopersicon esculentum,2020-03-22,82,Media,4.23600731526691,1.15,4.871408412556947,110,70.0,150.0
Lycopersicon esculentum,2020-03-23,83,Media,4.140786645454341,1.15,4.7619046422724916,110,70.0,150.0
Lycopersicon esculentum,2020-03-24,84,Media,3.5213580655362957,1.15,4.0495617753667394,110,70.0,150.0
Lycopersicon esculentum,2020-03-25,85,Media,3.785817309238655,1.15,4.353689905624453,110,70.0,150.0
Lycopersicon esculentum,2020-03-26,86,Media,4.094974473083258,1.15,4.709220644045746,110,70.0,150.0
Lycopersicon esculentum,2020-03-27,87,Media,4.064922203853836,1.15,4.674660534431911,110,70.0,150.0
Lycopersicon esculentum,2020-03-28,88,Media,4.481964011361124,1.15,5.154258613065292,110,70.0,150.0
Lycopersicon esculentum,2020-03-29,89,Media,4.580194076436374,1.15,5.26722318790183,110,70.0,150.0
Lycopersicon esculentum,2020-03-30,90,Media,4.261282578646624,1.15,4.9004749654436175,110,70.0,150.0
Lycopersicon esculentum,2020-03-31,91,Media,3.111587522642977,1.15,3.5783256510394232,110,70.0,150.0
Lycopersicon esculentum,2020-04-01,92,Media,2.560732338953428,1.15,2.9448421897964416,110,70.0,150.0
Lycopersicon esculentum,2020-04-02,93,Media,3.250500510178696,1.15,3.7380755867055,110,70.0,150.0
Lycopersicon esculentum,2020-04-03,94,Media,3.546318729112706,1.15,4.078266538479611,110,70.0,150.0
Lycopersicon esculentum,2020-04-04,95,Final,3.1983273965019574,1.15,3.6780765059772507,110,70.0,150.0
Lycopersicon esculentum,2020-04-05,96,Final,3.6519882567088144,1.1266666666666665,4.114573435891931,110,70.0,150.0
Lycopersicon esculentum,2020-04-06,97,Final,2.34079121882631,1.1033333333333333,2.582672978105028,110,70.0,150.0
Lycopersicon esculentum,2020-04-07,98,Final,3.706320231953816,1.0799999999999998,4.002825850510121,110,70.0,150.0
Lycopersicon esculentum,2020-04-08,99,Final,3.9741211244483456,1.0566666666666666,4.199321321500419,110,70.0,150.0
Lycopersicon esculentum,2020-04-09,100,Final,3.3720996276545567,1.0333333333333332,3.4845029485763748,110,70.0,150.0
Lycopersicon esculentum,2020-04-10,101,Final,3.783515554685143,1.01,3.821350710231995,110,70.0,150.0
Lycopersicon esculentum,2020-04-11,102,Final,3.403942726356705,0.9866666666666666,3.358556823338615,110,70.0,150.0
Lycopersicon esculentum,2020-04-12,103,Final,4.288764119370986,0.9633333333333334,4.13150943499405,110,70.0,150.0
Lycopersicon esculentum,2020-04-13,104,Final,4.373105884741337,0.94,4.110719531656857,110,70.0,150.0
Lycopersicon esculentum,2020-04-14,105,Final,3.584325503813914,0.9166666666666667,3.285631711829421,110,70.0,150.0
Lycopersicon esculentum,2020-04-15,106,Final,3.545881858476116,0.8933333333333333,3.1676544602386634,110,70.0,150.0
Lycopersicon esculentum,2020-04-16,107,Final,4.018682157398414,0.87,3.4962534769366207,110,70.0,150.0
Lycopersicon esculentum,2020-04-17,108,Final,3.628510926153942,0.8466666666666667,3.0721392508103373,110,70.0,150.0
Lycopersicon esculentum,2020-04-18,109,Final,2.5292477099271777,0.8233333333333334,2.082413947840043,110,70.0,150.0
Lycopersicon esculentum,2020-04-19,110,Final,3.106141700146386,0.8,2.4849133601171087,110,70.0,150.0
Manihot esculenta,2020-01-01,1,Inicial,3.0342546341829326,0.3,0.9102763902548797,272,180.0,365.0
Manihot esculenta,2020-01-02,2,Inicial,3.843924143324504,0.3,1.1531772429973512,272,180.0,365.0
Manihot esculenta,2020-01-03,3,Inicial,3.942666111588288,0.3,1.1827998334764864,272,180.0,365.0
Manihot esculenta,2020-01-04,4,Inicial,3.953382104472361,0.3,1.1860146313417081,272,180.0,365.0
Manihot esculenta,2020-01-05,5,Inicial,3.449275434365756,0.3,1.0347826303097267,272,180.0,365.0
Manihot esculenta,2020-01-06,6,Inicial,3.563599805963903,0.3,1.069079941789171,272,180.0,365.0
Manihot esculenta,2020-01-07,7,Inicial,3.940431573366844,0.3,1.1821294720100533,272,180.0,365.0
Manihot esculenta,2020-01-08,8,Inicial,3.8625201821577457,0.3,1.1587560546473237,272,180.0,365.0
Manihot esculenta,2020-01-09,9,Inicial,4.3971423787146,0.3,1.3191427136143798,272,180.0,365.0
Manihot esculenta,2020-01-10,10,Inicial,4.417660163355734,0.3,1.32529804900672,272,180.0,365.0
Manihot esculenta,2020-01-11,11,Inicial,4.119383514388907,0.3,1.235815054316672,272,180.0,365.0
Manihot esculenta,2020-01-12,12,Inicial,4.320726771844242,0.3,1.2962180315532728,272,180.0,365.0
Manihot esculenta,2020-01-13,13,Inicial,4.46962619570819,0.3,1.3408878587124569,272,180.0,365.0
Manihot esculenta,2020-01-14,14,Inicial,4.202181826835727,0.3,1.260654548050718,272,180.0,365.0
Manihot esculenta,2020-01-15,15,Inicial,3.8196816035734087,0.3,1.1459044810720225,272,180.0,365.0
Manihot esculenta,2020-01-16,16,Inicial,4.072625467248526,0.3,1.2217876401745575,272,180.0,365.0
Manihot esculenta,2020-01-17,17,Inicial,4.428315338591565,0.3,1.3284946015774695,272,180.0,365.0
Manihot esculenta,2020-01-18,18,Inicial,4.182959840843289,0.3,1.2548879522529865,272,180.0,365.0
Manihot esculenta,2020-01-19,19,Inicial,3.7510453443257994,0.3,1.1253136032977398,272,180.0,365.0
Manihot esculenta,2020-01-20,20,Inicial,2.8590507888805274,0.3,0.8577152366641582,272,180.0,365.0
Manihot esculenta,2020-01-21,21,Inicial,3.201405185829242,0.3,0.9604215557487725,272,180.0,365.0
Manihot esculenta,2020-01-22,22,Inicial,2.0978392306450253,0.3,0.6293517691935075,272,180.0,365.0
Manihot esculenta,2020-01-23,23,Inicial,2.86935264275105,0.3,0.8608057928253149,272,180.0,365.0
Manihot esculenta,2020-01-24,24,Inicial,2.7165122939031123,0.3,0.8149536881709337,272,180.0,365.0
Manihot esculenta,2020-01-25,25,Inicial,3.252189578631824,0.3,0.9756568735895471,272,180.0,365.0
Manihot esculenta,2020-01-26,26,Inicial,3.176908260350611,0.3,0.9530724781051833,272,180.0,365.0
Manihot esculenta,2020-01-27,27,Inicial,3.261876815512251,0.3,0.9785630446536753,272,180.0,365.0
Manihot esculenta,2020-01-28,28,Desarrollo,3.3234002934852103,0.3,0.9970200880455631,272,180.0,365.0
Manihot esculenta,2020-01-29,29,Desarrollo,3.5109783751083112,0.3150943396226415,1.1062894125341283,272,180.0,365.0
Manihot esculenta,2020-01-30,30,Desarrollo,3.624390921822767,0.330188679245283,1.196732851545253,272,180.0,365.0
Manihot esculenta,2020-01-31,31,Desarrollo,3.7499258762001375,0.3452830188679245,1.2947857270653305,272,180.0,365.0
Manihot esculenta,2020-02-01,32,Desarrollo,4.005641030618579,0.360377358490566,1.4435423336757518,272,180.0,365.0
Manihot esculenta,2020-02-02,33,Desarrollo,3.342744914421249,0.3754716981132076,1.255106109377035,272,180.0,365.0
Manihot esculenta,2020-02-03,34,Desarrollo,4.262069812545409,0.3905660377358491,1.6646197192394334,272,180.0,365.0
Manihot esculenta,2020-02-04,35,Desarrollo,4.600488188004019,0.4056603773584906,1.8662357743789888,272,180.0,365.0
Manihot esculenta,2020-02-05,36,Desarrollo,4.785203296887103,0.4207547169811321,2.0133968588789135,272,180.0,365.0
Manihot esculenta,2020-02-06,37,Desarrollo,4.726954046422917,0.4358490566037736,2.0602384617428187,272,180.0,365.0
Manihot esculenta,2020-02-07,38,Desarrollo,4.611074460499368,0.4509433962264151,2.0793335774704698,272,180.0,365.0
Manihot esculenta,2020-02-08,39,Desarrollo,4.363212675069524,0.4660377358490566,2.0334217561173062,272,180.0,365.0
Manihot esculenta,2020-02-09,40,Desarrollo,4.463675256830085,0.4811320754716981,2.147617340550324,272,180.0,365.0
Manihot esculenta,2020-02-10,41,Desarrollo,4.916313507089217,0.4962264150943396,2.4396046271027627,272,180.0,365.0
Manihot esculenta,2020-02-11,42,Desarrollo,4.850507563693527,0.5113207547169811,2.4801651882281996,272,180.0,365.0
Manihot esculenta,2020-02-12,43,Desarrollo,4.643046818547143,0.5264150943396226,2.444169929008779,272,180.0,365.0
Manihot esculenta,2020-02-13,44,Desarrollo,4.611961074754263,0.5415094339622641,2.4974204310461765,272,180.0,365.0
Manihot esculenta,2020-02-14,45,Desarrollo,4.220991192010182,0.5566037735849056,2.349419625741516,272,180.0,365.0
Manihot esculenta,2020-02-15,46,Desarrollo,4.819264668310588,0.5716981132075472,2.7551645179209587,272,180.0,365.0
Manihot esculenta,2020-02-16,47,Desarrollo,4.844640100563613,0.5867924528301887,2.842798247689214,272,180.0,365.0
Manihot esculenta,2020-02-17,48,Desarrollo,5.376526757040151,0.6018867924528302,3.2360604443317134,272,180.0,365.0
Manihot esculenta,2020-02-18,49,Desarrollo,5.178844575293617,0.6169811320754717,3.195249388907571,272,180.0,365.0
Manihot esculenta,2020-02-19,50,Desarrollo,4.97394182882615,0.6320754716981132,3.1439066276542644,272,180.0,365.0
Manihot esculenta,2020-02-20,51,Desarrollo,4.4228780588489744,0.6471698113207547,2.8623531588399964,272,180.0,365.0
Manihot esculenta,2020-02-21,52,Desarrollo,3.7959889635131434,0.6622641509433962,2.5139474079115343,272,180.0,365.0
Manihot esculenta,2020-02-22,53,Desarrollo,3.3072428726010794,0.6773584905660377,2.2401890401203537,272,180.0,365.0
Manihot esculenta,2020-02-23,54,Desarrollo,3.229804886467766,0.6924528301886792,2.2364875345918303,272,180.0,365.0
Manihot esculenta,2020-02-24,55,Desarrollo,3.5209327544783124,0.7075471698113207,2.491226005527108,272,180.0,365.0
Manihot esculenta,2020-02-25,56,Desarrollo,4.00984640904958,0.7226415094339622,2.8976814616339412,272,180.0,365.0
Manihot esculenta,2020-02-26,57,Desarrollo,3.785523855621973,0.7377358490566037,2.7927166557513043,272,180.0,365.0
Manihot esculenta,2020-02-27,58,Desarrollo,3.726136241618912,0.7528301886792452,2.8051478498225393,272,180.0,365.0
Manihot esculenta,2020-02-28,59,Desarrollo,3.887218638837831,0.7679245283018867,2.9850905396358436,272,180.0,365.0
Manihot esculenta,2020-02-29,60,Desarrollo,4.280862800027337,0.7830188679245282,3.3519963434176314,272,180.0,365.0
Manihot esculenta,2020-03-01,61,Desarrollo,4.332175320636316,0.7981132075471697,3.4575663408097386,272,180.0,365.0
Manihot esculenta,2020-03-02,62,Desarrollo,4.272763868408447,0.8132075471698113,3.474643825064227,272,180.0,365.0
Manihot esculenta,2020-03-03,63,Desarrollo,4.319383879703837,0.8283018867924528,3.577753817339593,272,180.0,365.0
Manihot esculenta,2020-03-04,64,Desarrollo,4.598482138959539,0.8433962264150943,3.878342483235686,272,180.0,365.0
Manihot esculenta,2020-03-05,65,Desarrollo,4.867352694470461,0.8584905660377358,4.178576369781244,272,180.0,365.0
Manihot esculenta,2020-03-06,66,Desarrollo,5.020250443413572,0.8735849056603773,4.385615010000913,272,180.0,365.0
Manihot esculenta,2020-03-07,67,Desarrollo,4.162574327111929,0.8886792452830188,3.6991934114522986,272,180.0,365.0
Manihot esculenta,2020-03-08,68,Desarrollo,3.318742993196773,0.9037735849056605,2.99939225234199,272,180.0,365.0
Manihot esculenta,2020-03-09,69,Desarrollo,3.657894654052344,0.918867924528302,3.3611220689122487,272,180.0,365.0
Manihot esculenta,2020-03-10,70,Desarrollo,3.654990455686266,0.9339622641509435,3.4136231614428336,272,180.0,365.0
Manihot esculenta,2020-03-11,71,Desarrollo,2.9160716717048847,0.949056603773585,2.7675170771085984,272,180.0,365.0
Manihot esculenta,2020-03-12,72,Desarrollo,3.0391543127164624,0.9641509433962265,2.9302034977322875,272,180.0,365.0
Manihot esculenta,2020-03-13,73,Desarrollo,2.751291900187232,0.979245283018868,2.694189615466365,272,180.0,365.0
Manihot esculenta,2020-03-14,74,Desarrollo,3.0954818724373707,0.9943396226415095,3.0779602769330086,272,180.0,365.0
Manihot esculenta,2020-03-15,75,Desarrollo,3.6859685912977582,1.009433962264151,3.7207418798949075,272,180.0,365.0
Manihot esculenta,2020-03-16,76,Desarrollo,4.072028414846871,1.0245283018867926,4.171908357097832,272,180.0,365.0
Manihot esculenta,2020-03-17,77,Desarrollo,4.244282104652327,1.039622641509434,4.412451772949872,272,180.0,365.0
Manihot esculenta,2020-03-18,78,Desarrollo,4.072709990618711,1.0547169811320756,4.2955563863318105,272,180.0,365.0
Manihot esculenta,2020-03-19,79,Desarrollo,4.33804741907124,1.069811320754717,4.640892238893195,272,180.0,365.0
Manihot esculenta,2020-03-20,80,Desarrollo,2.8463327492466517,1.0849056603773586,3.0880025109751412,272,180.0,365.0
Manihot esculenta,2020-03-21,81,Desarrollo,3.587378486128173,1.1,3.9461163347409904,272,180.0,365.0
Manihot esculenta,2020-03-22,82,Media,4.23600731526691,1.1,4.659608046793601,272,180.0,365.0
Manihot esculenta,2020-03-23,83,Media,4.140786645454341,1.1,4.554865309999776,272,180.0,365.0
Manihot esculenta,2020-03-24,84,Media,3.5213580655362957,1.1,3.8734938720899255,272,180.0,365.0
Manihot esculenta,2020-03-25,85,Media,3.785817309238655,1.1,4.164399040162521,272,180.0,365.0
Manihot esculenta,2020-03-26,86,Media,4.094974473083258,1.1,4.504471920391584,272,180.0,365.0
Manihot esculenta,2020-03-27,87,Media,4.064922203853836,1.1,4.47141442423922,272,180.0,365.0
Manihot esculenta,2020-03-28,88,Media,4.481964011361124,1.1,4.930160412497237,272,180.0,365.0
Manihot esculenta,2020-03-29,89,Media,4.580194076436374,1.1,5.038213484080012,272,180.0,365.0
Manihot esculenta,2020-03-30,90,Media,4.261282578646624,1.1,4.687410836511288,272,180.0,365.0
Manihot esculenta,2020-03-31,91,Media,3.111587522642977,1.1,3.422746274907275,272,180.0,365.0
Manihot esculenta,2020-04-01,92,Media,2.560732338953428,1.1,2.8168055728487706,272,180.0,365.0
Manihot esculenta,2020-04-02,93,Media,3.250500510178696,1.1,3.575550561196566,272,180.0,365.0
Manihot esculenta,2020-04-03,94,Media,3.546318729112706,1.1,3.900950602023977,272,180.0,365.0
Manihot esculenta,2020-04-04,95,Media,3.1983273965019574,1.1,3.5181601361521535,272,180.0,365.0
Manihot esculenta,2020-04-05,96,Media,3.6519882567088144,1.1,4.017187082379696,272,180.0,365.0
Manihot esculenta,2020-04-06,97,Media,2.34079121882631,1.1,2.574870340708941,272,180.0,365.0
Manihot esculenta,2020-04-07,98,Media,3.706320231953816,1.1,4.076952255149198,272,180.0,365.0
Manihot esculenta,2020-04-08,99,Media,3.9741211244483456,1.1,4.371533236893181,272,180.0,365.0
Manihot esculenta,2020-04-09,100,Media,3.3720996276545567,1.1,3.7093095904200126,272,180.0,365.0
Manihot esculenta,2020-04-10,101,Media,3.783515554685143,1.1,4.161867110153658,272,180.0,365.0
Manihot esculenta,2020-04-11,102,Media,3.403942726356705,1.1,3.7443369989923756,272,180.0,365.0
Manihot esculenta,2020-04-12,103,Media,4.288764119370986,1.1,4.717640531308085,272,180.0,365.0
Manihot esculenta,2020-04-13,104,Media,4.373105884741337,1.1,4.810416473215471,272,180.0,365.0
Manihot esculenta,2020-04-14,105,Media,3.584325503813914,1.1,3.9427580541953056,272,180.0,365.0
Manihot esculenta,2020-04-15,106,Media,3.545881858476116,1.1,3.900470044323728,272,180.0,365.0
Manihot esculenta,2020-04-16,107,Media,4.018682157398414,1.1,4.420550373138256,272,180.0,365.0
Manihot esculenta,2020-04-17,108,Media,3.628510926153942,1.1,3.9913620187693364,272,180.0,365.0
Manihot esculenta,2020-04-18,109,Media,2.5292477099271777,1.1,2.7821724809198956,272,180.0,365.0
Manihot esculenta,2020-04-19,110,Media,3.106141700146386,1.1,3.4167558701610248,272,180.0,365.0
Manihot esculenta,2020-04-20,111,Media,4.188602219458617,1.1,4.607462441404479,272,180.0,365.0
Manihot esculenta,2020-04-21,112,Media,2.2758441657574853,1.1,2.503428582333234,272,180.0,365.0
Manihot esculenta,2020-04-22,113,Media,3.692883234278871,1.1,4.062171557706758,272,180.0,365.0
Manihot esculenta,2020-04-23,114,Media,3.499251075606849,1.1,3.849176183167534,272,180.0,365.0
Manihot esculenta,2020-04-24,115,Media,4.1174120662451,1.1,4.5291532728696104,272,180.0,365.0
Manihot esculenta,2020-04-25,116,Media,4.453439178810106,1.1,4.898783096691116,272,180.0,365.0
Manihot esculenta,2020-04-26,117,Media,4.286164115763466,1.1,4.714780527339813,272,180.0,365.0
Manihot esculenta,2020-04-27,118,Media,4.472230207763646,1.1,4.919453228540011,272,180.0,365.0
Manihot esculenta,2020-04-28,119,Media,3.962059339861744,1.1,4.358265273847919,272,180.0,365.0
Manihot esculenta,2020-04-29,120,Media,3.4813790903677484,1.1,3.8295169994045235,272,180.0,365.0
Manihot esculenta,2020-04-30,121,Media,3.473373451215684,1.1,3.8207107963372526,272,180.0,365.0
Manihot esculenta,2020-05-01,122,Media,3.36898757341097,1.1,3.705886330752067,272,180.0,365.0
Manihot esculenta,2020-05-02,123,Media,4.087561164355641,1.1,4.496317280791206,272,180.0,365.0
Manihot esculenta,2020-05-03,124,Media,3.5438216831392846,1.1,3.8982038514532134,272,180.0,365.0
Manihot esculenta,2020-05-04,125,Media,3.877117985720212,1.1,4.264829784292234,272,180.0,365.0
Manihot esculenta,2020-05-05,126,Media,4.518047256638968,1.1,4.969851982302865,272,180.0,365.0
Manihot esculenta,2020-05-06,127,Media,3.9931635547165225,1.1,4.392479910188175,272,180.0,365.0
Manihot esculenta,2020-05-07,128,Media,3.646031641317633,1.1,4.0106348054493965,272,180.0,365.0
Manihot esculenta,2020-05-08,129,Media,4.151030403010967,1.1,4.566133443312064,272,180.0,365.0
Manihot esculenta,2020-05-09,130,Media,4.578543741611044,1.1,5.036398115772149,272,180.0,365.0
Manihot esculenta,2020-05-10,131,Media,4.943520358379509,1.1,5.43787239421746,272,180.0,365.0
Manihot esculenta,2020-05-11,132,Media,4.18875054323294,1.1,4.607625597556234,272,180.0,365.0
Manihot esculenta,2020-05-12,133,Media,3.6334200717273735,1.1,3.9967620789001113,272,180.0,365.0
Manihot esculenta,2020-05-13,134,Media,3.15295206555609,1.1,3.4682472721116993,272,180.0,365.0
Manihot esculenta,2020-05-14,135,Media,3.547701414621863,1.1,3.9024715560840497,272,180.0,365.0
Manihot esculenta,2020-05-15,136,Media,3.5235746498780687,1.1,3.875932114865876,272,180.0,365.0
Manihot esculenta,2020-05-16,137,Media,4.5597498038257385,1.1,5.015724784208313,272,180.0,365.0
Manihot esculenta,2020-05-17,138,Media,3.917506637235212,1.1,4.309257300958734,272,180.0,365.0
Manihot esculenta,2020-05-18,139,Media,4.218090602649549,1.1,4.639899662914504,272,180.0,365.0
Manihot esculenta,2020-05-19,140,Media,3.0745576088990467,1.1,3.3820133697889516,272,180.0,365.0
Manihot esculenta,2020-05-20,141,Media,4.712164018229922,1.1,5.183380420052915,272,180.0,365.0
Manihot esculenta,2020-05-21,142,Media,4.686420690875111,1.1,5.155062759962623,272,180.0,365.0
Manihot esculenta,2020-05-22,143,Media,3.967053533512568,1.1,4.363758886863825,272,180.0,365.0
Manihot esculenta,2020-05-23,144,Media,4.494201505171209,1.1,4.943621655688331,272,180.0,365.0
Manihot esculenta,2020-05-24,145,Media,4.689247867867619,1.1,5.158172654654381,272,180.0,365.0
Manihot esculenta,2020-05-25,146,Media,4.091066928184689,1.1,4.500173621003158,272,180.0,365.0
Manihot esculenta,2020-05-26,147,Media,3.186003360944499,1.1,3.504603697038949,272,180.0,365.0
Manihot esculenta,2020-05-27,148,Media,3.702302065571237,1.1,4.0725322721283606,272,180.0,365.0
Manihot esculenta,2020-05-28,149,Media,2.582445259496454,1.1,2.8406897854460995,272,180.0,365.0
Manihot esculenta,2020-05-29,150,Media,3.497788345538276,1.1,3.847567180092104,272,180.0,365.0
Manihot esculenta,2020-05-30,151,Media,2.818308441545778,1.1,3.1001392857003562,272,180.0,365.0
Manihot esculenta,2020-05-31,152,Media,2.985771741203317,1.1,3.284348915323649,272,180.0,365.0
Manihot esculenta,2020-06-01,153,Media,3.537068386054001,1.1,3.8907752246594014,272,180.0,365.0
Manihot esculenta,2020-06-02,154,Media,3.5627448782775986,1.1,3.919019366105359,272,180.0,365.0
Manihot esculenta,2020-06-03,155,Media,2.8710678227681234,1.1,3.158174605044936,272,180.0,365.0
Manihot esculenta,2020-06-04,156,Media,4.344442673046112,1.1,4.7788869403507235,272,180.0,365.0
Manihot esculenta,2020-06-05,157,Media,3.982174882701075,1.1,4.380392370971183,272,180.0,365.0
Manihot esculenta,2020-06-06,158,Media,2.847756592877775,1.1,3.1325322521655528,272,180.0,365.0
Manihot esculenta,2020-06-07,159,Media,4.234260628809445,1.1,4.65768669169039,272,180.0,365.0
Manihot esculenta,2020-06-08,160,Media,4.113514901637063,1.1,4.52486639180077,272,180.0,365.0
Manihot esculenta,2020-06-09,161,Media,3.914096220663248,1.1,4.305505842729573,272,180.0,365.0
Manihot esculenta,2020-06-10,162,Media,2.6450130157662706,1.1,2.909514317342898,272,180.0,365.0
Manihot esculenta,2020-06-11,163,Media,3.55678824486003,1.1,3.9124670693460333,272,180.0,365.0
Manihot esculenta,2020-06-12,164,Media,3.2040947365224195,1.1,3.5245042101746615,272,180.0,365.0
Manihot esculenta,2020-06-13,165,Media,4.023175982583667,1.1,4.425493580842034,272,180.0,365.0
Manihot esculenta,2020-06-14,166,Media,3.723225135300693,1.1,4.095547648830763,272,180.0,365.0
Manihot esculenta,2020-06-15,167,Media,3.285507272083842,1.1,3.6140579992922266,272,180.0,365.0
Manihot esculenta,2020-06-16,168,Media,3.7744037900753176,1.1,4.15184416908285,272,180.0,365.0
Manihot esculenta,2020-06-17,169,Media,3.130092031945848,1.1,3.4431012351404333,272,180.0,365.0
Manihot esculenta,2020-06-18,170,Media,3.5160953290324697,1.1,3.867704861935717,272,180.0,365.0
Manihot esculenta,2020-06-19,171,Media,4.279390435699067,1.1,4.707329479268974,272,180.0,365.0
Manihot esculenta,2020-06-20,172,Media,3.542535653427564,1.1,3.8967892187703206,272,180.0,365.0
Manihot esculenta,2020-06-21,173,Media,4.169141145981247,1.1,4.586055260579372,272,180.0,365.0
Manihot esculenta,2020-06-22,174,Media,3.705803770424169,1.1,4.0763841474665865,272,180.0,365.0
Manihot esculenta,2020-06-23,175,Media,4.213525961980972,1.1,4.63487855817907,272,180.0,365.0
Manihot esculenta,2020-06-24,176,Media,4.471352096882871,1.1,4.9184873065711585,272,180.0,365.0
Manihot esculenta,2020-06-25,177,Media,4.645455825759037,1.1,5.110001408334941,272,180.0,365.0
Manihot esculenta,2020-06-26,178,Media,3.702762876496617,1.1,4.073039164146279,272,180.0,365.0
Manihot esculenta,2020-06-27,179,Media,3.770479107930756,1.1,4.147527018723832,272,180.0,365.0
Manihot esculenta,2020-06-28,180,Media,3.108744089297385,1.1,3.419618498227124,272,180.0,365.0
Manihot esculenta,2020-06-29,181,Media,4.247809162867585,1.1,4.672590079154344,272,180.0,365.0
Manihot esculenta,2020-06-30,182,Media,4.451871884625522,1.1,4.897059073088075,272,180.0,365.0
Manihot esculenta,2020-07-01,183,Media,3.862345257080348,1.1,4.248579782788383,272,180.0,365.0
Manihot esculenta,2020-07-02,184,Media,3.2547002494927577,1.1,3.580170274442034,272,180.0,365.0
Manihot esculenta,2020-07-03,185,Media,3.886238444089205,1.1,4.2748622884981256,272,180.0,365.0
Manihot esculenta,2020-07-04,186,Media,3.441158172047357,1.1,3.785273989252093,272,180.0,365.0
Manihot esculenta,2020-07-05,187,Media,3.596564615721647,1.1,3.956221077293812,272,180.0,365.0
Manihot esculenta,2020-07-06,188,Media,3.584108970754471,1.1,3.9425198678299185,272,180.0,365.0
Manihot esculenta,2020-07-07,189,Media,3.809417532678663,1.1,4.1903592859465295,272,180.0,365.0
Manihot esculenta,2020-07-08,190,Media,3.6115233686408375,1.1,3.9726757055049213,272,180.0,365.0
Manihot esculenta,2020-07-09,191,Media,4.133683990089708,1.1,4.547052389098679,272,180.0,365.0
Manihot esculenta,2020-07-10,192,Media,3.656624322409555,1.1,4.02228675465051,272,180.0,365.0
Manihot esculenta,2020-07-11,193,Media,2.8328367298997463,1.1,3.116120402889721,272,180.0,365.0
Manihot esculenta,2020-07-12,194,Media,3.534007528251145,1.1,3.88740828107626,272,180.0,365.0
Manihot esculenta,2020-07-13,195,Media,4.386373972155323,1.1,4.825011369370856,272,180.0,365.0
Manihot esculenta,2020-07-14,196,Media,4.180500170679756,1.1,4.598550187747732,272,180.0,365.0
Manihot esculenta,2020-07-15,197,Media,4.217261060215749,1.1,4.6389871662373245,272,180.0,365.0
Manihot esculenta,2020-07-16,198,Media,4.080699106042069,1.1,4.488769016646277,272,180.0,365.0
Manihot esculenta,2020-07-17,199,Media,4.021922500955121,1.1,4.424114751050634,272,180.0,365.0
Manihot esculenta,2020-07-18,200,Media,4.03400280751389,1.1,4.437403088265279,272,180.0,365.0
Manihot esculenta,2020-07-19,201,Media,4.116768596014358,1.1,4.5284454556157945,272,180.0,365.0
Manihot esculenta,2020-07-20,202,Media,3.6865675008972536,1.1,4.05522425098698,272,180.0,365.0
Manihot esculenta,2020-07-21,203,Media,3.316968686489973,1.1,3.6486655551389706,272,180.0,365.0
Manihot esculenta,2020-07-22,204,Media,3.4063306175298087,1.1,3.74696367928279,272,180.0,365.0
Manihot esculenta,2020-07-23,205,Media,3.754794548938984,1.1,4.1302740038328825,272,180.0,365.0
Manihot esculenta,2020-07-24,206,Media,3.220432701034444,1.1,3.542475971137889,272,180.0,365.0
Manihot esculenta,2020-07-25,207,Media,3.511816314303588,1.1,3.862997945733947,272,180.0,365.0
Manihot esculenta,2020-07-26,208,Media,3.567641018372178,1.1,3.9244051202093964,272,180.0,365.0
Manihot esculenta,2020-07-27,209,Media,3.851173942973823,1.1,4.236291337271206,272,180.0,365.0
Manihot esculenta,2020-07-28,210,Media,4.614452793530403,1.1,5.075898072883444,272,180.0,365.0
Manihot esculenta,2020-07-29,211,Media,4.488012331536988,1.1,4.936813564690688,272,180.0,365.0
Manihot esculenta,2020-07-30,212,Media,3.8274155447214846,1.1,4.2101570991936335,272,180.0,365.0
Manihot esculenta,2020-07-31,213,Media,4.217594729336366,1.1,4.6393542022700025,272,180.0,365.0
Manihot esculenta,2020-08-01,214,Media,3.789040719191739,1.1,4.167944791110913,272,180.0,365.0
Manihot esculenta,2020-08-02,215,Media,4.307955256533312,1.1,4.738750782186643,272,180.0,365.0
Manihot esculenta,2020-08-03,216,Media,4.048378397281383,1.1,4.4532162370095225,272,180.0,365.0
Manihot esculenta,2020-08-04,217,Media,3.978606360882273,1.1,4.376466996970501,272,180.0,365.0
Manihot esculenta,2020-08-05,218,Media,3.683343256608352,1.1,4.051677582269187,272,180.0,365.0
Manihot esculenta,2020-08-06,219,Media,3.469972064823868,1.1,3.816969271306255,272,180.0,365.0
Manihot esculenta,2020-08-07,220,Media,4.006777777810751,1.1,4.407455555591827,272,180.0,365.0
Manihot esculenta,2020-08-08,221,Media,4.247163864125888,1.1,4.671880250538477,272,180.0,365.0
Manihot esculenta,2020-08-09,222,Media,3.5865878581047883,1.1,3.9452466439152674,272,180.0,365.0
Manihot esculenta,2020-08-10,223,Media,4.058857587238752,1.1,4.464743345962627,272,180.0,365.0
Manihot esculenta,2020-08-11,224,Media,3.811010266599204,1.1,4.192111293259125,272,180.0,365.0
Manihot esculenta,2020-08-12,225,Media,4.236369056357191,1.1,4.66000596199291,272,180.0,365.0
Manihot esculenta,2020-08-13,226,Media,4.078836513473983,1.1,4.486720164821382,272,180.0,365.0
Manihot esculenta,2020-08-14,227,Media,3.693680845482832,1.1,4.0630489300311154,272,180.0,365.0
Manihot esculenta,2020-08-15,228,Media,3.6697513379189233,1.1,4.036726471710816,272,180.0,365.0
Manihot esculenta,2020-08-16,229,Media,3.866739701613336,1.1,4.25341367177467,272,180.0,365.0
Manihot esculenta,2020-08-17,230,Media,2.9696602371300824,1.1,3.2666262608430907,272,180.0,365.0
Manihot esculenta,2020-08-18,231,Media,3.4011071353313844,1.1,3.7412178488645234,272,180.0,365.0
Manihot esculenta,2020-08-19,232,Final,2.972362938932547,1.1,3.269599232825802,272,180.0,365.0
Manihot esculenta,2020-08-20,233,Final,3.4926959280361967,1.0925,3.815770301379545,272,180.0,365.0
Manihot esculenta,2020-08-21,234,Final,3.344462245472686,1.0850000000000002,3.6287415363378646,272,180.0,365.0
Manihot esculenta,2020-08-22,235,Final,3.401675954214022,1.0775000000000001,3.665305840665609,272,180.0,365.0
Manihot esculenta,2020-08-23,236,Final,2.763013432473396,1.07,2.9564243727465342,272,180.0,365.0
Manihot esculenta,2020-08-24,237,Final,3.7764439001039616,1.0625,4.012471643860459,272,180.0,365.0
Manihot esculenta,2020-08-25,238,Final,3.421240103114977,1.0550000000000002,3.609408308786301,272,180.0,365.0
Manihot esculenta,2020-08-26,239,Final,3.2697636920101525,1.0475,3.425077467380635,272,180.0,365.0
Manihot esculenta,2020-08-27,240,Final,4.07901168292553,1.04,4.242172150242551,272,180.0,365.0
Manihot esculenta,2020-08-28,241,Final,4.479054684173853,1.0325,4.624623961409504,272,180.0,365.0
Manihot esculenta,2020-08-29,242,Final,4.459200074069646,1.0250000000000001,4.570680075921388,272,180.0,365.0
Manihot esculenta,2020-08-30,243,Final,3.631992479329018,1.0175,3.695552347717276,272,180.0,365.0
Manihot esculenta,2020-08-31,244,Final,3.4904106280938936,1.01,3.5253147343748323,272,180.0,365.0
Manihot esculenta,2020-09-01,245,Final,3.9679063737223887,1.0025000000000002,3.9778261396566954,272,180.0,365.0
Manihot esculenta,2020-09-02,246,Final,2.8322690513345354,0.9950000000000001,2.818107706077863,272,180.0,365.0
Manihot esculenta,2020-09-03,247,Final,3.9555150300472537,0.9875,3.906071092171663,272,180.0,365.0
Manihot esculenta,2020-09-04,248,Final,3.8475058242000615,0.9800000000000001,3.7705557077160607,272,180.0,365.0
Manihot esculenta,2020-09-05,249,Final,4.552311058786799,0.9725000000000001,4.427122504670162,272,180.0,365.0
Manihot esculenta,2020-09-06,250,Final,3.74908417356018,0.9650000000000001,3.6178662274855737,272,180.0,365.0
Manihot esculenta,2020-09-07,251,Final,3.65504017615503,0.9575,3.4997009686684413,272,180.0,365.0
Manihot esculenta,2020-09-08,252,Final,2.800050220726518,0.9500000000000001,2.6600477096901924,272,180.0,365.0
Manihot esculenta,2020-09-09,253,Final,3.353704830274756,0.9425000000000001,3.160866802533958,272,180.0,365.0
Manihot esculenta,2020-09-10,254,Final,4.06633636662925,0.935,3.802024502798349,272,180.0,365.0
Manihot esculenta,2020-09-11,255,Final,3.749331472892957,0.9275000000000001,3.477504941108218,272,180.0,365.0
Manihot esculenta,2020-09-12,256,Final,3.084947841979496,0.92,2.8381520146211363,272,180.0,365.0
Manihot esculenta,2020-09-13,257,Final,3.914007650307738,0.9125000000000001,3.5715319809058115,272,180.0,365.0
Manihot esculenta,2020-09-14,258,Final,4.455047048925534,0.905,4.031817579277608,272,180.0,365.0
Manihot esculenta,2020-09-15,259,Final,3.824692734978629,0.8975000000000001,3.4326617296433195,272,180.0,365.0
Manihot esculenta,2020-09-16,260,Final,4.042575304183319,0.8900000000000001,3.597892020723154,272,180.0,365.0
Manihot esculenta,2020-09-17,261,Final,3.5924067821994794,0.8825000000000001,3.1702989852910406,272,180.0,365.0
Manihot esculenta,2020-09-18,262,Final,3.43529005059044,0.875,3.005878794266635,272,180.0,365.0
Manihot esculenta,2020-09-19,263,Final,3.7946044026320016,0.8675,3.2918193192832614,272,180.0,365.0
Manihot esculenta,2020-09-20,264,Final,3.248266332200933,0.8600000000000001,2.7935090456928027,272,180.0,365.0
Manihot esculenta,2020-09-21,265,Final,3.992279771234903,0.8525,3.403418504977755,272,180.0,365.0
Manihot esculenta,2020-09-22,266,Final,4.562787094827231,0.8450000000000001,3.8555550951290103,272,180.0,365.0
Manihot esculenta,2020-09-23,267,Final,3.816857021701892,0.8375,3.1966177556753346,272,180.0,365.0
Manihot esculenta,2020-09-24,268,Final,3.8677984715750666,0.8300000000000001,3.2102727314073056,272,180.0,365.0
Manihot esculenta,2020-09-25,269,Final,4.212374008387043,0.8225,3.4646776218983426,272,180.0,365.0
Manihot esculenta,2020-09-26,270,Final,3.698207787169113,0.8150000000000001,3.0140393465428272,272,180.0,365.0
Manihot esculenta,2020-09-27,271,Final,3.5691022737127,0.8075000000000001,2.8820500860230056,272,180.0,365.0
Manihot esculenta,2020-09-28,272,Final,4.31175632849997,0.8,3.4494050627999764,272,180.0,365.0
Oryza sativa,2020-01-01,1,Inicial,3.0342546341829326,1.05,3.1859673658920795,130,80.0,180.0
Oryza sativa,2020-01-02,2,Inicial,3.843924143324504,1.05,4.036120350490729,130,80.0,180.0
Oryza sativa,2020-01-03,3,Inicial,3.942666111588288,1.05,4.139799417167702,130,80.0,180.0
Oryza sativa,2020-01-04,4,Inicial,3.953382104472361,1.05,4.1510512096959795,130,80.0,180.0
Oryza sativa,2020-01-05,5,Inicial,3.449275434365756,1.05,3.621739206084044,130,80.0,180.0
Oryza sativa,2020-01-06,6,Inicial,3.563599805963903,1.05,3.7417797962620987,130,80.0,180.0
Oryza sativa,2020-01-07,7,Inicial,3.940431573366844,1.05,4.137453152035186,130,80.0,180.0
Oryza sativa,2020-01-08,8,Inicial,3.8625201821577457,1.05,4.055646191265633,130,80.0,180.0
Oryza sativa,2020-01-09,9,Inicial,4.3971423787146,1.05,4.61699949765033,130,80.0,180.0
Oryza sativa,2020-01-10,10,Inicial,4.417660163355734,1.05,4.638543171523521,130,80.0,180.0
Oryza sativa,2020-01-11,11,Inicial,4.119383514388907,1.05,4.325352690108352,130,80.0,180.0
Oryza sativa,2020-01-12,12,Inicial,4.320726771844242,1.05,4.536763110436454,130,80.0,180.0
Oryza sativa,2020-01-13,13,Inicial,4.46962619570819,1.05,4.693107505493599,130,80.0,180.0
Oryza sativa,2020-01-14,14,Desarrollo,4.202181826835727,1.05,4.412290918177514,130,80.0,180.0
Oryza sativa,2020-01-15,15,Desarrollo,3.8196816035734087,1.056,4.03358377337352,130,80.0,180.0
Oryza sativa,2020-01-16,16,Desarrollo,4.072625467248526,1.062,4.325128246217934,130,80.0,180.0
Oryza sativa,2020-01-17,17,Desarrollo,4.428315338591565,1.068,4.729440781615792,130,80.0,180.0
Oryza sativa,2020-01-18,18,Desarrollo,4.182959840843289,1.074,4.492498869065693,130,80.0,180.0
Oryza sativa,2020-01-19,19,Desarrollo,3.7510453443257994,1.08,4.051128971871863,130,80.0,180.0
Oryza sativa,2020-01-20,20,Desarrollo,2.8590507888805274,1.086,3.104929156724253,130,80.0,180.0
Oryza sativa,2020-01-21,21,Desarrollo,3.201405185829242,1.092,3.4959344629255327,130,80.0,180.0
Oryza sativa,2020-01-22,22,Desarrollo,2.0978392306450253,1.098,2.3034274752482378,130,80.0,180.0
Oryza sativa,2020-01-23,23,Desarrollo,2.86935264275105,1.104,3.1677653175971594,130,80.0,180.0
Oryza sativa,2020-01-24,24,Desarrollo,2.7165122939031123,1.11,3.015328646232455,130,80.0,180.0
Oryza sativa,2020-01-25,25,Desarrollo,3.252189578631824,1.116,3.6294435697531156,130,80.0,180.0
Oryza sativa,2020-01-26,26,Desarrollo,3.176908260350611,1.1219999999999999,3.564491068113385,130,80.0,180.0
Oryza sativa,2020-01-27,27,Desarrollo,3.261876815512251,1.1280000000000001,3.6793970478978197,130,80.0,180.0
Oryza sativa,2020-01-28,28,Desarrollo,3.3234002934852103,1.134,3.7687359328122283,130,80.0,180.0
Oryza sativa,2020-01-29,29,Desarrollo,3.5109783751083112,1.14,4.002515347623475,130,80.0,180.0
Oryza sativa,2020-01-30,30,Desarrollo,3.624390921822767,1.146,4.153551996408891,130,80.0,180.0
Oryza sativa,2020-01-31,31,Desarrollo,3.7499258762001375,1.152,4.3199146093825584,130,80.0,180.0
Oryza sativa,2020-02-01,32,Desarrollo,4.005641030618579,1.158,4.638532313456314,130,80.0,180.0
Oryza sativa,2020-02-02,33,Desarrollo,3.342744914421249,1.164,3.8909550803863335,130,80.0,180.0
Oryza sativa,2020-02-03,34,Desarrollo,4.262069812545409,1.17,4.9866216806781285,130,80.0,180.0
Oryza sativa,2020-02-04,35,Desarrollo,4.600488188004019,1.176,5.410174109092726,130,80.0,180.0
Oryza sativa,2020-02-05,36,Desarrollo,4.785203296887103,1.182,5.656110296920556,130,80.0,180.0
Oryza sativa,2020-02-06,37,Desarrollo,4.726954046422917,1.188,5.615621407150425,130,80.0,180.0
Oryza sativa,2020-02-07,38,Desarrollo,4.611074460499368,1.194,5.505622905836245,130,80.0,180.0
Oryza sativa,2020-02-08,39,Desarrollo,4.363212675069524,1.2,5.235855210083428,130,80.0,180.0
Oryza sativa,2020-02-09,40,Media,4.463675256830085,1.2,5.356410308196101,130,80.0,180.0
Oryza sativa,2020-02-10,41,Media,4.916313507089217,1.2,5.899576208507061,130,80.0,180.0
Oryza sativa,2020-02-11,42,Media,4.850507563693527,1.2,5.820609076432232,130,80.0,180.0
Oryza sativa,2020-02-12,43,Media,4.643046818547143,1.2,5.5716561822565716,130,80.0,180.0
Oryza sativa,2020-02-13,44,Media,4.611961074754263,1.2,5.534353289705115,130,80.0,180.0
Oryza sativa,2020-02-14,45,Media,4.220991192010182,1.2,5.065189430412218,130,80.0,180.0
Oryza sativa,2020-02-15,46,Media,4.819264668310588,1.2,5.783117601972705,130,80.0,180.0
Oryza sativa,2020-02-16,47,Media,4.844640100563613,1.2,5.813568120676335,130,80.0,180.0
Oryza sativa,2020-02-17,48,Media,5.376526757040151,1.2,6.451832108448181,130,80.0,180.0
Oryza sativa,2020-02-18,49,Media,5.178844575293617,1.2,6.21461349035234,130,80.0,180.0
Oryza sativa,2020-02-19,50,Media,4.97394182882615,1.2,5.968730194591379,130,80.0,180.0
Oryza sativa,2020-02-20,51,Media,4.4228780588489744,1.2,5.307453670618769,130,80.0,180.0
Oryza sativa,2020-02-21,52,Media,3.7959889635131434,1.2,4.555186756215772,130,80.0,180.0
Oryza sativa,2020-02-22,53,Media,3.3072428726010794,1.2,3.9686914471212953,130,80.0,180.0
Oryza sativa,2020-02-23,54,Media,3.229804886467766,1.2,3.875765863761319,130,80.0,180.0
Oryza sativa,2020-02-24,55,Media,3.5209327544783124,1.2,4.225119305373974,130,80.0,180.0
Oryza sativa,2020-02-25,56,Media,4.00984640904958,1.2,4.811815690859495,130,80.0,180.0
Oryza sativa,2020-02-26,57,Media,3.785523855621973,1.2,4.542628626746367,130,80.0,180.0
Oryza sativa,2020-02-27,58,Media,3.726136241618912,1.2,4.471363489942694,130,80.0,180.0
Oryza sativa,2020-02-28,59,Media,3.887218638837831,1.2,4.664662366605397,130,80.0,180.0
Oryza sativa,2020-02-29,60,Media,4.280862800027337,1.2,5.137035360032804,130,80.0,180.0
Oryza sativa,2020-03-01,61,Media,4.332175320636316,1.2,5.198610384763579,130,80.0,180.0
Oryza sativa,2020-03-02,62,Media,4.272763868408447,1.2,5.127316642090136,130,80.0,180.0
Oryza sativa,2020-03-03,63,Media,4.319383879703837,1.2,5.183260655644604,130,80.0,180.0
Oryza sativa,2020-03-04,64,Media,4.598482138959539,1.2,5.5181785667514465,130,80.0,180.0
Oryza sativa,2020-03-05,65,Media,4.867352694470461,1.2,5.840823233364553,130,80.0,180.0
Oryza sativa,2020-03-06,66,Media,5.020250443413572,1.2,6.024300532096286,130,80.0,180.0
Oryza sativa,2020-03-07,67,Media,4.162574327111929,1.2,4.995089192534315,130,80.0,180.0
Oryza sativa,2020-03-08,68,Media,3.318742993196773,1.2,3.9824915918361277,130,80.0,180.0
Oryza sativa,2020-03-09,69,Media,3.657894654052344,1.2,4.389473584862813,130,80.0,180.0
Oryza sativa,2020-03-10,70,Media,3.654990455686266,1.2,4.385988546823519,130,80.0,180.0
Oryza sativa,2020-03-11,71,Media,2.9160716717048847,1.2,3.4992860060458617,130,80.0,180.0
Oryza sativa,2020-03-12,72,Media,3.0391543127164624,1.2,3.6469851752597546,130,80.0,180.0
Oryza sativa,2020-03-13,73,Media,2.751291900187232,1.2,3.3015502802246783,130,80.0,180.0
Oryza sativa,2020-03-14,74,Media,3.0954818724373707,1.2,3.7145782469248445,130,80.0,180.0
Oryza sativa,2020-03-15,75,Media,3.6859685912977582,1.2,4.42316230955731,130,80.0,180.0
Oryza sativa,2020-03-16,76,Media,4.072028414846871,1.2,4.886434097816245,130,80.0,180.0
Oryza sativa,2020-03-17,77,Media,4.244282104652327,1.2,5.093138525582792,130,80.0,180.0
Oryza sativa,2020-03-18,78,Media,4.072709990618711,1.2,4.887251988742453,130,80.0,180.0
Oryza sativa,2020-03-19,79,Media,4.33804741907124,1.2,5.205656902885488,130,80.0,180.0
Oryza sativa,2020-03-20,80,Media,2.8463327492466517,1.2,3.415599299095982,130,80.0,180.0
Oryza sativa,2020-03-21,81,Media,3.587378486128173,1.2,4.304854183353807,130,80.0,180.0
Oryza sativa,2020-03-22,82,Media,4.23600731526691,1.2,5.083208778320292,130,80.0,180.0
Oryza sativa,2020-03-23,83,Media,4.140786645454341,1.2,4.968943974545209,130,80.0,180.0
Oryza sativa,2020-03-24,84,Media,3.5213580655362957,1.2,4.225629678643554,130,80.0,180.0
Oryza sativa,2020-03-25,85,Media,3.785817309238655,1.2,4.542980771086386,130,80.0,180.0
Oryza sativa,2020-03-26,86,Media,4.094974473083258,1.2,4.9139693676999086,130,80.0,180.0
Oryza sativa,2020-03-27,87,Media,4.064922203853836,1.2,4.877906644624603,130,80.0,180.0
Oryza sativa,2020-03-28,88,Media,4.481964011361124,1.2,5.378356813633348,130,80.0,180.0
Oryza sativa,2020-03-29,89,Media,4.580194076436374,1.2,5.496232891723649,130,80.0,180.0
Oryza sativa,2020-03-30,90,Media,4.261282578646624,1.2,5.113539094375949,130,80.0,180.0
Oryza sativa,2020-03-31,91,Media,3.111587522642977,1.2,3.733905027171572,130,80.0,180.0
Oryza sativa,2020-04-01,92,Media,2.560732338953428,1.2,3.072878806744113,130,80.0,180.0
Oryza sativa,2020-04-02,93,Media,3.250500510178696,1.2,3.900600612214435,130,80.0,180.0
Oryza sativa,2020-04-03,94,Media,3.546318729112706,1.2,4.255582474935247,130,80.0,180.0
Oryza sativa,2020-04-04,95,Media,3.1983273965019574,1.2,3.8379928758023487,130,80.0,180.0
Oryza sativa,2020-04-05,96,Media,3.6519882567088144,1.2,4.382385908050577,130,80.0,180.0
Oryza sativa,2020-04-06,97,Media,2.34079121882631,1.2,2.808949462591572,130,80.0,180.0
Oryza sativa,2020-04-07,98,Media,3.706320231953816,1.2,4.447584278344579,130,80.0,180.0
Oryza sativa,2020-04-08,99,Media,3.9741211244483456,1.2,4.768945349338015,130,80.0,180.0
Oryza sativa,2020-04-09,100,Media,3.3720996276545567,1.2,4.046519553185468,130,80.0,180.0
Oryza sativa,2020-04-10,101,Media,3.783515554685143,1.2,4.540218665622172,130,80.0,180.0
Oryza sativa,2020-04-11,102,Media,3.403942726356705,1.2,4.084731271628046,130,80.0,180.0
Oryza sativa,2020-04-12,103,Media,4.288764119370986,1.2,5.1465169432451825,130,80.0,180.0
Oryza sativa,2020-04-13,104,Media,4.373105884741337,1.2,5.247727061689604,130,80.0,180.0
Oryza sativa,2020-04-14,105,Media,3.584325503813914,1.2,4.301190604576696,130,80.0,180.0
Oryza sativa,2020-04-15,106,Media,3.545881858476116,1.2,4.255058230171339,130,80.0,180.0
Oryza sativa,2020-04-16,107,Media,4.018682157398414,1.2,4.822418588878097,130,80.0,180.0
Oryza sativa,2020-04-17,108,Media,3.628510926153942,1.2,4.35421311138473,130,80.0,180.0
Oryza sativa,2020-04-18,109,Media,2.5292477099271777,1.2,3.0350972519126134,130,80.0,180.0
Oryza sativa,2020-04-19,110,Media,3.106141700146386,1.2,3.727370040175663,130,80.0,180.0
Oryza sativa,2020-04-20,111,Final,4.188602219458617,1.2,5.02632266335034,130,80.0,180.0
Oryza sativa,2020-04-21,112,Final,2.2758441657574853,1.1842105263157894,2.6950786173443904,130,80.0,180.0
Oryza sativa,2020-04-22,113,Final,3.692883234278871,1.1684210526315788,4.314842515841628,130,80.0,180.0
Oryza sativa,2020-04-23,114,Final,3.499251075606849,1.1526315789473685,4.033347292409999,130,80.0,180.0
Oryza sativa,2020-04-24,115,Final,4.1174120662451,1.1368421052631579,4.680847401626008,130,80.0,180.0
Oryza sativa,2020-04-25,116,Final,4.453439178810106,1.1210526315789473,4.9925397109818554,130,80.0,180.0
Oryza sativa,2020-04-26,117,Final,4.286164115763466,1.1052631578947367,4.73733928584383,130,80.0,180.0
Oryza sativa,2020-04-27,118,Final,4.472230207763646,1.0894736842105264,4.872377121089867,130,80.0,180.0
Oryza sativa,2020-04-28,119,Final,3.962059339861744,1.0736842105263158,4.254000554377873,130,80.0,180.0
Oryza sativa,2020-04-29,120,Final,3.4813790903677484,1.0578947368421052,3.682932616652197,130,80.0,180.0
Oryza sativa,2020-04-30,121,Final,3.473373451215684,1.0421052631578946,3.619620754424765,130,80.0,180.0
Oryza sativa,2020-05-01,122,Final,3.36898757341097,1.0263157894736843,3.4576451411323115,130,80.0,180.0
Oryza sativa,2020-05-02,123,Final,4.087561164355641,1.0105263157894737,4.130588123980438,130,80.0,180.0
Oryza sativa,2020-05-03,124,Final,3.5438216831392846,0.9947368421052631,3.5251699900701303,130,80.0,180.0
Oryza sativa,2020-05-04,125,Final,3.877117985720212,0.9789473684210527,3.795494449178734,130,80.0,180.0
Oryza sativa,2020-05-05,126,Final,4.518047256638968,0.9631578947368421,4.351592884025953,130,80.0,180.0
Oryza sativa,2020-05-06,127,Final,3.9931635547165225,0.9473684210526316,3.782997051836706,130,80.0,180.0
Oryza sativa,2020-05-07,128,Final,3.646031641317633,0.9315789473684211,3.396566318490637,130,80.0,180.0
Oryza sativa,2020-05-08,129,Final,4.151030403010967,0.9157894736842105,3.80146994802057,130,80.0,180.0
Oryza sativa,2020-05-09,130,Final,4.578543741611044,0.9,4.12068936744994,130,80.0,180.0
Phaseolus vulgaris,2020-01-01,1,Inicial,3.0342546341829326,0.4,1.2137018536731732,160,50.0,270.0
Phaseolus vulgaris,2020-01-02,2,Inicial,3.843924143324504,0.4,1.5375696573298017,160,50.0,270.0
Phaseolus vulgaris,2020-01-03,3,Inicial,3.942666111588288,0.4,1.5770664446353153,160,50.0,270.0
Phaseolus vulgaris,2020-01-04,4,Inicial,3.953382104472361,0.4,1.5813528417889444,160,50.0,270.0
Phaseolus vulgaris,2020-01-05,5,Inicial,3.449275434365756,0.4,1.3797101737463024,160,50.0,270.0
Phaseolus vulgaris,2020-01-06,6,Inicial,3.563599805963903,0.4,1.4254399223855614,160,50.0,270.0
Phaseolus vulgaris,2020-01-07,7,Inicial,3.940431573366844,0.4,1.5761726293467377,160,50.0,270.0
Phaseolus vulgaris,2020-01-08,8,Inicial,3.8625201821577457,0.4,1.5450080728630984,160,50.0,270.0
Phaseolus vulgaris,2020-01-09,9,Inicial,4.3971423787146,0.4,1.75885695148584,160,50.0,270.0
Phaseolus vulgaris,2020-01-10,10,Inicial,4.417660163355734,0.4,1.7670640653422938,160,50.0,270.0
Phaseolus vulgaris,2020-01-11,11,Inicial,4.119383514388907,0.4,1.6477534057555627,160,50.0,270.0
Phaseolus vulgaris,2020-01-12,12,Inicial,4.320726771844242,0.4,1.728290708737697,160,50.0,270.0
Phaseolus vulgaris,2020-01-13,13,Inicial,4.46962619570819,0.4,1.787850478283276,160,50.0,270.0
Phaseolus vulgaris,2020-01-14,14,Inicial,4.202181826835727,0.4,1.680872730734291,160,50.0,270.0
Phaseolus vulgaris,2020-01-15,15,Inicial,3.8196816035734087,0.4,1.5278726414293635,160,50.0,270.0
Phaseolus vulgaris,2020-01-16,16,Inicial,4.072625467248526,0.4,1.6290501868994103,160,50.0,270.0
Phaseolus vulgaris,2020-01-17,17,Desarrollo,4.428315338591565,0.4,1.771326135436626,160,50.0,270.0
Phaseolus vulgaris,2020-01-18,18,Desarrollo,4.182959840843289,0.4241935483870968,1.7743845776480403,160,50.0,270.0
Phaseolus vulgaris,2020-01-19,19,Desarrollo,3.7510453443257994,0.4483870967741936,1.6819203318106004,160,50.0,270.0
Phaseolus vulgaris,2020-01-20,20,Desarrollo,2.8590507888805274,0.47258064516129034,1.3511320663580557,160,50.0,270.0
Phaseolus vulgaris,2020-01-21,21,Desarrollo,3.201405185829242,0.4967741935483871,1.590375479411946,160,50.0,270.0
Phaseolus vulgaris,2020-01-22,22,Desarrollo,2.0978392306450253,0.5209677419354839,1.0929065669328115,160,50.0,270.0
Phaseolus vulgaris,2020-01-23,23,Desarrollo,2.86935264275105,0.5451612903225806,1.5642599891126692,160,50.0,270.0
Phaseolus vulgaris,2020-01-24,24,Desarrollo,2.7165122939031123,0.5693548387096774,1.5466594189480622,160,50.0,270.0
Phaseolus vulgaris,2020-01-25,25,Desarrollo,3.252189578631824,0.5935483870967742,1.9303318789298565,160,50.0,270.0
Phaseolus vulgaris,2020-01-26,26,Desarrollo,3.176908260350611,0.6177419354838709,1.9625094576036837,160,50.0,270.0
Phaseolus vulgaris,2020-01-27,27,Desarrollo,3.261876815512251,0.6419354838709677,2.093914471893348,160,50.0,270.0
Phaseolus vulgaris,2020-01-28,28,Desarrollo,3.3234002934852103,0.6661290322580645,2.2138134213054705,160,50.0,270.0
Phaseolus vulgaris,2020-01-29,29,Desarrollo,3.5109783751083112,0.6903225806451613,2.4237076524941243,160,50.0,270.0
Phaseolus vulgaris,2020-01-30,30,Desarrollo,3.624390921822767,0.714516129032258,2.5896857715604606,160,50.0,270.0
Phaseolus vulgaris,2020-01-31,31,Desarrollo,3.7499258762001375,0.7387096774193548,2.7701065343542948,160,50.0,270.0
Phaseolus vulgaris,2020-02-01,32,Desarrollo,4.005641030618579,0.7629032258064516,3.055916463681593,160,50.0,270.0
Phaseolus vulgaris,2020-02-02,33,Desarrollo,3.342744914421249,0.7870967741935484,2.631063739092854,160,50.0,270.0
Phaseolus vulgaris,2020-02-03,34,Desarrollo,4.262069812545409,0.8112903225806452,3.457775993081195,160,50.0,270.0
Phaseolus vulgaris,2020-02-04,35,Desarrollo,4.600488188004019,0.8354838709677419,3.8436336796549706,160,50.0,270.0
Phaseolus vulgaris,2020-02-05,36,Desarrollo,4.785203296887103,0.8596774193548387,4.113731221356171,160,50.0,270.0
Phaseolus vulgaris,2020-02-06,37,Desarrollo,4.726954046422917,0.8838709677419354,4.178017447483481,160,50.0,270.0
Phaseolus vulgaris,2020-02-07,38,Desarrollo,4.611074460499368,0.9080645161290322,4.187153098808296,160,50.0,270.0
Phaseolus vulgaris,2020-02-08,39,Desarrollo,4.363212675069524,0.932258064516129,4.067640203532556,160,50.0,270.0
Phaseolus vulgaris,2020-02-09,40,Desarrollo,4.463675256830085,0.9564516129032258,4.269289398871355,160,50.0,270.0
Phaseolus vulgaris,2020-02-10,41,Desarrollo,4.916313507089217,0.9806451612903225,4.8211590521132965,160,50.0,270.0
Phaseolus vulgaris,2020-02-11,42,Desarrollo,4.850507563693527,1.0048387096774194,4.873977761582367,160,50.0,270.0
Phaseolus vulgaris,2020-02-12,43,Desarrollo,4.643046818547143,1.029032258064516,4.7778449519888335,160,50.0,270.0
Phaseolus vulgaris,2020-02-13,44,Desarrollo,4.611961074754263,1.053225806451613,4.8574364222815065,160,50.0,270.0
Phaseolus vulgaris,2020-02-14,45,Desarrollo,4.220991192010182,1.0774193548387094,4.547777606875485,160,50.0,270.0
Phaseolus vulgaris,2020-02-15,46,Desarrollo,4.819264668310588,1.1016129032258064,5.308964142671179,160,50.0,270.0
Phaseolus vulgaris,2020-02-16,47,Desarrollo,4.844640100563613,1.1258064516129032,5.454127080957099,160,50.0,270.0
Phaseolus vulgaris,2020-02-17,48,Desarrollo,5.376526757040151,1.15,6.183005770596173,160,50.0,270.0
Phaseolus vulgaris,2020-02-18,49,Media,5.178844575293617,1.15,5.955671261587659,160,50.0,270.0
Phaseolus vulgaris,2020-02-19,50,Media,4.97394182882615,1.15,5.7200331031500715,160,50.0,270.0
Phaseolus vulgaris,2020-02-20,51,Media,4.4228780588489744,1.15,5.08630976767632,160,50.0,270.0
Phaseolus vulgaris,2020-02-21,52,Media,3.7959889635131434,1.15,4.365387308040114,160,50.0,270.0
Phaseolus vulgaris,2020-02-22,53,Media,3.3072428726010794,1.15,3.803329303491241,160,50.0,270.0
Phaseolus vulgaris,2020-02-23,54,Media,3.229804886467766,1.15,3.7142756194379305,160,50.0,270.0
Phaseolus vulgaris,2020-02-24,55,Media,3.5209327544783124,1.15,4.049072667650059,160,50.0,270.0
Phaseolus vulgaris,2020-02-25,56,Media,4.00984640904958,1.15,4.611323370407016,160,50.0,270.0
Phaseolus vulgaris,2020-02-26,57,Media,3.785523855621973,1.15,4.353352433965268,160,50.0,270.0
Phaseolus vulgaris,2020-02-27,58,Media,3.726136241618912,1.15,4.285056677861748,160,50.0,270.0
Phaseolus vulgaris,2020-02-28,59,Media,3.887218638837831,1.15,4.470301434663505,160,50.0,270.0
Phaseolus vulgaris,2020-02-29,60,Media,4.280862800027337,1.15,4.922992220031437,160,50.0,270.0
Phaseolus vulgaris,2020-03-01,61,Media,4.332175320636316,1.15,4.982001618731763,160,50.0,270.0
Phaseolus vulgaris,2020-03-02,62,Media,4.272763868408447,1.15,4.913678448669714,160,50.0,270.0
Phaseolus vulgaris,2020-03-03,63,Media,4.319383879703837,1.15,4.967291461659412,160,50.0,270.0
Phaseolus vulgaris,2020-03-04,64,Media,4.598482138959539,1.15,5.288254459803469,160,50.0,270.0
Phaseolus vulgaris,2020-03-05,65,Media,4.867352694470461,1.15,5.59745559864103,160,50.0,270.0
Phaseolus vulgaris,2020-03-06,66,Media,5.020250443413572,1.15,5.773288009925608,160,50.0,270.0
Phaseolus vulgaris,2020-03-07,67,Media,4.162574327111929,1.15,4.7869604761787174,160,50.0,270.0
Phaseolus vulgaris,2020-03-08,68,Media,3.318742993196773,1.15,3.816554442176289,160,50.0,270.0
Phaseolus vulgaris,2020-03-09,69,Media,3.657894654052344,1.15,4.206578852160195,160,50.0,270.0
Phaseolus vulgaris,2020-03-10,70,Media,3.654990455686266,1.15,4.203239024039205,160,50.0,270.0
Phaseolus vulgaris,2020-03-11,71,Media,2.9160716717048847,1.15,3.3534824224606172,160,50.0,270.0
Phaseolus vulgaris,2020-03-12,72,Media,3.0391543127164624,1.15,3.4950274596239317,160,50.0,270.0
Phaseolus vulgaris,2020-03-13,73,Media,2.751291900187232,1.15,3.1639856852153168,160,50.0,270.0
Phaseolus vulgaris,2020-03-14,74,Media,3.0954818724373707,1.15,3.559804153302976,160,50.0,270.0
Phaseolus vulgaris,2020-03-15,75,Media,3.6859685912977582,1.15,4.238863879992421,160,50.0,270.0
Phaseolus vulgaris,2020-03-16,76,Media,4.072028414846871,1.15,4.682832677073901,160,50.0,270.0
Phaseolus vulgaris,2020-03-17,77,Media,4.244282104652327,1.15,4.880924420350175,160,50.0,270.0
Phaseolus vulgaris,2020-03-18,78,Media,4.072709990618711,1.15,4.683616489211517,160,50.0,270.0
Phaseolus vulgaris,2020-03-19,79,Media,4.33804741907124,1.15,4.988754531931926,160,50.0,270.0
Phaseolus vulgaris,2020-03-20,80,Media,2.8463327492466517,1.15,3.2732826616336492,160,50.0,270.0
Phaseolus vulgaris,2020-03-21,81,Media,3.587378486128173,1.15,4.125485259047399,160,50.0,270.0
Phaseolus vulgaris,2020-03-22,82,Media,4.23600731526691,1.15,4.871408412556947,160,50.0,270.0
Phaseolus vulgaris,2020-03-23,83,Media,4.140786645454341,1.15,4.7619046422724916,160,50.0,270.0
Phaseolus vulgaris,2020-03-24,84,Media,3.5213580655362957,1.15,4.0495617753667394,160,50.0,270.0
Phaseolus vulgaris,2020-03-25,85,Media,3.785817309238655,1.15,4.353689905624453,160,50.0,270.0
Phaseolus vulgaris,2020-03-26,86,Media,4.094974473083258,1.15,4.709220644045746,160,50.0,270.0
Phaseolus vulgaris,2020-03-27,87,Media,4.064922203853836,1.15,4.674660534431911,160,50.0,270.0
Phaseolus vulgaris,2020-03-28,88,Media,4.481964011361124,1.15,5.154258613065292,160,50.0,270.0
Phaseolus vulgaris,2020-03-29,89,Media,4.580194076436374,1.15,5.26722318790183,160,50.0,270.0
Phaseolus vulgaris,2020-03-30,90,Media,4.261282578646624,1.15,4.9004749654436175,160,50.0,270.0
Phaseolus vulgaris,2020-03-31,91,Media,3.111587522642977,1.15,3.5783256510394232,160,50.0,270.0
Phaseolus vulgaris,2020-04-01,92,Media,2.560732338953428,1.15,2.9448421897964416,160,50.0,270.0
Phaseolus vulgaris,2020-04-02,93,Media,3.250500510178696,1.15,3.7380755867055,160,50.0,270.0
Phaseolus vulgaris,2020-04-03,94,Media,3.546318729112706,1.15,4.078266538479611,160,50.0,270.0
Phaseolus vulgaris,2020-04-04,95,Media,3.1983273965019574,1.15,3.6780765059772507,160,50.0,270.0
Phaseolus vulgaris,2020-04-05,96,Media,3.6519882567088144,1.15,4.199786495215136,160,50.0,270.0
Phaseolus vulgaris,2020-04-06,97,Media,2.34079121882631,1.15,2.691909901650256,160,50.0,270.0
Phaseolus vulgaris,2020-04-07,98,Media,3.706320231953816,1.15,4.262268266746888,160,50.0,270.0
Phaseolus vulgaris,2020-04-08,99,Media,3.9741211244483456,1.15,4.5702392931155975,160,50.0,270.0
Phaseolus vulgaris,2020-04-09,100,Media,3.3720996276545567,1.15,3.87791457180274,160,50.0,270.0
Phaseolus vulgaris,2020-04-10,101,Media,3.783515554685143,1.15,4.351042887887914,160,50.0,270.0
Phaseolus vulgaris,2020-04-11,102,Media,3.403942726356705,1.15,3.9145341353102103,160,50.0,270.0
Phaseolus vulgaris,2020-04-12,103,Media,4.288764119370986,1.15,4.932078737276633,160,50.0,270.0
Phaseolus vulgaris,2020-04-13,104,Media,4.373105884741337,1.15,5.029071767452537,160,50.0,270.0
Phaseolus vulgaris,2020-04-14,105,Media,3.584325503813914,1.15,4.121974329386001,160,50.0,270.0
Phaseolus vulgaris,2020-04-15,106,Media,3.545881858476116,1.15,4.0777641372475335,160,50.0,270.0
Phaseolus vulgaris,2020-04-16,107,Media,4.018682157398414,1.15,4.621484481008176,160,50.0,270.0
Phaseolus vulgaris,2020-04-17,108,Media,3.628510926153942,1.15,4.172787565077033,160,50.0,270.0
Phaseolus vulgaris,2020-04-18,109,Media,2.5292477099271777,1.15,2.908634866416254,160,50.0,270.0
Phaseolus vulgaris,2020-04-19,110,Media,3.106141700146386,1.15,3.5720629551683434,160,50.0,270.0
Phaseolus vulgaris,2020-04-20,111,Media,4.188602219458617,1.15,4.816892552377409,160,50.0,270.0
Phaseolus vulgaris,2020-04-21,112,Media,2.2758441657574853,1.15,2.617220790621108,160,50.0,270.0
Phaseolus vulgaris,2020-04-22,113,Media,3.692883234278871,1.15,4.2468157194207015,160,50.0,270.0
Phaseolus vulgaris,2020-04-23,114,Media,3.499251075606849,1.15,4.024138736947876,160,50.0,270.0
Phaseolus vulgaris,2020-04-24,115,Media,4.1174120662451,1.15,4.735023876181865,160,50.0,270.0
Phaseolus vulgaris,2020-04-25,116,Media,4.453439178810106,1.15,5.121455055631621,160,50.0,270.0
Phaseolus vulgaris,2020-04-26,117,Media,4.286164115763466,1.15,4.929088733127985,160,50.0,270.0
Phaseolus vulgaris,2020-04-27,118,Media,4.472230207763646,1.15,5.143064738928192,160,50.0,270.0
Phaseolus vulgaris,2020-04-28,119,Media,3.962059339861744,1.15,4.556368240841006,160,50.0,270.0
Phaseolus vulgaris,2020-04-29,120,Media,3.4813790903677484,1.15,4.003585953922911,160,50.0,270.0
Phaseolus vulgaris,2020-04-30,121,Media,3.473373451215684,1.15,3.9943794688980363,160,50.0,270.0
Phaseolus vulgaris,2020-05-01,122,Media,3.36898757341097,1.15,3.874335709422615,160,50.0,270.0
Phaseolus vulgaris,2020-05-02,123,Media,4.087561164355641,1.15,4.700695339008987,160,50.0,270.0
Phaseolus vulgaris,2020-05-03,124,Media,3.5438216831392846,1.15,4.075394935610177,160,50.0,270.0
Phaseolus vulgaris,2020-05-04,125,Media,3.877117985720212,1.15,4.458685683578243,160,50.0,270.0
Phaseolus vulgaris,2020-05-05,126,Media,4.518047256638968,1.15,5.195754345134813,160,50.0,270.0
Phaseolus vulgaris,2020-05-06,127,Media,3.9931635547165225,1.15,4.592138087924001,160,50.0,270.0
Phaseolus vulgaris,2020-05-07,128,Media,3.646031641317633,1.15,4.192936387515278,160,50.0,270.0
Phaseolus vulgaris,2020-05-08,129,Media,4.151030403010967,1.15,4.773684963462612,160,50.0,270.0
Phaseolus vulgaris,2020-05-09,130,Media,4.578543741611044,1.15,5.265325302852701,160,50.0,270.0
Phaseolus vulgaris,2020-05-10,131,Media,4.943520358379509,1.15,5.685048412136434,160,50.0,270.0
Phaseolus vulgaris,2020-05-11,132,Media,4.18875054323294,1.15,4.817063124717881,160,50.0,270.0
Phaseolus vulgaris,2020-05-12,133,Media,3.6334200717273735,1.15,4.178433082486479,160,50.0,270.0
Phaseolus vulgaris,2020-05-13,134,Media,3.15295206555609,1.15,3.6258948753895033,160,50.0,270.0
Phaseolus vulgaris,2020-05-14,135,Media,3.547701414621863,1.15,4.079856626815142,160,50.0,270.0
Phaseolus vulgaris,2020-05-15,136,Media,3.5235746498780687,1.15,4.052110847359779,160,50.0,270.0
Phaseolus vulgaris,2020-05-16,137,Final,4.5597498038257385,1.15,5.2437122743995985,160,50.0,270.0
Phaseolus vulgaris,2020-05-17,138,Final,3.917506637235212,1.1152173913043477,4.3688715323949205,160,50.0,270.0
Phaseolus vulgaris,2020-05-18,139,Final,4.218090602649549,1.0804347826086955,4.557371803297447,160,50.0,270.0
Phaseolus vulgaris,2020-05-19,140,Final,3.0745576088990467,1.0456521739130433,3.2149178475661766,160,50.0,270.0
Phaseolus vulgaris,2020-05-20,141,Final,4.712164018229922,1.0108695652173911,4.763383192341116,160,50.0,270.0
Phaseolus vulgaris,2020-05-21,142,Final,4.686420690875111,0.976086956521739,4.5743541091367925,160,50.0,270.0
Phaseolus vulgaris,2020-05-22,143,Final,3.967053533512568,0.9413043478260869,3.734204739154221,160,50.0,270.0
Phaseolus vulgaris,2020-05-23,144,Final,4.494201505171209,0.9065217391304348,4.074091364470422,160,50.0,270.0
Phaseolus vulgaris,2020-05-24,145,Final,4.689247867867619,0.8717391304347826,4.087800858728076,160,50.0,270.0
Phaseolus vulgaris,2020-05-25,146,Final,4.091066928184689,0.8369565217391304,3.424045146415446,160,50.0,270.0
Phaseolus vulgaris,2020-05-26,147,Final,3.186003360944499,0.8021739130434782,2.555728783018522,160,50.0,270.0
Phaseolus vulgaris,2020-05-27,148,Final,3.702302065571237,0.767391304347826,2.8411144111883617,160,50.0,270.0
Phaseolus vulgaris,2020-05-28,149,Final,2.582445259496454,0.7326086956521738,1.8919218531528366,160,50.0,270.0
Phaseolus vulgaris,2020-05-29,150,Final,3.497788345538276,0.6978260869565217,2.4408479541691013,160,50.0,270.0
Phaseolus vulgaris,2020-05-30,151,Final,2.818308441545778,0.6630434782608695,1.8686610318944832,160,50.0,270.0
Phaseolus vulgaris,2020-05-31,152,Final,2.985771741203317,0.6282608695652173,1.875843550451649,160,50.0,270.0
Phaseolus vulgaris,2020-06-01,153,Final,3.537068386054001,0.5934782608695652,2.099173194332048,160,50.0,270.0
Phaseolus vulgaris,2020-06-02,154,Final,3.5627448782775986,0.558695652173913,1.9904900732985713,160,50.0,270.0
Phaseolus vulgaris,2020-06-03,155,Final,2.8710678227681234,0.5239130434782608,1.5041898810589516,160,50.0,270.0
Phaseolus vulgaris,2020-06-04,156,Final,4.344442673046112,0.48913043478260865,2.1249991335551632,160,50.0,270.0
Phaseolus vulgaris,2020-06-05,157,Final,3.982174882701075,0.45434782608695656,1.8092925010533147,160,50.0,270.0
Phaseolus vulgaris,2020-06-06,158,Final,2.847756592877775,0.41956521739130437,1.1948196139682838,160,50.0,270.0
Phaseolus vulgaris,2020-06-07,159,Final,4.234260628809445,0.3847826086956522,1.629269850650591,160,50.0,270.0
Phaseolus vulgaris,2020-06-08,160,Final,4.113514901637063,0.35,1.439730215572972,160,50.0,270.0
Saccharum officinarum,2020-01-01,1,Inicial,3.0342546341829326,0.4,1.2137018536731732,288,210.0,365.0
Saccharum officinarum,2020-01-02,2,Inicial,3.843924143324504,0.4,1.5375696573298017,288,210.0,365.0
Saccharum officinarum,2020-01-03,3,Inicial,3.942666111588288,0.4,1.5770664446353153,288,210.0,365.0
Saccharum officinarum,2020-01-04,4,Inicial,3.953382104472361,0.4,1.5813528417889444,288,210.0,365.0
Saccharum officinarum,2020-01-05,5,Inicial,3.449275434365756,0.4,1.3797101737463024,288,210.0,365.0
Saccharum officinarum,2020-01-06,6,Inicial,3.563599805963903,0.4,1.4254399223855614,288,210.0,365.0
Saccharum officinarum,2020-01-07,7,Inicial,3.940431573366844,0.4,1.5761726293467377,288,210.0,365.0
Saccharum officinarum,2020-01-08,8,Inicial,3.8625201821577457,0.4,1.5450080728630984,288,210.0,365.0
Saccharum officinarum,2020-01-09,9,Inicial,4.3971423787146,0.4,1.75885695148584,288,210.0,365.0
Saccharum officinarum,2020-01-10,10,Inicial,4.417660163355734,0.4,1.7670640653422938,288,210.0,365.0
Saccharum officinarum,2020-01-11,11,Inicial,4.119383514388907,0.4,1.6477534057555627,288,210.0,365.0
Saccharum officinarum,2020-01-12,12,Inicial,4.320726771844242,0.4,1.728290708737697,288,210.0,365.0
Saccharum officinarum,2020-01-13,13,Inicial,4.46962619570819,0.4,1.787850478283276,288,210.0,365.0
Saccharum officinarum,2020-01-14,14,Inicial,4.202181826835727,0.4,1.680872730734291,288,210.0,365.0
Saccharum officinarum,2020-01-15,15,Inicial,3.8196816035734087,0.4,1.5278726414293635,288,210.0,365.0
Saccharum officinarum,2020-01-16,16,Inicial,4.072625467248526,0.4,1.6290501868994103,288,210.0,365.0
Saccharum officinarum,2020-01-17,17,Inicial,4.428315338591565,0.4,1.771326135436626,288,210.0,365.0
Saccharum officinarum,2020-01-18,18,Inicial,4.182959840843289,0.4,1.6731839363373155,288,210.0,365.0
Saccharum officinarum,2020-01-19,19,Inicial,3.7510453443257994,0.4,1.5004181377303198,288,210.0,365.0
Saccharum officinarum,2020-01-20,20,Inicial,2.8590507888805274,0.4,1.143620315552211,288,210.0,365.0
Saccharum officinarum,2020-01-21,21,Inicial,3.201405185829242,0.4,1.280562074331697,288,210.0,365.0
Saccharum officinarum,2020-01-22,22,Inicial,2.0978392306450253,0.4,0.8391356922580102,288,210.0,365.0
Saccharum officinarum,2020-01-23,23,Inicial,2.86935264275105,0.4,1.14774105710042,288,210.0,365.0
Saccharum officinarum,2020-01-24,24,Inicial,2.7165122939031123,0.4,1.0866049175612449,288,210.0,365.0
Saccharum officinarum,2020-01-25,25,Inicial,3.252189578631824,0.4,1.3008758314527296,288,210.0,365.0
Saccharum officinarum,2020-01-26,26,Inicial,3.176908260350611,0.4,1.2707633041402444,288,210.0,365.0
Saccharum officinarum,2020-01-27,27,Inicial,3.261876815512251,0.4,1.3047507262049005,288,210.0,365.0
Saccharum officinarum,2020-01-28,28,Inicial,3.3234002934852103,0.4,1.329360117394084,288,210.0,365.0
Saccharum officinarum,2020-01-29,29,Inicial,3.5109783751083112,0.4,1.4043913500433245,288,210.0,365.0
Saccharum officinarum,2020-01-30,30,Desarrollo,3.624390921822767,0.4,1.4497563687291068,288,210.0,365.0
Saccharum officinarum,2020-01-31,31,Desarrollo,3.7499258762001375,0.4149122807017544,1.5558902977567237,288,210.0,365.0
Saccharum officinarum,2020-02-01,32,Desarrollo,4.005641030618579,0.4298245614035088,1.7217228991255293,288,210.0,365.0
Saccharum officinarum,2020-02-02,33,Desarrollo,3.342744914421249,0.44473684210526315,1.4866418172031344,288,210.0,365.0
Saccharum officinarum,2020-02-03,34,Desarrollo,4.262069812545409,0.4596491228070176,1.9590566506787672,288,210.0,365.0
Saccharum officinarum,2020-02-04,35,Desarrollo,4.600488188004019,0.47456140350877196,2.183214131324714,288,210.0,365.0
Saccharum officinarum,2020-02-05,36,Desarrollo,4.785203296887103,0.48947368421052634,2.342231087423688,288,210.0,365.0
Saccharum officinarum,2020-02-06,37,Desarrollo,4.726954046422917,0.5043859649122807,2.3842092778010326,288,210.0,365.0
Saccharum officinarum,2020-02-07,38,Desarrollo,4.611074460499368,0.5192982456140351,2.394522877733005,288,210.0,365.0
Saccharum officinarum,2020-02-08,39,Desarrollo,4.363212675069524,0.5342105263157895,2.330874139576614,288,210.0,365.0
Saccharum officinarum,2020-02-09,40,Desarrollo,4.463675256830085,0.5491228070175439,2.4511058866452924,288,210.0,365.0
Saccharum officinarum,2020-02-10,41,Desarrollo,4.916313507089217,0.5640350877192982,2.7729733202266376,288,210.0,365.0
Saccharum officinarum,2020-02-11,42,Desarrollo,4.850507563693527,0.5789473684210527,2.808188589506779,288,210.0,365.0
Saccharum officinarum,2020-02-12,43,Desarrollo,4.643046818547143,0.593859649122807,2.7573181545231717,288,210.0,365.0
Saccharum officinarum,2020-02-13,44,Desarrollo,4.611961074754263,0.6087719298245614,2.8076324437539113,288,210.0,365.0
Saccharum officinarum,2020-02-14,45,Desarrollo,4.220991192010182,0.6236842105263158,2.632565559227403,288,210.0,365.0
Saccharum officinarum,2020-02-15,46,Desarrollo,4.819264668310588,0.6385964912280702,3.0775655074825505,288,210.0,365.0
Saccharum officinarum,2020-02-16,47,Desarrollo,4.844640100563613,0.6535087719298245,3.1660148025613077,288,210.0,365.0
Saccharum officinarum,2020-02-17,48,Desarrollo,5.376526757040151,0.668421052631579,3.5937836744426277,288,210.0,365.0
Saccharum officinarum,2020-02-18,49,Desarrollo,5.178844575293617,0.6833333333333333,3.5388771264506382,288,210.0,365.0
Saccharum officinarum,2020-02-19,50,Desarrollo,4.97394182882615,0.6982456140350877,3.473033066443522,288,210.0,365.0
Saccharum officinarum,2020-02-20,51,Desarrollo,4.4228780588489744,0.7131578947368421,3.1542104051265056,288,210.0,365.0
Saccharum officinarum,2020-02-21,52,Desarrollo,3.7959889635131434,0.7280701754385965,2.7637463506279905,288,210.0,365.0
Saccharum officinarum,2020-02-22,53,Desarrollo,3.3072428726010794,0.7429824561403509,2.4572234325378193,288,210.0,365.0
Saccharum officinarum,2020-02-23,54,Desarrollo,3.229804886467766,0.7578947368421052,2.447852124480833,288,210.0,365.0
Saccharum officinarum,2020-02-24,55,Desarrollo,3.5209327544783124,0.7728070175438597,2.7210015409608714,288,210.0,365.0
Saccharum officinarum,2020-02-25,56,Desarrollo,4.00984640904958,0.787719298245614,3.15863339940923,288,210.0,365.0
Saccharum officinarum,2020-02-26,57,Desarrollo,3.785523855621973,0.8026315789473684,3.038380989380794,288,210.0,365.0
Saccharum officinarum,2020-02-27,58,Desarrollo,3.726136241618912,0.8175438596491228,3.0462798045516015,288,210.0,365.0
Saccharum officinarum,2020-02-28,59,Desarrollo,3.887218638837831,0.8324561403508772,3.2359390247869313,288,210.0,365.0
Saccharum officinarum,2020-02-29,60,Desarrollo,4.280862800027337,0.8473684210526315,3.6274679516021116,288,210.0,365.0
Saccharum officinarum,2020-03-01,61,Desarrollo,4.332175320636316,0.862280701754386,3.735551175601315,288,210.0,365.0
Saccharum officinarum,2020-03-02,62,Desarrollo,4.272763868408447,0.8771929824561404,3.7480384810600413,288,210.0,365.0
Saccharum officinarum,2020-03-03,63,Desarrollo,4.319383879703837,0.8921052631578947,3.85334509268316,288,210.0,365.0
Saccharum officinarum,2020-03-04,64,Desarrollo,4.598482138959539,0.9070175438596491,4.170903975161546,288,210.0,365.0
Saccharum officinarum,2020-03-05,65,Desarrollo,4.867352694470461,0.9219298245614035,4.487357615691627,288,210.0,365.0
Saccharum officinarum,2020-03-06,66,Desarrollo,5.020250443413572,0.9368421052631579,4.703181994355873,288,210.0,365.0
Saccharum officinarum,2020-03-07,67,Desarrollo,4.162574327111929,0.9517543859649124,3.961748372733722,288,210.0,365.0
Saccharum officinarum,2020-03-08,68,Desarrollo,3.318742993196773,0.9666666666666667,3.2081182267568806,288,210.0,365.0
Saccharum officinarum,2020-03-09,69,Desarrollo,3.657894654052344,0.9815789473684211,3.5905123841092745,288,210.0,365.0
Saccharum officinarum,2020-03-10,70,Desarrollo,3.654990455686266,0.9964912280701754,3.642165927771577,288,210.0,365.0
Saccharum officinarum,2020-03-11,71,Desarrollo,2.9160716717048847,1.01140350877193,2.9493251205927478,288,210.0,365.0
Saccharum officinarum,2020-03-12,72,Desarrollo,3.0391543127164624,1.026315789473684,3.1191320577879478,288,210.0,365.0
Saccharum officinarum,2020-03-13,73,Desarrollo,2.751291900187232,1.0412280701754386,2.864722355721267,288,210.0,365.0
Saccharum officinarum,2020-03-14,74,Desarrollo,3.0954818724373707,1.056140350877193,3.269263310889995,288,210.0,365.0
Saccharum officinarum,2020-03-15,75,Desarrollo,3.6859685912977582,1.0710526315789473,3.947866359626809,288,210.0,365.0
Saccharum officinarum,2020-03-16,76,Desarrollo,4.072028414846871,1.0859649122807018,4.422079980333708,288,210.0,365.0
Saccharum officinarum,2020-03-17,77,Desarrollo,4.244282104652327,1.1008771929824561,4.672433369595325,288,210.0,365.0
Saccharum officinarum,2020-03-18,78,Desarrollo,4.072709990618711,1.1157894736842104,4.544286936900877,288,210.0,365.0
Saccharum officinarum,2020-03-19,79,Desarrollo,4.33804741907124,1.130701754385965,4.905037827353359,288,210.0,365.0
Saccharum officinarum,2020-03-20,80,Desarrollo,2.8463327492466517,1.1456140350877193,3.260798746066778,288,210.0,365.0
Saccharum officinarum,2020-03-21,81,Desarrollo,3.587378486128173,1.1605263157894736,4.163247137848748,288,210.0,365.0
Saccharum officinarum,2020-03-22,82,Desarrollo,4.23600731526691,1.1754385964912282,4.979166493383913,288,210.0,365.0
Saccharum officinarum,2020-03-23,83,Desarrollo,4.140786645454341,1.1903508771929825,4.928989015685562,288,210.0,365.0
Saccharum officinarum,2020-03-24,84,Desarrollo,3.5213580655362957,1.2052631578947368,4.244163142146378,288,210.0,365.0
Saccharum officinarum,2020-03-25,85,Desarrollo,3.785817309238655,1.2201754385964914,4.619361295746464,288,210.0,365.0
Saccharum officinarum,2020-03-26,86,Desarrollo,4.094974473083258,1.2350877192982455,5.057652682544935,288,210.0,365.0
Saccharum officinarum,2020-03-27,87,Desarrollo,4.064922203853836,1.25,5.081152754817295,288,210.0,365.0
Saccharum officinarum,2020-03-28,88,Media,4.481964011361124,1.25,5.602455014201405,288,210.0,365.0
Saccharum officinarum,2020-03-29,89,Media,4.580194076436374,1.25,5.725242595545468,288,210.0,365.0
Saccharum officinarum,2020-03-30,90,Media,4.261282578646624,1.25,5.326603223308281,288,210.0,365.0
Saccharum officinarum,2020-03-31,91,Media,3.111587522642977,1.25,3.8894844033037215,288,210.0,365.0
Saccharum officinarum,2020-04-01,92,Media,2.560732338953428,1.25,3.200915423691785,288,210.0,365.0
Saccharum officinarum,2020-04-02,93,Media,3.250500510178696,1.25,4.0631256377233695,288,210.0,365.0
Saccharum officinarum,2020-04-03,94,Media,3.546318729112706,1.25,4.432898411390883,288,210.0,365.0
Saccharum officinarum,2020-04-04,95,Media,3.1983273965019574,1.25,3.9979092456274468,288,210.0,365.0
Saccharum officinarum,2020-04-05,96,Media,3.6519882567088144,1.25,4.564985320886018,288,210.0,365.0
Saccharum officinarum,2020-04-06,97,Media,2.34079121882631,1.25,2.925989023532887,288,210.0,365.0
Saccharum officinarum,2020-04-07,98,Media,3.706320231953816,1.25,4.63290028994227,288,210.0,365.0
Saccharum officinarum,2020-04-08,99,Media,3.9741211244483456,1.25,4.967651405560432,288,210.0,365.0
Saccharum officinarum,2020-04-09,100,Media,3.3720996276545567,1.25,4.215124534568196,288,210.0,365.0
Saccharum officinarum,2020-04-10,101,Media,3.783515554685143,1.25,4.729394443356429,288,210.0,365.0
Saccharum officinarum,2020-04-11,102,Media,3.403942726356705,1.25,4.254928407945881,288,210.0,365.0
Saccharum officinarum,2020-04-12,103,Media,4.288764119370986,1.25,5.360955149213732,288,210.0,365.0
Saccharum officinarum,2020-04-13,104,Media,4.373105884741337,1.25,5.466382355926671,288,210.0,365.0
Saccharum officinarum,2020-04-14,105,Media,3.584325503813914,1.25,4.480406879767393,288,210.0,365.0
Saccharum officinarum,2020-04-15,106,Media,3.545881858476116,1.25,4.432352323095145,288,210.0,365.0
Saccharum officinarum,2020-04-16,107,Media,4.018682157398414,1.25,5.023352696748018,288,210.0,365.0
Saccharum officinarum,2020-04-17,108,Media,3.628510926153942,1.25,4.535638657692427,288,210.0,365.0
Saccharum officinarum,2020-04-18,109,Media,2.5292477099271777,1.25,3.1615596374089723,288,210.0,365.0
Saccharum officinarum,2020-04-19,110,Media,3.106141700146386,1.25,3.8826771251829824,288,210.0,365.0
Saccharum officinarum,2020-04-20,111,Media,4.188602219458617,1.25,5.235752774323271,288,210.0,365.0
Saccharum officinarum,2020-04-21,112,Media,2.2758441657574853,1.25,2.8448052071968566,288,210.0,365.0
Saccharum officinarum,2020-04-22,113,Media,3.692883234278871,1.25,4.616104042848589,288,210.0,365.0
Saccharum officinarum,2020-04-23,114,Media,3.499251075606849,1.25,4.374063844508561,288,210.0,365.0
Saccharum officinarum,2020-04-24,115,Media,4.1174120662451,1.25,5.146765082806375,288,210.0,365.0
Saccharum officinarum,2020-04-25,116,Media,4.453439178810106,1.25,5.566798973512633,288,210.0,365.0
Saccharum officinarum,2020-04-26,117,Media,4.286164115763466,1.25,5.357705144704332,288,210.0,365.0
Saccharum officinarum,2020-04-27,118,Media,4.472230207763646,1.25,5.590287759704557,288,210.0,365.0
Saccharum officinarum,2020-04-28,119,Media,3.962059339861744,1.25,4.9525741748271805,288,210.0,365.0
Saccharum officinarum,2020-04-29,120,Media,3.4813790903677484,1.25,4.351723862959686,288,210.0,365.0
Saccharum officinarum,2020-04-30,121,Media,3.473373451215684,1.25,4.341716814019605,288,210.0,365.0
Saccharum officinarum,2020-05-01,122,Media,3.36898757341097,1.25,4.211234466763712,288,210.0,365.0
Saccharum officinarum,2020-05-02,123,Media,4.087561164355641,1.25,5.109451455444551,288,210.0,365.0
Saccharum officinarum,2020-05-03,124,Media,3.5438216831392846,1.25,4.429777103924105,288,210.0,365.0
Saccharum officinarum,2020-05-04,125,Media,3.877117985720212,1.25,4.846397482150265,288,210.0,365.0
Saccharum officinarum,2020-05-05,126,Media,4.518047256638968,1.25,5.64755907079871,288,210.0,365.0
Saccharum officinarum,2020-05-06,127,Media,3.9931635547165225,1.25,4.991454443395654,288,210.0,365.0
Saccharum officinarum,2020-05-07,128,Media,3.646031641317633,1.25,4.557539551647041,288,210.0,365.0
Saccharum officinarum,2020-05-08,129,Media,4.151030403010967,1.25,5.188788003763709,288,210.0,365.0
Saccharum officinarum,2020-05-09,130,Media,4.578543741611044,1.25,5.723179677013805,288,210.0,365.0
Saccharum officinarum,2020-05-10,131,Media,4.943520358379509,1.25,6.179400447974386,288,210.0,365.0
Saccharum officinarum,2020-05-11,132,Media,4.18875054323294,1.25,5.235938179041176,288,210.0,365.0
Saccharum officinarum,2020-05-12,133,Media,3.6334200717273735,1.25,4.541775089659216,288,210.0,365.0
Saccharum officinarum,2020-05-13,134,Media,3.15295206555609,1.25,3.9411900819451122,288,210.0,365.0
Saccharum officinarum,2020-05-14,135,Media,3.547701414621863,1.25,4.434626768277329,288,210.0,365.0
Saccharum officinarum,2020-05-15,136,Media,3.5235746498780687,1.25,4.404468312347586,288,210.0,365.0
Saccharum officinarum,2020-05-16,137,Media,4.5597498038257385,1.25,5.699687254782173,288,210.0,365.0
Saccharum officinarum,2020-05-17,138,Media,3.917506637235212,1.25,4.896883296544015,288,210.0,365.0
Saccharum officinarum,2020-05-18,139,Media,4.218090602649549,1.25,5.2726132533119365,288,210.0,365.0
Saccharum officinarum,2020-05-19,140,Media,3.0745576088990467,1.25,3.8431970111238085,288,210.0,365.0
Saccharum officinarum,2020-05-20,141,Media,4.712164018229922,1.25,5.890205022787402,288,210.0,365.0
Saccharum officinarum,2020-05-21,142,Media,4.686420690875111,1.25,5.858025863593888,288,210.0,365.0
Saccharum officinarum,2020-05-22,143,Media,3.967053533512568,1.25,4.95881691689071,288,210.0,365.0
Saccharum officinarum,2020-05-23,144,Media,4.494201505171209,1.25,5.617751881464011,288,210.0,365.0
Saccharum officinarum,2020-05-24,145,Media,4.689247867867619,1.25,5.861559834834523,288,210.0,365.0
Saccharum officinarum,2020-05-25,146,Media,4.091066928184689,1.25,5.113833660230861,288,210.0,365.0
Saccharum officinarum,2020-05-26,147,Media,3.186003360944499,1.25,3.9825042011806238,288,210.0,365.0
Saccharum officinarum,2020-05-27,148,Media,3.702302065571237,1.25,4.6278775819640465,288,210.0,365.0
Saccharum officinarum,2020-05-28,149,Media,2.582445259496454,1.25,3.2280565743705676,288,210.0,365.0
Saccharum officinarum,2020-05-29,150,Media,3.497788345538276,1.25,4.372235431922845,288,210.0,365.0
Saccharum officinarum,2020-05-30,151,Media,2.818308441545778,1.25,3.5228855519322226,288,210.0,365.0
Saccharum officinarum,2020-05-31,152,Media,2.985771741203317,1.25,3.7322146765041464,288,210.0,365.0
Saccharum officinarum,2020-06-01,153,Media,3.537068386054001,1.25,4.4213354825675015,288,210.0,365.0
Saccharum officinarum,2020-06-02,154,Media,3.5627448782775986,1.25,4.453431097846998,288,210.0,365.0
Saccharum officinarum,2020-06-03,155,Media,2.8710678227681234,1.25,3.5888347784601544,288,210.0,365.0
Saccharum officinarum,2020-06-04,156,Media,4.344442673046112,1.25,5.43055334130764,288,210.0,365.0
Saccharum officinarum,2020-06-05,157,Media,3.982174882701075,1.25,4.977718603376344,288,210.0,365.0
Saccharum officinarum,2020-06-06,158,Media,2.847756592877775,1.25,3.5596957410972188,288,210.0,365.0
Saccharum officinarum,2020-06-07,159,Media,4.234260628809445,1.25,5.292825786011806,288,210.0,365.0
Saccharum officinarum,2020-06-08,160,Media,4.113514901637063,1.25,5.141893627046329,288,210.0,365.0
Saccharum officinarum,2020-06-09,161,Media,3.914096220663248,1.25,4.89262027582906,288,210.0,365.0
Saccharum officinarum,2020-06-10,162,Media,2.6450130157662706,1.25,3.306266269707838,288,210.0,365.0
Saccharum officinarum,2020-06-11,163,Media,3.55678824486003,1.25,4.445985306075038,288,210.0,365.0
Saccharum officinarum,2020-06-12,164,Media,3.2040947365224195,1.25,4.005118420653025,288,210.0,365.0
Saccharum officinarum,2020-06-13,165,Media,4.023175982583667,1.25,5.028969978229584,288,210.0,365.0
Saccharum officinarum,2020-06-14,166,Media,3.723225135300693,1.25,4.654031419125866,288,210.0,365.0
Saccharum officinarum,2020-06-15,167,Media,3.285507272083842,1.25,4.106884090104803,288,210.0,365.0
Saccharum officinarum,2020-06-16,168,Media,3.7744037900753176,1.25,4.718004737594147,288,210.0,365.0
Saccharum officinarum,2020-06-17,169,Media,3.130092031945848,1.25,3.91261503993231,288,210.0,365.0
Saccharum officinarum,2020-06-18,170,Media,3.5160953290324697,1.25,4.395119161290587,288,210.0,365.0
Saccharum officinarum,2020-06-19,171,Media,4.279390435699067,1.25,5.349238044623834,288,210.0,365.0
Saccharum officinarum,2020-06-20,172,Media,3.542535653427564,1.25,4.428169566784455,288,210.0,365.0
Saccharum officinarum,2020-06-21,173,Media,4.169141145981247,1.25,5.211426432476559,288,210.0,365.0
Saccharum officinarum,2020-06-22,174,Media,3.705803770424169,1.25,4.632254713030211,288,210.0,365.0
Saccharum officinarum,2020-06-23,175,Media,4.213525961980972,1.25,5.2669074524762145,288,210.0,365.0
Saccharum officinarum,2020-06-24,176,Media,4.471352096882871,1.25,5.589190121103589,288,210.0,365.0
Saccharum officinarum,2020-06-25,177,Media,4.645455825759037,1.25,5.806819782198796,288,210.0,365.0
Saccharum officinarum,2020-06-26,178,Media,3.702762876496617,1.25,4.628453595620771,288,210.0,365.0
Saccharum officinarum,2020-06-27,179,Media,3.770479107930756,1.25,4.713098884913444,288,210.0,365.0
Saccharum officinarum,2020-06-28,180,Media,3.108744089297385,1.25,3.8859301116217315,288,210.0,365.0
Saccharum officinarum,2020-06-29,181,Media,4.247809162867585,1.25,5.309761453584482,288,210.0,365.0
Saccharum officinarum,2020-06-30,182,Media,4.451871884625522,1.25,5.564839855781902,288,210.0,365.0
Saccharum officinarum,2020-07-01,183,Media,3.862345257080348,1.25,4.827931571350435,288,210.0,365.0
Saccharum officinarum,2020-07-02,184,Media,3.2547002494927577,1.25,4.068375311865947,288,210.0,365.0
Saccharum officinarum,2020-07-03,185,Media,3.886238444089205,1.25,4.857798055111506,288,210.0,365.0
Saccharum officinarum,2020-07-04,186,Media,3.441158172047357,1.25,4.301447715059196,288,210.0,365.0
Saccharum officinarum,2020-07-05,187,Media,3.596564615721647,1.25,4.495705769652059,288,210.0,365.0
Saccharum officinarum,2020-07-06,188,Media,3.584108970754471,1.25,4.480136213443089,288,210.0,365.0
Saccharum officinarum,2020-07-07,189,Media,3.809417532678663,1.25,4.761771915848328,288,210.0,365.0
Saccharum officinarum,2020-07-08,190,Media,3.6115233686408375,1.25,4.514404210801047,288,210.0,365.0
Saccharum officinarum,2020-07-09,191,Media,4.133683990089708,1.25,5.167104987612135,288,210.0,365.0
Saccharum officinarum,2020-07-10,192,Media,3.656624322409555,1.25,4.570780403011944,288,210.0,365.0
Saccharum officinarum,2020-07-11,193,Media,2.8328367298997463,1.25,3.541045912374683,288,210.0,365.0
Saccharum officinarum,2020-07-12,194,Media,3.534007528251145,1.25,4.417509410313931,288,210.0,365.0
Saccharum officinarum,2020-07-13,195,Media,4.386373972155323,1.25,5.482967465194154,288,210.0,365.0
Saccharum officinarum,2020-07-14,196,Media,4.180500170679756,1.25,5.225625213349695,288,210.0,365.0
Saccharum officinarum,2020-07-15,197,Media,4.217261060215749,1.25,5.271576325269686,288,210.0,365.0
Saccharum officinarum,2020-07-16,198,Media,4.080699106042069,1.25,5.100873882552587,288,210.0,365.0
Saccharum officinarum,2020-07-17,199,Media,4.021922500955121,1.25,5.027403126193901,288,210.0,365.0
Saccharum officinarum,2020-07-18,200,Media,4.03400280751389,1.25,5.042503509392362,288,210.0,365.0
Saccharum officinarum,2020-07-19,201,Media,4.116768596014358,1.25,5.145960745017948,288,210.0,365.0
Saccharum officinarum,2020-07-20,202,Media,3.6865675008972536,1.25,4.608209376121567,288,210.0,365.0
Saccharum officinarum,2020-07-21,203,Media,3.316968686489973,1.25,4.146210858112466,288,210.0,365.0
Saccharum officinarum,2020-07-22,204,Media,3.4063306175298087,1.25,4.257913271912261,288,210.0,365.0
Saccharum officinarum,2020-07-23,205,Media,3.754794548938984,1.25,4.69349318617373,288,210.0,365.0
Saccharum officinarum,2020-07-24,206,Media,3.220432701034444,1.25,4.025540876293055,288,210.0,365.0
Saccharum officinarum,2020-07-25,207,Media,3.511816314303588,1.25,4.389770392879485,288,210.0,365.0
Saccharum officinarum,2020-07-26,208,Media,3.567641018372178,1.25,4.459551272965222,288,210.0,365.0
Saccharum officinarum,2020-07-27,209,Media,3.851173942973823,1.25,4.813967428717279,288,210.0,365.0
Saccharum officinarum,2020-07-28,210,Media,4.614452793530403,1.25,5.768065991913004,288,210.0,365.0
Saccharum officinarum,2020-07-29,211,Media,4.488012331536988,1.25,5.610015414421236,288,210.0,365.0
Saccharum officinarum,2020-07-30,212,Media,3.8274155447214846,1.25,4.784269430901856,288,210.0,365.0
Saccharum officinarum,2020-07-31,213,Media,4.217594729336366,1.25,5.271993411670457,288,210.0,365.0
Saccharum officinarum,2020-08-01,214,Media,3.789040719191739,1.25,4.736300898989674,288,210.0,365.0
Saccharum officinarum,2020-08-02,215,Media,4.307955256533312,1.25,5.38494407066664,288,210.0,365.0
Saccharum officinarum,2020-08-03,216,Media,4.048378397281383,1.25,5.060472996601729,288,210.0,365.0
Saccharum officinarum,2020-08-04,217,Media,3.978606360882273,1.25,4.973257951102841,288,210.0,365.0
Saccharum officinarum,2020-08-05,218,Media,3.683343256608352,1.25,4.60417907076044,288,210.0,365.0
Saccharum officinarum,2020-08-06,219,Media,3.469972064823868,1.25,4.337465081029835,288,210.0,365.0
Saccharum officinarum,2020-08-07,220,Media,4.006777777810751,1.25,5.008472222263439,288,210.0,365.0
Saccharum officinarum,2020-08-08,221,Media,4.247163864125888,1.25,5.30895483015736,288,210.0,365.0
Saccharum officinarum,2020-08-09,222,Media,3.5865878581047883,1.25,4.483234822630985,288,210.0,365.0
Saccharum officinarum,2020-08-10,223,Media,4.058857587238752,1.25,5.0735719840484395,288,210.0,365.0
Saccharum officinarum,2020-08-11,224,Media,3.811010266599204,1.25,4.763762833249005,288,210.0,365.0
Saccharum officinarum,2020-08-12,225,Media,4.236369056357191,1.25,5.295461320446488,288,210.0,365.0
Saccharum officinarum,2020-08-13,226,Media,4.078836513473983,1.25,5.098545641842479,288,210.0,365.0
Saccharum officinarum,2020-08-14,227,Media,3.693680845482832,1.25,4.6171010568535396,288,210.0,365.0
Saccharum officinarum,2020-08-15,228,Media,3.6697513379189233,1.25,4.587189172398654,288,210.0,365.0
Saccharum officinarum,2020-08-16,229,Media,3.866739701613336,1.25,4.83342462701667,288,210.0,365.0
Saccharum officinarum,2020-08-17,230,Media,2.9696602371300824,1.25,3.712075296412603,288,210.0,365.0
Saccharum officinarum,2020-08-18,231,Media,3.4011071353313844,1.25,4.251383919164231,288,210.0,365.0
Saccharum officinarum,2020-08-19,232,Media,2.972362938932547,1.25,3.7154536736656842,288,210.0,365.0
Saccharum officinarum,2020-08-20,233,Media,3.4926959280361967,1.25,4.365869910045246,288,210.0,365.0
Saccharum officinarum,2020-08-21,234,Media,3.344462245472686,1.25,4.180577806840857,288,210.0,365.0
Saccharum officinarum,2020-08-22,235,Media,3.401675954214022,1.25,4.252094942767528,288,210.0,365.0
Saccharum officinarum,2020-08-23,236,Media,2.763013432473396,1.25,3.4537667905917453,288,210.0,365.0
Saccharum officinarum,2020-08-24,237,Media,3.7764439001039616,1.25,4.720554875129952,288,210.0,365.0
Saccharum officinarum,2020-08-25,238,Media,3.421240103114977,1.25,4.276550128893721,288,210.0,365.0
Saccharum officinarum,2020-08-26,239,Media,3.2697636920101525,1.25,4.08720461501269,288,210.0,365.0
Saccharum officinarum,2020-08-27,240,Media,4.07901168292553,1.25,5.098764603656912,288,210.0,365.0
Saccharum officinarum,2020-08-28,241,Media,4.479054684173853,1.25,5.5988183552173165,288,210.0,365.0
Saccharum officinarum,2020-08-29,242,Media,4.459200074069646,1.25,5.574000092587057,288,210.0,365.0
Saccharum officinarum,2020-08-30,243,Media,3.631992479329018,1.25,4.539990599161273,288,210.0,365.0
Saccharum officinarum,2020-08-31,244,Media,3.4904106280938936,1.25,4.363013285117367,288,210.0,365.0
Saccharum officinarum,2020-09-01,245,Media,3.9679063737223887,1.25,4.959882967152986,288,210.0,365.0
Saccharum officinarum,2020-09-02,246,Final,2.8322690513345354,1.25,3.540336314168169,288,210.0,365.0
Saccharum officinarum,2020-09-03,247,Final,3.9555150300472537,1.2380952380952381,4.897304322915647,288,210.0,365.0
Saccharum officinarum,2020-09-04,248,Final,3.8475058242000615,1.2261904761904763,4.717774998721504,288,210.0,365.0
Saccharum officinarum,2020-09-05,249,Final,4.552311058786799,1.2142857142857142,5.527806285669684,288,210.0,365.0
Saccharum officinarum,2020-09-06,250,Final,3.74908417356018,1.2023809523809523,4.507827399161645,288,210.0,365.0
Saccharum officinarum,2020-09-07,251,Final,3.65504017615503,1.1904761904761905,4.351238304946465,288,210.0,365.0
Saccharum officinarum,2020-09-08,252,Final,2.800050220726518,1.1785714285714286,3.3000591887133965,288,210.0,365.0
Saccharum officinarum,2020-09-09,253,Final,3.353704830274756,1.1666666666666667,3.912655635320549,288,210.0,365.0
Saccharum officinarum,2020-09-10,254,Final,4.06633636662925,1.1547619047619047,4.6956503281313955,288,210.0,365.0
Saccharum officinarum,2020-09-11,255,Final,3.749331472892957,1.1428571428571428,4.284950254734808,288,210.0,365.0
Saccharum officinarum,2020-09-12,256,Final,3.084947841979496,1.130952380952381,3.4889291070006205,288,210.0,365.0
Saccharum officinarum,2020-09-13,257,Final,3.914007650307738,1.119047619047619,4.37996094201104,288,210.0,365.0
Saccharum officinarum,2020-09-14,258,Final,4.455047048925534,1.1071428571428572,4.932373518453271,288,210.0,365.0
Saccharum officinarum,2020-09-15,259,Final,3.824692734978629,1.0952380952380953,4.1889491859289745,288,210.0,365.0
Saccharum officinarum,2020-09-16,260,Final,4.042575304183319,1.0833333333333333,4.3794565795319285,288,210.0,365.0
Saccharum officinarum,2020-09-17,261,Final,3.5924067821994794,1.0714285714285714,3.849007266642299,288,210.0,365.0
Saccharum officinarum,2020-09-18,262,Final,3.43529005059044,1.0595238095238095,3.6397716012208234,288,210.0,365.0
Saccharum officinarum,2020-09-19,263,Final,3.7946044026320016,1.0476190476190477,3.975299850376383,288,210.0,365.0
Saccharum officinarum,2020-09-20,264,Final,3.248266332200933,1.0357142857142858,3.3642758440652525,288,210.0,365.0
Saccharum officinarum,2020-09-21,265,Final,3.992279771234903,1.0238095238095237,4.0873340515024,288,210.0,365.0
Saccharum officinarum,2020-09-22,266,Final,4.562787094827231,1.0119047619047619,4.617105988813269,288,210.0,365.0
Saccharum officinarum,2020-09-23,267,Final,3.816857021701892,1.0,3.816857021701892,288,210.0,365.0
Saccharum officinarum,2020-09-24,268,Final,3.8677984715750666,0.9880952380952381,3.8217532516753634,288,210.0,365.0
Saccharum officinarum,2020-09-25,269,Final,4.212374008387043,0.9761904761904762,4.112079389139732,288,210.0,365.0
Saccharum officinarum,2020-09-26,270,Final,3.698207787169113,0.9642857142857143,3.566128937627359,288,210.0,365.0
Saccharum officinarum,2020-09-27,271,Final,3.5691022737127,0.9523809523809523,3.399145022583524,288,210.0,365.0
Saccharum officinarum,2020-09-28,272,Final,4.31175632849997,0.9404761904761905,4.055104166089258,288,210.0,365.0
Saccharum officinarum,2020-09-29,273,Final,4.1565778704954335,0.9285714285714286,3.859679451174331,288,210.0,365.0
Saccharum officinarum,2020-09-30,274,Final,3.906420442504965,0.9166666666666667,3.5808854056295516,288,210.0,365.0
Saccharum officinarum,2020-10-01,275,Final,4.0924197198876735,0.9047619047619048,3.7026654608507523,288,210.0,365.0
Saccharum officinarum,2020-10-02,276,Final,3.596470919317475,0.8928571428571428,3.2111347493906024,288,210.0,365.0
Saccharum officinarum,2020-10-03,277,Final,4.196633608833961,0.8809523809523809,3.697034369687061,288,210.0,365.0
Saccharum officinarum,2020-10-04,278,Final,3.7310993367112464,0.8690476190476191,3.2425029949990596,288,210.0,365.0
Saccharum officinarum,2020-10-05,279,Final,4.201219932445121,0.8571428571428572,3.6010456563815327,288,210.0,365.0
Saccharum officinarum,2020-10-06,280,Final,3.044517895379635,0.8452380952380952,2.573342506808977,288,210.0,365.0
Saccharum officinarum,2020-10-07,281,Final,3.98220729110666,0.8333333333333333,3.3185060759222162,288,210.0,365.0
Saccharum officinarum,2020-10-08,282,Final,4.0275356703480325,0.8214285714285714,3.308332872071598,288,210.0,365.0
Saccharum officinarum,2020-10-09,283,Final,4.199936811511572,0.8095238095238095,3.3999488474141297,288,210.0,365.0
Saccharum officinarum,2020-10-10,284,Final,4.255066389125626,0.7976190476190477,3.393922000850202,288,210.0,365.0
Saccharum officinarum,2020-10-11,285,Final,4.917974502011717,0.7857142857142857,3.8641228230092057,288,210.0,365.0
Saccharum officinarum,2020-10-12,286,Final,3.342784388773135,0.7738095238095238,2.5866783960744497,288,210.0,365.0
Saccharum officinarum,2020-10-13,287,Final,3.372869796215716,0.7619047619047619,2.5698055590214977,288,210.0,365.0
Saccharum officinarum,2020-10-14,288,Final,3.8335200502944247,0.75,2.8751400377208185,288,210.0,365.0
Solanum tuberosum,2020-01-01,1,Inicial,3.0342546341829326,0.5,1.5171273170914663,125,90.0,160.0
Solanum tuberosum,2020-01-02,2,Inicial,3.843924143324504,0.5,1.921962071662252,125,90.0,160.0
Solanum tuberosum,2020-01-03,3,Inicial,3.942666111588288,0.5,1.971333055794144,125,90.0,160.0
Solanum tuberosum,2020-01-04,4,Inicial,3.953382104472361,0.5,1.9766910522361805,125,90.0,160.0
Solanum tuberosum,2020-01-05,5,Inicial,3.449275434365756,0.5,1.724637717182878,125,90.0,160.0
Solanum tuberosum,2020-01-06,6,Inicial,3.563599805963903,0.5,1.7817999029819516,125,90.0,160.0
Solanum tuberosum,2020-01-07,7,Inicial,3.940431573366844,0.5,1.970215786683422,125,90.0,160.0
Solanum tuberosum,2020-01-08,8,Inicial,3.8625201821577457,0.5,1.9312600910788729,125,90.0,160.0
Solanum tuberosum,2020-01-09,9,Inicial,4.3971423787146,0.5,2.1985711893573,125,90.0,160.0
Solanum tuberosum,2020-01-10,10,Inicial,4.417660163355734,0.5,2.208830081677867,125,90.0,160.0
Solanum tuberosum,2020-01-11,11,Inicial,4.119383514388907,0.5,2.0596917571944533,125,90.0,160.0
Solanum tuberosum,2020-01-12,12,Inicial,4.320726771844242,0.5,2.160363385922121,125,90.0,160.0
Solanum tuberosum,2020-01-13,13,Desarrollo,4.46962619570819,0.5,2.234813097854095,125,90.0,160.0
Solanum tuberosum,2020-01-14,14,Desarrollo,4.202181826835727,0.5270833333333333,2.2149000045613314,125,90.0,160.0
Solanum tuberosum,2020-01-15,15,Desarrollo,3.8196816035734087,0.5541666666666667,2.116740221980264,125,90.0,160.0
Solanum tuberosum,2020-01-16,16,Desarrollo,4.072625467248526,0.58125,2.367213552838206,125,90.0,160.0
Solanum tuberosum,2020-01-17,17,Desarrollo,4.428315338591565,0.6083333333333333,2.693891830976535,125,90.0,160.0
Solanum tuberosum,2020-01-18,18,Desarrollo,4.182959840843289,0.6354166666666666,2.657922398869173,125,90.0,160.0
Solanum tuberosum,2020-01-19,19,Desarrollo,3.7510453443257994,0.6625,2.4850675406158422,125,90.0,160.0
Solanum tuberosum,2020-01-20,20,Desarrollo,2.8590507888805274,0.6895833333333333,1.9715537731655304,125,90.0,160.0
Solanum tuberosum,2020-01-21,21,Desarrollo,3.201405185829242,0.7166666666666666,2.294340383177623,125,90.0,160.0
Solanum tuberosum,2020-01-22,22,Desarrollo,2.0978392306450253,0.7437499999999999,1.5602679277922373,125,90.0,160.0
Solanum tuberosum,2020-01-23,23,Desarrollo,2.86935264275105,0.7708333333333333,2.2117926621206005,125,90.0,160.0
Solanum tuberosum,2020-01-24,24,Desarrollo,2.7165122939031123,0.7979166666666666,2.1675504345101917,125,90.0,160.0
Solanum tuberosum,2020-01-25,25,Desarrollo,3.252189578631824,0.825,2.6830564023712546,125,90.0,160.0
Solanum tuberosum,2020-01-26,26,Desarrollo,3.176908260350611,0.8520833333333333,2.7069905801737497,125,90.0,160.0
Solanum tuberosum,2020-01-27,27,Desarrollo,3.261876815512251,0.8791666666666667,2.8677333669711875,125,90.0,160.0
Solanum tuberosum,2020-01-28,28,Desarrollo,3.3234002934852103,0.90625,3.0118315159709717,125,90.0,160.0
Solanum tuberosum,2020-01-29,29,Desarrollo,3.5109783751083112,0.9333333333333332,3.27691315010109,125,90.0,160.0
Solanum tuberosum,2020-01-30,30,Desarrollo,3.624390921822767,0.9604166666666667,3.480925447833949,125,90.0,160.0
Solanum tuberosum,2020-01-31,31,Desarrollo,3.7499258762001375,0.9874999999999999,3.7030518027476353,125,90.0,160.0
Solanum tuberosum,2020-02-01,32,Desarrollo,4.005641030618579,1.0145833333333334,4.064056628981766,125,90.0,160.0
Solanum tuberosum,2020-02-02,33,Desarrollo,3.342744914421249,1.0416666666666665,3.482025952522134,125,90.0,160.0
Solanum tuberosum,2020-02-03,34,Desarrollo,4.262069812545409,1.0687499999999999,4.5550871121579055,125,90.0,160.0
Solanum tuberosum,2020-02-04,35,Desarrollo,4.600488188004019,1.0958333333333332,5.04136830602107,125,90.0,160.0
Solanum tuberosum,2020-02-05,36,Desarrollo,4.785203296887103,1.1229166666666666,5.37338453546281,125,90.0,160.0
Solanum tuberosum,2020-02-06,37,Desarrollo,4.726954046422917,1.15,5.435997153386355,125,90.0,160.0
Solanum tuberosum,2020-02-07,38,Media,4.611074460499368,1.15,5.302735629574273,125,90.0,160.0
Solanum tuberosum,2020-02-08,39,Media,4.363212675069524,1.15,5.017694576329952,125,90.0,160.0
Solanum tuberosum,2020-02-09,40,Media,4.463675256830085,1.15,5.133226545354597,125,90.0,160.0
Solanum tuberosum,2020-02-10,41,Media,4.916313507089217,1.15,5.6537605331525995,125,90.0,160.0
Solanum tuberosum,2020-02-11,42,Media,4.850507563693527,1.15,5.578083698247555,125,90.0,160.0
Solanum tuberosum,2020-02-12,43,Media,4.643046818547143,1.15,5.339503841329214,125,90.0,160.0
Solanum tuberosum,2020-02-13,44,Media,4.611961074754263,1.15,5.303755235967402,125,90.0,160.0
Solanum tuberosum,2020-02-14,45,Media,4.220991192010182,1.15,4.854139870811709,125,90.0,160.0
Solanum tuberosum,2020-02-15,46,Media,4.819264668310588,1.15,5.542154368557176,125,90.0,160.0
Solanum tuberosum,2020-02-16,47,Media,4.844640100563613,1.15,5.571336115648154,125,90.0,160.0
Solanum tuberosum,2020-02-17,48,Media,5.376526757040151,1.15,6.183005770596173,125,90.0,160.0
Solanum tuberosum,2020-02-18,49,Media,5.178844575293617,1.15,5.955671261587659,125,90.0,160.0
Solanum tuberosum,2020-02-19,50,Media,4.97394182882615,1.15,5.7200331031500715,125,90.0,160.0
Solanum tuberosum,2020-02-20,51,Media,4.4228780588489744,1.15,5.08630976767632,125,90.0,160.0
Solanum tuberosum,2020-02-21,52,Media,3.7959889635131434,1.15,4.365387308040114,125,90.0,160.0
Solanum tuberosum,2020-02-22,53,Media,3.3072428726010794,1.15,3.803329303491241,125,90.0,160.0
Solanum tuberosum,2020-02-23,54,Media,3.229804886467766,1.15,3.7142756194379305,125,90.0,160.0
Solanum tuberosum,2020-02-24,55,Media,3.5209327544783124,1.15,4.049072667650059,125,90.0,160.0
Solanum tuberosum,2020-02-25,56,Media,4.00984640904958,1.15,4.611323370407016,125,90.0,160.0
Solanum tuberosum,2020-02-26,57,Media,3.785523855621973,1.15,4.353352433965268,125,90.0,160.0
Solanum tuberosum,2020-02-27,58,Media,3.726136241618912,1.15,4.285056677861748,125,90.0,160.0
Solanum tuberosum,2020-02-28,59,Media,3.887218638837831,1.15,4.470301434663505,125,90.0,160.0
Solanum tuberosum,2020-02-29,60,Media,4.280862800027337,1.15,4.922992220031437,125,90.0,160.0
Solanum tuberosum,2020-03-01,61,Media,4.332175320636316,1.15,4.982001618731763,125,90.0,160.0
Solanum tuberosum,2020-03-02,62,Media,4.272763868408447,1.15,4.913678448669714,125,90.0,160.0
Solanum tuberosum,2020-03-03,63,Media,4.319383879703837,1.15,4.967291461659412,125,90.0,160.0
Solanum tuberosum,2020-03-04,64,Media,4.598482138959539,1.15,5.288254459803469,125,90.0,160.0
Solanum tuberosum,2020-03-05,65,Media,4.867352694470461,1.15,5.59745559864103,125,90.0,160.0
Solanum tuberosum,2020-03-06,66,Media,5.020250443413572,1.15,5.773288009925608,125,90.0,160.0
Solanum tuberosum,2020-03-07,67,Media,4.162574327111929,1.15,4.7869604761787174,125,90.0,160.0
Solanum tuberosum,2020-03-08,68,Media,3.318742993196773,1.15,3.816554442176289,125,90.0,160.0
Solanum tuberosum,2020-03-09,69,Media,3.657894654052344,1.15,4.206578852160195,125,90.0,160.0
Solanum tuberosum,2020-03-10,70,Media,3.654990455686266,1.15,4.203239024039205,125,90.0,160.0
Solanum tuberosum,2020-03-11,71,Media,2.9160716717048847,1.15,3.3534824224606172,125,90.0,160.0
Solanum tuberosum,2020-03-12,72,Media,3.0391543127164624,1.15,3.4950274596239317,125,90.0,160.0
Solanum tuberosum,2020-03-13,73,Media,2.751291900187232,1.15,3.1639856852153168,125,90.0,160.0
Solanum tuberosum,2020-03-14,74,Media,3.0954818724373707,1.15,3.559804153302976,125,90.0,160.0
Solanum tuberosum,2020-03-15,75,Media,3.6859685912977582,1.15,4.238863879992421,125,90.0,160.0
Solanum tuberosum,2020-03-16,76,Media,4.072028414846871,1.15,4.682832677073901,125,90.0,160.0
Solanum tuberosum,2020-03-17,77,Media,4.244282104652327,1.15,4.880924420350175,125,90.0,160.0
Solanum tuberosum,2020-03-18,78,Media,4.072709990618711,1.15,4.683616489211517,125,90.0,160.0
Solanum tuberosum,2020-03-19,79,Media,4.33804741907124,1.15,4.988754531931926,125,90.0,160.0
Solanum tuberosum,2020-03-20,80,Media,2.8463327492466517,1.15,3.2732826616336492,125,90.0,160.0
Solanum tuberosum,2020-03-21,81,Media,3.587378486128173,1.15,4.125485259047399,125,90.0,160.0
Solanum tuberosum,2020-03-22,82,Media,4.23600731526691,1.15,4.871408412556947,125,90.0,160.0
Solanum tuberosum,2020-03-23,83,Media,4.140786645454341,1.15,4.7619046422724916,125,90.0,160.0
Solanum tuberosum,2020-03-24,84,Media,3.5213580655362957,1.15,4.0495617753667394,125,90.0,160.0
Solanum tuberosum,2020-03-25,85,Media,3.785817309238655,1.15,4.353689905624453,125,90.0,160.0
Solanum tuberosum,2020-03-26,86,Media,4.094974473083258,1.15,4.709220644045746,125,90.0,160.0
Solanum tuberosum,2020-03-27,87,Media,4.064922203853836,1.15,4.674660534431911,125,90.0,160.0
Solanum tuberosum,2020-03-28,88,Media,4.481964011361124,1.15,5.154258613065292,125,90.0,160.0
Solanum tuberosum,2020-03-29,89,Media,4.580194076436374,1.15,5.26722318790183,125,90.0,160.0
Solanum tuberosum,2020-03-30,90,Media,4.261282578646624,1.15,4.9004749654436175,125,90.0,160.0
Solanum tuberosum,2020-03-31,91,Media,3.111587522642977,1.15,3.5783256510394232,125,90.0,160.0
Solanum tuberosum,2020-04-01,92,Media,2.560732338953428,1.15,2.9448421897964416,125,90.0,160.0
Solanum tuberosum,2020-04-02,93,Media,3.250500510178696,1.15,3.7380755867055,125,90.0,160.0
Solanum tuberosum,2020-04-03,94,Media,3.546318729112706,1.15,4.078266538479611,125,90.0,160.0
Solanum tuberosum,2020-04-04,95,Media,3.1983273965019574,1.15,3.6780765059772507,125,90.0,160.0
Solanum tuberosum,2020-04-05,96,Media,3.6519882567088144,1.15,4.199786495215136,125,90.0,160.0
Solanum tuberosum,2020-04-06,97,Media,2.34079121882631,1.15,2.691909901650256,125,90.0,160.0
Solanum tuberosum,2020-04-07,98,Media,3.706320231953816,1.15,4.262268266746888,125,90.0,160.0
Solanum tuberosum,2020-04-08,99,Media,3.9741211244483456,1.15,4.5702392931155975,125,90.0,160.0
Solanum tuberosum,2020-04-09,100,Media,3.3720996276545567,1.15,3.87791457180274,125,90.0,160.0
Solanum tuberosum,2020-04-10,101,Media,3.783515554685143,1.15,4.351042887887914,125,90.0,160.0
Solanum tuberosum,2020-04-11,102,Media,3.403942726356705,1.15,3.9145341353102103,125,90.0,160.0
Solanum tuberosum,2020-04-12,103,Media,4.288764119370986,1.15,4.932078737276633,125,90.0,160.0
Solanum tuberosum,2020-04-13,104,Media,4.373105884741337,1.15,5.029071767452537,125,90.0,160.0
Solanum tuberosum,2020-04-14,105,Media,3.584325503813914,1.15,4.121974329386001,125,90.0,160.0
Solanum tuberosum,2020-04-15,106,Media,3.545881858476116,1.15,4.0777641372475335,125,90.0,160.0
Solanum tuberosum,2020-04-16,107,Final,4.018682157398414,1.15,4.621484481008176,125,90.0,160.0
Solanum tuberosum,2020-04-17,108,Final,3.628510926153942,1.1277777777777778,4.092153988940279,125,90.0,160.0
Solanum tuberosum,2020-04-18,109,Final,2.5292477099271777,1.1055555555555554,2.796223857086157,125,90.0,160.0
Solanum tuberosum,2020-04-19,110,Final,3.106141700146386,1.0833333333333333,3.364986841825251,125,90.0,160.0
Solanum tuberosum,2020-04-20,111,Final,4.188602219458617,1.0611111111111111,4.444572355092199,125,90.0,160.0
Solanum tuberosum,2020-04-21,112,Final,2.2758441657574853,1.0388888888888888,2.364349216648054,125,90.0,160.0
Solanum tuberosum,2020-04-22,113,Final,3.692883234278871,1.0166666666666666,3.7544312881835187,125,90.0,160.0
Solanum tuberosum,2020-04-23,114,Final,3.499251075606849,0.9944444444444444,3.479810791853477,125,90.0,160.0
Solanum tuberosum,2020-04-24,115,Final,4.1174120662451,0.9722222222222222,4.003039508849403,125,90.0,160.0
Solanum tuberosum,2020-04-25,116,Final,4.453439178810106,0.95,4.2307672198696,125,90.0,160.0
Solanum tuberosum,2020-04-26,117,Final,4.286164115763466,0.9277777777777777,3.976607818513882,125,90.0,160.0
Solanum tuberosum,2020-04-27,118,Final,4.472230207763646,0.9055555555555554,4.049852910363746,125,90.0,160.0
Solanum tuberosum,2020-04-28,119,Final,3.962059339861744,0.8833333333333333,3.4998190835445406,125,90.0,160.0
Solanum tuberosum,2020-04-29,120,Final,3.4813790903677484,0.8611111111111112,2.9978542167055613,125,90.0,160.0
Solanum tuberosum,2020-04-30,121,Final,3.473373451215684,0.8388888888888888,2.9137743951864903,125,90.0,160.0
Solanum tuberosum,2020-05-01,122,Final,3.36898757341097,0.8166666666666667,2.7513398516189587,125,90.0,160.0
Solanum tuberosum,2020-05-02,123,Final,4.087561164355641,0.7944444444444445,3.247340258349204,125,90.0,160.0
Solanum tuberosum,2020-05-03,124,Final,3.5438216831392846,0.7722222222222223,2.7366178553131144,125,90.0,160.0
Solanum tuberosum,2020-05-04,125,Final,3.877117985720212,0.75,2.907838489290159,125,90.0,160.0
Zea mays,2020-01-01,1,Inicial,3.0342546341829326,0.3,0.9102763902548797,215,65.0,365.0
Zea mays,2020-01-02,2,Inicial,3.843924143324504,0.3,1.1531772429973512,215,65.0,365.0
Zea mays,2020-01-03,3,Inicial,3.942666111588288,0.3,1.1827998334764864,215,65.0,365.0
Zea mays,2020-01-04,4,Inicial,3.953382104472361,0.3,1.1860146313417081,215,65.0,365.0
Zea mays,2020-01-05,5,Inicial,3.449275434365756,0.3,1.0347826303097267,215,65.0,365.0
Zea mays,2020-01-06,6,Inicial,3.563599805963903,0.3,1.069079941789171,215,65.0,365.0
Zea mays,2020-01-07,7,Inicial,3.940431573366844,0.3,1.1821294720100533,215,65.0,365.0
Zea mays,2020-01-08,8,Inicial,3.8625201821577457,0.3,1.1587560546473237,215,65.0,365.0
Zea mays,2020-01-09,9,Inicial,4.3971423787146,0.3,1.3191427136143798,215,65.0,365.0
Zea mays,2020-01-10,10,Inicial,4.417660163355734,0.3,1.32529804900672,215,65.0,365.0
Zea mays,2020-01-11,11,Inicial,4.119383514388907,0.3,1.235815054316672,215,65.0,365.0
Zea mays,2020-01-12,12,Inicial,4.320726771844242,0.3,1.2962180315532728,215,65.0,365.0
Zea mays,2020-01-13,13,Inicial,4.46962619570819,0.3,1.3408878587124569,215,65.0,365.0
Zea mays,2020-01-14,14,Inicial,4.202181826835727,0.3,1.260654548050718,215,65.0,365.0
Zea mays,2020-01-15,15,Inicial,3.8196816035734087,0.3,1.1459044810720225,215,65.0,365.0
Zea mays,2020-01-16,16,Inicial,4.072625467248526,0.3,1.2217876401745575,215,65.0,365.0
Zea mays,2020-01-17,17,Inicial,4.428315338591565,0.3,1.3284946015774695,215,65.0,365.0
Zea mays,2020-01-18,18,Inicial,4.182959840843289,0.3,1.2548879522529865,215,65.0,365.0
Zea mays,2020-01-19,19,Inicial,3.7510453443257994,0.3,1.1253136032977398,215,65.0,365.0
Zea mays,2020-01-20,20,Inicial,2.8590507888805274,0.3,0.8577152366641582,215,65.0,365.0
Zea mays,2020-01-21,21,Inicial,3.201405185829242,0.3,0.9604215557487725,215,65.0,365.0
Zea mays,2020-01-22,22,Inicial,2.0978392306450253,0.3,0.6293517691935075,215,65.0,365.0
Zea mays,2020-01-23,23,Desarrollo,2.86935264275105,0.3,0.8608057928253149,215,65.0,365.0
Zea mays,2020-01-24,24,Desarrollo,2.7165122939031123,0.3214285714285714,0.8731646658974289,215,65.0,365.0
Zea mays,2020-01-25,25,Desarrollo,3.252189578631824,0.34285714285714286,1.1150364269594824,215,65.0,365.0
Zea mays,2020-01-26,26,Desarrollo,3.176908260350611,0.36428571428571427,1.1573022948420082,215,65.0,365.0
Zea mays,2020-01-27,27,Desarrollo,3.261876815512251,0.3857142857142857,1.2581524859832967,215,65.0,365.0
Zea mays,2020-01-28,28,Desarrollo,3.3234002934852103,0.40714285714285714,1.3530986909189784,215,65.0,365.0
Zea mays,2020-01-29,29,Desarrollo,3.5109783751083112,0.42857142857142855,1.504705017903562,215,65.0,365.0
Zea mays,2020-01-30,30,Desarrollo,3.624390921822767,0.44999999999999996,1.630975914820245,215,65.0,365.0
Zea mays,2020-01-31,31,Desarrollo,3.7499258762001375,0.4714285714285714,1.7678221987800649,215,65.0,365.0
Zea mays,2020-02-01,32,Desarrollo,4.005641030618579,0.4928571428571428,1.9742087936620136,215,65.0,365.0
Zea mays,2020-02-02,33,Desarrollo,3.342744914421249,0.5142857142857142,1.7191259559880707,215,65.0,365.0
Zea mays,2020-02-03,34,Desarrollo,4.262069812545409,0.5357142857142857,2.2832516852921834,215,65.0,365.0
Zea mays,2020-02-04,35,Desarrollo,4.600488188004019,0.5571428571428572,2.563129133316525,215,65.0,365.0
Zea mays,2020-02-05,36,Desarrollo,4.785203296887103,0.5785714285714285,2.768581907484681,215,65.0,365.0
Zea mays,2020-02-06,37,Desarrollo,4.726954046422917,0.5999999999999999,2.8361724278537497,215,65.0,365.0
Zea mays,2020-02-07,38,Desarrollo,4.611074460499368,0.6214285714285714,2.865453414738893,215,65.0,365.0
Zea mays,2020-02-08,39,Desarrollo,4.363212675069524,0.6428571428571428,2.804922433973265,215,65.0,365.0
Zea mays,2020-02-09,40,Desarrollo,4.463675256830085,0.6642857142857143,2.9651557063228418,215,65.0,365.0
Zea mays,2020-02-10,41,Desarrollo,4.916313507089217,0.6857142857142857,3.3711864048611777,215,65.0,365.0
Zea mays,2020-02-11,42,Desarrollo,4.850507563693527,0.7071428571428571,3.4300017771832794,215,65.0,365.0
Zea mays,2020-02-12,43,Desarrollo,4.643046818547143,0.7285714285714284,3.382791253512918,215,65.0,365.0
Zea mays,2020-02-13,44,Desarrollo,4.611961074754263,0.75,3.4589708060656976,215,65.0,365.0
Zea mays,2020-02-14,45,Desarrollo,4.220991192010182,0.7714285714285714,3.256193205264997,215,65.0,365.0
Zea mays,2020-02-15,46,Desarrollo,4.819264668310588,0.7928571428571429,3.820988415589109,215,65.0,365.0
Zea mays,2020-02-16,47,Desarrollo,4.844640100563613,0.8142857142857143,3.944921224744656,215,65.0,365.0
Zea mays,2020-02-17,48,Desarrollo,5.376526757040151,0.8357142857142856,4.493240218383554,215,65.0,365.0
Zea mays,2020-02-18,49,Desarrollo,5.178844575293617,0.8571428571428572,4.439009635965958,215,65.0,365.0
Zea mays,2020-02-19,50,Desarrollo,4.97394182882615,0.8785714285714286,4.369963178182974,215,65.0,365.0
Zea mays,2020-02-20,51,Desarrollo,4.4228780588489744,0.8999999999999999,3.9805902529640766,215,65.0,365.0
Zea mays,2020-02-21,52,Desarrollo,3.7959889635131434,0.9214285714285713,3.4977326878085386,215,65.0,365.0
Zea mays,2020-02-22,53,Desarrollo,3.3072428726010794,0.9428571428571428,3.1182575655953033,215,65.0,365.0
Zea mays,2020-02-23,54,Desarrollo,3.229804886467766,0.9642857142857142,3.1144547119510597,215,65.0,365.0
Zea mays,2020-02-24,55,Desarrollo,3.5209327544783124,0.9857142857142855,3.4706337151286215,215,65.0,365.0
Zea mays,2020-02-25,56,Desarrollo,4.00984640904958,1.0071428571428571,4.03848816911422,215,65.0,365.0
Zea mays,2020-02-26,57,Desarrollo,3.785523855621973,1.0285714285714285,3.8936816800683145,215,65.0,365.0
Zea mays,2020-02-27,58,Desarrollo,3.726136241618912,1.05,3.9124430536998576,215,65.0,365.0
Zea mays,2020-02-28,59,Desarrollo,3.887218638837831,1.0714285714285714,4.164877113040533,215,65.0,365.0
Zea mays,2020-02-29,60,Desarrollo,4.280862800027337,1.0928571428571427,4.678371488601304,215,65.0,365.0
Zea mays,2020-03-01,61,Desarrollo,4.332175320636316,1.114285714285714,4.82728107156618,215,65.0,365.0
Zea mays,2020-03-02,62,Desarrollo,4.272763868408447,1.1357142857142857,4.852638964835307,215,65.0,365.0
Zea mays,2020-03-03,63,Desarrollo,4.319383879703837,1.157142857142857,4.998144203657296,215,65.0,365.0
Zea mays,2020-03-04,64,Desarrollo,4.598482138959539,1.1785714285714284,5.419639663773741,215,65.0,365.0
Zea mays,2020-03-05,65,Desarrollo,4.867352694470461,1.2,5.840823233364553,215,65.0,365.0
Zea mays,2020-03-06,66,Media,5.020250443413572,1.2,6.024300532096286,215,65.0,365.0
Zea mays,2020-03-07,67,Media,4.162574327111929,1.2,4.995089192534315,215,65.0,365.0
Zea mays,2020-03-08,68,Media,3.318742993196773,1.2,3.9824915918361277,215,65.0,365.0
Zea mays,2020-03-09,69,Media,3.657894654052344,1.2,4.389473584862813,215,65.0,365.0
Zea mays,2020-03-10,70,Media,3.654990455686266,1.2,4.385988546823519,215,65.0,365.0
Zea mays,2020-03-11,71,Media,2.9160716717048847,1.2,3.4992860060458617,215,65.0,365.0
Zea mays,2020-03-12,72,Media,3.0391543127164624,1.2,3.6469851752597546,215,65.0,365.0
Zea mays,2020-03-13,73,Media,2.751291900187232,1.2,3.3015502802246783,215,65.0,365.0
Zea mays,2020-03-14,74,Media,3.0954818724373707,1.2,3.7145782469248445,215,65.0,365.0
Zea mays,2020-03-15,75,Media,3.6859685912977582,1.2,4.42316230955731,215,65.0,365.0
Zea mays,2020-03-16,76,Media,4.072028414846871,1.2,4.886434097816245,215,65.0,365.0
Zea mays,2020-03-17,77,Media,4.244282104652327,1.2,5.093138525582792,215,65.0,365.0
Zea mays,2020-03-18,78,Media,4.072709990618711,1.2,4.887251988742453,215,65.0,365.0
Zea mays,2020-03-19,79,Media,4.33804741907124,1.2,5.205656902885488,215,65.0,365.0
Zea mays,2020-03-20,80,Media,2.8463327492466517,1.2,3.415599299095982,215,65.0,365.0
Zea mays,2020-03-21,81,Media,3.587378486128173,1.2,4.304854183353807,215,65.0,365.0
Zea mays,2020-03-22,82,Media,4.23600731526691,1.2,5.083208778320292,215,65.0,365.0
Zea mays,2020-03-23,83,Media,4.140786645454341,1.2,4.968943974545209,215,65.0,365.0
Zea mays,2020-03-24,84,Media,3.5213580655362957,1.2,4.225629678643554,215,65.0,365.0
Zea mays,2020-03-25,85,Media,3.785817309238655,1.2,4.542980771086386,215,65.0,365.0
Zea mays,2020-03-26,86,Media,4.094974473083258,1.2,4.9139693676999086,215,65.0,365.0
Zea mays,2020-03-27,87,Media,4.064922203853836,1.2,4.877906644624603,215,65.0,365.0
Zea mays,2020-03-28,88,Media,4.481964011361124,1.2,5.378356813633348,215,65.0,365.0
Zea mays,2020-03-29,89,Media,4.580194076436374,1.2,5.496232891723649,215,65.0,365.0
Zea mays,2020-03-30,90,Media,4.261282578646624,1.2,5.113539094375949,215,65.0,365.0
Zea mays,2020-03-31,91,Media,3.111587522642977,1.2,3.733905027171572,215,65.0,365.0
Zea mays,2020-04-01,92,Media,2.560732338953428,1.2,3.072878806744113,215,65.0,365.0
Zea mays,2020-04-02,93,Media,3.250500510178696,1.2,3.900600612214435,215,65.0,365.0
Zea mays,2020-04-03,94,Media,3.546318729112706,1.2,4.255582474935247,215,65.0,365.0
Zea mays,2020-04-04,95,Media,3.1983273965019574,1.2,3.8379928758023487,215,65.0,365.0
Zea mays,2020-04-05,96,Media,3.6519882567088144,1.2,4.382385908050577,215,65.0,365.0
Zea mays,2020-04-06,97,Media,2.34079121882631,1.2,2.808949462591572,215,65.0,365.0
Zea mays,2020-04-07,98,Media,3.706320231953816,1.2,4.447584278344579,215,65.0,365.0
Zea mays,2020-04-08,99,Media,3.9741211244483456,1.2,4.768945349338015,215,65.0,365.0
Zea mays,2020-04-09,100,Media,3.3720996276545567,1.2,4.046519553185468,215,65.0,365.0
Zea mays,2020-04-10,101,Media,3.783515554685143,1.2,4.540218665622172,215,65.0,365.0
Zea mays,2020-04-11,102,Media,3.403942726356705,1.2,4.084731271628046,215,65.0,365.0
Zea mays,2020-04-12,103,Media,4.288764119370986,1.2,5.1465169432451825,215,65.0,365.0
Zea mays,2020-04-13,104,Media,4.373105884741337,1.2,5.247727061689604,215,65.0,365.0
Zea mays,2020-04-14,105,Media,3.584325503813914,1.2,4.301190604576696,215,65.0,365.0
Zea mays,2020-04-15,106,Media,3.545881858476116,1.2,4.255058230171339,215,65.0,365.0
Zea mays,2020-04-16,107,Media,4.018682157398414,1.2,4.822418588878097,215,65.0,365.0
Zea mays,2020-04-17,108,Media,3.628510926153942,1.2,4.35421311138473,215,65.0,365.0
Zea mays,2020-04-18,109,Media,2.5292477099271777,1.2,3.0350972519126134,215,65.0,365.0
Zea mays,2020-04-19,110,Media,3.106141700146386,1.2,3.727370040175663,215,65.0,365.0
Zea mays,2020-04-20,111,Media,4.188602219458617,1.2,5.02632266335034,215,65.0,365.0
Zea mays,2020-04-21,112,Media,2.2758441657574853,1.2,2.7310129989089824,215,65.0,365.0
Zea mays,2020-04-22,113,Media,3.692883234278871,1.2,4.4314598811346455,215,65.0,365.0
Zea mays,2020-04-23,114,Media,3.499251075606849,1.2,4.199101290728218,215,65.0,365.0
Zea mays,2020-04-24,115,Media,4.1174120662451,1.2,4.94089447949412,215,65.0,365.0
Zea mays,2020-04-25,116,Media,4.453439178810106,1.2,5.344127014572127,215,65.0,365.0
Zea mays,2020-04-26,117,Media,4.286164115763466,1.2,5.143396938916159,215,65.0,365.0
Zea mays,2020-04-27,118,Media,4.472230207763646,1.2,5.366676249316375,215,65.0,365.0
Zea mays,2020-04-28,119,Media,3.962059339861744,1.2,4.754471207834093,215,65.0,365.0
Zea mays,2020-04-29,120,Media,3.4813790903677484,1.2,4.177654908441298,215,65.0,365.0
Zea mays,2020-04-30,121,Media,3.473373451215684,1.2,4.16804814145882,215,65.0,365.0
Zea mays,2020-05-01,122,Media,3.36898757341097,1.2,4.042785088093164,215,65.0,365.0
Zea mays,2020-05-02,123,Media,4.087561164355641,1.2,4.9050733972267695,215,65.0,365.0
Zea mays,2020-05-03,124,Media,3.5438216831392846,1.2,4.252586019767142,215,65.0,365.0
Zea mays,2020-05-04,125,Media,3.877117985720212,1.2,4.652541582864254,215,65.0,365.0
Zea mays,2020-05-05,126,Media,4.518047256638968,1.2,5.421656707966761,215,65.0,365.0
Zea mays,2020-05-06,127,Media,3.9931635547165225,1.2,4.791796265659827,215,65.0,365.0
Zea mays,2020-05-07,128,Media,3.646031641317633,1.2,4.37523796958116,215,65.0,365.0
Zea mays,2020-05-08,129,Media,4.151030403010967,1.2,4.98123648361316,215,65.0,365.0
Zea mays,2020-05-09,130,Media,4.578543741611044,1.2,5.494252489933253,215,65.0,365.0
Zea mays,2020-05-10,131,Media,4.943520358379509,1.2,5.932224430055411,215,65.0,365.0
Zea mays,2020-05-11,132,Media,4.18875054323294,1.2,5.026500651879528,215,65.0,365.0
Zea mays,2020-05-12,133,Media,3.6334200717273735,1.2,4.360104086072848,215,65.0,365.0
Zea mays,2020-05-13,134,Media,3.15295206555609,1.2,3.7835424786673078,215,65.0,365.0
Zea mays,2020-05-14,135,Media,3.547701414621863,1.2,4.2572416975462355,215,65.0,365.0
Zea mays,2020-05-15,136,Media,3.5235746498780687,1.2,4.228289579853683,215,65.0,365.0
Zea mays,2020-05-16,137,Media,4.5597498038257385,1.2,5.471699764590886,215,65.0,365.0
Zea mays,2020-05-17,138,Media,3.917506637235212,1.2,4.701007964682255,215,65.0,365.0
Zea mays,2020-05-18,139,Media,4.218090602649549,1.2,5.061708723179459,215,65.0,365.0
Zea mays,2020-05-19,140,Media,3.0745576088990467,1.2,3.689469130678856,215,65.0,365.0
Zea mays,2020-05-20,141,Media,4.712164018229922,1.2,5.654596821875907,215,65.0,365.0
Zea mays,2020-05-21,142,Media,4.686420690875111,1.2,5.623704829050133,215,65.0,365.0
Zea mays,2020-05-22,143,Media,3.967053533512568,1.2,4.760464240215081,215,65.0,365.0
Zea mays,2020-05-23,144,Media,4.494201505171209,1.2,5.393041806205451,215,65.0,365.0
Zea mays,2020-05-24,145,Media,4.689247867867619,1.2,5.627097441441142,215,65.0,365.0
Zea mays,2020-05-25,146,Media,4.091066928184689,1.2,4.909280313821626,215,65.0,365.0
Zea mays,2020-05-26,147,Media,3.186003360944499,1.2,3.8232040331333987,215,65.0,365.0
Zea mays,2020-05-27,148,Media,3.702302065571237,1.2,4.442762478685484,215,65.0,365.0
Zea mays,2020-05-28,149,Media,2.582445259496454,1.2,3.0989343113957446,215,65.0,365.0
Zea mays,2020-05-29,150,Media,3.497788345538276,1.2,4.197346014645931,215,65.0,365.0
Zea mays,2020-05-30,151,Media,2.818308441545778,1.2,3.381970129854934,215,65.0,365.0
Zea mays,2020-05-31,152,Media,2.985771741203317,1.2,3.5829260894439803,215,65.0,365.0
Zea mays,2020-06-01,153,Media,3.537068386054001,1.2,4.244482063264801,215,65.0,365.0
Zea mays,2020-06-02,154,Media,3.5627448782775986,1.2,4.2752938539331184,215,65.0,365.0
Zea mays,2020-06-03,155,Media,2.8710678227681234,1.2,3.445281387321748,215,65.0,365.0
Zea mays,2020-06-04,156,Media,4.344442673046112,1.2,5.213331207655334,215,65.0,365.0
Zea mays,2020-06-05,157,Media,3.982174882701075,1.2,4.77860985924129,215,65.0,365.0
Zea mays,2020-06-06,158,Media,2.847756592877775,1.2,3.41730791145333,215,65.0,365.0
Zea mays,2020-06-07,159,Media,4.234260628809445,1.2,5.081112754571334,215,65.0,365.0
Zea mays,2020-06-08,160,Media,4.113514901637063,1.2,4.936217881964476,215,65.0,365.0
Zea mays,2020-06-09,161,Media,3.914096220663248,1.2,4.6969154647958975,215,65.0,365.0
Zea mays,2020-06-10,162,Media,2.6450130157662706,1.2,3.1740156189195248,215,65.0,365.0
Zea mays,2020-06-11,163,Media,3.55678824486003,1.2,4.268145893832036,215,65.0,365.0
Zea mays,2020-06-12,164,Media,3.2040947365224195,1.2,3.844913683826903,215,65.0,365.0
Zea mays,2020-06-13,165,Media,4.023175982583667,1.2,4.8278111791004,215,65.0,365.0
Zea mays,2020-06-14,166,Media,3.723225135300693,1.2,4.467870162360832,215,65.0,365.0
Zea mays,2020-06-15,167,Media,3.285507272083842,1.2,3.9426087265006102,215,65.0,365.0
Zea mays,2020-06-16,168,Media,3.7744037900753176,1.2,4.529284548090381,215,65.0,365.0
Zea mays,2020-06-17,169,Media,3.130092031945848,1.2,3.7561104383350177,215,65.0,365.0
Zea mays,2020-06-18,170,Media,3.5160953290324697,1.2,4.219314394838963,215,65.0,365.0
Zea mays,2020-06-19,171,Media,4.279390435699067,1.2,5.135268522838881,215,65.0,365.0
Zea mays,2020-06-20,172,Media,3.542535653427564,1.2,4.251042784113077,215,65.0,365.0
Zea mays,2020-06-21,173,Media,4.169141145981247,1.2,5.002969375177496,215,65.0,365.0
Zea mays,2020-06-22,174,Media,3.705803770424169,1.2,4.446964524509003,215,65.0,365.0
Zea mays,2020-06-23,175,Media,4.213525961980972,1.2,5.0562311543771665,215,65.0,365.0
Zea mays,2020-06-24,176,Media,4.471352096882871,1.2,5.365622516259445,215,65.0,365.0
Zea mays,2020-06-25,177,Media,4.645455825759037,1.2,5.574546990910845,215,65.0,365.0
Zea mays,2020-06-26,178,Media,3.702762876496617,1.2,4.44331545179594,215,65.0,365.0
Zea mays,2020-06-27,179,Media,3.770479107930756,1.2,4.524574929516906,215,65.0,365.0
Zea mays,2020-06-28,180,Media,3.108744089297385,1.2,3.730492907156862,215,65.0,365.0
Zea mays,2020-06-29,181,Media,4.247809162867585,1.2,5.097370995441103,215,65.0,365.0
Zea mays,2020-06-30,182,Media,4.451871884625522,1.2,5.342246261550626,215,65.0,365.0
Zea mays,2020-07-01,183,Media,3.862345257080348,1.2,4.634814308496417,215,65.0,365.0
Zea mays,2020-07-02,184,Final,3.2547002494927577,1.2,3.905640299391309,215,65.0,365.0
Zea mays,2020-07-03,185,Final,3.886238444089205,1.1806451612903226,4.588268614634352,215,65.0,365.0
Zea mays,2020-07-04,186,Final,3.441158172047357,1.161290322580645,3.996183683667898,215,65.0,365.0
Zea mays,2020-07-05,187,Final,3.596564615721647,1.1419354838709677,4.1070447547272995,215,65.0,365.0
Zea mays,2020-07-06,188,Final,3.584108970754471,1.1225806451612903,4.023451360717923,215,65.0,365.0
Zea mays,2020-07-07,189,Final,3.809417532678663,1.103225806451613,4.202647729600331,215,65.0,365.0
Zea mays,2020-07-08,190,Final,3.6115233686408375,1.0838709677419354,3.914425328591359,215,65.0,365.0
Zea mays,2020-07-09,191,Final,4.133683990089708,1.064516129032258,4.400373279772915,215,65.0,365.0
Zea mays,2020-07-10,192,Final,3.656624322409555,1.0451612903225806,3.8217621950345024,215,65.0,365.0
Zea mays,2020-07-11,193,Final,2.8328367298997463,1.0258064516129033,2.9059421938971592,215,65.0,365.0
Zea mays,2020-07-12,194,Final,3.534007528251145,1.0064516129032257,3.556807576820507,215,65.0,365.0
Zea mays,2020-07-13,195,Final,4.386373972155323,0.9870967741935484,4.329775598321061,215,65.0,365.0
Zea mays,2020-07-14,196,Final,4.180500170679756,0.967741935483871,4.04564532646428,215,65.0,365.0
Zea mays,2020-07-15,197,Final,4.217261060215749,0.9483870967741935,3.9995959732368718,215,65.0,365.0
Zea mays,2020-07-16,198,Final,4.080699106042069,0.9290322580645161,3.791101104968116,215,65.0,365.0
Zea mays,2020-07-17,199,Final,4.021922500955121,0.9096774193548387,3.6586520815140133,215,65.0,365.0
Zea mays,2020-07-18,200,Final,4.03400280751389,0.8903225806451613,3.5915637899155923,215,65.0,365.0
Zea mays,2020-07-19,201,Final,4.116768596014358,0.8709677419354839,3.5855726481415378,215,65.0,365.0
Zea mays,2020-07-20,202,Final,3.6865675008972536,0.8516129032258064,3.1395284523770157,215,65.0,365.0
Zea mays,2020-07-21,203,Final,3.316968686489973,0.832258064516129,2.7605739390787516,215,65.0,365.0
Zea mays,2020-07-22,204,Final,3.4063306175298087,0.8129032258064516,2.7690171471532636,215,65.0,365.0
Zea mays,2020-07-23,205,Final,3.754794548938984,0.7935483870967741,2.9796111581902904,215,65.0,365.0
Zea mays,2020-07-24,206,Final,3.220432701034444,0.7741935483870968,2.4932382201556984,215,65.0,365.0
Zea mays,2020-07-25,207,Final,3.511816314303588,0.7548387096774194,2.650854895313031,215,65.0,365.0
Zea mays,2020-07-26,208,Final,3.567641018372178,0.7354838709677419,2.6239424264156663,215,65.0,365.0
Zea mays,2020-07-27,209,Final,3.851173942973823,0.7161290322580645,2.757937468839318,215,65.0,365.0
Zea mays,2020-07-28,210,Final,4.614452793530403,0.6967741935483871,3.215231623879249,215,65.0,365.0
Zea mays,2020-07-29,211,Final,4.488012331536988,0.6774193548387096,3.0402664181379597,215,65.0,365.0
Zea mays,2020-07-30,212,Final,3.8274155447214846,0.6580645161290323,2.5186863584618804,215,65.0,365.0
Zea mays,2020-07-31,213,Final,4.217594729336366,0.6387096774193548,2.693818569060001,215,65.0,365.0
Zea mays,2020-08-01,214,Final,3.789040719191739,0.6193548387096773,2.3467607034993994,215,65.0,365.0
Zea mays,2020-08-02,215,Final,4.307955256533312,0.6,2.5847731539199867,215,65.0,365.0
