fecha,fecha_hora,latitud,longitud,sm_surface,sm_rootzone,sm_surface_wetness,sm_rootzone_wetness,soil_temp_layer1,soil_temp_layer1_celsius,archivo_smap
2020-01-01,2020-01-01 01:28:55+00:00,7.119,-73.122,0.2372458726167678,0.1495568603277206,0.5533929467201233,0.348812460899353,293.1965026855469,20.046502685546898,SMAP_L4_SM_gph_20200101T013000_Vv8010_001.h5
2020-01-01,2020-01-01 04:28:55+00:00,7.119,-73.122,0.2155216038227081,0.1490955501794815,0.5028237700462341,0.3477841019630432,292.5975952148437,19.447595214843773,SMAP_L4_SM_gph_20200101T043000_Vv8010_001.h5
2020-01-01,2020-01-01 07:28:55+00:00,7.119,-73.122,0.2084031254053115,0.1484782993793487,0.4861152768135071,0.3463013172149658,292.1202697753906,18.970269775390648,SMAP_L4_SM_gph_20200101T073000_Vv8010_001.h5
2020-01-01,2020-01-01 10:28:55+00:00,7.119,-73.122,0.2083399444818496,0.1480119675397873,0.4859436154365539,0.345186173915863,291.5326232910156,18.382623291015648,SMAP_L4_SM_gph_20200101T103000_Vv8010_001.h5
2020-01-01,2020-01-01 13:28:55+00:00,7.119,-73.122,0.2060108184814453,0.1473739296197891,0.4804582595825195,0.3438567817211151,291.7358093261719,18.585809326171898,SMAP_L4_SM_gph_20200101T133000_Vv8010_001.h5
2020-01-01,2020-01-01 16:28:55+00:00,7.119,-73.122,0.2017633020877838,0.1464014947414398,0.4706630110740661,0.341426134109497,293.2143859863281,20.064385986328148,SMAP_L4_SM_gph_20200101T163000_Vv8010_001.h5
2020-01-01,2020-01-01 19:28:55+00:00,7.119,-73.122,0.1981499791145324,0.1452768594026565,0.4621508717536926,0.3388317227363586,294.09478759765625,20.94478759765628,SMAP_L4_SM_gph_20200101T193000_Vv8010_001.h5
2020-01-01,2020-01-01 22:28:55+00:00,7.119,-73.122,0.1989230811595916,0.1446597576141357,0.4640345871448517,0.3373859822750091,293.60382080078125,20.45382080078128,SMAP_L4_SM_gph_20200101T223000_Vv8010_001.h5
2020-01-02,2020-01-02 01:28:55+00:00,7.119,-73.122,0.197974756360054,0.1441098898649215,0.4617288708686828,0.3362006843090057,292.6056213378906,19.455621337890648,SMAP_L4_SM_gph_20200102T013000_Vv8010_001.h5
2020-01-02,2020-01-02 04:28:55+00:00,7.119,-73.122,0.1945507973432541,0.1435010135173797,0.4537694752216339,0.3346916437149048,291.73602294921875,18.586022949218773,SMAP_L4_SM_gph_20200102T043000_Vv8010_001.h5
2020-01-02,2020-01-02 07:28:55+00:00,7.119,-73.122,0.191681683063507,0.1428617238998413,0.4470551311969757,0.3332733511924743,290.7392272949219,17.589227294921898,SMAP_L4_SM_gph_20200102T073000_Vv8010_001.h5
2020-01-02,2020-01-02 10:28:55+00:00,7.119,-73.122,0.1895710527896881,0.1422822326421737,0.4421998560428619,0.3319001793861389,289.6254272460937,16.475427246093773,SMAP_L4_SM_gph_20200102T103000_Vv8010_001.h5
2020-01-02,2020-01-02 13:28:55+00:00,7.119,-73.122,0.1884945183992386,0.1418852061033249,0.4397822022438049,0.3309288024902344,290.27557373046875,17.125573730468773,SMAP_L4_SM_gph_20200102T133000_Vv8010_001.h5
2020-01-02,2020-01-02 16:28:55+00:00,7.119,-73.122,0.1850251406431198,0.14083993434906,0.4315940737724304,0.3284675478935241,292.896728515625,19.746728515625023,SMAP_L4_SM_gph_20200102T163000_Vv8010_001.h5
2020-01-02,2020-01-02 19:28:55+00:00,7.119,-73.122,0.1822017878293991,0.1397817879915237,0.4249746203422546,0.3261313736438751,294.22857666015625,21.07857666015628,SMAP_L4_SM_gph_20200102T193000_Vv8010_001.h5
2020-01-02,2020-01-02 22:28:55+00:00,7.119,-73.122,0.18195141851902,0.1392102092504501,0.4243669211864471,0.3247674107551574,293.8569641113281,20.706964111328148,SMAP_L4_SM_gph_20200102T223000_Vv8010_001.h5
2020-01-03,2020-01-03 01:28:55+00:00,7.119,-73.122,0.1835174709558487,0.1390643715858459,0.4281773269176483,0.3243759870529175,292.57305908203125,19.42305908203128,SMAP_L4_SM_gph_20200103T013000_Vv8010_001.h5
2020-01-03,2020-01-03 04:28:55+00:00,7.119,-73.122,0.1827016174793243,0.138671413064003,0.4262382388114929,0.3234887421131134,291.34930419921875,18.199304199218773,SMAP_L4_SM_gph_20200103T043000_Vv8010_001.h5
2020-01-03,2020-01-03 07:28:55+00:00,7.119,-73.122,0.1813405752182006,0.1382996290922165,0.4229227006435394,0.3226198256015777,290.27490234375,17.124902343750023,SMAP_L4_SM_gph_20200103T073000_Vv8010_001.h5
2020-01-03,2020-01-03 10:28:55+00:00,7.119,-73.122,0.1801519244909286,0.1379545629024505,0.4203372299671173,0.3218689262866974,288.8565673828125,15.706567382812525,SMAP_L4_SM_gph_20200103T103000_Vv8010_001.h5
2020-01-03,2020-01-03 13:28:55+00:00,7.119,-73.122,0.17808797955513,0.1374479085206985,0.4152972102165222,0.3206859230995178,289.6387939453125,16.488793945312523,SMAP_L4_SM_gph_20200103T133000_Vv8010_001.h5
2020-01-03,2020-01-03 16:28:55+00:00,7.119,-73.122,0.1733633130788803,0.1366123110055923,0.4043863415718078,0.3186598420143127,292.4852905273437,19.335290527343773,SMAP_L4_SM_gph_20200103T163000_Vv8010_001.h5
2020-01-03,2020-01-03 19:28:55+00:00,7.119,-73.122,0.1690912693738937,0.1357024013996124,0.3944137990474701,0.3165505826473236,294.0242614746094,20.8742614746094,SMAP_L4_SM_gph_20200103T193000_Vv8010_001.h5
2020-01-03,2020-01-03 22:28:55+00:00,7.119,-73.122,0.1673671305179596,0.135257288813591,0.3903597593307495,0.315442144870758,293.80718994140625,20.65718994140628,SMAP_L4_SM_gph_20200103T223000_Vv8010_001.h5
2020-01-04,2020-01-04 01:28:55+00:00,7.119,-73.122,0.167326733469963,0.1350469887256622,0.3904216289520263,0.3150420784950256,292.6630859375,19.513085937500023,SMAP_L4_SM_gph_20200104T013000_Vv8010_001.h5
2020-01-04,2020-01-04 04:28:55+00:00,7.119,-73.122,0.1669653803110122,0.1349104195833206,0.3894411027431488,0.3146750032901764,291.6883850097656,18.538385009765648,SMAP_L4_SM_gph_20200104T043000_Vv8010_001.h5
2020-01-04,2020-01-04 07:28:55+00:00,7.119,-73.122,0.1666640043258667,0.134729117155075,0.3888348340988159,0.3143133819103241,290.8567199707031,17.706719970703148,SMAP_L4_SM_gph_20200104T073000_Vv8010_001.h5
2020-01-04,2020-01-04 10:28:55+00:00,7.119,-73.122,0.1662304699420929,0.1345776468515396,0.3878134191036224,0.3139557540416717,289.9779663085937,16.827966308593773,SMAP_L4_SM_gph_20200104T103000_Vv8010_001.h5
2020-01-04,2020-01-04 13:28:55+00:00,7.119,-73.122,0.1651348918676376,0.1342764049768448,0.3852334916591644,0.3133188486099243,290.75885009765625,17.608850097656273,SMAP_L4_SM_gph_20200104T133000_Vv8010_001.h5
2020-01-04,2020-01-04 16:28:55+00:00,7.119,-73.122,0.1619233638048172,0.1335196048021316,0.3777099847793579,0.3114244937896728,293.31805419921875,20.168054199218773,SMAP_L4_SM_gph_20200104T163000_Vv8010_001.h5
2020-01-04,2020-01-04 19:28:55+00:00,7.119,-73.122,0.1595669686794281,0.1326359063386917,0.3722319304943084,0.3094321191310882,294.6839904785156,21.533990478515648,SMAP_L4_SM_gph_20200104T193000_Vv8010_001.h5
2020-01-04,2020-01-04 22:28:55+00:00,7.119,-73.122,0.1587196141481399,0.1323141902685165,0.3701351583003998,0.3085713684558868,294.2893371582031,21.139337158203148,SMAP_L4_SM_gph_20200104T223000_Vv8010_001.h5
2020-01-05,2020-01-05 01:28:55+00:00,7.119,-73.122,0.1578677296638488,0.1323010027408599,0.3683284521102905,0.3085739016532898,292.9984436035156,19.848443603515648,SMAP_L4_SM_gph_20200105T013000_Vv8010_001.h5
2020-01-05,2020-01-05 04:28:55+00:00,7.119,-73.122,0.1586157232522964,0.1323429942131042,0.370045006275177,0.308683305978775,291.89019775390625,18.74019775390628,SMAP_L4_SM_gph_20200105T043000_Vv8010_001.h5
2020-01-05,2020-01-05 07:28:55+00:00,7.119,-73.122,0.1595210433006286,0.1322811394929886,0.3722312748432159,0.3085591793060303,291.1939697265625,18.043969726562523,SMAP_L4_SM_gph_20200105T073000_Vv8010_001.h5
2020-01-05,2020-01-05 10:28:55+00:00,7.119,-73.122,0.1595611274242401,0.1322525143623352,0.3721523284912109,0.3084109127521515,290.4100646972656,17.260064697265648,SMAP_L4_SM_gph_20200105T103000_Vv8010_001.h5
2020-01-05,2020-01-05 13:28:55+00:00,7.119,-73.122,0.1623276770114898,0.1324299424886703,0.3786618709564209,0.3088111877441406,291.0500793457031,17.900079345703148,SMAP_L4_SM_gph_20200105T133000_Vv8010_001.h5
2020-01-05,2020-01-05 16:28:55+00:00,7.119,-73.122,0.1586034148931503,0.13162162899971,0.3698990941047668,0.3070634603500366,293.30865478515625,20.15865478515628,SMAP_L4_SM_gph_20200105T163000_Vv8010_001.h5
2020-01-05,2020-01-05 19:28:55+00:00,7.119,-73.122,0.1544507294893264,0.1307488232851028,0.360260546207428,0.3049772679805755,294.5177001953125,21.367700195312523,SMAP_L4_SM_gph_20200105T193000_Vv8010_001.h5
2020-01-05,2020-01-05 22:28:55+00:00,7.119,-73.122,0.153075486421585,0.1303647309541702,0.3570338189601898,0.3041128814220428,294.0768127441406,20.926812744140648,SMAP_L4_SM_gph_20200105T223000_Vv8010_001.h5
2020-01-06,2020-01-06 01:28:55+00:00,7.119,-73.122,0.154412105679512,0.1304259151220321,0.3601367771625519,0.3042719662189483,292.5467529296875,19.396752929687523,SMAP_L4_SM_gph_20200106T013000_Vv8010_001.h5
2020-01-06,2020-01-06 04:28:55+00:00,7.119,-73.122,0.1557003706693649,0.1304896026849746,0.3631024062633514,0.3044376373291015,291.20294189453125,18.05294189453128,SMAP_L4_SM_gph_20200106T043000_Vv8010_001.h5
2020-01-06,2020-01-06 07:28:55+00:00,7.119,-73.122,0.1564495414495468,0.130497470498085,0.3648293912410736,0.3044582009315491,290.4383544921875,17.288354492187523,SMAP_L4_SM_gph_20200106T073000_Vv8010_001.h5
2020-01-06,2020-01-06 10:28:55+00:00,7.119,-73.122,0.1571990102529525,0.1305274814367294,0.3666315078735351,0.3045848906040191,290.09033203125,16.940332031250023,SMAP_L4_SM_gph_20200106T103000_Vv8010_001.h5
2020-01-06,2020-01-06 13:28:55+00:00,7.119,-73.122,0.157582014799118,0.1304779797792434,0.3677009046077728,0.3043340742588043,290.7247314453125,17.574731445312523,SMAP_L4_SM_gph_20200106T133000_Vv8010_001.h5
2020-01-06,2020-01-06 16:28:55+00:00,7.119,-73.122,0.155417114496231,0.1298823058605194,0.3625523149967193,0.3030295372009277,292.7599182128906,19.609918212890648,SMAP_L4_SM_gph_20200106T163000_Vv8010_001.h5
2020-01-06,2020-01-06 19:28:55+00:00,7.119,-73.122,0.1522048562765121,0.1291818469762802,0.355006605386734,0.3013551831245422,294.0556335449219,20.905633544921898,SMAP_L4_SM_gph_20200106T193000_Vv8010_001.h5
2020-01-06,2020-01-06 22:28:55+00:00,7.119,-73.122,0.1515988409519195,0.1289379745721817,0.3535632789134979,0.3008675277233124,293.5123596191406,20.362359619140648,SMAP_L4_SM_gph_20200106T223000_Vv8010_001.h5
2020-01-07,2020-01-07 01:28:55+00:00,7.119,-73.122,0.1522643715143203,0.1289834231138229,0.3551543951034546,0.3009859323501587,292.34039306640625,19.19039306640628,SMAP_L4_SM_gph_20200107T013000_Vv8010_001.h5
2020-01-07,2020-01-07 04:28:55+00:00,7.119,-73.122,0.1526076346635818,0.1290844082832336,0.356080561876297,0.3010900318622589,291.261962890625,18.111962890625023,SMAP_L4_SM_gph_20200107T043000_Vv8010_001.h5
2020-01-07,2020-01-07 07:28:55+00:00,7.119,-73.122,0.1532456427812576,0.1291265338659286,0.3574911952018738,0.3011997938156128,290.1683654785156,17.018365478515648,SMAP_L4_SM_gph_20200107T073000_Vv8010_001.h5
2020-01-07,2020-01-07 10:28:55+00:00,7.119,-73.122,0.1544064730405807,0.1292127668857574,0.3601871728897095,0.301387757062912,289.2916259765625,16.141625976562523,SMAP_L4_SM_gph_20200107T103000_Vv8010_001.h5
2020-01-07,2020-01-07 13:28:55+00:00,7.119,-73.122,0.1549546718597412,0.1291209906339645,0.3615668416023254,0.3011854887008667,290.29998779296875,17.149987792968773,SMAP_L4_SM_gph_20200107T133000_Vv8010_001.h5
2020-01-07,2020-01-07 16:28:55+00:00,7.119,-73.122,0.1521526873111724,0.1283681094646453,0.3549430072307586,0.2994655668735504,292.84844970703125,19.69844970703128,SMAP_L4_SM_gph_20200107T163000_Vv8010_001.h5
2020-01-07,2020-01-07 19:28:55+00:00,7.119,-73.122,0.1485714316368103,0.1275792121887207,0.3465033173561096,0.2975299656391144,294.1536560058594,21.0036560058594,SMAP_L4_SM_gph_20200107T193000_Vv8010_001.h5
2020-01-07,2020-01-07 22:28:55+00:00,7.119,-73.122,0.1475162804126739,0.1273322403430938,0.3440886437892914,0.2970343232154846,293.765380859375,20.615380859375023,SMAP_L4_SM_gph_20200107T223000_Vv8010_001.h5
2020-01-08,2020-01-08 01:28:55+00:00,7.119,-73.122,0.1470238268375396,0.127301424741745,0.3430238366127014,0.2969967126846313,292.60205078125,19.452050781250023,SMAP_L4_SM_gph_20200108T013000_Vv8010_001.h5
2020-01-08,2020-01-08 04:28:55+00:00,7.119,-73.122,0.1486089527606964,0.1274507045745849,0.3466763496398926,0.2972690761089325,291.5429077148437,18.392907714843773,SMAP_L4_SM_gph_20200108T043000_Vv8010_001.h5
2020-01-08,2020-01-08 07:28:55+00:00,7.119,-73.122,0.1506841480731964,0.1276108026504516,0.3514370918273926,0.2976123094558716,290.61724853515625,17.467248535156273,SMAP_L4_SM_gph_20200108T073000_Vv8010_001.h5
2020-01-08,2020-01-08 10:28:55+00:00,7.119,-73.122,0.151390865445137,0.1276574730873108,0.3532207310199737,0.2977339327335357,289.3590393066406,16.209039306640648,SMAP_L4_SM_gph_20200108T103000_Vv8010_001.h5
2020-01-08,2020-01-08 13:28:55+00:00,7.119,-73.122,0.1529439389705658,0.127663567662239,0.3567991554737091,0.2977497577667236,289.95947265625,16.809472656250023,SMAP_L4_SM_gph_20200108T133000_Vv8010_001.h5
2020-01-08,2020-01-08 16:28:55+00:00,7.119,-73.122,0.1479121297597885,0.1267567127943039,0.3451079726219177,0.2957453727722168,292.7073669433594,19.5573669433594,SMAP_L4_SM_gph_20200108T163000_Vv8010_001.h5
2020-01-08,2020-01-08 19:28:55+00:00,7.119,-73.122,0.1445285826921463,0.1259467601776123,0.3371338546276092,0.2937126457691192,294.0592041015625,20.909204101562523,SMAP_L4_SM_gph_20200108T193000_Vv8010_001.h5
2020-01-08,2020-01-08 22:28:55+00:00,7.119,-73.122,0.1441432386636734,0.1257098615169525,0.336258977651596,0.2932858765125274,293.762451171875,20.612451171875023,SMAP_L4_SM_gph_20200108T223000_Vv8010_001.h5
2020-01-09,2020-01-09 01:28:55+00:00,7.119,-73.122,0.1455317437648773,0.125857412815094,0.3394651710987091,0.2935169041156769,292.34344482421875,19.193444824218773,SMAP_L4_SM_gph_20200109T013000_Vv8010_001.h5
2020-01-09,2020-01-09 04:28:55+00:00,7.119,-73.122,0.1465038210153579,0.1259811371564865,0.3416957259178161,0.2938448190689087,290.9424133300781,17.792413330078148,SMAP_L4_SM_gph_20200109T043000_Vv8010_001.h5
2020-01-09,2020-01-09 07:28:55+00:00,7.119,-73.122,0.147259846329689,0.126050665974617,0.3434956967830658,0.2940683364868164,289.73651123046875,16.586511230468773,SMAP_L4_SM_gph_20200109T073000_Vv8010_001.h5
2020-01-09,2020-01-09 10:28:55+00:00,7.119,-73.122,0.1477445065975189,0.1261297613382339,0.3446271419525146,0.2942006886005401,288.7994384765625,15.649438476562525,SMAP_L4_SM_gph_20200109T103000_Vv8010_001.h5
2020-01-09,2020-01-09 13:28:55+00:00,7.119,-73.122,0.1476149559020996,0.1260351985692978,0.344262033700943,0.2940281331539154,289.93231201171875,16.782312011718773,SMAP_L4_SM_gph_20200109T133000_Vv8010_001.h5
2020-01-09,2020-01-09 16:28:55+00:00,7.119,-73.122,0.1441837847232818,0.1252450048923492,0.3364078402519226,0.2920835316181183,292.7587280273437,19.608728027343773,SMAP_L4_SM_gph_20200109T163000_Vv8010_001.h5
2020-01-09,2020-01-09 19:28:55+00:00,7.119,-73.122,0.1409764587879181,0.124360367655754,0.3288401067256927,0.2901739478111267,294.24127197265625,21.09127197265628,SMAP_L4_SM_gph_20200109T193000_Vv8010_001.h5
2020-01-09,2020-01-09 22:28:55+00:00,7.119,-73.122,0.1522023975849151,0.1250481009483337,0.3550605773925781,0.2917240560054779,293.93035888671875,20.780358886718773,SMAP_L4_SM_gph_20200109T223000_Vv8010_001.h5
2020-01-10,2020-01-10 01:28:55+00:00,7.119,-73.122,0.1517139822244644,0.1251515448093414,0.3539068698883056,0.2919564247131347,292.3148498535156,19.164849853515648,SMAP_L4_SM_gph_20200110T013000_Vv8010_001.h5
2020-01-10,2020-01-10 04:28:55+00:00,7.119,-73.122,0.1513001918792724,0.1252626478672027,0.352908045053482,0.292208731174469,290.70098876953125,17.550988769531273,SMAP_L4_SM_gph_20200110T043000_Vv8010_001.h5
2020-01-10,2020-01-10 07:28:55+00:00,7.119,-73.122,0.1524424850940704,0.1253871321678161,0.3556313514709472,0.2924166023731231,289.27001953125,16.120019531250023,SMAP_L4_SM_gph_20200110T073000_Vv8010_001.h5
2020-01-10,2020-01-10 10:28:55+00:00,7.119,-73.122,0.1526004076004028,0.1254634410142898,0.3559324145317077,0.2927004992961883,288.10577392578125,14.955773925781273,SMAP_L4_SM_gph_20200110T103000_Vv8010_001.h5
2020-01-10,2020-01-10 13:28:55+00:00,7.119,-73.122,0.1506561338901519,0.1252797991037368,0.3514069616794586,0.2921682596206665,289.3416748046875,16.191674804687523,SMAP_L4_SM_gph_20200110T133000_Vv8010_001.h5
2020-01-10,2020-01-10 16:28:55+00:00,7.119,-73.122,0.1428171247243881,0.124184101819992,0.3332083523273468,0.2897345721721649,292.476318359375,19.326318359375023,SMAP_L4_SM_gph_20200110T163000_Vv8010_001.h5
2020-01-10,2020-01-10 19:28:55+00:00,7.119,-73.122,0.1372769027948379,0.1231209859251976,0.3201985359191894,0.2871046662330627,293.9604187011719,20.810418701171898,SMAP_L4_SM_gph_20200110T193000_Vv8010_001.h5
2020-01-10,2020-01-10 22:28:55+00:00,7.119,-73.122,0.135770246386528,0.1227774173021316,0.3167065382003784,0.2864311337471008,293.7675476074219,20.617547607421898,SMAP_L4_SM_gph_20200110T223000_Vv8010_001.h5
2020-01-11,2020-01-11 01:28:55+00:00,7.119,-73.122,0.1398596465587616,0.1231603249907493,0.3262444734573364,0.2872979640960693,292.0385437011719,18.888543701171898,SMAP_L4_SM_gph_20200111T013000_Vv8010_001.h5
2020-01-11,2020-01-11 04:28:55+00:00,7.119,-73.122,0.1403663009405136,0.1232197433710098,0.3273920118808746,0.2874952256679535,290.4098815917969,17.259881591796898,SMAP_L4_SM_gph_20200111T043000_Vv8010_001.h5
2020-01-11,2020-01-11 07:28:55+00:00,7.119,-73.122,0.1417465060949325,0.1233344450592994,0.3306533992290497,0.2876776158809662,289.1761779785156,16.026177978515648,SMAP_L4_SM_gph_20200111T073000_Vv8010_001.h5
2020-01-11,2020-01-11 10:28:55+00:00,7.119,-73.122,0.1429004818201065,0.1234337985515594,0.3332979679107666,0.2879114151000976,288.343505859375,15.193505859375025,SMAP_L4_SM_gph_20200111T103000_Vv8010_001.h5
2020-01-11,2020-01-11 13:28:55+00:00,7.119,-73.122,0.1421450227499008,0.1233145594596862,0.3315825462341308,0.2876317501068115,289.67364501953125,16.523645019531273,SMAP_L4_SM_gph_20200111T133000_Vv8010_001.h5
2020-01-11,2020-01-11 16:28:55+00:00,7.119,-73.122,0.137681171298027,0.1224365904927253,0.3211030662059784,0.2855749428272247,292.4049072265625,19.254907226562523,SMAP_L4_SM_gph_20200111T163000_Vv8010_001.h5
2020-01-11,2020-01-11 19:28:55+00:00,7.119,-73.122,0.1343479454517364,0.121614970266819,0.3134273290634155,0.2836279273033142,293.72662353515625,20.57662353515628,SMAP_L4_SM_gph_20200111T193000_Vv8010_001.h5
2020-01-11,2020-01-11 22:28:55+00:00,7.119,-73.122,0.1341928243637085,0.1214105114340782,0.3129326105117798,0.2832428216934204,293.60565185546875,20.455651855468773,SMAP_L4_SM_gph_20200111T223000_Vv8010_001.h5
2020-01-12,2020-01-12 01:28:55+00:00,7.119,-73.122,0.1361782848834991,0.1216236799955368,0.3176442682743072,0.2836815118789673,292.2392883300781,19.089288330078148,SMAP_L4_SM_gph_20200112T013000_Vv8010_001.h5
2020-01-12,2020-01-12 04:28:55+00:00,7.119,-73.122,0.1374336183071136,0.1218084916472435,0.3205744326114654,0.2841316163539886,290.92584228515625,17.775842285156273,SMAP_L4_SM_gph_20200112T043000_Vv8010_001.h5
2020-01-12,2020-01-12 07:28:55+00:00,7.119,-73.122,0.1385345757007599,0.1219586357474327,0.3231312930583954,0.2844489514827728,289.9103088378906,16.760308837890648,SMAP_L4_SM_gph_20200112T073000_Vv8010_001.h5
2020-01-12,2020-01-12 10:28:55+00:00,7.119,-73.122,0.1387689113616943,0.1220313161611557,0.3236456513404846,0.2846808433532715,289.07391357421875,15.923913574218773,SMAP_L4_SM_gph_20200112T103000_Vv8010_001.h5
2020-01-12,2020-01-12 13:28:55+00:00,7.119,-73.122,0.1377305090427398,0.1219099014997482,0.3213056325912475,0.284396082162857,290.2631225585937,17.113122558593773,SMAP_L4_SM_gph_20200112T133000_Vv8010_001.h5
2020-01-12,2020-01-12 16:28:55+00:00,7.119,-73.122,0.1342231631278991,0.121014691889286,0.313145250082016,0.2822518348693847,293.1268005371094,19.9768005371094,SMAP_L4_SM_gph_20200112T163000_Vv8010_001.h5
2020-01-12,2020-01-12 19:28:55+00:00,7.119,-73.122,0.1312486231327057,0.1201274693012237,0.3060719072818756,0.2801708877086639,294.567138671875,21.417138671875023,SMAP_L4_SM_gph_20200112T193000_Vv8010_001.h5
2020-01-12,2020-01-12 22:28:55+00:00,7.119,-73.122,0.1332973837852478,0.120021253824234,0.3109719753265381,0.2799680233001709,294.2948608398437,21.144860839843773,SMAP_L4_SM_gph_20200112T223000_Vv8010_001.h5
2020-01-13,2020-01-13 01:28:55+00:00,7.119,-73.122,0.1387581974267959,0.1205134615302085,0.3237256109714508,0.2811193466186523,292.7413635253906,19.591363525390648,SMAP_L4_SM_gph_20200113T013000_Vv8010_001.h5
2020-01-13,2020-01-13 04:28:55+00:00,7.119,-73.122,0.1407551914453506,0.1207279488444328,0.3282741606235504,0.2816894054412842,291.3912658691406,18.241265869140648,SMAP_L4_SM_gph_20200113T043000_Vv8010_001.h5
2020-01-13,2020-01-13 07:28:55+00:00,7.119,-73.122,0.1427082866430282,0.120911993086338,0.3329036235809326,0.2820158004760742,290.32989501953125,17.179895019531273,SMAP_L4_SM_gph_20200113T073000_Vv8010_001.h5
2020-01-13,2020-01-13 10:28:55+00:00,7.119,-73.122,0.143885388970375,0.1210016086697578,0.3356354832649231,0.2822125256061554,289.49078369140625,16.340783691406273,SMAP_L4_SM_gph_20200113T103000_Vv8010_001.h5
2020-01-13,2020-01-13 13:28:55+00:00,7.119,-73.122,0.1412601321935653,0.1207537800073623,0.3295127749443054,0.2815924882888794,290.4656677246094,17.315667724609398,SMAP_L4_SM_gph_20200113T133000_Vv8010_001.h5
2020-01-13,2020-01-13 16:28:55+00:00,7.119,-73.122,0.1362300366163253,0.1198670789599418,0.3178692758083343,0.2796350121498108,293.0982360839844,19.9482360839844,SMAP_L4_SM_gph_20200113T163000_Vv8010_001.h5
2020-01-13,2020-01-13 19:28:55+00:00,7.119,-73.122,0.1318579018115997,0.1189923211932182,0.3075431287288666,0.2776340842247009,294.51129150390625,21.36129150390628,SMAP_L4_SM_gph_20200113T193000_Vv8010_001.h5
2020-01-13,2020-01-13 22:28:55+00:00,7.119,-73.122,0.1316410303115844,0.1188215762376785,0.3071025311946869,0.2771781980991363,294.3839111328125,21.233911132812523,SMAP_L4_SM_gph_20200113T223000_Vv8010_001.h5
2020-01-14,2020-01-14 01:28:55+00:00,7.119,-73.122,0.1338242888450622,0.1190854832530021,0.3121320605278015,0.2777551710605621,292.9401550292969,19.790155029296898,SMAP_L4_SM_gph_20200114T013000_Vv8010_001.h5
2020-01-14,2020-01-14 04:28:55+00:00,7.119,-73.122,0.135545402765274,0.1193011999130249,0.316146045923233,0.2782440483570099,291.7098999023437,18.559899902343773,SMAP_L4_SM_gph_20200114T043000_Vv8010_001.h5
2020-01-14,2020-01-14 07:28:55+00:00,7.119,-73.122,0.1362376064062118,0.1194408982992172,0.3178406953811645,0.2786563038825989,290.7886657714844,17.638665771484398,SMAP_L4_SM_gph_20200114T073000_Vv8010_001.h5
2020-01-14,2020-01-14 10:28:55+00:00,7.119,-73.122,0.1370429843664169,0.1195716187357902,0.319646418094635,0.2788856327533722,290.1301574707031,16.980157470703148,SMAP_L4_SM_gph_20200114T103000_Vv8010_001.h5
2020-01-14,2020-01-14 13:28:55+00:00,7.119,-73.122,0.1374928653240203,0.1194731518626213,0.3206473290920257,0.2787079811096191,291.20068359375,18.050683593750023,SMAP_L4_SM_gph_20200114T133000_Vv8010_001.h5
2020-01-14,2020-01-14 16:28:55+00:00,7.119,-73.122,0.134423553943634,0.1186306923627853,0.3135011494159698,0.2767864465713501,293.882568359375,20.732568359375023,SMAP_L4_SM_gph_20200114T163000_Vv8010_001.h5
2020-01-14,2020-01-14 19:28:55+00:00,7.119,-73.122,0.1314877569675445,0.117817036807537,0.306769996881485,0.2748230099678039,295.168212890625,22.018212890625023,SMAP_L4_SM_gph_20200114T193000_Vv8010_001.h5
2020-01-14,2020-01-14 22:28:55+00:00,7.119,-73.122,0.1398266553878784,0.1181292682886123,0.3262474238872528,0.2754941284656524,294.647705078125,21.497705078125023,SMAP_L4_SM_gph_20200114T223000_Vv8010_001.h5
2020-01-15,2020-01-15 01:28:55+00:00,7.119,-73.122,0.149487555027008,0.1188371554017067,0.3487920761108398,0.2771337628364563,293.3992919921875,20.249291992187523,SMAP_L4_SM_gph_20200115T013000_Vv8010_001.h5
2020-01-15,2020-01-15 04:28:55+00:00,7.119,-73.122,0.1487990617752075,0.1190139651298523,0.347161591053009,0.2776430547237396,292.2154541015625,19.065454101562523,SMAP_L4_SM_gph_20200115T043000_Vv8010_001.h5
2020-01-15,2020-01-15 07:28:55+00:00,7.119,-73.122,0.1483057588338852,0.1191855370998382,0.3459552228450775,0.2780541181564331,291.2938842773437,18.143884277343773,SMAP_L4_SM_gph_20200115T073000_Vv8010_001.h5
2020-01-15,2020-01-15 10:28:55+00:00,7.119,-73.122,0.1481212228536605,0.1193258017301559,0.3455112278461456,0.2783084511756897,290.53485107421875,17.384851074218773,SMAP_L4_SM_gph_20200115T103000_Vv8010_001.h5
2020-01-15,2020-01-15 13:28:55+00:00,7.119,-73.122,0.1465865671634674,0.119206815958023,0.3419159352779388,0.2779974043369293,291.52838134765625,18.37838134765628,SMAP_L4_SM_gph_20200115T133000_Vv8010_001.h5
2020-01-15,2020-01-15 16:28:55+00:00,7.119,-73.122,0.1417352855205536,0.1183287873864173,0.3304935991764068,0.2759828567504883,294.07830810546875,20.928308105468773,SMAP_L4_SM_gph_20200115T163000_Vv8010_001.h5
2020-01-15,2020-01-15 19:28:55+00:00,7.119,-73.122,0.1376659125089645,0.1175117269158363,0.3211996257305145,0.2741326987743377,295.278076171875,22.128076171875023,SMAP_L4_SM_gph_20200115T193000_Vv8010_001.h5
2020-01-15,2020-01-15 22:28:55+00:00,7.119,-73.122,0.139480710029602,0.1175463795661926,0.3253691494464874,0.2741859555244446,294.69647216796875,21.546472167968773,SMAP_L4_SM_gph_20200115T223000_Vv8010_001.h5
2020-01-16,2020-01-16 01:28:55+00:00,7.119,-73.122,0.1376810520887375,0.1175258681178093,0.3211759626865387,0.2741695940494537,293.4684143066406,20.318414306640648,SMAP_L4_SM_gph_20200116T013000_Vv8010_001.h5
2020-01-16,2020-01-16 04:28:55+00:00,7.119,-73.122,0.1410722583532333,0.1178289204835891,0.3291583061218261,0.2748540639877319,292.57550048828125,19.42550048828128,SMAP_L4_SM_gph_20200116T043000_Vv8010_001.h5
2020-01-16,2020-01-16 07:28:55+00:00,7.119,-73.122,0.1434669494628906,0.1180929243564605,0.3345920443534851,0.275473803281784,291.9059143066406,18.755914306640648,SMAP_L4_SM_gph_20200116T073000_Vv8010_001.h5
2020-01-16,2020-01-16 10:28:55+00:00,7.119,-73.122,0.1436212211847305,0.118240013718605,0.3349835574626922,0.2757832407951355,291.017333984375,17.867333984375023,SMAP_L4_SM_gph_20200116T103000_Vv8010_001.h5
2020-01-16,2020-01-16 13:28:55+00:00,7.119,-73.122,0.1423588097095489,0.1181540116667747,0.3320290148258209,0.2756012082099914,291.9620666503906,18.812066650390648,SMAP_L4_SM_gph_20200116T133000_Vv8010_001.h5
2020-01-16,2020-01-16 16:28:55+00:00,7.119,-73.122,0.137273296713829,0.1172645688056945,0.3202235996723175,0.2735567986965179,294.4730834960937,21.323083496093773,SMAP_L4_SM_gph_20200116T163000_Vv8010_001.h5
2020-01-16,2020-01-16 19:28:55+00:00,7.119,-73.122,0.133442148566246,0.1164399459958076,0.3113550543785095,0.2716391086578369,295.7301940917969,22.580194091796898,SMAP_L4_SM_gph_20200116T193000_Vv8010_001.h5
2020-01-16,2020-01-16 22:28:55+00:00,7.119,-73.122,0.1343455612659454,0.1163475215435028,0.3133592307567596,0.2713926434516907,295.3353271484375,22.185327148437523,SMAP_L4_SM_gph_20200116T223000_Vv8010_001.h5
2020-01-17,2020-01-17 01:28:55+00:00,7.119,-73.122,0.1361783444881439,0.1165913119912147,0.317658394575119,0.2718801200389862,293.97564697265625,20.82564697265628,SMAP_L4_SM_gph_20200117T013000_Vv8010_001.h5
2020-01-17,2020-01-17 04:28:55+00:00,7.119,-73.122,0.136512354016304,0.1167583689093589,0.3184350728988647,0.2723638415336609,292.7226867675781,19.572686767578148,SMAP_L4_SM_gph_20200117T043000_Vv8010_001.h5
2020-01-17,2020-01-17 07:28:55+00:00,7.119,-73.122,0.1367611736059188,0.1168812662363052,0.3189099133014679,0.2726049721240997,291.673583984375,18.523583984375023,SMAP_L4_SM_gph_20200117T073000_Vv8010_001.h5
2020-01-17,2020-01-17 10:28:55+00:00,7.119,-73.122,0.1372882574796676,0.1170129179954528,0.3202197551727295,0.2729215025901794,290.8701477050781,17.720147705078148,SMAP_L4_SM_gph_20200117T103000_Vv8010_001.h5
2020-01-17,2020-01-17 13:28:55+00:00,7.119,-73.122,0.1373986601829528,0.1169555112719535,0.3205277025699615,0.2728142142295837,291.97906494140625,18.82906494140628,SMAP_L4_SM_gph_20200117T133000_Vv8010_001.h5
2020-01-17,2020-01-17 16:28:55+00:00,7.119,-73.122,0.1352759897708892,0.116194374859333,0.3154717981815338,0.2710303664207458,294.54949951171875,21.399499511718773,SMAP_L4_SM_gph_20200117T163000_Vv8010_001.h5
2020-01-17,2020-01-17 19:28:55+00:00,7.119,-73.122,0.1327016353607177,0.1155085638165474,0.3095901906490326,0.2693635523319244,295.7236328125,22.573632812500023,SMAP_L4_SM_gph_20200117T193000_Vv8010_001.h5
2020-01-17,2020-01-17 22:28:55+00:00,7.119,-73.122,0.1440800577402115,0.1160207614302635,0.3360873460769653,0.2705669105052948,295.4575500488281,22.307550048828148,SMAP_L4_SM_gph_20200117T223000_Vv8010_001.h5
2020-01-18,2020-01-18 01:28:55+00:00,7.119,-73.122,0.1437788605690002,0.1161936149001121,0.3353863656520843,0.2709861099720001,294.25567626953125,21.10567626953128,SMAP_L4_SM_gph_20200118T013000_Vv8010_001.h5
2020-01-18,2020-01-18 04:28:55+00:00,7.119,-73.122,0.1445637196302414,0.1163998767733573,0.3372573256492615,0.2714923024177551,293.1395263671875,19.989526367187523,SMAP_L4_SM_gph_20200118T043000_Vv8010_001.h5
2020-01-18,2020-01-18 07:28:55+00:00,7.119,-73.122,0.144845575094223,0.1165223494172096,0.3378623723983764,0.2718494534492492,292.2191162109375,19.069116210937523,SMAP_L4_SM_gph_20200118T073000_Vv8010_001.h5
2020-01-18,2020-01-18 10:28:55+00:00,7.119,-73.122,0.1449009031057357,0.1166342794895172,0.3380347490310669,0.2720296680927276,291.4383544921875,18.288354492187523,SMAP_L4_SM_gph_20200118T103000_Vv8010_001.h5
2020-01-18,2020-01-18 13:28:55+00:00,7.119,-73.122,0.1438140124082565,0.1165332794189453,0.3354091048240661,0.2717659771442413,292.5361328125,19.386132812500023,SMAP_L4_SM_gph_20200118T133000_Vv8010_001.h5
2020-01-18,2020-01-18 16:28:55+00:00,7.119,-73.122,0.1402869075536728,0.1158151477575302,0.3271970450878143,0.270136684179306,294.7648620605469,21.614862060546898,SMAP_L4_SM_gph_20200118T163000_Vv8010_001.h5
2020-01-18,2020-01-18 19:28:55+00:00,7.119,-73.122,0.1387575268745422,0.1153162717819213,0.3237080574035644,0.2689678370952606,295.654052734375,22.504052734375023,SMAP_L4_SM_gph_20200118T193000_Vv8010_001.h5
2020-01-18,2020-01-18 22:28:55+00:00,7.119,-73.122,0.138628140091896,0.115252211689949,0.3233522474765777,0.2687954902648926,295.3226318359375,22.172631835937523,SMAP_L4_SM_gph_20200118T223000_Vv8010_001.h5
2020-01-19,2020-01-19 01:28:55+00:00,7.119,-73.122,0.138602465391159,0.1153748705983161,0.3232300281524658,0.2690785527229309,294.2659912109375,21.115991210937523,SMAP_L4_SM_gph_20200119T013000_Vv8010_001.h5
2020-01-19,2020-01-19 04:28:55+00:00,7.119,-73.122,0.1390763372182846,0.1155215725302696,0.324389636516571,0.2694668471813202,293.25897216796875,20.108972167968773,SMAP_L4_SM_gph_20200119T043000_Vv8010_001.h5
2020-01-19,2020-01-19 07:28:55+00:00,7.119,-73.122,0.1396853476762771,0.1156514286994934,0.3258256018161773,0.2698110938072204,292.3170471191406,19.167047119140648,SMAP_L4_SM_gph_20200119T073000_Vv8010_001.h5
2020-01-19,2020-01-19 10:28:55+00:00,7.119,-73.122,0.1405504196882248,0.11575348675251,0.3278557360172272,0.2700452506542206,291.6425476074219,18.492547607421898,SMAP_L4_SM_gph_20200119T103000_Vv8010_001.h5
2020-01-19,2020-01-19 13:28:55+00:00,7.119,-73.122,0.1406984031200409,0.1157237589359283,0.3282208144664764,0.2699301838874817,292.4390869140625,19.289086914062523,SMAP_L4_SM_gph_20200119T133000_Vv8010_001.h5
2020-01-19,2020-01-19 16:28:55+00:00,7.119,-73.122,0.1374149471521377,0.1150923520326614,0.3206001222133636,0.2684102952480316,294.70147705078125,21.55147705078128,SMAP_L4_SM_gph_20200119T163000_Vv8010_001.h5
2020-01-19,2020-01-19 19:28:55+00:00,7.119,-73.122,0.1338334083557129,0.1143622025847435,0.3121036291122436,0.2667921483516693,295.8818664550781,22.731866455078148,SMAP_L4_SM_gph_20200119T193000_Vv8010_001.h5
2020-01-19,2020-01-19 22:28:55+00:00,7.119,-73.122,0.1331196278333664,0.1142423152923584,0.3105997741222381,0.2665112316608429,295.5545654296875,22.404565429687523,SMAP_L4_SM_gph_20200119T223000_Vv8010_001.h5
2020-01-20,2020-01-20 01:28:55+00:00,7.119,-73.122,0.1341929584741592,0.1144290119409561,0.3130887746810913,0.2669240236282348,294.4794921875,21.329492187500023,SMAP_L4_SM_gph_20200120T013000_Vv8010_001.h5
2020-01-20,2020-01-20 04:28:55+00:00,7.119,-73.122,0.1372138708829879,0.1146933734416961,0.3200359940528869,0.2675448358058929,293.5555114746094,20.4055114746094,SMAP_L4_SM_gph_20200120T043000_Vv8010_001.h5
2020-01-20,2020-01-20 07:28:55+00:00,7.119,-73.122,0.1418612152338028,0.1150516346096992,0.3309568762779236,0.2683785259723663,292.9504089355469,19.800408935546898,SMAP_L4_SM_gph_20200120T073000_Vv8010_001.h5
2020-01-20,2020-01-20 10:28:55+00:00,7.119,-73.122,0.1419914662837982,0.1151995062828064,0.3311989605426788,0.2686579525470733,292.2646484375,19.114648437500023,SMAP_L4_SM_gph_20200120T103000_Vv8010_001.h5
2020-01-20,2020-01-20 13:28:55+00:00,7.119,-73.122,0.1422417163848877,0.1152213364839553,0.3317772150039673,0.268762856721878,292.636962890625,19.486962890625023,SMAP_L4_SM_gph_20200120T133000_Vv8010_001.h5
2020-01-20,2020-01-20 16:28:55+00:00,7.119,-73.122,0.1402724683284759,0.1147292628884315,0.3271434009075165,0.2676543593406677,294.5329284667969,21.382928466796898,SMAP_L4_SM_gph_20200120T163000_Vv8010_001.h5
2020-01-20,2020-01-20 19:28:55+00:00,7.119,-73.122,0.1516290456056594,0.1150780767202377,0.3536354303359985,0.2683784663677215,294.9649658203125,21.814965820312523,SMAP_L4_SM_gph_20200120T193000_Vv8010_001.h5
2020-01-20,2020-01-20 22:28:55+00:00,7.119,-73.122,0.2010683417320251,0.1182601153850555,0.4690468907356262,0.2758035957813263,294.20001220703125,21.05001220703128,SMAP_L4_SM_gph_20200120T223000_Vv8010_001.h5
2020-01-21,2020-01-21 01:28:55+00:00,7.119,-73.122,0.1955116540193557,0.1187400743365287,0.4560566544532776,0.2769178450107574,293.12359619140625,19.97359619140628,SMAP_L4_SM_gph_20200121T013000_Vv8010_001.h5
2020-01-21,2020-01-21 04:28:55+00:00,7.119,-73.122,0.1994055062532425,0.1196455284953117,0.4651177823543548,0.2791259884834289,292.43780517578125,19.28780517578128,SMAP_L4_SM_gph_20200121T043000_Vv8010_001.h5
2020-01-21,2020-01-21 07:28:55+00:00,7.119,-73.122,0.2104995846748352,0.1213588863611221,0.4909920394420624,0.2831657528877258,291.9037475585937,18.753747558593773,SMAP_L4_SM_gph_20200121T073000_Vv8010_001.h5
2020-01-21,2020-01-21 10:28:55+00:00,7.119,-73.122,0.2324082851409912,0.124770313501358,0.5421454906463623,0.2910460531711578,291.45904541015625,18.30904541015628,SMAP_L4_SM_gph_20200121T103000_Vv8010_001.h5
2020-01-21,2020-01-21 13:28:55+00:00,7.119,-73.122,0.2159215211868286,0.1260175555944442,0.5036580562591553,0.2939705848693847,291.78326416015625,18.63326416015628,SMAP_L4_SM_gph_20200121T133000_Vv8010_001.h5
2020-01-21,2020-01-21 16:28:55+00:00,7.119,-73.122,0.1947376281023025,0.1251150369644165,0.4542420208454132,0.2918497920036316,293.62567138671875,20.475671386718773,SMAP_L4_SM_gph_20200121T163000_Vv8010_001.h5
2020-01-21,2020-01-21 19:28:55+00:00,7.119,-73.122,0.1853651702404022,0.1238962709903717,0.4323822557926178,0.2890046536922455,294.89971923828125,21.74971923828128,SMAP_L4_SM_gph_20200121T193000_Vv8010_001.h5
2020-01-21,2020-01-21 22:28:55+00:00,7.119,-73.122,0.1820161640644073,0.1233222112059593,0.4245581924915313,0.287634402513504,294.6312866210937,21.481286621093773,SMAP_L4_SM_gph_20200121T223000_Vv8010_001.h5
2020-01-22,2020-01-22 01:28:55+00:00,7.119,-73.122,0.1822104305028915,0.1232089027762413,0.4250403046607971,0.2873707413673401,293.266845703125,20.116845703125023,SMAP_L4_SM_gph_20200122T013000_Vv8010_001.h5
2020-01-22,2020-01-22 04:28:55+00:00,7.119,-73.122,0.2230653017759323,0.1257751584053039,0.5203937292098999,0.2934390604496002,292.27178955078125,19.12178955078128,SMAP_L4_SM_gph_20200122T043000_Vv8010_001.h5
2020-01-22,2020-01-22 07:28:55+00:00,7.119,-73.122,0.3191775381565094,0.1521611213684082,0.7444769740104675,0.354889452457428,291.4146728515625,18.264672851562523,SMAP_L4_SM_gph_20200122T073000_Vv8010_001.h5
2020-01-22,2020-01-22 10:28:55+00:00,7.119,-73.122,0.2348727434873581,0.1587206423282623,0.5478984117507935,0.3702711164951324,290.8407592773437,17.690759277343773,SMAP_L4_SM_gph_20200122T103000_Vv8010_001.h5
2020-01-22,2020-01-22 13:28:55+00:00,7.119,-73.122,0.2771627306938171,0.1652225404977798,0.6464760303497314,0.3854174315929413,290.9850769042969,17.835076904296898,SMAP_L4_SM_gph_20200122T133000_Vv8010_001.h5
2020-01-22,2020-01-22 16:28:55+00:00,7.119,-73.122,0.240052580833435,0.1685564517974853,0.5598525404930115,0.393170028924942,292.3166809082031,19.166680908203148,SMAP_L4_SM_gph_20200122T163000_Vv8010_001.h5
2020-01-22,2020-01-22 19:28:55+00:00,7.119,-73.122,0.232788011431694,0.1679241806268692,0.542965292930603,0.3916849493980407,293.3554077148437,20.205407714843773,SMAP_L4_SM_gph_20200122T193000_Vv8010_001.h5
2020-01-22,2020-01-22 22:28:55+00:00,7.119,-73.122,0.221315249800682,0.1667614132165908,0.5161773562431335,0.3890283405780792,293.03485107421875,19.884851074218773,SMAP_L4_SM_gph_20200122T223000_Vv8010_001.h5
2020-01-23,2020-01-23 01:28:55+00:00,7.119,-73.122,0.2109143882989883,0.1647313982248306,0.4920116662979126,0.3842633962631225,292.0112609863281,18.861260986328148,SMAP_L4_SM_gph_20200123T013000_Vv8010_001.h5
2020-01-23,2020-01-23 04:28:55+00:00,7.119,-73.122,0.2066678553819656,0.1627256870269775,0.4821243286132812,0.3795620203018188,291.0765991210937,17.926599121093773,SMAP_L4_SM_gph_20200123T043000_Vv8010_001.h5
2020-01-23,2020-01-23 07:28:55+00:00,7.119,-73.122,0.2078641504049301,0.1611323207616806,0.4848584234714508,0.3758830726146698,290.323974609375,17.173974609375023,SMAP_L4_SM_gph_20200123T073000_Vv8010_001.h5
2020-01-23,2020-01-23 10:28:55+00:00,7.119,-73.122,0.2039457410573959,0.1594537794589996,0.4757832586765289,0.3719820082187652,289.6845397949219,16.534539794921898,SMAP_L4_SM_gph_20200123T103000_Vv8010_001.h5
2020-01-23,2020-01-23 13:28:55+00:00,7.119,-73.122,0.1998098939657211,0.1576479077339172,0.4660896956920624,0.3678231239318847,290.5043334960937,17.354333496093773,SMAP_L4_SM_gph_20200123T133000_Vv8010_001.h5
2020-01-23,2020-01-23 16:28:55+00:00,7.119,-73.122,0.1937658637762069,0.1554435789585113,0.4518804848194122,0.362677663564682,293.0439147949219,19.893914794921898,SMAP_L4_SM_gph_20200123T163000_Vv8010_001.h5
2020-01-23,2020-01-23 19:28:55+00:00,7.119,-73.122,0.1899484544992447,0.1534681171178817,0.4430357813835144,0.3578956723213196,294.3488464355469,21.198846435546898,SMAP_L4_SM_gph_20200123T193000_Vv8010_001.h5
2020-01-23,2020-01-23 22:28:55+00:00,7.119,-73.122,0.1898704320192337,0.1520397663116455,0.4428843557834625,0.3546948432922363,294.064697265625,20.914697265625023,SMAP_L4_SM_gph_20200123T223000_Vv8010_001.h5
2020-01-24,2020-01-24 01:28:55+00:00,7.119,-73.122,0.1873527765274047,0.1504307091236114,0.4370836913585663,0.3508899509906769,292.7826843261719,19.632684326171898,SMAP_L4_SM_gph_20200124T013000_Vv8010_001.h5
2020-01-24,2020-01-24 04:28:55+00:00,7.119,-73.122,0.1894672065973281,0.1494763493537902,0.4419280290603637,0.3487506210803985,292.0720520019531,18.922052001953148,SMAP_L4_SM_gph_20200124T043000_Vv8010_001.h5
2020-01-24,2020-01-24 07:28:55+00:00,7.119,-73.122,0.1972593516111374,0.1491152495145797,0.4601510763168335,0.3477876186370849,291.75299072265625,18.60299072265628,SMAP_L4_SM_gph_20200124T073000_Vv8010_001.h5
2020-01-24,2020-01-24 10:28:55+00:00,7.119,-73.122,0.1940656453371048,0.1482969522476196,0.4526925683021545,0.345854640007019,291.3418884277344,18.1918884277344,SMAP_L4_SM_gph_20200124T103000_Vv8010_001.h5
2020-01-24,2020-01-24 13:28:55+00:00,7.119,-73.122,0.1914258301258087,0.14742311835289,0.4464597105979919,0.3438142240047455,291.6556091308594,18.5056091308594,SMAP_L4_SM_gph_20200124T133000_Vv8010_001.h5
2020-01-24,2020-01-24 16:28:55+00:00,7.119,-73.122,0.1876563876867294,0.1462011933326721,0.4376956820487976,0.3410035669803619,293.3666381835937,20.216638183593773,SMAP_L4_SM_gph_20200124T163000_Vv8010_001.h5
2020-01-24,2020-01-24 19:28:55+00:00,7.119,-73.122,0.1890265047550201,0.1452381461858749,0.4409918189048767,0.3387932777404785,294.1766662597656,21.026666259765648,SMAP_L4_SM_gph_20200124T193000_Vv8010_001.h5
2020-01-24,2020-01-24 22:28:55+00:00,7.119,-73.122,0.1977055817842483,0.145107164978981,0.4610790014266968,0.3384410142898559,293.6073608398437,20.457360839843773,SMAP_L4_SM_gph_20200124T223000_Vv8010_001.h5
2020-01-25,2020-01-25 01:28:55+00:00,7.119,-73.122,0.1949321627616882,0.144502580165863,0.4547135829925537,0.3370285630226135,292.77392578125,19.623925781250023,SMAP_L4_SM_gph_20200125T013000_Vv8010_001.h5
2020-01-25,2020-01-25 04:28:55+00:00,7.119,-73.122,0.1933255791664123,0.1439291536808014,0.4509005844593048,0.335659921169281,292.18670654296875,19.036706542968773,SMAP_L4_SM_gph_20200125T043000_Vv8010_001.h5
2020-01-25,2020-01-25 07:28:55+00:00,7.119,-73.122,0.1924730241298675,0.143384963274002,0.4489495456218719,0.3344527184963226,291.79937744140625,18.64937744140628,SMAP_L4_SM_gph_20200125T073000_Vv8010_001.h5
2020-01-25,2020-01-25 10:28:55+00:00,7.119,-73.122,0.1911694407463073,0.1428919434547424,0.4459582567214966,0.3333044946193695,291.4768371582031,18.326837158203148,SMAP_L4_SM_gph_20200125T103000_Vv8010_001.h5
2020-01-25,2020-01-25 13:28:55+00:00,7.119,-73.122,0.1888365894556045,0.1422881931066513,0.4404413998126983,0.3319044709205627,291.85748291015625,18.70748291015628,SMAP_L4_SM_gph_20200125T133000_Vv8010_001.h5
2020-01-25,2020-01-25 16:28:55+00:00,7.119,-73.122,0.185411274433136,0.1414662599563598,0.432508111000061,0.3299992978572845,293.4588623046875,20.308862304687523,SMAP_L4_SM_gph_20200125T163000_Vv8010_001.h5
2020-01-25,2020-01-25 19:28:55+00:00,7.119,-73.122,0.1843459755182266,0.1408165693283081,0.4300170242786407,0.3284688889980316,294.1341552734375,20.984155273437523,SMAP_L4_SM_gph_20200125T193000_Vv8010_001.h5
2020-01-25,2020-01-25 22:28:55+00:00,7.119,-73.122,0.1940735131502151,0.1412050426006317,0.4527176320552826,0.3293811976909637,293.61871337890625,20.46871337890628,SMAP_L4_SM_gph_20200125T223000_Vv8010_001.h5
2020-01-26,2020-01-26 01:28:55+00:00,7.119,-73.122,0.192949578166008,0.140923798084259,0.4501760005950928,0.3287113010883331,292.948486328125,19.798486328125023,SMAP_L4_SM_gph_20200126T013000_Vv8010_001.h5
2020-01-26,2020-01-26 04:28:55+00:00,7.119,-73.122,0.1907346397638321,0.1405928134918213,0.4450116753578186,0.3279487788677215,292.37646484375,19.226464843750023,SMAP_L4_SM_gph_20200126T043000_Vv8010_001.h5
2020-01-26,2020-01-26 07:28:55+00:00,7.119,-73.122,0.1891651451587677,0.1401817351579666,0.4413026571273803,0.3270144462585449,291.7276306152344,18.5776306152344,SMAP_L4_SM_gph_20200126T073000_Vv8010_001.h5
2020-01-26,2020-01-26 10:28:55+00:00,7.119,-73.122,0.1898380070924759,0.1399169266223907,0.4427782893180847,0.3263502120971679,291.2639465332031,18.113946533203148,SMAP_L4_SM_gph_20200126T103000_Vv8010_001.h5
2020-01-26,2020-01-26 13:28:55+00:00,7.119,-73.122,0.1921240836381912,0.1399551033973693,0.4481700658798218,0.3264974951744079,291.67462158203125,18.52462158203128,SMAP_L4_SM_gph_20200126T133000_Vv8010_001.h5
2020-01-26,2020-01-26 16:28:55+00:00,7.119,-73.122,0.1894904971122741,0.1393748968839645,0.4420278668403625,0.3250743448734283,293.22412109375,20.074121093750023,SMAP_L4_SM_gph_20200126T163000_Vv8010_001.h5
2020-01-26,2020-01-26 19:28:55+00:00,7.119,-73.122,0.186763659119606,0.1386550366878509,0.4356525242328644,0.3233980238437652,294.16815185546875,21.018151855468773,SMAP_L4_SM_gph_20200126T193000_Vv8010_001.h5
2020-01-26,2020-01-26 22:28:55+00:00,7.119,-73.122,0.1849598139524459,0.1381804794073104,0.4315289258956909,0.3223350644111633,293.8752746582031,20.725274658203148,SMAP_L4_SM_gph_20200126T223000_Vv8010_001.h5
2020-01-27,2020-01-27 01:28:55+00:00,7.119,-73.122,0.1859287470579147,0.1381519883871078,0.4337022304534912,0.3221758902072906,292.68280029296875,19.532800292968773,SMAP_L4_SM_gph_20200127T013000_Vv8010_001.h5
2020-01-27,2020-01-27 04:28:55+00:00,7.119,-73.122,0.1851428598165512,0.1378801614046096,0.4319738149642944,0.3216525018215179,291.6882629394531,18.538262939453148,SMAP_L4_SM_gph_20200127T043000_Vv8010_001.h5
2020-01-27,2020-01-27 07:28:55+00:00,7.119,-73.122,0.1877958625555038,0.1378331333398819,0.4380438923835754,0.3215669989585876,291.3727722167969,18.222772216796898,SMAP_L4_SM_gph_20200127T073000_Vv8010_001.h5
2020-01-27,2020-01-27 10:28:55+00:00,7.119,-73.122,0.191068559885025,0.1378643214702606,0.4456529319286346,0.3215742111206054,291.1721496582031,18.022149658203148,SMAP_L4_SM_gph_20200127T103000_Vv8010_001.h5
2020-01-27,2020-01-27 13:28:55+00:00,7.119,-73.122,0.1948269456624984,0.1380042135715484,0.4544326066970825,0.3217909038066864,291.4960327148437,18.346032714843773,SMAP_L4_SM_gph_20200127T133000_Vv8010_001.h5
2020-01-27,2020-01-27 16:28:55+00:00,7.119,-73.122,0.1927519887685775,0.1376865655183792,0.4496248662471771,0.3211479485034942,292.9568786621094,19.8068786621094,SMAP_L4_SM_gph_20200127T163000_Vv8010_001.h5
2020-01-27,2020-01-27 19:28:55+00:00,7.119,-73.122,0.1878442019224167,0.1370308697223663,0.4381306767463684,0.3196386694908142,294.4365234375,21.286523437500023,SMAP_L4_SM_gph_20200127T193000_Vv8010_001.h5
2020-01-27,2020-01-27 22:28:55+00:00,7.119,-73.122,0.1848929971456527,0.136625200510025,0.431287556886673,0.3187182247638702,294.3082580566406,21.158258056640648,SMAP_L4_SM_gph_20200127T223000_Vv8010_001.h5
2020-01-28,2020-01-28 01:28:55+00:00,7.119,-73.122,0.1832814365625381,0.1364082992076873,0.4275251030921936,0.3181790113449096,293.0465087890625,19.896508789062523,SMAP_L4_SM_gph_20200128T013000_Vv8010_001.h5
2020-01-28,2020-01-28 04:28:55+00:00,7.119,-73.122,0.1830562651157379,0.1363384425640106,0.4269201159477234,0.3179488778114319,292.10943603515625,18.95943603515628,SMAP_L4_SM_gph_20200128T043000_Vv8010_001.h5
2020-01-28,2020-01-28 07:28:55+00:00,7.119,-73.122,0.1849497705698013,0.1364113241434097,0.4314107298851013,0.318102091550827,291.6210632324219,18.471063232421898,SMAP_L4_SM_gph_20200128T073000_Vv8010_001.h5
2020-01-28,2020-01-28 10:28:55+00:00,7.119,-73.122,0.1880651265382766,0.1366019695997238,0.4387560486793518,0.3186579048633575,291.3095397949219,18.159539794921898,SMAP_L4_SM_gph_20200128T103000_Vv8010_001.h5
2020-01-28,2020-01-28 13:28:55+00:00,7.119,-73.122,0.1893822699785232,0.1366814225912094,0.4416765570640564,0.3188762962818146,291.4419860839844,18.2919860839844,SMAP_L4_SM_gph_20200128T133000_Vv8010_001.h5
2020-01-28,2020-01-28 16:28:55+00:00,7.119,-73.122,0.1888587772846222,0.1365336924791336,0.4404652416706085,0.3185654282569885,292.6646728515625,19.514672851562523,SMAP_L4_SM_gph_20200128T163000_Vv8010_001.h5
2020-01-28,2020-01-28 19:28:55+00:00,7.119,-73.122,0.1853922605514526,0.1360703706741333,0.4325716197490692,0.3174095749855041,293.8080444335937,20.658044433593773,SMAP_L4_SM_gph_20200128T193000_Vv8010_001.h5
2020-01-28,2020-01-28 22:28:55+00:00,7.119,-73.122,0.1833188235759735,0.1358004361391067,0.4277272224426269,0.3167689144611358,293.5824890136719,20.432489013671898,SMAP_L4_SM_gph_20200128T223000_Vv8010_001.h5
2020-01-29,2020-01-29 01:28:55+00:00,7.119,-73.122,0.1854911893606186,0.1361543387174606,0.4327252209186554,0.3175062239170074,292.4598693847656,19.309869384765648,SMAP_L4_SM_gph_20200129T013000_Vv8010_001.h5
2020-01-29,2020-01-29 04:28:55+00:00,7.119,-73.122,0.1832507252693176,0.1359842717647552,0.4274022877216339,0.3172109723091125,291.5845642089844,18.4345642089844,SMAP_L4_SM_gph_20200129T043000_Vv8010_001.h5
2020-01-29,2020-01-29 07:28:55+00:00,7.119,-73.122,0.1819479018449783,0.1358753591775894,0.4243842959403991,0.317001074552536,291.09197998046875,17.941979980468773,SMAP_L4_SM_gph_20200129T073000_Vv8010_001.h5
2020-01-29,2020-01-29 10:28:55+00:00,7.119,-73.122,0.1815880239009857,0.1358032971620559,0.4234893321990967,0.3167764842510223,290.64044189453125,17.490441894531273,SMAP_L4_SM_gph_20200129T103000_Vv8010_001.h5
2020-01-29,2020-01-29 13:28:55+00:00,7.119,-73.122,0.1845641732215881,0.1361879855394363,0.4304775297641754,0.3176054358482361,291.21337890625,18.063378906250023,SMAP_L4_SM_gph_20200129T133000_Vv8010_001.h5
2020-01-29,2020-01-29 16:28:55+00:00,7.119,-73.122,0.1809576451778412,0.1356844455003738,0.422057956457138,0.3164671063423157,292.67645263671875,19.526452636718773,SMAP_L4_SM_gph_20200129T163000_Vv8010_001.h5
2020-01-29,2020-01-29 19:28:55+00:00,7.119,-73.122,0.1822107136249542,0.1354178935289383,0.4250117838382721,0.3158351480960846,293.62908935546875,20.479089355468773,SMAP_L4_SM_gph_20200129T193000_Vv8010_001.h5
2020-01-29,2020-01-29 22:28:55+00:00,7.119,-73.122,0.1883002817630767,0.1357062608003616,0.4392020106315613,0.3165605664253235,293.4621887207031,20.312188720703148,SMAP_L4_SM_gph_20200129T223000_Vv8010_001.h5
2020-01-30,2020-01-30 01:28:55+00:00,7.119,-73.122,0.198827251791954,0.1365011483430862,0.4637987911701202,0.3184321820735931,292.64813232421875,19.498132324218773,SMAP_L4_SM_gph_20200130T013000_Vv8010_001.h5
2020-01-30,2020-01-30 04:28:55+00:00,7.119,-73.122,0.1965943723917007,0.1367876380681991,0.4585420787334442,0.3190308809280395,291.9850769042969,18.835076904296898,SMAP_L4_SM_gph_20200130T043000_Vv8010_001.h5
2020-01-30,2020-01-30 07:28:55+00:00,7.119,-73.122,0.1925312578678131,0.136613443493843,0.4491250514984131,0.3186878263950348,291.4383544921875,18.288354492187523,SMAP_L4_SM_gph_20200130T073000_Vv8010_001.h5
2020-01-30,2020-01-30 10:28:55+00:00,7.119,-73.122,0.1897343844175338,0.1364669203758239,0.4425539672374725,0.3183430433273315,290.9894104003906,17.839410400390648,SMAP_L4_SM_gph_20200130T103000_Vv8010_001.h5
2020-01-30,2020-01-30 13:28:55+00:00,7.119,-73.122,0.1869574785232544,0.1362069100141525,0.4361065924167633,0.3176546096801758,291.4931335449219,18.343133544921898,SMAP_L4_SM_gph_20200130T133000_Vv8010_001.h5
2020-01-30,2020-01-30 16:28:55+00:00,7.119,-73.122,0.1826935410499572,0.1355177909135818,0.4261533319950104,0.3161436021327972,293.4543762207031,20.304376220703148,SMAP_L4_SM_gph_20200130T163000_Vv8010_001.h5
2020-01-30,2020-01-30 19:28:55+00:00,7.119,-73.122,0.1786523461341858,0.1347356736660003,0.4167479872703552,0.3143306374549866,294.62774658203125,21.47774658203128,SMAP_L4_SM_gph_20200130T193000_Vv8010_001.h5
2020-01-30,2020-01-30 22:28:55+00:00,7.119,-73.122,0.1800162196159362,0.1345213502645492,0.419963926076889,0.3137979507446289,294.30889892578125,21.15889892578128,SMAP_L4_SM_gph_20200130T223000_Vv8010_001.h5
2020-01-31,2020-01-31 01:28:55+00:00,7.119,-73.122,0.188528761267662,0.1349880099296569,0.4397717416286468,0.314877301454544,293.0671081542969,19.917108154296898,SMAP_L4_SM_gph_20200131T013000_Vv8010_001.h5
2020-01-31,2020-01-31 04:28:55+00:00,7.119,-73.122,0.1867056339979171,0.1349287629127502,0.4354330003261566,0.3147971332073211,291.885009765625,18.735009765625023,SMAP_L4_SM_gph_20200131T043000_Vv8010_001.h5
2020-01-31,2020-01-31 07:28:55+00:00,7.119,-73.122,0.1838532537221908,0.1348453760147094,0.4288495182991028,0.3146539330482483,290.871337890625,17.721337890625023,SMAP_L4_SM_gph_20200131T073000_Vv8010_001.h5
2020-01-31,2020-01-31 10:28:55+00:00,7.119,-73.122,0.1809899657964706,0.1347842514514923,0.4221506118774414,0.3143350481986999,290.1348571777344,16.984857177734398,SMAP_L4_SM_gph_20200131T103000_Vv8010_001.h5
2020-01-31,2020-01-31 13:28:55+00:00,7.119,-73.122,0.1774712353944778,0.1345370709896087,0.4140512645244598,0.3137649595737457,290.73895263671875,17.588952636718773,SMAP_L4_SM_gph_20200131T133000_Vv8010_001.h5
2020-01-31,2020-01-31 16:28:55+00:00,7.119,-73.122,0.1734466552734375,0.1337756365537643,0.404674232006073,0.3121025562286377,292.9768371582031,19.826837158203148,SMAP_L4_SM_gph_20200131T163000_Vv8010_001.h5
2020-01-31,2020-01-31 19:28:55+00:00,7.119,-73.122,0.1744366884231567,0.1333926022052765,0.4068278670310974,0.3111190497875213,294.0643310546875,20.914331054687523,SMAP_L4_SM_gph_20200131T193000_Vv8010_001.h5
2020-01-31,2020-01-31 22:28:55+00:00,7.119,-73.122,0.1811646372079849,0.1336247026920318,0.4225992560386657,0.3116129338741302,293.753662109375,20.603662109375023,SMAP_L4_SM_gph_20200131T223000_Vv8010_001.h5
2020-02-01,2020-02-01 01:28:55+00:00,7.119,-73.122,0.182364210486412,0.1337255090475082,0.4254605174064636,0.3119977712631225,292.816162109375,19.666162109375023,SMAP_L4_SM_gph_20200201T013000_Vv8010_001.h5
2020-02-01,2020-02-01 04:28:55+00:00,7.119,-73.122,0.1815245151519775,0.1336885392665863,0.4234210550785064,0.3118164241313934,291.9613952636719,18.811395263671898,SMAP_L4_SM_gph_20200201T043000_Vv8010_001.h5
2020-02-01,2020-02-01 07:28:55+00:00,7.119,-73.122,0.1803871989250183,0.1335901468992233,0.4208067953586578,0.3116339743137359,290.9986267089844,17.848626708984398,SMAP_L4_SM_gph_20200201T073000_Vv8010_001.h5
2020-02-01,2020-02-01 10:28:55+00:00,7.119,-73.122,0.1793684661388397,0.1335120648145675,0.4184513092041015,0.3113453090190887,290.14093017578125,16.990930175781273,SMAP_L4_SM_gph_20200201T103000_Vv8010_001.h5
2020-02-01,2020-02-01 13:28:55+00:00,7.119,-73.122,0.1780965030193328,0.1333419233560562,0.4154466986656189,0.3110607862472534,290.948486328125,17.798486328125023,SMAP_L4_SM_gph_20200201T133000_Vv8010_001.h5
2020-02-01,2020-02-01 16:28:55+00:00,7.119,-73.122,0.173554852604866,0.1326221823692321,0.4048561453819275,0.3093478977680206,293.417724609375,20.267724609375023,SMAP_L4_SM_gph_20200201T163000_Vv8010_001.h5
2020-02-01,2020-02-01 19:28:55+00:00,7.119,-73.122,0.1702155470848083,0.1319689750671386,0.3970809280872345,0.3078454136848449,294.4383239746094,21.2883239746094,SMAP_L4_SM_gph_20200201T193000_Vv8010_001.h5
2020-02-01,2020-02-01 22:28:55+00:00,7.119,-73.122,0.1696616262197494,0.1318056285381317,0.3957423269748688,0.3074087500572204,294.1412048339844,20.9912048339844,SMAP_L4_SM_gph_20200201T223000_Vv8010_001.h5
2020-02-02,2020-02-02 01:28:55+00:00,7.119,-73.122,0.1708594560623169,0.131837785243988,0.3985634744167328,0.3074926435947418,293.208740234375,20.058740234375023,SMAP_L4_SM_gph_20200202T013000_Vv8010_001.h5
2020-02-02,2020-02-02 04:28:55+00:00,7.119,-73.122,0.1724119186401367,0.1318748891353607,0.4021610915660858,0.307589441537857,292.4241943359375,19.274194335937523,SMAP_L4_SM_gph_20200202T043000_Vv8010_001.h5
2020-02-02,2020-02-02 07:28:55+00:00,7.119,-73.122,0.1729780286550521,0.1319253593683242,0.4035310745239258,0.3077210783958435,291.89764404296875,18.747644042968773,SMAP_L4_SM_gph_20200202T073000_Vv8010_001.h5
2020-02-02,2020-02-02 10:28:55+00:00,7.119,-73.122,0.1719757914543151,0.1318989545106887,0.4010987281799316,0.3076149225234985,291.37109375,18.221093750000023,SMAP_L4_SM_gph_20200202T103000_Vv8010_001.h5
2020-02-02,2020-02-02 13:28:55+00:00,7.119,-73.122,0.1704473346471786,0.1317675709724426,0.3975085914134979,0.3074314892292022,291.8117980957031,18.661798095703148,SMAP_L4_SM_gph_20200202T133000_Vv8010_001.h5
2020-02-02,2020-02-02 16:28:55+00:00,7.119,-73.122,0.1666121035814285,0.1311798095703125,0.3886188864707947,0.30598846077919,293.6148376464844,20.4648376464844,SMAP_L4_SM_gph_20200202T163000_Vv8010_001.h5
2020-02-02,2020-02-02 19:28:55+00:00,7.119,-73.122,0.1629253029823303,0.1304586380720138,0.3799712359905243,0.3043089807033539,294.7262268066406,21.576226806640648,SMAP_L4_SM_gph_20200202T193000_Vv8010_001.h5
2020-02-02,2020-02-02 22:28:55+00:00,7.119,-73.122,0.1787323802709579,0.1316871494054794,0.4169374704360962,0.3072589635848999,294.322265625,21.172265625000023,SMAP_L4_SM_gph_20200202T223000_Vv8010_001.h5
2020-02-03,2020-02-03 01:28:55+00:00,7.119,-73.122,0.1770476251840591,0.1316893994808197,0.4130367934703827,0.3073018491268158,293.21807861328125,20.06807861328128,SMAP_L4_SM_gph_20200203T013000_Vv8010_001.h5
2020-02-03,2020-02-03 04:28:55+00:00,7.119,-73.122,0.1764241158962249,0.1317797750234604,0.4115507304668426,0.3073413372039795,292.3473815917969,19.197381591796898,SMAP_L4_SM_gph_20200203T043000_Vv8010_001.h5
2020-02-03,2020-02-03 07:28:55+00:00,7.119,-73.122,0.1826838105916977,0.132160022854805,0.4261718392372131,0.3083546459674835,291.3498229980469,18.199822998046898,SMAP_L4_SM_gph_20200203T073000_Vv8010_001.h5
2020-02-03,2020-02-03 10:28:55+00:00,7.119,-73.122,0.1816794425249099,0.1322655230760574,0.4237569570541382,0.3085185587406158,290.2802734375,17.130273437500023,SMAP_L4_SM_gph_20200203T103000_Vv8010_001.h5
2020-02-03,2020-02-03 13:28:55+00:00,7.119,-73.122,0.1780046373605728,0.1319147199392318,0.4153113067150116,0.3077523708343506,290.8397827148437,17.689782714843773,SMAP_L4_SM_gph_20200203T133000_Vv8010_001.h5
2020-02-03,2020-02-03 16:28:55+00:00,7.119,-73.122,0.1722619533538818,0.1309729516506195,0.4018488228321075,0.3054867088794708,293.4739990234375,20.323999023437523,SMAP_L4_SM_gph_20200203T163000_Vv8010_001.h5
2020-02-03,2020-02-03 19:28:55+00:00,7.119,-73.122,0.16710165143013,0.1299757808446884,0.3897921144962311,0.3031505346298218,294.8924255371094,21.7424255371094,SMAP_L4_SM_gph_20200203T193000_Vv8010_001.h5
2020-02-03,2020-02-03 22:28:55+00:00,7.119,-73.122,0.1659857630729675,0.129655659198761,0.3872084021568298,0.3024160861968994,294.5391845703125,21.389184570312523,SMAP_L4_SM_gph_20200203T223000_Vv8010_001.h5
2020-02-04,2020-02-04 01:28:55+00:00,7.119,-73.122,0.1663810163736343,0.1297695338726043,0.3880645632743835,0.3026758134365082,293.18719482421875,20.037194824218773,SMAP_L4_SM_gph_20200204T013000_Vv8010_001.h5
2020-02-04,2020-02-04 04:28:55+00:00,7.119,-73.122,0.165803000330925,0.1298094540834427,0.3867985010147095,0.3027798235416412,292.08966064453125,18.93966064453128,SMAP_L4_SM_gph_20200204T043000_Vv8010_001.h5
2020-02-04,2020-02-04 07:28:55+00:00,7.119,-73.122,0.1651744991540908,0.1298445165157318,0.3852682709693908,0.3028713166713714,291.0265197753906,17.876519775390648,SMAP_L4_SM_gph_20200204T073000_Vv8010_001.h5
2020-02-04,2020-02-04 10:28:55+00:00,7.119,-73.122,0.1645793616771698,0.1298075020313263,0.3838946223258972,0.3027748763561249,290.0799560546875,16.929956054687523,SMAP_L4_SM_gph_20200204T103000_Vv8010_001.h5
2020-02-04,2020-02-04 13:28:55+00:00,7.119,-73.122,0.1634275168180465,0.1295872181653976,0.3812358379364013,0.3022748827934265,290.9046630859375,17.754663085937523,SMAP_L4_SM_gph_20200204T133000_Vv8010_001.h5
2020-02-04,2020-02-04 16:28:55+00:00,7.119,-73.122,0.1582567244768142,0.1286509186029434,0.369112879037857,0.3000973165035248,293.6964111328125,20.546411132812523,SMAP_L4_SM_gph_20200204T163000_Vv8010_001.h5
2020-02-04,2020-02-04 19:28:55+00:00,7.119,-73.122,0.1523292660713195,0.1275972127914428,0.3553371131420135,0.2976138591766357,295.23248291015625,22.08248291015628,SMAP_L4_SM_gph_20200204T193000_Vv8010_001.h5
2020-02-04,2020-02-04 22:28:55+00:00,7.119,-73.122,0.1509704142808914,0.127252846956253,0.3520870804786682,0.2968162894248962,294.9092102050781,21.759210205078148,SMAP_L4_SM_gph_20200204T223000_Vv8010_001.h5
2020-02-05,2020-02-05 01:28:55+00:00,7.119,-73.122,0.1520660072565078,0.1273749768733978,0.3546020090579986,0.2971401810646057,293.5686950683594,20.4186950683594,SMAP_L4_SM_gph_20200205T013000_Vv8010_001.h5
2020-02-05,2020-02-05 04:28:55+00:00,7.119,-73.122,0.1537442058324813,0.1275284588336944,0.3586756587028503,0.2974662184715271,292.7056884765625,19.555688476562523,SMAP_L4_SM_gph_20200205T043000_Vv8010_001.h5
2020-02-05,2020-02-05 07:28:55+00:00,7.119,-73.122,0.155838206410408,0.1277151554822921,0.3634199500083923,0.2978739142417907,291.9576110839844,18.8076110839844,SMAP_L4_SM_gph_20200205T073000_Vv8010_001.h5
2020-02-05,2020-02-05 10:28:55+00:00,7.119,-73.122,0.1566884368658065,0.1277923732995987,0.3655089139938354,0.2980806529521942,290.689208984375,17.539208984375023,SMAP_L4_SM_gph_20200205T103000_Vv8010_001.h5
2020-02-05,2020-02-05 13:28:55+00:00,7.119,-73.122,0.1552097350358963,0.1275772303342819,0.3620179891586303,0.2975562214851379,291.0946044921875,17.944604492187523,SMAP_L4_SM_gph_20200205T133000_Vv8010_001.h5
2020-02-05,2020-02-05 16:28:55+00:00,7.119,-73.122,0.1490330845117569,0.1265213787555694,0.3477335274219513,0.2951522171497345,293.66796875,20.517968750000023,SMAP_L4_SM_gph_20200205T163000_Vv8010_001.h5
2020-02-05,2020-02-05 19:28:55+00:00,7.119,-73.122,0.1434707641601562,0.1254133880138397,0.334661602973938,0.292564332485199,295.0758361816406,21.925836181640648,SMAP_L4_SM_gph_20200205T193000_Vv8010_001.h5
2020-02-05,2020-02-05 22:28:55+00:00,7.119,-73.122,0.1422623395919799,0.1250956952571869,0.3318652510643005,0.291756808757782,294.6219177246094,21.4719177246094,SMAP_L4_SM_gph_20200205T223000_Vv8010_001.h5
2020-02-06,2020-02-06 01:28:55+00:00,7.119,-73.122,0.1434385031461715,0.1252393871545791,0.3345390558242798,0.2921793460845947,292.8011474609375,19.651147460937523,SMAP_L4_SM_gph_20200206T013000_Vv8010_001.h5
2020-02-06,2020-02-06 04:28:55+00:00,7.119,-73.122,0.1444558203220367,0.1253911703824997,0.3369134366512298,0.2925010025501251,291.1303405761719,17.980340576171898,SMAP_L4_SM_gph_20200206T043000_Vv8010_001.h5
2020-02-06,2020-02-06 07:28:55+00:00,7.119,-73.122,0.1457335799932479,0.1255320757627487,0.3398679196834564,0.2927941977977752,289.716552734375,16.566552734375023,SMAP_L4_SM_gph_20200206T073000_Vv8010_001.h5
2020-02-06,2020-02-06 10:28:55+00:00,7.119,-73.122,0.1466489434242248,0.1256156712770462,0.3420652449131012,0.293017715215683,288.45965576171875,15.309655761718773,SMAP_L4_SM_gph_20200206T103000_Vv8010_001.h5
2020-02-06,2020-02-06 13:28:55+00:00,7.119,-73.122,0.1421179920434951,0.1251728981733322,0.3314313888549804,0.2919635474681854,289.5311889648437,16.381188964843773,SMAP_L4_SM_gph_20200206T133000_Vv8010_001.h5
2020-02-06,2020-02-06 16:28:55+00:00,7.119,-73.122,0.1364474445581436,0.124174378812313,0.3182158172130584,0.289629578590393,292.7845153808594,19.6345153808594,SMAP_L4_SM_gph_20200206T163000_Vv8010_001.h5
2020-02-06,2020-02-06 19:28:55+00:00,7.119,-73.122,0.1324583441019058,0.1230796575546264,0.3089131116867065,0.28703373670578,294.644287109375,21.494287109375023,SMAP_L4_SM_gph_20200206T193000_Vv8010_001.h5
2020-02-06,2020-02-06 22:28:55+00:00,7.119,-73.122,0.1325455009937286,0.1227382123470306,0.3090608417987823,0.2863233387470245,294.5268859863281,21.376885986328148,SMAP_L4_SM_gph_20200206T223000_Vv8010_001.h5
2020-02-07,2020-02-07 01:28:55+00:00,7.119,-73.122,0.135081335902214,0.1229458898305893,0.3150578141212463,0.2868332862854004,292.6591186523437,19.509118652343773,SMAP_L4_SM_gph_20200207T013000_Vv8010_001.h5
2020-02-07,2020-02-07 04:28:55+00:00,7.119,-73.122,0.1371069550514221,0.1231965348124504,0.3198444545269012,0.2872961759567261,291.0977783203125,17.947778320312523,SMAP_L4_SM_gph_20200207T043000_Vv8010_001.h5
2020-02-07,2020-02-07 07:28:55+00:00,7.119,-73.122,0.1383996456861496,0.1233834996819496,0.3228443562984466,0.2877521514892578,289.9900817871094,16.840081787109398,SMAP_L4_SM_gph_20200207T073000_Vv8010_001.h5
2020-02-07,2020-02-07 10:28:55+00:00,7.119,-73.122,0.1392806768417358,0.1235629394650459,0.3247879147529602,0.2882307767868042,289.15728759765625,16.007287597656273,SMAP_L4_SM_gph_20200207T103000_Vv8010_001.h5
2020-02-07,2020-02-07 13:28:55+00:00,7.119,-73.122,0.1391995996236801,0.1235024333000183,0.3246732056140899,0.288072794675827,290.2369384765625,17.086938476562523,SMAP_L4_SM_gph_20200207T133000_Vv8010_001.h5
2020-02-07,2020-02-07 16:28:55+00:00,7.119,-73.122,0.1359365731477737,0.1227262467145919,0.3171127140522003,0.2862496674060821,293.16949462890625,20.01949462890628,SMAP_L4_SM_gph_20200207T163000_Vv8010_001.h5
2020-02-07,2020-02-07 19:28:55+00:00,7.119,-73.122,0.1326969116926193,0.1217582523822784,0.3095285892486572,0.284032255411148,295.04052734375,21.890527343750023,SMAP_L4_SM_gph_20200207T193000_Vv8010_001.h5
2020-02-07,2020-02-07 22:28:55+00:00,7.119,-73.122,0.1323536336421966,0.1215126439929008,0.3086585402488708,0.2833755612373352,294.8463134765625,21.696313476562523,SMAP_L4_SM_gph_20200207T223000_Vv8010_001.h5
2020-02-08,2020-02-08 01:28:55+00:00,7.119,-73.122,0.1347237080335617,0.1217316016554832,0.314260721206665,0.2839574813842773,293.4535217285156,20.303521728515648,SMAP_L4_SM_gph_20200208T013000_Vv8010_001.h5
2020-02-08,2020-02-08 04:28:55+00:00,7.119,-73.122,0.1372427642345428,0.1220183819532394,0.3201742470264435,0.2845570743083954,292.4417724609375,19.291772460937523,SMAP_L4_SM_gph_20200208T043000_Vv8010_001.h5
2020-02-08,2020-02-08 07:28:55+00:00,7.119,-73.122,0.1396137177944183,0.1222597882151603,0.3256814777851105,0.2852400839328766,291.7052917480469,18.555291748046898,SMAP_L4_SM_gph_20200208T073000_Vv8010_001.h5
2020-02-08,2020-02-08 10:28:55+00:00,7.119,-73.122,0.1414930522441864,0.1224900931119918,0.3299890160560608,0.2857718467712402,291.2644958496094,18.1144958496094,SMAP_L4_SM_gph_20200208T103000_Vv8010_001.h5
2020-02-08,2020-02-08 13:28:55+00:00,7.119,-73.122,0.1423092037439346,0.1225746944546699,0.3319481611251831,0.2859604060649872,291.6242980957031,18.474298095703148,SMAP_L4_SM_gph_20200208T133000_Vv8010_001.h5
2020-02-08,2020-02-08 16:28:55+00:00,7.119,-73.122,0.1394670307636261,0.1220648512244224,0.3254031836986542,0.2847258150577545,293.4111633300781,20.261163330078148,SMAP_L4_SM_gph_20200208T163000_Vv8010_001.h5
2020-02-08,2020-02-08 19:28:55+00:00,7.119,-73.122,0.1373228281736374,0.1213917285203933,0.3202478289604187,0.2831345200538635,294.7367248535156,21.586724853515648,SMAP_L4_SM_gph_20200208T193000_Vv8010_001.h5
2020-02-08,2020-02-08 22:28:55+00:00,7.119,-73.122,0.1402857154607772,0.1214572340250015,0.3271377086639404,0.2833479046821594,294.1817626953125,21.031762695312523,SMAP_L4_SM_gph_20200208T223000_Vv8010_001.h5
2020-02-09,2020-02-09 01:28:55+00:00,7.119,-73.122,0.1330617219209671,0.1210005357861518,0.3103575110435486,0.2822097539901733,293.042724609375,19.892724609375023,SMAP_L4_SM_gph_20200209T013000_Vv8010_001.h5
2020-02-09,2020-02-09 04:28:55+00:00,7.119,-73.122,0.1346425414085388,0.1212062910199165,0.3140996992588043,0.28271484375,292.2784729003906,19.128472900390648,SMAP_L4_SM_gph_20200209T043000_Vv8010_001.h5
2020-02-09,2020-02-09 07:28:55+00:00,7.119,-73.122,0.1363551020622253,0.1214158833026886,0.318056970834732,0.2832300662994385,291.7290344238281,18.579034423828148,SMAP_L4_SM_gph_20200209T073000_Vv8010_001.h5
2020-02-09,2020-02-09 10:28:55+00:00,7.119,-73.122,0.1385356187820434,0.1216468140482902,0.3230780661106109,0.2838058769702911,291.178466796875,18.028466796875023,SMAP_L4_SM_gph_20200209T103000_Vv8010_001.h5
2020-02-09,2020-02-09 13:28:55+00:00,7.119,-73.122,0.1363326609134674,0.1215319782495498,0.3179977536201477,0.2835058569908142,291.2645263671875,18.114526367187523,SMAP_L4_SM_gph_20200209T133000_Vv8010_001.h5
2020-02-09,2020-02-09 16:28:55+00:00,7.119,-73.122,0.1330265700817108,0.1208948716521263,0.3102963268756866,0.2820558845996856,293.1361694335937,19.986169433593773,SMAP_L4_SM_gph_20200209T163000_Vv8010_001.h5
2020-02-09,2020-02-09 19:28:55+00:00,7.119,-73.122,0.1294996589422226,0.1202234923839569,0.3020645380020141,0.2804692685604095,294.1928100585937,21.042810058593773,SMAP_L4_SM_gph_20200209T193000_Vv8010_001.h5
2020-02-09,2020-02-09 22:28:55+00:00,7.119,-73.122,0.1297735720872879,0.1201393604278564,0.3027249872684479,0.2802018821239471,293.71697998046875,20.566979980468773,SMAP_L4_SM_gph_20200209T223000_Vv8010_001.h5
2020-02-10,2020-02-10 01:28:55+00:00,7.119,-73.122,0.1315009146928787,0.1203067898750305,0.3067163825035095,0.2806068360805511,292.68829345703125,19.53829345703128,SMAP_L4_SM_gph_20200210T013000_Vv8010_001.h5
2020-02-10,2020-02-10 04:28:55+00:00,7.119,-73.122,0.1333588808774948,0.1205015927553176,0.3109879195690155,0.2811256349086761,291.2650146484375,18.115014648437523,SMAP_L4_SM_gph_20200210T043000_Vv8010_001.h5
2020-02-10,2020-02-10 07:28:55+00:00,7.119,-73.122,0.1348963975906372,0.1206148266792297,0.3146534264087677,0.2813040912151336,289.62713623046875,16.477136230468773,SMAP_L4_SM_gph_20200210T073000_Vv8010_001.h5
2020-02-10,2020-02-10 10:28:55+00:00,7.119,-73.122,0.1360063254833221,0.1206782758235931,0.3172334730625152,0.2815546095371246,288.40606689453125,15.256066894531273,SMAP_L4_SM_gph_20200210T103000_Vv8010_001.h5
2020-02-10,2020-02-10 13:28:55+00:00,7.119,-73.122,0.1360352635383606,0.1205724850296974,0.3172553777694702,0.2812360823154449,289.32537841796875,16.175378417968773,SMAP_L4_SM_gph_20200210T133000_Vv8010_001.h5
2020-02-10,2020-02-10 16:28:55+00:00,7.119,-73.122,0.1323222070932388,0.1197455301880836,0.3086847364902496,0.2792380452156067,292.4784240722656,19.328424072265648,SMAP_L4_SM_gph_20200210T163000_Vv8010_001.h5
2020-02-10,2020-02-10 19:28:55+00:00,7.119,-73.122,0.1289496123790741,0.1188387349247932,0.3007135093212127,0.2771856486797333,294.2782592773437,21.128259277343773,SMAP_L4_SM_gph_20200210T193000_Vv8010_001.h5
2020-02-10,2020-02-10 22:28:55+00:00,7.119,-73.122,0.1372879296541214,0.1190718486905098,0.3201811611652374,0.2777247130870819,294.1527404785156,21.002740478515648,SMAP_L4_SM_gph_20200210T223000_Vv8010_001.h5
2020-02-11,2020-02-11 01:28:55+00:00,7.119,-73.122,0.1392441540956497,0.1192709282040596,0.3248322308063507,0.2782546579837799,292.97705078125,19.827050781250023,SMAP_L4_SM_gph_20200211T013000_Vv8010_001.h5
2020-02-11,2020-02-11 04:28:55+00:00,7.119,-73.122,0.140509232878685,0.1194699108600616,0.327754944562912,0.2786623239517212,292.1900939941406,19.040093994140648,SMAP_L4_SM_gph_20200211T043000_Vv8010_001.h5
2020-02-11,2020-02-11 07:28:55+00:00,7.119,-73.122,0.1414408385753631,0.1196121051907539,0.3299420177936554,0.2790809869766235,291.4314880371094,18.2814880371094,SMAP_L4_SM_gph_20200211T073000_Vv8010_001.h5
2020-02-11,2020-02-11 10:28:55+00:00,7.119,-73.122,0.1420121788978576,0.1197320893406868,0.3312993049621582,0.2793197333812713,290.6019897460937,17.451989746093773,SMAP_L4_SM_gph_20200211T103000_Vv8010_001.h5
2020-02-11,2020-02-11 13:28:55+00:00,7.119,-73.122,0.1355277895927429,0.1193157657980918,0.3161376416683197,0.2783346176147461,291.3053894042969,18.155389404296898,SMAP_L4_SM_gph_20200211T133000_Vv8010_001.h5
2020-02-11,2020-02-11 16:28:55+00:00,7.119,-73.122,0.1320662200450897,0.1184555068612098,0.308052510023117,0.2762869894504547,293.846923828125,20.696923828125023,SMAP_L4_SM_gph_20200211T163000_Vv8010_001.h5
2020-02-11,2020-02-11 19:28:55+00:00,7.119,-73.122,0.1284606158733368,0.1175152882933616,0.2997270226478576,0.2740623652935028,295.5419311523437,22.391931152343773,SMAP_L4_SM_gph_20200211T193000_Vv8010_001.h5
2020-02-11,2020-02-11 22:28:55+00:00,7.119,-73.122,0.1274728327989578,0.1172067448496818,0.2973664999008178,0.2734802961349487,295.34307861328125,22.19307861328128,SMAP_L4_SM_gph_20200211T223000_Vv8010_001.h5
2020-02-12,2020-02-12 01:28:55+00:00,7.119,-73.122,0.1295419782400131,0.1174473240971565,0.3022138774394989,0.2739965915679931,294.1709899902344,21.0209899902344,SMAP_L4_SM_gph_20200212T013000_Vv8010_001.h5
2020-02-12,2020-02-12 04:28:55+00:00,7.119,-73.122,0.1310340762138366,0.1176811829209327,0.3057447075843811,0.2745376825332641,293.3502502441406,20.200250244140648,SMAP_L4_SM_gph_20200212T043000_Vv8010_001.h5
2020-02-12,2020-02-12 07:28:55+00:00,7.119,-73.122,0.1330343633890152,0.1179101914167404,0.3102843761444092,0.2750660181045532,292.52496337890625,19.37496337890628,SMAP_L4_SM_gph_20200212T073000_Vv8010_001.h5
2020-02-12,2020-02-12 10:28:55+00:00,7.119,-73.122,0.1348322033882141,0.118121288716793,0.314514011144638,0.2755476832389831,291.53564453125,18.385644531250023,SMAP_L4_SM_gph_20200212T103000_Vv8010_001.h5
2020-02-12,2020-02-12 13:28:55+00:00,7.119,-73.122,0.1347333490848541,0.1181186661124229,0.3143147230148315,0.2755833268165588,292.0851135253906,18.935113525390648,SMAP_L4_SM_gph_20200212T133000_Vv8010_001.h5
2020-02-12,2020-02-12 16:28:55+00:00,7.119,-73.122,0.131749153137207,0.1174499839544296,0.3073256015777588,0.2740034759044647,294.31060791015625,21.16060791015628,SMAP_L4_SM_gph_20200212T163000_Vv8010_001.h5
2020-02-12,2020-02-12 19:28:55+00:00,7.119,-73.122,0.1294831037521362,0.1167255640029907,0.3020574748516083,0.2723259627819061,295.61151123046875,22.461511230468773,SMAP_L4_SM_gph_20200212T193000_Vv8010_001.h5
2020-02-12,2020-02-12 22:28:55+00:00,7.119,-73.122,0.1302952021360397,0.1166127100586891,0.3039450347423553,0.2720633149147033,295.1780090332031,22.028009033203148,SMAP_L4_SM_gph_20200212T223000_Vv8010_001.h5
2020-02-13,2020-02-13 01:28:55+00:00,7.119,-73.122,0.1355224549770355,0.1170081123709678,0.316069632768631,0.2729513943195343,293.9421691894531,20.792169189453148,SMAP_L4_SM_gph_20200213T013000_Vv8010_001.h5
2020-02-13,2020-02-13 04:28:55+00:00,7.119,-73.122,0.1374285519123077,0.1172712743282318,0.3205873966217041,0.2735690474510193,293.0675964355469,19.917596435546898,SMAP_L4_SM_gph_20200213T043000_Vv8010_001.h5
2020-02-13,2020-02-13 07:28:55+00:00,7.119,-73.122,0.1382811814546585,0.1174586340785026,0.3225018084049225,0.2739787399768829,292.37164306640625,19.22164306640628,SMAP_L4_SM_gph_20200213T073000_Vv8010_001.h5
2020-02-13,2020-02-13 10:28:55+00:00,7.119,-73.122,0.1387837380170822,0.1176251322031021,0.3237836360931396,0.2743814289569855,291.78985595703125,18.63985595703128,SMAP_L4_SM_gph_20200213T103000_Vv8010_001.h5
2020-02-13,2020-02-13 13:28:55+00:00,7.119,-73.122,0.1386843174695968,0.117613285779953,0.3235928416252136,0.2743128538131714,292.280517578125,19.130517578125023,SMAP_L4_SM_gph_20200213T133000_Vv8010_001.h5
2020-02-13,2020-02-13 16:28:55+00:00,7.119,-73.122,0.1355239152908325,0.1169274523854255,0.3161518275737762,0.2727730274200439,294.3140869140625,21.164086914062523,SMAP_L4_SM_gph_20200213T163000_Vv8010_001.h5
2020-02-13,2020-02-13 19:28:55+00:00,7.119,-73.122,0.1327528059482574,0.116315022110939,0.3096540868282318,0.2713028788566589,295.2666320800781,22.116632080078148,SMAP_L4_SM_gph_20200213T193000_Vv8010_001.h5
2020-02-13,2020-02-13 22:28:55+00:00,7.119,-73.122,0.1332593858242035,0.1162967383861541,0.3108268678188324,0.2712126970291137,294.7766418457031,21.626641845703148,SMAP_L4_SM_gph_20200213T223000_Vv8010_001.h5
2020-02-14,2020-02-14 01:28:55+00:00,7.119,-73.122,0.1325501501560211,0.1162277236580848,0.3091608583927154,0.2711495757102966,293.80816650390625,20.65816650390628,SMAP_L4_SM_gph_20200214T013000_Vv8010_001.h5
2020-02-14,2020-02-14 04:28:55+00:00,7.119,-73.122,0.1385262012481689,0.1166773587465286,0.3231314122676849,0.2721846401691437,293.0644226074219,19.914422607421898,SMAP_L4_SM_gph_20200214T043000_Vv8010_001.h5
2020-02-14,2020-02-14 07:28:55+00:00,7.119,-73.122,0.1425561606884002,0.1169915720820427,0.3325798809528351,0.2728980779647827,292.3881225585937,19.238122558593773,SMAP_L4_SM_gph_20200214T073000_Vv8010_001.h5
2020-02-14,2020-02-14 10:28:55+00:00,7.119,-73.122,0.1441862136125564,0.117196038365364,0.3363158702850342,0.2734423279762268,291.7787170410156,18.628717041015648,SMAP_L4_SM_gph_20200214T103000_Vv8010_001.h5
2020-02-14,2020-02-14 13:28:55+00:00,7.119,-73.122,0.1417932957410812,0.1169294714927673,0.3307161033153534,0.2727783322334289,292.125732421875,18.975732421875023,SMAP_L4_SM_gph_20200214T133000_Vv8010_001.h5
2020-02-14,2020-02-14 16:28:55+00:00,7.119,-73.122,0.140207752585411,0.1163553446531295,0.3270738422870636,0.2714556753635406,294.0648803710937,20.914880371093773,SMAP_L4_SM_gph_20200214T163000_Vv8010_001.h5
2020-02-14,2020-02-14 19:28:55+00:00,7.119,-73.122,0.1437397301197052,0.1160934120416641,0.335233062505722,0.270756334066391,294.9314880371094,21.7814880371094,SMAP_L4_SM_gph_20200214T193000_Vv8010_001.h5
2020-02-14,2020-02-14 22:28:55+00:00,7.119,-73.122,0.1519561111927032,0.1165030971169471,0.3544457554817199,0.2717243432998657,294.52032470703125,21.37032470703128,SMAP_L4_SM_gph_20200214T223000_Vv8010_001.h5
2020-02-15,2020-02-15 01:28:55+00:00,7.119,-73.122,0.1746774762868881,0.1180085614323616,0.407536506652832,0.2752482891082763,293.4771728515625,20.327172851562523,SMAP_L4_SM_gph_20200215T013000_Vv8010_001.h5
2020-02-15,2020-02-15 04:28:55+00:00,7.119,-73.122,0.1879015564918518,0.1194568052887916,0.4383345544338226,0.278660386800766,292.7596130371094,19.6096130371094,SMAP_L4_SM_gph_20200215T043000_Vv8010_001.h5
2020-02-15,2020-02-15 07:28:55+00:00,7.119,-73.122,0.1948600560426712,0.1206358447670936,0.4544956982135772,0.2813542783260345,292.2980651855469,19.148065185546898,SMAP_L4_SM_gph_20200215T073000_Vv8010_001.h5
2020-02-15,2020-02-15 10:28:55+00:00,7.119,-73.122,0.1879274100065231,0.1209317743778228,0.438427984714508,0.2820624411106109,291.7696228027344,18.6196228027344,SMAP_L4_SM_gph_20200215T103000_Vv8010_001.h5
2020-02-15,2020-02-15 13:28:55+00:00,7.119,-73.122,0.1816725581884384,0.120763175189495,0.4237114787101745,0.2817814350128174,292.19903564453125,19.04903564453128,SMAP_L4_SM_gph_20200215T133000_Vv8010_001.h5
2020-02-15,2020-02-15 16:28:55+00:00,7.119,-73.122,0.1737364381551742,0.1198402270674705,0.4053519666194916,0.2795275747776031,294.4375305175781,21.287530517578148,SMAP_L4_SM_gph_20200215T163000_Vv8010_001.h5
2020-02-15,2020-02-15 19:28:55+00:00,7.119,-73.122,0.1703227758407592,0.1189214363694191,0.3973076343536377,0.2773590683937073,295.97967529296875,22.829675292968773,SMAP_L4_SM_gph_20200215T193000_Vv8010_001.h5
2020-02-15,2020-02-15 22:28:55+00:00,7.119,-73.122,0.1811164766550064,0.1193361654877662,0.4224800169467926,0.278382658958435,295.5456237792969,22.395623779296898,SMAP_L4_SM_gph_20200215T223000_Vv8010_001.h5
2020-02-16,2020-02-16 01:28:55+00:00,7.119,-73.122,0.1866848319768905,0.1200620308518409,0.4354748129844665,0.280032068490982,294.0843200683594,20.9343200683594,SMAP_L4_SM_gph_20200216T013000_Vv8010_001.h5
2020-02-16,2020-02-16 04:28:55+00:00,7.119,-73.122,0.1905159503221511,0.1208283454179763,0.4444286823272705,0.2818295657634735,293.052490234375,19.902490234375023,SMAP_L4_SM_gph_20200216T043000_Vv8010_001.h5
2020-02-16,2020-02-16 07:28:55+00:00,7.119,-73.122,0.1856451332569122,0.1211258396506309,0.4330982267856598,0.2825470566749573,292.361083984375,19.211083984375023,SMAP_L4_SM_gph_20200216T073000_Vv8010_001.h5
2020-02-16,2020-02-16 10:28:55+00:00,7.119,-73.122,0.1799426227807998,0.1211457923054695,0.4198574423789978,0.2825990617275238,291.6116638183594,18.4616638183594,SMAP_L4_SM_gph_20200216T103000_Vv8010_001.h5
2020-02-16,2020-02-16 13:28:55+00:00,7.119,-73.122,0.1750221699476242,0.1209777668118476,0.4082584381103515,0.2822349965572357,292.1395263671875,18.989526367187523,SMAP_L4_SM_gph_20200216T133000_Vv8010_001.h5
2020-02-16,2020-02-16 16:28:55+00:00,7.119,-73.122,0.1673149168491363,0.1200477331876754,0.390267014503479,0.2800424098968506,294.4355773925781,21.285577392578148,SMAP_L4_SM_gph_20200216T163000_Vv8010_001.h5
2020-02-16,2020-02-16 19:28:55+00:00,7.119,-73.122,0.1684053838253021,0.1194732412695884,0.3928201198577881,0.2786711156368255,295.61846923828125,22.46846923828128,SMAP_L4_SM_gph_20200216T193000_Vv8010_001.h5
2020-02-16,2020-02-16 22:28:55+00:00,7.119,-73.122,0.1888765841722488,0.1206556633114814,0.4406213164329529,0.2814957797527313,294.9674072265625,21.817407226562523,SMAP_L4_SM_gph_20200216T223000_Vv8010_001.h5
2020-02-17,2020-02-17 01:28:55+00:00,7.119,-73.122,0.1859869956970214,0.1203197836875915,0.4338959455490112,0.280598372220993,293.801025390625,20.651025390625023,SMAP_L4_SM_gph_20200217T013000_Vv8010_001.h5
2020-02-17,2020-02-17 04:28:55+00:00,7.119,-73.122,0.183794692158699,0.1205622479319572,0.4287103712558746,0.2812840044498443,292.9325561523437,19.782556152343773,SMAP_L4_SM_gph_20200217T043000_Vv8010_001.h5
2020-02-17,2020-02-17 07:28:55+00:00,7.119,-73.122,0.1838890761137008,0.1208451688289642,0.4290193021297455,0.2818736135959625,292.08660888671875,18.936608886718773,SMAP_L4_SM_gph_20200217T073000_Vv8010_001.h5
2020-02-17,2020-02-17 10:28:55+00:00,7.119,-73.122,0.1809010207653045,0.1209324896335601,0.4220916628837585,0.2820643484592438,291.12188720703125,17.971887207031273,SMAP_L4_SM_gph_20200217T103000_Vv8010_001.h5
2020-02-17,2020-02-17 13:28:55+00:00,7.119,-73.122,0.1768509298563003,0.120704635977745,0.4126321375370025,0.2815015017986297,291.767822265625,18.617822265625023,SMAP_L4_SM_gph_20200217T133000_Vv8010_001.h5
2020-02-17,2020-02-17 16:28:55+00:00,7.119,-73.122,0.1698675006628036,0.1197273656725883,0.3962092995643616,0.27930748462677,294.204833984375,21.054833984375023,SMAP_L4_SM_gph_20200217T163000_Vv8010_001.h5
2020-02-17,2020-02-17 19:28:55+00:00,7.119,-73.122,0.1646758168935775,0.1186955124139785,0.3840804994106293,0.2768386900424957,295.7447509765625,22.594750976562523,SMAP_L4_SM_gph_20200217T193000_Vv8010_001.h5
2020-02-17,2020-02-17 22:28:55+00:00,7.119,-73.122,0.171953409910202,0.1188317760825157,0.4011475443840027,0.2772418856620788,295.4599304199219,22.309930419921898,SMAP_L4_SM_gph_20200217T223000_Vv8010_001.h5
2020-02-18,2020-02-18 01:28:55+00:00,7.119,-73.122,0.1744310110807418,0.1191326454281807,0.4069438576698303,0.2779207229614258,294.0802001953125,20.930200195312523,SMAP_L4_SM_gph_20200218T013000_Vv8010_001.h5
2020-02-18,2020-02-18 04:28:55+00:00,7.119,-73.122,0.1726411283016204,0.1191825196146965,0.4026897549629211,0.2780933380126953,292.90509033203125,19.75509033203128,SMAP_L4_SM_gph_20200218T043000_Vv8010_001.h5
2020-02-18,2020-02-18 07:28:55+00:00,7.119,-73.122,0.1710752844810485,0.119203470647335,0.3989846706390381,0.2780634462833404,291.6701965332031,18.520196533203148,SMAP_L4_SM_gph_20200218T073000_Vv8010_001.h5
2020-02-18,2020-02-18 10:28:55+00:00,7.119,-73.122,0.1694987565279007,0.1191891133785247,0.395417720079422,0.2779461741447449,290.5733642578125,17.423364257812523,SMAP_L4_SM_gph_20200218T103000_Vv8010_001.h5
2020-02-18,2020-02-18 13:28:55+00:00,7.119,-73.122,0.1666666865348816,0.1188932880759239,0.3887248337268829,0.2773281335830688,291.4527587890625,18.302758789062523,SMAP_L4_SM_gph_20200218T133000_Vv8010_001.h5
2020-02-18,2020-02-18 16:28:55+00:00,7.119,-73.122,0.1593761444091797,0.1178449690341949,0.371793270111084,0.2748640775680542,294.3294677734375,21.179467773437523,SMAP_L4_SM_gph_20200218T163000_Vv8010_001.h5
2020-02-18,2020-02-18 19:28:55+00:00,7.119,-73.122,0.1527705192565918,0.116773709654808,0.3562556803226471,0.2724145352840423,295.93603515625,22.786035156250023,SMAP_L4_SM_gph_20200218T193000_Vv8010_001.h5
2020-02-18,2020-02-18 22:28:55+00:00,7.119,-73.122,0.1627912819385528,0.1175343319773674,0.3797232210636139,0.2741970121860504,295.64727783203125,22.49727783203128,SMAP_L4_SM_gph_20200218T223000_Vv8010_001.h5
2020-02-19,2020-02-19 01:28:55+00:00,7.119,-73.122,0.1616864204406738,0.1176254525780677,0.3771165013313293,0.2743974328041076,294.52294921875,21.372949218750023,SMAP_L4_SM_gph_20200219T013000_Vv8010_001.h5
2020-02-19,2020-02-19 04:28:55+00:00,7.119,-73.122,0.1605805903673172,0.1177202761173248,0.3745269477367401,0.2746075987815857,293.4324951171875,20.282495117187523,SMAP_L4_SM_gph_20200219T043000_Vv8010_001.h5
2020-02-19,2020-02-19 07:28:55+00:00,7.119,-73.122,0.1598028242588043,0.1177741512656211,0.3727127611637115,0.2746686339378357,292.3509216308594,19.2009216308594,SMAP_L4_SM_gph_20200219T073000_Vv8010_001.h5
2020-02-19,2020-02-19 10:28:55+00:00,7.119,-73.122,0.1587338298559188,0.1178150698542594,0.3703215420246124,0.2748602032661438,291.370849609375,18.220849609375023,SMAP_L4_SM_gph_20200219T103000_Vv8010_001.h5
2020-02-19,2020-02-19 13:28:55+00:00,7.119,-73.122,0.1504892259836197,0.1172819212079048,0.3511146008968353,0.2735649943351745,292.4026794433594,19.2526794433594,SMAP_L4_SM_gph_20200219T133000_Vv8010_001.h5
2020-02-19,2020-02-19 16:28:55+00:00,7.119,-73.122,0.1463369727134704,0.1163735464215278,0.341290533542633,0.2714714705944061,294.9926147460937,21.842614746093773,SMAP_L4_SM_gph_20200219T163000_Vv8010_001.h5
2020-02-19,2020-02-19 19:28:55+00:00,7.119,-73.122,0.1427113264799118,0.115524984896183,0.3328779637813568,0.2694118320941925,296.3038024902344,23.1538024902344,SMAP_L4_SM_gph_20200219T193000_Vv8010_001.h5
2020-02-19,2020-02-19 22:28:55+00:00,7.119,-73.122,0.1416680365800857,0.1153687238693237,0.3303539454936981,0.2691154479980469,295.7437744140625,22.593774414062523,SMAP_L4_SM_gph_20200219T223000_Vv8010_001.h5
2020-02-20,2020-02-20 01:28:55+00:00,7.119,-73.122,0.1372247189283371,0.1151860356330871,0.3201133012771606,0.2687079012393951,294.67755126953125,21.52755126953128,SMAP_L4_SM_gph_20200220T013000_Vv8010_001.h5
2020-02-20,2020-02-20 04:28:55+00:00,7.119,-73.122,0.1386575400829315,0.115372784435749,0.3234144747257232,0.2690410315990448,293.8313903808594,20.6813903808594,SMAP_L4_SM_gph_20200220T043000_Vv8010_001.h5
2020-02-20,2020-02-20 07:28:55+00:00,7.119,-73.122,0.1395202726125717,0.1154864206910133,0.3254420757293701,0.2694647014141083,292.7530212402344,19.6030212402344,SMAP_L4_SM_gph_20200220T073000_Vv8010_001.h5
2020-02-20,2020-02-20 10:28:55+00:00,7.119,-73.122,0.1399716287851333,0.115585021674633,0.3264811933040619,0.269605278968811,291.551025390625,18.401025390625023,SMAP_L4_SM_gph_20200220T103000_Vv8010_001.h5
2020-02-20,2020-02-20 13:28:55+00:00,7.119,-73.122,0.1390201300382614,0.1154404655098915,0.324349045753479,0.2692654132843017,291.93853759765625,18.78853759765628,SMAP_L4_SM_gph_20200220T133000_Vv8010_001.h5
2020-02-20,2020-02-20 16:28:55+00:00,7.119,-73.122,0.1355252414941787,0.1146940737962722,0.3161151111125946,0.267562597990036,294.11279296875,20.962792968750023,SMAP_L4_SM_gph_20200220T163000_Vv8010_001.h5
2020-02-20,2020-02-20 19:28:55+00:00,7.119,-73.122,0.1315900236368179,0.1138245239853859,0.3068997263908386,0.2654851377010345,295.6228332519531,22.472833251953148,SMAP_L4_SM_gph_20200220T193000_Vv8010_001.h5
2020-02-20,2020-02-20 22:28:55+00:00,7.119,-73.122,0.1327639371156692,0.1136533394455909,0.3096843957901001,0.2651500105857849,295.2838134765625,22.133813476562523,SMAP_L4_SM_gph_20200220T223000_Vv8010_001.h5
2020-02-21,2020-02-21 01:28:55+00:00,7.119,-73.122,0.1510525345802307,0.1147721037268638,0.3524145781993866,0.2676438987255096,293.9320678710937,20.782067871093773,SMAP_L4_SM_gph_20200221T013000_Vv8010_001.h5
2020-02-21,2020-02-21 04:28:55+00:00,7.119,-73.122,0.152909368276596,0.1151366829872131,0.3567161560058594,0.2685737907886505,292.9445495605469,19.794549560546898,SMAP_L4_SM_gph_20200221T043000_Vv8010_001.h5
2020-02-21,2020-02-21 07:28:55+00:00,7.119,-73.122,0.1512977331876754,0.1152473390102386,0.3529053926467895,0.2688201367855072,292.2108154296875,19.060815429687523,SMAP_L4_SM_gph_20200221T073000_Vv8010_001.h5
2020-02-21,2020-02-21 10:28:55+00:00,7.119,-73.122,0.1503642350435257,0.1153716817498207,0.3507819473743438,0.26911261677742,291.743408203125,18.593408203125023,SMAP_L4_SM_gph_20200221T103000_Vv8010_001.h5
2020-02-21,2020-02-21 13:28:55+00:00,7.119,-73.122,0.1489585638046264,0.1153938397765159,0.3474657237529754,0.269138365983963,292.19940185546875,19.049401855468773,SMAP_L4_SM_gph_20200221T133000_Vv8010_001.h5
2020-02-21,2020-02-21 16:28:55+00:00,7.119,-73.122,0.1456502825021743,0.1149785593152046,0.3397619724273681,0.2681985199451446,293.82977294921875,20.679772949218773,SMAP_L4_SM_gph_20200221T163000_Vv8010_001.h5
2020-02-21,2020-02-21 19:28:55+00:00,7.119,-73.122,0.1431253254413604,0.1144649982452392,0.333876758813858,0.2669914364814758,294.805419921875,21.655419921875023,SMAP_L4_SM_gph_20200221T193000_Vv8010_001.h5
2020-02-21,2020-02-21 22:28:55+00:00,7.119,-73.122,0.1432401090860366,0.1143753677606582,0.3340455591678619,0.2668318748474121,294.47296142578125,21.32296142578128,SMAP_L4_SM_gph_20200221T223000_Vv8010_001.h5
2020-02-22,2020-02-22 01:28:55+00:00,7.119,-73.122,0.1354495286941528,0.1135516390204429,0.315975546836853,0.2647943496704101,293.1688842773437,20.018884277343773,SMAP_L4_SM_gph_20200222T013000_Vv8010_001.h5
2020-02-22,2020-02-22 04:28:55+00:00,7.119,-73.122,0.1389223486185073,0.1138007715344429,0.3240454792976379,0.2654972374439239,292.1024780273437,18.952478027343773,SMAP_L4_SM_gph_20200222T043000_Vv8010_001.h5
2020-02-22,2020-02-22 07:28:55+00:00,7.119,-73.122,0.148976057767868,0.1144439876079559,0.3475576043128967,0.2669258415699005,291.5023803710937,18.352380371093773,SMAP_L4_SM_gph_20200222T073000_Vv8010_001.h5
2020-02-22,2020-02-22 10:28:55+00:00,7.119,-73.122,0.1589068174362182,0.1150963380932807,0.3707424998283386,0.2685427367687225,291.310546875,18.160546875000023,SMAP_L4_SM_gph_20200222T103000_Vv8010_001.h5
2020-02-22,2020-02-22 13:28:55+00:00,7.119,-73.122,0.185399979352951,0.1168376728892326,0.4324303269386291,0.2725811302661896,291.41998291015625,18.26998291015628,SMAP_L4_SM_gph_20200222T133000_Vv8010_001.h5
2020-02-22,2020-02-22 16:28:55+00:00,7.119,-73.122,0.1890823394060135,0.1177767217159271,0.4410626590251922,0.27464359998703,292.04742431640625,18.89742431640628,SMAP_L4_SM_gph_20200222T163000_Vv8010_001.h5
2020-02-22,2020-02-22 19:28:55+00:00,7.119,-73.122,0.1806748807430267,0.1174466013908386,0.4214060008525848,0.2739255726337433,293.3662109375,20.216210937500023,SMAP_L4_SM_gph_20200222T193000_Vv8010_001.h5
2020-02-22,2020-02-22 22:28:55+00:00,7.119,-73.122,0.1835510283708572,0.1175901889801025,0.4282117486000061,0.2743479609489441,293.7596740722656,20.609674072265648,SMAP_L4_SM_gph_20200222T223000_Vv8010_001.h5
2020-02-23,2020-02-23 01:28:55+00:00,7.119,-73.122,0.2182170748710632,0.1205471754074096,0.5089345574378967,0.2812550663948059,292.90234375,19.752343750000023,SMAP_L4_SM_gph_20200223T013000_Vv8010_001.h5
2020-02-23,2020-02-23 04:28:55+00:00,7.119,-73.122,0.2177438288927078,0.1226329579949379,0.5079013109207153,0.2860009670257568,292.3047180175781,19.154718017578148,SMAP_L4_SM_gph_20200223T043000_Vv8010_001.h5
2020-02-23,2020-02-23 07:28:55+00:00,7.119,-73.122,0.2185091972351074,0.1241990402340889,0.5096746683120728,0.2897679507732391,291.90802001953125,18.75802001953128,SMAP_L4_SM_gph_20200223T073000_Vv8010_001.h5
2020-02-23,2020-02-23 10:28:55+00:00,7.119,-73.122,0.2112723588943481,0.1250766515731811,0.4928573071956634,0.2917814552783966,291.55841064453125,18.40841064453128,SMAP_L4_SM_gph_20200223T103000_Vv8010_001.h5
2020-02-23,2020-02-23 13:28:55+00:00,7.119,-73.122,0.2013557851314544,0.125086173415184,0.4696145355701446,0.2918116450309753,291.7113647460937,18.561364746093773,SMAP_L4_SM_gph_20200223T133000_Vv8010_001.h5
2020-02-23,2020-02-23 16:28:55+00:00,7.119,-73.122,0.194437175989151,0.1246397346258163,0.4534963369369507,0.2907480001449585,292.9830017089844,19.8330017089844,SMAP_L4_SM_gph_20200223T163000_Vv8010_001.h5
2020-02-23,2020-02-23 19:28:55+00:00,7.119,-73.122,0.1935377269983291,0.1243631765246391,0.4514658749103546,0.2900846302509308,293.4925537109375,20.342553710937523,SMAP_L4_SM_gph_20200223T193000_Vv8010_001.h5
2020-02-23,2020-02-23 22:28:55+00:00,7.119,-73.122,0.1950203329324722,0.1244678348302841,0.4548647999763489,0.2903629541397095,293.12139892578125,19.97139892578128,SMAP_L4_SM_gph_20200223T223000_Vv8010_001.h5
2020-02-24,2020-02-24 01:28:55+00:00,7.119,-73.122,0.1997319012880325,0.1249840632081031,0.4659479260444641,0.2915345728397369,292.4955444335937,19.345544433593773,SMAP_L4_SM_gph_20200224T013000_Vv8010_001.h5
2020-02-24,2020-02-24 04:28:55+00:00,7.119,-73.122,0.1946357637643814,0.1250294297933578,0.4541308879852295,0.2916528582572937,292.0716552734375,18.921655273437523,SMAP_L4_SM_gph_20200224T043000_Vv8010_001.h5
2020-02-24,2020-02-24 07:28:55+00:00,7.119,-73.122,0.1895200461149215,0.1248068362474441,0.4420397877693176,0.2911786437034607,291.7415466308594,18.5915466308594,SMAP_L4_SM_gph_20200224T073000_Vv8010_001.h5
2020-02-24,2020-02-24 10:28:55+00:00,7.119,-73.122,0.1878779381513595,0.1246956437826156,0.4382633864879608,0.2909205555915832,291.5072631835937,18.357263183593773,SMAP_L4_SM_gph_20200224T103000_Vv8010_001.h5
2020-02-24,2020-02-24 13:28:55+00:00,7.119,-73.122,0.1855660378932953,0.1244812309741973,0.43282550573349,0.2903505265712738,291.74371337890625,18.59371337890628,SMAP_L4_SM_gph_20200224T133000_Vv8010_001.h5
2020-02-24,2020-02-24 16:28:55+00:00,7.119,-73.122,0.1817858219146728,0.1240169703960418,0.4241246581077575,0.2892824411392212,292.7964172363281,19.646417236328148,SMAP_L4_SM_gph_20200224T163000_Vv8010_001.h5
2020-02-24,2020-02-24 19:28:55+00:00,7.119,-73.122,0.1774243861436844,0.1233439892530441,0.413839042186737,0.2877337634563446,293.88427734375,20.734277343750023,SMAP_L4_SM_gph_20200224T193000_Vv8010_001.h5
2020-02-24,2020-02-24 22:28:55+00:00,7.119,-73.122,0.1763229370117187,0.1229850053787231,0.411308616399765,0.2868184745311737,294.2298583984375,21.079858398437523,SMAP_L4_SM_gph_20200224T223000_Vv8010_001.h5
2020-02-25,2020-02-25 01:28:55+00:00,7.119,-73.122,0.1773662567138672,0.1228080242872238,0.4136664271354675,0.2864256203174591,293.3751525878906,20.225152587890648,SMAP_L4_SM_gph_20200225T013000_Vv8010_001.h5
2020-02-25,2020-02-25 04:28:55+00:00,7.119,-73.122,0.1765314936637878,0.1227137520909309,0.4118334054946899,0.2862542271614074,292.8020324707031,19.652032470703148,SMAP_L4_SM_gph_20200225T043000_Vv8010_001.h5
2020-02-25,2020-02-25 07:28:55+00:00,7.119,-73.122,0.1753587275743484,0.1226273998618125,0.4090521037578583,0.2861031293869018,292.29986572265625,19.14986572265628,SMAP_L4_SM_gph_20200225T073000_Vv8010_001.h5
2020-02-25,2020-02-25 10:28:55+00:00,7.119,-73.122,0.1734965443611145,0.1225020140409469,0.4047553241252899,0.2857283055782318,291.78863525390625,18.63863525390628,SMAP_L4_SM_gph_20200225T103000_Vv8010_001.h5
2020-02-25,2020-02-25 13:28:55+00:00,7.119,-73.122,0.1707690209150314,0.1220979839563369,0.3983533978462219,0.2848601639270782,292.1615600585937,19.011560058593773,SMAP_L4_SM_gph_20200225T133000_Vv8010_001.h5
2020-02-25,2020-02-25 16:28:55+00:00,7.119,-73.122,0.1664442420005798,0.121316984295845,0.3881928324699402,0.2829025387763977,293.9283752441406,20.778375244140648,SMAP_L4_SM_gph_20200225T163000_Vv8010_001.h5
2020-02-25,2020-02-25 19:28:55+00:00,7.119,-73.122,0.162513181567192,0.1205271035432815,0.3791877925395965,0.2810808420181274,294.8646240234375,21.714624023437523,SMAP_L4_SM_gph_20200225T193000_Vv8010_001.h5
2020-02-25,2020-02-25 22:28:55+00:00,7.119,-73.122,0.1608515977859497,0.1202121153473854,0.3752940893173218,0.2804024219512939,294.4951477050781,21.345147705078148,SMAP_L4_SM_gph_20200225T223000_Vv8010_001.h5
2020-02-26,2020-02-26 01:28:55+00:00,7.119,-73.122,0.1659287810325622,0.1204705089330673,0.3871171474456787,0.2810073494911194,293.51226806640625,20.36226806640628,SMAP_L4_SM_gph_20200226T013000_Vv8010_001.h5
2020-02-26,2020-02-26 04:28:55+00:00,7.119,-73.122,0.1689444184303283,0.120736226439476,0.3941535055637359,0.2816316187381744,292.8095092773437,19.659509277343773,SMAP_L4_SM_gph_20200226T043000_Vv8010_001.h5
2020-02-26,2020-02-26 07:28:55+00:00,7.119,-73.122,0.1676132082939148,0.1207464858889579,0.3909462392330169,0.2816157937049866,292.2860107421875,19.136010742187523,SMAP_L4_SM_gph_20200226T073000_Vv8010_001.h5
2020-02-26,2020-02-26 10:28:55+00:00,7.119,-73.122,0.1667666584253311,0.1207505539059639,0.3890199959278106,0.2817061245441437,291.8661804199219,18.716180419921898,SMAP_L4_SM_gph_20200226T103000_Vv8010_001.h5
2020-02-26,2020-02-26 13:28:55+00:00,7.119,-73.122,0.1649389266967773,0.1206547692418098,0.3848167359828949,0.2813767790794372,292.11163330078125,18.96163330078128,SMAP_L4_SM_gph_20200226T133000_Vv8010_001.h5
2020-02-26,2020-02-26 16:28:55+00:00,7.119,-73.122,0.1606145203113556,0.1199875026941299,0.374572604894638,0.2799280285835266,293.67706298828125,20.52706298828128,SMAP_L4_SM_gph_20200226T163000_Vv8010_001.h5
2020-02-26,2020-02-26 19:28:55+00:00,7.119,-73.122,0.1579514145851135,0.1192589402198791,0.3684642314910888,0.2782290577888489,294.871826171875,21.721826171875023,SMAP_L4_SM_gph_20200226T193000_Vv8010_001.h5
2020-02-26,2020-02-26 22:28:55+00:00,7.119,-73.122,0.1770469695329666,0.1206994131207466,0.4129451811313629,0.2814983129501343,294.3158264160156,21.165826416015648,SMAP_L4_SM_gph_20200226T223000_Vv8010_001.h5
2020-02-27,2020-02-27 01:28:55+00:00,7.119,-73.122,0.1753450781106948,0.120810180902481,0.408895343542099,0.2817924916744232,293.1718139648437,20.021813964843773,SMAP_L4_SM_gph_20200227T013000_Vv8010_001.h5
2020-02-27,2020-02-27 04:28:55+00:00,7.119,-73.122,0.1757388412952423,0.1209970489144325,0.409930557012558,0.2822480499744415,292.343017578125,19.193017578125023,SMAP_L4_SM_gph_20200227T043000_Vv8010_001.h5
2020-02-27,2020-02-27 07:28:55+00:00,7.119,-73.122,0.1760698407888412,0.1212474554777145,0.4106923341751098,0.2827903032302856,291.8296813964844,18.6796813964844,SMAP_L4_SM_gph_20200227T073000_Vv8010_001.h5
2020-02-27,2020-02-27 10:28:55+00:00,7.119,-73.122,0.1759000569581985,0.1214290037751197,0.410284012556076,0.2831945717334747,291.2416381835937,18.091638183593773,SMAP_L4_SM_gph_20200227T103000_Vv8010_001.h5
2020-02-27,2020-02-27 13:28:55+00:00,7.119,-73.122,0.18121337890625,0.1218313723802566,0.4227951169013977,0.2841116786003113,291.606201171875,18.456201171875023,SMAP_L4_SM_gph_20200227T133000_Vv8010_001.h5
2020-02-27,2020-02-27 16:28:55+00:00,7.119,-73.122,0.1785555183887481,0.1212989166378974,0.4165428578853607,0.2829405665397644,293.41339111328125,20.26339111328128,SMAP_L4_SM_gph_20200227T163000_Vv8010_001.h5
2020-02-27,2020-02-27 19:28:55+00:00,7.119,-73.122,0.1872593313455581,0.1213649734854698,0.4367423951625824,0.283075749874115,294.4672546386719,21.317254638671898,SMAP_L4_SM_gph_20200227T193000_Vv8010_001.h5
2020-02-27,2020-02-27 22:28:55+00:00,7.119,-73.122,0.2121745496988296,0.123357780277729,0.4949639737606048,0.2878177762031555,294.008056640625,20.858056640625023,SMAP_L4_SM_gph_20200227T223000_Vv8010_001.h5
2020-02-28,2020-02-28 01:28:55+00:00,7.119,-73.122,0.2065826654434204,0.1243851557374,0.4818419516086578,0.2901474833488464,293.0188903808594,19.8688903808594,SMAP_L4_SM_gph_20200228T013000_Vv8010_001.h5
2020-02-28,2020-02-28 04:28:55+00:00,7.119,-73.122,0.1951204687356948,0.1243041157722473,0.4551764130592346,0.2898882031440735,292.3753662109375,19.225366210937523,SMAP_L4_SM_gph_20200228T043000_Vv8010_001.h5
2020-02-28,2020-02-28 07:28:55+00:00,7.119,-73.122,0.189834788441658,0.1242062598466873,0.4428480863571167,0.2897867858409881,291.75439453125,18.604394531250023,SMAP_L4_SM_gph_20200228T073000_Vv8010_001.h5
2020-02-28,2020-02-28 10:28:55+00:00,7.119,-73.122,0.1866641342639923,0.1241136714816093,0.4353686273097992,0.2895398736000061,291.075439453125,17.925439453125023,SMAP_L4_SM_gph_20200228T103000_Vv8010_001.h5
2020-02-28,2020-02-28 13:28:55+00:00,7.119,-73.122,0.1837451756000518,0.1238426193594932,0.4286860525608063,0.2888648211956024,291.49957275390625,18.34957275390628,SMAP_L4_SM_gph_20200228T133000_Vv8010_001.h5
2020-02-28,2020-02-28 16:28:55+00:00,7.119,-73.122,0.1780293732881546,0.1229827404022216,0.4153470695018768,0.2869034111499786,293.3124694824219,20.162469482421898,SMAP_L4_SM_gph_20200228T163000_Vv8010_001.h5
2020-02-28,2020-02-28 19:28:55+00:00,7.119,-73.122,0.1719949543476104,0.1220609545707702,0.4012231230735779,0.2847692966461181,294.42657470703125,21.27657470703128,SMAP_L4_SM_gph_20200228T193000_Vv8010_001.h5
2020-02-28,2020-02-28 22:28:55+00:00,7.119,-73.122,0.1689282357692718,0.1216901019215583,0.3940506279468536,0.2838601469993591,294.2068786621094,21.0568786621094,SMAP_L4_SM_gph_20200228T223000_Vv8010_001.h5
2020-02-29,2020-02-29 01:28:55+00:00,7.119,-73.122,0.167874589562416,0.1216689571738243,0.3915900290012359,0.2838419377803802,293.092041015625,19.942041015625023,SMAP_L4_SM_gph_20200229T013000_Vv8010_001.h5
2020-02-29,2020-02-29 04:28:55+00:00,7.119,-73.122,0.1672984361648559,0.1216517463326454,0.3902198374271393,0.2838340997695923,292.4054260253906,19.255426025390648,SMAP_L4_SM_gph_20200229T043000_Vv8010_001.h5
2020-02-29,2020-02-29 07:28:55+00:00,7.119,-73.122,0.166132166981697,0.1215907111763954,0.3874819278717041,0.2837066054344177,291.9158630371094,18.7658630371094,SMAP_L4_SM_gph_20200229T073000_Vv8010_001.h5
2020-02-29,2020-02-29 10:28:55+00:00,7.119,-73.122,0.1649824380874633,0.1215624436736106,0.3848543465137481,0.2835107743740082,291.55975341796875,18.409753417968773,SMAP_L4_SM_gph_20200229T103000_Vv8010_001.h5
2020-02-29,2020-02-29 13:28:55+00:00,7.119,-73.122,0.1634835451841354,0.1214119270443916,0.3813249766826629,0.2831980586051941,291.985595703125,18.835595703125023,SMAP_L4_SM_gph_20200229T133000_Vv8010_001.h5
2020-02-29,2020-02-29 16:28:55+00:00,7.119,-73.122,0.1591990292072296,0.1207123175263404,0.3714426755905151,0.2815801799297333,293.8057861328125,20.655786132812523,SMAP_L4_SM_gph_20200229T163000_Vv8010_001.h5
2020-02-29,2020-02-29 19:28:55+00:00,7.119,-73.122,0.1550508886575698,0.1200009286403656,0.3617908656597137,0.2799260020256042,294.6516418457031,21.501641845703148,SMAP_L4_SM_gph_20200229T193000_Vv8010_001.h5
2020-02-29,2020-02-29 22:28:55+00:00,7.119,-73.122,0.1537795811891555,0.1197708323597908,0.3586265742778778,0.2793096899986267,294.26275634765625,21.11275634765628,SMAP_L4_SM_gph_20200229T223000_Vv8010_001.h5
2020-03-01,2020-03-01 01:28:55+00:00,7.119,-73.122,0.1558851897716522,0.120059996843338,0.3636824488639831,0.2800372540950775,293.2909545898437,20.140954589843773,SMAP_L4_SM_gph_20200301T013000_Vv8010_001.h5
2020-03-01,2020-03-01 04:28:55+00:00,7.119,-73.122,0.1553301811218261,0.1200880035758018,0.3624098300933838,0.2801102995872497,292.6319274902344,19.4819274902344,SMAP_L4_SM_gph_20200301T043000_Vv8010_001.h5
2020-03-01,2020-03-01 07:28:55+00:00,7.119,-73.122,0.1547835916280746,0.1200863793492317,0.3610152900218963,0.2801856994628906,292.0028076171875,18.852807617187523,SMAP_L4_SM_gph_20200301T073000_Vv8010_001.h5
2020-03-01,2020-03-01 10:28:55+00:00,7.119,-73.122,0.1544650793075561,0.1201206073164939,0.360372245311737,0.2802379131317138,291.5706787109375,18.420678710937523,SMAP_L4_SM_gph_20200301T103000_Vv8010_001.h5
2020-03-01,2020-03-01 13:28:55+00:00,7.119,-73.122,0.150193765759468,0.1198227554559707,0.3503361940383911,0.2795726954936981,291.9296875,18.779687500000023,SMAP_L4_SM_gph_20200301T133000_Vv8010_001.h5
2020-03-01,2020-03-01 16:28:55+00:00,7.119,-73.122,0.1466273963451385,0.1191896945238113,0.3420819044113159,0.2779693305492401,293.7203369140625,20.570336914062523,SMAP_L4_SM_gph_20200301T163000_Vv8010_001.h5
2020-03-01,2020-03-01 19:28:55+00:00,7.119,-73.122,0.1423543989658355,0.11832807213068,0.3320426642894745,0.2760770916938782,295.06671142578125,21.91671142578128,SMAP_L4_SM_gph_20200301T193000_Vv8010_001.h5
2020-03-01,2020-03-01 22:28:55+00:00,7.119,-73.122,0.1417713612318039,0.1181251183152198,0.3306345045566559,0.2755739390850067,294.6112670898437,21.461267089843773,SMAP_L4_SM_gph_20200301T223000_Vv8010_001.h5
2020-03-02,2020-03-02 01:28:55+00:00,7.119,-73.122,0.1499765813350677,0.1185767650604248,0.3497896790504455,0.2765714526176452,293.5059509277344,20.3559509277344,SMAP_L4_SM_gph_20200302T013000_Vv8010_001.h5
2020-03-02,2020-03-02 04:28:55+00:00,7.119,-73.122,0.1559432297945022,0.1190233305096626,0.3637921214103699,0.2775558829307556,292.5960693359375,19.446069335937523,SMAP_L4_SM_gph_20200302T043000_Vv8010_001.h5
2020-03-02,2020-03-02 07:28:55+00:00,7.119,-73.122,0.1578289121389389,0.1192153245210647,0.368152379989624,0.2780249118804931,291.9614562988281,18.811456298828148,SMAP_L4_SM_gph_20200302T073000_Vv8010_001.h5
2020-03-02,2020-03-02 10:28:55+00:00,7.119,-73.122,0.159589409828186,0.1193839609622955,0.3722667098045349,0.2784754037857055,291.5136108398437,18.363610839843773,SMAP_L4_SM_gph_20200302T103000_Vv8010_001.h5
2020-03-02,2020-03-02 13:28:55+00:00,7.119,-73.122,0.1584542095661163,0.1193114519119262,0.369579941034317,0.2782493531703949,292.0506591796875,18.900659179687523,SMAP_L4_SM_gph_20200302T133000_Vv8010_001.h5
2020-03-02,2020-03-02 16:28:55+00:00,7.119,-73.122,0.1538806557655334,0.1185444071888923,0.3589077591896057,0.2765355706214905,294.131591796875,20.981591796875023,SMAP_L4_SM_gph_20200302T163000_Vv8010_001.h5
2020-03-02,2020-03-02 19:28:55+00:00,7.119,-73.122,0.1505386382341385,0.1178013607859611,0.3510640263557434,0.2748783230781555,295.2754821777344,22.1254821777344,SMAP_L4_SM_gph_20200302T193000_Vv8010_001.h5
2020-03-02,2020-03-02 22:28:55+00:00,7.119,-73.122,0.1572213619947433,0.1180209144949913,0.3666830360889435,0.2753394246101379,294.9014892578125,21.751489257812523,SMAP_L4_SM_gph_20200302T223000_Vv8010_001.h5
2020-03-03,2020-03-03 01:28:55+00:00,7.119,-73.122,0.1635811328887939,0.1185067743062973,0.3816725015640259,0.2764686644077301,293.9834899902344,20.8334899902344,SMAP_L4_SM_gph_20200303T013000_Vv8010_001.h5
2020-03-03,2020-03-03 04:28:55+00:00,7.119,-73.122,0.1616448312997818,0.1185709238052368,0.3770428299903869,0.2766357958316803,293.26531982421875,20.115319824218773,SMAP_L4_SM_gph_20200303T043000_Vv8010_001.h5
2020-03-03,2020-03-03 07:28:55+00:00,7.119,-73.122,0.1600273102521896,0.1186367273330688,0.3732258081436157,0.2767277956008911,292.5068664550781,19.356866455078148,SMAP_L4_SM_gph_20200303T073000_Vv8010_001.h5
2020-03-03,2020-03-03 10:28:55+00:00,7.119,-73.122,0.1586428135633468,0.1186790391802787,0.3700833022594452,0.2768009006977081,292.04205322265625,18.89205322265628,SMAP_L4_SM_gph_20200303T103000_Vv8010_001.h5
2020-03-03,2020-03-03 13:28:55+00:00,7.119,-73.122,0.1564566791057586,0.1185311749577522,0.3650155663490295,0.2764952778816223,292.4736328125,19.323632812500023,SMAP_L4_SM_gph_20200303T133000_Vv8010_001.h5
2020-03-03,2020-03-03 16:28:55+00:00,7.119,-73.122,0.1518581062555313,0.1177444159984588,0.3542036116123199,0.2746448218822479,294.5276184082031,21.377618408203148,SMAP_L4_SM_gph_20200303T163000_Vv8010_001.h5
2020-03-03,2020-03-03 19:28:55+00:00,7.119,-73.122,0.1483417600393295,0.116841934621334,0.3460962176322937,0.2725610136985779,295.80438232421875,22.654382324218773,SMAP_L4_SM_gph_20200303T193000_Vv8010_001.h5
2020-03-03,2020-03-03 22:28:55+00:00,7.119,-73.122,0.1479363739490509,0.1165492311120033,0.3450576663017273,0.2718980014324188,295.53564453125,22.385644531250023,SMAP_L4_SM_gph_20200303T223000_Vv8010_001.h5
2020-03-04,2020-03-04 01:28:55+00:00,7.119,-73.122,0.1482656002044677,0.1166803464293479,0.3458632230758667,0.2721230387687683,294.2080993652344,21.0580993652344,SMAP_L4_SM_gph_20200304T013000_Vv8010_001.h5
2020-03-04,2020-03-04 04:28:55+00:00,7.119,-73.122,0.1490852236747741,0.1167885735630989,0.347702145576477,0.2724106311798095,293.2289428710937,20.078942871093773,SMAP_L4_SM_gph_20200304T043000_Vv8010_001.h5
2020-03-04,2020-03-04 07:28:55+00:00,7.119,-73.122,0.1496530771255493,0.1169263198971748,0.3491033017635345,0.2726956605911255,292.1094970703125,18.959497070312523,SMAP_L4_SM_gph_20200304T073000_Vv8010_001.h5
2020-03-04,2020-03-04 10:28:55+00:00,7.119,-73.122,0.149700716137886,0.1170361340045929,0.349081426858902,0.2730299234390259,290.9748229980469,17.824822998046898,SMAP_L4_SM_gph_20200304T103000_Vv8010_001.h5
2020-03-04,2020-03-04 13:28:55+00:00,7.119,-73.122,0.1431307345628738,0.1164758875966072,0.3338094055652618,0.2716642916202545,291.70574951171875,18.555749511718773,SMAP_L4_SM_gph_20200304T133000_Vv8010_001.h5
2020-03-04,2020-03-04 16:28:55+00:00,7.119,-73.122,0.1386716663837433,0.1155028343200683,0.3235044777393341,0.2694393396377563,294.5009460449219,21.350946044921898,SMAP_L4_SM_gph_20200304T163000_Vv8010_001.h5
2020-03-04,2020-03-04 19:28:55+00:00,7.119,-73.122,0.1343969106674194,0.114483818411827,0.3135944902896881,0.2670036256313324,296.0404663085937,22.890466308593773,SMAP_L4_SM_gph_20200304T193000_Vv8010_001.h5
2020-03-04,2020-03-04 22:28:55+00:00,7.119,-73.122,0.1330366134643554,0.1141540557146072,0.310383528470993,0.266366183757782,295.6986999511719,22.548699951171898,SMAP_L4_SM_gph_20200304T223000_Vv8010_001.h5
2020-03-05,2020-03-05 01:28:55+00:00,7.119,-73.122,0.1337401866912841,0.114316202700138,0.312041699886322,0.2666352391242981,294.4365234375,21.286523437500023,SMAP_L4_SM_gph_20200305T013000_Vv8010_001.h5
2020-03-05,2020-03-05 04:28:55+00:00,7.119,-73.122,0.1343109458684921,0.1144651100039482,0.313321977853775,0.266949325799942,293.4162902832031,20.266290283203148,SMAP_L4_SM_gph_20200305T043000_Vv8010_001.h5
2020-03-05,2020-03-05 07:28:55+00:00,7.119,-73.122,0.1358364522457122,0.1146075949072837,0.3168632090091705,0.2674058377742767,292.3533935546875,19.203393554687523,SMAP_L4_SM_gph_20200305T073000_Vv8010_001.h5
2020-03-05,2020-03-05 10:28:55+00:00,7.119,-73.122,0.1370661854743957,0.1147562712430954,0.3197567760944366,0.2676822543144226,291.2522277832031,18.102227783203148,SMAP_L4_SM_gph_20200305T103000_Vv8010_001.h5
2020-03-05,2020-03-05 13:28:55+00:00,7.119,-73.122,0.1360977739095688,0.1146150007843971,0.3174370229244232,0.267271488904953,291.9512939453125,18.801293945312523,SMAP_L4_SM_gph_20200305T133000_Vv8010_001.h5
2020-03-05,2020-03-05 16:28:55+00:00,7.119,-73.122,0.1314733922481537,0.1136505082249641,0.306653767824173,0.26511150598526,294.6146240234375,21.464624023437523,SMAP_L4_SM_gph_20200305T163000_Vv8010_001.h5
2020-03-05,2020-03-05 19:28:55+00:00,7.119,-73.122,0.127739205956459,0.1126905530691146,0.2980680465698242,0.2628780901432037,295.95721435546875,22.807214355468773,SMAP_L4_SM_gph_20200305T193000_Vv8010_001.h5
2020-03-05,2020-03-05 22:28:55+00:00,7.119,-73.122,0.1366290897130966,0.1131667420268058,0.3186933696269989,0.2639026045799255,295.5711364746094,22.4211364746094,SMAP_L4_SM_gph_20200305T223000_Vv8010_001.h5
2020-03-06,2020-03-06 01:28:55+00:00,7.119,-73.122,0.1357981711626052,0.113297626376152,0.3168294727802276,0.2642490267753601,294.1500244140625,21.000024414062523,SMAP_L4_SM_gph_20200306T013000_Vv8010_001.h5
2020-03-06,2020-03-06 04:28:55+00:00,7.119,-73.122,0.1355467587709427,0.1134323850274086,0.316212922334671,0.2646482288837433,293.18194580078125,20.03194580078128,SMAP_L4_SM_gph_20200306T043000_Vv8010_001.h5
2020-03-06,2020-03-06 07:28:55+00:00,7.119,-73.122,0.1359981000423431,0.1135905608534812,0.3172825872898102,0.2649864852428436,292.3753662109375,19.225366210937523,SMAP_L4_SM_gph_20200306T073000_Vv8010_001.h5
2020-03-06,2020-03-06 10:28:55+00:00,7.119,-73.122,0.1371253132820129,0.1137139424681663,0.3198387026786804,0.265276551246643,291.499755859375,18.349755859375023,SMAP_L4_SM_gph_20200306T103000_Vv8010_001.h5
2020-03-06,2020-03-06 13:28:55+00:00,7.119,-73.122,0.138202428817749,0.1137117967009544,0.3224735856056213,0.2652769982814789,292.38006591796875,19.230065917968773,SMAP_L4_SM_gph_20200306T133000_Vv8010_001.h5
2020-03-06,2020-03-06 16:28:55+00:00,7.119,-73.122,0.1341465413570404,0.1128690689802169,0.3128751814365387,0.2631957232952118,294.88482666015625,21.73482666015628,SMAP_L4_SM_gph_20200306T163000_Vv8010_001.h5
2020-03-06,2020-03-06 19:28:55+00:00,7.119,-73.122,0.1298413574695587,0.1119236499071121,0.3029142022132873,0.2610794007778168,296.26007080078125,23.11007080078128,SMAP_L4_SM_gph_20200306T193000_Vv8010_001.h5
2020-03-06,2020-03-06 22:28:55+00:00,7.119,-73.122,0.1286567896604538,0.1116586923599243,0.3001346290111542,0.2604516148567199,295.77105712890625,22.62105712890628,SMAP_L4_SM_gph_20200306T223000_Vv8010_001.h5
2020-03-07,2020-03-07 01:28:55+00:00,7.119,-73.122,0.1326720565557479,0.1120819449424743,0.3094505667686462,0.2614971697330475,294.5014038085937,21.351403808593773,SMAP_L4_SM_gph_20200307T013000_Vv8010_001.h5
2020-03-07,2020-03-07 04:28:55+00:00,7.119,-73.122,0.1336632817983627,0.1122681051492691,0.3117240369319916,0.261950820684433,293.61285400390625,20.46285400390628,SMAP_L4_SM_gph_20200307T043000_Vv8010_001.h5
2020-03-07,2020-03-07 07:28:55+00:00,7.119,-73.122,0.1348808705806732,0.1124603971838951,0.3145297765731811,0.2624204158782959,292.9281921386719,19.778192138671898,SMAP_L4_SM_gph_20200307T073000_Vv8010_001.h5
2020-03-07,2020-03-07 10:28:55+00:00,7.119,-73.122,0.1352009028196334,0.112627200782299,0.3154566884040832,0.2627015113830566,292.35015869140625,19.20015869140628,SMAP_L4_SM_gph_20200307T103000_Vv8010_001.h5
2020-03-07,2020-03-07 13:28:55+00:00,7.119,-73.122,0.1346879005432129,0.1126006692647934,0.3142566680908203,0.2627176642417907,292.6384582519531,19.488458251953148,SMAP_L4_SM_gph_20200307T133000_Vv8010_001.h5
2020-03-07,2020-03-07 16:28:55+00:00,7.119,-73.122,0.1313043385744094,0.1119537129998207,0.3063026368618011,0.261200338602066,294.3495483398437,21.199548339843773,SMAP_L4_SM_gph_20200307T163000_Vv8010_001.h5
2020-03-07,2020-03-07 19:28:55+00:00,7.119,-73.122,0.1291449964046478,0.1112778484821319,0.3013568818569183,0.2596384584903717,295.3282470703125,22.178247070312523,SMAP_L4_SM_gph_20200307T193000_Vv8010_001.h5
2020-03-07,2020-03-07 22:28:55+00:00,7.119,-73.122,0.1295634657144546,0.1111539304256439,0.3022385239601135,0.2592247724533081,294.9202880859375,21.770288085937523,SMAP_L4_SM_gph_20200307T223000_Vv8010_001.h5
2020-03-08,2020-03-08 01:28:55+00:00,7.119,-73.122,0.1389485150575637,0.1117593273520469,0.3240520060062408,0.2606341540813446,293.8022155761719,20.652215576171898,SMAP_L4_SM_gph_20200308T013000_Vv8010_001.h5
2020-03-08,2020-03-08 04:28:55+00:00,7.119,-73.122,0.1489456593990326,0.1124455258250236,0.3474320769309997,0.2623391449451446,293.000244140625,19.850244140625023,SMAP_L4_SM_gph_20200308T043000_Vv8010_001.h5
2020-03-08,2020-03-08 07:28:55+00:00,7.119,-73.122,0.1502461284399032,0.1127793490886688,0.3504489362239837,0.2630611360073089,292.43634033203125,19.28634033203128,SMAP_L4_SM_gph_20200308T073000_Vv8010_001.h5
2020-03-08,2020-03-08 10:28:55+00:00,7.119,-73.122,0.1497662663459777,0.1129462346434593,0.3493212759494781,0.2635070979595184,291.92193603515625,18.77193603515628,SMAP_L4_SM_gph_20200308T103000_Vv8010_001.h5
2020-03-08,2020-03-08 13:28:55+00:00,7.119,-73.122,0.1485446095466613,0.1129581108689308,0.346530944108963,0.2634641230106354,292.27410888671875,19.124108886718773,SMAP_L4_SM_gph_20200308T133000_Vv8010_001.h5
2020-03-08,2020-03-08 16:28:55+00:00,7.119,-73.122,0.1450560837984085,0.1123397499322891,0.3384457528591156,0.2620636820793152,294.0295104980469,20.879510498046898,SMAP_L4_SM_gph_20200308T163000_Vv8010_001.h5
2020-03-08,2020-03-08 19:28:55+00:00,7.119,-73.122,0.1432734131813049,0.1116809099912643,0.3341215848922729,0.2605094313621521,295.0115051269531,21.861505126953148,SMAP_L4_SM_gph_20200308T193000_Vv8010_001.h5
2020-03-08,2020-03-08 22:28:55+00:00,7.119,-73.122,0.145731970667839,0.1116529554128646,0.3399228453636169,0.2604734301567077,294.6127624511719,21.462762451171898,SMAP_L4_SM_gph_20200308T223000_Vv8010_001.h5
2020-03-09,2020-03-09 01:28:55+00:00,7.119,-73.122,0.2003621906042099,0.1151384487748146,0.467349648475647,0.2685043215751648,293.4939880371094,20.3439880371094,SMAP_L4_SM_gph_20200309T013000_Vv8010_001.h5
2020-03-09,2020-03-09 04:28:55+00:00,7.119,-73.122,0.2229302376508712,0.1183455511927604,0.5199098587036133,0.276037335395813,292.5848388671875,19.434838867187523,SMAP_L4_SM_gph_20200309T043000_Vv8010_001.h5
2020-03-09,2020-03-09 07:28:55+00:00,7.119,-73.122,0.2835951447486877,0.1312619596719741,0.6616488099098206,0.3061656653881073,291.5274353027344,18.3774353027344,SMAP_L4_SM_gph_20200309T073000_Vv8010_001.h5
2020-03-09,2020-03-09 10:28:55+00:00,7.119,-73.122,0.2209726125001907,0.1342034786939621,0.5154920816421509,0.3130323886871338,290.7247009277344,17.574700927734398,SMAP_L4_SM_gph_20200309T103000_Vv8010_001.h5
2020-03-09,2020-03-09 13:28:55+00:00,7.119,-73.122,0.2039906531572342,0.1327429413795471,0.4759077131748199,0.3096738457679748,291.160888671875,18.010888671875023,SMAP_L4_SM_gph_20200309T133000_Vv8010_001.h5
2020-03-09,2020-03-09 16:28:55+00:00,7.119,-73.122,0.1944223642349243,0.1314369589090347,0.4535933434963226,0.3065222203731537,293.0710754394531,19.921075439453148,SMAP_L4_SM_gph_20200309T163000_Vv8010_001.h5
2020-03-09,2020-03-09 19:28:55+00:00,7.119,-73.122,0.1920367032289505,0.1303303390741348,0.4479052722454071,0.3039379417896271,294.3210144042969,21.171014404296898,SMAP_L4_SM_gph_20200309T193000_Vv8010_001.h5
2020-03-09,2020-03-09 22:28:55+00:00,7.119,-73.122,0.2148958146572113,0.1314504295587539,0.5013091564178467,0.3065572381019592,294.13824462890625,20.98824462890628,SMAP_L4_SM_gph_20200309T223000_Vv8010_001.h5
2020-03-10,2020-03-10 01:28:55+00:00,7.119,-73.122,0.2136843651533126,0.1326382160186767,0.4984258711338043,0.3093158900737762,293.2469787597656,20.096978759765648,SMAP_L4_SM_gph_20200310T013000_Vv8010_001.h5
2020-03-10,2020-03-10 04:28:55+00:00,7.119,-73.122,0.2020120471715927,0.1322502344846725,0.4712019860744476,0.3084415793418884,292.441650390625,19.291650390625023,SMAP_L4_SM_gph_20200310T043000_Vv8010_001.h5
2020-03-10,2020-03-10 07:28:55+00:00,7.119,-73.122,0.1953851282596588,0.1316765546798706,0.455823004245758,0.307194173336029,291.91375732421875,18.763757324218773,SMAP_L4_SM_gph_20200310T073000_Vv8010_001.h5
2020-03-10,2020-03-10 10:28:55+00:00,7.119,-73.122,0.1909366697072982,0.13111212849617,0.4454638659954071,0.305812120437622,291.5435485839844,18.3935485839844,SMAP_L4_SM_gph_20200310T103000_Vv8010_001.h5
2020-03-10,2020-03-10 13:28:55+00:00,7.119,-73.122,0.1868605613708496,0.1304711699485778,0.4359566271305084,0.3043529391288757,291.7384033203125,18.588403320312523,SMAP_L4_SM_gph_20200310T133000_Vv8010_001.h5
2020-03-10,2020-03-10 16:28:55+00:00,7.119,-73.122,0.1810895502567291,0.1293635070323944,0.4223141372203827,0.3017294704914093,293.5805053710937,20.430505371093773,SMAP_L4_SM_gph_20200310T163000_Vv8010_001.h5
2020-03-10,2020-03-10 19:28:55+00:00,7.119,-73.122,0.1766810715198516,0.1282924860715866,0.4122131466865539,0.2992376387119293,294.6700134277344,21.5200134277344,SMAP_L4_SM_gph_20200310T193000_Vv8010_001.h5
2020-03-10,2020-03-10 22:28:55+00:00,7.119,-73.122,0.1768683791160583,0.1277791410684585,0.4125590920448303,0.2981104552745819,294.4671936035156,21.317193603515648,SMAP_L4_SM_gph_20200310T223000_Vv8010_001.h5
2020-03-11,2020-03-11 01:28:55+00:00,7.119,-73.122,0.1829375624656677,0.1278731077909469,0.4267143607139587,0.2983182072639465,293.4237670898437,20.273767089843773,SMAP_L4_SM_gph_20200311T013000_Vv8010_001.h5
2020-03-11,2020-03-11 04:28:55+00:00,7.119,-73.122,0.1951262801885604,0.1285819262266159,0.4552518427371979,0.3000027537345886,292.6779479980469,19.527947998046898,SMAP_L4_SM_gph_20200311T043000_Vv8010_001.h5
2020-03-11,2020-03-11 07:28:55+00:00,7.119,-73.122,0.1969615817070007,0.1290445625782013,0.4594541490077972,0.3009493350982666,292.1493225097656,18.999322509765648,SMAP_L4_SM_gph_20200311T073000_Vv8010_001.h5
2020-03-11,2020-03-11 10:28:55+00:00,7.119,-73.122,0.1981338113546371,0.1292134225368499,0.4621440172195434,0.3015227615833282,291.74853515625,18.598535156250023,SMAP_L4_SM_gph_20200311T103000_Vv8010_001.h5
2020-03-11,2020-03-11 13:28:55+00:00,7.119,-73.122,0.202117919921875,0.1298020780086517,0.4714683592319488,0.3027721643447876,291.7434387207031,18.593438720703148,SMAP_L4_SM_gph_20200311T133000_Vv8010_001.h5
2020-03-11,2020-03-11 16:28:55+00:00,7.119,-73.122,0.1938472837209701,0.129380315542221,0.4521099627017975,0.3017731606960296,292.75360107421875,19.603601074218773,SMAP_L4_SM_gph_20200311T163000_Vv8010_001.h5
2020-03-11,2020-03-11 19:28:55+00:00,7.119,-73.122,0.1907938867807388,0.1287851631641388,0.4450739026069641,0.3004698753356933,293.79296875,20.642968750000023,SMAP_L4_SM_gph_20200311T193000_Vv8010_001.h5
2020-03-11,2020-03-11 22:28:55+00:00,7.119,-73.122,0.1987002193927765,0.1291261613368988,0.4634649157524109,0.3011733293533325,293.63629150390625,20.48629150390628,SMAP_L4_SM_gph_20200311T223000_Vv8010_001.h5
2020-03-12,2020-03-12 01:28:55+00:00,7.119,-73.122,0.1990447491407394,0.1283229887485504,0.4643413722515106,0.2993537783622741,292.9501342773437,19.800134277343773,SMAP_L4_SM_gph_20200312T013000_Vv8010_001.h5
2020-03-12,2020-03-12 04:28:55+00:00,7.119,-73.122,0.204680398106575,0.1289783865213394,0.4774836897850036,0.3009359240531921,292.5090637207031,19.359063720703148,SMAP_L4_SM_gph_20200312T043000_Vv8010_001.h5
2020-03-12,2020-03-12 07:28:55+00:00,7.119,-73.122,0.212106704711914,0.1300033926963806,0.4948344230651855,0.303137332201004,292.1582336425781,19.008233642578148,SMAP_L4_SM_gph_20200312T073000_Vv8010_001.h5
2020-03-12,2020-03-12 10:28:55+00:00,7.119,-73.122,0.2231664657592773,0.1317759305238723,0.5206046104431152,0.3074163198471069,291.910400390625,18.760400390625023,SMAP_L4_SM_gph_20200312T103000_Vv8010_001.h5
2020-03-12,2020-03-12 13:28:55+00:00,7.119,-73.122,0.212716519832611,0.1320350617170334,0.4961457252502441,0.3078699111938476,291.98797607421875,18.837976074218773,SMAP_L4_SM_gph_20200312T133000_Vv8010_001.h5
2020-03-12,2020-03-12 16:28:55+00:00,7.119,-73.122,0.202580913901329,0.1316698938608169,0.4726113677024841,0.3071034550666809,292.8256225585937,19.675622558593773,SMAP_L4_SM_gph_20200312T163000_Vv8010_001.h5
2020-03-12,2020-03-12 19:28:55+00:00,7.119,-73.122,0.1944106072187423,0.1307315230369568,0.4535574913024902,0.3050055503845215,294.1441650390625,20.994165039062523,SMAP_L4_SM_gph_20200312T193000_Vv8010_001.h5
2020-03-12,2020-03-12 22:28:55+00:00,7.119,-73.122,0.2055009305477142,0.131115511059761,0.4793873131275177,0.3057841956615448,294.0909729003906,20.940972900390648,SMAP_L4_SM_gph_20200312T223000_Vv8010_001.h5
2020-03-13,2020-03-13 01:28:55+00:00,7.119,-73.122,0.2070053666830063,0.1316915154457092,0.4828543066978454,0.3071964383125305,293.1735534667969,20.023553466796898,SMAP_L4_SM_gph_20200313T013000_Vv8010_001.h5
2020-03-13,2020-03-13 04:28:55+00:00,7.119,-73.122,0.1984512358903885,0.1313688308000564,0.4629609584808349,0.3064553141593933,292.5149841308594,19.3649841308594,SMAP_L4_SM_gph_20200313T043000_Vv8010_001.h5
2020-03-13,2020-03-13 07:28:55+00:00,7.119,-73.122,0.198665902018547,0.1312991678714752,0.4633935093879699,0.3062256574630737,292.0682067871094,18.9182067871094,SMAP_L4_SM_gph_20200313T073000_Vv8010_001.h5
2020-03-13,2020-03-13 10:28:55+00:00,7.119,-73.122,0.2031001895666122,0.1316332519054412,0.4737679064273834,0.3069964349269867,291.7790832519531,18.629083251953148,SMAP_L4_SM_gph_20200313T103000_Vv8010_001.h5
2020-03-13,2020-03-13 13:28:55+00:00,7.119,-73.122,0.2000799477100372,0.1315395981073379,0.4667294919490814,0.3068747222423553,291.8409118652344,18.6909118652344,SMAP_L4_SM_gph_20200313T133000_Vv8010_001.h5
2020-03-13,2020-03-13 16:28:55+00:00,7.119,-73.122,0.1965363770723343,0.1312407404184341,0.4585071802139282,0.3062439262866974,292.3129577636719,19.162957763671898,SMAP_L4_SM_gph_20200313T163000_Vv8010_001.h5
2020-03-13,2020-03-13 19:28:55+00:00,7.119,-73.122,0.1918459832668304,0.1306534260511398,0.4474638104438782,0.3048390746116638,293.2065124511719,20.056512451171898,SMAP_L4_SM_gph_20200313T193000_Vv8010_001.h5
2020-03-13,2020-03-13 22:28:55+00:00,7.119,-73.122,0.1901775300502777,0.1304053366184234,0.4436299204826355,0.3041330873966217,293.51959228515625,20.36959228515628,SMAP_L4_SM_gph_20200313T223000_Vv8010_001.h5
2020-03-14,2020-03-14 01:28:55+00:00,7.119,-73.122,0.2130582481622696,0.1317672729492187,0.4968988001346588,0.3073936998844147,292.80572509765625,19.65572509765628,SMAP_L4_SM_gph_20200314T013000_Vv8010_001.h5
2020-03-14,2020-03-14 04:28:55+00:00,7.119,-73.122,0.2201185822486877,0.1333978027105331,0.5134159922599792,0.311169683933258,292.2640380859375,19.114038085937523,SMAP_L4_SM_gph_20200314T043000_Vv8010_001.h5
2020-03-14,2020-03-14 07:28:55+00:00,7.119,-73.122,0.2123148739337921,0.1338827162981033,0.4952292144298553,0.3122593760490417,291.864501953125,18.714501953125023,SMAP_L4_SM_gph_20200314T073000_Vv8010_001.h5
2020-03-14,2020-03-14 10:28:55+00:00,7.119,-73.122,0.2036899626255035,0.1336935311555862,0.4751984477043152,0.3118773102760315,291.4964599609375,18.346459960937523,SMAP_L4_SM_gph_20200314T103000_Vv8010_001.h5
2020-03-14,2020-03-14 13:28:55+00:00,7.119,-73.122,0.1986709535121917,0.133265733718872,0.4633681178092956,0.3108623623847961,291.796875,18.646875000000023,SMAP_L4_SM_gph_20200314T133000_Vv8010_001.h5
2020-03-14,2020-03-14 16:28:55+00:00,7.119,-73.122,0.1929273754358291,0.1324330121278762,0.4500159025192261,0.3089290559291839,293.388671875,20.238671875000023,SMAP_L4_SM_gph_20200314T163000_Vv8010_001.h5
2020-03-14,2020-03-14 19:28:55+00:00,7.119,-73.122,0.1949161738157272,0.1319559663534164,0.454674482345581,0.307859718799591,294.1175537109375,20.967553710937523,SMAP_L4_SM_gph_20200314T193000_Vv8010_001.h5
2020-03-14,2020-03-14 22:28:55+00:00,7.119,-73.122,0.2194480150938034,0.1335002779960632,0.5119698643684387,0.3114476799964905,293.81353759765625,20.66353759765628,SMAP_L4_SM_gph_20200314T223000_Vv8010_001.h5
2020-03-15,2020-03-15 01:28:55+00:00,7.119,-73.122,0.2213319242000579,0.1351926028728485,0.5161845088005066,0.3153474926948547,292.9937438964844,19.8437438964844,SMAP_L4_SM_gph_20200315T013000_Vv8010_001.h5
2020-03-15,2020-03-15 04:28:55+00:00,7.119,-73.122,0.2106543630361557,0.1354164481163025,0.4912804663181305,0.3158197700977325,292.40594482421875,19.255944824218773,SMAP_L4_SM_gph_20200315T043000_Vv8010_001.h5
2020-03-15,2020-03-15 07:28:55+00:00,7.119,-73.122,0.202894926071167,0.1352081000804901,0.4732817113399505,0.3154248595237732,291.8910522460937,18.741052246093773,SMAP_L4_SM_gph_20200315T073000_Vv8010_001.h5
2020-03-15,2020-03-15 10:28:55+00:00,7.119,-73.122,0.1988798528909683,0.1349206715822219,0.4638493061065674,0.3147386610507965,291.49481201171875,18.344812011718773,SMAP_L4_SM_gph_20200315T103000_Vv8010_001.h5
2020-03-15,2020-03-15 13:28:55+00:00,7.119,-73.122,0.1967088729143142,0.1346637457609176,0.4588056206703186,0.3141801059246063,291.6322631835937,18.482263183593773,SMAP_L4_SM_gph_20200315T133000_Vv8010_001.h5
2020-03-15,2020-03-15 16:28:55+00:00,7.119,-73.122,0.193485677242279,0.1342337131500244,0.4513517320156097,0.3131592869758606,292.20184326171875,19.051843261718773,SMAP_L4_SM_gph_20200315T163000_Vv8010_001.h5
2020-03-15,2020-03-15 19:28:55+00:00,7.119,-73.122,0.1888124644756317,0.133539929986,0.4403650164604187,0.3115141093730926,293.27362060546875,20.123620605468773,SMAP_L4_SM_gph_20200315T193000_Vv8010_001.h5
2020-03-15,2020-03-15 22:28:55+00:00,7.119,-73.122,0.1859581023454666,0.1329490095376968,0.4337318837642669,0.3100998103618622,293.5964050292969,20.446405029296898,SMAP_L4_SM_gph_20200315T223000_Vv8010_001.h5
2020-03-16,2020-03-16 01:28:55+00:00,7.119,-73.122,0.1854124218225479,0.1326706707477569,0.4324952960014343,0.3095593452453613,292.6851806640625,19.535180664062523,SMAP_L4_SM_gph_20200316T013000_Vv8010_001.h5
2020-03-16,2020-03-16 04:28:55+00:00,7.119,-73.122,0.183974951505661,0.1323962807655334,0.4290826618671417,0.3089071214199066,292.059326171875,18.909326171875023,SMAP_L4_SM_gph_20200316T043000_Vv8010_001.h5
2020-03-16,2020-03-16 07:28:55+00:00,7.119,-73.122,0.1830717772245407,0.1321891248226165,0.4269841015338897,0.3083931505680084,291.68017578125,18.530175781250023,SMAP_L4_SM_gph_20200316T073000_Vv8010_001.h5
2020-03-16,2020-03-16 10:28:55+00:00,7.119,-73.122,0.1820191890001297,0.1319491863250732,0.4245449304580688,0.3077937960624695,291.281982421875,18.131982421875023,SMAP_L4_SM_gph_20200316T103000_Vv8010_001.h5
2020-03-16,2020-03-16 13:28:55+00:00,7.119,-73.122,0.180186927318573,0.131629541516304,0.4203733503818512,0.3069866597652435,291.65411376953125,18.50411376953128,SMAP_L4_SM_gph_20200316T133000_Vv8010_001.h5
2020-03-16,2020-03-16 16:28:55+00:00,7.119,-73.122,0.1752382963895797,0.1307158321142196,0.40883868932724,0.3048793971538543,293.47998046875,20.329980468750023,SMAP_L4_SM_gph_20200316T163000_Vv8010_001.h5
2020-03-16,2020-03-16 19:28:55+00:00,7.119,-73.122,0.1711174100637436,0.1299308687448501,0.399207055568695,0.3031925559043884,294.261962890625,21.111962890625023,SMAP_L4_SM_gph_20200316T193000_Vv8010_001.h5
2020-03-16,2020-03-16 22:28:55+00:00,7.119,-73.122,0.1695999056100845,0.1295955926179886,0.3956265747547149,0.3021744787693023,294.1190185546875,20.969018554687523,SMAP_L4_SM_gph_20200316T223000_Vv8010_001.h5
2020-03-17,2020-03-17 01:28:55+00:00,7.119,-73.122,0.1687342375516891,0.1294366121292114,0.3936224281787872,0.3019930422306061,293.1940002441406,20.044000244140648,SMAP_L4_SM_gph_20200317T013000_Vv8010_001.h5
2020-03-17,2020-03-17 04:28:55+00:00,7.119,-73.122,0.1677168756723404,0.1293540149927139,0.3912347257137298,0.3017298579216003,292.4896240234375,19.339624023437523,SMAP_L4_SM_gph_20200317T043000_Vv8010_001.h5
2020-03-17,2020-03-17 07:28:55+00:00,7.119,-73.122,0.1666082590818405,0.1292135268449783,0.3886330723762512,0.3013526499271393,291.95947265625,18.809472656250023,SMAP_L4_SM_gph_20200317T073000_Vv8010_001.h5
2020-03-17,2020-03-17 10:28:55+00:00,7.119,-73.122,0.1657261699438095,0.1290863156318664,0.38651904463768,0.3010950684547424,291.5157470703125,18.365747070312523,SMAP_L4_SM_gph_20200317T103000_Vv8010_001.h5
2020-03-17,2020-03-17 13:28:55+00:00,7.119,-73.122,0.1669337451457977,0.1290570497512817,0.3893506526947021,0.3009819388389587,291.825927734375,18.675927734375023,SMAP_L4_SM_gph_20200317T133000_Vv8010_001.h5
2020-03-17,2020-03-17 16:28:55+00:00,7.119,-73.122,0.1637584865093231,0.1282539218664169,0.3820905089378357,0.2990886867046356,293.59796142578125,20.44796142578128,SMAP_L4_SM_gph_20200317T163000_Vv8010_001.h5
2020-03-17,2020-03-17 19:28:55+00:00,7.119,-73.122,0.1615535765886306,0.1275220662355423,0.3769263923168182,0.2975032329559326,294.4263916015625,21.276391601562523,SMAP_L4_SM_gph_20200317T193000_Vv8010_001.h5
2020-03-17,2020-03-17 22:28:55+00:00,7.119,-73.122,0.161225363612175,0.1273046284914016,0.3760271668434143,0.2969624698162079,293.83837890625,20.688378906250023,SMAP_L4_SM_gph_20200317T223000_Vv8010_001.h5
2020-03-18,2020-03-18 01:28:55+00:00,7.119,-73.122,0.1622460335493087,0.1273247897624969,0.3784576058387756,0.2970149517059326,292.8636474609375,19.713647460937523,SMAP_L4_SM_gph_20200318T013000_Vv8010_001.h5
2020-03-18,2020-03-18 04:28:55+00:00,7.119,-73.122,0.1626342236995697,0.1273173093795776,0.3793286979198456,0.2970749735832214,292.05230712890625,18.90230712890628,SMAP_L4_SM_gph_20200318T043000_Vv8010_001.h5
2020-03-18,2020-03-18 07:28:55+00:00,7.119,-73.122,0.1623857617378235,0.1273173689842224,0.3788188397884369,0.2969104051589966,290.9720458984375,17.822045898437523,SMAP_L4_SM_gph_20200318T073000_Vv8010_001.h5
2020-03-18,2020-03-18 10:28:55+00:00,7.119,-73.122,0.1620395481586456,0.1272804886102676,0.3779950439929962,0.2968513369560241,289.7545471191406,16.604547119140648,SMAP_L4_SM_gph_20200318T103000_Vv8010_001.h5
2020-03-18,2020-03-18 13:28:55+00:00,7.119,-73.122,0.1601407527923584,0.1270237863063812,0.3734895884990692,0.296293556690216,290.5328674316406,17.382867431640648,SMAP_L4_SM_gph_20200318T133000_Vv8010_001.h5
2020-03-18,2020-03-18 16:28:55+00:00,7.119,-73.122,0.154354453086853,0.1260112076997757,0.3600000143051147,0.293922871351242,293.1523742675781,20.002374267578148,SMAP_L4_SM_gph_20200318T163000_Vv8010_001.h5
2020-03-18,2020-03-18 19:28:55+00:00,7.119,-73.122,0.1495652049779892,0.1250448822975158,0.348850280046463,0.2916301488876343,294.5639343261719,21.413934326171898,SMAP_L4_SM_gph_20200318T193000_Vv8010_001.h5
2020-03-18,2020-03-18 22:28:55+00:00,7.119,-73.122,0.1499097347259521,0.1248553544282913,0.3497089147567749,0.2912046015262604,294.04022216796875,20.890222167968773,SMAP_L4_SM_gph_20200318T223000_Vv8010_001.h5
2020-03-19,2020-03-19 01:28:55+00:00,7.119,-73.122,0.150785431265831,0.1249225214123725,0.351619154214859,0.2914220988750458,292.8231201171875,19.673120117187523,SMAP_L4_SM_gph_20200319T013000_Vv8010_001.h5
2020-03-19,2020-03-19 04:28:55+00:00,7.119,-73.122,0.1509993225336074,0.1249630004167556,0.3522260189056396,0.2915276288986206,292.02642822265625,18.87642822265628,SMAP_L4_SM_gph_20200319T043000_Vv8010_001.h5
2020-03-19,2020-03-19 07:28:55+00:00,7.119,-73.122,0.1513513624668121,0.125021755695343,0.353141576051712,0.2916438281536102,291.43951416015625,18.28951416015628,SMAP_L4_SM_gph_20200319T073000_Vv8010_001.h5
2020-03-19,2020-03-19 10:28:55+00:00,7.119,-73.122,0.1513784676790237,0.125076413154602,0.3531326353549957,0.2917066216468811,290.637939453125,17.487939453125023,SMAP_L4_SM_gph_20200319T103000_Vv8010_001.h5
2020-03-19,2020-03-19 13:28:55+00:00,7.119,-73.122,0.1505336612462997,0.1249161660671234,0.3512280285358429,0.291363000869751,290.9753112792969,17.825311279296898,SMAP_L4_SM_gph_20200319T133000_Vv8010_001.h5
2020-03-19,2020-03-19 16:28:55+00:00,7.119,-73.122,0.1467615365982055,0.1241143494844436,0.3422825932502746,0.2895527780056,293.15283203125,20.002832031250023,SMAP_L4_SM_gph_20200319T163000_Vv8010_001.h5
2020-03-19,2020-03-19 19:28:55+00:00,7.119,-73.122,0.142471894621849,0.1232160478830337,0.3323093056678772,0.2874798476696014,294.57879638671875,21.428796386718773,SMAP_L4_SM_gph_20200319T193000_Vv8010_001.h5
2020-03-19,2020-03-19 22:28:55+00:00,7.119,-73.122,0.1434307098388672,0.1230589970946312,0.3345330655574798,0.2870594263076782,294.27398681640625,21.12398681640628,SMAP_L4_SM_gph_20200319T223000_Vv8010_001.h5
2020-03-20,2020-03-20 01:28:55+00:00,7.119,-73.122,0.1365633308887481,0.1223320588469505,0.3185620903968811,0.2853222191333771,292.8523254394531,19.702325439453148,SMAP_L4_SM_gph_20200320T013000_Vv8010_001.h5
2020-03-20,2020-03-20 04:28:55+00:00,7.119,-73.122,0.1373651474714279,0.1224642768502235,0.3204608857631683,0.2856723368167877,291.7876281738281,18.637628173828148,SMAP_L4_SM_gph_20200320T043000_Vv8010_001.h5
2020-03-20,2020-03-20 07:28:55+00:00,7.119,-73.122,0.1391634494066238,0.1226171031594276,0.3245595693588257,0.2859967648983001,291.3629150390625,18.212915039062523,SMAP_L4_SM_gph_20200320T073000_Vv8010_001.h5
2020-03-20,2020-03-20 10:28:55+00:00,7.119,-73.122,0.1421463042497635,0.1228734627366066,0.3315366208553314,0.2865594029426574,290.9998779296875,17.849877929687523,SMAP_L4_SM_gph_20200320T103000_Vv8010_001.h5
2020-03-20,2020-03-20 13:28:55+00:00,7.119,-73.122,0.1445104330778122,0.1229412853717804,0.3371908366680145,0.2867471277713775,291.1144104003906,17.964410400390648,SMAP_L4_SM_gph_20200320T133000_Vv8010_001.h5
2020-03-20,2020-03-20 16:28:55+00:00,7.119,-73.122,0.143829733133316,0.122649997472763,0.3355939388275146,0.286056637763977,292.3065795898437,19.156579589843773,SMAP_L4_SM_gph_20200320T163000_Vv8010_001.h5
2020-03-20,2020-03-20 19:28:55+00:00,7.119,-73.122,0.1442451179027557,0.1224676072597503,0.3364723026752472,0.2856497168540954,292.86334228515625,19.71334228515628,SMAP_L4_SM_gph_20200320T193000_Vv8010_001.h5
2020-03-20,2020-03-20 22:28:55+00:00,7.119,-73.122,0.1465678215026855,0.1226044967770576,0.3419305980205536,0.2859323024749756,292.5145568847656,19.364556884765648,SMAP_L4_SM_gph_20200320T223000_Vv8010_001.h5
2020-03-21,2020-03-21 01:28:55+00:00,7.119,-73.122,0.1475901752710342,0.1227519959211349,0.3441861569881439,0.2863647937774658,291.8738098144531,18.723809814453148,SMAP_L4_SM_gph_20200321T013000_Vv8010_001.h5
2020-03-21,2020-03-21 04:28:55+00:00,7.119,-73.122,0.1493780314922332,0.122941106557846,0.3485544323921203,0.2868261039257049,291.281005859375,18.131005859375023,SMAP_L4_SM_gph_20200321T043000_Vv8010_001.h5
2020-03-21,2020-03-21 07:28:55+00:00,7.119,-73.122,0.1516723781824112,0.1231427937746048,0.353776752948761,0.2873204350471496,290.8018798828125,17.651879882812523,SMAP_L4_SM_gph_20200321T073000_Vv8010_001.h5
2020-03-21,2020-03-21 10:28:55+00:00,7.119,-73.122,0.1524124294519424,0.1233199089765548,0.3554938435554504,0.2876709997653961,290.42486572265625,17.274865722656273,SMAP_L4_SM_gph_20200321T103000_Vv8010_001.h5
2020-03-21,2020-03-21 13:28:55+00:00,7.119,-73.122,0.1522782295942306,0.1233722418546676,0.3551252782344818,0.2877334356307983,290.6417236328125,17.491723632812523,SMAP_L4_SM_gph_20200321T133000_Vv8010_001.h5
2020-03-21,2020-03-21 16:28:55+00:00,7.119,-73.122,0.1498275101184845,0.1229648888111114,0.3494343757629394,0.2867716252803802,292.194580078125,19.044580078125023,SMAP_L4_SM_gph_20200321T163000_Vv8010_001.h5
2020-03-21,2020-03-21 19:28:55+00:00,7.119,-73.122,0.1467153429985046,0.1223568618297576,0.3421474695205688,0.2853923738002777,293.3520812988281,20.202081298828148,SMAP_L4_SM_gph_20200321T193000_Vv8010_001.h5
2020-03-21,2020-03-21 22:28:55+00:00,7.119,-73.122,0.1520735025405883,0.1227567493915557,0.3546960651874542,0.2863346636295318,293.08380126953125,19.93380126953128,SMAP_L4_SM_gph_20200321T223000_Vv8010_001.h5
2020-03-22,2020-03-22 01:28:55+00:00,7.119,-73.122,0.1522365063428878,0.1228195577859878,0.3550514280796051,0.2865408957004547,291.9464111328125,18.796411132812523,SMAP_L4_SM_gph_20200322T013000_Vv8010_001.h5
2020-03-22,2020-03-22 04:28:55+00:00,7.119,-73.122,0.1524878740310669,0.122882142663002,0.3556511998176574,0.286624550819397,290.9459228515625,17.795922851562523,SMAP_L4_SM_gph_20200322T043000_Vv8010_001.h5
2020-03-22,2020-03-22 07:28:55+00:00,7.119,-73.122,0.153015449643135,0.1229558512568473,0.3570087254047394,0.2867796123027801,290.2438049316406,17.093804931640648,SMAP_L4_SM_gph_20200322T073000_Vv8010_001.h5
2020-03-22,2020-03-22 10:28:55+00:00,7.119,-73.122,0.1532410979270935,0.1230063736438751,0.3575335741043091,0.2868742346763611,289.53009033203125,16.380090332031273,SMAP_L4_SM_gph_20200322T103000_Vv8010_001.h5
2020-03-22,2020-03-22 13:28:55+00:00,7.119,-73.122,0.1452550590038299,0.122208297252655,0.3388106524944305,0.2850367128849029,290.35711669921875,17.207116699218773,SMAP_L4_SM_gph_20200322T133000_Vv8010_001.h5
2020-03-22,2020-03-22 16:28:55+00:00,7.119,-73.122,0.1421535164117813,0.121459774672985,0.3315916955471039,0.2833283841609955,292.78857421875,19.638574218750023,SMAP_L4_SM_gph_20200322T163000_Vv8010_001.h5
2020-03-22,2020-03-22 19:28:55+00:00,7.119,-73.122,0.1395112723112106,0.1207079738378524,0.3255056738853454,0.2816057503223419,294.1121826171875,20.962182617187523,SMAP_L4_SM_gph_20200322T193000_Vv8010_001.h5
2020-03-22,2020-03-22 22:28:55+00:00,7.119,-73.122,0.1394916623830795,0.120552621781826,0.325408011674881,0.2812692523002624,293.78009033203125,20.63009033203128,SMAP_L4_SM_gph_20200322T223000_Vv8010_001.h5
2020-03-23,2020-03-23 01:28:55+00:00,7.119,-73.122,0.141189843416214,0.120720125734806,0.3293395936489105,0.2816320657730102,292.4269714355469,19.276971435546898,SMAP_L4_SM_gph_20200323T013000_Vv8010_001.h5
2020-03-23,2020-03-23 04:28:55+00:00,7.119,-73.122,0.1427349597215652,0.1208590120077133,0.3329598009586334,0.2819200158119201,291.4625549316406,18.312554931640648,SMAP_L4_SM_gph_20200323T043000_Vv8010_001.h5
2020-03-23,2020-03-23 07:28:55+00:00,7.119,-73.122,0.1441119760274887,0.1210118234157562,0.3360681533813476,0.282244324684143,290.7699584960937,17.619958496093773,SMAP_L4_SM_gph_20200323T073000_Vv8010_001.h5
2020-03-23,2020-03-23 10:28:55+00:00,7.119,-73.122,0.1452515423297882,0.1211302727460861,0.3388725221157074,0.2825585603713989,289.9491577148437,16.799157714843773,SMAP_L4_SM_gph_20200323T103000_Vv8010_001.h5
2020-03-23,2020-03-23 13:28:55+00:00,7.119,-73.122,0.1454770714044571,0.1211335062980651,0.3393866419792175,0.2825298607349396,290.4954528808594,17.345452880859398,SMAP_L4_SM_gph_20200323T133000_Vv8010_001.h5
2020-03-23,2020-03-23 16:28:55+00:00,7.119,-73.122,0.1423440277576446,0.120518684387207,0.3320223391056061,0.2811383306980133,292.804931640625,19.654931640625023,SMAP_L4_SM_gph_20200323T163000_Vv8010_001.h5
2020-03-23,2020-03-23 19:28:55+00:00,7.119,-73.122,0.1389861851930618,0.1196789294481277,0.3241799771785736,0.2792293131351471,294.54205322265625,21.39205322265628,SMAP_L4_SM_gph_20200323T193000_Vv8010_001.h5
2020-03-23,2020-03-23 22:28:55+00:00,7.119,-73.122,0.1408517807722091,0.1195641383528709,0.3285259306430816,0.2789613902568817,294.3794250488281,21.229425048828148,SMAP_L4_SM_gph_20200323T223000_Vv8010_001.h5
2020-03-24,2020-03-24 01:28:55+00:00,7.119,-73.122,0.1431954801082611,0.119796521961689,0.3341015577316284,0.2794560194015503,293.18511962890625,20.03511962890628,SMAP_L4_SM_gph_20200324T013000_Vv8010_001.h5
2020-03-24,2020-03-24 04:28:55+00:00,7.119,-73.122,0.145387589931488,0.1199943795800209,0.3391755819320678,0.2799403965473175,292.2503662109375,19.100366210937523,SMAP_L4_SM_gph_20200324T043000_Vv8010_001.h5
2020-03-24,2020-03-24 07:28:55+00:00,7.119,-73.122,0.1471739709377288,0.1201791763305664,0.3433180153369903,0.2803906798362732,291.6521301269531,18.502130126953148,SMAP_L4_SM_gph_20200324T073000_Vv8010_001.h5
2020-03-24,2020-03-24 10:28:55+00:00,7.119,-73.122,0.1480011940002441,0.1203388050198555,0.3452326357364654,0.280775249004364,291.2189636230469,18.068963623046898,SMAP_L4_SM_gph_20200324T103000_Vv8010_001.h5
2020-03-24,2020-03-24 13:28:55+00:00,7.119,-73.122,0.1477200537919998,0.1203591451048851,0.3445077240467071,0.2807911336421966,291.5607604980469,18.410760498046898,SMAP_L4_SM_gph_20200324T133000_Vv8010_001.h5
2020-03-24,2020-03-24 16:28:55+00:00,7.119,-73.122,0.1451830565929412,0.1198724806308746,0.3386111855506897,0.2796597182750702,293.2157287597656,20.065728759765648,SMAP_L4_SM_gph_20200324T163000_Vv8010_001.h5
2020-03-24,2020-03-24 19:28:55+00:00,7.119,-73.122,0.1456088870763778,0.1194778829813003,0.3396702110767364,0.2787312865257263,294.16217041015625,21.01217041015628,SMAP_L4_SM_gph_20200324T193000_Vv8010_001.h5
2020-03-24,2020-03-24 22:28:55+00:00,7.119,-73.122,0.1541914045810699,0.119813472032547,0.3597285151481628,0.2794633507728576,293.90899658203125,20.75899658203128,SMAP_L4_SM_gph_20200324T223000_Vv8010_001.h5
2020-03-25,2020-03-25 01:28:55+00:00,7.119,-73.122,0.1561308801174163,0.1199331954121589,0.3641265630722046,0.2797383368015289,292.8977355957031,19.747735595703148,SMAP_L4_SM_gph_20200325T013000_Vv8010_001.h5
2020-03-25,2020-03-25 04:28:55+00:00,7.119,-73.122,0.1571167707443237,0.120121069252491,0.3665888607501983,0.2801965177059173,292.0849914550781,18.934991455078148,SMAP_L4_SM_gph_20200325T043000_Vv8010_001.h5
2020-03-25,2020-03-25 07:28:55+00:00,7.119,-73.122,0.160116896033287,0.1204057335853576,0.3734822571277618,0.280912697315216,291.6597900390625,18.509790039062523,SMAP_L4_SM_gph_20200325T073000_Vv8010_001.h5
2020-03-25,2020-03-25 10:28:55+00:00,7.119,-73.122,0.1624289155006408,0.1206678748130798,0.3789675235748291,0.2814479470252991,291.3892822265625,18.239282226562523,SMAP_L4_SM_gph_20200325T103000_Vv8010_001.h5
2020-03-25,2020-03-25 13:28:55+00:00,7.119,-73.122,0.1580985933542251,0.120486631989479,0.3688024580478668,0.2810494601726532,291.6879577636719,18.537957763671898,SMAP_L4_SM_gph_20200325T133000_Vv8010_001.h5
2020-03-25,2020-03-25 16:28:55+00:00,7.119,-73.122,0.1554080098867416,0.1200573965907096,0.3624493777751922,0.2800305187702179,293.2443542480469,20.094354248046898,SMAP_L4_SM_gph_20200325T163000_Vv8010_001.h5
2020-03-25,2020-03-25 19:28:55+00:00,7.119,-73.122,0.1576877236366272,0.1198036298155784,0.3678237497806549,0.2793951332569122,294.27838134765625,21.12838134765628,SMAP_L4_SM_gph_20200325T193000_Vv8010_001.h5
2020-03-25,2020-03-25 22:28:55+00:00,7.119,-73.122,0.167981818318367,0.120413564145565,0.3918201625347137,0.2809384167194366,293.8842163085937,20.734216308593773,SMAP_L4_SM_gph_20200325T223000_Vv8010_001.h5
2020-03-26,2020-03-26 01:28:55+00:00,7.119,-73.122,0.1897224187850952,0.1220224797725677,0.4424538612365722,0.2846579551696777,293.0946350097656,19.944635009765648,SMAP_L4_SM_gph_20200326T013000_Vv8010_001.h5
2020-03-26,2020-03-26 04:28:55+00:00,7.119,-73.122,0.1951428055763244,0.1231227070093154,0.4552788138389587,0.2871831357479095,292.316650390625,19.166650390625023,SMAP_L4_SM_gph_20200326T043000_Vv8010_001.h5
2020-03-26,2020-03-26 07:28:55+00:00,7.119,-73.122,0.1927710920572281,0.1235432773828506,0.4496362507343292,0.2882218360900879,291.6578369140625,18.507836914062523,SMAP_L4_SM_gph_20200326T073000_Vv8010_001.h5
2020-03-26,2020-03-26 10:28:55+00:00,7.119,-73.122,0.1899403035640716,0.1237784326076507,0.4430943429470062,0.2886867225170135,291.16461181640625,18.01461181640628,SMAP_L4_SM_gph_20200326T103000_Vv8010_001.h5
2020-03-26,2020-03-26 13:28:55+00:00,7.119,-73.122,0.1866222620010376,0.1237613186240196,0.4352212846279144,0.2887270450592041,291.6632080078125,18.513208007812523,SMAP_L4_SM_gph_20200326T133000_Vv8010_001.h5
2020-03-26,2020-03-26 16:28:55+00:00,7.119,-73.122,0.1841008514165878,0.1231979727745056,0.4294163286685943,0.2874327898025512,293.76190185546875,20.611901855468773,SMAP_L4_SM_gph_20200326T163000_Vv8010_001.h5
2020-03-26,2020-03-26 19:28:55+00:00,7.119,-73.122,0.2005466073751449,0.1239143088459968,0.4678688943386078,0.2890147566795349,294.74859619140625,21.59859619140628,SMAP_L4_SM_gph_20200326T193000_Vv8010_001.h5
2020-03-26,2020-03-26 22:28:55+00:00,7.119,-73.122,0.2203102558851242,0.1260706335306167,0.5139315128326416,0.2940718531608581,294.2970886230469,21.147088623046898,SMAP_L4_SM_gph_20200326T223000_Vv8010_001.h5
2020-03-27,2020-03-27 01:28:55+00:00,7.119,-73.122,0.2130037695169448,0.127380833029747,0.4969452023506164,0.297075867652893,293.4208374023437,20.270837402343773,SMAP_L4_SM_gph_20200327T013000_Vv8010_001.h5
2020-03-27,2020-03-27 04:28:55+00:00,7.119,-73.122,0.2033787816762924,0.1275733858346939,0.4743924140930176,0.2975461781024933,292.81158447265625,19.66158447265628,SMAP_L4_SM_gph_20200327T043000_Vv8010_001.h5
2020-03-27,2020-03-27 07:28:55+00:00,7.119,-73.122,0.2017879337072372,0.1279229521751403,0.4706055521965027,0.2983201742172241,292.2632751464844,19.1132751464844,SMAP_L4_SM_gph_20200327T073000_Vv8010_001.h5
2020-03-27,2020-03-27 10:28:55+00:00,7.119,-73.122,0.1966908127069473,0.1279319077730178,0.4587403833866119,0.298423171043396,291.5438232421875,18.393823242187523,SMAP_L4_SM_gph_20200327T103000_Vv8010_001.h5
2020-03-27,2020-03-27 13:28:55+00:00,7.119,-73.122,0.1907830238342285,0.1276115328073501,0.4449980854988098,0.2976511716842651,291.9393005371094,18.7893005371094,SMAP_L4_SM_gph_20200327T133000_Vv8010_001.h5
2020-03-27,2020-03-27 16:28:55+00:00,7.119,-73.122,0.1838459819555282,0.1266928166151046,0.4288036227226257,0.2954880893230438,293.73126220703125,20.58126220703128,SMAP_L4_SM_gph_20200327T163000_Vv8010_001.h5
2020-03-27,2020-03-27 19:28:55+00:00,7.119,-73.122,0.1799172759056091,0.1258560121059417,0.4197173714637756,0.2935810685157776,294.7138061523437,21.563806152343773,SMAP_L4_SM_gph_20200327T193000_Vv8010_001.h5
2020-03-27,2020-03-27 22:28:55+00:00,7.119,-73.122,0.1825502216815948,0.1257503181695938,0.4258481860160827,0.293257474899292,294.31365966796875,21.163659667968773,SMAP_L4_SM_gph_20200327T223000_Vv8010_001.h5
2020-03-28,2020-03-28 01:28:55+00:00,7.119,-73.122,0.1831340193748474,0.1256536841392517,0.4271716177463531,0.2930797040462494,293.2613525390625,20.111352539062523,SMAP_L4_SM_gph_20200328T013000_Vv8010_001.h5
2020-03-28,2020-03-28 04:28:55+00:00,7.119,-73.122,0.1824354827404022,0.1257025897502899,0.4254407882690429,0.293127566576004,292.3015441894531,19.151544189453148,SMAP_L4_SM_gph_20200328T043000_Vv8010_001.h5
2020-03-28,2020-03-28 07:28:55+00:00,7.119,-73.122,0.1797358095645904,0.1256006211042404,0.4192689657211303,0.2929359078407287,291.2676086425781,18.117608642578148,SMAP_L4_SM_gph_20200328T073000_Vv8010_001.h5
2020-03-28,2020-03-28 10:28:55+00:00,7.119,-73.122,0.1772681325674057,0.1255016028881073,0.4135217666625976,0.292752057313919,290.2122802734375,17.062280273437523,SMAP_L4_SM_gph_20200328T103000_Vv8010_001.h5
2020-03-28,2020-03-28 13:28:55+00:00,7.119,-73.122,0.1669528633356094,0.1243647262454032,0.3893789052963257,0.290088802576065,291.0626220703125,17.912622070312523,SMAP_L4_SM_gph_20200328T133000_Vv8010_001.h5
2020-03-28,2020-03-28 16:28:55+00:00,7.119,-73.122,0.1622808128595352,0.1233979165554046,0.3785443603992462,0.2878797948360443,293.5131225585937,20.363122558593773,SMAP_L4_SM_gph_20200328T163000_Vv8010_001.h5
2020-03-28,2020-03-28 19:28:55+00:00,7.119,-73.122,0.1574104577302932,0.1224321722984314,0.3672510385513305,0.2856312096118927,294.82794189453125,21.67794189453128,SMAP_L4_SM_gph_20200328T193000_Vv8010_001.h5
2020-03-28,2020-03-28 22:28:55+00:00,7.119,-73.122,0.157199740409851,0.1221738383173942,0.3668002188205719,0.2849413454532623,294.4017944335937,21.251794433593773,SMAP_L4_SM_gph_20200328T223000_Vv8010_001.h5
2020-03-29,2020-03-29 01:28:55+00:00,7.119,-73.122,0.1650828421115875,0.1226555109024047,0.3850445747375488,0.286102294921875,293.1507568359375,20.000756835937523,SMAP_L4_SM_gph_20200329T013000_Vv8010_001.h5
2020-03-29,2020-03-29 04:28:55+00:00,7.119,-73.122,0.1679033488035202,0.1229210644960403,0.3916701972484588,0.2867685556411743,292.0977478027344,18.9477478027344,SMAP_L4_SM_gph_20200329T043000_Vv8010_001.h5
2020-03-29,2020-03-29 07:28:55+00:00,7.119,-73.122,0.1854056268930435,0.1241173222661018,0.4324731230735779,0.2895495593547821,291.22076416015625,18.07076416015628,SMAP_L4_SM_gph_20200329T073000_Vv8010_001.h5
2020-03-29,2020-03-29 10:28:55+00:00,7.119,-73.122,0.1844371408224105,0.1245553866028785,0.4301624894142151,0.2904747128486633,290.55133056640625,17.401330566406273,SMAP_L4_SM_gph_20200329T103000_Vv8010_001.h5
2020-03-29,2020-03-29 13:28:55+00:00,7.119,-73.122,0.1796583235263824,0.124434046447277,0.4191092848777771,0.2903173565864563,291.0589599609375,17.908959960937523,SMAP_L4_SM_gph_20200329T133000_Vv8010_001.h5
2020-03-29,2020-03-29 16:28:55+00:00,7.119,-73.122,0.1732375919818878,0.1236723437905311,0.4041107594966888,0.2885321676731109,293.19696044921875,20.046960449218773,SMAP_L4_SM_gph_20200329T163000_Vv8010_001.h5
2020-03-29,2020-03-29 19:28:55+00:00,7.119,-73.122,0.1706448793411255,0.1229477450251579,0.3980689346790313,0.2868010103702545,294.7233581542969,21.573358154296898,SMAP_L4_SM_gph_20200329T193000_Vv8010_001.h5
2020-03-29,2020-03-29 22:28:55+00:00,7.119,-73.122,0.2140233218669891,0.1265307664871215,0.4992482960224151,0.2951342165470123,294.466552734375,21.316552734375023,SMAP_L4_SM_gph_20200329T223000_Vv8010_001.h5
2020-03-30,2020-03-30 01:28:55+00:00,7.119,-73.122,0.2170471996068954,0.1289945393800735,0.506388247013092,0.300929993391037,293.4161682128906,20.266168212890648,SMAP_L4_SM_gph_20200330T013000_Vv8010_001.h5
2020-03-30,2020-03-30 04:28:55+00:00,7.119,-73.122,0.2209193557500839,0.1304973512887954,0.5152930021286011,0.3044470250606537,292.7060241699219,19.556024169921898,SMAP_L4_SM_gph_20200330T043000_Vv8010_001.h5
2020-03-30,2020-03-30 07:28:55+00:00,7.119,-73.122,0.2170094847679138,0.1318489462137222,0.5060879588127136,0.307474285364151,292.1720886230469,19.022088623046898,SMAP_L4_SM_gph_20200330T073000_Vv8010_001.h5
2020-03-30,2020-03-30 10:28:55+00:00,7.119,-73.122,0.2050104290246963,0.1318207383155822,0.4782262444496155,0.3075226247310638,291.561767578125,18.411767578125023,SMAP_L4_SM_gph_20200330T103000_Vv8010_001.h5
2020-03-30,2020-03-30 13:28:55+00:00,7.119,-73.122,0.1973582357168197,0.1315439790487289,0.460370272397995,0.3067897856235504,291.9721374511719,18.822137451171898,SMAP_L4_SM_gph_20200330T133000_Vv8010_001.h5
2020-03-30,2020-03-30 16:28:55+00:00,7.119,-73.122,0.1898553520441055,0.1304326802492141,0.4428717494010925,0.3042783141136169,293.94537353515625,20.79537353515628,SMAP_L4_SM_gph_20200330T163000_Vv8010_001.h5
2020-03-30,2020-03-30 19:28:55+00:00,7.119,-73.122,0.1888969242572784,0.1296465396881103,0.4406268298625946,0.3024662733078003,295.09429931640625,21.94429931640628,SMAP_L4_SM_gph_20200330T193000_Vv8010_001.h5
2020-03-30,2020-03-30 22:28:55+00:00,7.119,-73.122,0.2062178254127502,0.130408301949501,0.4810636341571808,0.3041296303272247,294.83233642578125,21.68233642578128,SMAP_L4_SM_gph_20200330T223000_Vv8010_001.h5
2020-03-31,2020-03-31 01:28:55+00:00,7.119,-73.122,0.2121959030628204,0.1308219283819198,0.4949289262294769,0.3052299618721008,293.93658447265625,20.78658447265628,SMAP_L4_SM_gph_20200331T013000_Vv8010_001.h5
2020-03-31,2020-03-31 04:28:55+00:00,7.119,-73.122,0.216714546084404,0.1319016516208648,0.5054505467414856,0.3076592981815338,293.2403869628906,20.090386962890648,SMAP_L4_SM_gph_20200331T043000_Vv8010_001.h5
2020-03-31,2020-03-31 07:28:55+00:00,7.119,-73.122,0.2149141430854797,0.1328979879617691,0.501230776309967,0.3100301921367645,292.59423828125,19.444238281250023,SMAP_L4_SM_gph_20200331T073000_Vv8010_001.h5
2020-03-31,2020-03-31 10:28:55+00:00,7.119,-73.122,0.2074616700410843,0.1330597996711731,0.4839741289615631,0.3103408515453338,292.039794921875,18.889794921875023,SMAP_L4_SM_gph_20200331T103000_Vv8010_001.h5
2020-03-31,2020-03-31 13:28:55+00:00,7.119,-73.122,0.2017461955547332,0.132900521159172,0.4706171154975891,0.3100845217704773,292.25885009765625,19.10885009765628,SMAP_L4_SM_gph_20200331T133000_Vv8010_001.h5
2020-03-31,2020-03-31 16:28:55+00:00,7.119,-73.122,0.1938281953334808,0.1320720016956329,0.4522023200988769,0.3081250488758087,293.81982421875,20.669824218750023,SMAP_L4_SM_gph_20200331T163000_Vv8010_001.h5
2020-03-31,2020-03-31 19:28:55+00:00,7.119,-73.122,0.1885803043842315,0.1310450583696365,0.4399019777774811,0.3057483732700348,295.1247863769531,21.974786376953148,SMAP_L4_SM_gph_20200331T193000_Vv8010_001.h5
2020-03-31,2020-03-31 22:28:55+00:00,7.119,-73.122,0.2161445766687393,0.1324056684970855,0.5041130185127258,0.3089686930179596,294.8384094238281,21.688409423828148,SMAP_L4_SM_gph_20200331T223000_Vv8010_001.h5
2020-04-01,2020-04-01 01:28:55+00:00,7.119,-73.122,0.2524880766868591,0.1378121823072433,0.5887831449508667,0.3215122520923614,293.72412109375,20.574121093750023,SMAP_L4_SM_gph_20200401T013000_Vv8010_001.h5
2020-04-01,2020-04-01 04:28:55+00:00,7.119,-73.122,0.2511731684207916,0.1421709954738617,0.5860726833343506,0.3315880000591278,292.8033447265625,19.653344726562523,SMAP_L4_SM_gph_20200401T043000_Vv8010_001.h5
2020-04-01,2020-04-01 07:28:55+00:00,7.119,-73.122,0.2433941811323166,0.1453872472047805,0.5677431225776672,0.33914515376091,292.0578308105469,18.907830810546898,SMAP_L4_SM_gph_20200401T073000_Vv8010_001.h5
2020-04-01,2020-04-01 10:28:55+00:00,7.119,-73.122,0.2213137447834015,0.1457524746656417,0.5163288116455078,0.3399969935417175,291.5263977050781,18.376397705078148,SMAP_L4_SM_gph_20200401T103000_Vv8010_001.h5
2020-04-01,2020-04-01 13:28:55+00:00,7.119,-73.122,0.2132035046815872,0.1452488303184509,0.4972846508026123,0.3388211131095886,291.7416076660156,18.591607666015648,SMAP_L4_SM_gph_20200401T133000_Vv8010_001.h5
2020-04-01,2020-04-01 16:28:55+00:00,7.119,-73.122,0.2056854218244552,0.14419886469841,0.4798170328140259,0.3364324271678924,293.105712890625,19.955712890625023,SMAP_L4_SM_gph_20200401T163000_Vv8010_001.h5
2020-04-01,2020-04-01 19:28:55+00:00,7.119,-73.122,0.2327408343553543,0.1451768577098846,0.5429073572158813,0.3386334478855133,294.19647216796875,21.046472167968773,SMAP_L4_SM_gph_20200401T193000_Vv8010_001.h5
2020-04-01,2020-04-01 22:28:55+00:00,7.119,-73.122,0.2616690397262573,0.1515469551086425,0.6102402210235596,0.3534623980522156,293.5436096191406,20.393609619140648,SMAP_L4_SM_gph_20200401T223000_Vv8010_001.h5
2020-04-02,2020-04-02 01:28:55+00:00,7.119,-73.122,0.2240040749311447,0.151743933558464,0.5225397348403931,0.3538647294044494,292.62774658203125,19.47774658203128,SMAP_L4_SM_gph_20200402T013000_Vv8010_001.h5
2020-04-02,2020-04-02 04:28:55+00:00,7.119,-73.122,0.2089341431856155,0.1504823565483093,0.4873514175415039,0.3509877026081085,291.7958374023437,18.645837402343773,SMAP_L4_SM_gph_20200402T043000_Vv8010_001.h5
2020-04-02,2020-04-02 07:28:55+00:00,7.119,-73.122,0.2031087130308151,0.1492903977632522,0.4736993014812469,0.3482550382614136,291.1007080078125,17.950708007812523,SMAP_L4_SM_gph_20200402T073000_Vv8010_001.h5
2020-04-02,2020-04-02 10:28:55+00:00,7.119,-73.122,0.1991775631904602,0.1481329351663589,0.4646957516670227,0.345575213432312,290.6072692871094,17.457269287109398,SMAP_L4_SM_gph_20200402T103000_Vv8010_001.h5
2020-04-02,2020-04-02 13:28:55+00:00,7.119,-73.122,0.1955663561820984,0.1470338851213455,0.4560926854610443,0.3429736196994781,291.4086303710937,18.258630371093773,SMAP_L4_SM_gph_20200402T133000_Vv8010_001.h5
2020-04-02,2020-04-02 16:28:55+00:00,7.119,-73.122,0.1901570409536361,0.1454428881406784,0.443656861782074,0.3393859267234802,293.6680908203125,20.518090820312523,SMAP_L4_SM_gph_20200402T163000_Vv8010_001.h5
2020-04-02,2020-04-02 19:28:55+00:00,7.119,-73.122,0.1863930523395538,0.1440933644771576,0.4347766041755676,0.3361945152282715,294.6033020019531,21.453302001953148,SMAP_L4_SM_gph_20200402T193000_Vv8010_001.h5
2020-04-02,2020-04-02 22:28:55+00:00,7.119,-73.122,0.1854363530874252,0.143268421292305,0.4325716495513916,0.3341962695121765,294.09100341796875,20.941003417968773,SMAP_L4_SM_gph_20200402T223000_Vv8010_001.h5
2020-04-03,2020-04-03 01:28:55+00:00,7.119,-73.122,0.1853111088275909,0.1426408290863037,0.4322386384010315,0.3326014578342438,293.3394775390625,20.189477539062523,SMAP_L4_SM_gph_20200403T013000_Vv8010_001.h5
2020-04-03,2020-04-03 04:28:55+00:00,7.119,-73.122,0.1866351962089538,0.1420968323945999,0.4354015290737152,0.3314316272735595,292.8554992675781,19.705499267578148,SMAP_L4_SM_gph_20200403T043000_Vv8010_001.h5
2020-04-03,2020-04-03 07:28:55+00:00,7.119,-73.122,0.1859055310487747,0.1415365487337112,0.4335750341415405,0.330097496509552,292.3861999511719,19.236199951171898,SMAP_L4_SM_gph_20200403T073000_Vv8010_001.h5
2020-04-03,2020-04-03 10:28:55+00:00,7.119,-73.122,0.1843394339084625,0.1409570872783661,0.4300482273101806,0.3287134170532226,292.02783203125,18.877832031250023,SMAP_L4_SM_gph_20200403T103000_Vv8010_001.h5
2020-04-03,2020-04-03 13:28:55+00:00,7.119,-73.122,0.1830378621816635,0.1403765231370926,0.426843911409378,0.3273739516735077,292.2909851074219,19.140985107421898,SMAP_L4_SM_gph_20200403T133000_Vv8010_001.h5
2020-04-03,2020-04-03 16:28:55+00:00,7.119,-73.122,0.1805331856012344,0.1394539922475814,0.4210293889045715,0.3253654539585113,293.72027587890625,20.57027587890628,SMAP_L4_SM_gph_20200403T163000_Vv8010_001.h5
2020-04-03,2020-04-03 19:28:55+00:00,7.119,-73.122,0.1786691844463348,0.138527974486351,0.4167673587799072,0.3231778442859649,294.8577880859375,21.707788085937523,SMAP_L4_SM_gph_20200403T193000_Vv8010_001.h5
2020-04-03,2020-04-03 22:28:55+00:00,7.119,-73.122,0.1786073744297027,0.1380050927400589,0.4166718125343323,0.3219041228294372,294.61871337890625,21.46871337890628,SMAP_L4_SM_gph_20200403T223000_Vv8010_001.h5
2020-04-04,2020-04-04 01:28:55+00:00,7.119,-73.122,0.1862268149852752,0.1381126642227172,0.4344544112682342,0.3221475183963775,293.6155090332031,20.465509033203148,SMAP_L4_SM_gph_20200404T013000_Vv8010_001.h5
2020-04-04,2020-04-04 04:28:55+00:00,7.119,-73.122,0.1939942985773086,0.1383476704359054,0.4525288045406341,0.322771281003952,292.729736328125,19.579736328125023,SMAP_L4_SM_gph_20200404T043000_Vv8010_001.h5
2020-04-04,2020-04-04 07:28:55+00:00,7.119,-73.122,0.2043876200914383,0.138974979519844,0.4767190515995025,0.3241210579872131,292.1502990722656,19.000299072265648,SMAP_L4_SM_gph_20200404T073000_Vv8010_001.h5
2020-04-04,2020-04-04 10:28:55+00:00,7.119,-73.122,0.2080557346343994,0.1394504159688949,0.4853177368640899,0.3253083229064941,291.7701721191406,18.620172119140648,SMAP_L4_SM_gph_20200404T103000_Vv8010_001.h5
2020-04-04,2020-04-04 13:28:55+00:00,7.119,-73.122,0.2097680270671844,0.1398822218179702,0.4893785119056701,0.326381504535675,292.2724304199219,19.122430419921898,SMAP_L4_SM_gph_20200404T133000_Vv8010_001.h5
2020-04-04,2020-04-04 16:28:55+00:00,7.119,-73.122,0.2110071927309036,0.1399858742952346,0.4921587407588959,0.3265406489372253,293.826904296875,20.676904296875023,SMAP_L4_SM_gph_20200404T163000_Vv8010_001.h5
2020-04-04,2020-04-04 19:28:55+00:00,7.119,-73.122,0.2106880843639373,0.1401007324457168,0.4915136098861694,0.3267659842967987,294.91314697265625,21.76314697265628,SMAP_L4_SM_gph_20200404T193000_Vv8010_001.h5
2020-04-04,2020-04-04 22:28:55+00:00,7.119,-73.122,0.2142815738916397,0.1405492275953292,0.4998153448104858,0.3277979493141174,294.7923583984375,21.642358398437523,SMAP_L4_SM_gph_20200404T223000_Vv8010_001.h5
2020-04-05,2020-04-05 01:28:55+00:00,7.119,-73.122,0.2072140723466873,0.1398345828056335,0.4834405481815338,0.3261353373527527,293.9119567871094,20.7619567871094,SMAP_L4_SM_gph_20200405T013000_Vv8010_001.h5
2020-04-05,2020-04-05 04:28:55+00:00,7.119,-73.122,0.2030090242624282,0.1396348625421524,0.4735394418239593,0.325640857219696,293.34521484375,20.195214843750023,SMAP_L4_SM_gph_20200405T043000_Vv8010_001.h5
2020-04-05,2020-04-05 07:28:55+00:00,7.119,-73.122,0.1988172829151153,0.1393236815929412,0.4637880027294159,0.3249300420284271,292.8646545410156,19.714654541015648,SMAP_L4_SM_gph_20200405T073000_Vv8010_001.h5
2020-04-05,2020-04-05 10:28:55+00:00,7.119,-73.122,0.1953068077564239,0.1389227211475372,0.4554824829101562,0.324144035577774,292.24658203125,19.096582031250023,SMAP_L4_SM_gph_20200405T103000_Vv8010_001.h5
2020-04-05,2020-04-05 13:28:55+00:00,7.119,-73.122,0.1914598047733307,0.1383559107780456,0.4466353058815002,0.322840541601181,292.74713134765625,19.59713134765628,SMAP_L4_SM_gph_20200405T133000_Vv8010_001.h5
2020-04-05,2020-04-05 16:28:55+00:00,7.119,-73.122,0.1873963624238968,0.137570708990097,0.4371140897274017,0.3208348453044891,294.639404296875,21.489404296875023,SMAP_L4_SM_gph_20200405T163000_Vv8010_001.h5
2020-04-05,2020-04-05 19:28:55+00:00,7.119,-73.122,0.1857525110244751,0.1369244456291198,0.4333052039146423,0.319398432970047,295.3414306640625,22.191430664062523,SMAP_L4_SM_gph_20200405T193000_Vv8010_001.h5
2020-04-05,2020-04-05 22:28:55+00:00,7.119,-73.122,0.1848936825990677,0.1365833133459091,0.4312160313129425,0.318609207868576,295.0706787109375,21.920678710937523,SMAP_L4_SM_gph_20200405T223000_Vv8010_001.h5
2020-04-06,2020-04-06 01:28:55+00:00,7.119,-73.122,0.2059168964624405,0.1376544535160064,0.480362981557846,0.3211380243301391,294.27325439453125,21.12325439453128,SMAP_L4_SM_gph_20200406T013000_Vv8010_001.h5
2020-04-06,2020-04-06 04:28:55+00:00,7.119,-73.122,0.2192091345787048,0.1393247693777084,0.5112980604171753,0.3249805271625519,293.6185302734375,20.468530273437523,SMAP_L4_SM_gph_20200406T043000_Vv8010_001.h5
2020-04-06,2020-04-06 07:28:55+00:00,7.119,-73.122,0.212130531668663,0.1397133022546768,0.4947544038295746,0.3258931338787079,292.9485168457031,19.798516845703148,SMAP_L4_SM_gph_20200406T073000_Vv8010_001.h5
2020-04-06,2020-04-06 10:28:55+00:00,7.119,-73.122,0.2050601094961166,0.1395539939403534,0.4782964587211609,0.3255890905857086,292.1929626464844,19.0429626464844,SMAP_L4_SM_gph_20200406T103000_Vv8010_001.h5
2020-04-06,2020-04-06 13:28:55+00:00,7.119,-73.122,0.200012519955635,0.139218583703041,0.4665333330631256,0.32474085688591,292.6182556152344,19.4682556152344,SMAP_L4_SM_gph_20200406T133000_Vv8010_001.h5
2020-04-06,2020-04-06 16:28:55+00:00,7.119,-73.122,0.2022147923707962,0.1388949900865554,0.4715908765792846,0.3239235877990722,294.3748474121094,21.2248474121094,SMAP_L4_SM_gph_20200406T163000_Vv8010_001.h5
2020-04-06,2020-04-06 19:28:55+00:00,7.119,-73.122,0.214536428451538,0.1395741105079651,0.5003625154495239,0.3255305588245392,295.03045654296875,21.880456542968773,SMAP_L4_SM_gph_20200406T193000_Vv8010_001.h5
2020-04-06,2020-04-06 22:28:55+00:00,7.119,-73.122,0.2377828061580658,0.1420512199401855,0.5545423626899719,0.3313607573509216,294.52374267578125,21.37374267578128,SMAP_L4_SM_gph_20200406T223000_Vv8010_001.h5
2020-04-07,2020-04-07 01:28:55+00:00,7.119,-73.122,0.2338017225265503,0.1449593603610992,0.5453522801399231,0.3381775319576263,293.8356018066406,20.685601806640648,SMAP_L4_SM_gph_20200407T013000_Vv8010_001.h5
2020-04-07,2020-04-07 04:28:55+00:00,7.119,-73.122,0.2128677815198898,0.1447499841451645,0.4966107606887817,0.3375356495380401,293.2479248046875,20.097924804687523,SMAP_L4_SM_gph_20200407T043000_Vv8010_001.h5
2020-04-07,2020-04-07 07:28:55+00:00,7.119,-73.122,0.2037248015403747,0.1440839916467666,0.4751960635185241,0.3360849320888519,292.5612487792969,19.411248779296898,SMAP_L4_SM_gph_20200407T073000_Vv8010_001.h5
2020-04-07,2020-04-07 10:28:55+00:00,7.119,-73.122,0.1986378133296966,0.1434461921453476,0.4633068144321441,0.3346706032752991,292.048583984375,18.898583984375023,SMAP_L4_SM_gph_20200407T103000_Vv8010_001.h5
2020-04-07,2020-04-07 13:28:55+00:00,7.119,-73.122,0.194509670138359,0.1430164724588394,0.4536688327789306,0.3336139321327209,292.2998962402344,19.1498962402344,SMAP_L4_SM_gph_20200407T133000_Vv8010_001.h5
2020-04-07,2020-04-07 16:28:55+00:00,7.119,-73.122,0.1905315220355987,0.1422057747840881,0.4445202350616455,0.331701248884201,293.7004699707031,20.550469970703148,SMAP_L4_SM_gph_20200407T163000_Vv8010_001.h5
2020-04-07,2020-04-07 19:28:55+00:00,7.119,-73.122,0.1913920938968658,0.1415340453386306,0.4465348124504089,0.330113410949707,295.1907043457031,22.040704345703148,SMAP_L4_SM_gph_20200407T193000_Vv8010_001.h5
2020-04-07,2020-04-07 22:28:55+00:00,7.119,-73.122,0.1943213641643524,0.1412589251995086,0.4532940983772278,0.3295813798904419,294.9329833984375,21.782983398437523,SMAP_L4_SM_gph_20200407T223000_Vv8010_001.h5
2020-04-08,2020-04-08 01:28:55+00:00,7.119,-73.122,0.1976710855960846,0.1412427574396133,0.4611538052558899,0.3294539153575897,294.07232666015625,20.92232666015628,SMAP_L4_SM_gph_20200408T013000_Vv8010_001.h5
2020-04-08,2020-04-08 04:28:55+00:00,7.119,-73.122,0.1978980600833892,0.1410386562347412,0.4615829885005951,0.3290698230266571,293.3481750488281,20.198175048828148,SMAP_L4_SM_gph_20200408T043000_Vv8010_001.h5
2020-04-08,2020-04-08 07:28:55+00:00,7.119,-73.122,0.1958806812763214,0.140795812010765,0.4569154381752014,0.3283776938915252,292.71893310546875,19.568933105468773,SMAP_L4_SM_gph_20200408T073000_Vv8010_001.h5
2020-04-08,2020-04-08 10:28:55+00:00,7.119,-73.122,0.1927764266729354,0.1404228806495666,0.4496496915817261,0.3275057375431061,292.23028564453125,19.08028564453128,SMAP_L4_SM_gph_20200408T103000_Vv8010_001.h5
2020-04-08,2020-04-08 13:28:55+00:00,7.119,-73.122,0.1891567260026931,0.139933168888092,0.4412050247192383,0.3264518082141876,292.7709655761719,19.620965576171898,SMAP_L4_SM_gph_20200408T133000_Vv8010_001.h5
2020-04-08,2020-04-08 16:28:55+00:00,7.119,-73.122,0.1878928691148758,0.1393573880195617,0.4383604228496551,0.3250034749507904,294.5205078125,21.370507812500023,SMAP_L4_SM_gph_20200408T163000_Vv8010_001.h5
2020-04-08,2020-04-08 19:28:55+00:00,7.119,-73.122,0.1931346654891967,0.1391736567020416,0.450550377368927,0.3246723711490631,295.06591796875,21.915917968750023,SMAP_L4_SM_gph_20200408T193000_Vv8010_001.h5
2020-04-08,2020-04-08 22:28:55+00:00,7.119,-73.122,0.1923258751630783,0.1389253437519073,0.4487059712409973,0.3240510523319244,294.753173828125,21.603173828125023,SMAP_L4_SM_gph_20200408T223000_Vv8010_001.h5
2020-04-09,2020-04-09 01:28:55+00:00,7.119,-73.122,0.1909951567649841,0.13863605260849,0.4455252289772033,0.3234820365905761,293.9978332519531,20.847833251953148,SMAP_L4_SM_gph_20200409T013000_Vv8010_001.h5
2020-04-09,2020-04-09 04:28:55+00:00,7.119,-73.122,0.1893781870603561,0.1383790075778961,0.4416688084602356,0.3227527439594269,293.3795166015625,20.229516601562523,SMAP_L4_SM_gph_20200409T043000_Vv8010_001.h5
2020-04-09,2020-04-09 07:28:55+00:00,7.119,-73.122,0.1878566592931747,0.1381003260612487,0.4381880760192871,0.322126179933548,292.71783447265625,19.56783447265628,SMAP_L4_SM_gph_20200409T073000_Vv8010_001.h5
2020-04-09,2020-04-09 10:28:55+00:00,7.119,-73.122,0.1864807307720184,0.1377979665994644,0.4348891973495483,0.3214011490345001,291.9561767578125,18.806176757812523,SMAP_L4_SM_gph_20200409T103000_Vv8010_001.h5
2020-04-09,2020-04-09 13:28:55+00:00,7.119,-73.122,0.1849290430545807,0.1374309211969375,0.4314760267734527,0.3204708695411682,292.4837951660156,19.333795166015648,SMAP_L4_SM_gph_20200409T133000_Vv8010_001.h5
2020-04-09,2020-04-09 16:28:55+00:00,7.119,-73.122,0.1816213130950927,0.1366731971502304,0.4236655533313751,0.3187814652919769,294.46649169921875,21.316491699218773,SMAP_L4_SM_gph_20200409T163000_Vv8010_001.h5
2020-04-09,2020-04-09 19:28:55+00:00,7.119,-73.122,0.1802307814359665,0.1360723376274109,0.4204296767711639,0.3173413276672363,295.340087890625,22.190087890625023,SMAP_L4_SM_gph_20200409T193000_Vv8010_001.h5
2020-04-09,2020-04-09 22:28:55+00:00,7.119,-73.122,0.1859120726585388,0.1361165791749954,0.4336385726928711,0.3175783455371856,294.7666931152344,21.6166931152344,SMAP_L4_SM_gph_20200409T223000_Vv8010_001.h5
2020-04-10,2020-04-10 01:28:55+00:00,7.119,-73.122,0.1841291785240173,0.135721281170845,0.4295720160007477,0.3165628612041473,293.974365234375,20.824365234375023,SMAP_L4_SM_gph_20200410T013000_Vv8010_001.h5
2020-04-10,2020-04-10 04:28:55+00:00,7.119,-73.122,0.1829143315553665,0.135642796754837,0.4266348481178283,0.3163100779056549,293.400634765625,20.250634765625023,SMAP_L4_SM_gph_20200410T043000_Vv8010_001.h5
2020-04-10,2020-04-10 07:28:55+00:00,7.119,-73.122,0.1812416613101959,0.1354936510324478,0.4228878915309906,0.316032201051712,292.8743591308594,19.7243591308594,SMAP_L4_SM_gph_20200410T073000_Vv8010_001.h5
2020-04-10,2020-04-10 10:28:55+00:00,7.119,-73.122,0.1799129992723465,0.1353045850992202,0.4197219014167785,0.3156505227088928,292.18048095703125,19.03048095703128,SMAP_L4_SM_gph_20200410T103000_Vv8010_001.h5
2020-04-10,2020-04-10 13:28:55+00:00,7.119,-73.122,0.1769418567419052,0.1348873674869537,0.4128047227859497,0.3146265149116516,292.63836669921875,19.488366699218773,SMAP_L4_SM_gph_20200410T133000_Vv8010_001.h5
2020-04-10,2020-04-10 16:28:55+00:00,7.119,-73.122,0.1748795360326767,0.1342796087265014,0.4079068005084991,0.3132538795471191,294.1765441894531,21.026544189453148,SMAP_L4_SM_gph_20200410T163000_Vv8010_001.h5
2020-04-10,2020-04-10 19:28:55+00:00,7.119,-73.122,0.1778608858585357,0.1341213434934616,0.4149461984634399,0.3128302693367004,294.5709228515625,21.420922851562523,SMAP_L4_SM_gph_20200410T193000_Vv8010_001.h5
2020-04-10,2020-04-10 22:28:55+00:00,7.119,-73.122,0.1802538186311721,0.1341565549373626,0.4204452931880951,0.3129218220710754,294.15924072265625,21.00924072265628,SMAP_L4_SM_gph_20200410T223000_Vv8010_001.h5
2020-04-11,2020-04-11 01:28:55+00:00,7.119,-73.122,0.2063580900430679,0.1357583105564117,0.4813181161880493,0.3167445659637451,293.5277709960937,20.377770996093773,SMAP_L4_SM_gph_20200411T013000_Vv8010_001.h5
2020-04-11,2020-04-11 04:28:55+00:00,7.119,-73.122,0.2204751670360565,0.1378466933965683,0.5143300294876099,0.3215396702289581,293.0943603515625,19.944360351562523,SMAP_L4_SM_gph_20200411T043000_Vv8010_001.h5
2020-04-11,2020-04-11 07:28:55+00:00,7.119,-73.122,0.2362472712993621,0.1406197994947433,0.5511142015457153,0.3279563784599304,292.6947021484375,19.544702148437523,SMAP_L4_SM_gph_20200411T073000_Vv8010_001.h5
2020-04-11,2020-04-11 10:28:55+00:00,7.119,-73.122,0.2209137380123138,0.1416757702827453,0.515436589717865,0.3305676281452179,292.3559875488281,19.205987548828148,SMAP_L4_SM_gph_20200411T103000_Vv8010_001.h5
2020-04-11,2020-04-11 13:28:55+00:00,7.119,-73.122,0.2103050500154495,0.1415474116802215,0.4906195104122162,0.330270379781723,292.6202697753906,19.470269775390648,SMAP_L4_SM_gph_20200411T133000_Vv8010_001.h5
2020-04-11,2020-04-11 16:28:55+00:00,7.119,-73.122,0.2160818427801132,0.141890212893486,0.504008948802948,0.3309053182601928,293.67840576171875,20.528405761718773,SMAP_L4_SM_gph_20200411T163000_Vv8010_001.h5
2020-04-11,2020-04-11 19:28:55+00:00,7.119,-73.122,0.2267529964447021,0.1430999636650085,0.5288426280021667,0.3337209820747375,294.04937744140625,20.89937744140628,SMAP_L4_SM_gph_20200411T193000_Vv8010_001.h5
2020-04-11,2020-04-11 22:28:55+00:00,7.119,-73.122,0.2197014391422271,0.1436580121517181,0.5123662948608398,0.3350864946842193,293.69287109375,20.542871093750023,SMAP_L4_SM_gph_20200411T223000_Vv8010_001.h5
2020-04-12,2020-04-12 01:28:55+00:00,7.119,-73.122,0.2103294134140014,0.1434462070465088,0.4906290173530578,0.3346822559833526,292.85260009765625,19.70260009765628,SMAP_L4_SM_gph_20200412T013000_Vv8010_001.h5
2020-04-12,2020-04-12 04:28:55+00:00,7.119,-73.122,0.2030782550573349,0.142863243818283,0.4737398624420166,0.3332887291908264,292.0057067871094,18.8557067871094,SMAP_L4_SM_gph_20200412T043000_Vv8010_001.h5
2020-04-12,2020-04-12 07:28:55+00:00,7.119,-73.122,0.1996636241674423,0.1422970443964004,0.4656684398651123,0.3319874703884125,291.1669311523437,18.016931152343773,SMAP_L4_SM_gph_20200412T073000_Vv8010_001.h5
2020-04-12,2020-04-12 10:28:55+00:00,7.119,-73.122,0.1968545019626617,0.1417762339115142,0.4592134058475494,0.3307187855243683,290.5551147460937,17.405114746093773,SMAP_L4_SM_gph_20200412T103000_Vv8010_001.h5
2020-04-12,2020-04-12 13:28:55+00:00,7.119,-73.122,0.194223552942276,0.1411375999450683,0.4529810547828674,0.329180359840393,291.37213134765625,18.22213134765628,SMAP_L4_SM_gph_20200412T133000_Vv8010_001.h5
2020-04-12,2020-04-12 16:28:55+00:00,7.119,-73.122,0.1902569532394409,0.1400434672832489,0.4437336325645447,0.3267141580581665,293.7325439453125,20.582543945312523,SMAP_L4_SM_gph_20200412T163000_Vv8010_001.h5
2020-04-12,2020-04-12 19:28:55+00:00,7.119,-73.122,0.1858965456485748,0.1388790607452392,0.4336838722229004,0.3238942325115204,295.1654663085937,22.015466308593773,SMAP_L4_SM_gph_20200412T193000_Vv8010_001.h5
2020-04-12,2020-04-12 22:28:55+00:00,7.119,-73.122,0.1850339025259018,0.1382476687431335,0.431687444448471,0.3225333392620086,294.9280090332031,21.778009033203148,SMAP_L4_SM_gph_20200412T223000_Vv8010_001.h5
2020-04-13,2020-04-13 01:28:55+00:00,7.119,-73.122,0.1851449608802795,0.1378683298826217,0.4319197237491607,0.321559190750122,293.7265625,20.576562500000023,SMAP_L4_SM_gph_20200413T013000_Vv8010_001.h5
2020-04-13,2020-04-13 04:28:55+00:00,7.119,-73.122,0.1829527020454406,0.1374754160642624,0.4268234968185425,0.3207939863204956,292.45556640625,19.305566406250023,SMAP_L4_SM_gph_20200413T043000_Vv8010_001.h5
2020-04-13,2020-04-13 07:28:55+00:00,7.119,-73.122,0.181083545088768,0.1371420174837112,0.4224448204040527,0.3199027478694916,291.11383056640625,17.963830566406273,SMAP_L4_SM_gph_20200413T073000_Vv8010_001.h5
2020-04-13,2020-04-13 10:28:55+00:00,7.119,-73.122,0.1792404800653457,0.1367988139390945,0.4181138873100281,0.3191081881523132,290.1168518066406,16.966851806640648,SMAP_L4_SM_gph_20200413T103000_Vv8010_001.h5
2020-04-13,2020-04-13 13:28:55+00:00,7.119,-73.122,0.1708679944276809,0.1356899887323379,0.3985511362552643,0.3163960874080658,291.1352233886719,17.985223388671898,SMAP_L4_SM_gph_20200413T133000_Vv8010_001.h5
2020-04-13,2020-04-13 16:28:55+00:00,7.119,-73.122,0.1671921610832214,0.1346441060304641,0.3899149000644684,0.3140552043914795,293.6563720703125,20.506372070312523,SMAP_L4_SM_gph_20200413T163000_Vv8010_001.h5
2020-04-13,2020-04-13 19:28:55+00:00,7.119,-73.122,0.1632289588451385,0.1335537433624267,0.3807788491249084,0.311598539352417,295.21014404296875,22.060144042968773,SMAP_L4_SM_gph_20200413T193000_Vv8010_001.h5
2020-04-13,2020-04-13 22:28:55+00:00,7.119,-73.122,0.1625785231590271,0.1331387162208557,0.3792375326156616,0.3105317652225494,294.9156188964844,21.7656188964844,SMAP_L4_SM_gph_20200413T223000_Vv8010_001.h5
2020-04-14,2020-04-14 01:28:55+00:00,7.119,-73.122,0.1660975068807602,0.1331696212291717,0.3874885141849518,0.3106121122837066,293.72369384765625,20.57369384765628,SMAP_L4_SM_gph_20200414T013000_Vv8010_001.h5
2020-04-14,2020-04-14 04:28:55+00:00,7.119,-73.122,0.1738341599702835,0.1335234194993972,0.4055100977420807,0.3113858997821808,292.86358642578125,19.71358642578128,SMAP_L4_SM_gph_20200414T043000_Vv8010_001.h5
2020-04-14,2020-04-14 07:28:55+00:00,7.119,-73.122,0.1754354238510131,0.1335869133472442,0.4091818630695343,0.3115513622760772,292.194091796875,19.044091796875023,SMAP_L4_SM_gph_20200414T073000_Vv8010_001.h5
2020-04-14,2020-04-14 10:28:55+00:00,7.119,-73.122,0.1755384057760238,0.1335320770740509,0.4094329476356506,0.3115674555301666,291.3912353515625,18.241235351562523,SMAP_L4_SM_gph_20200414T103000_Vv8010_001.h5
2020-04-14,2020-04-14 13:28:55+00:00,7.119,-73.122,0.1744998395442962,0.1333532482385635,0.407119870185852,0.3110533654689789,291.69195556640625,18.54195556640628,SMAP_L4_SM_gph_20200414T133000_Vv8010_001.h5
2020-04-14,2020-04-14 16:28:55+00:00,7.119,-73.122,0.1703748703002929,0.13254114985466,0.3974321782588959,0.3091738224029541,293.5375061035156,20.387506103515648,SMAP_L4_SM_gph_20200414T163000_Vv8010_001.h5
2020-04-14,2020-04-14 19:28:55+00:00,7.119,-73.122,0.1655560582876205,0.1315817683935165,0.3861759901046753,0.307021290063858,294.7589416503906,21.608941650390648,SMAP_L4_SM_gph_20200414T193000_Vv8010_001.h5
2020-04-14,2020-04-14 22:28:55+00:00,7.119,-73.122,0.1718360930681228,0.1321026235818863,0.4007227122783661,0.3082047998905182,294.3376159667969,21.187615966796898,SMAP_L4_SM_gph_20200414T223000_Vv8010_001.h5
2020-04-15,2020-04-15 01:28:55+00:00,7.119,-73.122,0.1738284081220626,0.1322521269321441,0.4055347144603729,0.3083983659744262,293.1583251953125,20.008325195312523,SMAP_L4_SM_gph_20200415T013000_Vv8010_001.h5
2020-04-15,2020-04-15 04:28:55+00:00,7.119,-73.122,0.1737381070852279,0.1322121918201446,0.4052116274833679,0.3084533214569092,292.21514892578125,19.06514892578128,SMAP_L4_SM_gph_20200415T043000_Vv8010_001.h5
2020-04-15,2020-04-15 07:28:55+00:00,7.119,-73.122,0.1732788980007171,0.1321912407875061,0.404193252325058,0.3083986937999725,291.23455810546875,18.084558105468773,SMAP_L4_SM_gph_20200415T073000_Vv8010_001.h5
2020-04-15,2020-04-15 10:28:55+00:00,7.119,-73.122,0.1729388236999511,0.1321406662464141,0.4033471047878265,0.3083038926124573,290.3417358398437,17.191735839843773,SMAP_L4_SM_gph_20200415T103000_Vv8010_001.h5
2020-04-15,2020-04-15 13:28:55+00:00,7.119,-73.122,0.1712288111448288,0.1319444477558136,0.3993374407291412,0.3078665435314178,291.0840148925781,17.934014892578148,SMAP_L4_SM_gph_20200415T133000_Vv8010_001.h5
2020-04-15,2020-04-15 16:28:55+00:00,7.119,-73.122,0.1677541434764862,0.1312442570924759,0.3912946581840515,0.306167870759964,293.208251953125,20.058251953125023,SMAP_L4_SM_gph_20200415T163000_Vv8010_001.h5
2020-04-15,2020-04-15 19:28:55+00:00,7.119,-73.122,0.1666831970214843,0.1306856423616409,0.3887320160865783,0.3049229383468628,294.1148681640625,20.964868164062523,SMAP_L4_SM_gph_20200415T193000_Vv8010_001.h5
2020-04-15,2020-04-15 22:28:55+00:00,7.119,-73.122,0.1683811843395233,0.1307140439748764,0.3928598463535309,0.3048747479915619,293.8149108886719,20.664910888671898,SMAP_L4_SM_gph_20200415T223000_Vv8010_001.h5
2020-04-16,2020-04-16 01:28:55+00:00,7.119,-73.122,0.1696269065141677,0.1307229399681091,0.3957486748695373,0.3049347102642059,292.75799560546875,19.607995605468773,SMAP_L4_SM_gph_20200416T013000_Vv8010_001.h5
2020-04-16,2020-04-16 04:28:55+00:00,7.119,-73.122,0.1735522300004959,0.1310809105634689,0.4047370254993438,0.3056826889514923,291.8050537109375,18.655053710937523,SMAP_L4_SM_gph_20200416T043000_Vv8010_001.h5
2020-04-16,2020-04-16 07:28:55+00:00,7.119,-73.122,0.174076035618782,0.1311721950769424,0.4061016142368316,0.3060057163238525,290.86541748046875,17.715417480468773,SMAP_L4_SM_gph_20200416T073000_Vv8010_001.h5
2020-04-16,2020-04-16 10:28:55+00:00,7.119,-73.122,0.1738659143447876,0.1311942487955093,0.4056422114372253,0.306063175201416,289.8450012207031,16.695001220703148,SMAP_L4_SM_gph_20200416T103000_Vv8010_001.h5
2020-04-16,2020-04-16 13:28:55+00:00,7.119,-73.122,0.1722049862146377,0.1310263276100158,0.4017036557197571,0.3056994676589966,290.42315673828125,17.273156738281273,SMAP_L4_SM_gph_20200416T133000_Vv8010_001.h5
2020-04-16,2020-04-16 16:28:55+00:00,7.119,-73.122,0.1665712296962738,0.1301639676094055,0.3886313736438751,0.3036889433860779,292.8968200683594,19.7468200683594,SMAP_L4_SM_gph_20200416T163000_Vv8010_001.h5
2020-04-16,2020-04-16 19:28:55+00:00,7.119,-73.122,0.1609323769807815,0.1292245835065841,0.3754682242870331,0.3014295101165771,294.45635986328125,21.30635986328128,SMAP_L4_SM_gph_20200416T193000_Vv8010_001.h5
2020-04-16,2020-04-16 22:28:55+00:00,7.119,-73.122,0.1618354022502899,0.1290546357631683,0.3775391280651092,0.301097571849823,294.1785888671875,21.028588867187523,SMAP_L4_SM_gph_20200416T223000_Vv8010_001.h5
2020-04-17,2020-04-17 01:28:55+00:00,7.119,-73.122,0.1632737815380096,0.1292602121829986,0.3808795809745788,0.3015224039554596,292.816162109375,19.666162109375023,SMAP_L4_SM_gph_20200417T013000_Vv8010_001.h5
2020-04-17,2020-04-17 04:28:55+00:00,7.119,-73.122,0.1637990623712539,0.1293845772743225,0.3821218311786651,0.3018094301223755,291.7163391113281,18.566339111328148,SMAP_L4_SM_gph_20200417T043000_Vv8010_001.h5
2020-04-17,2020-04-17 07:28:55+00:00,7.119,-73.122,0.1639831513166427,0.129520446062088,0.3826312124729156,0.3020896017551422,290.6307373046875,17.480737304687523,SMAP_L4_SM_gph_20200417T073000_Vv8010_001.h5
2020-04-17,2020-04-17 10:28:55+00:00,7.119,-73.122,0.1644118130207061,0.129607617855072,0.3834214806556701,0.3022797107696533,289.5919494628906,16.441949462890648,SMAP_L4_SM_gph_20200417T103000_Vv8010_001.h5
2020-04-17,2020-04-17 13:28:55+00:00,7.119,-73.122,0.1634180098772049,0.1294464915990829,0.3812637031078338,0.3019337356090545,290.3305358886719,17.180535888671898,SMAP_L4_SM_gph_20200417T133000_Vv8010_001.h5
2020-04-17,2020-04-17 16:28:55+00:00,7.119,-73.122,0.158366173505783,0.1284861266613006,0.3693815767765045,0.2997417151927948,292.931640625,19.781640625000023,SMAP_L4_SM_gph_20200417T163000_Vv8010_001.h5
2020-04-17,2020-04-17 19:28:55+00:00,7.119,-73.122,0.1535337120294571,0.127437874674797,0.358092337846756,0.297229915857315,294.54400634765625,21.39400634765628,SMAP_L4_SM_gph_20200417T193000_Vv8010_001.h5
2020-04-17,2020-04-17 22:28:55+00:00,7.119,-73.122,0.1572909653186798,0.1273675113916397,0.3669455647468567,0.2971207201480865,294.3096923828125,21.159692382812523,SMAP_L4_SM_gph_20200417T223000_Vv8010_001.h5
2020-04-18,2020-04-18 01:28:55+00:00,7.119,-73.122,0.1613335162401199,0.1275365352630615,0.3763833045959472,0.2974872887134552,293.03875732421875,19.888757324218773,SMAP_L4_SM_gph_20200418T013000_Vv8010_001.h5
2020-04-18,2020-04-18 04:28:55+00:00,7.119,-73.122,0.1642880737781524,0.1278187036514282,0.3832684755325317,0.2981968820095062,292.0478515625,18.897851562500023,SMAP_L4_SM_gph_20200418T043000_Vv8010_001.h5
2020-04-18,2020-04-18 07:28:55+00:00,7.119,-73.122,0.1660071313381195,0.1280630826950073,0.3873002231121063,0.2987655401229858,291.1798095703125,18.029809570312523,SMAP_L4_SM_gph_20200418T073000_Vv8010_001.h5
2020-04-18,2020-04-18 10:28:55+00:00,7.119,-73.122,0.1659863442182541,0.1281947493553161,0.3872778713703155,0.2990345954895019,290.6416320800781,17.491632080078148,SMAP_L4_SM_gph_20200418T103000_Vv8010_001.h5
2020-04-18,2020-04-18 13:28:55+00:00,7.119,-73.122,0.1643546819686889,0.1280743032693863,0.3833707869052887,0.2987573742866516,291.2919921875,18.141992187500023,SMAP_L4_SM_gph_20200418T133000_Vv8010_001.h5
2020-04-18,2020-04-18 16:28:55+00:00,7.119,-73.122,0.1614779084920883,0.1274374425411224,0.3766573667526245,0.2973455786705017,293.2618103027344,20.1118103027344,SMAP_L4_SM_gph_20200418T163000_Vv8010_001.h5
2020-04-18,2020-04-18 19:28:55+00:00,7.119,-73.122,0.1630067080259323,0.1269437074661255,0.3803212642669678,0.2960682809352875,294.59912109375,21.449121093750023,SMAP_L4_SM_gph_20200418T193000_Vv8010_001.h5
2020-04-18,2020-04-18 22:28:55+00:00,7.119,-73.122,0.168173685669899,0.1270417273044586,0.3922430872917175,0.296286791563034,294.42462158203125,21.27462158203128,SMAP_L4_SM_gph_20200418T223000_Vv8010_001.h5
2020-04-19,2020-04-19 01:28:55+00:00,7.119,-73.122,0.1724186539649963,0.127378761768341,0.4021652936935425,0.2971023917198181,293.3197326660156,20.169732666015648,SMAP_L4_SM_gph_20200419T013000_Vv8010_001.h5
2020-04-19,2020-04-19 04:28:55+00:00,7.119,-73.122,0.2117515802383422,0.1299362033605575,0.4938849806785583,0.3030256927013397,292.7292175292969,19.579217529296898,SMAP_L4_SM_gph_20200419T043000_Vv8010_001.h5
2020-04-19,2020-04-19 07:28:55+00:00,7.119,-73.122,0.2458858639001846,0.1356268674135208,0.5734749436378479,0.316368967294693,292.1603088378906,19.010308837890648,SMAP_L4_SM_gph_20200419T073000_Vv8010_001.h5
2020-04-19,2020-04-19 10:28:55+00:00,7.119,-73.122,0.2185544818639755,0.1366498172283172,0.5098255276679993,0.3187720477581024,291.63330078125,18.483300781250023,SMAP_L4_SM_gph_20200419T103000_Vv8010_001.h5
2020-04-19,2020-04-19 13:28:55+00:00,7.119,-73.122,0.2064334154129028,0.136591836810112,0.4814648330211639,0.3185834586620331,291.78472900390625,18.63472900390628,SMAP_L4_SM_gph_20200419T133000_Vv8010_001.h5
2020-04-19,2020-04-19 16:28:55+00:00,7.119,-73.122,0.1964168101549148,0.1356870234012603,0.4581619203090668,0.3164621293544769,293.3705444335937,20.220544433593773,SMAP_L4_SM_gph_20200419T163000_Vv8010_001.h5
2020-04-19,2020-04-19 19:28:55+00:00,7.119,-73.122,0.1901293992996215,0.1345772445201873,0.4434820115566253,0.3139179944992065,294.5427551269531,21.392755126953148,SMAP_L4_SM_gph_20200419T193000_Vv8010_001.h5
2020-04-19,2020-04-19 22:28:55+00:00,7.119,-73.122,0.1932573914527893,0.1344347894191742,0.4507875740528106,0.3135354518890381,294.27508544921875,21.125085449218773,SMAP_L4_SM_gph_20200419T223000_Vv8010_001.h5
2020-04-20,2020-04-20 01:28:55+00:00,7.119,-73.122,0.1938549429178238,0.1345158368349075,0.4521912932395935,0.313831627368927,293.15185546875,20.001855468750023,SMAP_L4_SM_gph_20200420T013000_Vv8010_001.h5
2020-04-20,2020-04-20 04:28:55+00:00,7.119,-73.122,0.1921893656253814,0.1344898790121078,0.448380172252655,0.3136789500713348,292.286865234375,19.136865234375023,SMAP_L4_SM_gph_20200420T043000_Vv8010_001.h5
2020-04-20,2020-04-20 07:28:55+00:00,7.119,-73.122,0.1895805597305297,0.1343239247798919,0.4422142803668976,0.3133573830127716,291.7283020019531,18.578302001953148,SMAP_L4_SM_gph_20200420T073000_Vv8010_001.h5
2020-04-20,2020-04-20 10:28:55+00:00,7.119,-73.122,0.1868899464607238,0.1341376304626464,0.4359776377677917,0.3128607869148254,291.36407470703125,18.21407470703128,SMAP_L4_SM_gph_20200420T103000_Vv8010_001.h5
2020-04-20,2020-04-20 13:28:55+00:00,7.119,-73.122,0.1837432235479354,0.1337279677391052,0.4285710752010345,0.3120152652263641,292.02880859375,18.878808593750023,SMAP_L4_SM_gph_20200420T133000_Vv8010_001.h5
2020-04-20,2020-04-20 16:28:55+00:00,7.119,-73.122,0.1788600385189056,0.1328104883432388,0.4171891510486603,0.3097760081291199,293.8803100585937,20.730310058593773,SMAP_L4_SM_gph_20200420T163000_Vv8010_001.h5
2020-04-20,2020-04-20 19:28:55+00:00,7.119,-73.122,0.1768737137317657,0.1320922523736953,0.412587821483612,0.3081039488315582,294.6996459960937,21.549645996093773,SMAP_L4_SM_gph_20200420T193000_Vv8010_001.h5
2020-04-20,2020-04-20 22:28:55+00:00,7.119,-73.122,0.1769875586032867,0.1319359987974167,0.4127757847309112,0.3076856434345245,294.2567138671875,21.106713867187523,SMAP_L4_SM_gph_20200420T223000_Vv8010_001.h5
2020-04-21,2020-04-21 01:28:55+00:00,7.119,-73.122,0.1737237125635147,0.1315906345844268,0.4052892625331878,0.3070075511932373,293.37371826171875,20.223718261718773,SMAP_L4_SM_gph_20200421T013000_Vv8010_001.h5
2020-04-21,2020-04-21 04:28:55+00:00,7.119,-73.122,0.1758896857500076,0.1317324936389923,0.4101651012897491,0.3073031604290008,292.6756591796875,19.525659179687523,SMAP_L4_SM_gph_20200421T043000_Vv8010_001.h5
2020-04-21,2020-04-21 07:28:55+00:00,7.119,-73.122,0.1775703430175781,0.1318044364452362,0.4142601191997528,0.3075757622718811,291.9798583984375,18.829858398437523,SMAP_L4_SM_gph_20200421T073000_Vv8010_001.h5
2020-04-21,2020-04-21 10:28:55+00:00,7.119,-73.122,0.1777931898832321,0.1319036781787872,0.4146507382392883,0.3076383173465729,291.4783935546875,18.328393554687523,SMAP_L4_SM_gph_20200421T103000_Vv8010_001.h5
2020-04-21,2020-04-21 13:28:55+00:00,7.119,-73.122,0.1760774254798889,0.1316886842250824,0.4108119606971741,0.3071523010730743,292.00543212890625,18.85543212890628,SMAP_L4_SM_gph_20200421T133000_Vv8010_001.h5
2020-04-21,2020-04-21 16:28:55+00:00,7.119,-73.122,0.1721032559871673,0.1308779716491699,0.4013959765434265,0.3053618371486664,293.79608154296875,20.646081542968773,SMAP_L4_SM_gph_20200421T163000_Vv8010_001.h5
2020-04-21,2020-04-21 19:28:55+00:00,7.119,-73.122,0.1731676161289215,0.130376324057579,0.403930127620697,0.3041064143180847,294.71099853515625,21.56099853515628,SMAP_L4_SM_gph_20200421T193000_Vv8010_001.h5
2020-04-21,2020-04-21 22:28:55+00:00,7.119,-73.122,0.181641474366188,0.1307263374328613,0.4236200749874115,0.3049553036689758,294.10693359375,20.956933593750023,SMAP_L4_SM_gph_20200421T223000_Vv8010_001.h5
2020-04-22,2020-04-22 01:28:55+00:00,7.119,-73.122,0.1882358193397522,0.1312775462865829,0.4391073584556579,0.3062176406383514,293.1141052246094,19.9641052246094,SMAP_L4_SM_gph_20200422T013000_Vv8010_001.h5
2020-04-22,2020-04-22 04:28:55+00:00,7.119,-73.122,0.1867851614952087,0.1313918083906173,0.4357961118221283,0.3066003918647766,292.40435791015625,19.25435791015628,SMAP_L4_SM_gph_20200422T043000_Vv8010_001.h5
2020-04-22,2020-04-22 07:28:55+00:00,7.119,-73.122,0.1847106367349624,0.1314152330160141,0.4308973848819732,0.3066245317459106,291.79425048828125,18.64425048828128,SMAP_L4_SM_gph_20200422T073000_Vv8010_001.h5
2020-04-22,2020-04-22 10:28:55+00:00,7.119,-73.122,0.1839715987443924,0.1314830183982849,0.4291538596153259,0.306764155626297,291.1063842773437,17.956384277343773,SMAP_L4_SM_gph_20200422T103000_Vv8010_001.h5
2020-04-22,2020-04-22 13:28:55+00:00,7.119,-73.122,0.1818470209836959,0.1313495635986328,0.4241064786911011,0.306453675031662,291.759765625,18.609765625000023,SMAP_L4_SM_gph_20200422T133000_Vv8010_001.h5
2020-04-22,2020-04-22 16:28:55+00:00,7.119,-73.122,0.1782203763723373,0.1307452619075775,0.4157309532165527,0.304967999458313,293.5550231933594,20.4050231933594,SMAP_L4_SM_gph_20200422T163000_Vv8010_001.h5
2020-04-22,2020-04-22 19:28:55+00:00,7.119,-73.122,0.1807471364736557,0.1304549425840377,0.4216804802417755,0.3043963313102722,294.3803100585937,21.230310058593773,SMAP_L4_SM_gph_20200422T193000_Vv8010_001.h5
2020-04-22,2020-04-22 22:28:55+00:00,7.119,-73.122,0.1901070028543472,0.1312480866909027,0.4434703290462494,0.3061409890651703,293.95086669921875,20.800866699218773,SMAP_L4_SM_gph_20200422T223000_Vv8010_001.h5
2020-04-23,2020-04-23 01:28:55+00:00,7.119,-73.122,0.1900831907987594,0.1314192116260528,0.4434722363948822,0.3066348135471344,293.0582580566406,19.908258056640648,SMAP_L4_SM_gph_20200423T013000_Vv8010_001.h5
2020-04-23,2020-04-23 04:28:55+00:00,7.119,-73.122,0.1873914003372192,0.131407544016838,0.4370795786380768,0.3066412508487701,292.38189697265625,19.23189697265628,SMAP_L4_SM_gph_20200423T043000_Vv8010_001.h5
2020-04-23,2020-04-23 07:28:55+00:00,7.119,-73.122,0.1847065538167953,0.1313930600881576,0.4308838248252868,0.3065183758735657,291.69091796875,18.540917968750023,SMAP_L4_SM_gph_20200423T073000_Vv8010_001.h5
2020-04-23,2020-04-23 10:28:55+00:00,7.119,-73.122,0.182567149400711,0.1313394904136657,0.4257808327674866,0.3064157366752624,291.1507568359375,18.000756835937523,SMAP_L4_SM_gph_20200423T103000_Vv8010_001.h5
2020-04-23,2020-04-23 13:28:55+00:00,7.119,-73.122,0.178831398487091,0.1310205608606338,0.4171019196510315,0.30564746260643,291.5852966308594,18.4352966308594,SMAP_L4_SM_gph_20200423T133000_Vv8010_001.h5
2020-04-23,2020-04-23 16:28:55+00:00,7.119,-73.122,0.1759987771511078,0.1305115967988968,0.4106052815914154,0.3043728768825531,293.2408447265625,20.090844726562523,SMAP_L4_SM_gph_20200423T163000_Vv8010_001.h5
2020-04-23,2020-04-23 19:28:55+00:00,7.119,-73.122,0.1740625202655792,0.1299750059843063,0.4060869216918945,0.3031853139400482,294.1021423339844,20.9521423339844,SMAP_L4_SM_gph_20200423T193000_Vv8010_001.h5
2020-04-23,2020-04-23 22:28:55+00:00,7.119,-73.122,0.1724149733781814,0.1297004669904709,0.4020973145961761,0.3025327324867248,294.1699523925781,21.019952392578148,SMAP_L4_SM_gph_20200423T223000_Vv8010_001.h5
2020-04-24,2020-04-24 01:28:55+00:00,7.119,-73.122,0.1716992259025573,0.1297348290681839,0.4005374312400818,0.3026223182678222,293.3812866210937,20.231286621093773,SMAP_L4_SM_gph_20200424T013000_Vv8010_001.h5
2020-04-24,2020-04-24 04:28:55+00:00,7.119,-73.122,0.1707884967327118,0.1297650784254074,0.3984271585941314,0.302701324224472,292.78369140625,19.633691406250023,SMAP_L4_SM_gph_20200424T043000_Vv8010_001.h5
2020-04-24,2020-04-24 07:28:55+00:00,7.119,-73.122,0.1692831516265869,0.129799410700798,0.3948380649089813,0.3026686608791351,292.11376953125,18.963769531250023,SMAP_L4_SM_gph_20200424T073000_Vv8010_001.h5
2020-04-24,2020-04-24 10:28:55+00:00,7.119,-73.122,0.1681660860776901,0.1297543942928314,0.3921982944011688,0.3027103245258331,291.2680053710937,18.118005371093773,SMAP_L4_SM_gph_20200424T103000_Vv8010_001.h5
2020-04-24,2020-04-24 13:28:55+00:00,7.119,-73.122,0.1660977452993393,0.1295711994171142,0.3874906003475189,0.3021847307682037,291.8875732421875,18.737573242187523,SMAP_L4_SM_gph_20200424T133000_Vv8010_001.h5
2020-04-24,2020-04-24 16:28:55+00:00,7.119,-73.122,0.1608949303627014,0.1286444067955017,0.3752678334712982,0.3001652359962463,293.9056396484375,20.755639648437523,SMAP_L4_SM_gph_20200424T163000_Vv8010_001.h5
2020-04-24,2020-04-24 19:28:55+00:00,7.119,-73.122,0.156688392162323,0.1278710216283798,0.3654981851577759,0.2982334792613983,294.87115478515625,21.72115478515628,SMAP_L4_SM_gph_20200424T193000_Vv8010_001.h5
2020-04-24,2020-04-24 22:28:55+00:00,7.119,-73.122,0.1559913456439972,0.127677634358406,0.3639035224914551,0.2978772521018982,294.52813720703125,21.37813720703128,SMAP_L4_SM_gph_20200424T223000_Vv8010_001.h5
2020-04-25,2020-04-25 01:28:55+00:00,7.119,-73.122,0.1569143682718277,0.1277754753828048,0.3659959733486175,0.2980951368808746,293.68817138671875,20.538171386718773,SMAP_L4_SM_gph_20200425T013000_Vv8010_001.h5
2020-04-25,2020-04-25 04:28:55+00:00,7.119,-73.122,0.1575407683849334,0.1278820782899856,0.3674525022506714,0.2983358502388,293.0374755859375,19.887475585937523,SMAP_L4_SM_gph_20200425T043000_Vv8010_001.h5
2020-04-25,2020-04-25 07:28:55+00:00,7.119,-73.122,0.1579245775938034,0.1279477328062057,0.3683698177337646,0.2984644472599029,292.21221923828125,19.06221923828128,SMAP_L4_SM_gph_20200425T073000_Vv8010_001.h5
2020-04-25,2020-04-25 10:28:55+00:00,7.119,-73.122,0.1581854522228241,0.127974584698677,0.3689416348934173,0.2985344231128692,290.9215087890625,17.771508789062523,SMAP_L4_SM_gph_20200425T103000_Vv8010_001.h5
2020-04-25,2020-04-25 13:28:55+00:00,7.119,-73.122,0.157335102558136,0.1278410404920578,0.366956353187561,0.2981808185577392,291.5028381347656,18.352838134765648,SMAP_L4_SM_gph_20200425T133000_Vv8010_001.h5
2020-04-25,2020-04-25 16:28:55+00:00,7.119,-73.122,0.1522656083106994,0.1269281506538391,0.355111688375473,0.2960755228996277,293.802490234375,20.652490234375023,SMAP_L4_SM_gph_20200425T163000_Vv8010_001.h5
2020-04-25,2020-04-25 19:28:55+00:00,7.119,-73.122,0.1478326320648193,0.1259494125843048,0.3448531329631805,0.2937506437301636,295.1513366699219,22.001336669921898,SMAP_L4_SM_gph_20200425T193000_Vv8010_001.h5
2020-04-25,2020-04-25 22:28:55+00:00,7.119,-73.122,0.1479149907827377,0.1257389634847641,0.3450255393981933,0.2932279706001282,294.83258056640625,21.68258056640628,SMAP_L4_SM_gph_20200425T223000_Vv8010_001.h5
2020-04-26,2020-04-26 01:28:55+00:00,7.119,-73.122,0.1484434902667999,0.1258243024349212,0.3462803959846496,0.2935354709625244,293.77935791015625,20.62935791015628,SMAP_L4_SM_gph_20200426T013000_Vv8010_001.h5
2020-04-26,2020-04-26 04:28:55+00:00,7.119,-73.122,0.1497520804405212,0.1260115504264831,0.3493226170539856,0.2939920723438263,293.043212890625,19.893212890625023,SMAP_L4_SM_gph_20200426T043000_Vv8010_001.h5
2020-04-26,2020-04-26 07:28:55+00:00,7.119,-73.122,0.1497827470302581,0.1261454969644546,0.3493282794952392,0.2942249774932861,292.1611633300781,19.011163330078148,SMAP_L4_SM_gph_20200426T073000_Vv8010_001.h5
2020-04-26,2020-04-26 10:28:55+00:00,7.119,-73.122,0.1493971645832061,0.1262304186820984,0.348443865776062,0.2944091260433197,291.0136413574219,17.863641357421898,SMAP_L4_SM_gph_20200426T103000_Vv8010_001.h5
2020-04-26,2020-04-26 13:28:55+00:00,7.119,-73.122,0.151097223162651,0.1262789517641067,0.3524807393550873,0.2945833802223205,291.58599853515625,18.43599853515628,SMAP_L4_SM_gph_20200426T133000_Vv8010_001.h5
2020-04-26,2020-04-26 16:28:55+00:00,7.119,-73.122,0.147629514336586,0.1254981309175491,0.3443523943424225,0.2927482426166534,293.7496337890625,20.599633789062523,SMAP_L4_SM_gph_20200426T163000_Vv8010_001.h5
2020-04-26,2020-04-26 19:28:55+00:00,7.119,-73.122,0.1485310643911361,0.1249031648039817,0.3464491963386535,0.291445642709732,294.96990966796875,21.819909667968773,SMAP_L4_SM_gph_20200426T193000_Vv8010_001.h5
2020-04-26,2020-04-26 22:28:55+00:00,7.119,-73.122,0.1525686979293823,0.124990776181221,0.3558768332004547,0.291514903306961,294.6401672363281,21.490167236328148,SMAP_L4_SM_gph_20200426T223000_Vv8010_001.h5
2020-04-27,2020-04-27 01:28:55+00:00,7.119,-73.122,0.1602572053670883,0.1255337446928024,0.3739029467105865,0.2927561700344085,293.78240966796875,20.632409667968773,SMAP_L4_SM_gph_20200427T013000_Vv8010_001.h5
2020-04-27,2020-04-27 04:28:55+00:00,7.119,-73.122,0.1629230380058288,0.1258709728717804,0.3800600171089172,0.2935722172260284,293.06463623046875,19.914636230468773,SMAP_L4_SM_gph_20200427T043000_Vv8010_001.h5
2020-04-27,2020-04-27 07:28:55+00:00,7.119,-73.122,0.1611682623624801,0.1260036081075668,0.3758255839347839,0.2938440442085266,292.294677734375,19.144677734375023,SMAP_L4_SM_gph_20200427T073000_Vv8010_001.h5
2020-04-27,2020-04-27 10:28:55+00:00,7.119,-73.122,0.1595335602760315,0.1260895133018493,0.3721486032009125,0.2940733730792999,291.4737548828125,18.323754882812523,SMAP_L4_SM_gph_20200427T103000_Vv8010_001.h5
2020-04-27,2020-04-27 13:28:55+00:00,7.119,-73.122,0.1572698503732681,0.1259620636701584,0.3668572604656219,0.2937780320644378,292.090087890625,18.940087890625023,SMAP_L4_SM_gph_20200427T133000_Vv8010_001.h5
2020-04-27,2020-04-27 16:28:55+00:00,7.119,-73.122,0.1523096859455108,0.1250357627868652,0.3552994728088379,0.2916376888751983,294.2183837890625,21.068383789062523,SMAP_L4_SM_gph_20200427T163000_Vv8010_001.h5
2020-04-27,2020-04-27 19:28:55+00:00,7.119,-73.122,0.1490055471658706,0.124198317527771,0.3475894629955292,0.2897714674472809,295.2992553710937,22.149255371093773,SMAP_L4_SM_gph_20200427T193000_Vv8010_001.h5
2020-04-27,2020-04-27 22:28:55+00:00,7.119,-73.122,0.1495311260223388,0.1240326389670372,0.3486916124820709,0.2893286645412445,294.9933166503906,21.843316650390648,SMAP_L4_SM_gph_20200427T223000_Vv8010_001.h5
2020-04-28,2020-04-28 01:28:55+00:00,7.119,-73.122,0.1531612873077392,0.1243088394403457,0.3572571873664856,0.2900225818157196,293.9597473144531,20.809747314453148,SMAP_L4_SM_gph_20200428T013000_Vv8010_001.h5
2020-04-28,2020-04-28 04:28:55+00:00,7.119,-73.122,0.1563327610492706,0.1246360763907432,0.3646786212921142,0.2906904816627502,293.176513671875,20.026513671875023,SMAP_L4_SM_gph_20200428T043000_Vv8010_001.h5
2020-04-28,2020-04-28 07:28:55+00:00,7.119,-73.122,0.1578642278909683,0.124845452606678,0.3682011067867279,0.2912896871566772,292.4452514648437,19.295251464843773,SMAP_L4_SM_gph_20200428T073000_Vv8010_001.h5
2020-04-28,2020-04-28 10:28:55+00:00,7.119,-73.122,0.1585556715726852,0.1250151395797729,0.3699042499065399,0.2915784120559692,291.59619140625,18.446191406250023,SMAP_L4_SM_gph_20200428T103000_Vv8010_001.h5
2020-04-28,2020-04-28 13:28:55+00:00,7.119,-73.122,0.1586903631687164,0.1250759363174438,0.3702823519706726,0.2917848825454712,291.8980712890625,18.748071289062523,SMAP_L4_SM_gph_20200428T133000_Vv8010_001.h5
2020-04-28,2020-04-28 16:28:55+00:00,7.119,-73.122,0.155365988612175,0.1244160011410713,0.3623629212379455,0.2901908457279205,293.90362548828125,20.75362548828128,SMAP_L4_SM_gph_20200428T163000_Vv8010_001.h5
2020-04-28,2020-04-28 19:28:55+00:00,7.119,-73.122,0.1517058759927749,0.1235258504748344,0.3539040386676788,0.2881818115711212,295.24591064453125,22.09591064453128,SMAP_L4_SM_gph_20200428T193000_Vv8010_001.h5
2020-04-28,2020-04-28 22:28:55+00:00,7.119,-73.122,0.1518291682004928,0.1233588531613349,0.3541145324707031,0.2876929342746734,294.992431640625,21.842431640625023,SMAP_L4_SM_gph_20200428T223000_Vv8010_001.h5
2020-04-29,2020-04-29 01:28:55+00:00,7.119,-73.122,0.1556381434202194,0.1235530376434326,0.363156110048294,0.2882896959781647,293.8773803710937,20.727380371093773,SMAP_L4_SM_gph_20200429T013000_Vv8010_001.h5
2020-04-29,2020-04-29 04:28:55+00:00,7.119,-73.122,0.1657696664333343,0.1242157593369484,0.3866370916366577,0.2898115813732147,293.05126953125,19.901269531250023,SMAP_L4_SM_gph_20200429T043000_Vv8010_001.h5
2020-04-29,2020-04-29 07:28:55+00:00,7.119,-73.122,0.1678876429796219,0.124514453113079,0.3916243016719818,0.2904845774173736,292.32965087890625,19.17965087890628,SMAP_L4_SM_gph_20200429T073000_Vv8010_001.h5
2020-04-29,2020-04-29 10:28:55+00:00,7.119,-73.122,0.1669635325670242,0.1246447190642356,0.3895780742168426,0.2907501459121704,291.50079345703125,18.35079345703128,SMAP_L4_SM_gph_20200429T103000_Vv8010_001.h5
2020-04-29,2020-04-29 13:28:55+00:00,7.119,-73.122,0.160514160990715,0.1242559999227523,0.3744050562381744,0.2897998392581939,292.097412109375,18.947412109375023,SMAP_L4_SM_gph_20200429T133000_Vv8010_001.h5
2020-04-29,2020-04-29 16:28:55+00:00,7.119,-73.122,0.1574829667806625,0.1236584559082984,0.3672341108322143,0.2883738279342651,293.8807983398437,20.730798339843773,SMAP_L4_SM_gph_20200429T163000_Vv8010_001.h5
2020-04-29,2020-04-29 19:28:55+00:00,7.119,-73.122,0.1568295061588287,0.123160183429718,0.3658267557621002,0.287249207496643,294.8242492675781,21.674249267578148,SMAP_L4_SM_gph_20200429T193000_Vv8010_001.h5
2020-04-29,2020-04-29 22:28:55+00:00,7.119,-73.122,0.1585861891508102,0.1232049837708473,0.3698988556861877,0.2874085009098053,294.559326171875,21.409326171875023,SMAP_L4_SM_gph_20200429T223000_Vv8010_001.h5
2020-04-30,2020-04-30 01:28:55+00:00,7.119,-73.122,0.162796065211296,0.1236281916499137,0.3797285258769989,0.2883320450782776,293.72998046875,20.579980468750023,SMAP_L4_SM_gph_20200430T013000_Vv8010_001.h5
2020-04-30,2020-04-30 04:28:55+00:00,7.119,-73.122,0.1713333576917648,0.1243185549974441,0.3996543288230896,0.2899684011936188,293.1300048828125,19.980004882812523,SMAP_L4_SM_gph_20200430T043000_Vv8010_001.h5
2020-04-30,2020-04-30 07:28:55+00:00,7.119,-73.122,0.1728606671094894,0.1246680617332458,0.4032432436943054,0.2908588647842407,292.5772705078125,19.427270507812523,SMAP_L4_SM_gph_20200430T073000_Vv8010_001.h5
2020-04-30,2020-04-30 10:28:55+00:00,7.119,-73.122,0.1752477288246154,0.1250374317169189,0.4088015556335449,0.2917216122150421,292.13916015625,18.989160156250023,SMAP_L4_SM_gph_20200430T103000_Vv8010_001.h5
2020-04-30,2020-04-30 13:28:55+00:00,7.119,-73.122,0.1741451025009155,0.1251863837242126,0.4062612652778625,0.2920412719249725,292.3892822265625,19.239282226562523,SMAP_L4_SM_gph_20200430T133000_Vv8010_001.h5
2020-04-30,2020-04-30 16:28:55+00:00,7.119,-73.122,0.1711112856864929,0.1247609406709671,0.3991515636444092,0.2910325229167938,293.93585205078125,20.78585205078128,SMAP_L4_SM_gph_20200430T163000_Vv8010_001.h5
2020-04-30,2020-04-30 19:28:55+00:00,7.119,-73.122,0.1692902892827987,0.1243337392807006,0.3949078619480133,0.290056049823761,294.84649658203125,21.69649658203128,SMAP_L4_SM_gph_20200430T193000_Vv8010_001.h5
2020-04-30,2020-04-30 22:28:55+00:00,7.119,-73.122,0.1791439056396484,0.125211164355278,0.4178041517734527,0.2921484410762787,294.5926513671875,21.442651367187523,SMAP_L4_SM_gph_20200430T223000_Vv8010_001.h5
2020-05-01,2020-05-01 01:28:55+00:00,7.119,-73.122,0.1838853061199188,0.1257612556219101,0.4289282560348511,0.2933286130428314,293.6689453125,20.518945312500023,SMAP_L4_SM_gph_20200501T013000_Vv8010_001.h5
2020-05-01,2020-05-01 04:28:55+00:00,7.119,-73.122,0.1864259988069534,0.1261357814073562,0.4347886443138122,0.2942047715187073,293.0216064453125,19.871606445312523,SMAP_L4_SM_gph_20200501T043000_Vv8010_001.h5
2020-05-01,2020-05-01 07:28:55+00:00,7.119,-73.122,0.1871406137943267,0.1264058202505111,0.4365476071834564,0.2947975993156433,292.4680480957031,19.318048095703148,SMAP_L4_SM_gph_20200501T073000_Vv8010_001.h5
2020-05-01,2020-05-01 10:28:55+00:00,7.119,-73.122,0.1855610311031341,0.1265157163143158,0.4329223930835724,0.2951320111751556,291.9730834960937,18.823083496093773,SMAP_L4_SM_gph_20200501T103000_Vv8010_001.h5
2020-05-01,2020-05-01 13:28:55+00:00,7.119,-73.122,0.1823132187128067,0.1263928711414337,0.4253202676773071,0.2948914170265198,292.6019287109375,19.451928710937523,SMAP_L4_SM_gph_20200501T133000_Vv8010_001.h5
2020-05-01,2020-05-01 16:28:55+00:00,7.119,-73.122,0.1801899820566177,0.1258490830659866,0.4203003644943237,0.2935687303543091,294.2718811035156,21.121881103515648,SMAP_L4_SM_gph_20200501T163000_Vv8010_001.h5
2020-05-01,2020-05-01 19:28:55+00:00,7.119,-73.122,0.1854454278945922,0.1259189993143081,0.4325216114521026,0.2937139868736267,294.62164306640625,21.47164306640628,SMAP_L4_SM_gph_20200501T193000_Vv8010_001.h5
2020-05-01,2020-05-01 22:28:55+00:00,7.119,-73.122,0.1872185170650482,0.1261494010686874,0.4366695582866668,0.2942458093166351,294.189453125,21.039453125000023,SMAP_L4_SM_gph_20200501T223000_Vv8010_001.h5
2020-05-02,2020-05-02 01:28:55+00:00,7.119,-73.122,0.1849454492330551,0.1260855495929718,0.4313390254974365,0.2941959798336029,293.5263366699219,20.376336669921898,SMAP_L4_SM_gph_20200502T013000_Vv8010_001.h5
2020-05-02,2020-05-02 04:28:55+00:00,7.119,-73.122,0.1844234764575958,0.1262805759906768,0.4302024841308594,0.2945506870746612,293.02850341796875,19.878503417968773,SMAP_L4_SM_gph_20200502T043000_Vv8010_001.h5
2020-05-02,2020-05-02 07:28:55+00:00,7.119,-73.122,0.1832160502672195,0.1264167726039886,0.4272962510585785,0.2949111759662628,292.61883544921875,19.468835449218773,SMAP_L4_SM_gph_20200502T073000_Vv8010_001.h5
2020-05-02,2020-05-02 10:28:55+00:00,7.119,-73.122,0.1815988570451736,0.1264756023883819,0.4236398041248321,0.295027494430542,292.2564697265625,19.106469726562523,SMAP_L4_SM_gph_20200502T103000_Vv8010_001.h5
2020-05-02,2020-05-02 13:28:55+00:00,7.119,-73.122,0.1789525598287582,0.1263167709112167,0.4174819588661194,0.2946505844593048,292.7860107421875,19.636010742187523,SMAP_L4_SM_gph_20200502T133000_Vv8010_001.h5
2020-05-02,2020-05-02 16:28:55+00:00,7.119,-73.122,0.1743093132972717,0.1255887150764465,0.4065745174884796,0.2929161190986633,294.30767822265625,21.15767822265628,SMAP_L4_SM_gph_20200502T163000_Vv8010_001.h5
2020-05-02,2020-05-02 19:28:55+00:00,7.119,-73.122,0.1704855263233184,0.1250296384096145,0.3976885378360748,0.2917068302631378,294.9559936523437,21.805993652343773,SMAP_L4_SM_gph_20200502T193000_Vv8010_001.h5
2020-05-02,2020-05-02 22:28:55+00:00,7.119,-73.122,0.1685045510530471,0.1248295903205871,0.3929848074913025,0.2911317646503448,294.81353759765625,21.66353759765628,SMAP_L4_SM_gph_20200502T223000_Vv8010_001.h5
2020-05-03,2020-05-03 01:28:55+00:00,7.119,-73.122,0.1688634902238845,0.1249195858836174,0.3938497602939605,0.2913293540477752,294.07916259765625,20.92916259765628,SMAP_L4_SM_gph_20200503T013000_Vv8010_001.h5
2020-05-03,2020-05-03 04:28:55+00:00,7.119,-73.122,0.1717038005590438,0.1251514703035354,0.4005133807659149,0.2919448018074035,293.5788269042969,20.428826904296898,SMAP_L4_SM_gph_20200503T043000_Vv8010_001.h5
2020-05-03,2020-05-03 07:28:55+00:00,7.119,-73.122,0.1722794026136398,0.1252819597721099,0.4019317328929901,0.2922108471393585,293.08599853515625,19.93599853515628,SMAP_L4_SM_gph_20200503T073000_Vv8010_001.h5
2020-05-03,2020-05-03 10:28:55+00:00,7.119,-73.122,0.1710979044437408,0.1253301799297332,0.3991006016731262,0.2924215793609619,292.5645751953125,19.414575195312523,SMAP_L4_SM_gph_20200503T103000_Vv8010_001.h5
2020-05-03,2020-05-03 13:28:55+00:00,7.119,-73.122,0.169137641787529,0.1252196133136749,0.3946128785610199,0.2921335101127624,293.0066833496094,19.8566833496094,SMAP_L4_SM_gph_20200503T133000_Vv8010_001.h5
2020-05-03,2020-05-03 16:28:55+00:00,7.119,-73.122,0.1681378185749054,0.1249620765447616,0.3922282755374908,0.2914515137672424,294.02459716796875,20.874597167968773,SMAP_L4_SM_gph_20200503T163000_Vv8010_001.h5
2020-05-03,2020-05-03 19:28:55+00:00,7.119,-73.122,0.1647154986858368,0.1244734600186348,0.3842943012714386,0.2903093695640564,294.82342529296875,21.673425292968773,SMAP_L4_SM_gph_20200503T193000_Vv8010_001.h5
2020-05-03,2020-05-03 22:28:55+00:00,7.119,-73.122,0.1664212942123413,0.1244340986013412,0.3881131410598755,0.2902010679244995,294.6063232421875,21.456323242187523,SMAP_L4_SM_gph_20200503T223000_Vv8010_001.h5
2020-05-04,2020-05-04 01:28:55+00:00,7.119,-73.122,0.1648659110069275,0.1242757439613342,0.3845124542713165,0.2898993492126465,293.8153076171875,20.665307617187523,SMAP_L4_SM_gph_20200504T013000_Vv8010_001.h5
2020-05-04,2020-05-04 04:28:55+00:00,7.119,-73.122,0.1660804748535156,0.1244246661663055,0.3875177502632141,0.290213406085968,293.0385131835937,19.888513183593773,SMAP_L4_SM_gph_20200504T043000_Vv8010_001.h5
2020-05-04,2020-05-04 07:28:55+00:00,7.119,-73.122,0.1660109907388687,0.124506652355194,0.3871808052062988,0.290390133857727,292.31103515625,19.161035156250023,SMAP_L4_SM_gph_20200504T073000_Vv8010_001.h5
2020-05-04,2020-05-04 10:28:55+00:00,7.119,-73.122,0.1655098497867584,0.1245713904500007,0.3861629068851471,0.2905218005180359,291.60137939453125,18.45137939453128,SMAP_L4_SM_gph_20200504T103000_Vv8010_001.h5
2020-05-04,2020-05-04 13:28:55+00:00,7.119,-73.122,0.1598124802112579,0.1241317018866539,0.3727308511734009,0.2895979881286621,292.40789794921875,19.257897949218773,SMAP_L4_SM_gph_20200504T133000_Vv8010_001.h5
2020-05-04,2020-05-04 16:28:55+00:00,7.119,-73.122,0.1563120186328888,0.1233426854014396,0.3646311461925506,0.2876622676849365,294.4559326171875,21.305932617187523,SMAP_L4_SM_gph_20200504T163000_Vv8010_001.h5
2020-05-04,2020-05-04 19:28:55+00:00,7.119,-73.122,0.1560977697372436,0.1226827800273895,0.3640892505645752,0.2861478328704834,295.602783203125,22.452783203125023,SMAP_L4_SM_gph_20200504T193000_Vv8010_001.h5
2020-05-04,2020-05-04 22:28:55+00:00,7.119,-73.122,0.1754056066274643,0.1236919611692428,0.4092337489128113,0.2885520458221435,294.95880126953125,21.80880126953128,SMAP_L4_SM_gph_20200504T223000_Vv8010_001.h5
2020-05-05,2020-05-05 01:28:55+00:00,7.119,-73.122,0.1971187740564346,0.125571608543396,0.4598107933998108,0.2929509282112121,293.96697998046875,20.816979980468773,SMAP_L4_SM_gph_20200505T013000_Vv8010_001.h5
2020-05-05,2020-05-05 04:28:55+00:00,7.119,-73.122,0.1977840512990951,0.1264946907758712,0.4614351391792297,0.2951253652572632,293.28057861328125,20.13057861328128,SMAP_L4_SM_gph_20200505T043000_Vv8010_001.h5
2020-05-05,2020-05-05 07:28:55+00:00,7.119,-73.122,0.19527368247509,0.1270129680633545,0.4555380344390869,0.2961800694465637,292.7516784667969,19.601678466796898,SMAP_L4_SM_gph_20200505T073000_Vv8010_001.h5
2020-05-05,2020-05-05 10:28:55+00:00,7.119,-73.122,0.189018964767456,0.1270264387130737,0.440812736749649,0.2963371872901916,292.1624450683594,19.0124450683594,SMAP_L4_SM_gph_20200505T103000_Vv8010_001.h5
2020-05-05,2020-05-05 13:28:55+00:00,7.119,-73.122,0.1838687360286712,0.1267590373754501,0.4288699030876159,0.2956719398498535,292.9480895996094,19.7980895996094,SMAP_L4_SM_gph_20200505T133000_Vv8010_001.h5
2020-05-05,2020-05-05 16:28:55+00:00,7.119,-73.122,0.1780145764350891,0.1257869005203247,0.4152203202247619,0.2933701574802398,294.87335205078125,21.72335205078128,SMAP_L4_SM_gph_20200505T163000_Vv8010_001.h5
2020-05-05,2020-05-05 19:28:55+00:00,7.119,-73.122,0.1782826483249664,0.1252239495515823,0.4158419668674469,0.2921506762504577,295.55926513671875,22.409265136718773,SMAP_L4_SM_gph_20200505T193000_Vv8010_001.h5
2020-05-05,2020-05-05 22:28:55+00:00,7.119,-73.122,0.1921612620353698,0.1259514540433883,0.4482283890247345,0.2938835620880127,294.89923095703125,21.74923095703128,SMAP_L4_SM_gph_20200505T223000_Vv8010_001.h5
2020-05-06,2020-05-06 01:28:55+00:00,7.119,-73.122,0.2034667581319809,0.1272663176059723,0.47452512383461,0.2968568205833435,293.9249572753906,20.774957275390648,SMAP_L4_SM_gph_20200506T013000_Vv8010_001.h5
2020-05-06,2020-05-06 04:28:55+00:00,7.119,-73.122,0.1960514336824417,0.127361461520195,0.4572409391403198,0.2970678210258484,293.1636962890625,20.013696289062523,SMAP_L4_SM_gph_20200506T043000_Vv8010_001.h5
2020-05-06,2020-05-06 07:28:55+00:00,7.119,-73.122,0.1918436139822006,0.1273645609617233,0.4474410712718963,0.2970390617847442,292.4424133300781,19.292413330078148,SMAP_L4_SM_gph_20200506T073000_Vv8010_001.h5
2020-05-06,2020-05-06 10:28:55+00:00,7.119,-73.122,0.1884496212005615,0.1273081004619598,0.4395322501659393,0.2969288825988769,291.7763671875,18.626367187500023,SMAP_L4_SM_gph_20200506T103000_Vv8010_001.h5
2020-05-06,2020-05-06 13:28:55+00:00,7.119,-73.122,0.1850447654724121,0.1270541846752166,0.4316880702972412,0.2963355779647827,292.4635009765625,19.313500976562523,SMAP_L4_SM_gph_20200506T133000_Vv8010_001.h5
2020-05-06,2020-05-06 16:28:55+00:00,7.119,-73.122,0.1800407022237777,0.1261616498231887,0.4200724959373474,0.2943262457847595,294.4886779785156,21.338677978515648,SMAP_L4_SM_gph_20200506T163000_Vv8010_001.h5
2020-05-06,2020-05-06 19:28:55+00:00,7.119,-73.122,0.1781353652477264,0.1255420595407486,0.4155598282814026,0.2928373217582702,295.2565002441406,22.106500244140648,SMAP_L4_SM_gph_20200506T193000_Vv8010_001.h5
2020-05-06,2020-05-06 22:28:55+00:00,7.119,-73.122,0.1785615533590316,0.1254417151212692,0.4165387153625488,0.2926496863365173,294.863037109375,21.713037109375023,SMAP_L4_SM_gph_20200506T223000_Vv8010_001.h5
2020-05-07,2020-05-07 01:28:55+00:00,7.119,-73.122,0.1722550988197326,0.1247938051819801,0.40176522731781,0.2910811603069305,294.1332397460937,20.983239746093773,SMAP_L4_SM_gph_20200507T013000_Vv8010_001.h5
2020-05-07,2020-05-07 04:28:55+00:00,7.119,-73.122,0.1713903546333313,0.124844416975975,0.3998268842697143,0.2912130653858185,293.47833251953125,20.32833251953128,SMAP_L4_SM_gph_20200507T043000_Vv8010_001.h5
2020-05-07,2020-05-07 07:28:55+00:00,7.119,-73.122,0.1705437004566192,0.1249146461486816,0.3978257179260254,0.2913165092468261,292.72857666015625,19.57857666015628,SMAP_L4_SM_gph_20200507T073000_Vv8010_001.h5
2020-05-07,2020-05-07 10:28:55+00:00,7.119,-73.122,0.1695308089256286,0.1249370202422142,0.3954128324985504,0.2913747727870941,292.25836181640625,19.10836181640628,SMAP_L4_SM_gph_20200507T103000_Vv8010_001.h5
2020-05-07,2020-05-07 13:28:55+00:00,7.119,-73.122,0.1618093252182006,0.1242275983095169,0.3774215579032898,0.2897313237190246,292.9861145019531,19.836114501953148,SMAP_L4_SM_gph_20200507T133000_Vv8010_001.h5
2020-05-07,2020-05-07 16:28:55+00:00,7.119,-73.122,0.1565251499414444,0.1233724653720855,0.3650884330272674,0.2877824008464813,294.7878112792969,21.637811279296898,SMAP_L4_SM_gph_20200507T163000_Vv8010_001.h5
2020-05-07,2020-05-07 19:28:55+00:00,7.119,-73.122,0.1535292863845825,0.1227526143193245,0.3581496775150299,0.2863295674324035,295.4432678222656,22.293267822265648,SMAP_L4_SM_gph_20200507T193000_Vv8010_001.h5
2020-05-07,2020-05-07 22:28:55+00:00,7.119,-73.122,0.1769341826438903,0.1240450963377952,0.4126346707344055,0.2892872095108032,294.7128295898437,21.562829589843773,SMAP_L4_SM_gph_20200507T223000_Vv8010_001.h5
2020-05-08,2020-05-08 01:28:55+00:00,7.119,-73.122,0.1842721253633499,0.1250004023313522,0.4298613667488098,0.2916306555271148,293.65576171875,20.505761718750023,SMAP_L4_SM_gph_20200508T013000_Vv8010_001.h5
2020-05-08,2020-05-08 04:28:55+00:00,7.119,-73.122,0.1872808635234832,0.1255992203950882,0.4368935525417328,0.2930229604244232,292.86968994140625,19.71968994140628,SMAP_L4_SM_gph_20200508T043000_Vv8010_001.h5
2020-05-08,2020-05-08 07:28:55+00:00,7.119,-73.122,0.1866996437311172,0.1260257363319397,0.4354798495769501,0.2939549684524536,292.0718688964844,18.9218688964844,SMAP_L4_SM_gph_20200508T073000_Vv8010_001.h5
2020-05-08,2020-05-08 10:28:55+00:00,7.119,-73.122,0.1822575479745865,0.1260226815938949,0.4251566529273987,0.2939045131206512,291.3055419921875,18.155541992187523,SMAP_L4_SM_gph_20200508T103000_Vv8010_001.h5
2020-05-08,2020-05-08 13:28:55+00:00,7.119,-73.122,0.1787625402212143,0.1258274018764495,0.4170718789100647,0.2934696674346924,292.1177673339844,18.9677673339844,SMAP_L4_SM_gph_20200508T133000_Vv8010_001.h5
2020-05-08,2020-05-08 16:28:55+00:00,7.119,-73.122,0.1729049533605575,0.124923288822174,0.4033286869525909,0.2913506031036377,294.330810546875,21.180810546875023,SMAP_L4_SM_gph_20200508T163000_Vv8010_001.h5
2020-05-08,2020-05-08 19:28:55+00:00,7.119,-73.122,0.1720575988292694,0.1244039386510849,0.401398092508316,0.2902139723300934,295.2452697753906,22.095269775390648,SMAP_L4_SM_gph_20200508T193000_Vv8010_001.h5
2020-05-08,2020-05-08 22:28:55+00:00,7.119,-73.122,0.1760536730289459,0.1246297657489776,0.4106255173683166,0.2906485199928283,294.8273620605469,21.677362060546898,SMAP_L4_SM_gph_20200508T223000_Vv8010_001.h5
2020-05-09,2020-05-09 01:28:55+00:00,7.119,-73.122,0.1756491661071777,0.1247097700834274,0.409837007522583,0.2908993065357208,294.0756530761719,20.925653076171898,SMAP_L4_SM_gph_20200509T013000_Vv8010_001.h5
2020-05-09,2020-05-09 04:28:55+00:00,7.119,-73.122,0.1744027584791183,0.1247524619102478,0.4068463444709778,0.2910104393959045,293.4443359375,20.294335937500023,SMAP_L4_SM_gph_20200509T043000_Vv8010_001.h5
2020-05-09,2020-05-09 07:28:55+00:00,7.119,-73.122,0.1732059717178344,0.1247870102524757,0.4040386378765106,0.291143000125885,292.9461975097656,19.796197509765648,SMAP_L4_SM_gph_20200509T073000_Vv8010_001.h5
2020-05-09,2020-05-09 10:28:55+00:00,7.119,-73.122,0.1716222018003463,0.1247954741120338,0.4002943336963653,0.2910429537296295,292.40301513671875,19.253015136718773,SMAP_L4_SM_gph_20200509T103000_Vv8010_001.h5
2020-05-09,2020-05-09 13:28:55+00:00,7.119,-73.122,0.1663759499788284,0.1243151128292083,0.3880316317081451,0.2900501489639282,293.13482666015625,19.98482666015628,SMAP_L4_SM_gph_20200509T133000_Vv8010_001.h5
2020-05-09,2020-05-09 16:28:55+00:00,7.119,-73.122,0.1611793935298919,0.1234392747282981,0.3758754134178161,0.2878827750682831,294.9760131835937,21.826013183593773,SMAP_L4_SM_gph_20200509T163000_Vv8010_001.h5
2020-05-09,2020-05-09 19:28:55+00:00,7.119,-73.122,0.1589757353067398,0.1228339523077011,0.3709108829498291,0.2865531146526336,295.615966796875,22.465966796875023,SMAP_L4_SM_gph_20200509T193000_Vv8010_001.h5
2020-05-09,2020-05-09 22:28:55+00:00,7.119,-73.122,0.1596511006355285,0.1227942705154419,0.3724586367607116,0.2864437997341156,294.97442626953125,21.82442626953128,SMAP_L4_SM_gph_20200509T223000_Vv8010_001.h5
2020-05-10,2020-05-10 01:28:55+00:00,7.119,-73.122,0.1564534455537796,0.1224128678441047,0.3649320602416992,0.2855865061283111,293.995849609375,20.845849609375023,SMAP_L4_SM_gph_20200510T013000_Vv8010_001.h5
2020-05-10,2020-05-10 04:28:55+00:00,7.119,-73.122,0.1578281819820404,0.1225676089525222,0.3682127594947815,0.2858732044696808,293.05584716796875,19.905847167968773,SMAP_L4_SM_gph_20200510T043000_Vv8010_001.h5
2020-05-10,2020-05-10 07:28:55+00:00,7.119,-73.122,0.1569505333900451,0.1225862130522728,0.3661990463733673,0.2859586775302887,292.2186279296875,19.068627929687523,SMAP_L4_SM_gph_20200510T073000_Vv8010_001.h5
2020-05-10,2020-05-10 10:28:55+00:00,7.119,-73.122,0.156693696975708,0.1226794943213462,0.3654742538928985,0.2861648201942444,291.7238464355469,18.573846435546898,SMAP_L4_SM_gph_20200510T103000_Vv8010_001.h5
2020-05-10,2020-05-10 13:28:55+00:00,7.119,-73.122,0.1557378768920898,0.1225311756134033,0.363308846950531,0.2858151793479919,292.672119140625,19.522119140625023,SMAP_L4_SM_gph_20200510T133000_Vv8010_001.h5
2020-05-10,2020-05-10 16:28:55+00:00,7.119,-73.122,0.1512886732816696,0.121620126068592,0.3529852628707886,0.2836779654026031,294.8868103027344,21.7368103027344,SMAP_L4_SM_gph_20200510T163000_Vv8010_001.h5
2020-05-10,2020-05-10 19:28:55+00:00,7.119,-73.122,0.1473242342472076,0.1207125410437583,0.3437182903289795,0.2815867662429809,296.0241394042969,22.874139404296898,SMAP_L4_SM_gph_20200510T193000_Vv8010_001.h5
2020-05-10,2020-05-10 22:28:55+00:00,7.119,-73.122,0.1472313404083252,0.1204841211438179,0.3433715999126434,0.2810172438621521,295.7538452148437,22.603845214843773,SMAP_L4_SM_gph_20200510T223000_Vv8010_001.h5
2020-05-11,2020-05-11 01:28:55+00:00,7.119,-73.122,0.1501413583755493,0.120698258280754,0.3502476513385772,0.2814642190933227,294.742919921875,21.592919921875023,SMAP_L4_SM_gph_20200511T013000_Vv8010_001.h5
2020-05-11,2020-05-11 04:28:55+00:00,7.119,-73.122,0.153458684682846,0.1209436058998107,0.3578661382198334,0.2821571230888366,294.0891418457031,20.939141845703148,SMAP_L4_SM_gph_20200511T043000_Vv8010_001.h5
2020-05-11,2020-05-11 07:28:55+00:00,7.119,-73.122,0.1564836800098419,0.1212300956249237,0.3650889098644256,0.2828296422958374,293.4786376953125,20.328637695312523,SMAP_L4_SM_gph_20200511T073000_Vv8010_001.h5
2020-05-11,2020-05-11 10:28:55+00:00,7.119,-73.122,0.1571748405694961,0.1213698238134384,0.3665857315063476,0.2831622958183288,292.6391296386719,19.489129638671898,SMAP_L4_SM_gph_20200511T103000_Vv8010_001.h5
2020-05-11,2020-05-11 13:28:55+00:00,7.119,-73.122,0.1572768986225128,0.1213694065809249,0.3667883574962616,0.283124178647995,293.0677490234375,19.917749023437523,SMAP_L4_SM_gph_20200511T133000_Vv8010_001.h5
2020-05-11,2020-05-11 16:28:55+00:00,7.119,-73.122,0.1535410284996032,0.120732732117176,0.358124166727066,0.2815539538860321,294.7890625,21.639062500000023,SMAP_L4_SM_gph_20200511T163000_Vv8010_001.h5
2020-05-11,2020-05-11 19:28:55+00:00,7.119,-73.122,0.1488556265830993,0.1198994368314743,0.3472183346748352,0.2796986103057861,295.90399169921875,22.753991699218773,SMAP_L4_SM_gph_20200511T193000_Vv8010_001.h5
2020-05-11,2020-05-11 22:28:55+00:00,7.119,-73.122,0.1476445943117141,0.1197050586342811,0.3444324433803558,0.2792603671550751,295.4278869628906,22.277886962890648,SMAP_L4_SM_gph_20200511T223000_Vv8010_001.h5
2020-05-12,2020-05-12 01:28:55+00:00,7.119,-73.122,0.1394866704940796,0.1190052255988121,0.325452983379364,0.2776362895965576,294.3642578125,21.214257812500023,SMAP_L4_SM_gph_20200512T013000_Vv8010_001.h5
2020-05-12,2020-05-12 04:28:55+00:00,7.119,-73.122,0.1409145444631576,0.1191916763782501,0.3287408947944641,0.2779686450958252,293.4667358398437,20.316735839843773,SMAP_L4_SM_gph_20200512T043000_Vv8010_001.h5
2020-05-12,2020-05-12 07:28:55+00:00,7.119,-73.122,0.1420827060937881,0.1193339377641677,0.33140829205513,0.2783875167369842,292.69024658203125,19.54024658203128,SMAP_L4_SM_gph_20200512T073000_Vv8010_001.h5
2020-05-12,2020-05-12 10:28:55+00:00,7.119,-73.122,0.1425803303718567,0.1194697469472885,0.3325844705104828,0.2786674499511719,291.888427734375,18.738427734375023,SMAP_L4_SM_gph_20200512T103000_Vv8010_001.h5
2020-05-12,2020-05-12 13:28:55+00:00,7.119,-73.122,0.1349334865808487,0.1187995299696922,0.3147234916687011,0.277126133441925,292.6883544921875,19.538354492187523,SMAP_L4_SM_gph_20200512T133000_Vv8010_001.h5
2020-05-12,2020-05-12 16:28:55+00:00,7.119,-73.122,0.1328070014715194,0.1181303188204765,0.3098491132259369,0.2756300270557403,294.5389099121094,21.3889099121094,SMAP_L4_SM_gph_20200512T163000_Vv8010_001.h5
2020-05-12,2020-05-12 19:28:55+00:00,7.119,-73.122,0.1313963234424591,0.1175054311752319,0.306439608335495,0.2740848064422607,295.44921875,22.299218750000023,SMAP_L4_SM_gph_20200512T193000_Vv8010_001.h5
2020-05-12,2020-05-12 22:28:55+00:00,7.119,-73.122,0.1343252509832382,0.1175566688179969,0.3134212791919708,0.2742182314395904,294.7740783691406,21.624078369140648,SMAP_L4_SM_gph_20200512T223000_Vv8010_001.h5
2020-05-13,2020-05-13 01:28:55+00:00,7.119,-73.122,0.1521313637495041,0.118562065064907,0.3548985719680786,0.2766126692295074,293.7890625,20.639062500000023,SMAP_L4_SM_gph_20200513T013000_Vv8010_001.h5
2020-05-13,2020-05-13 04:28:55+00:00,7.119,-73.122,0.1713001579046249,0.1198774799704551,0.3996703922748565,0.2796300947666168,293.057373046875,19.907373046875023,SMAP_L4_SM_gph_20200513T043000_Vv8010_001.h5
2020-05-13,2020-05-13 07:28:55+00:00,7.119,-73.122,0.182206243276596,0.1209388151764869,0.4250998795032501,0.2820909917354584,292.41571044921875,19.265710449218773,SMAP_L4_SM_gph_20200513T073000_Vv8010_001.h5
2020-05-13,2020-05-13 10:28:55+00:00,7.119,-73.122,0.1835962235927581,0.1215483397245407,0.4281749129295349,0.283511221408844,291.9223022460937,18.772302246093773,SMAP_L4_SM_gph_20200513T103000_Vv8010_001.h5
2020-05-13,2020-05-13 13:28:55+00:00,7.119,-73.122,0.1816277056932449,0.1216816902160644,0.4235832691192627,0.2838326096534729,292.4639892578125,19.313989257812523,SMAP_L4_SM_gph_20200513T133000_Vv8010_001.h5
2020-05-13,2020-05-13 16:28:55+00:00,7.119,-73.122,0.1963596493005752,0.1223912984132766,0.4580713212490082,0.2854451537132263,293.97705078125,20.827050781250023,SMAP_L4_SM_gph_20200513T163000_Vv8010_001.h5
2020-05-13,2020-05-13 19:28:55+00:00,7.119,-73.122,0.2071942239999771,0.1235061958432197,0.4832879602909088,0.2881305515766144,294.74737548828125,21.59737548828128,SMAP_L4_SM_gph_20200513T193000_Vv8010_001.h5
2020-05-13,2020-05-13 22:28:55+00:00,7.119,-73.122,0.2208956629037857,0.1255634576082229,0.5152201652526855,0.2929240763187408,294.352783203125,21.202783203125023,SMAP_L4_SM_gph_20200513T223000_Vv8010_001.h5
2020-05-14,2020-05-14 01:28:55+00:00,7.119,-73.122,0.2166302800178527,0.1271690726280212,0.5054622292518616,0.2966349720954895,293.5986022949219,20.448602294921898,SMAP_L4_SM_gph_20200514T013000_Vv8010_001.h5
2020-05-14,2020-05-14 04:28:55+00:00,7.119,-73.122,0.2044934928417205,0.1274018585681915,0.4770369827747345,0.2971731424331665,293.062255859375,19.912255859375023,SMAP_L4_SM_gph_20200514T043000_Vv8010_001.h5
2020-05-14,2020-05-14 07:28:55+00:00,7.119,-73.122,0.196752592921257,0.1273196935653686,0.4588983654975891,0.2969482243061065,292.633056640625,19.483056640625023,SMAP_L4_SM_gph_20200514T073000_Vv8010_001.h5
2020-05-14,2020-05-14 10:28:55+00:00,7.119,-73.122,0.1921282261610031,0.1271630227565765,0.4481348395347595,0.2966136932373047,292.11578369140625,18.96578369140628,SMAP_L4_SM_gph_20200514T103000_Vv8010_001.h5
2020-05-14,2020-05-14 13:28:55+00:00,7.119,-73.122,0.1877117305994033,0.1268264651298523,0.4378555119037628,0.2958844900131225,292.5924072265625,19.442407226562523,SMAP_L4_SM_gph_20200514T133000_Vv8010_001.h5
2020-05-14,2020-05-14 16:28:55+00:00,7.119,-73.122,0.1817118525505066,0.125950425863266,0.4238700568675995,0.2937957048416137,294.31591796875,21.165917968750023,SMAP_L4_SM_gph_20200514T163000_Vv8010_001.h5
2020-05-14,2020-05-14 19:28:55+00:00,7.119,-73.122,0.1782021969556808,0.1253385096788406,0.4157623648643493,0.2924487888813019,294.7398681640625,21.589868164062523,SMAP_L4_SM_gph_20200514T193000_Vv8010_001.h5
2020-05-14,2020-05-14 22:28:55+00:00,7.119,-73.122,0.1765120178461074,0.1250584423542022,0.4117399156093597,0.2916597425937652,294.43218994140625,21.28218994140628,SMAP_L4_SM_gph_20200514T223000_Vv8010_001.h5
2020-05-15,2020-05-15 01:28:55+00:00,7.119,-73.122,0.1837246417999267,0.1251503080129623,0.4285786151885986,0.2919842898845672,293.61309814453125,20.46309814453128,SMAP_L4_SM_gph_20200515T013000_Vv8010_001.h5
2020-05-15,2020-05-15 04:28:55+00:00,7.119,-73.122,0.1965634226799011,0.1260376721620559,0.4585728049278259,0.2940230369567871,292.9959716796875,19.845971679687523,SMAP_L4_SM_gph_20200515T043000_Vv8010_001.h5
2020-05-15,2020-05-15 07:28:55+00:00,7.119,-73.122,0.2009376734495163,0.1266802549362182,0.4686844646930694,0.2954499423503876,292.52203369140625,19.37203369140628,SMAP_L4_SM_gph_20200515T073000_Vv8010_001.h5
2020-05-15,2020-05-15 10:28:55+00:00,7.119,-73.122,0.1979756951332092,0.126948282122612,0.4617207050323486,0.2961649596691131,292.08447265625,18.934472656250023,SMAP_L4_SM_gph_20200515T103000_Vv8010_001.h5
2020-05-15,2020-05-15 13:28:55+00:00,7.119,-73.122,0.1894328296184539,0.1261931657791137,0.4420024156570434,0.2943597435951233,292.6153564453125,19.465356445312523,SMAP_L4_SM_gph_20200515T133000_Vv8010_001.h5
2020-05-15,2020-05-15 16:28:55+00:00,7.119,-73.122,0.1851165443658828,0.1254571825265884,0.4318510591983795,0.2926047146320343,294.37408447265625,21.22408447265628,SMAP_L4_SM_gph_20200515T163000_Vv8010_001.h5
2020-05-15,2020-05-15 19:28:55+00:00,7.119,-73.122,0.1889816224575042,0.125246986746788,0.4407164454460144,0.2920827269554138,295.18719482421875,22.037194824218773,SMAP_L4_SM_gph_20200515T193000_Vv8010_001.h5
2020-05-15,2020-05-15 22:28:55+00:00,7.119,-73.122,0.2271598577499389,0.1280861347913742,0.5300596356391907,0.2987566590309143,294.7284851074219,21.578485107421898,SMAP_L4_SM_gph_20200515T223000_Vv8010_001.h5
2020-05-16,2020-05-16 01:28:55+00:00,7.119,-73.122,0.2227053344249725,0.1305868178606033,0.5193658471107483,0.3045688271522522,293.8626708984375,20.712670898437523,SMAP_L4_SM_gph_20200516T013000_Vv8010_001.h5
2020-05-16,2020-05-16 04:28:55+00:00,7.119,-73.122,0.2079458981752395,0.1306727975606918,0.4850085377693176,0.3048780262470245,293.2753295898437,20.125329589843773,SMAP_L4_SM_gph_20200516T043000_Vv8010_001.h5
2020-05-16,2020-05-16 07:28:55+00:00,7.119,-73.122,0.2002940773963928,0.130633145570755,0.467183917760849,0.3046896457672119,292.786376953125,19.636376953125023,SMAP_L4_SM_gph_20200516T073000_Vv8010_001.h5
2020-05-16,2020-05-16 10:28:55+00:00,7.119,-73.122,0.1943411231040954,0.1303437799215316,0.453327476978302,0.3039985299110412,292.2470703125,19.097070312500023,SMAP_L4_SM_gph_20200516T103000_Vv8010_001.h5
2020-05-16,2020-05-16 13:28:55+00:00,7.119,-73.122,0.1895036995410919,0.1298868656158447,0.442032903432846,0.3030296266078949,292.77105712890625,19.62105712890628,SMAP_L4_SM_gph_20200516T133000_Vv8010_001.h5
2020-05-16,2020-05-16 16:28:55+00:00,7.119,-73.122,0.1824525147676468,0.1288306266069412,0.4256211221218109,0.3005027770996094,294.6400146484375,21.490014648437523,SMAP_L4_SM_gph_20200516T163000_Vv8010_001.h5
2020-05-16,2020-05-16 19:28:55+00:00,7.119,-73.122,0.1769778579473495,0.1276941299438476,0.4128128290176391,0.2979202568531036,295.69744873046875,22.547448730468773,SMAP_L4_SM_gph_20200516T193000_Vv8010_001.h5
2020-05-16,2020-05-16 22:28:55+00:00,7.119,-73.122,0.1856437176465988,0.1278526335954666,0.4329838156700134,0.2982591986656189,295.02349853515625,21.87349853515628,SMAP_L4_SM_gph_20200516T223000_Vv8010_001.h5
2020-05-17,2020-05-17 01:28:55+00:00,7.119,-73.122,0.189566895365715,0.1282249540090561,0.4422031044960022,0.2990870475769043,293.8440246582031,20.694024658203148,SMAP_L4_SM_gph_20200517T013000_Vv8010_001.h5
2020-05-17,2020-05-17 04:28:55+00:00,7.119,-73.122,0.1880408972501754,0.1282959878444671,0.4386429190635681,0.2993146777153015,293.0976867675781,19.947686767578148,SMAP_L4_SM_gph_20200517T043000_Vv8010_001.h5
2020-05-17,2020-05-17 07:28:55+00:00,7.119,-73.122,0.1849046200513839,0.1281924098730087,0.4312951564788818,0.2990762293338775,292.3676147460937,19.217614746093773,SMAP_L4_SM_gph_20200517T073000_Vv8010_001.h5
2020-05-17,2020-05-17 10:28:55+00:00,7.119,-73.122,0.1817891597747802,0.128012552857399,0.4240153729915619,0.2985964715480804,291.7502746582031,18.600274658203148,SMAP_L4_SM_gph_20200517T103000_Vv8010_001.h5
2020-05-17,2020-05-17 13:28:55+00:00,7.119,-73.122,0.1751358658075332,0.1272891014814376,0.4084173142910003,0.2969162762165069,292.480224609375,19.330224609375023,SMAP_L4_SM_gph_20200517T133000_Vv8010_001.h5
2020-05-17,2020-05-17 16:28:55+00:00,7.119,-73.122,0.1696176081895828,0.1263603121042251,0.3956843614578247,0.294769674539566,294.3394775390625,21.189477539062523,SMAP_L4_SM_gph_20200517T163000_Vv8010_001.h5
2020-05-17,2020-05-17 19:28:55+00:00,7.119,-73.122,0.1650367528200149,0.1255362629890442,0.3849752247333526,0.2928164303302765,295.1990966796875,22.049096679687523,SMAP_L4_SM_gph_20200517T193000_Vv8010_001.h5
2020-05-17,2020-05-17 22:28:55+00:00,7.119,-73.122,0.1639547199010849,0.1252746731042862,0.3824891746044159,0.2921973764896393,294.8486328125,21.698632812500023,SMAP_L4_SM_gph_20200517T223000_Vv8010_001.h5
2020-05-18,2020-05-18 01:28:55+00:00,7.119,-73.122,0.163505271077156,0.1247790604829788,0.3813758492469787,0.2910371124744415,294.05548095703125,20.90548095703128,SMAP_L4_SM_gph_20200518T013000_Vv8010_001.h5
2020-05-18,2020-05-18 04:28:55+00:00,7.119,-73.122,0.1705968677997589,0.1251837760210037,0.3979973196983337,0.2919919192790985,293.38458251953125,20.23458251953128,SMAP_L4_SM_gph_20200518T043000_Vv8010_001.h5
2020-05-18,2020-05-18 07:28:55+00:00,7.119,-73.122,0.1705379784107208,0.125253140926361,0.3978210687637329,0.2920932173728943,292.71441650390625,19.56441650390628,SMAP_L4_SM_gph_20200518T073000_Vv8010_001.h5
2020-05-18,2020-05-18 10:28:55+00:00,7.119,-73.122,0.1694401502609253,0.1252367049455642,0.3952876031398773,0.2921299040317535,291.9325561523437,18.782556152343773,SMAP_L4_SM_gph_20200518T103000_Vv8010_001.h5
2020-05-18,2020-05-18 13:28:55+00:00,7.119,-73.122,0.1674835383892059,0.1250380426645279,0.3906816840171814,0.2916861474514007,292.4186706542969,19.268670654296898,SMAP_L4_SM_gph_20200518T133000_Vv8010_001.h5
2020-05-18,2020-05-18 16:28:55+00:00,7.119,-73.122,0.1639409214258194,0.1244002729654312,0.382432758808136,0.2901130616664886,294.1301574707031,20.980157470703148,SMAP_L4_SM_gph_20200518T163000_Vv8010_001.h5
2020-05-18,2020-05-18 19:28:55+00:00,7.119,-73.122,0.1685635447502136,0.1242617219686508,0.3931106030941009,0.289825975894928,294.9443664550781,21.794366455078148,SMAP_L4_SM_gph_20200518T193000_Vv8010_001.h5
2020-05-18,2020-05-18 22:28:55+00:00,7.119,-73.122,0.2041663080453872,0.1266981661319732,0.4762170910835266,0.2955076694488525,294.32769775390625,21.17769775390628,SMAP_L4_SM_gph_20200518T223000_Vv8010_001.h5
2020-05-19,2020-05-19 01:28:55+00:00,7.119,-73.122,0.2116173803806305,0.1286677867174148,0.4936600625514984,0.3000672459602356,293.468017578125,20.318017578125023,SMAP_L4_SM_gph_20200519T013000_Vv8010_001.h5
2020-05-19,2020-05-19 04:28:55+00:00,7.119,-73.122,0.2005356699228286,0.1289449483156204,0.4677424132823944,0.3008856177330017,292.6950378417969,19.545037841796898,SMAP_L4_SM_gph_20200519T043000_Vv8010_001.h5
2020-05-19,2020-05-19 07:28:55+00:00,7.119,-73.122,0.1938847154378891,0.1288856267929077,0.4522615373134613,0.3006829917430877,291.8775634765625,18.727563476562523,SMAP_L4_SM_gph_20200519T073000_Vv8010_001.h5
2020-05-19,2020-05-19 10:28:55+00:00,7.119,-73.122,0.1897464394569397,0.1286978423595428,0.4426691830158233,0.3003045320510864,291.1981506347656,18.048150634765648,SMAP_L4_SM_gph_20200519T103000_Vv8010_001.h5
2020-05-19,2020-05-19 13:28:55+00:00,7.119,-73.122,0.186915323138237,0.1283961981534958,0.4359757602214813,0.2995443344116211,291.9085998535156,18.758599853515648,SMAP_L4_SM_gph_20200519T133000_Vv8010_001.h5
2020-05-19,2020-05-19 16:28:55+00:00,7.119,-73.122,0.1827702075242996,0.1275871992111206,0.4262614846229553,0.297593355178833,293.8190002441406,20.669000244140648,SMAP_L4_SM_gph_20200519T163000_Vv8010_001.h5
2020-05-19,2020-05-19 19:28:55+00:00,7.119,-73.122,0.1844336688518524,0.1271367520093917,0.4301099181175232,0.2965138554573059,294.7854309082031,21.635430908203148,SMAP_L4_SM_gph_20200519T193000_Vv8010_001.h5
2020-05-19,2020-05-19 22:28:55+00:00,7.119,-73.122,0.1844306886196136,0.1269823908805847,0.4302684068679809,0.296222448348999,294.4010009765625,21.251000976562523,SMAP_L4_SM_gph_20200519T223000_Vv8010_001.h5
2020-05-20,2020-05-20 01:28:55+00:00,7.119,-73.122,0.1863984614610672,0.1268931031227111,0.4347915947437286,0.2959416508674621,293.6009521484375,20.450952148437523,SMAP_L4_SM_gph_20200520T013000_Vv8010_001.h5
2020-05-20,2020-05-20 04:28:55+00:00,7.119,-73.122,0.1864371746778488,0.1269889175891876,0.4348223805427551,0.296276330947876,293.00360107421875,19.853601074218773,SMAP_L4_SM_gph_20200520T043000_Vv8010_001.h5
2020-05-20,2020-05-20 07:28:55+00:00,7.119,-73.122,0.1851457953453064,0.1270955502986908,0.4319023191928863,0.2963953614234924,292.5489501953125,19.398950195312523,SMAP_L4_SM_gph_20200520T073000_Vv8010_001.h5
2020-05-20,2020-05-20 10:28:55+00:00,7.119,-73.122,0.1816056221723556,0.1269940584897995,0.4236395061016083,0.2962048351764679,291.92303466796875,18.773034667968773,SMAP_L4_SM_gph_20200520T103000_Vv8010_001.h5
2020-05-20,2020-05-20 13:28:55+00:00,7.119,-73.122,0.176874354481697,0.126518577337265,0.4126084744930267,0.2951023876667022,292.33843994140625,19.18843994140628,SMAP_L4_SM_gph_20200520T133000_Vv8010_001.h5
2020-05-20,2020-05-20 16:28:55+00:00,7.119,-73.122,0.1718765646219253,0.1256020069122314,0.400970458984375,0.2929875552654266,294.23126220703125,21.08126220703128,SMAP_L4_SM_gph_20200520T163000_Vv8010_001.h5
2020-05-20,2020-05-20 19:28:55+00:00,7.119,-73.122,0.1668309867382049,0.1245819628238678,0.3891348540782928,0.2906343638896942,295.508056640625,22.358056640625023,SMAP_L4_SM_gph_20200520T193000_Vv8010_001.h5
2020-05-20,2020-05-20 22:28:55+00:00,7.119,-73.122,0.1659251451492309,0.1241860315203666,0.3870624899864197,0.2897393703460693,295.339111328125,22.189111328125023,SMAP_L4_SM_gph_20200520T223000_Vv8010_001.h5
2020-05-21,2020-05-21 01:28:55+00:00,7.119,-73.122,0.1695441454648971,0.1244010776281356,0.3954481780529022,0.2901889085769653,294.3071594238281,21.157159423828148,SMAP_L4_SM_gph_20200521T013000_Vv8010_001.h5
2020-05-21,2020-05-21 04:28:55+00:00,7.119,-73.122,0.1704374402761459,0.1245414987206459,0.3975453078746795,0.2904809117317199,293.55889892578125,20.40889892578128,SMAP_L4_SM_gph_20200521T043000_Vv8010_001.h5
2020-05-21,2020-05-21 07:28:55+00:00,7.119,-73.122,0.1693616211414337,0.1245721578598022,0.3951665163040161,0.290560781955719,292.857177734375,19.707177734375023,SMAP_L4_SM_gph_20200521T073000_Vv8010_001.h5
2020-05-21,2020-05-21 10:28:55+00:00,7.119,-73.122,0.1678067296743393,0.1245831027626991,0.3915297091007232,0.2905893325805664,292.1477355957031,18.997735595703148,SMAP_L4_SM_gph_20200521T103000_Vv8010_001.h5
2020-05-21,2020-05-21 13:28:55+00:00,7.119,-73.122,0.1658072471618652,0.1244008019566536,0.3867648541927337,0.2901881337165832,292.8338623046875,19.683862304687523,SMAP_L4_SM_gph_20200521T133000_Vv8010_001.h5
2020-05-21,2020-05-21 16:28:55+00:00,7.119,-73.122,0.1610571891069412,0.1234933212399482,0.3757497370243072,0.288096934556961,294.80621337890625,21.65621337890628,SMAP_L4_SM_gph_20200521T163000_Vv8010_001.h5
2020-05-21,2020-05-21 19:28:55+00:00,7.119,-73.122,0.1565120667219162,0.122540034353733,0.3651301264762878,0.2858383357524872,296.0056457519531,22.855645751953148,SMAP_L4_SM_gph_20200521T193000_Vv8010_001.h5
2020-05-21,2020-05-21 22:28:55+00:00,7.119,-73.122,0.1626220196485519,0.1226985678076744,0.3793642818927765,0.2861774563789367,295.3536682128906,22.203668212890648,SMAP_L4_SM_gph_20200521T223000_Vv8010_001.h5
2020-05-22,2020-05-22 01:28:55+00:00,7.119,-73.122,0.170294776558876,0.1232418417930603,0.3971767127513885,0.2875416278839111,294.2540588378906,21.104058837890648,SMAP_L4_SM_gph_20200522T013000_Vv8010_001.h5
2020-05-22,2020-05-22 04:28:55+00:00,7.119,-73.122,0.1762291043996811,0.1238525286316871,0.4110970497131347,0.2888427674770355,293.37872314453125,20.22872314453128,SMAP_L4_SM_gph_20200522T043000_Vv8010_001.h5
2020-05-22,2020-05-22 07:28:55+00:00,7.119,-73.122,0.1751149147748947,0.1241103932261467,0.4085423052310943,0.2895313501358032,292.6002502441406,19.450250244140648,SMAP_L4_SM_gph_20200522T073000_Vv8010_001.h5
2020-05-22,2020-05-22 10:28:55+00:00,7.119,-73.122,0.1730650663375854,0.1242375448346138,0.4037452936172485,0.2897888422012329,291.92364501953125,18.77364501953128,SMAP_L4_SM_gph_20200522T103000_Vv8010_001.h5
2020-05-22,2020-05-22 13:28:55+00:00,7.119,-73.122,0.1700588315725326,0.1241642981767654,0.3967796266078949,0.2895489931106567,292.436279296875,19.286279296875023,SMAP_L4_SM_gph_20200522T133000_Vv8010_001.h5
2020-05-22,2020-05-22 16:28:55+00:00,7.119,-73.122,0.1655434519052505,0.123455561697483,0.3861880302429199,0.2880598306655884,294.3150634765625,21.165063476562523,SMAP_L4_SM_gph_20200522T163000_Vv8010_001.h5
2020-05-22,2020-05-22 19:28:55+00:00,7.119,-73.122,0.1682207733392715,0.1231419444084167,0.3924214839935303,0.28729909658432,295.2308959960937,22.080895996093773,SMAP_L4_SM_gph_20200522T193000_Vv8010_001.h5
2020-05-22,2020-05-22 22:28:55+00:00,7.119,-73.122,0.1970126926898956,0.1252484321594238,0.459525465965271,0.2922203540802002,294.51092529296875,21.360925292968773,SMAP_L4_SM_gph_20200522T223000_Vv8010_001.h5
2020-05-23,2020-05-23 01:28:55+00:00,7.119,-73.122,0.1950159519910812,0.1252428740262985,0.454807698726654,0.2921204566955566,293.59576416015625,20.44576416015628,SMAP_L4_SM_gph_20200523T013000_Vv8010_001.h5
2020-05-23,2020-05-23 04:28:55+00:00,7.119,-73.122,0.193971037864685,0.1258761584758758,0.4524839222431183,0.293565571308136,292.95318603515625,19.80318603515628,SMAP_L4_SM_gph_20200523T043000_Vv8010_001.h5
2020-05-23,2020-05-23 07:28:55+00:00,7.119,-73.122,0.1895300894975662,0.1259872615337371,0.4421817064285278,0.2938666641712188,292.35479736328125,19.20479736328128,SMAP_L4_SM_gph_20200523T073000_Vv8010_001.h5
2020-05-23,2020-05-23 10:28:55+00:00,7.119,-73.122,0.1854953914880752,0.1259559988975525,0.4327480792999267,0.2937854528427124,291.6230163574219,18.473016357421898,SMAP_L4_SM_gph_20200523T103000_Vv8010_001.h5
2020-05-23,2020-05-23 13:28:55+00:00,7.119,-73.122,0.1801413893699646,0.1255619823932647,0.4201914072036743,0.2928952276706695,292.49176025390625,19.34176025390628,SMAP_L4_SM_gph_20200523T133000_Vv8010_001.h5
2020-05-23,2020-05-23 16:28:55+00:00,7.119,-73.122,0.1736301183700561,0.1245532408356666,0.4051391780376434,0.2906082272529602,294.6749267578125,21.524926757812523,SMAP_L4_SM_gph_20200523T163000_Vv8010_001.h5
2020-05-23,2020-05-23 19:28:55+00:00,7.119,-73.122,0.1703582853078842,0.1237842962145805,0.3974660038948059,0.2886762022972107,295.6655578613281,22.515557861328148,SMAP_L4_SM_gph_20200523T193000_Vv8010_001.h5
2020-05-23,2020-05-23 22:28:55+00:00,7.119,-73.122,0.1742030978202819,0.1239370927214622,0.4062946140766144,0.2891223430633545,295.2633056640625,22.113305664062523,SMAP_L4_SM_gph_20200523T223000_Vv8010_001.h5
2020-05-24,2020-05-24 01:28:55+00:00,7.119,-73.122,0.1735769361257553,0.1241534575819969,0.404812753200531,0.2896604239940643,294.3348083496094,21.1848083496094,SMAP_L4_SM_gph_20200524T013000_Vv8010_001.h5
2020-05-24,2020-05-24 04:28:55+00:00,7.119,-73.122,0.1740298420190811,0.1244010254740715,0.4059663116931915,0.2901576161384582,293.5804443359375,20.430444335937523,SMAP_L4_SM_gph_20200524T043000_Vv8010_001.h5
2020-05-24,2020-05-24 07:28:55+00:00,7.119,-73.122,0.172033280134201,0.124464251101017,0.4013482332229614,0.2902854084968567,292.8064880371094,19.6564880371094,SMAP_L4_SM_gph_20200524T073000_Vv8010_001.h5
2020-05-24,2020-05-24 10:28:55+00:00,7.119,-73.122,0.171112984418869,0.124491661787033,0.3991275131702423,0.2903566658496856,291.97613525390625,18.82613525390628,SMAP_L4_SM_gph_20200524T103000_Vv8010_001.h5
2020-05-24,2020-05-24 13:28:55+00:00,7.119,-73.122,0.1694257706403732,0.1242311894893646,0.3951591849327087,0.28986856341362,292.73681640625,19.586816406250023,SMAP_L4_SM_gph_20200524T133000_Vv8010_001.h5
2020-05-24,2020-05-24 16:28:55+00:00,7.119,-73.122,0.1649976074695587,0.1233018711209297,0.38489431142807,0.2875927090644836,294.76177978515625,21.61177978515628,SMAP_L4_SM_gph_20200524T163000_Vv8010_001.h5
2020-05-24,2020-05-24 19:28:55+00:00,7.119,-73.122,0.1628526300191879,0.1224965453147888,0.3798893392086029,0.2856881320476532,295.85064697265625,22.70064697265628,SMAP_L4_SM_gph_20200524T193000_Vv8010_001.h5
2020-05-24,2020-05-24 22:28:55+00:00,7.119,-73.122,0.1698288172483444,0.1227776706218719,0.3961188793182373,0.2863948345184326,295.47344970703125,22.32344970703128,SMAP_L4_SM_gph_20200524T223000_Vv8010_001.h5
2020-05-25,2020-05-25 01:28:55+00:00,7.119,-73.122,0.1792872548103332,0.1235881000757217,0.4180985689163208,0.2882274091243744,294.4212951660156,21.271295166015648,SMAP_L4_SM_gph_20200525T013000_Vv8010_001.h5
2020-05-25,2020-05-25 04:28:55+00:00,7.119,-73.122,0.1843835562467575,0.1242810040712356,0.4301099479198456,0.2899554669857025,293.5372314453125,20.387231445312523,SMAP_L4_SM_gph_20200525T043000_Vv8010_001.h5
2020-05-25,2020-05-25 07:28:55+00:00,7.119,-73.122,0.1816272139549255,0.1244106143712997,0.4237427711486816,0.2902251183986664,292.737548828125,19.587548828125023,SMAP_L4_SM_gph_20200525T073000_Vv8010_001.h5
2020-05-25,2020-05-25 10:28:55+00:00,7.119,-73.122,0.1787037402391433,0.1244231387972831,0.4168145060539245,0.2902210056781769,292.09979248046875,18.949792480468773,SMAP_L4_SM_gph_20200525T103000_Vv8010_001.h5
2020-05-25,2020-05-25 13:28:55+00:00,7.119,-73.122,0.1687647104263305,0.1238930225372314,0.3936450481414795,0.289050281047821,292.6712341308594,19.5212341308594,SMAP_L4_SM_gph_20200525T133000_Vv8010_001.h5
2020-05-25,2020-05-25 16:28:55+00:00,7.119,-73.122,0.1644956469535827,0.1231881603598594,0.3837015628814697,0.2872909605503082,294.5235900878906,21.373590087890648,SMAP_L4_SM_gph_20200525T163000_Vv8010_001.h5
2020-05-25,2020-05-25 19:28:55+00:00,7.119,-73.122,0.1692538857460022,0.1229133903980255,0.3947915136814117,0.2866802513599396,295.48150634765625,22.33150634765628,SMAP_L4_SM_gph_20200525T193000_Vv8010_001.h5
2020-05-25,2020-05-25 22:28:55+00:00,7.119,-73.122,0.1884860843420028,0.1241235584020614,0.4396862089633941,0.2895399034023285,294.9219665527344,21.7719665527344,SMAP_L4_SM_gph_20200525T223000_Vv8010_001.h5
2020-05-26,2020-05-26 01:28:55+00:00,7.119,-73.122,0.1810144633054733,0.1240164190530777,0.4222392141819,0.2892125248908996,294.1755065917969,21.025506591796898,SMAP_L4_SM_gph_20200526T013000_Vv8010_001.h5
2020-05-26,2020-05-26 04:28:55+00:00,7.119,-73.122,0.1810518950223922,0.1242440193891525,0.4223160445690155,0.2897371351718902,293.6422424316406,20.492242431640648,SMAP_L4_SM_gph_20200526T043000_Vv8010_001.h5
2020-05-26,2020-05-26 07:28:55+00:00,7.119,-73.122,0.1816371977329254,0.1244537159800529,0.4237061738967895,0.2903373837471008,293.1815185546875,20.031518554687523,SMAP_L4_SM_gph_20200526T073000_Vv8010_001.h5
2020-05-26,2020-05-26 10:28:55+00:00,7.119,-73.122,0.1789007037878036,0.1244613155722618,0.4173659086227417,0.2903997898101806,292.53814697265625,19.38814697265628,SMAP_L4_SM_gph_20200526T103000_Vv8010_001.h5
2020-05-26,2020-05-26 13:28:55+00:00,7.119,-73.122,0.1766238659620285,0.1243491396307945,0.4120383560657501,0.2900592684745788,292.914306640625,19.764306640625023,SMAP_L4_SM_gph_20200526T133000_Vv8010_001.h5
2020-05-26,2020-05-26 16:28:55+00:00,7.119,-73.122,0.1718208342790603,0.1235687360167503,0.4008216857910156,0.2882682085037231,294.7001037597656,21.550103759765648,SMAP_L4_SM_gph_20200526T163000_Vv8010_001.h5
2020-05-26,2020-05-26 19:28:55+00:00,7.119,-73.122,0.1812850534915924,0.1236487478017807,0.4228812754154205,0.2884822785854339,295.2398681640625,22.089868164062523,SMAP_L4_SM_gph_20200526T193000_Vv8010_001.h5
2020-05-26,2020-05-26 22:28:55+00:00,7.119,-73.122,0.2101923078298568,0.1260441392660141,0.4903378486633301,0.2940146028995514,294.5738220214844,21.4238220214844,SMAP_L4_SM_gph_20200526T223000_Vv8010_001.h5
2020-05-27,2020-05-27 01:28:55+00:00,7.119,-73.122,0.22664175927639,0.1283297091722488,0.5285882353782654,0.2993345558643341,293.8575134277344,20.7075134277344,SMAP_L4_SM_gph_20200527T013000_Vv8010_001.h5
2020-05-27,2020-05-27 04:28:55+00:00,7.119,-73.122,0.2533908188343048,0.1339369118213653,0.5911110043525696,0.312533974647522,293.26953125,20.119531250000023,SMAP_L4_SM_gph_20200527T043000_Vv8010_001.h5
2020-05-27,2020-05-27 07:28:55+00:00,7.119,-73.122,0.2304512858390808,0.1364691257476806,0.5375643968582153,0.3182266354560852,292.78717041015625,19.63717041015628,SMAP_L4_SM_gph_20200527T073000_Vv8010_001.h5
2020-05-27,2020-05-27 10:28:55+00:00,7.119,-73.122,0.2152570784091949,0.1367904990911483,0.5021607875823975,0.3190012574195862,292.3466186523437,19.196618652343773,SMAP_L4_SM_gph_20200527T103000_Vv8010_001.h5
2020-05-27,2020-05-27 13:28:55+00:00,7.119,-73.122,0.2056962996721267,0.1363589912652969,0.4798453450202942,0.3180988132953644,292.8056945800781,19.655694580078148,SMAP_L4_SM_gph_20200527T133000_Vv8010_001.h5
2020-05-27,2020-05-27 16:28:55+00:00,7.119,-73.122,0.2218057513236999,0.1369082927703857,0.5175032019615173,0.3192829191684723,294.45635986328125,21.30635986328128,SMAP_L4_SM_gph_20200527T163000_Vv8010_001.h5
2020-05-27,2020-05-27 19:28:55+00:00,7.119,-73.122,0.2322480678558349,0.1394796818494796,0.5417035818099976,0.325284868478775,294.6089172363281,21.458917236328148,SMAP_L4_SM_gph_20200527T193000_Vv8010_001.h5
2020-05-27,2020-05-27 22:28:55+00:00,7.119,-73.122,0.2250594943761825,0.140193372964859,0.5250658988952637,0.326981782913208,294.36285400390625,21.21285400390628,SMAP_L4_SM_gph_20200527T223000_Vv8010_001.h5
2020-05-28,2020-05-28 01:28:55+00:00,7.119,-73.122,0.2436798512935638,0.1426631361246109,0.5684037804603577,0.3327928185462951,293.6447448730469,20.494744873046898,SMAP_L4_SM_gph_20200528T013000_Vv8010_001.h5
2020-05-28,2020-05-28 04:28:55+00:00,7.119,-73.122,0.2548282444477081,0.1478142589330673,0.5944159030914307,0.3448187112808227,292.9878234863281,19.837823486328148,SMAP_L4_SM_gph_20200528T043000_Vv8010_001.h5
2020-05-28,2020-05-28 07:28:55+00:00,7.119,-73.122,0.2300927191972732,0.1491855233907699,0.5367091298103333,0.3479445874691009,292.3569641113281,19.206964111328148,SMAP_L4_SM_gph_20200528T073000_Vv8010_001.h5
2020-05-28,2020-05-28 10:28:55+00:00,7.119,-73.122,0.2334103286266327,0.1499925404787063,0.5444433093070984,0.3498110473155975,291.872314453125,18.722314453125023,SMAP_L4_SM_gph_20200528T103000_Vv8010_001.h5
2020-05-28,2020-05-28 13:28:55+00:00,7.119,-73.122,0.2452139258384704,0.1536651998758316,0.5718668103218079,0.3584685921669006,291.7377624511719,18.587762451171898,SMAP_L4_SM_gph_20200528T133000_Vv8010_001.h5
2020-05-28,2020-05-28 16:28:55+00:00,7.119,-73.122,0.2297754287719726,0.1542939245700836,0.5361133217811584,0.3599445819854736,292.1705017089844,19.0205017089844,SMAP_L4_SM_gph_20200528T163000_Vv8010_001.h5
2020-05-28,2020-05-28 19:28:55+00:00,7.119,-73.122,0.2360861599445343,0.1553342193365097,0.5507872700691223,0.3622708618640899,292.8464660644531,19.696466064453148,SMAP_L4_SM_gph_20200528T193000_Vv8010_001.h5
2020-05-28,2020-05-28 22:28:55+00:00,7.119,-73.122,0.2258662432432174,0.155974805355072,0.5267599821090698,0.3639363944530487,292.7218322753906,19.571832275390648,SMAP_L4_SM_gph_20200528T223000_Vv8010_001.h5
2020-05-29,2020-05-29 01:28:55+00:00,7.119,-73.122,0.2101855278015136,0.1546547263860702,0.4902485013008117,0.3606996536254883,292.111328125,18.961328125000023,SMAP_L4_SM_gph_20200529T013000_Vv8010_001.h5
2020-05-29,2020-05-29 04:28:55+00:00,7.119,-73.122,0.2050995677709579,0.1533028930425644,0.478449672460556,0.3575392067432403,291.5999755859375,18.449975585937523,SMAP_L4_SM_gph_20200529T043000_Vv8010_001.h5
2020-05-29,2020-05-29 07:28:55+00:00,7.119,-73.122,0.2057788521051406,0.1523112654685974,0.4799592196941376,0.3552173674106598,291.2835388183594,18.1335388183594,SMAP_L4_SM_gph_20200529T073000_Vv8010_001.h5
2020-05-29,2020-05-29 10:28:55+00:00,7.119,-73.122,0.2013869881629943,0.1511466801166534,0.4697484970092773,0.3525190651416778,290.99395751953125,17.843957519531273,SMAP_L4_SM_gph_20200529T103000_Vv8010_001.h5
2020-05-29,2020-05-29 13:28:55+00:00,7.119,-73.122,0.1967337876558303,0.1499037593603134,0.4589252173900604,0.3496166467666626,291.7120361328125,18.562036132812523,SMAP_L4_SM_gph_20200529T133000_Vv8010_001.h5
2020-05-29,2020-05-29 16:28:55+00:00,7.119,-73.122,0.1931618303060531,0.148428127169609,0.4505516290664673,0.3462558686733246,293.4650573730469,20.315057373046898,SMAP_L4_SM_gph_20200529T163000_Vv8010_001.h5
2020-05-29,2020-05-29 19:28:55+00:00,7.119,-73.122,0.1973826885223388,0.1475742608308792,0.460364431142807,0.3442192077636719,294.047607421875,20.897607421875023,SMAP_L4_SM_gph_20200529T193000_Vv8010_001.h5
2020-05-29,2020-05-29 22:28:55+00:00,7.119,-73.122,0.2017472833395004,0.1471670418977737,0.4705968499183655,0.3432947397232055,293.587646484375,20.437646484375023,SMAP_L4_SM_gph_20200529T223000_Vv8010_001.h5
2020-05-30,2020-05-30 01:28:55+00:00,7.119,-73.122,0.2270659804344177,0.1487297564744949,0.5296198725700378,0.3469307720661163,292.83868408203125,19.68868408203128,SMAP_L4_SM_gph_20200530T013000_Vv8010_001.h5
2020-05-30,2020-05-30 04:28:55+00:00,7.119,-73.122,0.2275601476430893,0.1498058140277862,0.5308651924133301,0.3494724035263061,292.2557678222656,19.105767822265648,SMAP_L4_SM_gph_20200530T043000_Vv8010_001.h5
2020-05-30,2020-05-30 07:28:55+00:00,7.119,-73.122,0.2546307444572449,0.154152438044548,0.5939276814460754,0.3595162332057953,291.8080444335937,18.658044433593773,SMAP_L4_SM_gph_20200530T073000_Vv8010_001.h5
2020-05-30,2020-05-30 10:28:55+00:00,7.119,-73.122,0.2425513714551925,0.1566768586635589,0.565773606300354,0.3655179738998413,291.5122985839844,18.3622985839844,SMAP_L4_SM_gph_20200530T103000_Vv8010_001.h5
2020-05-30,2020-05-30 13:28:55+00:00,7.119,-73.122,0.2518419027328491,0.159401535987854,0.5873560309410095,0.3718455135822296,291.533935546875,18.383935546875023,SMAP_L4_SM_gph_20200530T133000_Vv8010_001.h5
2020-05-30,2020-05-30 16:28:55+00:00,7.119,-73.122,0.2366540879011154,0.1612785160541534,0.5520976781845093,0.3762858808040619,292.01641845703125,18.86641845703128,SMAP_L4_SM_gph_20200530T163000_Vv8010_001.h5
2020-05-30,2020-05-30 19:28:55+00:00,7.119,-73.122,0.2228464484214782,0.1602274477481842,0.5198633670806885,0.3736872971057892,293.15545654296875,20.005456542968773,SMAP_L4_SM_gph_20200530T193000_Vv8010_001.h5
2020-05-30,2020-05-30 22:28:55+00:00,7.119,-73.122,0.2305219322443008,0.1605051308870315,0.5376401543617249,0.3743849992752075,293.2659912109375,20.115991210937523,SMAP_L4_SM_gph_20200530T223000_Vv8010_001.h5
2020-05-31,2020-05-31 01:28:55+00:00,7.119,-73.122,0.2227102667093277,0.1601693928241729,0.5195868611335754,0.3736099898815155,292.5487976074219,19.398797607421898,SMAP_L4_SM_gph_20200531T013000_Vv8010_001.h5
2020-05-31,2020-05-31 04:28:55+00:00,7.119,-73.122,0.2148707211017608,0.1589614599943161,0.501232922077179,0.3707135021686554,292.0206298828125,18.870629882812523,SMAP_L4_SM_gph_20200531T043000_Vv8010_001.h5
2020-05-31,2020-05-31 07:28:55+00:00,7.119,-73.122,0.21463643014431,0.157946228981018,0.5007010698318481,0.3684525191783905,291.6556091308594,18.5056091308594,SMAP_L4_SM_gph_20200531T073000_Vv8010_001.h5
2020-05-31,2020-05-31 10:28:55+00:00,7.119,-73.122,0.2134777009487152,0.1569300442934036,0.4980295598506927,0.3660668730735779,291.38055419921875,18.230554199218773,SMAP_L4_SM_gph_20200531T103000_Vv8010_001.h5
2020-05-31,2020-05-31 13:28:55+00:00,7.119,-73.122,0.2105385065078735,0.1559888869524002,0.4911253154277801,0.3638028502464294,291.5694580078125,18.419458007812523,SMAP_L4_SM_gph_20200531T133000_Vv8010_001.h5
2020-05-31,2020-05-31 16:28:55+00:00,7.119,-73.122,0.206046387553215,0.1545844078063964,0.4806045293807983,0.3605902791023254,292.89898681640625,19.74898681640628,SMAP_L4_SM_gph_20200531T163000_Vv8010_001.h5
2020-05-31,2020-05-31 19:28:55+00:00,7.119,-73.122,0.2059418261051178,0.1534246057271957,0.4803289175033569,0.3579044342041015,293.69384765625,20.543847656250023,SMAP_L4_SM_gph_20200531T193000_Vv8010_001.h5
2020-05-31,2020-05-31 22:28:55+00:00,7.119,-73.122,0.21023990213871,0.1528285294771194,0.4903908371925354,0.3564768135547638,293.13348388671875,19.983483886718773,SMAP_L4_SM_gph_20200531T223000_Vv8010_001.h5
2020-06-01,2020-06-01 01:28:55+00:00,7.119,-73.122,0.2135466933250427,0.1525471955537796,0.4980617165565491,0.3558065295219421,292.3646240234375,19.214624023437523,SMAP_L4_SM_gph_20200601T013000_Vv8010_001.h5
2020-06-01,2020-06-01 04:28:55+00:00,7.119,-73.122,0.2068853825330734,0.1517194956541061,0.4825282096862793,0.3538011312484741,291.78985595703125,18.63985595703128,SMAP_L4_SM_gph_20200601T043000_Vv8010_001.h5
2020-06-01,2020-06-01 07:28:55+00:00,7.119,-73.122,0.2034423649311065,0.1508541107177734,0.4745537936687469,0.3518567383289337,291.29278564453125,18.14278564453128,SMAP_L4_SM_gph_20200601T073000_Vv8010_001.h5
2020-06-01,2020-06-01 10:28:55+00:00,7.119,-73.122,0.2006989419460296,0.1500025540590286,0.468201994895935,0.349911093711853,291.01422119140625,17.864221191406273,SMAP_L4_SM_gph_20200601T103000_Vv8010_001.h5
2020-06-01,2020-06-01 13:28:55+00:00,7.119,-73.122,0.1977819055318832,0.1491109877824783,0.4612375497817993,0.3477763235569,291.77447509765625,18.62447509765628,SMAP_L4_SM_gph_20200601T133000_Vv8010_001.h5
2020-06-01,2020-06-01 16:28:55+00:00,7.119,-73.122,0.1967197209596634,0.1481135487556457,0.458815187215805,0.3455246686935425,293.66131591796875,20.511315917968773,SMAP_L4_SM_gph_20200601T163000_Vv8010_001.h5
2020-06-01,2020-06-01 19:28:55+00:00,7.119,-73.122,0.2094685733318328,0.1481395810842514,0.488580971956253,0.345470517873764,294.28375244140625,21.13375244140628,SMAP_L4_SM_gph_20200601T193000_Vv8010_001.h5
2020-06-01,2020-06-01 22:28:55+00:00,7.119,-73.122,0.2294005155563354,0.149479255080223,0.5350399613380432,0.348673403263092,293.6958923339844,20.5458923339844,SMAP_L4_SM_gph_20200601T223000_Vv8010_001.h5
2020-06-02,2020-06-02 01:28:55+00:00,7.119,-73.122,0.2292497456073761,0.1507778763771057,0.5346555113792419,0.3516472280025482,292.8315124511719,19.681512451171898,SMAP_L4_SM_gph_20200602T013000_Vv8010_001.h5
2020-06-02,2020-06-02 04:28:55+00:00,7.119,-73.122,0.2149736881256103,0.1503015756607055,0.5015157461166382,0.3505798876285553,292.1290283203125,18.979028320312523,SMAP_L4_SM_gph_20200602T043000_Vv8010_001.h5
2020-06-02,2020-06-02 07:28:55+00:00,7.119,-73.122,0.2092157155275344,0.14956696331501,0.4879944026470184,0.34891277551651,291.61358642578125,18.46358642578128,SMAP_L4_SM_gph_20200602T073000_Vv8010_001.h5
2020-06-02,2020-06-02 10:28:55+00:00,7.119,-73.122,0.2075235396623611,0.1490379273891449,0.484153538942337,0.3476229608058929,291.31005859375,18.160058593750023,SMAP_L4_SM_gph_20200602T103000_Vv8010_001.h5
2020-06-02,2020-06-02 13:28:55+00:00,7.119,-73.122,0.2038758844137191,0.1482492983341217,0.4755860269069671,0.3458894789218902,291.98944091796875,18.839440917968773,SMAP_L4_SM_gph_20200602T133000_Vv8010_001.h5
2020-06-02,2020-06-02 16:28:55+00:00,7.119,-73.122,0.200764998793602,0.1473395973443985,0.4683950543403625,0.3436704576015472,293.76617431640625,20.61617431640628,SMAP_L4_SM_gph_20200602T163000_Vv8010_001.h5
2020-06-02,2020-06-02 19:28:55+00:00,7.119,-73.122,0.2056864798069,0.1469835042953491,0.4798712432384491,0.3428422212600708,294.5118713378906,21.361871337890648,SMAP_L4_SM_gph_20200602T193000_Vv8010_001.h5
2020-06-02,2020-06-02 22:28:55+00:00,7.119,-73.122,0.2135549336671829,0.1472600698471069,0.4980525076389313,0.3435371220111847,293.8642272949219,20.714227294921898,SMAP_L4_SM_gph_20200602T223000_Vv8010_001.h5
2020-06-03,2020-06-03 01:28:55+00:00,7.119,-73.122,0.2317993938922882,0.1488197594881057,0.5407187938690186,0.3471652269363403,293.0346069335937,19.884606933593773,SMAP_L4_SM_gph_20200603T013000_Vv8010_001.h5
2020-06-03,2020-06-03 04:28:55+00:00,7.119,-73.122,0.2229350209236145,0.1494814753532409,0.5200170874595642,0.3486420512199402,292.435791015625,19.285791015625023,SMAP_L4_SM_gph_20200603T043000_Vv8010_001.h5
2020-06-03,2020-06-03 07:28:55+00:00,7.119,-73.122,0.2153437137603759,0.1492193937301635,0.5023777484893799,0.3480221331119537,291.90625,18.756250000000023,SMAP_L4_SM_gph_20200603T073000_Vv8010_001.h5
2020-06-03,2020-06-03 10:28:55+00:00,7.119,-73.122,0.2167837917804718,0.1492539793252945,0.5057980418205261,0.3480752110481262,291.6044311523437,18.454431152343773,SMAP_L4_SM_gph_20200603T103000_Vv8010_001.h5
2020-06-03,2020-06-03 13:28:55+00:00,7.119,-73.122,0.2103360742330551,0.1487442404031753,0.4906468689441681,0.3468833863735199,292.0016174316406,18.851617431640648,SMAP_L4_SM_gph_20200603T133000_Vv8010_001.h5
2020-06-03,2020-06-03 16:28:55+00:00,7.119,-73.122,0.2076515704393386,0.1480125486850738,0.484298825263977,0.3452613949775696,293.6082763671875,20.458276367187523,SMAP_L4_SM_gph_20200603T163000_Vv8010_001.h5
2020-06-03,2020-06-03 19:28:55+00:00,7.119,-73.122,0.2223506718873977,0.1485134214162826,0.5187187194824219,0.346392810344696,294.37921142578125,21.22921142578128,SMAP_L4_SM_gph_20200603T193000_Vv8010_001.h5
2020-06-03,2020-06-03 22:28:55+00:00,7.119,-73.122,0.2235886752605438,0.1491639763116836,0.5215284824371338,0.3479624688625335,293.85711669921875,20.707116699218773,SMAP_L4_SM_gph_20200603T223000_Vv8010_001.h5
2020-06-04,2020-06-04 01:28:55+00:00,7.119,-73.122,0.2125835865736007,0.1486885249614715,0.495855301618576,0.3467752039432525,292.8879699707031,19.737969970703148,SMAP_L4_SM_gph_20200604T013000_Vv8010_001.h5
2020-06-04,2020-06-04 04:28:55+00:00,7.119,-73.122,0.2064233869314193,0.148035928606987,0.481519490480423,0.3452373147010803,292.1621398925781,19.012139892578148,SMAP_L4_SM_gph_20200604T043000_Vv8010_001.h5
2020-06-04,2020-06-04 07:28:55+00:00,7.119,-73.122,0.2026953548192978,0.1473444402217865,0.4728689193725586,0.343720018863678,291.4928894042969,18.342889404296898,SMAP_L4_SM_gph_20200604T073000_Vv8010_001.h5
2020-06-04,2020-06-04 10:28:55+00:00,7.119,-73.122,0.1996187567710876,0.1466803103685379,0.4656781256198883,0.3421520888805389,291.0298767089844,17.879876708984398,SMAP_L4_SM_gph_20200604T103000_Vv8010_001.h5
2020-06-04,2020-06-04 13:28:55+00:00,7.119,-73.122,0.1963346600532531,0.146032229065895,0.4580461978912353,0.34058877825737,291.8580322265625,18.708032226562523,SMAP_L4_SM_gph_20200604T133000_Vv8010_001.h5
2020-06-04,2020-06-04 16:28:55+00:00,7.119,-73.122,0.1930218636989593,0.1451779901981353,0.4502046704292297,0.3385994136333465,293.86785888671875,20.717858886718773,SMAP_L4_SM_gph_20200604T163000_Vv8010_001.h5
2020-06-04,2020-06-04 19:28:55+00:00,7.119,-73.122,0.1901791095733642,0.1443293690681457,0.4435731768608093,0.3366615772247314,295.0158996582031,21.865899658203148,SMAP_L4_SM_gph_20200604T193000_Vv8010_001.h5
2020-06-04,2020-06-04 22:28:55+00:00,7.119,-73.122,0.1882320493459701,0.1437471807003021,0.4390682876110077,0.3353921175003052,294.66802978515625,21.51802978515628,SMAP_L4_SM_gph_20200604T223000_Vv8010_001.h5
2020-06-05,2020-06-05 01:28:55+00:00,7.119,-73.122,0.1842938512563705,0.1431788206100464,0.4299028515815735,0.3339147269725799,293.7557067871094,20.6057067871094,SMAP_L4_SM_gph_20200605T013000_Vv8010_001.h5
2020-06-05,2020-06-05 04:28:55+00:00,7.119,-73.122,0.1833311170339584,0.1427741050720214,0.4276075959205627,0.3329968452453613,293.0850524902344,19.9350524902344,SMAP_L4_SM_gph_20200605T043000_Vv8010_001.h5
2020-06-05,2020-06-05 07:28:55+00:00,7.119,-73.122,0.1821430921554565,0.1423596739768982,0.4248658418655395,0.3321758508682251,292.5074157714844,19.3574157714844,SMAP_L4_SM_gph_20200605T073000_Vv8010_001.h5
2020-06-05,2020-06-05 10:28:55+00:00,7.119,-73.122,0.1806530356407165,0.1420021653175354,0.4214680194854736,0.3312219381332397,291.68951416015625,18.53951416015628,SMAP_L4_SM_gph_20200605T103000_Vv8010_001.h5
2020-06-05,2020-06-05 13:28:55+00:00,7.119,-73.122,0.1828657984733581,0.1418498903512954,0.4265643358230591,0.3308989703655243,292.19891357421875,19.048913574218773,SMAP_L4_SM_gph_20200605T133000_Vv8010_001.h5
2020-06-05,2020-06-05 16:28:55+00:00,7.119,-73.122,0.1803487837314605,0.1411362737417221,0.4206221103668213,0.3292019963264465,293.976318359375,20.826318359375023,SMAP_L4_SM_gph_20200605T163000_Vv8010_001.h5
2020-06-05,2020-06-05 19:28:55+00:00,7.119,-73.122,0.1779638528823852,0.1404659003019333,0.4150290787220001,0.3276177048683166,294.8500061035156,21.700006103515648,SMAP_L4_SM_gph_20200605T193000_Vv8010_001.h5
2020-06-05,2020-06-05 22:28:55+00:00,7.119,-73.122,0.1769439131021499,0.1400669664144516,0.4127945303916931,0.3267149925231933,294.5218505859375,21.371850585937523,SMAP_L4_SM_gph_20200605T223000_Vv8010_001.h5
2020-06-06,2020-06-06 01:28:55+00:00,7.119,-73.122,0.1800645589828491,0.1399852335453033,0.420072466135025,0.3265759944915771,293.7058410644531,20.555841064453148,SMAP_L4_SM_gph_20200606T013000_Vv8010_001.h5
2020-06-06,2020-06-06 04:28:55+00:00,7.119,-73.122,0.1831536740064621,0.1399687677621841,0.4272490739822387,0.3264480829238891,293.1111145019531,19.961114501953148,SMAP_L4_SM_gph_20200606T043000_Vv8010_001.h5
2020-06-06,2020-06-06 07:28:55+00:00,7.119,-73.122,0.1850919276475906,0.1399340182542801,0.4318641722202301,0.3263946771621704,292.5758361816406,19.425836181640648,SMAP_L4_SM_gph_20200606T073000_Vv8010_001.h5
2020-06-06,2020-06-06 10:28:55+00:00,7.119,-73.122,0.1842769384384155,0.1397547721862793,0.4299154281616211,0.326038509607315,291.7585754394531,18.608575439453148,SMAP_L4_SM_gph_20200606T103000_Vv8010_001.h5
2020-06-06,2020-06-06 13:28:55+00:00,7.119,-73.122,0.1828906685113906,0.1394790709018707,0.4266186058521271,0.3253458440303802,292.2247009277344,19.0747009277344,SMAP_L4_SM_gph_20200606T133000_Vv8010_001.h5
2020-06-06,2020-06-06 16:28:55+00:00,7.119,-73.122,0.1816733628511428,0.1388308703899383,0.4238693118095398,0.3239043653011322,294.095458984375,20.945458984375023,SMAP_L4_SM_gph_20200606T163000_Vv8010_001.h5
2020-06-06,2020-06-06 19:28:55+00:00,7.119,-73.122,0.1904128938913345,0.1389011591672897,0.4442291259765625,0.3240028917789459,294.80908203125,21.659082031250023,SMAP_L4_SM_gph_20200606T193000_Vv8010_001.h5
2020-06-06,2020-06-06 22:28:55+00:00,7.119,-73.122,0.2084538489580154,0.140059545636177,0.4862248003482818,0.3268072009086609,294.2135009765625,21.063500976562523,SMAP_L4_SM_gph_20200606T223000_Vv8010_001.h5
2020-06-07,2020-06-07 01:28:55+00:00,7.119,-73.122,0.2015234678983688,0.1401332467794418,0.4700664579868316,0.3268137276172638,293.1463317871094,19.9963317871094,SMAP_L4_SM_gph_20200607T013000_Vv8010_001.h5
2020-06-07,2020-06-07 04:28:55+00:00,7.119,-73.122,0.1972404420375824,0.1399250328540802,0.4601181745529175,0.3264189660549164,292.12969970703125,18.97969970703128,SMAP_L4_SM_gph_20200607T043000_Vv8010_001.h5
2020-06-07,2020-06-07 07:28:55+00:00,7.119,-73.122,0.1948002278804779,0.1397609114646911,0.4542909860610962,0.3259801864624023,291.2536315917969,18.103631591796898,SMAP_L4_SM_gph_20200607T073000_Vv8010_001.h5
2020-06-07,2020-06-07 10:28:55+00:00,7.119,-73.122,0.1927209496498108,0.1395002007484436,0.4495731592178345,0.3254487812519073,290.52166748046875,17.371667480468773,SMAP_L4_SM_gph_20200607T103000_Vv8010_001.h5
2020-06-07,2020-06-07 13:28:55+00:00,7.119,-73.122,0.1904562562704086,0.139190137386322,0.4442226886749267,0.3247151672840118,291.5824584960937,18.432458496093773,SMAP_L4_SM_gph_20200607T133000_Vv8010_001.h5
2020-06-07,2020-06-07 16:28:55+00:00,7.119,-73.122,0.1886685490608215,0.1387063711881637,0.4400608539581299,0.3235429525375366,293.817626953125,20.667626953125023,SMAP_L4_SM_gph_20200607T163000_Vv8010_001.h5
2020-06-07,2020-06-07 19:28:55+00:00,7.119,-73.122,0.1926701366901397,0.1385475397109985,0.449394941329956,0.3232768177986145,294.90106201171875,21.751062011718773,SMAP_L4_SM_gph_20200607T193000_Vv8010_001.h5
2020-06-07,2020-06-07 22:28:55+00:00,7.119,-73.122,0.1958411335945129,0.1387575417757034,0.456792414188385,0.3236281275749206,294.4325561523437,21.282556152343773,SMAP_L4_SM_gph_20200607T223000_Vv8010_001.h5
2020-06-08,2020-06-08 01:28:55+00:00,7.119,-73.122,0.2035013437271118,0.1390970647335052,0.4746753275394439,0.324509859085083,293.4492492675781,20.299249267578148,SMAP_L4_SM_gph_20200608T013000_Vv8010_001.h5
2020-06-08,2020-06-08 04:28:55+00:00,7.119,-73.122,0.2094857096672058,0.1398621648550033,0.4887331426143646,0.3262184560298919,292.7220458984375,19.572045898437523,SMAP_L4_SM_gph_20200608T043000_Vv8010_001.h5
2020-06-08,2020-06-08 07:28:55+00:00,7.119,-73.122,0.2210750430822372,0.1411218494176864,0.5157301425933838,0.3291275203227997,292.0777587890625,18.927758789062523,SMAP_L4_SM_gph_20200608T073000_Vv8010_001.h5
2020-06-08,2020-06-08 10:28:55+00:00,7.119,-73.122,0.2194251865148544,0.1422449797391891,0.5117305517196655,0.3318768143653869,291.605224609375,18.455224609375023,SMAP_L4_SM_gph_20200608T103000_Vv8010_001.h5
2020-06-08,2020-06-08 13:28:55+00:00,7.119,-73.122,0.211053192615509,0.1420867443084716,0.4923760592937469,0.3314164578914642,291.85321044921875,18.703210449218773,SMAP_L4_SM_gph_20200608T133000_Vv8010_001.h5
2020-06-08,2020-06-08 16:28:55+00:00,7.119,-73.122,0.2053205668926239,0.1416607797145843,0.4789151549339294,0.3304801881313324,293.2182006835937,20.068200683593773,SMAP_L4_SM_gph_20200608T163000_Vv8010_001.h5
2020-06-08,2020-06-08 19:28:55+00:00,7.119,-73.122,0.2058999240398407,0.1411880254745483,0.4802901744842529,0.3293369114398956,294.8614501953125,21.711450195312523,SMAP_L4_SM_gph_20200608T193000_Vv8010_001.h5
2020-06-08,2020-06-08 22:28:55+00:00,7.119,-73.122,0.2398778945207595,0.144157662987709,0.5595991611480713,0.33631432056427,294.6125793457031,21.462579345703148,SMAP_L4_SM_gph_20200608T223000_Vv8010_001.h5
2020-06-09,2020-06-09 01:28:55+00:00,7.119,-73.122,0.2267656177282333,0.1458008885383606,0.5288667678833008,0.3401233553886413,293.6395568847656,20.489556884765648,SMAP_L4_SM_gph_20200609T013000_Vv8010_001.h5
2020-06-09,2020-06-09 04:28:55+00:00,7.119,-73.122,0.2160405963659286,0.1458727270364761,0.5040668249130249,0.3402363061904907,292.82550048828125,19.67550048828128,SMAP_L4_SM_gph_20200609T043000_Vv8010_001.h5
2020-06-09,2020-06-09 07:28:55+00:00,7.119,-73.122,0.2114754021167755,0.1456641405820846,0.4932266175746918,0.3397665321826935,292.0169372558594,18.8669372558594,SMAP_L4_SM_gph_20200609T073000_Vv8010_001.h5
2020-06-09,2020-06-09 10:28:55+00:00,7.119,-73.122,0.2059958428144455,0.1451318711042404,0.4806115329265594,0.3385531902313232,291.2650146484375,18.115014648437523,SMAP_L4_SM_gph_20200609T103000_Vv8010_001.h5
2020-06-09,2020-06-09 13:28:55+00:00,7.119,-73.122,0.2013765275478363,0.1444223523139953,0.4696735441684723,0.3369410336017608,292.116943359375,18.966943359375023,SMAP_L4_SM_gph_20200609T133000_Vv8010_001.h5
2020-06-09,2020-06-09 16:28:55+00:00,7.119,-73.122,0.1977301388978958,0.1434234231710434,0.4611165225505829,0.334600567817688,294.2323608398437,21.082360839843773,SMAP_L4_SM_gph_20200609T163000_Vv8010_001.h5
2020-06-09,2020-06-09 19:28:55+00:00,7.119,-73.122,0.21538907289505,0.1437729299068451,0.5023866891860962,0.3354487121105194,295.12860107421875,21.978601074218773,SMAP_L4_SM_gph_20200609T193000_Vv8010_001.h5
2020-06-09,2020-06-09 22:28:55+00:00,7.119,-73.122,0.2228074073791504,0.1452383995056152,0.519777774810791,0.3387835919857025,294.30047607421875,21.150476074218773,SMAP_L4_SM_gph_20200609T223000_Vv8010_001.h5
2020-06-10,2020-06-10 01:28:55+00:00,7.119,-73.122,0.2088319361209869,0.1447634249925613,0.4871302247047424,0.3375822007656097,293.1383056640625,19.988305664062523,SMAP_L4_SM_gph_20200610T013000_Vv8010_001.h5
2020-06-10,2020-06-10 04:28:55+00:00,7.119,-73.122,0.2132820636034011,0.1449395716190338,0.497507780790329,0.3379670083522796,292.3334045410156,19.183404541015648,SMAP_L4_SM_gph_20200610T043000_Vv8010_001.h5
2020-06-10,2020-06-10 07:28:55+00:00,7.119,-73.122,0.2290591746568679,0.146481916308403,0.5342833995819092,0.3416720032691955,291.84344482421875,18.693444824218773,SMAP_L4_SM_gph_20200610T073000_Vv8010_001.h5
2020-06-10,2020-06-10 10:28:55+00:00,7.119,-73.122,0.2260866016149521,0.1475315988063812,0.5273646712303162,0.3441448509693146,291.46392822265625,18.31392822265628,SMAP_L4_SM_gph_20200610T103000_Vv8010_001.h5
2020-06-10,2020-06-10 13:28:55+00:00,7.119,-73.122,0.2273216545581817,0.1484902501106262,0.530207633972168,0.3463808298110962,291.61529541015625,18.46529541015628,SMAP_L4_SM_gph_20200610T133000_Vv8010_001.h5
2020-06-10,2020-06-10 16:28:55+00:00,7.119,-73.122,0.2300804704427719,0.1496566534042358,0.5367363095283508,0.3491207063198089,292.6453552246094,19.4953552246094,SMAP_L4_SM_gph_20200610T163000_Vv8010_001.h5
2020-06-10,2020-06-10 19:28:55+00:00,7.119,-73.122,0.2497491836547851,0.1525448560714721,0.5824803709983826,0.3558003902435303,293.2279357910156,20.077935791015648,SMAP_L4_SM_gph_20200610T193000_Vv8010_001.h5
2020-06-10,2020-06-10 22:28:55+00:00,7.119,-73.122,0.2588609457015991,0.1577966064214706,0.6038155555725098,0.3680514991283417,292.7403869628906,19.590386962890648,SMAP_L4_SM_gph_20200610T223000_Vv8010_001.h5
2020-06-11,2020-06-11 01:28:55+00:00,7.119,-73.122,0.2265214473009109,0.157459482550621,0.5284990072250366,0.3672728836536407,292.1033020019531,18.953302001953148,SMAP_L4_SM_gph_20200611T013000_Vv8010_001.h5
2020-06-11,2020-06-11 04:28:55+00:00,7.119,-73.122,0.2118214666843414,0.1561255902051925,0.4940927922725677,0.3641222715377807,291.5891418457031,18.439141845703148,SMAP_L4_SM_gph_20200611T043000_Vv8010_001.h5
2020-06-11,2020-06-11 07:28:55+00:00,7.119,-73.122,0.206840693950653,0.1548210680484771,0.4825420379638672,0.3612552583217621,291.2111511230469,18.061151123046898,SMAP_L4_SM_gph_20200611T073000_Vv8010_001.h5
2020-06-11,2020-06-11 10:28:55+00:00,7.119,-73.122,0.2035872489213943,0.1536486744880676,0.4749186933040619,0.3584144115447998,290.86981201171875,17.719812011718773,SMAP_L4_SM_gph_20200611T103000_Vv8010_001.h5
2020-06-11,2020-06-11 13:28:55+00:00,7.119,-73.122,0.2005327045917511,0.1524474173784256,0.4677516222000122,0.3556574881076813,291.6075439453125,18.457543945312523,SMAP_L4_SM_gph_20200611T133000_Vv8010_001.h5
2020-06-11,2020-06-11 16:28:55+00:00,7.119,-73.122,0.1975115239620208,0.1511933505535125,0.4607411324977875,0.3526779413223266,293.30865478515625,20.15865478515628,SMAP_L4_SM_gph_20200611T163000_Vv8010_001.h5
2020-06-11,2020-06-11 19:28:55+00:00,7.119,-73.122,0.1963955760002136,0.1501462310552597,0.4582229554653168,0.3502015173435211,294.06109619140625,20.91109619140628,SMAP_L4_SM_gph_20200611T193000_Vv8010_001.h5
2020-06-11,2020-06-11 22:28:55+00:00,7.119,-73.122,0.1978427022695541,0.1494830250740051,0.4614941775798797,0.3486360013484955,293.5889892578125,20.438989257812523,SMAP_L4_SM_gph_20200611T223000_Vv8010_001.h5
2020-06-12,2020-06-12 01:28:55+00:00,7.119,-73.122,0.2004745155572891,0.1490563452243805,0.4676294028759002,0.3477829396724701,292.6868896484375,19.536889648437523,SMAP_L4_SM_gph_20200612T013000_Vv8010_001.h5
2020-06-12,2020-06-12 04:28:55+00:00,7.119,-73.122,0.1973910182714462,0.1484625190496444,0.4604315757751465,0.3462394177913666,292.00128173828125,18.85128173828128,SMAP_L4_SM_gph_20200612T043000_Vv8010_001.h5
2020-06-12,2020-06-12 07:28:55+00:00,7.119,-73.122,0.194265142083168,0.1477116197347641,0.4532260000705719,0.344519555568695,291.4423828125,18.292382812500023,SMAP_L4_SM_gph_20200612T073000_Vv8010_001.h5
2020-06-12,2020-06-12 10:28:55+00:00,7.119,-73.122,0.1926762163639068,0.1469648033380508,0.4494686126708984,0.342772901058197,291.0904235839844,17.940423583984398,SMAP_L4_SM_gph_20200612T103000_Vv8010_001.h5
2020-06-12,2020-06-12 13:28:55+00:00,7.119,-73.122,0.1911861151456833,0.1462863385677337,0.4459486603736877,0.3411299586296081,291.5009765625,18.350976562500023,SMAP_L4_SM_gph_20200612T133000_Vv8010_001.h5
2020-06-12,2020-06-12 16:28:55+00:00,7.119,-73.122,0.1893061995506286,0.1454226672649383,0.4416603446006775,0.3391153216361999,293.2359619140625,20.085961914062523,SMAP_L4_SM_gph_20200612T163000_Vv8010_001.h5
2020-06-12,2020-06-12 19:28:55+00:00,7.119,-73.122,0.1901727020740509,0.1447628736495971,0.4436522424221039,0.3376809954643249,294.11981201171875,20.969812011718773,SMAP_L4_SM_gph_20200612T193000_Vv8010_001.h5
2020-06-12,2020-06-12 22:28:55+00:00,7.119,-73.122,0.189846009016037,0.1442608833312988,0.4428705275058746,0.3364617228507995,293.58123779296875,20.431237792968773,SMAP_L4_SM_gph_20200612T223000_Vv8010_001.h5
2020-06-13,2020-06-13 01:28:55+00:00,7.119,-73.122,0.1954293549060821,0.1444700062274933,0.455917477607727,0.3370182514190674,292.7515869140625,19.601586914062523,SMAP_L4_SM_gph_20200613T013000_Vv8010_001.h5
2020-06-13,2020-06-13 04:28:55+00:00,7.119,-73.122,0.1963581144809723,0.1443088054656982,0.4580110907554626,0.3365870118141174,292.0899658203125,18.939965820312523,SMAP_L4_SM_gph_20200613T043000_Vv8010_001.h5
2020-06-13,2020-06-13 07:28:55+00:00,7.119,-73.122,0.193966194987297,0.1438571065664291,0.4524056017398834,0.3356686532497406,291.6303405761719,18.480340576171898,SMAP_L4_SM_gph_20200613T073000_Vv8010_001.h5
2020-06-13,2020-06-13 10:28:55+00:00,7.119,-73.122,0.1915408819913864,0.1433970481157302,0.4468931257724762,0.3346063196659088,291.0962219238281,17.946221923828148,SMAP_L4_SM_gph_20200613T103000_Vv8010_001.h5
2020-06-13,2020-06-13 13:28:55+00:00,7.119,-73.122,0.1886750012636184,0.1428640931844711,0.4400891363620758,0.3332315683364868,291.6185913085937,18.468591308593773,SMAP_L4_SM_gph_20200613T133000_Vv8010_001.h5
2020-06-13,2020-06-13 16:28:55+00:00,7.119,-73.122,0.1860028356313705,0.1421059817075729,0.4339054524898529,0.3314927518367767,293.50958251953125,20.35958251953128,SMAP_L4_SM_gph_20200613T163000_Vv8010_001.h5
2020-06-13,2020-06-13 19:28:55+00:00,7.119,-73.122,0.1838476806879043,0.14141646027565,0.4288603365421295,0.3298958539962768,294.6676330566406,21.517633056640648,SMAP_L4_SM_gph_20200613T193000_Vv8010_001.h5
2020-06-13,2020-06-13 22:28:55+00:00,7.119,-73.122,0.1885277330875396,0.1412885338068008,0.4397035539150238,0.3295518755912781,294.39068603515625,21.24068603515628,SMAP_L4_SM_gph_20200613T223000_Vv8010_001.h5
2020-06-14,2020-06-14 01:28:55+00:00,7.119,-73.122,0.1930684447288513,0.1414161026477813,0.4502930045127868,0.3298478722572326,293.40118408203125,20.25118408203128,SMAP_L4_SM_gph_20200614T013000_Vv8010_001.h5
2020-06-14,2020-06-14 04:28:55+00:00,7.119,-73.122,0.1907798796892166,0.1410974562168121,0.4450386762619018,0.3292021751403808,292.56787109375,19.417871093750023,SMAP_L4_SM_gph_20200614T043000_Vv8010_001.h5
2020-06-14,2020-06-14 07:28:55+00:00,7.119,-73.122,0.1886063367128372,0.1408171653747558,0.4400137960910797,0.3284972906112671,291.80670166015625,18.65670166015628,SMAP_L4_SM_gph_20200614T073000_Vv8010_001.h5
2020-06-14,2020-06-14 10:28:55+00:00,7.119,-73.122,0.1863696277141571,0.140455886721611,0.4347132742404938,0.3276184499263763,291.0599060058594,17.909906005859398,SMAP_L4_SM_gph_20200614T103000_Vv8010_001.h5
2020-06-14,2020-06-14 13:28:55+00:00,7.119,-73.122,0.1839277297258377,0.1400612145662307,0.4289479553699493,0.3267742991447449,291.7977905273437,18.647790527343773,SMAP_L4_SM_gph_20200614T133000_Vv8010_001.h5
2020-06-14,2020-06-14 16:28:55+00:00,7.119,-73.122,0.1815818101167678,0.1394237875938415,0.423566609621048,0.3252760171890259,293.7243957519531,20.574395751953148,SMAP_L4_SM_gph_20200614T163000_Vv8010_001.h5
2020-06-14,2020-06-14 19:28:55+00:00,7.119,-73.122,0.1831907778978347,0.1390852332115173,0.4273163974285126,0.324493795633316,294.410888671875,21.260888671875023,SMAP_L4_SM_gph_20200614T193000_Vv8010_001.h5
2020-06-14,2020-06-14 22:28:55+00:00,7.119,-73.122,0.1851655393838882,0.1390180438756942,0.4319096207618713,0.3242709934711456,293.7970275878906,20.647027587890648,SMAP_L4_SM_gph_20200614T223000_Vv8010_001.h5
2020-06-15,2020-06-15 01:28:55+00:00,7.119,-73.122,0.2031309008598327,0.1399551928043365,0.4737871587276459,0.3265247344970703,292.95977783203125,19.80977783203128,SMAP_L4_SM_gph_20200615T013000_Vv8010_001.h5
2020-06-15,2020-06-15 04:28:55+00:00,7.119,-73.122,0.2194447219371795,0.1415925174951553,0.5118246078491211,0.3303186297416687,292.2159118652344,19.0659118652344,SMAP_L4_SM_gph_20200615T043000_Vv8010_001.h5
2020-06-15,2020-06-15 07:28:55+00:00,7.119,-73.122,0.2199252098798751,0.1425733864307403,0.5130951404571533,0.3324897289276123,291.5333251953125,18.383325195312523,SMAP_L4_SM_gph_20200615T073000_Vv8010_001.h5
2020-06-15,2020-06-15 10:28:55+00:00,7.119,-73.122,0.2094810754060745,0.1424719542264938,0.4885238707065582,0.3323841094970703,290.96563720703125,17.815637207031273,SMAP_L4_SM_gph_20200615T103000_Vv8010_001.h5
2020-06-15,2020-06-15 13:28:55+00:00,7.119,-73.122,0.2046189755201339,0.1422463208436966,0.4772592186927795,0.3318221569061279,291.60760498046875,18.457604980468773,SMAP_L4_SM_gph_20200615T133000_Vv8010_001.h5
2020-06-15,2020-06-15 16:28:55+00:00,7.119,-73.122,0.1995490938425064,0.1415242552757263,0.4655071794986725,0.330055683851242,293.7287902832031,20.578790283203148,SMAP_L4_SM_gph_20200615T163000_Vv8010_001.h5
2020-06-15,2020-06-15 19:28:55+00:00,7.119,-73.122,0.2452832013368606,0.144446387887001,0.5720363855361938,0.3369938135147095,294.8314208984375,21.681420898437523,SMAP_L4_SM_gph_20200615T193000_Vv8010_001.h5
2020-06-15,2020-06-15 22:28:55+00:00,7.119,-73.122,0.2644412815570831,0.154221624135971,0.6169251799583435,0.3597240746021271,293.80157470703125,20.65157470703128,SMAP_L4_SM_gph_20200615T223000_Vv8010_001.h5
2020-06-16,2020-06-16 01:28:55+00:00,7.119,-73.122,0.2247228026390075,0.1546126753091812,0.5241210460662842,0.3606435358524322,292.6955261230469,19.545526123046898,SMAP_L4_SM_gph_20200616T013000_Vv8010_001.h5
2020-06-16,2020-06-16 04:28:55+00:00,7.119,-73.122,0.2113605588674545,0.1535287052392959,0.49305260181427,0.3581184446811676,291.8869323730469,18.736932373046898,SMAP_L4_SM_gph_20200616T043000_Vv8010_001.h5
2020-06-16,2020-06-16 07:28:55+00:00,7.119,-73.122,0.2060947269201278,0.1524082422256469,0.4807344973087311,0.3554978668689728,291.0606994628906,17.910699462890648,SMAP_L4_SM_gph_20200616T073000_Vv8010_001.h5
2020-06-16,2020-06-16 10:28:55+00:00,7.119,-73.122,0.2026976495981216,0.1513164490461349,0.4727584719657898,0.3530368208885193,290.3046264648437,17.154626464843773,SMAP_L4_SM_gph_20200616T103000_Vv8010_001.h5
2020-06-16,2020-06-16 13:28:55+00:00,7.119,-73.122,0.1993953287601471,0.1502868086099624,0.4652213156223297,0.3504941463470459,291.3861389160156,18.236138916015648,SMAP_L4_SM_gph_20200616T133000_Vv8010_001.h5
2020-06-16,2020-06-16 16:28:55+00:00,7.119,-73.122,0.1957092136144638,0.1489682644605636,0.4565179049968719,0.3475057184696197,293.6081237792969,20.458123779296898,SMAP_L4_SM_gph_20200616T163000_Vv8010_001.h5
2020-06-16,2020-06-16 19:28:55+00:00,7.119,-73.122,0.193319097161293,0.1479074656963348,0.4508994817733764,0.3449191153049469,294.5028686523437,21.352868652343773,SMAP_L4_SM_gph_20200616T193000_Vv8010_001.h5
2020-06-16,2020-06-16 22:28:55+00:00,7.119,-73.122,0.1926741302013397,0.1470409333705902,0.4494374096393585,0.3429721593856811,294.2720947265625,21.122094726562523,SMAP_L4_SM_gph_20200616T223000_Vv8010_001.h5
2020-06-17,2020-06-17 01:28:55+00:00,7.119,-73.122,0.1939087808132171,0.1464362442493438,0.4522691667079925,0.3416441977024078,293.1205139160156,19.970513916015648,SMAP_L4_SM_gph_20200617T013000_Vv8010_001.h5
2020-06-17,2020-06-17 04:28:55+00:00,7.119,-73.122,0.1936950981616974,0.1459159553050995,0.4517846405506134,0.3403397798538208,292.18115234375,19.031152343750023,SMAP_L4_SM_gph_20200617T043000_Vv8010_001.h5
2020-06-17,2020-06-17 07:28:55+00:00,7.119,-73.122,0.1932250559329986,0.1453723907470703,0.4507635831832886,0.3390964567661285,291.5570678710937,18.407067871093773,SMAP_L4_SM_gph_20200617T073000_Vv8010_001.h5
2020-06-17,2020-06-17 10:28:55+00:00,7.119,-73.122,0.1931963413953781,0.144938975572586,0.4505922794342041,0.3380663394927978,291.2191772460937,18.069177246093773,SMAP_L4_SM_gph_20200617T103000_Vv8010_001.h5
2020-06-17,2020-06-17 13:28:55+00:00,7.119,-73.122,0.1940217912197113,0.1445794701576233,0.4525233507156372,0.3372292518615722,291.71636962890625,18.56636962890628,SMAP_L4_SM_gph_20200617T133000_Vv8010_001.h5
2020-06-17,2020-06-17 16:28:55+00:00,7.119,-73.122,0.2010465413331985,0.1444140672683715,0.4690638482570648,0.3369092643260956,293.3916320800781,20.241632080078148,SMAP_L4_SM_gph_20200617T163000_Vv8010_001.h5
2020-06-17,2020-06-17 19:28:55+00:00,7.119,-73.122,0.2214585840702057,0.145660787820816,0.5166230201721191,0.3397849202156067,293.7718811035156,20.621881103515648,SMAP_L4_SM_gph_20200617T193000_Vv8010_001.h5
2020-06-17,2020-06-17 22:28:55+00:00,7.119,-73.122,0.2155647724866867,0.1458715200424194,0.5027939081192017,0.3402233719825744,293.4188232421875,20.268823242187523,SMAP_L4_SM_gph_20200617T223000_Vv8010_001.h5
2020-06-18,2020-06-18 01:28:55+00:00,7.119,-73.122,0.2099539488554,0.1455686539411544,0.4896332919597626,0.3396191596984863,292.6576538085937,19.507653808593773,SMAP_L4_SM_gph_20200618T013000_Vv8010_001.h5
2020-06-18,2020-06-18 04:28:55+00:00,7.119,-73.122,0.2061406522989273,0.1451821774244308,0.4808384776115417,0.3385894894599914,291.9188232421875,18.768823242187523,SMAP_L4_SM_gph_20200618T043000_Vv8010_001.h5
2020-06-18,2020-06-18 07:28:55+00:00,7.119,-73.122,0.2019448727369308,0.1446873843669891,0.471111536026001,0.3374364376068115,291.1273803710937,17.977380371093773,SMAP_L4_SM_gph_20200618T073000_Vv8010_001.h5
2020-06-18,2020-06-18 10:28:55+00:00,7.119,-73.122,0.1985421776771545,0.144114539027214,0.463091105222702,0.3361542522907257,290.4466552734375,17.296655273437523,SMAP_L4_SM_gph_20200618T103000_Vv8010_001.h5
2020-06-18,2020-06-18 13:28:55+00:00,7.119,-73.122,0.1957797110080719,0.1438123881816864,0.4566699266433716,0.3353826403617859,291.3207397460937,18.170739746093773,SMAP_L4_SM_gph_20200618T133000_Vv8010_001.h5
2020-06-18,2020-06-18 16:28:55+00:00,7.119,-73.122,0.1929740756750106,0.1430296450853347,0.4500512778759002,0.3336641192436218,293.5091247558594,20.3591247558594,SMAP_L4_SM_gph_20200618T163000_Vv8010_001.h5
2020-06-18,2020-06-18 19:28:55+00:00,7.119,-73.122,0.1994704753160476,0.1428281217813491,0.4652058780193329,0.3331277072429657,294.53399658203125,21.38399658203128,SMAP_L4_SM_gph_20200618T193000_Vv8010_001.h5
2020-06-18,2020-06-18 22:28:55+00:00,7.119,-73.122,0.2038548588752746,0.1430719941854477,0.4754489064216614,0.333737313747406,293.92218017578125,20.77218017578128,SMAP_L4_SM_gph_20200618T223000_Vv8010_001.h5
2020-06-19,2020-06-19 01:28:55+00:00,7.119,-73.122,0.203979417681694,0.1432073563337326,0.4756958484649658,0.3340162634849548,293.05596923828125,19.90596923828128,SMAP_L4_SM_gph_20200619T013000_Vv8010_001.h5
2020-06-19,2020-06-19 04:28:55+00:00,7.119,-73.122,0.2003119736909866,0.1429219245910644,0.4671815633773803,0.3334574699401855,292.2592163085937,19.109216308593773,SMAP_L4_SM_gph_20200619T043000_Vv8010_001.h5
2020-06-19,2020-06-19 07:28:55+00:00,7.119,-73.122,0.1972584128379821,0.1425750851631164,0.4601684212684631,0.3325316905975342,291.38232421875,18.232324218750023,SMAP_L4_SM_gph_20200619T073000_Vv8010_001.h5
2020-06-19,2020-06-19 10:28:55+00:00,7.119,-73.122,0.1942952573299408,0.1420959234237671,0.4532124996185303,0.33157879114151,290.66162109375,17.511621093750023,SMAP_L4_SM_gph_20200619T103000_Vv8010_001.h5
2020-06-19,2020-06-19 13:28:55+00:00,7.119,-73.122,0.1910713762044906,0.1415956318378448,0.4456178545951843,0.3303267359733581,291.53448486328125,18.38448486328128,SMAP_L4_SM_gph_20200619T133000_Vv8010_001.h5
2020-06-19,2020-06-19 16:28:55+00:00,7.119,-73.122,0.1879036873579025,0.1408529877662658,0.4383459687232971,0.3285910189151764,293.6693725585937,20.519372558593773,SMAP_L4_SM_gph_20200619T163000_Vv8010_001.h5
2020-06-19,2020-06-19 19:28:55+00:00,7.119,-73.122,0.1977905333042144,0.1409897208213806,0.461432933807373,0.3288735449314117,294.5201416015625,21.370141601562523,SMAP_L4_SM_gph_20200619T193000_Vv8010_001.h5
2020-06-19,2020-06-19 22:28:55+00:00,7.119,-73.122,0.2138813436031341,0.1421636044979095,0.4989477097988128,0.3315963447093963,293.8645324707031,20.714532470703148,SMAP_L4_SM_gph_20200619T223000_Vv8010_001.h5
2020-06-20,2020-06-20 01:28:55+00:00,7.119,-73.122,0.2162003219127655,0.1428925395011901,0.5043651461601257,0.3333338797092438,293.0731811523437,19.923181152343773,SMAP_L4_SM_gph_20200620T013000_Vv8010_001.h5
2020-06-20,2020-06-20 04:28:55+00:00,7.119,-73.122,0.2088262289762497,0.142920434474945,0.4871022403240204,0.333406925201416,292.268798828125,19.118798828125023,SMAP_L4_SM_gph_20200620T043000_Vv8010_001.h5
2020-06-20,2020-06-20 07:28:55+00:00,7.119,-73.122,0.2028416991233825,0.1425348371267318,0.4731665849685669,0.3325109779834747,291.37921142578125,18.22921142578128,SMAP_L4_SM_gph_20200620T073000_Vv8010_001.h5
2020-06-20,2020-06-20 10:28:55+00:00,7.119,-73.122,0.1991719752550125,0.142094686627388,0.4645860195159912,0.3315006494522095,290.6600952148437,17.510095214843773,SMAP_L4_SM_gph_20200620T103000_Vv8010_001.h5
2020-06-20,2020-06-20 13:28:55+00:00,7.119,-73.122,0.1959161460399627,0.1415965408086776,0.4569767713546753,0.3303389251232147,291.53466796875,18.384667968750023,SMAP_L4_SM_gph_20200620T133000_Vv8010_001.h5
2020-06-20,2020-06-20 16:28:55+00:00,7.119,-73.122,0.1942890733480453,0.1409507095813751,0.4531860649585724,0.3288187980651855,293.4351501464844,20.2851501464844,SMAP_L4_SM_gph_20200620T163000_Vv8010_001.h5
2020-06-20,2020-06-20 19:28:55+00:00,7.119,-73.122,0.1970235407352447,0.1407376676797866,0.4596412181854248,0.328289657831192,293.9866943359375,20.836694335937523,SMAP_L4_SM_gph_20200620T193000_Vv8010_001.h5
2020-06-20,2020-06-20 22:28:55+00:00,7.119,-73.122,0.1963819116353988,0.140470951795578,0.4581314921379089,0.3276576697826385,293.84967041015625,20.69967041015628,SMAP_L4_SM_gph_20200620T223000_Vv8010_001.h5
2020-06-21,2020-06-21 01:28:55+00:00,7.119,-73.122,0.19427290558815,0.140209212899208,0.4531513154506683,0.3270013630390167,293.04034423828125,19.89034423828128,SMAP_L4_SM_gph_20200621T013000_Vv8010_001.h5
2020-06-21,2020-06-21 04:28:55+00:00,7.119,-73.122,0.1919445991516113,0.139942929148674,0.4476348757743835,0.3263331949710846,292.360107421875,19.210107421875023,SMAP_L4_SM_gph_20200621T043000_Vv8010_001.h5
2020-06-21,2020-06-21 07:28:55+00:00,7.119,-73.122,0.1895356774330139,0.139613926410675,0.4421039223670959,0.3257453441619873,291.8823547363281,18.732354736328148,SMAP_L4_SM_gph_20200621T073000_Vv8010_001.h5
2020-06-21,2020-06-21 10:28:55+00:00,7.119,-73.122,0.1879015564918518,0.1393132507801056,0.4382689595222473,0.324987530708313,291.3177185058594,18.1677185058594,SMAP_L4_SM_gph_20200621T103000_Vv8010_001.h5
2020-06-21,2020-06-21 13:28:55+00:00,7.119,-73.122,0.1848183721303939,0.138930082321167,0.4311276376247406,0.3240038156509399,292.1341857910156,18.984185791015648,SMAP_L4_SM_gph_20200621T133000_Vv8010_001.h5
2020-06-21,2020-06-21 16:28:55+00:00,7.119,-73.122,0.1816373914480209,0.1381527930498123,0.4237103760242462,0.3223371505737304,293.99139404296875,20.841394042968773,SMAP_L4_SM_gph_20200621T163000_Vv8010_001.h5
2020-06-21,2020-06-21 19:28:55+00:00,7.119,-73.122,0.1822734177112579,0.1377014070749282,0.4252286553382873,0.3212127685546875,294.8033142089844,21.6533142089844,SMAP_L4_SM_gph_20200621T193000_Vv8010_001.h5
2020-06-21,2020-06-21 22:28:55+00:00,7.119,-73.122,0.1829196661710739,0.1374967843294143,0.4266207814216614,0.3207055926322937,294.4051208496094,21.2551208496094,SMAP_L4_SM_gph_20200621T223000_Vv8010_001.h5
2020-06-22,2020-06-22 01:28:55+00:00,7.119,-73.122,0.189207524061203,0.1376982629299163,0.44134521484375,0.3212419152259826,293.5009765625,20.350976562500023,SMAP_L4_SM_gph_20200622T013000_Vv8010_001.h5
2020-06-22,2020-06-22 04:28:55+00:00,7.119,-73.122,0.1938778311014175,0.1379832476377487,0.4522431194782257,0.321921557188034,292.8890991210937,19.739099121093773,SMAP_L4_SM_gph_20200622T043000_Vv8010_001.h5
2020-06-22,2020-06-22 07:28:55+00:00,7.119,-73.122,0.1915482133626938,0.1379095464944839,0.4468445777893066,0.3216069936752319,292.0040283203125,18.854028320312523,SMAP_L4_SM_gph_20200622T073000_Vv8010_001.h5
2020-06-22,2020-06-22 10:28:55+00:00,7.119,-73.122,0.1903815120458603,0.137795940041542,0.444180428981781,0.3213477730751037,291.1540222167969,18.004022216796898,SMAP_L4_SM_gph_20200622T103000_Vv8010_001.h5
2020-06-22,2020-06-22 13:28:55+00:00,7.119,-73.122,0.1885923594236374,0.137501448392868,0.4400370121002197,0.3207653760910034,291.8495178222656,18.699517822265648,SMAP_L4_SM_gph_20200622T133000_Vv8010_001.h5
2020-06-22,2020-06-22 16:28:55+00:00,7.119,-73.122,0.1911557465791702,0.1372296959161758,0.4459784626960754,0.3201200664043426,293.6996765136719,20.549676513671898,SMAP_L4_SM_gph_20200622T163000_Vv8010_001.h5
2020-06-22,2020-06-22 19:28:55+00:00,7.119,-73.122,0.2132202684879303,0.1384530961513519,0.4973739087581634,0.3229720294475555,294.6543273925781,21.504327392578148,SMAP_L4_SM_gph_20200622T193000_Vv8010_001.h5
2020-06-22,2020-06-22 22:28:55+00:00,7.119,-73.122,0.2137738615274429,0.1394332349300384,0.4986922144889831,0.3253007233142853,294.331298828125,21.181298828125023,SMAP_L4_SM_gph_20200622T223000_Vv8010_001.h5
2020-06-23,2020-06-23 01:28:55+00:00,7.119,-73.122,0.2097816914319992,0.1398095339536667,0.4893656373023987,0.326181560754776,293.51336669921875,20.363366699218773,SMAP_L4_SM_gph_20200623T013000_Vv8010_001.h5
2020-06-23,2020-06-23 04:28:55+00:00,7.119,-73.122,0.205441415309906,0.1398029774427414,0.4792305529117584,0.3261271119117737,292.85272216796875,19.702722167968773,SMAP_L4_SM_gph_20200623T043000_Vv8010_001.h5
2020-06-23,2020-06-23 07:28:55+00:00,7.119,-73.122,0.2016201615333557,0.1396430134773254,0.4703015983104706,0.3257469832897186,292.00640869140625,18.85640869140628,SMAP_L4_SM_gph_20200623T073000_Vv8010_001.h5
2020-06-23,2020-06-23 10:28:55+00:00,7.119,-73.122,0.1985709220170974,0.139353334903717,0.4631784558296203,0.3250179588794708,291.14306640625,17.993066406250023,SMAP_L4_SM_gph_20200623T103000_Vv8010_001.h5
2020-06-23,2020-06-23 13:28:55+00:00,7.119,-73.122,0.196014404296875,0.1390097141265869,0.4571953117847442,0.3242593109607696,291.7073059082031,18.557305908203148,SMAP_L4_SM_gph_20200623T133000_Vv8010_001.h5
2020-06-23,2020-06-23 16:28:55+00:00,7.119,-73.122,0.1933023929595947,0.1385461091995239,0.4508741796016693,0.3231030106544494,293.1755676269531,20.025567626953148,SMAP_L4_SM_gph_20200623T163000_Vv8010_001.h5
2020-06-23,2020-06-23 19:28:55+00:00,7.119,-73.122,0.1979836523532867,0.1384747922420501,0.4617916643619537,0.3229914307594299,293.8791198730469,20.729119873046898,SMAP_L4_SM_gph_20200623T193000_Vv8010_001.h5
2020-06-23,2020-06-23 22:28:55+00:00,7.119,-73.122,0.2009771019220352,0.1385616362094879,0.4688015878200531,0.3231807947158813,293.678466796875,20.528466796875023,SMAP_L4_SM_gph_20200623T223000_Vv8010_001.h5
2020-06-24,2020-06-24 01:28:55+00:00,7.119,-73.122,0.2023230195045471,0.1384964883327484,0.4720063209533691,0.3230481445789337,293.0155029296875,19.865502929687523,SMAP_L4_SM_gph_20200624T013000_Vv8010_001.h5
2020-06-24,2020-06-24 04:28:55+00:00,7.119,-73.122,0.1979474127292633,0.1382967829704284,0.4617050588130951,0.32263845205307,292.3026428222656,19.152642822265648,SMAP_L4_SM_gph_20200624T043000_Vv8010_001.h5
2020-06-24,2020-06-24 07:28:55+00:00,7.119,-73.122,0.1945262104272842,0.1380818486213684,0.4537415206432342,0.3220670819282532,291.33404541015625,18.18404541015628,SMAP_L4_SM_gph_20200624T073000_Vv8010_001.h5
2020-06-24,2020-06-24 10:28:55+00:00,7.119,-73.122,0.1920998841524124,0.1378170102834701,0.4481624066829681,0.321524828672409,290.3972473144531,17.247247314453148,SMAP_L4_SM_gph_20200624T103000_Vv8010_001.h5
2020-06-24,2020-06-24 13:28:55+00:00,7.119,-73.122,0.1885571479797363,0.1373981386423111,0.4398114383220672,0.3204480111598968,291.05877685546875,17.908776855468773,SMAP_L4_SM_gph_20200624T133000_Vv8010_001.h5
2020-06-24,2020-06-24 16:28:55+00:00,7.119,-73.122,0.1833271235227584,0.1364948451519012,0.4276705086231231,0.3182826340198517,293.2109375,20.060937500000023,SMAP_L4_SM_gph_20200624T163000_Vv8010_001.h5
2020-06-24,2020-06-24 19:28:55+00:00,7.119,-73.122,0.1780373901128769,0.1355009377002716,0.4152870178222656,0.3161147534847259,294.4906921386719,21.340692138671898,SMAP_L4_SM_gph_20200624T193000_Vv8010_001.h5
2020-06-24,2020-06-24 22:28:55+00:00,7.119,-73.122,0.1756166070699691,0.1350250542163849,0.4096825718879699,0.3150485157966614,294.2881164550781,21.138116455078148,SMAP_L4_SM_gph_20200624T223000_Vv8010_001.h5
2020-06-25,2020-06-25 01:28:55+00:00,7.119,-73.122,0.1751742959022522,0.1349260210990905,0.408662736415863,0.3147799670696258,293.10113525390625,19.95113525390628,SMAP_L4_SM_gph_20200625T013000_Vv8010_001.h5
2020-06-25,2020-06-25 04:28:55+00:00,7.119,-73.122,0.1734809875488281,0.1348262280225753,0.4045875370502472,0.3145941495895386,291.9296264648437,18.779626464843773,SMAP_L4_SM_gph_20200625T043000_Vv8010_001.h5
2020-06-25,2020-06-25 07:28:55+00:00,7.119,-73.122,0.1719748079776764,0.1347091197967529,0.4012014269828796,0.3143253922462463,290.7648620605469,17.614862060546898,SMAP_L4_SM_gph_20200625T073000_Vv8010_001.h5
2020-06-25,2020-06-25 10:28:55+00:00,7.119,-73.122,0.1705791056156158,0.1345614492893219,0.3979523479938507,0.3138922750949859,289.97607421875,16.826074218750023,SMAP_L4_SM_gph_20200625T103000_Vv8010_001.h5
2020-06-25,2020-06-25 13:28:55+00:00,7.119,-73.122,0.1681677103042602,0.1342409253120422,0.392265647649765,0.3131197988986969,290.9637451171875,17.813745117187523,SMAP_L4_SM_gph_20200625T133000_Vv8010_001.h5
2020-06-25,2020-06-25 16:28:55+00:00,7.119,-73.122,0.1630084812641143,0.1333426833152771,0.3802008628845215,0.3109675943851471,293.1642761230469,20.014276123046898,SMAP_L4_SM_gph_20200625T163000_Vv8010_001.h5
2020-06-25,2020-06-25 19:28:55+00:00,7.119,-73.122,0.1628235280513763,0.1326152384281158,0.3798011243343353,0.3093845546245575,294.38458251953125,21.23458251953128,SMAP_L4_SM_gph_20200625T193000_Vv8010_001.h5
2020-06-25,2020-06-25 22:28:55+00:00,7.119,-73.122,0.1760386079549789,0.13309346139431,0.4105265736579895,0.3104945421218872,294.07061767578125,20.92061767578128,SMAP_L4_SM_gph_20200625T223000_Vv8010_001.h5
2020-06-26,2020-06-26 01:28:55+00:00,7.119,-73.122,0.1797723919153213,0.1334404349327087,0.4192783236503601,0.3112702965736389,292.9270935058594,19.7770935058594,SMAP_L4_SM_gph_20200626T013000_Vv8010_001.h5
2020-06-26,2020-06-26 04:28:55+00:00,7.119,-73.122,0.1778226941823959,0.1334456205368042,0.4148483872413635,0.3112837672233581,291.9242553710937,18.774255371093773,SMAP_L4_SM_gph_20200626T043000_Vv8010_001.h5
2020-06-26,2020-06-26 07:28:55+00:00,7.119,-73.122,0.1759865880012512,0.1334107667207718,0.4104045629501343,0.3111927807331085,291.1728820800781,18.022882080078148,SMAP_L4_SM_gph_20200626T073000_Vv8010_001.h5
2020-06-26,2020-06-26 10:28:55+00:00,7.119,-73.122,0.1744518131017685,0.1333200931549072,0.4069586992263794,0.3109932839870453,290.5570678710937,17.407067871093773,SMAP_L4_SM_gph_20200626T103000_Vv8010_001.h5
2020-06-26,2020-06-26 13:28:55+00:00,7.119,-73.122,0.1702424138784408,0.1327187120914459,0.3971571028232574,0.3094885945320129,291.5718078613281,18.421807861328148,SMAP_L4_SM_gph_20200626T133000_Vv8010_001.h5
2020-06-26,2020-06-26 16:28:55+00:00,7.119,-73.122,0.1686776727437973,0.1320734322071075,0.3934423923492431,0.3080918192863464,293.6266174316406,20.476617431640648,SMAP_L4_SM_gph_20200626T163000_Vv8010_001.h5
2020-06-26,2020-06-26 19:28:55+00:00,7.119,-73.122,0.1708370745182037,0.131761223077774,0.3984322547912597,0.3072558939456939,294.62646484375,21.476464843750023,SMAP_L4_SM_gph_20200626T193000_Vv8010_001.h5
2020-06-26,2020-06-26 22:28:55+00:00,7.119,-73.122,0.1757070571184158,0.1319368779659271,0.4098747968673706,0.3077987134456634,294.2850036621094,21.1350036621094,SMAP_L4_SM_gph_20200626T223000_Vv8010_001.h5
2020-06-27,2020-06-27 01:28:55+00:00,7.119,-73.122,0.1754187196493148,0.1319856643676757,0.4091821610927582,0.3079259991645813,293.4780578613281,20.328057861328148,SMAP_L4_SM_gph_20200627T013000_Vv8010_001.h5
2020-06-27,2020-06-27 04:28:55+00:00,7.119,-73.122,0.1746226400136947,0.1320347636938095,0.4074122309684753,0.3078949153423309,292.8448486328125,19.694848632812523,SMAP_L4_SM_gph_20200627T043000_Vv8010_001.h5
2020-06-27,2020-06-27 07:28:55+00:00,7.119,-73.122,0.174173042178154,0.1320019215345382,0.4062057733535766,0.3078942596912384,292.17987060546875,19.029870605468773,SMAP_L4_SM_gph_20200627T073000_Vv8010_001.h5
2020-06-27,2020-06-27 10:28:55+00:00,7.119,-73.122,0.1732935905456543,0.1319922804832458,0.4043295681476593,0.30795419216156,291.33990478515625,18.18990478515628,SMAP_L4_SM_gph_20200627T103000_Vv8010_001.h5
2020-06-27,2020-06-27 13:28:55+00:00,7.119,-73.122,0.1713354438543319,0.1318203806877136,0.3996199369430542,0.3074951469898224,291.9979553222656,18.847955322265648,SMAP_L4_SM_gph_20200627T133000_Vv8010_001.h5
2020-06-27,2020-06-27 16:28:55+00:00,7.119,-73.122,0.1672933399677276,0.1311971396207809,0.3902219533920288,0.3060336410999298,293.6889038085937,20.538903808593773,SMAP_L4_SM_gph_20200627T163000_Vv8010_001.h5
2020-06-27,2020-06-27 19:28:55+00:00,7.119,-73.122,0.1650555282831192,0.1306871920824051,0.3849750459194183,0.3047935366630554,294.5020751953125,21.352075195312523,SMAP_L4_SM_gph_20200627T193000_Vv8010_001.h5
2020-06-27,2020-06-27 22:28:55+00:00,7.119,-73.122,0.1648385971784591,0.1305534988641739,0.3845403790473938,0.3045562207698822,294.1003723144531,20.950372314453148,SMAP_L4_SM_gph_20200627T223000_Vv8010_001.h5
2020-06-28,2020-06-28 01:28:55+00:00,7.119,-73.122,0.1662336736917495,0.1306115537881851,0.3877497017383575,0.3047076761722564,293.38983154296875,20.239831542968773,SMAP_L4_SM_gph_20200628T013000_Vv8010_001.h5
2020-06-28,2020-06-28 04:28:55+00:00,7.119,-73.122,0.1685471087694168,0.130715861916542,0.3931600451469421,0.3049053847789764,292.9127197265625,19.762719726562523,SMAP_L4_SM_gph_20200628T043000_Vv8010_001.h5
2020-06-28,2020-06-28 07:28:55+00:00,7.119,-73.122,0.1699915826320648,0.130876749753952,0.3965395987033844,0.3052986562252044,292.2477722167969,19.097772216796898,SMAP_L4_SM_gph_20200628T073000_Vv8010_001.h5
2020-06-28,2020-06-28 10:28:55+00:00,7.119,-73.122,0.1727897524833679,0.1311056762933731,0.4030372500419616,0.3058323264122009,291.3638916015625,18.213891601562523,SMAP_L4_SM_gph_20200628T103000_Vv8010_001.h5
2020-06-28,2020-06-28 13:28:55+00:00,7.119,-73.122,0.1723457872867584,0.1311130076646804,0.4020991623401642,0.3058144748210907,291.7228088378906,18.572808837890648,SMAP_L4_SM_gph_20200628T133000_Vv8010_001.h5
2020-06-28,2020-06-28 16:28:55+00:00,7.119,-73.122,0.1700674146413803,0.1305240839719772,0.3967705368995666,0.3045274615287781,293.5421447753906,20.392144775390648,SMAP_L4_SM_gph_20200628T163000_Vv8010_001.h5
2020-06-28,2020-06-28 19:28:55+00:00,7.119,-73.122,0.1794074475765228,0.130780890583992,0.4185754954814911,0.305170863866806,293.8983764648437,20.748376464843773,SMAP_L4_SM_gph_20200628T193000_Vv8010_001.h5
2020-06-28,2020-06-28 22:28:55+00:00,7.119,-73.122,0.1838171482086181,0.1313478946685791,0.4288256764411926,0.306315541267395,293.180908203125,20.030908203125023,SMAP_L4_SM_gph_20200628T223000_Vv8010_001.h5
2020-06-29,2020-06-29 01:28:55+00:00,7.119,-73.122,0.1860602647066116,0.131346970796585,0.4340541064739227,0.3063983023166656,292.33172607421875,19.181726074218773,SMAP_L4_SM_gph_20200629T013000_Vv8010_001.h5
2020-06-29,2020-06-29 04:28:55+00:00,7.119,-73.122,0.1895525753498077,0.1318531781435012,0.4421584904193878,0.3075436353683471,291.52056884765625,18.37056884765628,SMAP_L4_SM_gph_20200629T043000_Vv8010_001.h5
2020-06-29,2020-06-29 07:28:55+00:00,7.119,-73.122,0.1871208548545837,0.1319887191057205,0.4365553557872772,0.3078228533267975,290.8163452148437,17.666345214843773,SMAP_L4_SM_gph_20200629T073000_Vv8010_001.h5
2020-06-29,2020-06-29 10:28:55+00:00,7.119,-73.122,0.1844021081924438,0.1319502294063568,0.43007892370224,0.3077594935894012,290.1466979980469,16.996697998046898,SMAP_L4_SM_gph_20200629T103000_Vv8010_001.h5
2020-06-29,2020-06-29 13:28:55+00:00,7.119,-73.122,0.1785423904657364,0.1314819306135177,0.4164524376392364,0.3066760599613189,291.0062866210937,17.856286621093773,SMAP_L4_SM_gph_20200629T133000_Vv8010_001.h5
2020-06-29,2020-06-29 16:28:55+00:00,7.119,-73.122,0.1853525191545486,0.1313750743865966,0.4324415326118469,0.306471586227417,293.1610412597656,20.011041259765648,SMAP_L4_SM_gph_20200629T163000_Vv8010_001.h5
2020-06-29,2020-06-29 19:28:55+00:00,7.119,-73.122,0.2205498665571212,0.1336106359958648,0.514477014541626,0.3116132020950317,294.2071533203125,21.057153320312523,SMAP_L4_SM_gph_20200629T193000_Vv8010_001.h5
2020-06-29,2020-06-29 22:28:55+00:00,7.119,-73.122,0.2240472137928009,0.1357340663671493,0.5227380990982056,0.3166218400001526,293.8082275390625,20.658227539062523,SMAP_L4_SM_gph_20200629T223000_Vv8010_001.h5
2020-06-30,2020-06-30 01:28:55+00:00,7.119,-73.122,0.2102127224206924,0.1362124979496002,0.4903683066368103,0.3177318871021271,293.01202392578125,19.86202392578128,SMAP_L4_SM_gph_20200630T013000_Vv8010_001.h5
2020-06-30,2020-06-30 04:28:55+00:00,7.119,-73.122,0.2001178562641143,0.1360454708337783,0.4668509066104889,0.3172856569290161,292.27850341796875,19.128503417968773,SMAP_L4_SM_gph_20200630T043000_Vv8010_001.h5
2020-06-30,2020-06-30 07:28:55+00:00,7.119,-73.122,0.1955735832452774,0.1358023136854171,0.4561187624931335,0.3167627453804016,291.52716064453125,18.37716064453128,SMAP_L4_SM_gph_20200630T073000_Vv8010_001.h5
2020-06-30,2020-06-30 10:28:55+00:00,7.119,-73.122,0.1926393657922744,0.135584071278572,0.4492688179016113,0.316182792186737,290.86114501953125,17.711145019531273,SMAP_L4_SM_gph_20200630T103000_Vv8010_001.h5
2020-06-30,2020-06-30 13:28:55+00:00,7.119,-73.122,0.1897277235984802,0.1352020502090454,0.4425834417343139,0.3152870833873749,291.49493408203125,18.34493408203128,SMAP_L4_SM_gph_20200630T133000_Vv8010_001.h5
2020-06-30,2020-06-30 16:28:55+00:00,7.119,-73.122,0.1844841092824936,0.1341630071401596,0.4303716123104095,0.3130011260509491,293.51739501953125,20.36739501953128,SMAP_L4_SM_gph_20200630T163000_Vv8010_001.h5
2020-06-30,2020-06-30 19:28:55+00:00,7.119,-73.122,0.1800892353057861,0.133252665400505,0.420115202665329,0.3108545243740082,294.4644470214844,21.3144470214844,SMAP_L4_SM_gph_20200630T193000_Vv8010_001.h5
2020-06-30,2020-06-30 22:28:55+00:00,7.119,-73.122,0.1796173304319381,0.1329417377710342,0.4189904630184173,0.3101444244384765,294.0999450683594,20.9499450683594,SMAP_L4_SM_gph_20200630T223000_Vv8010_001.h5
2020-07-01,2020-07-01 01:28:55+00:00,7.119,-73.122,0.1829749643802642,0.1330534368753433,0.4267377853393554,0.3104201555252075,293.1581115722656,20.008111572265648,SMAP_L4_SM_gph_20200701T013000_Vv8010_001.h5
2020-07-01,2020-07-01 04:28:55+00:00,7.119,-73.122,0.1849597096443176,0.1331371366977691,0.4314183890819549,0.3106011748313904,292.514892578125,19.364892578125023,SMAP_L4_SM_gph_20200701T043000_Vv8010_001.h5
2020-07-01,2020-07-01 07:28:55+00:00,7.119,-73.122,0.1848649531602859,0.1331530958414077,0.4311868548393249,0.3104837536811828,291.7592468261719,18.609246826171898,SMAP_L4_SM_gph_20200701T073000_Vv8010_001.h5
2020-07-01,2020-07-01 10:28:55+00:00,7.119,-73.122,0.1844359636306762,0.133109301328659,0.4302084445953369,0.3104919493198395,291.0419311523437,17.891931152343773,SMAP_L4_SM_gph_20200701T103000_Vv8010_001.h5
2020-07-01,2020-07-01 13:28:55+00:00,7.119,-73.122,0.1815871298313141,0.1328718811273574,0.423656165599823,0.3098990321159363,291.7069702148437,18.556970214843773,SMAP_L4_SM_gph_20200701T133000_Vv8010_001.h5
2020-07-01,2020-07-01 16:28:55+00:00,7.119,-73.122,0.1770562678575515,0.1321011632680893,0.4130192995071411,0.308249294757843,293.58868408203125,20.43868408203128,SMAP_L4_SM_gph_20200701T163000_Vv8010_001.h5
2020-07-01,2020-07-01 19:28:55+00:00,7.119,-73.122,0.1801604777574539,0.1318275779485702,0.4202282130718231,0.3075990676879883,294.3039245605469,21.153924560546898,SMAP_L4_SM_gph_20200701T193000_Vv8010_001.h5
2020-07-01,2020-07-01 22:28:55+00:00,7.119,-73.122,0.190868467092514,0.1324736773967743,0.4452341198921203,0.3090350031852722,293.6319274902344,20.4819274902344,SMAP_L4_SM_gph_20200701T223000_Vv8010_001.h5
2020-07-02,2020-07-02 01:28:55+00:00,7.119,-73.122,0.1937949955463409,0.1325676441192627,0.4521292150020599,0.3092427551746368,292.861083984375,19.711083984375023,SMAP_L4_SM_gph_20200702T013000_Vv8010_001.h5
2020-07-02,2020-07-02 04:28:55+00:00,7.119,-73.122,0.1945820748805999,0.1328606307506561,0.4539850652217865,0.3099434375762939,292.2967529296875,19.146752929687523,SMAP_L4_SM_gph_20200702T043000_Vv8010_001.h5
2020-07-02,2020-07-02 07:28:55+00:00,7.119,-73.122,0.192062959074974,0.1328611671924591,0.4479883015155792,0.3099079430103302,291.5497436523437,18.399743652343773,SMAP_L4_SM_gph_20200702T073000_Vv8010_001.h5
2020-07-02,2020-07-02 10:28:55+00:00,7.119,-73.122,0.1897642314434051,0.1328257471323013,0.442697525024414,0.309815764427185,290.80841064453125,17.658410644531273,SMAP_L4_SM_gph_20200702T103000_Vv8010_001.h5
2020-07-02,2020-07-02 13:28:55+00:00,7.119,-73.122,0.1855971217155456,0.1322907507419586,0.432950496673584,0.3085102438926697,291.56658935546875,18.416589355468773,SMAP_L4_SM_gph_20200702T133000_Vv8010_001.h5
2020-07-02,2020-07-02 16:28:55+00:00,7.119,-73.122,0.1836028397083282,0.1316560059785843,0.4282839298248291,0.3071408271789551,293.3953552246094,20.2453552246094,SMAP_L4_SM_gph_20200702T163000_Vv8010_001.h5
2020-07-02,2020-07-02 19:28:55+00:00,7.119,-73.122,0.1913924217224121,0.1319373548030853,0.4464153349399566,0.3078480064868927,293.95330810546875,20.803308105468773,SMAP_L4_SM_gph_20200702T193000_Vv8010_001.h5
2020-07-02,2020-07-02 22:28:55+00:00,7.119,-73.122,0.1907763481140136,0.132027268409729,0.445032000541687,0.3080452680587768,293.6868896484375,20.536889648437523,SMAP_L4_SM_gph_20200702T223000_Vv8010_001.h5
2020-07-03,2020-07-03 01:28:55+00:00,7.119,-73.122,0.1898808032274246,0.1321586519479751,0.4428776502609253,0.3083136975765228,292.7645568847656,19.614556884765648,SMAP_L4_SM_gph_20200703T013000_Vv8010_001.h5
2020-07-03,2020-07-03 04:28:55+00:00,7.119,-73.122,0.188021570444107,0.1321294158697128,0.4385657012462616,0.3082375228404999,292.041748046875,18.891748046875023,SMAP_L4_SM_gph_20200703T043000_Vv8010_001.h5
2020-07-03,2020-07-03 07:28:55+00:00,7.119,-73.122,0.1866901516914367,0.1321109682321548,0.4355461001396179,0.3081528544425964,291.456298828125,18.306298828125023,SMAP_L4_SM_gph_20200703T073000_Vv8010_001.h5
2020-07-03,2020-07-03 10:28:55+00:00,7.119,-73.122,0.1853243857622146,0.1320627331733703,0.4322544932365417,0.3080271780490875,290.65802001953125,17.508020019531273,SMAP_L4_SM_gph_20200703T103000_Vv8010_001.h5
2020-07-03,2020-07-03 13:28:55+00:00,7.119,-73.122,0.1830723136663437,0.1317871958017349,0.427030473947525,0.3074086904525757,291.4053039550781,18.255303955078148,SMAP_L4_SM_gph_20200703T133000_Vv8010_001.h5
2020-07-03,2020-07-03 16:28:55+00:00,7.119,-73.122,0.1802548617124557,0.131009042263031,0.4205593764781952,0.3056176304817199,293.4484558105469,20.298455810546898,SMAP_L4_SM_gph_20200703T163000_Vv8010_001.h5
2020-07-03,2020-07-03 19:28:55+00:00,7.119,-73.122,0.184327557682991,0.1308507323265075,0.4299863874912262,0.3053158223628998,294.23956298828125,21.08956298828128,SMAP_L4_SM_gph_20200703T193000_Vv8010_001.h5
2020-07-03,2020-07-03 22:28:55+00:00,7.119,-73.122,0.1850264072418213,0.1310147494077682,0.4315384924411773,0.3056692779064178,293.9638977050781,20.813897705078148,SMAP_L4_SM_gph_20200703T223000_Vv8010_001.h5
2020-07-04,2020-07-04 01:28:55+00:00,7.119,-73.122,0.1845165491104126,0.1311586499214172,0.4304103851318359,0.3059333264827728,293.2281494140625,20.078149414062523,SMAP_L4_SM_gph_20200704T013000_Vv8010_001.h5
2020-07-04,2020-07-04 04:28:55+00:00,7.119,-73.122,0.183697909116745,0.1312706172466278,0.4285100698471069,0.3062732815742492,292.724609375,19.574609375000023,SMAP_L4_SM_gph_20200704T043000_Vv8010_001.h5
2020-07-04,2020-07-04 07:28:55+00:00,7.119,-73.122,0.1823512762784958,0.1313798725605011,0.4253337979316711,0.3064472377300262,292.1873779296875,19.037377929687523,SMAP_L4_SM_gph_20200704T073000_Vv8010_001.h5
2020-07-04,2020-07-04 10:28:55+00:00,7.119,-73.122,0.1806941479444503,0.1313526332378387,0.4215595126152038,0.3063763082027435,291.606201171875,18.456201171875023,SMAP_L4_SM_gph_20200704T103000_Vv8010_001.h5
2020-07-04,2020-07-04 13:28:55+00:00,7.119,-73.122,0.1793536394834518,0.1312157064676284,0.4183316528797149,0.3060568869113922,291.7025756835937,18.552575683593773,SMAP_L4_SM_gph_20200704T133000_Vv8010_001.h5
2020-07-04,2020-07-04 16:28:55+00:00,7.119,-73.122,0.1802856028079986,0.1312200874090194,0.4205359518527984,0.3061048984527588,292.2891845703125,19.139184570312523,SMAP_L4_SM_gph_20200704T163000_Vv8010_001.h5
2020-07-04,2020-07-04 19:28:55+00:00,7.119,-73.122,0.1787131577730178,0.1309877336025238,0.4168128967285156,0.3055620193481445,292.9828491210937,19.832849121093773,SMAP_L4_SM_gph_20200704T193000_Vv8010_001.h5
2020-07-04,2020-07-04 22:28:55+00:00,7.119,-73.122,0.1764510869979858,0.1307303011417389,0.4115127921104431,0.3049539625644684,293.1036682128906,19.953668212890648,SMAP_L4_SM_gph_20200704T223000_Vv8010_001.h5
2020-07-05,2020-07-05 01:28:55+00:00,7.119,-73.122,0.1730370223522186,0.1304331421852111,0.403676688671112,0.3043274581432342,292.236083984375,19.086083984375023,SMAP_L4_SM_gph_20200705T013000_Vv8010_001.h5
2020-07-05,2020-07-05 04:28:55+00:00,7.119,-73.122,0.173036128282547,0.1304629296064376,0.4035919606685638,0.3042830526828766,291.2271728515625,18.077172851562523,SMAP_L4_SM_gph_20200705T043000_Vv8010_001.h5
2020-07-05,2020-07-05 07:28:55+00:00,7.119,-73.122,0.1731086671352386,0.1304880678653717,0.4039065241813659,0.3043115735054016,290.4934387207031,17.343438720703148,SMAP_L4_SM_gph_20200705T073000_Vv8010_001.h5
2020-07-05,2020-07-05 10:28:55+00:00,7.119,-73.122,0.1723599731922149,0.1304512470960617,0.4021052420139313,0.3042156994342804,289.8448791503906,16.694879150390648,SMAP_L4_SM_gph_20200705T103000_Vv8010_001.h5
2020-07-05,2020-07-05 13:28:55+00:00,7.119,-73.122,0.1704468727111816,0.1302283406257629,0.3976224958896637,0.3036606609821319,290.679443359375,17.529443359375023,SMAP_L4_SM_gph_20200705T133000_Vv8010_001.h5
2020-07-05,2020-07-05 16:28:55+00:00,7.119,-73.122,0.165518656373024,0.129291370511055,0.3861265778541565,0.3015664517879486,292.914306640625,19.764306640625023,SMAP_L4_SM_gph_20200705T163000_Vv8010_001.h5
2020-07-05,2020-07-05 19:28:55+00:00,7.119,-73.122,0.1623712629079818,0.1284670382738113,0.3787727057933807,0.2996439039707184,294.1185913085937,20.968591308593773,SMAP_L4_SM_gph_20200705T193000_Vv8010_001.h5
2020-07-05,2020-07-05 22:28:55+00:00,7.119,-73.122,0.1665233522653579,0.1285128146409988,0.3884162306785583,0.2997633218765259,293.852783203125,20.702783203125023,SMAP_L4_SM_gph_20200705T223000_Vv8010_001.h5
2020-07-06,2020-07-06 01:28:55+00:00,7.119,-73.122,0.1798169016838073,0.129417136311531,0.4194567799568176,0.3018094301223755,292.80963134765625,19.65963134765628,SMAP_L4_SM_gph_20200706T013000_Vv8010_001.h5
2020-07-06,2020-07-06 04:28:55+00:00,7.119,-73.122,0.1857505440711975,0.1300917118787765,0.4332190752029419,0.3034045696258545,292.09185791015625,18.94185791015628,SMAP_L4_SM_gph_20200706T043000_Vv8010_001.h5
2020-07-06,2020-07-06 07:28:55+00:00,7.119,-73.122,0.1819623708724975,0.1301991492509842,0.4244365394115448,0.3036105632781982,291.346923828125,18.196923828125023,SMAP_L4_SM_gph_20200706T073000_Vv8010_001.h5
2020-07-06,2020-07-06 10:28:55+00:00,7.119,-73.122,0.1786748319864273,0.1301700919866562,0.4167459309101105,0.3036568462848663,290.1158447265625,16.965844726562523,SMAP_L4_SM_gph_20200706T103000_Vv8010_001.h5
2020-07-06,2020-07-06 13:28:55+00:00,7.119,-73.122,0.175797551870346,0.1299292892217636,0.4101829528808594,0.3031031489372253,290.78485107421875,17.634851074218773,SMAP_L4_SM_gph_20200706T133000_Vv8010_001.h5
2020-07-06,2020-07-06 16:28:55+00:00,7.119,-73.122,0.1721419841051101,0.1292242556810379,0.4015505015850067,0.3013435006141662,292.90234375,19.752343750000023,SMAP_L4_SM_gph_20200706T163000_Vv8010_001.h5
2020-07-06,2020-07-06 19:28:55+00:00,7.119,-73.122,0.1825282871723175,0.1294305920600891,0.4258611798286438,0.3019666075706482,293.7186279296875,20.568627929687523,SMAP_L4_SM_gph_20200706T193000_Vv8010_001.h5
2020-07-06,2020-07-06 22:28:55+00:00,7.119,-73.122,0.2071888595819473,0.1314243376255035,0.4832189381122589,0.3066369295120239,293.3812866210937,20.231286621093773,SMAP_L4_SM_gph_20200706T223000_Vv8010_001.h5
2020-07-07,2020-07-07 01:28:55+00:00,7.119,-73.122,0.1973736733198166,0.1311843544244766,0.4604650735855102,0.3060003221035003,292.5433349609375,19.393334960937523,SMAP_L4_SM_gph_20200707T013000_Vv8010_001.h5
2020-07-07,2020-07-07 04:28:55+00:00,7.119,-73.122,0.1945327222347259,0.1313838958740234,0.4537649750709533,0.3065314292907715,291.71173095703125,18.56173095703128,SMAP_L4_SM_gph_20200707T043000_Vv8010_001.h5
2020-07-07,2020-07-07 07:28:55+00:00,7.119,-73.122,0.1922511905431747,0.1314840912818908,0.4483433663845062,0.3067185580730438,290.9843139648437,17.834313964843773,SMAP_L4_SM_gph_20200707T073000_Vv8010_001.h5
2020-07-07,2020-07-07 10:28:55+00:00,7.119,-73.122,0.1893237084150314,0.131394475698471,0.4416227042675018,0.3065219819545746,290.3795166015625,17.229516601562523,SMAP_L4_SM_gph_20200707T103000_Vv8010_001.h5
2020-07-07,2020-07-07 13:28:55+00:00,7.119,-73.122,0.1847732961177826,0.1306512504816055,0.4309754371643066,0.3047480285167694,291.2608947753906,18.110894775390648,SMAP_L4_SM_gph_20200707T133000_Vv8010_001.h5
2020-07-07,2020-07-07 16:28:55+00:00,7.119,-73.122,0.2066659778356552,0.131662979722023,0.4820078313350677,0.3070368468761444,292.9590759277344,19.8090759277344,SMAP_L4_SM_gph_20200707T163000_Vv8010_001.h5
2020-07-07,2020-07-07 19:28:55+00:00,7.119,-73.122,0.2110202461481094,0.1329984068870544,0.492244154214859,0.3102284967899322,293.3612365722656,20.211236572265648,SMAP_L4_SM_gph_20200707T193000_Vv8010_001.h5
2020-07-07,2020-07-07 22:28:55+00:00,7.119,-73.122,0.2127453386783599,0.1336324959993362,0.4962396323680877,0.3116330504417419,293.4150695800781,20.265069580078148,SMAP_L4_SM_gph_20200707T223000_Vv8010_001.h5
2020-07-08,2020-07-08 01:28:55+00:00,7.119,-73.122,0.2190988510847091,0.1352745592594146,0.5110303163528442,0.3155240416526794,292.4191589355469,19.269158935546898,SMAP_L4_SM_gph_20200708T013000_Vv8010_001.h5
2020-07-08,2020-07-08 04:28:55+00:00,7.119,-73.122,0.2159172147512436,0.1361420899629593,0.5035954117774963,0.3176332116127014,291.5520935058594,18.4020935058594,SMAP_L4_SM_gph_20200708T043000_Vv8010_001.h5
2020-07-08,2020-07-08 07:28:55+00:00,7.119,-73.122,0.2070893794298172,0.1363425254821777,0.483177125453949,0.3180445432662964,290.8908386230469,17.740838623046898,SMAP_L4_SM_gph_20200708T073000_Vv8010_001.h5
2020-07-08,2020-07-08 10:28:55+00:00,7.119,-73.122,0.20187509059906,0.1362300366163253,0.4708960950374603,0.3177883923053741,290.28692626953125,17.136926269531273,SMAP_L4_SM_gph_20200708T103000_Vv8010_001.h5
2020-07-08,2020-07-08 13:28:55+00:00,7.119,-73.122,0.1963917464017868,0.1359704136848449,0.4580525755882263,0.3171376883983612,291.2008056640625,18.050805664062523,SMAP_L4_SM_gph_20200708T133000_Vv8010_001.h5
2020-07-08,2020-07-08 16:28:55+00:00,7.119,-73.122,0.1940044909715652,0.1352722942829132,0.4525887370109558,0.315640240907669,293.4066772460937,20.256677246093773,SMAP_L4_SM_gph_20200708T163000_Vv8010_001.h5
2020-07-08,2020-07-08 19:28:55+00:00,7.119,-73.122,0.233776181936264,0.1380778551101684,0.5453354716300964,0.3221415877342224,294.2291564941406,21.079156494140648,SMAP_L4_SM_gph_20200708T193000_Vv8010_001.h5
2020-07-08,2020-07-08 22:28:55+00:00,7.119,-73.122,0.26314178109169,0.1459207832813263,0.6137961745262146,0.3404094576835632,293.418701171875,20.268701171875023,SMAP_L4_SM_gph_20200708T223000_Vv8010_001.h5
2020-07-09,2020-07-09 01:28:55+00:00,7.119,-73.122,0.2255593687295913,0.1478734165430069,0.526217520236969,0.3449247479438782,292.4848937988281,19.334893798828148,SMAP_L4_SM_gph_20200709T013000_Vv8010_001.h5
2020-07-09,2020-07-09 04:28:55+00:00,7.119,-73.122,0.2079129219055175,0.1469232887029647,0.4850022494792938,0.3426743149757385,291.56158447265625,18.41158447265628,SMAP_L4_SM_gph_20200709T043000_Vv8010_001.h5
2020-07-09,2020-07-09 07:28:55+00:00,7.119,-73.122,0.2018202692270279,0.1459791213274002,0.4707807004451751,0.3405244946479797,290.6142883300781,17.464288330078148,SMAP_L4_SM_gph_20200709T073000_Vv8010_001.h5
2020-07-09,2020-07-09 10:28:55+00:00,7.119,-73.122,0.1984316408634185,0.145150750875473,0.4628410041332245,0.3386023640632629,289.7435607910156,16.593560791015648,SMAP_L4_SM_gph_20200709T103000_Vv8010_001.h5
2020-07-09,2020-07-09 13:28:55+00:00,7.119,-73.122,0.1954752653837204,0.1441762745380401,0.4559855759143829,0.3364105820655823,290.7235717773437,17.573571777343773,SMAP_L4_SM_gph_20200709T133000_Vv8010_001.h5
2020-07-09,2020-07-09 16:28:55+00:00,7.119,-73.122,0.190925732254982,0.1428544521331787,0.4454323053359985,0.3332913219928741,293.1184387207031,19.968438720703148,SMAP_L4_SM_gph_20200709T163000_Vv8010_001.h5
2020-07-09,2020-07-09 19:28:55+00:00,7.119,-73.122,0.1878041476011276,0.1417177468538284,0.4381807148456573,0.3306656181812286,294.2089233398437,21.058923339843773,SMAP_L4_SM_gph_20200709T193000_Vv8010_001.h5
2020-07-09,2020-07-09 22:28:55+00:00,7.119,-73.122,0.1878568232059478,0.1410824060440063,0.4382255375385284,0.3290135860443115,293.9583740234375,20.808374023437523,SMAP_L4_SM_gph_20200709T223000_Vv8010_001.h5
2020-07-10,2020-07-10 01:28:55+00:00,7.119,-73.122,0.188490092754364,0.1405060291290283,0.439595490694046,0.3278190493583679,293.21075439453125,20.06075439453128,SMAP_L4_SM_gph_20200710T013000_Vv8010_001.h5
2020-07-10,2020-07-10 04:28:55+00:00,7.119,-73.122,0.1872447729110717,0.1400460749864578,0.4369018971920013,0.3266720473766327,292.66436767578125,19.51436767578128,SMAP_L4_SM_gph_20200710T043000_Vv8010_001.h5
2020-07-10,2020-07-10 07:28:55+00:00,7.119,-73.122,0.1860321760177612,0.1396102160215377,0.4338622391223907,0.3256731331348419,291.8255615234375,18.675561523437523,SMAP_L4_SM_gph_20200710T073000_Vv8010_001.h5
2020-07-10,2020-07-10 10:28:55+00:00,7.119,-73.122,0.1850035339593887,0.1391559094190597,0.4314960837364197,0.3246628642082214,291.07080078125,17.920800781250023,SMAP_L4_SM_gph_20200710T103000_Vv8010_001.h5
2020-07-10,2020-07-10 13:28:55+00:00,7.119,-73.122,0.183613434433937,0.1387614905834198,0.4282438158988952,0.3236128985881805,291.490478515625,18.340478515625023,SMAP_L4_SM_gph_20200710T133000_Vv8010_001.h5
2020-07-10,2020-07-10 16:28:55+00:00,7.119,-73.122,0.1793016046285629,0.1377956718206405,0.4182192683219909,0.321480244398117,293.402099609375,20.252099609375023,SMAP_L4_SM_gph_20200710T163000_Vv8010_001.h5
2020-07-10,2020-07-10 19:28:55+00:00,7.119,-73.122,0.1757798045873642,0.1368893682956695,0.4100860953330993,0.3193439543247223,294.4630126953125,21.313012695312523,SMAP_L4_SM_gph_20200710T193000_Vv8010_001.h5
2020-07-10,2020-07-10 22:28:55+00:00,7.119,-73.122,0.1762879490852356,0.1364518851041793,0.411112904548645,0.3182555139064789,294.14556884765625,20.99556884765628,SMAP_L4_SM_gph_20200710T223000_Vv8010_001.h5
2020-07-11,2020-07-11 01:28:55+00:00,7.119,-73.122,0.212787926197052,0.1385115981101989,0.4963297843933105,0.3231350481510162,293.25018310546875,20.100183105468773,SMAP_L4_SM_gph_20200711T013000_Vv8010_001.h5
2020-07-11,2020-07-11 04:28:55+00:00,7.119,-73.122,0.2305919528007507,0.1415230333805084,0.5379345417022705,0.3301471471786499,292.42889404296875,19.278894042968773,SMAP_L4_SM_gph_20200711T043000_Vv8010_001.h5
2020-07-11,2020-07-11 07:28:55+00:00,7.119,-73.122,0.2132370769977569,0.1417894065380096,0.4974138140678406,0.330778419971466,291.6719055175781,18.521905517578148,SMAP_L4_SM_gph_20200711T073000_Vv8010_001.h5
2020-07-11,2020-07-11 10:28:55+00:00,7.119,-73.122,0.2047943919897079,0.1414185017347335,0.4776461124420166,0.3299116492271423,290.84014892578125,17.690148925781273,SMAP_L4_SM_gph_20200711T103000_Vv8010_001.h5
2020-07-11,2020-07-11 13:28:55+00:00,7.119,-73.122,0.2020576298236847,0.1410655528306961,0.4713470935821533,0.3290917873382568,291.2169189453125,18.066918945312523,SMAP_L4_SM_gph_20200711T133000_Vv8010_001.h5
2020-07-11,2020-07-11 16:28:55+00:00,7.119,-73.122,0.199000209569931,0.1404771506786346,0.4641191065311432,0.3275620639324188,292.7554931640625,19.605493164062523,SMAP_L4_SM_gph_20200711T163000_Vv8010_001.h5
2020-07-11,2020-07-11 19:28:55+00:00,7.119,-73.122,0.1999874413013458,0.1399556696414947,0.4664299786090851,0.3265360891819,293.8701171875,20.720117187500023,SMAP_L4_SM_gph_20200711T193000_Vv8010_001.h5
2020-07-11,2020-07-11 22:28:55+00:00,7.119,-73.122,0.200557142496109,0.139820784330368,0.4677764177322387,0.3262213766574859,293.6934814453125,20.543481445312523,SMAP_L4_SM_gph_20200711T223000_Vv8010_001.h5
2020-07-12,2020-07-12 01:28:55+00:00,7.119,-73.122,0.1976176053285598,0.139636680483818,0.4610061943531036,0.3256935477256775,292.537353515625,19.387353515625023,SMAP_L4_SM_gph_20200712T013000_Vv8010_001.h5
2020-07-12,2020-07-12 04:28:55+00:00,7.119,-73.122,0.1950326859951019,0.1393283605575561,0.455009251832962,0.3250750005245209,291.6837463378906,18.533746337890648,SMAP_L4_SM_gph_20200712T043000_Vv8010_001.h5
2020-07-12,2020-07-12 07:28:55+00:00,7.119,-73.122,0.1916095316410064,0.1388992518186569,0.447003573179245,0.3240566849708557,290.9364624023437,17.786462402343773,SMAP_L4_SM_gph_20200712T073000_Vv8010_001.h5
2020-07-12,2020-07-12 10:28:55+00:00,7.119,-73.122,0.1889629662036895,0.1384987533092498,0.4408214092254638,0.3231129348278045,290.1178283691406,16.967828369140648,SMAP_L4_SM_gph_20200712T103000_Vv8010_001.h5
2020-07-12,2020-07-12 13:28:55+00:00,7.119,-73.122,0.1900202929973602,0.1386671513319015,0.4432092308998108,0.3234409093856811,290.8092346191406,17.659234619140648,SMAP_L4_SM_gph_20200712T133000_Vv8010_001.h5
2020-07-12,2020-07-12 16:28:55+00:00,7.119,-73.122,0.1873820126056671,0.1379837840795517,0.4371184110641479,0.3218595087528229,292.7408142089844,19.5908142089844,SMAP_L4_SM_gph_20200712T163000_Vv8010_001.h5
2020-07-12,2020-07-12 19:28:55+00:00,7.119,-73.122,0.1903596520423889,0.1376702338457107,0.4440792202949524,0.3211422562599182,293.7716369628906,20.621636962890648,SMAP_L4_SM_gph_20200712T193000_Vv8010_001.h5
2020-07-12,2020-07-12 22:28:55+00:00,7.119,-73.122,0.1932118088006973,0.1375938653945922,0.4507931768894195,0.3208949565887451,293.55322265625,20.403222656250023,SMAP_L4_SM_gph_20200712T223000_Vv8010_001.h5
2020-07-13,2020-07-13 01:28:55+00:00,7.119,-73.122,0.1973270773887634,0.1378663331270218,0.4603352844715118,0.3215421736240387,292.59503173828125,19.44503173828128,SMAP_L4_SM_gph_20200713T013000_Vv8010_001.h5
2020-07-13,2020-07-13 04:28:55+00:00,7.119,-73.122,0.1975025832653045,0.1377843916416168,0.460711658000946,0.3215247392654419,291.777587890625,18.627587890625023,SMAP_L4_SM_gph_20200713T043000_Vv8010_001.h5
2020-07-13,2020-07-13 07:28:55+00:00,7.119,-73.122,0.19588303565979,0.1376629322767257,0.4568175971508026,0.3211231529712677,291.3323669433594,18.1823669433594,SMAP_L4_SM_gph_20200713T073000_Vv8010_001.h5
2020-07-13,2020-07-13 10:28:55+00:00,7.119,-73.122,0.1924698948860168,0.1374360918998718,0.4489264190196991,0.3205210566520691,290.8743591308594,17.724359130859398,SMAP_L4_SM_gph_20200713T103000_Vv8010_001.h5
2020-07-13,2020-07-13 13:28:55+00:00,7.119,-73.122,0.1886489540338516,0.1369869261980056,0.4401359558105469,0.3195361495018005,291.5670166015625,18.417016601562523,SMAP_L4_SM_gph_20200713T133000_Vv8010_001.h5
2020-07-13,2020-07-13 16:28:55+00:00,7.119,-73.122,0.1867889463901519,0.1362902224063873,0.4356630146503448,0.3179199695587158,293.54754638671875,20.397546386718773,SMAP_L4_SM_gph_20200713T163000_Vv8010_001.h5
2020-07-13,2020-07-13 19:28:55+00:00,7.119,-73.122,0.1982311010360717,0.1365251690149307,0.4623325169086456,0.3185431063175201,294.3848876953125,21.234887695312523,SMAP_L4_SM_gph_20200713T193000_Vv8010_001.h5
2020-07-13,2020-07-13 22:28:55+00:00,7.119,-73.122,0.2013515681028366,0.1370771825313568,0.4697122871875763,0.31980761885643,293.81573486328125,20.66573486328128,SMAP_L4_SM_gph_20200713T223000_Vv8010_001.h5
2020-07-14,2020-07-14 01:28:55+00:00,7.119,-73.122,0.1949974745512008,0.1369710713624954,0.4548402428627014,0.3194829821586609,292.9701538085937,19.820153808593773,SMAP_L4_SM_gph_20200714T013000_Vv8010_001.h5
2020-07-14,2020-07-14 04:28:55+00:00,7.119,-73.122,0.1910742223262787,0.136807233095169,0.4457415044307709,0.3190448582172394,292.2577209472656,19.107720947265648,SMAP_L4_SM_gph_20200714T043000_Vv8010_001.h5
2020-07-14,2020-07-14 07:28:55+00:00,7.119,-73.122,0.1881215870380401,0.1365617364645004,0.4388640224933624,0.3184679746627807,291.272705078125,18.122705078125023,SMAP_L4_SM_gph_20200714T073000_Vv8010_001.h5
2020-07-14,2020-07-14 10:28:55+00:00,7.119,-73.122,0.1852504909038543,0.1363426595926284,0.4320819079875946,0.3179229497909546,290.4840087890625,17.334008789062523,SMAP_L4_SM_gph_20200714T103000_Vv8010_001.h5
2020-07-14,2020-07-14 13:28:55+00:00,7.119,-73.122,0.1818055808544159,0.1359369307756424,0.4241183698177337,0.3170875310897827,291.2528686523437,18.102868652343773,SMAP_L4_SM_gph_20200714T133000_Vv8010_001.h5
2020-07-14,2020-07-14 16:28:55+00:00,7.119,-73.122,0.1781597137451172,0.1351938843727111,0.4155528247356415,0.3153878450393677,293.26715087890625,20.11715087890628,SMAP_L4_SM_gph_20200714T163000_Vv8010_001.h5
2020-07-14,2020-07-14 19:28:55+00:00,7.119,-73.122,0.1776172369718551,0.1346084028482437,0.4143943786621094,0.3139878809452057,294.15496826171875,21.004968261718773,SMAP_L4_SM_gph_20200714T193000_Vv8010_001.h5
2020-07-14,2020-07-14 22:28:55+00:00,7.119,-73.122,0.1801120340824127,0.134565994143486,0.4201998114585876,0.3139622509479522,293.7916259765625,20.641625976562523,SMAP_L4_SM_gph_20200714T223000_Vv8010_001.h5
2020-07-15,2020-07-15 01:28:55+00:00,7.119,-73.122,0.1806043088436126,0.1345887780189514,0.4213683009147644,0.314033180475235,292.92156982421875,19.771569824218773,SMAP_L4_SM_gph_20200715T013000_Vv8010_001.h5
2020-07-15,2020-07-15 04:28:55+00:00,7.119,-73.122,0.179979532957077,0.1345195025205612,0.4197933375835418,0.3136824369430542,292.1351623535156,18.985162353515648,SMAP_L4_SM_gph_20200715T043000_Vv8010_001.h5
2020-07-15,2020-07-15 07:28:55+00:00,7.119,-73.122,0.1788544803857803,0.1343723833560943,0.417117565870285,0.3134098052978515,291.25885009765625,18.10885009765628,SMAP_L4_SM_gph_20200715T073000_Vv8010_001.h5
2020-07-15,2020-07-15 10:28:55+00:00,7.119,-73.122,0.1775280535221099,0.1342222690582275,0.4141779541969299,0.3130073845386505,290.46759033203125,17.317590332031273,SMAP_L4_SM_gph_20200715T103000_Vv8010_001.h5
2020-07-15,2020-07-15 13:28:55+00:00,7.119,-73.122,0.1735129505395889,0.1336450576782226,0.4047179520130157,0.3117993772029876,291.2794189453125,18.129418945312523,SMAP_L4_SM_gph_20200715T133000_Vv8010_001.h5
2020-07-15,2020-07-15 16:28:55+00:00,7.119,-73.122,0.1690427660942077,0.1327727884054184,0.3943446278572082,0.3096294701099396,293.5374450683594,20.3874450683594,SMAP_L4_SM_gph_20200715T163000_Vv8010_001.h5
2020-07-15,2020-07-15 19:28:55+00:00,7.119,-73.122,0.1677494794130325,0.1320456713438034,0.3912225365638733,0.3080933392047882,294.5811767578125,21.431176757812523,SMAP_L4_SM_gph_20200715T193000_Vv8010_001.h5
2020-07-15,2020-07-15 22:28:55+00:00,7.119,-73.122,0.1676991432905197,0.131859689950943,0.391233891248703,0.3075606226921081,294.1773376464844,21.0273376464844,SMAP_L4_SM_gph_20200715T223000_Vv8010_001.h5
2020-07-16,2020-07-16 01:28:55+00:00,7.119,-73.122,0.1675366312265396,0.1318216770887375,0.3907768130302429,0.3074615597724914,293.11676025390625,19.96676025390628,SMAP_L4_SM_gph_20200716T013000_Vv8010_001.h5
2020-07-16,2020-07-16 04:28:55+00:00,7.119,-73.122,0.1676860004663467,0.1318098902702331,0.3912267386913299,0.3074676990509033,292.20166015625,19.051660156250023,SMAP_L4_SM_gph_20200716T043000_Vv8010_001.h5
2020-07-16,2020-07-16 07:28:55+00:00,7.119,-73.122,0.1686280071735382,0.1318648904561996,0.3933525383472442,0.3076111376285553,291.34283447265625,18.19283447265628,SMAP_L4_SM_gph_20200716T073000_Vv8010_001.h5
2020-07-16,2020-07-16 10:28:55+00:00,7.119,-73.122,0.1693465858697891,0.1319149434566497,0.3950007855892181,0.3077044486999511,290.80694580078125,17.656945800781273,SMAP_L4_SM_gph_20200716T103000_Vv8010_001.h5
2020-07-16,2020-07-16 13:28:55+00:00,7.119,-73.122,0.1681498438119888,0.1317224502563476,0.3921808302402496,0.3073137998580932,291.5573425292969,18.407342529296898,SMAP_L4_SM_gph_20200716T133000_Vv8010_001.h5
2020-07-16,2020-07-16 16:28:55+00:00,7.119,-73.122,0.1634828895330429,0.1308770626783371,0.3812935948371887,0.3052623569965362,293.7995300292969,20.649530029296898,SMAP_L4_SM_gph_20200716T163000_Vv8010_001.h5
2020-07-16,2020-07-16 19:28:55+00:00,7.119,-73.122,0.1615268588066101,0.1300985515117645,0.3768194317817688,0.3035553693771362,294.8710327148437,21.721032714843773,SMAP_L4_SM_gph_20200716T193000_Vv8010_001.h5
2020-07-16,2020-07-16 22:28:55+00:00,7.119,-73.122,0.1720364391803741,0.1305797100067138,0.4012859463691711,0.3045985400676727,294.1776428222656,21.027642822265648,SMAP_L4_SM_gph_20200716T223000_Vv8010_001.h5
2020-07-17,2020-07-17 01:28:55+00:00,7.119,-73.122,0.1856420636177063,0.1315449774265289,0.4331040978431701,0.306888610124588,293.08233642578125,19.93233642578128,SMAP_L4_SM_gph_20200717T013000_Vv8010_001.h5
2020-07-17,2020-07-17 04:28:55+00:00,7.119,-73.122,0.1882736980915069,0.1321544051170349,0.4392610788345337,0.3083879053592682,292.27978515625,19.129785156250023,SMAP_L4_SM_gph_20200717T043000_Vv8010_001.h5
2020-07-17,2020-07-17 07:28:55+00:00,7.119,-73.122,0.1847357451915741,0.1323368847370147,0.4309060871601105,0.30866739153862,291.57989501953125,18.42989501953128,SMAP_L4_SM_gph_20200717T073000_Vv8010_001.h5
2020-07-17,2020-07-17 10:28:55+00:00,7.119,-73.122,0.1810164749622345,0.1323089301586151,0.4222539067268371,0.3085944950580597,291.095947265625,17.945947265625023,SMAP_L4_SM_gph_20200717T103000_Vv8010_001.h5
2020-07-17,2020-07-17 13:28:55+00:00,7.119,-73.122,0.1784010678529739,0.1321146339178085,0.4160380959510803,0.3081991076469421,291.758056640625,18.608056640625023,SMAP_L4_SM_gph_20200717T133000_Vv8010_001.h5
2020-07-17,2020-07-17 16:28:55+00:00,7.119,-73.122,0.1735059171915054,0.131314069032669,0.4046998023986816,0.3064235150814056,293.63623046875,20.486230468750023,SMAP_L4_SM_gph_20200717T163000_Vv8010_001.h5
2020-07-17,2020-07-17 19:28:55+00:00,7.119,-73.122,0.1697940230369568,0.1304994225502014,0.3960905373096466,0.3044151365756988,294.852783203125,21.702783203125023,SMAP_L4_SM_gph_20200717T193000_Vv8010_001.h5
2020-07-17,2020-07-17 22:28:55+00:00,7.119,-73.122,0.1758313179016113,0.1306835263967514,0.4100499451160431,0.3047469854354858,294.42535400390625,21.27535400390628,SMAP_L4_SM_gph_20200717T223000_Vv8010_001.h5
2020-07-18,2020-07-18 01:28:55+00:00,7.119,-73.122,0.1766339540481567,0.1306099146604538,0.4119930863380432,0.3047142028808594,293.4174194335937,20.267419433593773,SMAP_L4_SM_gph_20200718T013000_Vv8010_001.h5
2020-07-18,2020-07-18 04:28:55+00:00,7.119,-73.122,0.1775714755058288,0.1307654082775116,0.4141262471675873,0.3050454556941986,292.5384521484375,19.388452148437523,SMAP_L4_SM_gph_20200718T043000_Vv8010_001.h5
2020-07-18,2020-07-18 07:28:55+00:00,7.119,-73.122,0.1774320900440216,0.130835011601448,0.4138855636119842,0.3051528036594391,291.6529846191406,18.502984619140648,SMAP_L4_SM_gph_20200718T073000_Vv8010_001.h5
2020-07-18,2020-07-18 10:28:55+00:00,7.119,-73.122,0.176216185092926,0.1308496445417404,0.4110465347766876,0.3051541149616241,291.0097045898437,17.859704589843773,SMAP_L4_SM_gph_20200718T103000_Vv8010_001.h5
2020-07-18,2020-07-18 13:28:55+00:00,7.119,-73.122,0.1729109734296798,0.1305244117975235,0.4034208357334137,0.3044309020042419,291.9429931640625,18.792993164062523,SMAP_L4_SM_gph_20200718T133000_Vv8010_001.h5
2020-07-18,2020-07-18 16:28:55+00:00,7.119,-73.122,0.1705945581197738,0.1298637688159942,0.3979582190513611,0.302908182144165,293.8045654296875,20.654565429687523,SMAP_L4_SM_gph_20200718T163000_Vv8010_001.h5
2020-07-18,2020-07-18 19:28:55+00:00,7.119,-73.122,0.1746870130300521,0.1296422481536865,0.4074631929397583,0.3023931086063385,294.4564208984375,21.306420898437523,SMAP_L4_SM_gph_20200718T193000_Vv8010_001.h5
2020-07-18,2020-07-18 22:28:55+00:00,7.119,-73.122,0.1766194850206375,0.1296637207269668,0.4120030105113983,0.3024739325046539,294.09381103515625,20.94381103515628,SMAP_L4_SM_gph_20200718T223000_Vv8010_001.h5
2020-07-19,2020-07-19 01:28:55+00:00,7.119,-73.122,0.1764216125011444,0.1297738403081894,0.4116336107254028,0.3027239739894867,293.3303527832031,20.180352783203148,SMAP_L4_SM_gph_20200719T013000_Vv8010_001.h5
2020-07-19,2020-07-19 04:28:55+00:00,7.119,-73.122,0.1771853119134903,0.1298587173223495,0.4132159650325775,0.3030302822589874,292.76373291015625,19.61373291015628,SMAP_L4_SM_gph_20200719T043000_Vv8010_001.h5
2020-07-19,2020-07-19 07:28:55+00:00,7.119,-73.122,0.176829844713211,0.1299570947885513,0.4124493300914764,0.3031277656555176,292.2675476074219,19.117547607421898,SMAP_L4_SM_gph_20200719T073000_Vv8010_001.h5
2020-07-19,2020-07-19 10:28:55+00:00,7.119,-73.122,0.1753725558519363,0.1300130784511566,0.4091431796550751,0.3032737970352173,291.6508178710937,18.500817871093773,SMAP_L4_SM_gph_20200719T103000_Vv8010_001.h5
2020-07-19,2020-07-19 13:28:55+00:00,7.119,-73.122,0.1731657981872558,0.1297906637191772,0.403967946767807,0.3027678430080414,292.3175964355469,19.167596435546898,SMAP_L4_SM_gph_20200719T133000_Vv8010_001.h5
2020-07-19,2020-07-19 16:28:55+00:00,7.119,-73.122,0.168986827135086,0.1291052848100662,0.3941242694854736,0.3010594248771667,294.0142822265625,20.864282226562523,SMAP_L4_SM_gph_20200719T163000_Vv8010_001.h5
2020-07-19,2020-07-19 19:28:55+00:00,7.119,-73.122,0.1710536032915115,0.1288791447877884,0.3990345895290375,0.3005809783935547,294.40118408203125,21.25118408203128,SMAP_L4_SM_gph_20200719T193000_Vv8010_001.h5
2020-07-19,2020-07-19 22:28:55+00:00,7.119,-73.122,0.1794926226139068,0.1294461190700531,0.4187779128551483,0.301895797252655,293.604736328125,20.454736328125023,SMAP_L4_SM_gph_20200719T223000_Vv8010_001.h5
2020-07-20,2020-07-20 01:28:55+00:00,7.119,-73.122,0.1815209835767746,0.1298028379678726,0.4234319925308227,0.3027254641056061,292.7540283203125,19.604028320312523,SMAP_L4_SM_gph_20200720T013000_Vv8010_001.h5
2020-07-20,2020-07-20 04:28:55+00:00,7.119,-73.122,0.1839712411165237,0.130214586853981,0.429187923669815,0.3036986291408539,292.0299072265625,18.879907226562523,SMAP_L4_SM_gph_20200720T043000_Vv8010_001.h5
2020-07-20,2020-07-20 07:28:55+00:00,7.119,-73.122,0.1834781616926193,0.1304048895835876,0.4279458224773407,0.3042057156562805,291.2739562988281,18.123956298828148,SMAP_L4_SM_gph_20200720T073000_Vv8010_001.h5
2020-07-20,2020-07-20 10:28:55+00:00,7.119,-73.122,0.1823109537363052,0.1306088417768478,0.4251683056354522,0.3046263456344604,290.8031005859375,17.653100585937523,SMAP_L4_SM_gph_20200720T103000_Vv8010_001.h5
2020-07-20,2020-07-20 13:28:55+00:00,7.119,-73.122,0.1784823089838028,0.1303993761539459,0.4163131415843963,0.3042283952236175,291.6214904785156,18.471490478515648,SMAP_L4_SM_gph_20200720T133000_Vv8010_001.h5
2020-07-20,2020-07-20 16:28:55+00:00,7.119,-73.122,0.1745211035013198,0.1297127157449722,0.4070788621902466,0.3025645911693573,293.635986328125,20.485986328125023,SMAP_L4_SM_gph_20200720T163000_Vv8010_001.h5
2020-07-20,2020-07-20 19:28:55+00:00,7.119,-73.122,0.1841529160737991,0.1298795640468597,0.4295726716518402,0.3030105233192444,294.3500061035156,21.200006103515648,SMAP_L4_SM_gph_20200720T193000_Vv8010_001.h5
2020-07-20,2020-07-20 22:28:55+00:00,7.119,-73.122,0.206183061003685,0.1315345615148544,0.4809673130512237,0.3068982064723968,293.6822814941406,20.532281494140648,SMAP_L4_SM_gph_20200720T223000_Vv8010_001.h5
2020-07-21,2020-07-21 01:28:55+00:00,7.119,-73.122,0.2204559743404388,0.1343171745538711,0.5142192244529724,0.3133028149604797,292.8482666015625,19.698266601562523,SMAP_L4_SM_gph_20200721T013000_Vv8010_001.h5
2020-07-21,2020-07-21 04:28:55+00:00,7.119,-73.122,0.2086477577686309,0.1349647343158722,0.486750066280365,0.3148646056652069,292.1649169921875,19.014916992187523,SMAP_L4_SM_gph_20200721T043000_Vv8010_001.h5
2020-07-21,2020-07-21 07:28:55+00:00,7.119,-73.122,0.2015385776758194,0.1350808143615722,0.4701482951641083,0.3151301443576813,291.49725341796875,18.347253417968773,SMAP_L4_SM_gph_20200721T073000_Vv8010_001.h5
2020-07-21,2020-07-21 10:28:55+00:00,7.119,-73.122,0.1954261213541031,0.1349573284387588,0.4559037983417511,0.3147971332073211,290.84881591796875,17.698815917968773,SMAP_L4_SM_gph_20200721T103000_Vv8010_001.h5
2020-07-21,2020-07-21 13:28:55+00:00,7.119,-73.122,0.1901450008153915,0.1346620321273803,0.4434455931186676,0.3140056431293487,291.5368957519531,18.386895751953148,SMAP_L4_SM_gph_20200721T133000_Vv8010_001.h5
2020-07-21,2020-07-21 16:28:55+00:00,7.119,-73.122,0.1888596266508102,0.1339911073446273,0.4404537081718445,0.3125792145729065,293.3828430175781,20.232843017578148,SMAP_L4_SM_gph_20200721T163000_Vv8010_001.h5
2020-07-21,2020-07-21 19:28:55+00:00,7.119,-73.122,0.2100834399461746,0.1353574842214584,0.4899556934833526,0.315618097782135,293.7496337890625,20.599633789062523,SMAP_L4_SM_gph_20200721T193000_Vv8010_001.h5
2020-07-21,2020-07-21 22:28:55+00:00,7.119,-73.122,0.2078440487384796,0.1360473036766052,0.4848499298095703,0.3174231350421905,293.2667236328125,20.116723632812523,SMAP_L4_SM_gph_20200721T223000_Vv8010_001.h5
2020-07-22,2020-07-22 01:28:55+00:00,7.119,-73.122,0.2061930894851684,0.1365766674280166,0.4809165596961975,0.3185917735099792,292.5539245605469,19.403924560546898,SMAP_L4_SM_gph_20200722T013000_Vv8010_001.h5
2020-07-22,2020-07-22 04:28:55+00:00,7.119,-73.122,0.1998072266578674,0.1364724040031433,0.4661143124103546,0.3183941841125488,291.8622436523437,18.712243652343773,SMAP_L4_SM_gph_20200722T043000_Vv8010_001.h5
2020-07-22,2020-07-22 07:28:55+00:00,7.119,-73.122,0.1954378634691238,0.136311337351799,0.4557760059833526,0.3179633021354675,291.16412353515625,18.014123535156273,SMAP_L4_SM_gph_20200722T073000_Vv8010_001.h5
2020-07-22,2020-07-22 10:28:55+00:00,7.119,-73.122,0.1964175552129745,0.1363518387079239,0.4581459760665893,0.3180689215660095,290.6279296875,17.477929687500023,SMAP_L4_SM_gph_20200722T103000_Vv8010_001.h5
2020-07-22,2020-07-22 13:28:55+00:00,7.119,-73.122,0.1964838206768036,0.13638536632061,0.458404928445816,0.3181564211845398,291.0047912597656,17.854791259765648,SMAP_L4_SM_gph_20200722T133000_Vv8010_001.h5
2020-07-22,2020-07-22 16:28:55+00:00,7.119,-73.122,0.1915491670370102,0.1357874274253845,0.4468074738979339,0.316845953464508,292.4405822753906,19.290582275390648,SMAP_L4_SM_gph_20200722T163000_Vv8010_001.h5
2020-07-22,2020-07-22 19:28:55+00:00,7.119,-73.122,0.1904061436653137,0.1353574842214584,0.4440816342830658,0.3158252835273742,293.12420654296875,19.974206542968773,SMAP_L4_SM_gph_20200722T193000_Vv8010_001.h5
2020-07-22,2020-07-22 22:28:55+00:00,7.119,-73.122,0.1877591907978058,0.1350782215595245,0.4379348158836365,0.3150865137577057,292.8363037109375,19.686303710937523,SMAP_L4_SM_gph_20200722T223000_Vv8010_001.h5
2020-07-23,2020-07-23 01:28:55+00:00,7.119,-73.122,0.1844020038843155,0.134864866733551,0.4300828278064728,0.3145194053649902,291.9818420410156,18.831842041015648,SMAP_L4_SM_gph_20200723T013000_Vv8010_001.h5
2020-07-23,2020-07-23 04:28:55+00:00,7.119,-73.122,0.1830485463142395,0.1346505433320999,0.4269174337387085,0.3141086995601654,291.0513610839844,17.901361083984398,SMAP_L4_SM_gph_20200723T043000_Vv8010_001.h5
2020-07-23,2020-07-23 07:28:55+00:00,7.119,-73.122,0.1816823929548263,0.1345060914754867,0.4239081442356109,0.3137211501598358,290.42169189453125,17.271691894531273,SMAP_L4_SM_gph_20200723T073000_Vv8010_001.h5
2020-07-23,2020-07-23 10:28:55+00:00,7.119,-73.122,0.1804652363061905,0.1342997103929519,0.4209549129009247,0.31333127617836,289.9716186523437,16.821618652343773,SMAP_L4_SM_gph_20200723T103000_Vv8010_001.h5
2020-07-23,2020-07-23 13:28:55+00:00,7.119,-73.122,0.1776371002197265,0.1339971125125885,0.4143485128879547,0.3125205636024475,290.8641052246094,17.714105224609398,SMAP_L4_SM_gph_20200723T133000_Vv8010_001.h5
2020-07-23,2020-07-23 16:28:55+00:00,7.119,-73.122,0.1741898655891418,0.133169487118721,0.4063259065151214,0.3105633556842804,293.0106201171875,19.860620117187523,SMAP_L4_SM_gph_20200723T163000_Vv8010_001.h5
2020-07-23,2020-07-23 19:28:55+00:00,7.119,-73.122,0.1864601969718933,0.1331937760114669,0.4348996877670288,0.3107117712497711,293.9490966796875,20.799096679687523,SMAP_L4_SM_gph_20200723T193000_Vv8010_001.h5
2020-07-23,2020-07-23 22:28:55+00:00,7.119,-73.122,0.2043226361274719,0.1343676596879959,0.4765724241733551,0.3133974969387054,293.4735717773437,20.323571777343773,SMAP_L4_SM_gph_20200723T223000_Vv8010_001.h5
2020-07-24,2020-07-24 01:28:55+00:00,7.119,-73.122,0.2045746147632599,0.13502137362957,0.4772171080112457,0.3149384260177612,292.53094482421875,19.380944824218773,SMAP_L4_SM_gph_20200724T013000_Vv8010_001.h5
2020-07-24,2020-07-24 04:28:55+00:00,7.119,-73.122,0.1982858628034591,0.1351588368415832,0.462572306394577,0.3152225315570831,291.7284240722656,18.578424072265648,SMAP_L4_SM_gph_20200724T043000_Vv8010_001.h5
2020-07-24,2020-07-24 07:28:55+00:00,7.119,-73.122,0.1936734318733215,0.1350684165954589,0.4517318606376648,0.3150608539581299,291.025146484375,17.875146484375023,SMAP_L4_SM_gph_20200724T073000_Vv8010_001.h5
2020-07-24,2020-07-24 10:28:55+00:00,7.119,-73.122,0.1940474659204483,0.1351692825555801,0.4525784850120544,0.3152866959571838,290.4000244140625,17.250024414062523,SMAP_L4_SM_gph_20200724T103000_Vv8010_001.h5
2020-07-24,2020-07-24 13:28:55+00:00,7.119,-73.122,0.199054405093193,0.1356246620416641,0.464337557554245,0.3164586126804352,290.7557373046875,17.605737304687523,SMAP_L4_SM_gph_20200724T133000_Vv8010_001.h5
2020-07-24,2020-07-24 16:28:55+00:00,7.119,-73.122,0.1988730877637863,0.1356510818004608,0.4638404846191406,0.3164053857326507,292.283447265625,19.133447265625023,SMAP_L4_SM_gph_20200724T163000_Vv8010_001.h5
2020-07-24,2020-07-24 19:28:55+00:00,7.119,-73.122,0.2179517447948455,0.1370577663183212,0.5084889531135559,0.3196717798709869,293.33514404296875,20.185144042968773,SMAP_L4_SM_gph_20200724T193000_Vv8010_001.h5
2020-07-24,2020-07-24 22:28:55+00:00,7.119,-73.122,0.2245751023292541,0.1390073299407959,0.5238673090934753,0.3241422474384308,292.9253845214844,19.7753845214844,SMAP_L4_SM_gph_20200724T223000_Vv8010_001.h5
2020-07-25,2020-07-25 01:28:55+00:00,7.119,-73.122,0.2252502888441085,0.1406069695949554,0.5253442525863647,0.327959656715393,292.1183166503906,18.968316650390648,SMAP_L4_SM_gph_20200725T013000_Vv8010_001.h5
2020-07-25,2020-07-25 04:28:55+00:00,7.119,-73.122,0.2169110029935836,0.1411997377872467,0.5059788823127747,0.3293419778347015,291.4480895996094,18.2980895996094,SMAP_L4_SM_gph_20200725T043000_Vv8010_001.h5
2020-07-25,2020-07-25 07:28:55+00:00,7.119,-73.122,0.2091443091630935,0.1411626935005188,0.4877864122390747,0.3292824327945709,290.92071533203125,17.770715332031273,SMAP_L4_SM_gph_20200725T073000_Vv8010_001.h5
2020-07-25,2020-07-25 10:28:55+00:00,7.119,-73.122,0.2030399739742279,0.1408226639032364,0.4736161828041076,0.3284960389137268,290.2518310546875,17.101831054687523,SMAP_L4_SM_gph_20200725T103000_Vv8010_001.h5
2020-07-25,2020-07-25 13:28:55+00:00,7.119,-73.122,0.1997107863426208,0.1404300332069397,0.4659647643566131,0.3276095688343048,290.75006103515625,17.600061035156273,SMAP_L4_SM_gph_20200725T133000_Vv8010_001.h5
2020-07-25,2020-07-25 16:28:55+00:00,7.119,-73.122,0.1993988305330276,0.1398985385894775,0.4652052223682403,0.3263130784034729,292.4676513671875,19.317651367187523,SMAP_L4_SM_gph_20200725T163000_Vv8010_001.h5
2020-07-25,2020-07-25 19:28:55+00:00,7.119,-73.122,0.2069145739078521,0.1399489045143127,0.4825940132141113,0.3263705968856811,293.28240966796875,20.132409667968773,SMAP_L4_SM_gph_20200725T193000_Vv8010_001.h5
2020-07-25,2020-07-25 22:28:55+00:00,7.119,-73.122,0.2148870825767517,0.1406006515026092,0.5013569593429565,0.3278697729110718,293.0620422363281,19.912042236328148,SMAP_L4_SM_gph_20200725T223000_Vv8010_001.h5
2020-07-26,2020-07-26 01:28:55+00:00,7.119,-73.122,0.2175907045602798,0.1412694007158279,0.5074756741523743,0.3294498026371002,292.4354248046875,19.285424804687523,SMAP_L4_SM_gph_20200726T013000_Vv8010_001.h5
2020-07-26,2020-07-26 04:28:55+00:00,7.119,-73.122,0.2140064835548401,0.1416743248701095,0.4992533028125763,0.3305270373821258,291.9128112792969,18.762811279296898,SMAP_L4_SM_gph_20200726T043000_Vv8010_001.h5
2020-07-26,2020-07-26 07:28:55+00:00,7.119,-73.122,0.2049198001623153,0.1413685530424118,0.4780434370040893,0.3298298716545105,291.4652099609375,18.315209960937523,SMAP_L4_SM_gph_20200726T073000_Vv8010_001.h5
2020-07-26,2020-07-26 10:28:55+00:00,7.119,-73.122,0.1996175944805145,0.1409586817026138,0.4657425284385681,0.3288134038448334,290.7698669433594,17.619866943359398,SMAP_L4_SM_gph_20200726T103000_Vv8010_001.h5
2020-07-26,2020-07-26 13:28:55+00:00,7.119,-73.122,0.1961020231246948,0.1405060589313507,0.4574024379253387,0.3276855647563934,291.296875,18.146875000000023,SMAP_L4_SM_gph_20200726T133000_Vv8010_001.h5
2020-07-26,2020-07-26 16:28:55+00:00,7.119,-73.122,0.1912906020879745,0.1394754648208618,0.4462106227874756,0.3253474235534668,293.2714233398437,20.121423339843773,SMAP_L4_SM_gph_20200726T163000_Vv8010_001.h5
2020-07-26,2020-07-26 19:28:55+00:00,7.119,-73.122,0.1955547779798507,0.1390258222818374,0.4560969173908233,0.32427579164505,294.13848876953125,20.98848876953128,SMAP_L4_SM_gph_20200726T193000_Vv8010_001.h5
2020-07-26,2020-07-26 22:28:55+00:00,7.119,-73.122,0.2134192883968353,0.14024518430233,0.4979044497013092,0.3271653056144714,293.44744873046875,20.297448730468773,SMAP_L4_SM_gph_20200726T223000_Vv8010_001.h5
2020-07-27,2020-07-27 01:28:55+00:00,7.119,-73.122,0.2443345785140991,0.1442085355520248,0.5699167251586914,0.3364324271678924,292.4085998535156,19.258599853515648,SMAP_L4_SM_gph_20200727T013000_Vv8010_001.h5
2020-07-27,2020-07-27 04:28:55+00:00,7.119,-73.122,0.2237275689840316,0.1460563242435455,0.5220059752464294,0.3407484292984009,291.6266784667969,18.476678466796898,SMAP_L4_SM_gph_20200727T043000_Vv8010_001.h5
2020-07-27,2020-07-27 07:28:55+00:00,7.119,-73.122,0.2122822850942611,0.1457253992557525,0.4951377213001251,0.3399856388568878,290.89776611328125,17.747766113281273,SMAP_L4_SM_gph_20200727T073000_Vv8010_001.h5
2020-07-27,2020-07-27 10:28:55+00:00,7.119,-73.122,0.2053925842046737,0.1452203243970871,0.4790795147418976,0.3387579023838043,290.228271484375,17.078271484375023,SMAP_L4_SM_gph_20200727T103000_Vv8010_001.h5
2020-07-27,2020-07-27 13:28:55+00:00,7.119,-73.122,0.199986845254898,0.1444038152694702,0.4664781987667084,0.3367816209793091,291.16827392578125,18.01827392578128,SMAP_L4_SM_gph_20200727T133000_Vv8010_001.h5
2020-07-27,2020-07-27 16:28:55+00:00,7.119,-73.122,0.1985214948654174,0.1433250904083252,0.4630216062068939,0.3343921899795532,293.4906921386719,20.340692138671898,SMAP_L4_SM_gph_20200727T163000_Vv8010_001.h5
2020-07-27,2020-07-27 19:28:55+00:00,7.119,-73.122,0.2257916927337646,0.1446541398763656,0.5265668630599976,0.337371289730072,294.3985595703125,21.248559570312523,SMAP_L4_SM_gph_20200727T193000_Vv8010_001.h5
2020-07-27,2020-07-27 22:28:55+00:00,7.119,-73.122,0.2468909174203872,0.1481508314609527,0.5758532881736755,0.3455227315425873,293.8360595703125,20.686059570312523,SMAP_L4_SM_gph_20200727T223000_Vv8010_001.h5
2020-07-28,2020-07-28 01:28:55+00:00,7.119,-73.122,0.2278554439544677,0.1498782634735107,0.5315392017364502,0.3495624363422394,292.906982421875,19.756982421875023,SMAP_L4_SM_gph_20200728T013000_Vv8010_001.h5
2020-07-28,2020-07-28 04:28:55+00:00,7.119,-73.122,0.2119800746440887,0.1491614431142807,0.4945180416107178,0.3480160236358642,292.1800231933594,19.0300231933594,SMAP_L4_SM_gph_20200728T043000_Vv8010_001.h5
2020-07-28,2020-07-28 07:28:55+00:00,7.119,-73.122,0.204567939043045,0.1482796221971511,0.477195143699646,0.3459063470363617,291.31103515625,18.161035156250023,SMAP_L4_SM_gph_20200728T073000_Vv8010_001.h5
2020-07-28,2020-07-28 10:28:55+00:00,7.119,-73.122,0.2005634158849716,0.1473750174045562,0.4677938222885132,0.3438595235347748,290.46441650390625,17.314416503906273,SMAP_L4_SM_gph_20200728T103000_Vv8010_001.h5
2020-07-28,2020-07-28 13:28:55+00:00,7.119,-73.122,0.1978240758180618,0.1467177718877792,0.4614250361919403,0.3423095047473907,291.3985900878906,18.248590087890648,SMAP_L4_SM_gph_20200728T133000_Vv8010_001.h5
2020-07-28,2020-07-28 16:28:55+00:00,7.119,-73.122,0.193391352891922,0.1454673558473587,0.4511102735996246,0.3393881618976593,293.57965087890625,20.42965087890628,SMAP_L4_SM_gph_20200728T163000_Vv8010_001.h5
2020-07-28,2020-07-28 19:28:55+00:00,7.119,-73.122,0.1913443952798843,0.1443630903959274,0.4463126063346863,0.3367735743522644,294.56170654296875,21.411706542968773,SMAP_L4_SM_gph_20200728T193000_Vv8010_001.h5
2020-07-28,2020-07-28 22:28:55+00:00,7.119,-73.122,0.1905352622270584,0.1436320692300796,0.4444181323051452,0.3349098861217499,294.2996826171875,21.149682617187523,SMAP_L4_SM_gph_20200728T223000_Vv8010_001.h5
2020-07-29,2020-07-29 01:28:55+00:00,7.119,-73.122,0.1915145069360733,0.1433828324079513,0.4467278718948364,0.3344083428382873,293.263671875,20.113671875000023,SMAP_L4_SM_gph_20200729T013000_Vv8010_001.h5
2020-07-29,2020-07-29 04:28:55+00:00,7.119,-73.122,0.191622257232666,0.1428695768117904,0.4469515085220337,0.3332811594009399,292.6132202148437,19.463220214843773,SMAP_L4_SM_gph_20200729T043000_Vv8010_001.h5
2020-07-29,2020-07-29 07:28:55+00:00,7.119,-73.122,0.1907409429550171,0.1423862278461456,0.4448491036891937,0.332109659910202,291.9862060546875,18.836206054687523,SMAP_L4_SM_gph_20200729T073000_Vv8010_001.h5
2020-07-29,2020-07-29 10:28:55+00:00,7.119,-73.122,0.1887007504701614,0.1418301314115524,0.4401732683181762,0.3309077620506286,291.0202331542969,17.870233154296898,SMAP_L4_SM_gph_20200729T103000_Vv8010_001.h5
2020-07-29,2020-07-29 13:28:55+00:00,7.119,-73.122,0.186015635728836,0.141248419880867,0.4338535964488983,0.3295173048973083,291.736328125,18.586328125000023,SMAP_L4_SM_gph_20200729T133000_Vv8010_001.h5
2020-07-29,2020-07-29 16:28:55+00:00,7.119,-73.122,0.181731030344963,0.1402404755353927,0.4239419996738434,0.3271529674530029,293.9412536621094,20.7912536621094,SMAP_L4_SM_gph_20200729T163000_Vv8010_001.h5
2020-07-29,2020-07-29 19:28:55+00:00,7.119,-73.122,0.1813992261886596,0.1395110189914703,0.423149973154068,0.325415164232254,294.9790344238281,21.829034423828148,SMAP_L4_SM_gph_20200729T193000_Vv8010_001.h5
2020-07-29,2020-07-29 22:28:55+00:00,7.119,-73.122,0.181708350777626,0.1392063200473785,0.423793762922287,0.3246475756168365,294.57000732421875,21.420007324218773,SMAP_L4_SM_gph_20200729T223000_Vv8010_001.h5
2020-07-30,2020-07-30 01:28:55+00:00,7.119,-73.122,0.1821186989545822,0.1390333473682403,0.4247701466083526,0.3243440985679626,293.48687744140625,20.33687744140628,SMAP_L4_SM_gph_20200730T013000_Vv8010_001.h5
2020-07-30,2020-07-30 04:28:55+00:00,7.119,-73.122,0.1814802289009094,0.1388716101646423,0.423275351524353,0.3239113688468933,292.5147705078125,19.364770507812523,SMAP_L4_SM_gph_20200730T043000_Vv8010_001.h5
2020-07-30,2020-07-30 07:28:55+00:00,7.119,-73.122,0.180141195654869,0.138666883111,0.4201563596725464,0.323403537273407,291.6571960449219,18.507196044921898,SMAP_L4_SM_gph_20200730T073000_Vv8010_001.h5
2020-07-30,2020-07-30 10:28:55+00:00,7.119,-73.122,0.1782481670379638,0.1383983641862869,0.4157424569129944,0.3227663040161133,291.0227966308594,17.872796630859398,SMAP_L4_SM_gph_20200730T103000_Vv8010_001.h5
2020-07-30,2020-07-30 13:28:55+00:00,7.119,-73.122,0.1759936064481735,0.138002410531044,0.4105249643325805,0.3218711614608764,291.9261779785156,18.776177978515648,SMAP_L4_SM_gph_20200730T133000_Vv8010_001.h5
2020-07-30,2020-07-30 16:28:55+00:00,7.119,-73.122,0.1722825020551681,0.1370997726917266,0.401860237121582,0.3197075128555298,294.18878173828125,21.03878173828128,SMAP_L4_SM_gph_20200730T163000_Vv8010_001.h5
2020-07-30,2020-07-30 19:28:55+00:00,7.119,-73.122,0.170434683561325,0.1364124417304992,0.3975678980350494,0.318164587020874,295.0296630859375,21.879663085937523,SMAP_L4_SM_gph_20200730T193000_Vv8010_001.h5
2020-07-30,2020-07-30 22:28:55+00:00,7.119,-73.122,0.1708157509565353,0.1361607015132904,0.3983244299888611,0.3176198899745941,294.29461669921875,21.144616699218773,SMAP_L4_SM_gph_20200730T223000_Vv8010_001.h5
2020-07-31,2020-07-31 01:28:55+00:00,7.119,-73.122,0.171270877122879,0.1361561268568039,0.3995276689529419,0.317607969045639,293.2514038085937,20.101403808593773,SMAP_L4_SM_gph_20200731T013000_Vv8010_001.h5
2020-07-31,2020-07-31 04:28:55+00:00,7.119,-73.122,0.1728120595216751,0.1361320316791534,0.403114378452301,0.3174598515033722,292.417236328125,19.267236328125023,SMAP_L4_SM_gph_20200731T043000_Vv8010_001.h5
2020-07-31,2020-07-31 07:28:55+00:00,7.119,-73.122,0.1725464165210724,0.1360062062740326,0.4024461209774017,0.3172425627708435,291.72125244140625,18.57125244140628,SMAP_L4_SM_gph_20200731T073000_Vv8010_001.h5
2020-07-31,2020-07-31 10:28:55+00:00,7.119,-73.122,0.1717952042818069,0.1357998698949813,0.4008298218250274,0.3168526589870453,290.9389038085937,17.788903808593773,SMAP_L4_SM_gph_20200731T103000_Vv8010_001.h5
2020-07-31,2020-07-31 13:28:55+00:00,7.119,-73.122,0.1720682233572006,0.1357373744249344,0.4013399481773376,0.3166046142578125,291.84503173828125,18.69503173828128,SMAP_L4_SM_gph_20200731T133000_Vv8010_001.h5
2020-07-31,2020-07-31 16:28:55+00:00,7.119,-73.122,0.1692455112934112,0.1350124627351761,0.3947868943214416,0.314915269613266,294.08905029296875,20.939050292968773,SMAP_L4_SM_gph_20200731T163000_Vv8010_001.h5
2020-07-31,2020-07-31 19:28:55+00:00,7.119,-73.122,0.175542265176773,0.1349258869886398,0.4095372259616852,0.3148488402366638,294.70391845703125,21.55391845703128,SMAP_L4_SM_gph_20200731T193000_Vv8010_001.h5
2020-07-31,2020-07-31 22:28:55+00:00,7.119,-73.122,0.1772936433553695,0.1350397616624832,0.4135026931762695,0.3149129152297973,294.0635070800781,20.913507080078148,SMAP_L4_SM_gph_20200731T223000_Vv8010_001.h5
2020-08-01,2020-08-01 01:28:55+00:00,7.119,-73.122,0.1802521049976349,0.1351650059223175,0.4204615950584411,0.3153240084648132,293.1161193847656,19.966119384765648,SMAP_L4_SM_gph_20200801T013000_Vv8010_001.h5
2020-08-01,2020-08-01 04:28:55+00:00,7.119,-73.122,0.1827376782894134,0.1354105621576309,0.4263045191764831,0.3158159554004669,292.305908203125,19.155908203125023,SMAP_L4_SM_gph_20200801T043000_Vv8010_001.h5
2020-08-01,2020-08-01 07:28:55+00:00,7.119,-73.122,0.1839580833911895,0.1354913711547851,0.429084300994873,0.3160383105278015,291.73370361328125,18.58370361328128,SMAP_L4_SM_gph_20200801T073000_Vv8010_001.h5
2020-08-01,2020-08-01 10:28:55+00:00,7.119,-73.122,0.1838447004556656,0.1355513334274292,0.4288495182991028,0.3161211907863617,291.2677307128906,18.117730712890648,SMAP_L4_SM_gph_20200801T103000_Vv8010_001.h5
2020-08-01,2020-08-01 13:28:55+00:00,7.119,-73.122,0.183282122015953,0.135439857840538,0.4275291860103607,0.3159046173095703,292.02813720703125,18.87813720703128,SMAP_L4_SM_gph_20200801T133000_Vv8010_001.h5
2020-08-01,2020-08-01 16:28:55+00:00,7.119,-73.122,0.1837405413389206,0.1349910050630569,0.4286033511161804,0.3147863149642944,294.1277770996094,20.9777770996094,SMAP_L4_SM_gph_20200801T163000_Vv8010_001.h5
2020-08-01,2020-08-01 19:28:55+00:00,7.119,-73.122,0.184308722615242,0.1345517933368683,0.4299163222312927,0.3138151466846466,295.2469787597656,22.096978759765648,SMAP_L4_SM_gph_20200801T193000_Vv8010_001.h5
2020-08-01,2020-08-01 22:28:55+00:00,7.119,-73.122,0.1859055012464523,0.1345840990543365,0.4337371289730072,0.3138991594314575,294.8474426269531,21.697442626953148,SMAP_L4_SM_gph_20200801T223000_Vv8010_001.h5
2020-08-02,2020-08-02 01:28:55+00:00,7.119,-73.122,0.1848431080579757,0.1346833556890487,0.4310850203037262,0.3140838742256164,293.8945007324219,20.744500732421898,SMAP_L4_SM_gph_20200802T013000_Vv8010_001.h5
2020-08-02,2020-08-02 04:28:55+00:00,7.119,-73.122,0.1838198155164718,0.1346949189901352,0.4287355840206146,0.3142359852790832,293.2049560546875,20.054956054687523,SMAP_L4_SM_gph_20200802T043000_Vv8010_001.h5
2020-08-02,2020-08-02 07:28:55+00:00,7.119,-73.122,0.1841531991958618,0.1348757147789001,0.42966029047966,0.3145596385002136,292.4596252441406,19.309625244140648,SMAP_L4_SM_gph_20200802T073000_Vv8010_001.h5
2020-08-02,2020-08-02 10:28:55+00:00,7.119,-73.122,0.1820205450057983,0.1348559856414795,0.4245844781398773,0.3145084679126739,291.67974853515625,18.52974853515628,SMAP_L4_SM_gph_20200802T103000_Vv8010_001.h5
2020-08-02,2020-08-02 13:28:55+00:00,7.119,-73.122,0.178991287946701,0.134597897529602,0.4174813032150268,0.3139349520206451,292.3639831542969,19.213983154296898,SMAP_L4_SM_gph_20200802T133000_Vv8010_001.h5
2020-08-02,2020-08-02 16:28:55+00:00,7.119,-73.122,0.1738758683204651,0.1337143182754516,0.4055856764316559,0.3119429349899292,294.3866882324219,21.236688232421898,SMAP_L4_SM_gph_20200802T163000_Vv8010_001.h5
2020-08-02,2020-08-02 19:28:55+00:00,7.119,-73.122,0.176447331905365,0.1331629902124405,0.411489874124527,0.3106802105903625,295.3055114746094,22.1555114746094,SMAP_L4_SM_gph_20200802T193000_Vv8010_001.h5
2020-08-02,2020-08-02 22:28:55+00:00,7.119,-73.122,0.187606006860733,0.1337458491325378,0.4375899732112884,0.3119150102138519,294.56689453125,21.416894531250023,SMAP_L4_SM_gph_20200802T223000_Vv8010_001.h5
2020-08-03,2020-08-03 01:28:55+00:00,7.119,-73.122,0.1917773783206939,0.1343963891267776,0.4473858177661896,0.3134477734565735,293.6525573730469,20.502557373046898,SMAP_L4_SM_gph_20200803T013000_Vv8010_001.h5
2020-08-03,2020-08-03 04:28:55+00:00,7.119,-73.122,0.1903286874294281,0.1345249861478805,0.4440092444419861,0.3138675689697265,292.9930419921875,19.843041992187523,SMAP_L4_SM_gph_20200803T043000_Vv8010_001.h5
2020-08-03,2020-08-03 07:28:55+00:00,7.119,-73.122,0.1891561150550842,0.1346396803855896,0.4411328136920929,0.3140069544315338,292.3544311523437,19.204431152343773,SMAP_L4_SM_gph_20200803T073000_Vv8010_001.h5
2020-08-03,2020-08-03 10:28:55+00:00,7.119,-73.122,0.1866593807935714,0.1345011442899704,0.4353924691677093,0.3138421177864074,291.59210205078125,18.44210205078128,SMAP_L4_SM_gph_20200803T103000_Vv8010_001.h5
2020-08-03,2020-08-03 13:28:55+00:00,7.119,-73.122,0.1814775168895721,0.1339434832334518,0.4232759773731231,0.312355637550354,292.3897705078125,19.239770507812523,SMAP_L4_SM_gph_20200803T133000_Vv8010_001.h5
2020-08-03,2020-08-03 16:28:55+00:00,7.119,-73.122,0.1766898185014724,0.1330534219741821,0.4121279120445251,0.3103465735912323,294.4017333984375,21.251733398437523,SMAP_L4_SM_gph_20200803T163000_Vv8010_001.h5
2020-08-03,2020-08-03 19:28:55+00:00,7.119,-73.122,0.1750455945730209,0.1323949545621872,0.4083635509014129,0.3087932169437408,295.0243835449219,21.874383544921898,SMAP_L4_SM_gph_20200803T193000_Vv8010_001.h5
2020-08-03,2020-08-03 22:28:55+00:00,7.119,-73.122,0.1765626668930053,0.1323455274105072,0.4119206070899963,0.3087867200374603,294.0462951660156,20.896295166015648,SMAP_L4_SM_gph_20200803T223000_Vv8010_001.h5
2020-08-04,2020-08-04 01:28:55+00:00,7.119,-73.122,0.177594780921936,0.1325095295906067,0.4143027067184448,0.3091033697128296,292.9423217773437,19.792321777343773,SMAP_L4_SM_gph_20200804T013000_Vv8010_001.h5
2020-08-04,2020-08-04 04:28:55+00:00,7.119,-73.122,0.179427370429039,0.1326681226491928,0.4184566140174866,0.3095645010471344,292.03985595703125,18.88985595703128,SMAP_L4_SM_gph_20200804T043000_Vv8010_001.h5
2020-08-04,2020-08-04 07:28:55+00:00,7.119,-73.122,0.179462656378746,0.1327370107173919,0.4184961318969726,0.3097069859504699,291.22564697265625,18.07564697265628,SMAP_L4_SM_gph_20200804T073000_Vv8010_001.h5
2020-08-04,2020-08-04 10:28:55+00:00,7.119,-73.122,0.1791248470544815,0.132751315832138,0.4178415238857269,0.3095856010913849,290.57745361328125,17.427453613281273,SMAP_L4_SM_gph_20200804T103000_Vv8010_001.h5
2020-08-04,2020-08-04 13:28:55+00:00,7.119,-73.122,0.1776597052812576,0.1325258761644363,0.4143851399421692,0.3091458976268768,291.605224609375,18.455224609375023,SMAP_L4_SM_gph_20200804T133000_Vv8010_001.h5
2020-08-04,2020-08-04 16:28:55+00:00,7.119,-73.122,0.1798689365386963,0.1320749819278717,0.4195706248283386,0.3080223798751831,293.83892822265625,20.68892822265628,SMAP_L4_SM_gph_20200804T163000_Vv8010_001.h5
2020-08-04,2020-08-04 19:28:55+00:00,7.119,-73.122,0.2167181968688964,0.1343178004026413,0.505480170249939,0.3132678866386413,294.524169921875,21.374169921875023,SMAP_L4_SM_gph_20200804T193000_Vv8010_001.h5
2020-08-04,2020-08-04 22:28:55+00:00,7.119,-73.122,0.2205246090888977,0.1361546069383621,0.5143867135047913,0.3176406025886535,293.8155212402344,20.6655212402344,SMAP_L4_SM_gph_20200804T223000_Vv8010_001.h5
2020-08-05,2020-08-05 01:28:55+00:00,7.119,-73.122,0.2109724581241607,0.1366399079561233,0.4921271800994873,0.318731427192688,292.9460144042969,19.796014404296898,SMAP_L4_SM_gph_20200805T013000_Vv8010_001.h5
2020-08-05,2020-08-05 04:28:55+00:00,7.119,-73.122,0.206461951136589,0.1368586272001266,0.4816373586654663,0.3193123042583465,292.1993408203125,19.049340820312523,SMAP_L4_SM_gph_20200805T043000_Vv8010_001.h5
2020-08-05,2020-08-05 07:28:55+00:00,7.119,-73.122,0.2005035281181335,0.1367552578449249,0.4677005112171173,0.3189948201179504,291.515869140625,18.365869140625023,SMAP_L4_SM_gph_20200805T073000_Vv8010_001.h5
2020-08-05,2020-08-05 10:28:55+00:00,7.119,-73.122,0.1961304694414138,0.1365820616483688,0.4575077891349792,0.3186176717281341,290.78076171875,17.630761718750023,SMAP_L4_SM_gph_20200805T103000_Vv8010_001.h5
2020-08-05,2020-08-05 13:28:55+00:00,7.119,-73.122,0.1937027126550674,0.1368144750595092,0.4519255459308624,0.319112092256546,291.554931640625,18.404931640625023,SMAP_L4_SM_gph_20200805T133000_Vv8010_001.h5
2020-08-05,2020-08-05 16:28:55+00:00,7.119,-73.122,0.1928512006998062,0.1362376064062118,0.4497952461242676,0.3178197145462036,293.5209045410156,20.370904541015648,SMAP_L4_SM_gph_20200805T163000_Vv8010_001.h5
2020-08-05,2020-08-05 19:28:55+00:00,7.119,-73.122,0.2049871534109115,0.1366962045431137,0.4781413376331329,0.3188413381576538,294.196533203125,21.046533203125023,SMAP_L4_SM_gph_20200805T193000_Vv8010_001.h5
2020-08-05,2020-08-05 22:28:55+00:00,7.119,-73.122,0.214086040854454,0.1376968324184417,0.4994133412837982,0.3211865425109863,293.5604248046875,20.410424804687523,SMAP_L4_SM_gph_20200805T223000_Vv8010_001.h5
2020-08-06,2020-08-06 01:28:55+00:00,7.119,-73.122,0.2087929397821426,0.1376562118530273,0.4869716465473175,0.3209954500198364,292.8050537109375,19.655053710937523,SMAP_L4_SM_gph_20200806T013000_Vv8010_001.h5
2020-08-06,2020-08-06 04:28:55+00:00,7.119,-73.122,0.2031299322843551,0.1375958621501922,0.4738609492778778,0.3209118843078613,292.2371826171875,19.087182617187523,SMAP_L4_SM_gph_20200806T043000_Vv8010_001.h5
2020-08-06,2020-08-06 07:28:55+00:00,7.119,-73.122,0.1988989412784576,0.1373900324106216,0.4638881683349609,0.3204012215137481,291.54156494140625,18.39156494140628,SMAP_L4_SM_gph_20200806T073000_Vv8010_001.h5
2020-08-06,2020-08-06 10:28:55+00:00,7.119,-73.122,0.195122092962265,0.137096881866455,0.4552579820156097,0.3199073374271393,290.8561706542969,17.706170654296898,SMAP_L4_SM_gph_20200806T103000_Vv8010_001.h5
2020-08-06,2020-08-06 13:28:55+00:00,7.119,-73.122,0.1910003870725631,0.1366923749446869,0.4455507099628448,0.3188678920269012,291.5872497558594,18.4372497558594,SMAP_L4_SM_gph_20200806T133000_Vv8010_001.h5
2020-08-06,2020-08-06 16:28:55+00:00,7.119,-73.122,0.1855976432561874,0.1358340680599212,0.4330073297023773,0.3169415295124054,293.444091796875,20.294091796875023,SMAP_L4_SM_gph_20200806T163000_Vv8010_001.h5
2020-08-06,2020-08-06 19:28:55+00:00,7.119,-73.122,0.1860167682170868,0.1354114264249801,0.433916300535202,0.3158548474311828,294.1109619140625,20.960961914062523,SMAP_L4_SM_gph_20200806T193000_Vv8010_001.h5
2020-08-06,2020-08-06 22:28:55+00:00,7.119,-73.122,0.1923811286687851,0.1357079744338989,0.4487088918685913,0.316528171300888,293.374755859375,20.224755859375023,SMAP_L4_SM_gph_20200806T223000_Vv8010_001.h5
2020-08-07,2020-08-07 01:28:55+00:00,7.119,-73.122,0.2119501531124115,0.1370819061994552,0.494338184595108,0.3197464346885681,292.5307312011719,19.380731201171898,SMAP_L4_SM_gph_20200807T013000_Vv8010_001.h5
2020-08-07,2020-08-07 04:28:55+00:00,7.119,-73.122,0.2158702909946441,0.138487160205841,0.5035450458526611,0.3229607045650482,291.7101745605469,18.560174560546898,SMAP_L4_SM_gph_20200807T043000_Vv8010_001.h5
2020-08-07,2020-08-07 07:28:55+00:00,7.119,-73.122,0.2041284888982772,0.138354018330574,0.4760558903217315,0.3227246105670929,290.987548828125,17.837548828125023,SMAP_L4_SM_gph_20200807T073000_Vv8010_001.h5
2020-08-07,2020-08-07 10:28:55+00:00,7.119,-73.122,0.198080837726593,0.1381096243858337,0.4619466364383697,0.3221135139465332,290.2599792480469,17.109979248046898,SMAP_L4_SM_gph_20200807T103000_Vv8010_001.h5
2020-08-07,2020-08-07 13:28:55+00:00,7.119,-73.122,0.1942129731178283,0.1376597881317138,0.4529821872711181,0.3211149871349334,291.2691650390625,18.119165039062523,SMAP_L4_SM_gph_20200807T133000_Vv8010_001.h5
2020-08-07,2020-08-07 16:28:55+00:00,7.119,-73.122,0.1973712593317031,0.1372345238924026,0.4603626132011413,0.3200215995311737,293.5309143066406,20.380914306640648,SMAP_L4_SM_gph_20200807T163000_Vv8010_001.h5
2020-08-07,2020-08-07 19:28:55+00:00,7.119,-73.122,0.2221565842628479,0.1388304233551025,0.518284261226654,0.3237923681735992,294.39923095703125,21.24923095703128,SMAP_L4_SM_gph_20200807T193000_Vv8010_001.h5
2020-08-07,2020-08-07 22:28:55+00:00,7.119,-73.122,0.2214126586914062,0.1400260627269745,0.5164608359336853,0.3267421126365661,293.98211669921875,20.832116699218773,SMAP_L4_SM_gph_20200807T223000_Vv8010_001.h5
2020-08-08,2020-08-08 01:28:55+00:00,7.119,-73.122,0.2100053429603576,0.1397620588541031,0.4898382425308227,0.326080173254013,293.2098388671875,20.059838867187523,SMAP_L4_SM_gph_20200808T013000_Vv8010_001.h5
2020-08-08,2020-08-08 04:28:55+00:00,7.119,-73.122,0.2028756290674209,0.1395077854394912,0.4732305407524109,0.3254800736904144,292.54693603515625,19.39693603515628,SMAP_L4_SM_gph_20200808T043000_Vv8010_001.h5
2020-08-08,2020-08-08 07:28:55+00:00,7.119,-73.122,0.1979978829622268,0.1392063945531845,0.4618757963180542,0.3246354460716247,291.72900390625,18.579003906250023,SMAP_L4_SM_gph_20200808T073000_Vv8010_001.h5
2020-08-08,2020-08-08 10:28:55+00:00,7.119,-73.122,0.1946731805801391,0.1387963891029358,0.4540795981884002,0.3237890899181366,290.7405090332031,17.590509033203148,SMAP_L4_SM_gph_20200808T103000_Vv8010_001.h5
2020-08-08,2020-08-08 13:28:55+00:00,7.119,-73.122,0.1905825287103653,0.1381197422742843,0.4445750713348388,0.3222251534461975,291.6775817871094,18.5275817871094,SMAP_L4_SM_gph_20200808T133000_Vv8010_001.h5
2020-08-08,2020-08-08 16:28:55+00:00,7.119,-73.122,0.1853081732988357,0.1371331810951233,0.4322828650474548,0.3198798298835754,293.9720458984375,20.822045898437523,SMAP_L4_SM_gph_20200808T163000_Vv8010_001.h5
2020-08-08,2020-08-08 19:28:55+00:00,7.119,-73.122,0.1816145181655883,0.1362041682004928,0.4237113893032074,0.3177695572376251,295.0609741210937,21.910974121093773,SMAP_L4_SM_gph_20200808T193000_Vv8010_001.h5
2020-08-08,2020-08-08 22:28:55+00:00,7.119,-73.122,0.1816216856241226,0.1359316557645797,0.4236009120941162,0.3170853853225708,294.59088134765625,21.44088134765628,SMAP_L4_SM_gph_20200808T223000_Vv8010_001.h5
2020-08-09,2020-08-09 01:28:55+00:00,7.119,-73.122,0.1850893646478653,0.1360639035701751,0.4317286908626556,0.3174780607223511,293.791015625,20.641015625000023,SMAP_L4_SM_gph_20200809T013000_Vv8010_001.h5
2020-08-09,2020-08-09 04:28:55+00:00,7.119,-73.122,0.1953082531690597,0.136763334274292,0.4555985033512115,0.319015771150589,293.1748046875,20.024804687500023,SMAP_L4_SM_gph_20200809T043000_Vv8010_001.h5
2020-08-09,2020-08-09 07:28:55+00:00,7.119,-73.122,0.1913235634565353,0.1367404758930206,0.4462276995182037,0.3189564049243927,292.4195556640625,19.269555664062523,SMAP_L4_SM_gph_20200809T073000_Vv8010_001.h5
2020-08-09,2020-08-09 10:28:55+00:00,7.119,-73.122,0.1879258155822754,0.1365085691213607,0.4383621513843536,0.3183412253856659,291.5218505859375,18.371850585937523,SMAP_L4_SM_gph_20200809T103000_Vv8010_001.h5
2020-08-09,2020-08-09 13:28:55+00:00,7.119,-73.122,0.185201033949852,0.1360957622528076,0.4319433271884918,0.3175241947174072,292.3106994628906,19.160699462890648,SMAP_L4_SM_gph_20200809T133000_Vv8010_001.h5
2020-08-09,2020-08-09 16:28:55+00:00,7.119,-73.122,0.1835947781801223,0.1353389471769333,0.4282969832420349,0.3157883882522583,294.2393493652344,21.0893493652344,SMAP_L4_SM_gph_20200809T163000_Vv8010_001.h5
2020-08-09,2020-08-09 19:28:55+00:00,7.119,-73.122,0.1913738697767257,0.1353245824575424,0.4464476704597473,0.3156656920909881,294.8260498046875,21.676049804687523,SMAP_L4_SM_gph_20200809T193000_Vv8010_001.h5
2020-08-09,2020-08-09 22:28:55+00:00,7.119,-73.122,0.1965625435113906,0.1356852799654007,0.4584529399871826,0.3164692521095276,294.18817138671875,21.038171386718773,SMAP_L4_SM_gph_20200809T223000_Vv8010_001.h5
2020-08-10,2020-08-10 01:28:55+00:00,7.119,-73.122,0.1966479420661926,0.1358687430620193,0.4585871994495392,0.3169584274291992,293.371826171875,20.221826171875023,SMAP_L4_SM_gph_20200810T013000_Vv8010_001.h5
2020-08-10,2020-08-10 04:28:55+00:00,7.119,-73.122,0.1927488893270492,0.1358175277709961,0.4495250880718231,0.3167397975921631,292.5616149902344,19.4116149902344,SMAP_L4_SM_gph_20200810T043000_Vv8010_001.h5
2020-08-10,2020-08-10 07:28:55+00:00,7.119,-73.122,0.1891713738441467,0.1356157511472702,0.4412804543972015,0.3163617253303528,291.8210144042969,18.671014404296898,SMAP_L4_SM_gph_20200810T073000_Vv8010_001.h5
2020-08-10,2020-08-10 10:28:55+00:00,7.119,-73.122,0.1862926185131073,0.1354681402444839,0.4345938265323639,0.3159658312797546,290.9698181152344,17.819818115234398,SMAP_L4_SM_gph_20200810T103000_Vv8010_001.h5
2020-08-10,2020-08-10 13:28:55+00:00,7.119,-73.122,0.1836807429790496,0.1350757628679275,0.4284658133983612,0.3150800764560699,291.78594970703125,18.63594970703128,SMAP_L4_SM_gph_20200810T133000_Vv8010_001.h5
2020-08-10,2020-08-10 16:28:55+00:00,7.119,-73.122,0.178781971335411,0.1341794431209564,0.4170106947422027,0.3129328489303589,294.05194091796875,20.901940917968773,SMAP_L4_SM_gph_20200810T163000_Vv8010_001.h5
2020-08-10,2020-08-10 19:28:55+00:00,7.119,-73.122,0.1759639531373977,0.1334174424409866,0.4104653894901275,0.3111467957496643,294.9198913574219,21.769891357421898,SMAP_L4_SM_gph_20200810T193000_Vv8010_001.h5
2020-08-10,2020-08-10 22:28:55+00:00,7.119,-73.122,0.1761457324028015,0.1332197487354278,0.410786896944046,0.3108279407024383,294.1993103027344,21.0493103027344,SMAP_L4_SM_gph_20200810T223000_Vv8010_001.h5
2020-08-11,2020-08-11 01:28:55+00:00,7.119,-73.122,0.1817333549261093,0.1334711462259292,0.4239021837711334,0.3114571273326874,293.18133544921875,20.031335449218773,SMAP_L4_SM_gph_20200811T013000_Vv8010_001.h5
2020-08-11,2020-08-11 04:28:55+00:00,7.119,-73.122,0.1839589327573776,0.1336469054222107,0.4292320013046264,0.3118409514427185,292.40399169921875,19.253991699218773,SMAP_L4_SM_gph_20200811T043000_Vv8010_001.h5
2020-08-11,2020-08-11 07:28:55+00:00,7.119,-73.122,0.1831536889076233,0.1336345225572586,0.4271875321865082,0.3117234706878662,291.5899963378906,18.439996337890648,SMAP_L4_SM_gph_20200811T073000_Vv8010_001.h5
2020-08-11,2020-08-11 10:28:55+00:00,7.119,-73.122,0.1821720600128173,0.1335581839084625,0.425028383731842,0.3115984797477722,290.7866516113281,17.636651611328148,SMAP_L4_SM_gph_20200811T103000_Vv8010_001.h5
2020-08-11,2020-08-11 13:28:55+00:00,7.119,-73.122,0.1807136684656143,0.1333467662334442,0.4215181469917297,0.3110734820365906,291.68731689453125,18.53731689453128,SMAP_L4_SM_gph_20200811T133000_Vv8010_001.h5
2020-08-11,2020-08-11 16:28:55+00:00,7.119,-73.122,0.1760753244161605,0.1326004862785339,0.4108303785324096,0.309243381023407,293.89892578125,20.748925781250023,SMAP_L4_SM_gph_20200811T163000_Vv8010_001.h5
2020-08-11,2020-08-11 19:28:55+00:00,7.119,-73.122,0.180118441581726,0.132373571395874,0.4201534688472748,0.3087259232997894,294.6137390136719,21.463739013671898,SMAP_L4_SM_gph_20200811T193000_Vv8010_001.h5
2020-08-11,2020-08-11 22:28:55+00:00,7.119,-73.122,0.1850822567939758,0.1327270865440368,0.4317850470542907,0.3096325695514679,293.9351806640625,20.785180664062523,SMAP_L4_SM_gph_20200811T223000_Vv8010_001.h5
2020-08-12,2020-08-12 01:28:55+00:00,7.119,-73.122,0.187223732471466,0.1330381333827972,0.4368245303630829,0.3102950155735016,293.0330505371094,19.8830505371094,SMAP_L4_SM_gph_20200812T013000_Vv8010_001.h5
2020-08-12,2020-08-12 04:28:55+00:00,7.119,-73.122,0.1867271065711975,0.1331816762685775,0.4355948865413666,0.3105950653553009,292.1807556152344,19.0307556152344,SMAP_L4_SM_gph_20200812T043000_Vv8010_001.h5
2020-08-12,2020-08-12 07:28:55+00:00,7.119,-73.122,0.1857072114944458,0.1332748830318451,0.4331085085868835,0.310801088809967,291.335205078125,18.185205078125023,SMAP_L4_SM_gph_20200812T073000_Vv8010_001.h5
2020-08-12,2020-08-12 10:28:55+00:00,7.119,-73.122,0.1837366223335266,0.1332619190216064,0.428629606962204,0.3108893930912018,290.75396728515625,17.603967285156273,SMAP_L4_SM_gph_20200812T103000_Vv8010_001.h5
2020-08-12,2020-08-12 13:28:55+00:00,7.119,-73.122,0.1809912472963333,0.1330581903457641,0.4221703112125397,0.3103843033313751,291.64654541015625,18.49654541015628,SMAP_L4_SM_gph_20200812T133000_Vv8010_001.h5
2020-08-12,2020-08-12 16:28:55+00:00,7.119,-73.122,0.1757034063339233,0.1321756243705749,0.4098543226718902,0.3082729578018188,293.92462158203125,20.77462158203128,SMAP_L4_SM_gph_20200812T163000_Vv8010_001.h5
2020-08-12,2020-08-12 19:28:55+00:00,7.119,-73.122,0.1784768551588058,0.1317940354347229,0.416303426027298,0.3074634075164795,294.87908935546875,21.729089355468773,SMAP_L4_SM_gph_20200812T193000_Vv8010_001.h5
2020-08-12,2020-08-12 22:28:55+00:00,7.119,-73.122,0.188900351524353,0.1324086040258407,0.4405197203159332,0.308902233839035,294.3203125,21.170312500000023,SMAP_L4_SM_gph_20200812T223000_Vv8010_001.h5
2020-08-13,2020-08-13 01:28:55+00:00,7.119,-73.122,0.1882239282131195,0.1326107680797577,0.4390491247177124,0.3094032704830169,293.53692626953125,20.38692626953128,SMAP_L4_SM_gph_20200813T013000_Vv8010_001.h5
2020-08-13,2020-08-13 04:28:55+00:00,7.119,-73.122,0.1865680366754531,0.1327324956655502,0.4351868629455566,0.3096466958522796,292.9479675292969,19.797967529296898,SMAP_L4_SM_gph_20200813T043000_Vv8010_001.h5
2020-08-13,2020-08-13 07:28:55+00:00,7.119,-73.122,0.1840731352567672,0.1327212303876876,0.4292919635772705,0.3095320463180542,292.2163391113281,19.066339111328148,SMAP_L4_SM_gph_20200813T073000_Vv8010_001.h5
2020-08-13,2020-08-13 10:28:55+00:00,7.119,-73.122,0.1823696494102478,0.1326434463262558,0.4254205822944641,0.3094033002853393,291.5321044921875,18.382104492187523,SMAP_L4_SM_gph_20200813T103000_Vv8010_001.h5
2020-08-13,2020-08-13 13:28:55+00:00,7.119,-73.122,0.1798069179058075,0.1324421167373657,0.4193637073040008,0.3089045882225036,292.3320007324219,19.182000732421898,SMAP_L4_SM_gph_20200813T133000_Vv8010_001.h5
2020-08-13,2020-08-13 16:28:55+00:00,7.119,-73.122,0.178527683019638,0.1319956630468368,0.4163127839565277,0.3079149127006531,293.9820556640625,20.832055664062523,SMAP_L4_SM_gph_20200813T163000_Vv8010_001.h5
2020-08-13,2020-08-13 19:28:55+00:00,7.119,-73.122,0.1823334544897079,0.1319886445999145,0.425337553024292,0.3079816699028015,294.3866882324219,21.236688232421898,SMAP_L4_SM_gph_20200813T193000_Vv8010_001.h5
2020-08-13,2020-08-13 22:28:55+00:00,7.119,-73.122,0.1797739863395691,0.1318985223770141,0.4193157851696014,0.3076249361038208,294.22100830078125,21.07100830078128,SMAP_L4_SM_gph_20200813T223000_Vv8010_001.h5
2020-08-14,2020-08-14 01:28:55+00:00,7.119,-73.122,0.1726174503564834,0.1313154697418213,0.4026430547237396,0.3063164055347442,293.29473876953125,20.14473876953128,SMAP_L4_SM_gph_20200814T013000_Vv8010_001.h5
2020-08-14,2020-08-14 04:28:55+00:00,7.119,-73.122,0.1717037111520767,0.1313407719135284,0.4004746675491333,0.3062600791454315,292.4365234375,19.286523437500023,SMAP_L4_SM_gph_20200814T043000_Vv8010_001.h5
2020-08-14,2020-08-14 07:28:55+00:00,7.119,-73.122,0.1706832200288772,0.1313206553459167,0.3980792760848999,0.3063667416572571,291.6366882324219,18.486688232421898,SMAP_L4_SM_gph_20200814T073000_Vv8010_001.h5
2020-08-14,2020-08-14 10:28:55+00:00,7.119,-73.122,0.1696516126394271,0.1313586682081222,0.395659863948822,0.3063436448574066,290.8816833496094,17.731683349609398,SMAP_L4_SM_gph_20200814T103000_Vv8010_001.h5
2020-08-14,2020-08-14 13:28:55+00:00,7.119,-73.122,0.1680191755294799,0.1311599314212799,0.3918419778347015,0.3059736788272857,291.6885681152344,18.5385681152344,SMAP_L4_SM_gph_20200814T133000_Vv8010_001.h5
2020-08-14,2020-08-14 16:28:55+00:00,7.119,-73.122,0.1656070202589035,0.1304555237293243,0.3862640559673309,0.3042156994342804,293.7720642089844,20.6220642089844,SMAP_L4_SM_gph_20200814T163000_Vv8010_001.h5
2020-08-14,2020-08-14 19:28:55+00:00,7.119,-73.122,0.1716114431619644,0.1303746998310089,0.4002425670623779,0.3041270673274994,294.3629150390625,21.212915039062523,SMAP_L4_SM_gph_20200814T193000_Vv8010_001.h5
2020-08-14,2020-08-14 22:28:55+00:00,7.119,-73.122,0.1714732646942138,0.1303429901599884,0.4000686407089233,0.3041297197341919,294.0508728027344,20.9008728027344,SMAP_L4_SM_gph_20200814T223000_Vv8010_001.h5
2020-08-15,2020-08-15 01:28:55+00:00,7.119,-73.122,0.1783334463834762,0.1308604925870895,0.415982037782669,0.3052191436290741,293.0568542480469,19.906854248046898,SMAP_L4_SM_gph_20200815T013000_Vv8010_001.h5
2020-08-15,2020-08-15 04:28:55+00:00,7.119,-73.122,0.1814125329256057,0.1311913132667541,0.4231462478637695,0.3060184717178345,292.2313232421875,19.081323242187523,SMAP_L4_SM_gph_20200815T043000_Vv8010_001.h5
2020-08-15,2020-08-15 07:28:55+00:00,7.119,-73.122,0.1796092689037323,0.131269559264183,0.4189528822898865,0.3061854243278503,291.5788269042969,18.428826904296898,SMAP_L4_SM_gph_20200815T073000_Vv8010_001.h5
2020-08-15,2020-08-15 10:28:55+00:00,7.119,-73.122,0.1792554855346679,0.1313564926385879,0.4181315302848816,0.3063749372959137,290.8567199707031,17.706719970703148,SMAP_L4_SM_gph_20200815T103000_Vv8010_001.h5
2020-08-15,2020-08-15 13:28:55+00:00,7.119,-73.122,0.1780799478292465,0.1312636286020279,0.4154289066791534,0.3062069416046142,291.58856201171875,18.438562011718773,SMAP_L4_SM_gph_20200815T133000_Vv8010_001.h5
2020-08-15,2020-08-15 16:28:55+00:00,7.119,-73.122,0.1864689588546753,0.1312785595655441,0.4349130392074585,0.3062459528446197,293.45166015625,20.301660156250023,SMAP_L4_SM_gph_20200815T163000_Vv8010_001.h5
2020-08-15,2020-08-15 19:28:55+00:00,7.119,-73.122,0.2117572575807571,0.1329254955053329,0.4940417408943176,0.3099904060363769,293.8992919921875,20.749291992187523,SMAP_L4_SM_gph_20200815T193000_Vv8010_001.h5
2020-08-15,2020-08-15 22:28:55+00:00,7.119,-73.122,0.2180608958005905,0.1346303671598434,0.5086530447006226,0.3140931129455566,293.26641845703125,20.11641845703128,SMAP_L4_SM_gph_20200815T223000_Vv8010_001.h5
2020-08-16,2020-08-16 01:28:55+00:00,7.119,-73.122,0.2151282429695129,0.1353663355112075,0.5019015669822693,0.3158113062381744,292.4924011230469,19.342401123046898,SMAP_L4_SM_gph_20200816T013000_Vv8010_001.h5
2020-08-16,2020-08-16 04:28:55+00:00,7.119,-73.122,0.2069069892168045,0.135758489370346,0.4826473295688629,0.3166112899780273,291.94635009765625,18.79635009765628,SMAP_L4_SM_gph_20200816T043000_Vv8010_001.h5
2020-08-16,2020-08-16 07:28:55+00:00,7.119,-73.122,0.2044281661510467,0.1359728574752807,0.4768538773059845,0.3171810507774353,291.3907470703125,18.240747070312523,SMAP_L4_SM_gph_20200816T073000_Vv8010_001.h5
2020-08-16,2020-08-16 10:28:55+00:00,7.119,-73.122,0.200986847281456,0.1360006630420684,0.4688878059387207,0.3172535896301269,291.13287353515625,17.982873535156273,SMAP_L4_SM_gph_20200816T103000_Vv8010_001.h5
2020-08-16,2020-08-16 13:28:55+00:00,7.119,-73.122,0.1964212656021118,0.1357486844062805,0.4581941962242126,0.3165751099586487,291.7242431640625,18.574243164062523,SMAP_L4_SM_gph_20200816T133000_Vv8010_001.h5
2020-08-16,2020-08-16 16:28:55+00:00,7.119,-73.122,0.1994216740131378,0.1354264616966247,0.4652349054813385,0.3159202933311462,293.4237670898437,20.273767089843773,SMAP_L4_SM_gph_20200816T163000_Vv8010_001.h5
2020-08-16,2020-08-16 19:28:55+00:00,7.119,-73.122,0.2194485664367675,0.1367748528718948,0.5119009613990784,0.3190715909004211,294.0135498046875,20.863549804687523,SMAP_L4_SM_gph_20200816T193000_Vv8010_001.h5
2020-08-16,2020-08-16 22:28:55+00:00,7.119,-73.122,0.2251181453466415,0.1385245323181152,0.5251408219337463,0.3231317698955536,293.625,20.475000000000023,SMAP_L4_SM_gph_20200816T223000_Vv8010_001.h5
2020-08-17,2020-08-17 01:28:55+00:00,7.119,-73.122,0.2157157212495803,0.1391963213682174,0.5031784772872925,0.3247197568416595,292.8424377441406,19.692437744140648,SMAP_L4_SM_gph_20200817T013000_Vv8010_001.h5
2020-08-17,2020-08-17 04:28:55+00:00,7.119,-73.122,0.2054629176855087,0.1389721035957336,0.4791877567768097,0.3241612017154693,292.2565002441406,19.106500244140648,SMAP_L4_SM_gph_20200817T043000_Vv8010_001.h5
2020-08-17,2020-08-17 07:28:55+00:00,7.119,-73.122,0.1999266743659973,0.1386759579181671,0.4663264155387878,0.3234523832798004,291.5585327148437,18.408532714843773,SMAP_L4_SM_gph_20200817T073000_Vv8010_001.h5
2020-08-17,2020-08-17 10:28:55+00:00,7.119,-73.122,0.1994310915470123,0.1385317295789718,0.4652216136455536,0.3230654597282409,291.037353515625,17.887353515625023,SMAP_L4_SM_gph_20200817T103000_Vv8010_001.h5
2020-08-17,2020-08-17 13:28:55+00:00,7.119,-73.122,0.1970262974500656,0.1382399946451187,0.4596167504787445,0.3223682045936584,291.6186218261719,18.468621826171898,SMAP_L4_SM_gph_20200817T133000_Vv8010_001.h5
2020-08-17,2020-08-17 16:28:55+00:00,7.119,-73.122,0.1955513954162597,0.1375403106212616,0.4561771750450134,0.3208667337894439,293.5283508300781,20.378350830078148,SMAP_L4_SM_gph_20200817T163000_Vv8010_001.h5
2020-08-17,2020-08-17 19:28:55+00:00,7.119,-73.122,0.2040026485919952,0.1376181095838546,0.4758535325527191,0.3209105134010315,294.3875732421875,21.237573242187523,SMAP_L4_SM_gph_20200817T193000_Vv8010_001.h5
2020-08-17,2020-08-17 22:28:55+00:00,7.119,-73.122,0.2065301835536956,0.1378078460693359,0.4816848933696747,0.3215009272098541,293.99688720703125,20.84688720703128,SMAP_L4_SM_gph_20200817T223000_Vv8010_001.h5
2020-08-18,2020-08-18 01:28:55+00:00,7.119,-73.122,0.2033852338790893,0.1378684937953949,0.4743444621562958,0.3216220140457153,293.2471923828125,20.097192382812523,SMAP_L4_SM_gph_20200818T013000_Vv8010_001.h5
2020-08-18,2020-08-18 04:28:55+00:00,7.119,-73.122,0.1992239654064178,0.1376570165157318,0.4647058844566345,0.3210225999355316,292.7490234375,19.599023437500023,SMAP_L4_SM_gph_20200818T043000_Vv8010_001.h5
2020-08-18,2020-08-18 07:28:55+00:00,7.119,-73.122,0.1965642422437667,0.1374109387397766,0.458425760269165,0.3204443454742431,292.2966613769531,19.146661376953148,SMAP_L4_SM_gph_20200818T073000_Vv8010_001.h5
2020-08-18,2020-08-18 10:28:55+00:00,7.119,-73.122,0.1939578354358673,0.1371423304080963,0.4524545967578888,0.3198921084403991,291.900390625,18.750390625000023,SMAP_L4_SM_gph_20200818T103000_Vv8010_001.h5
2020-08-18,2020-08-18 13:28:55+00:00,7.119,-73.122,0.1911672055721283,0.136709913611412,0.4458338022232055,0.3189021348953247,292.3418884277344,19.1918884277344,SMAP_L4_SM_gph_20200818T133000_Vv8010_001.h5
2020-08-18,2020-08-18 16:28:55+00:00,7.119,-73.122,0.1870917677879333,0.135940283536911,0.4364385604858398,0.3171330988407135,293.81103515625,20.661035156250023,SMAP_L4_SM_gph_20200818T163000_Vv8010_001.h5
2020-08-18,2020-08-18 19:28:55+00:00,7.119,-73.122,0.1836368888616562,0.1352438479661941,0.4283131957054138,0.3153960108757019,294.660400390625,21.510400390625023,SMAP_L4_SM_gph_20200818T193000_Vv8010_001.h5
2020-08-18,2020-08-18 22:28:55+00:00,7.119,-73.122,0.1822341382503509,0.1349151581525802,0.4250636100769043,0.3146394193172455,294.2160339355469,21.066033935546898,SMAP_L4_SM_gph_20200818T223000_Vv8010_001.h5
2020-08-19,2020-08-19 01:28:55+00:00,7.119,-73.122,0.1883852183818817,0.135204330086708,0.439421683549881,0.3153299689292907,293.3716735839844,20.2216735839844,SMAP_L4_SM_gph_20200819T013000_Vv8010_001.h5
2020-08-19,2020-08-19 04:28:55+00:00,7.119,-73.122,0.1918429732322693,0.1355360150337219,0.4473833739757538,0.3161316514015198,292.818115234375,19.668115234375023,SMAP_L4_SM_gph_20200819T043000_Vv8010_001.h5
2020-08-19,2020-08-19 07:28:55+00:00,7.119,-73.122,0.192676231265068,0.1356829851865768,0.4495326578617096,0.3165256083011627,292.24664306640625,19.09664306640628,SMAP_L4_SM_gph_20200819T073000_Vv8010_001.h5
2020-08-19,2020-08-19 10:28:55+00:00,7.119,-73.122,0.1965609937906265,0.1361546367406845,0.4585718214511871,0.3175808787345886,291.870361328125,18.720361328125023,SMAP_L4_SM_gph_20200819T103000_Vv8010_001.h5
2020-08-19,2020-08-19 13:28:55+00:00,7.119,-73.122,0.1910884529352188,0.1359145641326904,0.4457201659679413,0.3169811964035034,292.4361877441406,19.286187744140648,SMAP_L4_SM_gph_20200819T133000_Vv8010_001.h5
2020-08-19,2020-08-19 16:28:55+00:00,7.119,-73.122,0.1875671595335006,0.1352838724851608,0.4375141561031341,0.3155852258205414,293.84820556640625,20.69820556640628,SMAP_L4_SM_gph_20200819T163000_Vv8010_001.h5
2020-08-19,2020-08-19 19:28:55+00:00,7.119,-73.122,0.1990531086921692,0.1356861591339111,0.4642668664455414,0.316496729850769,294.27001953125,21.120019531250023,SMAP_L4_SM_gph_20200819T193000_Vv8010_001.h5
2020-08-19,2020-08-19 22:28:55+00:00,7.119,-73.122,0.2400469481945037,0.1396187543869018,0.5599741339683533,0.325720727443695,293.5675048828125,20.417504882812523,SMAP_L4_SM_gph_20200819T223000_Vv8010_001.h5
2020-08-20,2020-08-20 01:28:55+00:00,7.119,-73.122,0.2181998640298843,0.1407481133937835,0.508992612361908,0.3282051980495453,292.6999816894531,19.549981689453148,SMAP_L4_SM_gph_20200820T013000_Vv8010_001.h5
2020-08-20,2020-08-20 04:28:55+00:00,7.119,-73.122,0.2107895165681839,0.140673816204071,0.4916590750217438,0.3282077610492706,291.9830627441406,18.833062744140648,SMAP_L4_SM_gph_20200820T043000_Vv8010_001.h5
2020-08-20,2020-08-20 07:28:55+00:00,7.119,-73.122,0.2052268981933593,0.140529990196228,0.4787396788597107,0.3278219997882843,291.6219787597656,18.471978759765648,SMAP_L4_SM_gph_20200820T073000_Vv8010_001.h5
2020-08-20,2020-08-20 10:28:55+00:00,7.119,-73.122,0.2036159038543701,0.1403538137674331,0.4749677777290344,0.3274738192558288,291.1444396972656,17.994439697265648,SMAP_L4_SM_gph_20200820T103000_Vv8010_001.h5
2020-08-20,2020-08-20 13:28:55+00:00,7.119,-73.122,0.2052413523197174,0.1404547989368438,0.4787750840187073,0.3275887966156006,291.34716796875,18.197167968750023,SMAP_L4_SM_gph_20200820T133000_Vv8010_001.h5
2020-08-20,2020-08-20 16:28:55+00:00,7.119,-73.122,0.2046481519937515,0.1403709799051284,0.4773269891738891,0.327444314956665,292.1985168457031,19.048516845703148,SMAP_L4_SM_gph_20200820T163000_Vv8010_001.h5
2020-08-20,2020-08-20 19:28:55+00:00,7.119,-73.122,0.2048390209674835,0.140184074640274,0.4778489470481872,0.3268983662128448,293.22509765625,20.075097656250023,SMAP_L4_SM_gph_20200820T193000_Vv8010_001.h5
2020-08-20,2020-08-20 22:28:55+00:00,7.119,-73.122,0.1994181275367736,0.1396605968475341,0.465246707201004,0.3256706893444061,293.5203857421875,20.370385742187523,SMAP_L4_SM_gph_20200820T223000_Vv8010_001.h5
2020-08-21,2020-08-21 01:28:55+00:00,7.119,-73.122,0.207627534866333,0.1400414258241653,0.4842908680438995,0.3266482949256897,292.552978515625,19.402978515625023,SMAP_L4_SM_gph_20200821T013000_Vv8010_001.h5
2020-08-21,2020-08-21 04:28:55+00:00,7.119,-73.122,0.2198605686426162,0.1414730846881866,0.5127884149551392,0.3300168216228485,291.9417419433594,18.7917419433594,SMAP_L4_SM_gph_20200821T043000_Vv8010_001.h5
2020-08-21,2020-08-21 07:28:55+00:00,7.119,-73.122,0.2123993635177612,0.1417627036571502,0.4953842163085937,0.3306238055229187,291.4988708496094,18.3488708496094,SMAP_L4_SM_gph_20200821T073000_Vv8010_001.h5
2020-08-21,2020-08-21 10:28:55+00:00,7.119,-73.122,0.2060939967632293,0.1415772438049316,0.4808574616909027,0.3302885591983795,291.1264038085937,17.976403808593773,SMAP_L4_SM_gph_20200821T103000_Vv8010_001.h5
2020-08-21,2020-08-21 13:28:55+00:00,7.119,-73.122,0.2026339173316955,0.1415287554264068,0.4726791381835937,0.330051064491272,291.6148986816406,18.464898681640648,SMAP_L4_SM_gph_20200821T133000_Vv8010_001.h5
2020-08-21,2020-08-21 16:28:55+00:00,7.119,-73.122,0.200685903429985,0.140953704714775,0.4681462347507477,0.3288002908229828,292.99102783203125,19.84102783203128,SMAP_L4_SM_gph_20200821T163000_Vv8010_001.h5
2020-08-21,2020-08-21 19:28:55+00:00,7.119,-73.122,0.2218997925519943,0.1419105678796768,0.5175742506980896,0.3311051428318023,293.6798095703125,20.529809570312523,SMAP_L4_SM_gph_20200821T193000_Vv8010_001.h5
2020-08-21,2020-08-21 22:28:55+00:00,7.119,-73.122,0.2382241934537887,0.1449156403541565,0.5556650161743164,0.3381005525588989,293.2277526855469,20.077752685546898,SMAP_L4_SM_gph_20200821T223000_Vv8010_001.h5
2020-08-22,2020-08-22 01:28:55+00:00,7.119,-73.122,0.2288538664579391,0.1459860801696777,0.5338732004165649,0.3405907154083252,292.5216979980469,19.371697998046898,SMAP_L4_SM_gph_20200822T013000_Vv8010_001.h5
2020-08-22,2020-08-22 04:28:55+00:00,7.119,-73.122,0.2349958568811416,0.1479017883539199,0.548259973526001,0.3449245989322662,291.9708251953125,18.820825195312523,SMAP_L4_SM_gph_20200822T043000_Vv8010_001.h5
2020-08-22,2020-08-22 07:28:55+00:00,7.119,-73.122,0.2494834810495376,0.1515966951847076,0.581975519657135,0.3535550534725189,291.4300537109375,18.280053710937523,SMAP_L4_SM_gph_20200822T073000_Vv8010_001.h5
2020-08-22,2020-08-22 10:28:55+00:00,7.119,-73.122,0.2270954847335815,0.152559757232666,0.5296856164932251,0.3558391630649566,290.9579467773437,17.807946777343773,SMAP_L4_SM_gph_20200822T103000_Vv8010_001.h5
2020-08-22,2020-08-22 13:28:55+00:00,7.119,-73.122,0.221314862370491,0.1525749266147613,0.5161911249160767,0.3558786809444427,291.1490173339844,17.999017333984398,SMAP_L4_SM_gph_20200822T133000_Vv8010_001.h5
2020-08-22,2020-08-22 16:28:55+00:00,7.119,-73.122,0.2261156141757965,0.1527973711490631,0.5275119543075562,0.3563475310802459,292.487548828125,19.337548828125023,SMAP_L4_SM_gph_20200822T163000_Vv8010_001.h5
2020-08-22,2020-08-22 19:28:55+00:00,7.119,-73.122,0.239356592297554,0.1547422111034393,0.5582808256149292,0.3610866367816925,293.6059265136719,20.455926513671898,SMAP_L4_SM_gph_20200822T193000_Vv8010_001.h5
2020-08-22,2020-08-22 22:28:55+00:00,7.119,-73.122,0.2269141227006912,0.1550932675600052,0.5293799042701721,0.361742615699768,293.5380859375,20.388085937500023,SMAP_L4_SM_gph_20200822T223000_Vv8010_001.h5
2020-08-23,2020-08-23 01:28:55+00:00,7.119,-73.122,0.2156880795955658,0.1544805318117141,0.5031665563583374,0.3603566586971283,292.641845703125,19.491845703125023,SMAP_L4_SM_gph_20200823T013000_Vv8010_001.h5
2020-08-23,2020-08-23 04:28:55+00:00,7.119,-73.122,0.2073617726564407,0.1533460617065429,0.4836406409740448,0.3576146960258484,291.92584228515625,18.77584228515628,SMAP_L4_SM_gph_20200823T043000_Vv8010_001.h5
2020-08-23,2020-08-23 07:28:55+00:00,7.119,-73.122,0.2037689834833145,0.1522163897752761,0.4753748178482055,0.3551293015480041,291.3717956542969,18.221795654296898,SMAP_L4_SM_gph_20200823T073000_Vv8010_001.h5
2020-08-23,2020-08-23 10:28:55+00:00,7.119,-73.122,0.2006322145462036,0.1511514484882354,0.4679699540138244,0.3525317013263702,290.807861328125,17.657861328125023,SMAP_L4_SM_gph_20200823T103000_Vv8010_001.h5
2020-08-23,2020-08-23 13:28:55+00:00,7.119,-73.122,0.1981988996267318,0.15008345246315,0.4622505903244018,0.3501332998275757,291.3546142578125,18.204614257812523,SMAP_L4_SM_gph_20200823T133000_Vv8010_001.h5
2020-08-23,2020-08-23 16:28:55+00:00,7.119,-73.122,0.194886639714241,0.148881047964096,0.4546059072017669,0.3473733365535736,293.38836669921875,20.238366699218773,SMAP_L4_SM_gph_20200823T163000_Vv8010_001.h5
2020-08-23,2020-08-23 19:28:55+00:00,7.119,-73.122,0.1941251754760742,0.1479678899049759,0.4529206454753876,0.3450971245765686,294.2445068359375,21.094506835937523,SMAP_L4_SM_gph_20200823T193000_Vv8010_001.h5
2020-08-23,2020-08-23 22:28:55+00:00,7.119,-73.122,0.1933360695838928,0.1471713781356811,0.4509724676609039,0.3433430194854736,293.76922607421875,20.619226074218773,SMAP_L4_SM_gph_20200823T223000_Vv8010_001.h5
2020-08-24,2020-08-24 01:28:55+00:00,7.119,-73.122,0.2141486406326294,0.148262619972229,0.4995959401130676,0.345765084028244,292.7861328125,19.636132812500023,SMAP_L4_SM_gph_20200824T013000_Vv8010_001.h5
2020-08-24,2020-08-24 04:28:55+00:00,7.119,-73.122,0.235823169350624,0.1502622216939926,0.5500636696815491,0.3504027724266052,292.0909729003906,18.940972900390648,SMAP_L4_SM_gph_20200824T043000_Vv8010_001.h5
2020-08-24,2020-08-24 07:28:55+00:00,7.119,-73.122,0.2292327135801315,0.151844784617424,0.534724771976471,0.3542126715183258,291.5481872558594,18.3981872558594,SMAP_L4_SM_gph_20200824T073000_Vv8010_001.h5
2020-08-24,2020-08-24 10:28:55+00:00,7.119,-73.122,0.2125529795885086,0.1510554254055023,0.4958513975143432,0.3523552119731903,291.01873779296875,17.868737792968773,SMAP_L4_SM_gph_20200824T103000_Vv8010_001.h5
2020-08-24,2020-08-24 13:28:55+00:00,7.119,-73.122,0.2069048434495926,0.1501875668764114,0.4826507568359375,0.3503672480583191,291.5526733398437,18.402673339843773,SMAP_L4_SM_gph_20200824T133000_Vv8010_001.h5
2020-08-24,2020-08-24 16:28:55+00:00,7.119,-73.122,0.2037054300308227,0.1491241604089737,0.4751752912998199,0.3478956818580627,293.7537841796875,20.603784179687523,SMAP_L4_SM_gph_20200824T163000_Vv8010_001.h5
2020-08-24,2020-08-24 19:28:55+00:00,7.119,-73.122,0.2123776823282241,0.1488509178161621,0.4953564703464508,0.3472094237804413,294.7895812988281,21.639581298828148,SMAP_L4_SM_gph_20200824T193000_Vv8010_001.h5
2020-08-24,2020-08-24 22:28:55+00:00,7.119,-73.122,0.2115462571382522,0.1485570520162582,0.4935145378112793,0.3466286361217499,294.1800231933594,21.0300231933594,SMAP_L4_SM_gph_20200824T223000_Vv8010_001.h5
2020-08-25,2020-08-25 01:28:55+00:00,7.119,-73.122,0.2115321308374405,0.1483318358659744,0.493426501750946,0.3459454476833343,293.34747314453125,20.19747314453128,SMAP_L4_SM_gph_20200825T013000_Vv8010_001.h5
2020-08-25,2020-08-25 04:28:55+00:00,7.119,-73.122,0.2170139849185943,0.1486079394817352,0.5062607526779175,0.3466392457485199,292.79400634765625,19.64400634765628,SMAP_L4_SM_gph_20200825T043000_Vv8010_001.h5
2020-08-25,2020-08-25 07:28:55+00:00,7.119,-73.122,0.2184616923332214,0.1489342302083969,0.5096708536148071,0.3473525941371918,292.24578857421875,19.095788574218773,SMAP_L4_SM_gph_20200825T073000_Vv8010_001.h5
2020-08-25,2020-08-25 10:28:55+00:00,7.119,-73.122,0.212176576256752,0.1486247181892395,0.4948455393314361,0.3466940224170685,291.75408935546875,18.604089355468773,SMAP_L4_SM_gph_20200825T103000_Vv8010_001.h5
2020-08-25,2020-08-25 13:28:55+00:00,7.119,-73.122,0.2063241451978683,0.1479596197605133,0.4812178015708923,0.3452455699443817,291.97662353515625,18.82662353515628,SMAP_L4_SM_gph_20200825T133000_Vv8010_001.h5
2020-08-25,2020-08-25 16:28:55+00:00,7.119,-73.122,0.2013599723577499,0.1470293998718261,0.4697287380695343,0.3429248929023742,293.6952209472656,20.545220947265648,SMAP_L4_SM_gph_20200825T163000_Vv8010_001.h5
2020-08-25,2020-08-25 19:28:55+00:00,7.119,-73.122,0.2022455334663391,0.1463362872600555,0.4717878997325897,0.3414403796195984,294.4857177734375,21.335717773437523,SMAP_L4_SM_gph_20200825T193000_Vv8010_001.h5
2020-08-25,2020-08-25 22:28:55+00:00,7.119,-73.122,0.2210023999214172,0.1472887843847274,0.5155497789382935,0.3436119854450226,293.8450622558594,20.6950622558594,SMAP_L4_SM_gph_20200825T223000_Vv8010_001.h5
2020-08-26,2020-08-26 01:28:55+00:00,7.119,-73.122,0.2237704545259475,0.1482086479663849,0.5218185186386108,0.3456984460353851,292.8840026855469,19.734002685546898,SMAP_L4_SM_gph_20200826T013000_Vv8010_001.h5
2020-08-26,2020-08-26 04:28:55+00:00,7.119,-73.122,0.2154293358325958,0.1480464935302734,0.5026558041572571,0.3454349040985107,292.07183837890625,18.92183837890628,SMAP_L4_SM_gph_20200826T043000_Vv8010_001.h5
2020-08-26,2020-08-26 07:28:55+00:00,7.119,-73.122,0.2102785855531692,0.1476277709007263,0.4905850887298584,0.3442733585834503,291.4042663574219,18.254266357421898,SMAP_L4_SM_gph_20200826T073000_Vv8010_001.h5
2020-08-26,2020-08-26 10:28:55+00:00,7.119,-73.122,0.20761539041996,0.1471590250730514,0.4842995405197143,0.3432257175445556,290.9145812988281,17.764581298828148,SMAP_L4_SM_gph_20200826T103000_Vv8010_001.h5
2020-08-26,2020-08-26 13:28:55+00:00,7.119,-73.122,0.2030606269836425,0.1465008854866027,0.4736659228801727,0.3416362404823303,291.5226135253906,18.372613525390648,SMAP_L4_SM_gph_20200826T133000_Vv8010_001.h5
2020-08-26,2020-08-26 16:28:55+00:00,7.119,-73.122,0.2120373398065567,0.1464389711618423,0.4945341050624847,0.3416340053081512,293.26641845703125,20.11641845703128,SMAP_L4_SM_gph_20200826T163000_Vv8010_001.h5
2020-08-26,2020-08-26 19:28:55+00:00,7.119,-73.122,0.2403951734304428,0.1492716670036316,0.5607346892356873,0.3481690883636474,293.92987060546875,20.779870605468773,SMAP_L4_SM_gph_20200826T193000_Vv8010_001.h5
2020-08-26,2020-08-26 22:28:55+00:00,7.119,-73.122,0.2267310917377472,0.1501478999853134,0.5289392471313477,0.3502640128135681,293.4520568847656,20.302056884765648,SMAP_L4_SM_gph_20200826T223000_Vv8010_001.h5
2020-08-27,2020-08-27 01:28:55+00:00,7.119,-73.122,0.2156250476837158,0.1498334556818008,0.502916157245636,0.3495073914527893,292.5722045898437,19.422204589843773,SMAP_L4_SM_gph_20200827T013000_Vv8010_001.h5
2020-08-27,2020-08-27 04:28:55+00:00,7.119,-73.122,0.2080661356449127,0.1490725129842758,0.4853639304637909,0.3477610051631927,292.0115661621094,18.8615661621094,SMAP_L4_SM_gph_20200827T043000_Vv8010_001.h5
2020-08-27,2020-08-27 07:28:55+00:00,7.119,-73.122,0.2040809243917465,0.1483257561922073,0.4761360287666321,0.346015065908432,291.6652526855469,18.515252685546898,SMAP_L4_SM_gph_20200827T073000_Vv8010_001.h5
2020-08-27,2020-08-27 10:28:55+00:00,7.119,-73.122,0.2008545249700546,0.1475292742252349,0.4684729874134063,0.3441391885280609,291.2457580566406,18.095758056640648,SMAP_L4_SM_gph_20200827T103000_Vv8010_001.h5
2020-08-27,2020-08-27 13:28:55+00:00,7.119,-73.122,0.196851834654808,0.1466747224330902,0.4591850042343139,0.3420634865760803,291.8912658691406,18.741265869140648,SMAP_L4_SM_gph_20200827T133000_Vv8010_001.h5
2020-08-27,2020-08-27 16:28:55+00:00,7.119,-73.122,0.1940217018127441,0.1457618772983551,0.4525673985481262,0.3399953544139862,293.5461730957031,20.396173095703148,SMAP_L4_SM_gph_20200827T163000_Vv8010_001.h5
2020-08-27,2020-08-27 19:28:55+00:00,7.119,-73.122,0.1918137222528457,0.1450001299381256,0.4474742114543915,0.3382468819618225,294.0076599121094,20.8576599121094,SMAP_L4_SM_gph_20200827T193000_Vv8010_001.h5
2020-08-27,2020-08-27 22:28:55+00:00,7.119,-73.122,0.1895660609006881,0.1443605124950409,0.4420904815196991,0.3367427289485931,293.7562866210937,20.606286621093773,SMAP_L4_SM_gph_20200827T223000_Vv8010_001.h5
2020-08-28,2020-08-28 01:28:55+00:00,7.119,-73.122,0.1883998364210128,0.1438231021165847,0.4394969344139099,0.3355530500411987,293.0108642578125,19.860864257812523,SMAP_L4_SM_gph_20200828T013000_Vv8010_001.h5
2020-08-28,2020-08-28 04:28:55+00:00,7.119,-73.122,0.1877346485853195,0.1433601975440979,0.4378798604011535,0.3343984484672546,292.47198486328125,19.32198486328128,SMAP_L4_SM_gph_20200828T043000_Vv8010_001.h5
2020-08-28,2020-08-28 07:28:55+00:00,7.119,-73.122,0.1869974285364151,0.1429034769535064,0.4361312389373779,0.3332600593566894,291.7624206542969,18.612420654296898,SMAP_L4_SM_gph_20200828T073000_Vv8010_001.h5
2020-08-28,2020-08-28 10:28:55+00:00,7.119,-73.122,0.1859864592552185,0.1424554586410522,0.4338313639163971,0.3322296738624573,290.85235595703125,17.702355957031273,SMAP_L4_SM_gph_20200828T103000_Vv8010_001.h5
2020-08-28,2020-08-28 13:28:55+00:00,7.119,-73.122,0.1850524842739105,0.141894906759262,0.4315945208072662,0.3309908509254455,291.626953125,18.476953125000023,SMAP_L4_SM_gph_20200828T133000_Vv8010_001.h5
2020-08-28,2020-08-28 16:28:55+00:00,7.119,-73.122,0.1830371171236038,0.1411867290735244,0.4269911646842956,0.3293452262878418,293.733642578125,20.583642578125023,SMAP_L4_SM_gph_20200828T163000_Vv8010_001.h5
2020-08-28,2020-08-28 19:28:55+00:00,7.119,-73.122,0.1818183958530426,0.1405741423368454,0.4241180121898651,0.3279111087322235,294.6859436035156,21.535943603515648,SMAP_L4_SM_gph_20200828T193000_Vv8010_001.h5
2020-08-28,2020-08-28 22:28:55+00:00,7.119,-73.122,0.1978883445262909,0.1422189772129058,0.4616244733333587,0.3318460583686828,294.24468994140625,21.09468994140628,SMAP_L4_SM_gph_20200828T223000_Vv8010_001.h5
2020-08-29,2020-08-29 01:28:55+00:00,7.119,-73.122,0.1935166865587234,0.1418302059173584,0.4515073597431183,0.3307256400585174,293.273681640625,20.123681640625023,SMAP_L4_SM_gph_20200829T013000_Vv8010_001.h5
2020-08-29,2020-08-29 04:28:55+00:00,7.119,-73.122,0.1911453753709793,0.1414092481136322,0.4459016025066376,0.3297286331653595,292.3928527832031,19.242852783203148,SMAP_L4_SM_gph_20200829T043000_Vv8010_001.h5
2020-08-29,2020-08-29 07:28:55+00:00,7.119,-73.122,0.1895288228988647,0.1409609019756317,0.4420507252216339,0.3288560211658478,291.1227111816406,17.972711181640648,SMAP_L4_SM_gph_20200829T073000_Vv8010_001.h5
2020-08-29,2020-08-29 10:28:55+00:00,7.119,-73.122,0.1882035136222839,0.1406019628047943,0.438914030790329,0.327983558177948,289.9661865234375,16.816186523437523,SMAP_L4_SM_gph_20200829T103000_Vv8010_001.h5
2020-08-29,2020-08-29 13:28:55+00:00,7.119,-73.122,0.1872567236423492,0.1404136568307876,0.4368127882480621,0.3275185823440552,290.6457214355469,17.495721435546898,SMAP_L4_SM_gph_20200829T133000_Vv8010_001.h5
2020-08-29,2020-08-29 16:28:55+00:00,7.119,-73.122,0.184662789106369,0.1397085487842559,0.4308445155620575,0.325965940952301,292.62030029296875,19.470300292968773,SMAP_L4_SM_gph_20200829T163000_Vv8010_001.h5
2020-08-29,2020-08-29 19:28:55+00:00,7.119,-73.122,0.1826657354831695,0.1390642374753952,0.4261183440685272,0.3244496583938598,293.79913330078125,20.64913330078128,SMAP_L4_SM_gph_20200829T193000_Vv8010_001.h5
2020-08-29,2020-08-29 22:28:55+00:00,7.119,-73.122,0.1827107518911361,0.1387118101119995,0.4262066483497619,0.3235939741134643,293.5002746582031,20.350274658203148,SMAP_L4_SM_gph_20200829T223000_Vv8010_001.h5
2020-08-30,2020-08-30 01:28:55+00:00,7.119,-73.122,0.1832363009452819,0.1386123299598693,0.4274124801158905,0.3233717978000641,292.4957275390625,19.345727539062523,SMAP_L4_SM_gph_20200830T013000_Vv8010_001.h5
2020-08-30,2020-08-30 04:28:55+00:00,7.119,-73.122,0.1839095205068588,0.1385126113891601,0.4290670752525329,0.3230637609958648,291.4753112792969,18.325311279296898,SMAP_L4_SM_gph_20200830T043000_Vv8010_001.h5
2020-08-30,2020-08-30 07:28:55+00:00,7.119,-73.122,0.1831955909729004,0.1383676677942276,0.4272300899028778,0.3226748406887054,290.42626953125,17.276269531250023,SMAP_L4_SM_gph_20200830T073000_Vv8010_001.h5
2020-08-30,2020-08-30 10:28:55+00:00,7.119,-73.122,0.1817645877599716,0.1381561756134033,0.4239141345024109,0.3222716748714447,289.69384765625,16.543847656250023,SMAP_L4_SM_gph_20200830T103000_Vv8010_001.h5
2020-08-30,2020-08-30 13:28:55+00:00,7.119,-73.122,0.1797675043344497,0.1378636956214904,0.4193104207515716,0.3215725123882293,290.54736328125,17.397363281250023,SMAP_L4_SM_gph_20200830T133000_Vv8010_001.h5
2020-08-30,2020-08-30 16:28:55+00:00,7.119,-73.122,0.1764322817325592,0.1371413171291351,0.4114993810653686,0.3198895752429962,292.9032592773437,19.753259277343773,SMAP_L4_SM_gph_20200830T163000_Vv8010_001.h5
2020-08-30,2020-08-30 19:28:55+00:00,7.119,-73.122,0.1735880076885223,0.1364346742630005,0.4049444794654846,0.3182107210159302,294.1159362792969,20.965936279296898,SMAP_L4_SM_gph_20200830T193000_Vv8010_001.h5
2020-08-30,2020-08-30 22:28:55+00:00,7.119,-73.122,0.1722771972417831,0.1360106468200683,0.401863694190979,0.3173277974128723,293.708984375,20.558984375000023,SMAP_L4_SM_gph_20200830T223000_Vv8010_001.h5
2020-08-31,2020-08-31 01:28:55+00:00,7.119,-73.122,0.1716631799936294,0.1358952522277832,0.4004786014556885,0.3169788420200348,292.2657470703125,19.115747070312523,SMAP_L4_SM_gph_20200831T013000_Vv8010_001.h5
2020-08-31,2020-08-31 04:28:55+00:00,7.119,-73.122,0.1713867038488388,0.1357928961515426,0.3997004330158233,0.3166639804840088,290.98077392578125,17.830773925781273,SMAP_L4_SM_gph_20200831T043000_Vv8010_001.h5
2020-08-31,2020-08-31 07:28:55+00:00,7.119,-73.122,0.1706865280866623,0.1356350928544998,0.3981137275695801,0.3163637518882751,290.216064453125,17.066064453125023,SMAP_L4_SM_gph_20200831T073000_Vv8010_001.h5
2020-08-31,2020-08-31 10:28:55+00:00,7.119,-73.122,0.1694638282060623,0.135524570941925,0.3952199220657348,0.3161128163337707,289.678466796875,16.528466796875023,SMAP_L4_SM_gph_20200831T103000_Vv8010_001.h5
2020-08-31,2020-08-31 13:28:55+00:00,7.119,-73.122,0.167678415775299,0.1352764666080474,0.3912589848041534,0.3155289590358734,290.7743225097656,17.624322509765648,SMAP_L4_SM_gph_20200831T133000_Vv8010_001.h5
2020-08-31,2020-08-31 16:28:55+00:00,7.119,-73.122,0.164706140756607,0.1346025317907333,0.3841786980628967,0.3139354884624481,293.244873046875,20.094873046875023,SMAP_L4_SM_gph_20200831T163000_Vv8010_001.h5
2020-08-31,2020-08-31 19:28:55+00:00,7.119,-73.122,0.1621612161397934,0.1339994221925735,0.3782807886600494,0.3124894499778747,294.3744506835937,21.224450683593773,SMAP_L4_SM_gph_20200831T193000_Vv8010_001.h5
2020-08-31,2020-08-31 22:28:55+00:00,7.119,-73.122,0.1626620590686798,0.1338070333003997,0.3793584406375885,0.3120620846748352,293.83209228515625,20.68209228515628,SMAP_L4_SM_gph_20200831T223000_Vv8010_001.h5
2020-09-01,2020-09-01 01:28:55+00:00,7.119,-73.122,0.1697094887495041,0.1339780390262603,0.3958192467689514,0.3125188946723938,292.84039306640625,19.69039306640628,SMAP_L4_SM_gph_20200901T013000_Vv8010_001.h5
2020-09-01,2020-09-01 04:28:55+00:00,7.119,-73.122,0.1844189167022705,0.1347987651824951,0.4301701486110687,0.314420998096466,292.18505859375,19.035058593750023,SMAP_L4_SM_gph_20200901T043000_Vv8010_001.h5
2020-09-01,2020-09-01 07:28:55+00:00,7.119,-73.122,0.1929603666067123,0.1355963498353958,0.4500838220119476,0.3162627816200256,291.6806640625,18.530664062500023,SMAP_L4_SM_gph_20200901T073000_Vv8010_001.h5
2020-09-01,2020-09-01 10:28:55+00:00,7.119,-73.122,0.1894188970327377,0.1356066018342971,0.4419127702713012,0.3163746893405914,291.2445373535156,18.094537353515648,SMAP_L4_SM_gph_20200901T103000_Vv8010_001.h5
2020-09-01,2020-09-01 13:28:55+00:00,7.119,-73.122,0.1821386069059372,0.135013923048973,0.4248409569263458,0.3149558305740356,292.02105712890625,18.87105712890628,SMAP_L4_SM_gph_20200901T133000_Vv8010_001.h5
2020-09-01,2020-09-01 16:28:55+00:00,7.119,-73.122,0.1769666224718094,0.1341855078935623,0.4127349853515625,0.3129485547542572,294.08856201171875,20.938562011718773,SMAP_L4_SM_gph_20200901T163000_Vv8010_001.h5
2020-09-01,2020-09-01 19:28:55+00:00,7.119,-73.122,0.1920402348041534,0.1346486508846283,0.447945773601532,0.3140186667442322,294.76861572265625,21.61861572265628,SMAP_L4_SM_gph_20200901T193000_Vv8010_001.h5
2020-09-01,2020-09-01 22:28:55+00:00,7.119,-73.122,0.203157901763916,0.1359965354204177,0.4738144874572754,0.3173279166221618,293.5203552246094,20.3703552246094,SMAP_L4_SM_gph_20200901T223000_Vv8010_001.h5
2020-09-02,2020-09-02 01:28:55+00:00,7.119,-73.122,0.1961610615253448,0.1361481994390487,0.4575757384300232,0.3175270855426788,292.2652587890625,19.115258789062523,SMAP_L4_SM_gph_20200902T013000_Vv8010_001.h5
2020-09-02,2020-09-02 04:28:55+00:00,7.119,-73.122,0.2109007835388183,0.1372694224119186,0.4920228719711303,0.3202715814113617,291.1922607421875,18.042260742187523,SMAP_L4_SM_gph_20200902T043000_Vv8010_001.h5
2020-09-02,2020-09-02 07:28:55+00:00,7.119,-73.122,0.2808451354503631,0.1488903611898422,0.6551739573478699,0.3472753167152405,290.25,17.100000000000023,SMAP_L4_SM_gph_20200902T073000_Vv8010_001.h5
2020-09-02,2020-09-02 10:28:55+00:00,7.119,-73.122,0.2322090566158294,0.1520322114229202,0.5416871905326843,0.3546382784843445,289.7193603515625,16.569360351562523,SMAP_L4_SM_gph_20200902T103000_Vv8010_001.h5
2020-09-02,2020-09-02 13:28:55+00:00,7.119,-73.122,0.2214106321334839,0.1521083414554596,0.5165824890136719,0.3547996580600738,290.24725341796875,17.097253417968773,SMAP_L4_SM_gph_20200902T133000_Vv8010_001.h5
2020-09-02,2020-09-02 16:28:55+00:00,7.119,-73.122,0.2123429626226425,0.1512046009302139,0.4953214228153229,0.3526331186294555,291.72467041015625,18.57467041015628,SMAP_L4_SM_gph_20200902T163000_Vv8010_001.h5
2020-09-02,2020-09-02 19:28:55+00:00,7.119,-73.122,0.2146616578102111,0.1507451832294464,0.5008115768432617,0.3516096770763397,292.83770751953125,19.68770751953128,SMAP_L4_SM_gph_20200902T193000_Vv8010_001.h5
2020-09-02,2020-09-02 22:28:55+00:00,7.119,-73.122,0.2066231220960617,0.1496193557977676,0.4819184243679046,0.3490123748779297,292.9587707519531,19.808770751953148,SMAP_L4_SM_gph_20200902T223000_Vv8010_001.h5
2020-09-03,2020-09-03 01:28:55+00:00,7.119,-73.122,0.204147532582283,0.1487610042095184,0.4762132465839386,0.3470491468906402,291.8561096191406,18.706109619140648,SMAP_L4_SM_gph_20200903T013000_Vv8010_001.h5
2020-09-03,2020-09-03 04:28:55+00:00,7.119,-73.122,0.2042039632797241,0.1481344699859619,0.4762555658817291,0.345542162656784,290.85650634765625,17.706506347656273,SMAP_L4_SM_gph_20200903T043000_Vv8010_001.h5
2020-09-03,2020-09-03 07:28:55+00:00,7.119,-73.122,0.2051410377025604,0.1476479768753051,0.4784414172172546,0.3444481492042541,290.2691955566406,17.119195556640648,SMAP_L4_SM_gph_20200903T073000_Vv8010_001.h5
2020-09-03,2020-09-03 10:28:55+00:00,7.119,-73.122,0.2005305737257003,0.1469337046146392,0.4676730930805206,0.3427494764328003,289.90545654296875,16.755456542968773,SMAP_L4_SM_gph_20200903T103000_Vv8010_001.h5
2020-09-03,2020-09-03 13:28:55+00:00,7.119,-73.122,0.1970834881067276,0.1460577696561813,0.4596599042415619,0.340777575969696,290.8202514648437,17.670251464843773,SMAP_L4_SM_gph_20200903T133000_Vv8010_001.h5
2020-09-03,2020-09-03 16:28:55+00:00,7.119,-73.122,0.1932253092527389,0.1449631303548813,0.4506676495075226,0.3381024301052093,293.2802734375,20.130273437500023,SMAP_L4_SM_gph_20200903T163000_Vv8010_001.h5
2020-09-03,2020-09-03 19:28:55+00:00,7.119,-73.122,0.1950390487909317,0.1441572308540344,0.4549375176429748,0.3361539840698242,294.4354858398437,21.285485839843773,SMAP_L4_SM_gph_20200903T193000_Vv8010_001.h5
2020-09-03,2020-09-03 22:28:55+00:00,7.119,-73.122,0.19892019033432,0.1437797099351883,0.4640203416347503,0.3353550434112549,294.1351318359375,20.985131835937523,SMAP_L4_SM_gph_20200903T223000_Vv8010_001.h5
2020-09-04,2020-09-04 01:28:55+00:00,7.119,-73.122,0.2176800668239593,0.1446071118116378,0.5078108310699463,0.3373594582080841,293.1263732910156,19.976373291015648,SMAP_L4_SM_gph_20200904T013000_Vv8010_001.h5
2020-09-04,2020-09-04 04:28:55+00:00,7.119,-73.122,0.2201597839593887,0.1454296857118606,0.5137042999267578,0.3392663598060608,292.3708801269531,19.220880126953148,SMAP_L4_SM_gph_20200904T043000_Vv8010_001.h5
2020-09-04,2020-09-04 07:28:55+00:00,7.119,-73.122,0.2097254246473312,0.1451809704303741,0.489154189825058,0.338681161403656,291.8192138671875,18.669213867187523,SMAP_L4_SM_gph_20200904T073000_Vv8010_001.h5
2020-09-04,2020-09-04 10:28:55+00:00,7.119,-73.122,0.2033567428588867,0.1446310728788375,0.4743230044841766,0.3373741209506988,291.28143310546875,18.131433105468773,SMAP_L4_SM_gph_20200904T103000_Vv8010_001.h5
2020-09-04,2020-09-04 13:28:55+00:00,7.119,-73.122,0.1997450739145279,0.1445511877536773,0.465943694114685,0.3371182680130005,291.8502502441406,18.700250244140648,SMAP_L4_SM_gph_20200904T133000_Vv8010_001.h5
2020-09-04,2020-09-04 16:28:55+00:00,7.119,-73.122,0.1955555528402328,0.1436150223016739,0.4561635255813598,0.3349890112876892,293.8204040527344,20.6704040527344,SMAP_L4_SM_gph_20200904T163000_Vv8010_001.h5
2020-09-04,2020-09-04 19:28:55+00:00,7.119,-73.122,0.206441655755043,0.1435044258832931,0.4814994037151336,0.3347375392913818,294.6524658203125,21.502465820312523,SMAP_L4_SM_gph_20200904T193000_Vv8010_001.h5
2020-09-04,2020-09-04 22:28:55+00:00,7.119,-73.122,0.2383421212434768,0.1463896483182907,0.5559685230255127,0.3414203822612762,293.7759704589844,20.6259704589844,SMAP_L4_SM_gph_20200904T223000_Vv8010_001.h5
2020-09-05,2020-09-05 01:28:55+00:00,7.119,-73.122,0.2325461506843567,0.1481476426124572,0.5425271391868591,0.3455765545368194,292.64324951171875,19.493249511718773,SMAP_L4_SM_gph_20200905T013000_Vv8010_001.h5
2020-09-05,2020-09-05 04:28:55+00:00,7.119,-73.122,0.2241545170545578,0.1486881971359253,0.5227853059768677,0.3468114137649536,291.8310546875,18.681054687500023,SMAP_L4_SM_gph_20200905T043000_Vv8010_001.h5
2020-09-05,2020-09-05 07:28:55+00:00,7.119,-73.122,0.2132534384727478,0.1482332348823547,0.4975260496139526,0.3457997441291809,291.0382385253906,17.888238525390648,SMAP_L4_SM_gph_20200905T073000_Vv8010_001.h5
2020-09-05,2020-09-05 10:28:55+00:00,7.119,-73.122,0.2091101855039596,0.1477013677358627,0.4877589046955108,0.3446246981620788,290.38653564453125,17.236535644531273,SMAP_L4_SM_gph_20200905T103000_Vv8010_001.h5
2020-09-05,2020-09-05 13:28:55+00:00,7.119,-73.122,0.2034444510936737,0.1468750834465026,0.4744447767734527,0.3426707684993744,291.25604248046875,18.106042480468773,SMAP_L4_SM_gph_20200905T133000_Vv8010_001.h5
2020-09-05,2020-09-05 16:28:55+00:00,7.119,-73.122,0.1992446482181549,0.1457966864109039,0.4648395180702209,0.340038001537323,293.6434326171875,20.493432617187523,SMAP_L4_SM_gph_20200905T163000_Vv8010_001.h5
2020-09-05,2020-09-05 19:28:55+00:00,7.119,-73.122,0.2012052088975906,0.1450429707765579,0.46937957406044,0.3383955359458923,294.999267578125,21.849267578125023,SMAP_L4_SM_gph_20200905T193000_Vv8010_001.h5
2020-09-05,2020-09-05 22:28:55+00:00,7.119,-73.122,0.2143468856811523,0.1465674787759781,0.4999961853027344,0.3418580293655395,294.49853515625,21.348535156250023,SMAP_L4_SM_gph_20200905T223000_Vv8010_001.h5
2020-09-06,2020-09-06 01:28:55+00:00,7.119,-73.122,0.2077748030424118,0.1461721658706665,0.4846861362457275,0.3409278988838196,293.4732971191406,20.323297119140648,SMAP_L4_SM_gph_20200906T013000_Vv8010_001.h5
2020-09-06,2020-09-06 04:28:55+00:00,7.119,-73.122,0.2022924870252609,0.1455095261335373,0.4718697369098663,0.3393637537956238,292.7298889160156,19.579888916015648,SMAP_L4_SM_gph_20200906T043000_Vv8010_001.h5
2020-09-06,2020-09-06 07:28:55+00:00,7.119,-73.122,0.1983688473701477,0.1448761373758316,0.4626881182193756,0.3378756642341614,292.1210327148437,18.971032714843773,SMAP_L4_SM_gph_20200906T073000_Vv8010_001.h5
2020-09-06,2020-09-06 10:28:55+00:00,7.119,-73.122,0.1950006932020187,0.1442032307386398,0.4548910558223724,0.3364068865776062,291.3576354980469,18.207635498046898,SMAP_L4_SM_gph_20200906T103000_Vv8010_001.h5
2020-09-06,2020-09-06 13:28:55+00:00,7.119,-73.122,0.1919648945331573,0.1435465365648269,0.4478172063827514,0.3348581790924072,292.02984619140625,18.87984619140628,SMAP_L4_SM_gph_20200906T133000_Vv8010_001.h5
2020-09-06,2020-09-06 16:28:55+00:00,7.119,-73.122,0.1895430982112884,0.1426866203546524,0.4421372711658478,0.332768827676773,294.035888671875,20.885888671875023,SMAP_L4_SM_gph_20200906T163000_Vv8010_001.h5
2020-09-06,2020-09-06 19:28:55+00:00,7.119,-73.122,0.1931772530078888,0.1422625929117202,0.4506118893623352,0.3318006992340088,294.4978332519531,21.347833251953148,SMAP_L4_SM_gph_20200906T193000_Vv8010_001.h5
2020-09-06,2020-09-06 22:28:55+00:00,7.119,-73.122,0.1924639195203781,0.1418440192937851,0.4490064978599548,0.330846756696701,294.01910400390625,20.86910400390628,SMAP_L4_SM_gph_20200906T223000_Vv8010_001.h5
2020-09-07,2020-09-07 01:28:55+00:00,7.119,-73.122,0.198700338602066,0.1419517695903778,0.4634833931922912,0.3311755955219269,293.1797180175781,20.029718017578148,SMAP_L4_SM_gph_20200907T013000_Vv8010_001.h5
2020-09-07,2020-09-07 04:28:55+00:00,7.119,-73.122,0.1975938081741333,0.1417533457279205,0.4608752429485321,0.3306843340396881,292.5346069335937,19.384606933593773,SMAP_L4_SM_gph_20200907T043000_Vv8010_001.h5
2020-09-07,2020-09-07 07:28:55+00:00,7.119,-73.122,0.1999708861112594,0.1417142450809478,0.4664412438869476,0.3305824697017669,291.860595703125,18.710595703125023,SMAP_L4_SM_gph_20200907T073000_Vv8010_001.h5
2020-09-07,2020-09-07 10:28:55+00:00,7.119,-73.122,0.1978327631950378,0.1415150463581085,0.4615564048290252,0.3300522565841675,291.42840576171875,18.278405761718773,SMAP_L4_SM_gph_20200907T103000_Vv8010_001.h5
2020-09-07,2020-09-07 13:28:55+00:00,7.119,-73.122,0.1943427920341491,0.1410806626081466,0.4533552825450897,0.3290941715240478,291.8892517089844,18.7392517089844,SMAP_L4_SM_gph_20200907T133000_Vv8010_001.h5
2020-09-07,2020-09-07 16:28:55+00:00,7.119,-73.122,0.1942062675952911,0.1406318545341491,0.4529986083507538,0.3279762864112854,293.44488525390625,20.29488525390628,SMAP_L4_SM_gph_20200907T163000_Vv8010_001.h5
2020-09-07,2020-09-07 19:28:55+00:00,7.119,-73.122,0.1994276493787765,0.1406525522470474,0.4652402400970459,0.3280302882194519,293.9331970214844,20.7831970214844,SMAP_L4_SM_gph_20200907T193000_Vv8010_001.h5
2020-09-07,2020-09-07 22:28:55+00:00,7.119,-73.122,0.2029758542776107,0.1408800780773162,0.4734519422054291,0.328560322523117,293.3044128417969,20.154412841796898,SMAP_L4_SM_gph_20200907T223000_Vv8010_001.h5
2020-09-08,2020-09-08 01:28:55+00:00,7.119,-73.122,0.2051311880350113,0.1410351395606994,0.4785330593585968,0.3290125131607055,292.4384765625,19.288476562500023,SMAP_L4_SM_gph_20200908T013000_Vv8010_001.h5
2020-09-08,2020-09-08 04:28:55+00:00,7.119,-73.122,0.2071330845355987,0.1412440240383148,0.4832132458686828,0.3294458389282226,291.70068359375,18.550683593750023,SMAP_L4_SM_gph_20200908T043000_Vv8010_001.h5
2020-09-08,2020-09-08 07:28:55+00:00,7.119,-73.122,0.2065746784210205,0.1412922888994217,0.4818914532661438,0.3295717239379883,291.06951904296875,17.919519042968773,SMAP_L4_SM_gph_20200908T073000_Vv8010_001.h5
2020-09-08,2020-09-08 10:28:55+00:00,7.119,-73.122,0.2061873227357864,0.1413397490978241,0.4810325503349304,0.3296956419944763,290.64697265625,17.496972656250023,SMAP_L4_SM_gph_20200908T103000_Vv8010_001.h5
2020-09-08,2020-09-08 13:28:55+00:00,7.119,-73.122,0.2058475166559219,0.1412951350212097,0.4801881015300751,0.32957923412323,291.01580810546875,17.865808105468773,SMAP_L4_SM_gph_20200908T133000_Vv8010_001.h5
2020-09-08,2020-09-08 16:28:55+00:00,7.119,-73.122,0.2142928093671798,0.1418779790401458,0.4998615682125091,0.3310094773769378,292.1520690917969,19.002069091796898,SMAP_L4_SM_gph_20200908T163000_Vv8010_001.h5
2020-09-08,2020-09-08 19:28:55+00:00,7.119,-73.122,0.2244764566421508,0.1428846716880798,0.5235682725906372,0.3333702087402344,292.989501953125,19.839501953125023,SMAP_L4_SM_gph_20200908T193000_Vv8010_001.h5
2020-09-08,2020-09-08 22:28:55+00:00,7.119,-73.122,0.2439754158258438,0.1467051357030868,0.5690913200378418,0.3421796858310699,292.7025756835937,19.552575683593773,SMAP_L4_SM_gph_20200908T223000_Vv8010_001.h5
2020-09-09,2020-09-09 01:28:55+00:00,7.119,-73.122,0.2155713438987732,0.1467364728450775,0.5030161738395691,0.3422244787216186,291.9012145996094,18.7512145996094,SMAP_L4_SM_gph_20200909T013000_Vv8010_001.h5
2020-09-09,2020-09-09 04:28:55+00:00,7.119,-73.122,0.2062097042798996,0.1460294276475906,0.4810545742511749,0.3405815362930298,291.40264892578125,18.25264892578128,SMAP_L4_SM_gph_20200909T043000_Vv8010_001.h5
2020-09-09,2020-09-09 07:28:55+00:00,7.119,-73.122,0.2023627907037735,0.145334854722023,0.4721161723136902,0.3390562236309051,290.82086181640625,17.670861816406273,SMAP_L4_SM_gph_20200909T073000_Vv8010_001.h5
2020-09-09,2020-09-09 10:28:55+00:00,7.119,-73.122,0.1994160860776901,0.1446913480758667,0.4651398956775665,0.3375051319599151,290.310791015625,17.160791015625023,SMAP_L4_SM_gph_20200909T103000_Vv8010_001.h5
2020-09-09,2020-09-09 13:28:55+00:00,7.119,-73.122,0.1973184049129486,0.1440852284431457,0.4602968394756317,0.3360512554645538,291.2214660644531,18.071466064453148,SMAP_L4_SM_gph_20200909T133000_Vv8010_001.h5
2020-09-09,2020-09-09 16:28:55+00:00,7.119,-73.122,0.1954362243413925,0.1431880593299865,0.4558368325233459,0.3339870274066925,293.4557189941406,20.305718994140648,SMAP_L4_SM_gph_20200909T163000_Vv8010_001.h5
2020-09-09,2020-09-09 19:28:55+00:00,7.119,-73.122,0.2046832740306854,0.14314566552639,0.4774847030639648,0.3339133858680725,294.1539306640625,21.003930664062523,SMAP_L4_SM_gph_20200909T193000_Vv8010_001.h5
2020-09-09,2020-09-09 22:28:55+00:00,7.119,-73.122,0.2127040028572082,0.143799677491188,0.4961902797222137,0.3353331387042999,293.3876342773437,20.237634277343773,SMAP_L4_SM_gph_20200909T223000_Vv8010_001.h5
2020-09-10,2020-09-10 01:28:55+00:00,7.119,-73.122,0.2163692563772201,0.1444073766469955,0.5047191381454468,0.33687624335289,292.5160522460937,19.366052246093773,SMAP_L4_SM_gph_20200910T013000_Vv8010_001.h5
2020-09-10,2020-09-10 04:28:55+00:00,7.119,-73.122,0.2087447047233581,0.1443319618701934,0.4869402348995209,0.3366314768791199,291.80548095703125,18.65548095703128,SMAP_L4_SM_gph_20200910T043000_Vv8010_001.h5
2020-09-10,2020-09-10 07:28:55+00:00,7.119,-73.122,0.2015754580497741,0.1437600553035736,0.4702352285385132,0.3353887796401977,290.91796875,17.767968750000023,SMAP_L4_SM_gph_20200910T073000_Vv8010_001.h5
2020-09-10,2020-09-10 10:28:55+00:00,7.119,-73.122,0.1973833888769149,0.1432395130395889,0.4604340195655823,0.3341210484504699,290.136474609375,16.986474609375023,SMAP_L4_SM_gph_20200910T103000_Vv8010_001.h5
2020-09-10,2020-09-10 13:28:55+00:00,7.119,-73.122,0.1937087178230285,0.1425909250974655,0.4518172442913055,0.3327156007289886,291.1119079589844,17.961907958984398,SMAP_L4_SM_gph_20200910T133000_Vv8010_001.h5
2020-09-10,2020-09-10 16:28:55+00:00,7.119,-73.122,0.1902063637971878,0.1418218314647674,0.4437065720558166,0.3308258950710296,293.53857421875,20.388574218750023,SMAP_L4_SM_gph_20200910T163000_Vv8010_001.h5
2020-09-10,2020-09-10 19:28:55+00:00,7.119,-73.122,0.2018648535013198,0.1419134140014648,0.4709739983081817,0.331112653017044,294.3309020996094,21.1809020996094,SMAP_L4_SM_gph_20200910T193000_Vv8010_001.h5
2020-09-10,2020-09-10 22:28:55+00:00,7.119,-73.122,0.2040867656469345,0.1422365754842758,0.4760343432426452,0.3318550288677215,293.4384765625,20.288476562500023,SMAP_L4_SM_gph_20200910T223000_Vv8010_001.h5
2020-09-11,2020-09-11 01:28:55+00:00,7.119,-73.122,0.2021837830543518,0.1421877592802047,0.4715941548347473,0.3316427171230316,292.345703125,19.195703125000023,SMAP_L4_SM_gph_20200911T013000_Vv8010_001.h5
2020-09-11,2020-09-11 04:28:55+00:00,7.119,-73.122,0.1983467787504196,0.14190174639225,0.4627194106578827,0.3309602439403534,291.38250732421875,18.232507324218773,SMAP_L4_SM_gph_20200911T043000_Vv8010_001.h5
2020-09-11,2020-09-11 07:28:55+00:00,7.119,-73.122,0.1950437128543853,0.1415019929409027,0.4549006521701813,0.330177366733551,290.5725402832031,17.422540283203148,SMAP_L4_SM_gph_20200911T073000_Vv8010_001.h5
2020-09-11,2020-09-11 10:28:55+00:00,7.119,-73.122,0.192498430609703,0.1411423981189727,0.4490226507186889,0.3292180001735687,290.0330810546875,16.883081054687523,SMAP_L4_SM_gph_20200911T103000_Vv8010_001.h5
2020-09-11,2020-09-11 13:28:55+00:00,7.119,-73.122,0.188991367816925,0.1406274139881134,0.4408504068851471,0.3280498087406158,291.049560546875,17.899560546875023,SMAP_L4_SM_gph_20200911T133000_Vv8010_001.h5
2020-09-11,2020-09-11 16:28:55+00:00,7.119,-73.122,0.1849258989095688,0.1399215459823608,0.4314271807670593,0.3264100551605224,293.20196533203125,20.05196533203128,SMAP_L4_SM_gph_20200911T163000_Vv8010_001.h5
2020-09-11,2020-09-11 19:28:55+00:00,7.119,-73.122,0.1862518936395645,0.139452651143074,0.4344393014907837,0.3252398073673248,294.5272827148437,21.377282714843773,SMAP_L4_SM_gph_20200911T193000_Vv8010_001.h5
2020-09-11,2020-09-11 22:28:55+00:00,7.119,-73.122,0.204977810382843,0.1403422355651855,0.4782096445560455,0.3274915516376495,294.33740234375,21.187402343750023,SMAP_L4_SM_gph_20200911T223000_Vv8010_001.h5
2020-09-12,2020-09-12 01:28:55+00:00,7.119,-73.122,0.2049663811922073,0.1407242715358734,0.478115439414978,0.3281431198120117,293.3086242675781,20.158624267578148,SMAP_L4_SM_gph_20200912T013000_Vv8010_001.h5
2020-09-12,2020-09-12 04:28:55+00:00,7.119,-73.122,0.2049376815557479,0.1408247649669647,0.4781082272529602,0.328490138053894,292.5108642578125,19.360864257812523,SMAP_L4_SM_gph_20200912T043000_Vv8010_001.h5
2020-09-12,2020-09-12 07:28:55+00:00,7.119,-73.122,0.2064381390810012,0.1410341113805771,0.4815478324890136,0.3289248347282409,291.920166015625,18.770166015625023,SMAP_L4_SM_gph_20200912T073000_Vv8010_001.h5
2020-09-12,2020-09-12 10:28:55+00:00,7.119,-73.122,0.2044545412063598,0.140969231724739,0.4769420027732849,0.3289148211479187,291.2814025878906,18.131402587890648,SMAP_L4_SM_gph_20200912T103000_Vv8010_001.h5
2020-09-12,2020-09-12 13:28:55+00:00,7.119,-73.122,0.2024862468242645,0.1408411562442779,0.4724074602127075,0.3284958600997925,291.92498779296875,18.774987792968773,SMAP_L4_SM_gph_20200912T133000_Vv8010_001.h5
2020-09-12,2020-09-12 16:28:55+00:00,7.119,-73.122,0.1974229514598846,0.1401242613792419,0.4604750573635101,0.3269494771957397,293.8097839355469,20.659783935546898,SMAP_L4_SM_gph_20200912T163000_Vv8010_001.h5
2020-09-12,2020-09-12 19:28:55+00:00,7.119,-73.122,0.2003213018178939,0.1399605125188827,0.4672479927539825,0.3264007866382599,294.30230712890625,21.15230712890628,SMAP_L4_SM_gph_20200912T193000_Vv8010_001.h5
2020-09-12,2020-09-12 22:28:55+00:00,7.119,-73.122,0.1974726021289825,0.1397639364004135,0.4605836868286133,0.3260363936424255,293.7001647949219,20.550164794921898,SMAP_L4_SM_gph_20200912T223000_Vv8010_001.h5
2020-09-13,2020-09-13 01:28:55+00:00,7.119,-73.122,0.1928111314773559,0.1394469290971756,0.4498070776462555,0.3253100216388702,292.6295166015625,19.479516601562523,SMAP_L4_SM_gph_20200913T013000_Vv8010_001.h5
2020-09-13,2020-09-13 04:28:55+00:00,7.119,-73.122,0.1900173723697662,0.1391531974077224,0.4432045817375183,0.3246444165706634,291.559326171875,18.409326171875023,SMAP_L4_SM_gph_20200913T043000_Vv8010_001.h5
2020-09-13,2020-09-13 07:28:55+00:00,7.119,-73.122,0.187921866774559,0.1388315856456756,0.4383670687675476,0.3239062428474426,290.7361145019531,17.586114501953148,SMAP_L4_SM_gph_20200913T073000_Vv8010_001.h5
2020-09-13,2020-09-13 10:28:55+00:00,7.119,-73.122,0.1867496222257614,0.1385475099086761,0.4356207251548767,0.3231916725635528,290.1536865234375,17.003686523437523,SMAP_L4_SM_gph_20200913T103000_Vv8010_001.h5
2020-09-13,2020-09-13 13:28:55+00:00,7.119,-73.122,0.1847299337387085,0.1381846070289611,0.4309562146663666,0.3223087787628174,291.1566467285156,18.006646728515648,SMAP_L4_SM_gph_20200913T133000_Vv8010_001.h5
2020-09-13,2020-09-13 16:28:55+00:00,7.119,-73.122,0.1814342737197876,0.1374678164720535,0.4232369363307953,0.3206406831741333,293.46484375,20.314843750000023,SMAP_L4_SM_gph_20200913T163000_Vv8010_001.h5
2020-09-13,2020-09-13 19:28:55+00:00,7.119,-73.122,0.1841321438550949,0.1371991336345672,0.4295577108860016,0.3200033903121948,294.1948547363281,21.044854736328148,SMAP_L4_SM_gph_20200913T193000_Vv8010_001.h5
2020-09-13,2020-09-13 22:28:55+00:00,7.119,-73.122,0.2007691264152526,0.139184683561325,0.4683985114097595,0.3247266113758087,293.619873046875,20.469873046875023,SMAP_L4_SM_gph_20200913T223000_Vv8010_001.h5
2020-09-14,2020-09-14 01:28:55+00:00,7.119,-73.122,0.2003673464059829,0.1392267793416977,0.4674287438392639,0.3246770799160003,293.0089111328125,19.858911132812523,SMAP_L4_SM_gph_20200914T013000_Vv8010_001.h5
2020-09-14,2020-09-14 04:28:55+00:00,7.119,-73.122,0.2028254866600036,0.139369711279869,0.4729962944984436,0.3250977396965027,292.3875732421875,19.237573242187523,SMAP_L4_SM_gph_20200914T043000_Vv8010_001.h5
2020-09-14,2020-09-14 07:28:55+00:00,7.119,-73.122,0.1985100954771042,0.1391539275646209,0.4630932211875915,0.3246833682060241,291.7391662597656,18.589166259765648,SMAP_L4_SM_gph_20200914T073000_Vv8010_001.h5
2020-09-14,2020-09-14 10:28:55+00:00,7.119,-73.122,0.1953125447034835,0.1388992071151733,0.455612301826477,0.3240455687046051,290.92333984375,17.773339843750023,SMAP_L4_SM_gph_20200914T103000_Vv8010_001.h5
2020-09-14,2020-09-14 13:28:55+00:00,7.119,-73.122,0.1928779780864715,0.1384479850530624,0.4499371349811554,0.3229692876338959,291.79302978515625,18.64302978515628,SMAP_L4_SM_gph_20200914T133000_Vv8010_001.h5
2020-09-14,2020-09-14 16:28:55+00:00,7.119,-73.122,0.196267083287239,0.13809534907341,0.4578567445278168,0.3221501111984253,293.96099853515625,20.81099853515628,SMAP_L4_SM_gph_20200914T163000_Vv8010_001.h5
2020-09-14,2020-09-14 19:28:55+00:00,7.119,-73.122,0.2166257500648498,0.1394070237874984,0.5053584575653076,0.325157880783081,294.57916259765625,21.42916259765628,SMAP_L4_SM_gph_20200914T193000_Vv8010_001.h5
2020-09-14,2020-09-14 22:28:55+00:00,7.119,-73.122,0.2099291980266571,0.1398474127054214,0.4897797703742981,0.3261687457561493,294.0289001464844,20.8789001464844,SMAP_L4_SM_gph_20200914T223000_Vv8010_001.h5
2020-09-15,2020-09-15 01:28:55+00:00,7.119,-73.122,0.199987843632698,0.139178454875946,0.4664650857448578,0.3247102797031402,293.2225952148437,20.072595214843773,SMAP_L4_SM_gph_20200915T013000_Vv8010_001.h5
2020-09-15,2020-09-15 04:28:55+00:00,7.119,-73.122,0.1955782175064087,0.1389557123184204,0.4561786353588104,0.32415571808815,292.3255310058594,19.1755310058594,SMAP_L4_SM_gph_20200915T043000_Vv8010_001.h5
2020-09-15,2020-09-15 07:28:55+00:00,7.119,-73.122,0.1920688301324844,0.1386767029762268,0.4480725824832916,0.323491632938385,291.5126342773437,18.362634277343773,SMAP_L4_SM_gph_20200915T073000_Vv8010_001.h5
2020-09-15,2020-09-15 10:28:55+00:00,7.119,-73.122,0.1889715194702148,0.1383761167526245,0.4408305883407593,0.3228559494018554,290.61383056640625,17.463830566406273,SMAP_L4_SM_gph_20200915T103000_Vv8010_001.h5
2020-09-15,2020-09-15 13:28:55+00:00,7.119,-73.122,0.1858341097831726,0.1379618644714355,0.4333746135234833,0.3218762576580047,291.401611328125,18.251611328125023,SMAP_L4_SM_gph_20200915T133000_Vv8010_001.h5
2020-09-15,2020-09-15 16:28:55+00:00,7.119,-73.122,0.1825859546661377,0.1372010111808776,0.4259211719036102,0.3201301693916321,293.47674560546875,20.326745605468773,SMAP_L4_SM_gph_20200915T163000_Vv8010_001.h5
2020-09-15,2020-09-15 19:28:55+00:00,7.119,-73.122,0.1827062219381332,0.1366833299398422,0.426246702671051,0.318869948387146,294.3534240722656,21.203424072265648,SMAP_L4_SM_gph_20200915T193000_Vv8010_001.h5
2020-09-15,2020-09-15 22:28:55+00:00,7.119,-73.122,0.1826068758964538,0.1364556401968002,0.4258907437324524,0.3183024227619171,294.0317077636719,20.881707763671898,SMAP_L4_SM_gph_20200915T223000_Vv8010_001.h5
2020-09-16,2020-09-16 01:28:55+00:00,7.119,-73.122,0.1817577928304672,0.1362910866737365,0.4239509701728821,0.3179847002029419,293.21002197265625,20.06002197265628,SMAP_L4_SM_gph_20200916T013000_Vv8010_001.h5
2020-09-16,2020-09-16 04:28:55+00:00,7.119,-73.122,0.1809055507183075,0.1361815631389618,0.4219836294651031,0.3176140189170837,292.6737670898437,19.523767089843773,SMAP_L4_SM_gph_20200916T043000_Vv8010_001.h5
2020-09-16,2020-09-16 07:28:55+00:00,7.119,-73.122,0.1799123436212539,0.1360388547182083,0.4196661710739136,0.3172311782836914,292.01824951171875,18.868249511718773,SMAP_L4_SM_gph_20200916T073000_Vv8010_001.h5
2020-09-16,2020-09-16 10:28:55+00:00,7.119,-73.122,0.1791228801012039,0.1358521282672882,0.4177356660366058,0.3168554604053497,291.07830810546875,17.928308105468773,SMAP_L4_SM_gph_20200916T103000_Vv8010_001.h5
2020-09-16,2020-09-16 13:28:55+00:00,7.119,-73.122,0.1780997961759567,0.1355810165405273,0.4154029190540313,0.3163818418979645,291.4598999023437,18.309899902343773,SMAP_L4_SM_gph_20200916T133000_Vv8010_001.h5
2020-09-16,2020-09-16 16:28:55+00:00,7.119,-73.122,0.1760288327932357,0.1349724531173706,0.4106085896492004,0.3147997856140136,293.4525146484375,20.302514648437523,SMAP_L4_SM_gph_20200916T163000_Vv8010_001.h5
2020-09-16,2020-09-16 19:28:55+00:00,7.119,-73.122,0.1804006248712539,0.1346340477466583,0.4208928942680359,0.3140178918838501,294.4965209960937,21.346520996093773,SMAP_L4_SM_gph_20200916T193000_Vv8010_001.h5
2020-09-16,2020-09-16 22:28:55+00:00,7.119,-73.122,0.1853747814893722,0.1347915381193161,0.4325112998485565,0.3144762217998504,293.9546813964844,20.8046813964844,SMAP_L4_SM_gph_20200916T223000_Vv8010_001.h5
2020-09-17,2020-09-17 01:28:55+00:00,7.119,-73.122,0.186283141374588,0.1350214034318924,0.4344227313995361,0.314927190542221,292.8672790527344,19.7172790527344,SMAP_L4_SM_gph_20200917T013000_Vv8010_001.h5
2020-09-17,2020-09-17 04:28:55+00:00,7.119,-73.122,0.1862139999866485,0.1350910514593124,0.4343549609184265,0.3150717914104461,291.98779296875,18.837792968750023,SMAP_L4_SM_gph_20200917T043000_Vv8010_001.h5
2020-09-17,2020-09-17 07:28:55+00:00,7.119,-73.122,0.1847309321165084,0.1350371837615966,0.4308169782161712,0.3149684071540832,291.3619384765625,18.211938476562523,SMAP_L4_SM_gph_20200917T073000_Vv8010_001.h5
2020-09-17,2020-09-17 10:28:55+00:00,7.119,-73.122,0.1837237328290939,0.1349925994873047,0.4285120069980621,0.3148891925811767,290.86151123046875,17.711511230468773,SMAP_L4_SM_gph_20200917T103000_Vv8010_001.h5
2020-09-17,2020-09-17 13:28:55+00:00,7.119,-73.122,0.1829931586980819,0.1349625587463379,0.4268324077129364,0.3148109018802643,291.6360778808594,18.4860778808594,SMAP_L4_SM_gph_20200917T133000_Vv8010_001.h5
2020-09-17,2020-09-17 16:28:55+00:00,7.119,-73.122,0.1795442253351211,0.1343822330236435,0.4188062846660614,0.3135094046592712,293.4939880371094,20.3439880371094,SMAP_L4_SM_gph_20200917T163000_Vv8010_001.h5
2020-09-17,2020-09-17 19:28:55+00:00,7.119,-73.122,0.1787166595458984,0.1339166313409805,0.4169769287109375,0.3123107850551605,294.19158935546875,21.041589355468773,SMAP_L4_SM_gph_20200917T193000_Vv8010_001.h5
2020-09-17,2020-09-17 22:28:55+00:00,7.119,-73.122,0.1823011636734008,0.1339748203754425,0.4252672493457794,0.31251060962677,293.7188415527344,20.5688415527344,SMAP_L4_SM_gph_20200917T223000_Vv8010_001.h5
2020-09-18,2020-09-18 01:28:55+00:00,7.119,-73.122,0.2130457609891891,0.1361579746007919,0.4969876408576965,0.3176746964454651,292.8945617675781,19.744561767578148,SMAP_L4_SM_gph_20200918T013000_Vv8010_001.h5
2020-09-18,2020-09-18 04:28:55+00:00,7.119,-73.122,0.2223832458257675,0.1383823007345199,0.5185786485671997,0.3227500021457672,292.33306884765625,19.18306884765628,SMAP_L4_SM_gph_20200918T043000_Vv8010_001.h5
2020-09-18,2020-09-18 07:28:55+00:00,7.119,-73.122,0.2262414246797561,0.1400388181209564,0.527898907661438,0.3266786634922027,291.9189453125,18.768945312500023,SMAP_L4_SM_gph_20200918T073000_Vv8010_001.h5
2020-09-18,2020-09-18 10:28:55+00:00,7.119,-73.122,0.2235642224550247,0.1415902078151703,0.5214473605155945,0.3302852809429168,291.56756591796875,18.417565917968773,SMAP_L4_SM_gph_20200918T103000_Vv8010_001.h5
2020-09-18,2020-09-18 13:28:55+00:00,7.119,-73.122,0.2104498147964477,0.1414319574832916,0.4909094870090484,0.3299839496612549,291.91656494140625,18.76656494140628,SMAP_L4_SM_gph_20200918T133000_Vv8010_001.h5
2020-09-18,2020-09-18 16:28:55+00:00,7.119,-73.122,0.2149638533592224,0.1415134221315384,0.5013374090194702,0.3300373554229736,293.4225769042969,20.272576904296898,SMAP_L4_SM_gph_20200918T163000_Vv8010_001.h5
2020-09-18,2020-09-18 19:28:55+00:00,7.119,-73.122,0.2198505699634552,0.1422038972377777,0.5127665996551514,0.3317588865756988,294.1236572265625,20.973657226562523,SMAP_L4_SM_gph_20200918T193000_Vv8010_001.h5
2020-09-18,2020-09-18 22:28:55+00:00,7.119,-73.122,0.2166127562522888,0.1424979567527771,0.5052599906921387,0.3324251770973205,293.8598327636719,20.709832763671898,SMAP_L4_SM_gph_20200918T223000_Vv8010_001.h5
2020-09-19,2020-09-19 01:28:55+00:00,7.119,-73.122,0.212775632739067,0.1426657885313034,0.4963698089122772,0.3327516615390777,292.93634033203125,19.78634033203128,SMAP_L4_SM_gph_20200919T013000_Vv8010_001.h5
2020-09-19,2020-09-19 04:28:55+00:00,7.119,-73.122,0.2125958800315857,0.1427478343248367,0.4958593845367431,0.3330135345458984,292.263427734375,19.113427734375023,SMAP_L4_SM_gph_20200919T043000_Vv8010_001.h5
2020-09-19,2020-09-19 07:28:55+00:00,7.119,-73.122,0.2129815369844436,0.1430761814117431,0.4968202114105224,0.3336842060089111,291.71551513671875,18.565515136718773,SMAP_L4_SM_gph_20200919T073000_Vv8010_001.h5
2020-09-19,2020-09-19 10:28:55+00:00,7.119,-73.122,0.2085863202810287,0.1429935097694397,0.4864526689052582,0.3335427045822143,291.2759704589844,18.1259704589844,SMAP_L4_SM_gph_20200919T103000_Vv8010_001.h5
2020-09-19,2020-09-19 13:28:55+00:00,7.119,-73.122,0.2011273205280304,0.1422917246818542,0.469216376543045,0.3320356607437134,292.03717041015625,18.88717041015628,SMAP_L4_SM_gph_20200919T133000_Vv8010_001.h5
2020-09-19,2020-09-19 16:28:55+00:00,7.119,-73.122,0.1952954828739166,0.1412444859743118,0.4555628895759582,0.3294843137264251,294.22784423828125,21.07784423828128,SMAP_L4_SM_gph_20200919T163000_Vv8010_001.h5
2020-09-19,2020-09-19 19:28:55+00:00,7.119,-73.122,0.2041100412607193,0.1411214470863342,0.4761055409908294,0.3292376399040222,294.92022705078125,21.77022705078128,SMAP_L4_SM_gph_20200919T193000_Vv8010_001.h5
2020-09-19,2020-09-19 22:28:55+00:00,7.119,-73.122,0.2198848277330398,0.1425905525684356,0.5129586458206177,0.3326296210289001,294.09912109375,20.949121093750023,SMAP_L4_SM_gph_20200919T223000_Vv8010_001.h5
2020-09-20,2020-09-20 01:28:55+00:00,7.119,-73.122,0.2510711848735809,0.1471775472164154,0.5855434536933899,0.3432740867137909,293.0602111816406,19.910211181640648,SMAP_L4_SM_gph_20200920T013000_Vv8010_001.h5
2020-09-20,2020-09-20 04:28:55+00:00,7.119,-73.122,0.2316743731498718,0.1490495502948761,0.5404786467552185,0.3476533591747284,292.2730407714844,19.1230407714844,SMAP_L4_SM_gph_20200920T043000_Vv8010_001.h5
2020-09-20,2020-09-20 07:28:55+00:00,7.119,-73.122,0.216026946902275,0.1489734500646591,0.5038736462593079,0.3474920094013214,291.65533447265625,18.50533447265628,SMAP_L4_SM_gph_20200920T073000_Vv8010_001.h5
2020-09-20,2020-09-20 10:28:55+00:00,7.119,-73.122,0.205673411488533,0.1481542587280273,0.479813277721405,0.3455937206745147,290.89111328125,17.741113281250023,SMAP_L4_SM_gph_20200920T103000_Vv8010_001.h5
2020-09-20,2020-09-20 13:28:55+00:00,7.119,-73.122,0.2004391103982925,0.1471869945526123,0.4675183296203613,0.3432986438274383,291.6039428710937,18.453942871093773,SMAP_L4_SM_gph_20200920T133000_Vv8010_001.h5
2020-09-20,2020-09-20 16:28:55+00:00,7.119,-73.122,0.196523368358612,0.1459980905055999,0.4584824442863464,0.3405739367008209,293.7294311523437,20.579431152343773,SMAP_L4_SM_gph_20200920T163000_Vv8010_001.h5
2020-09-20,2020-09-20 19:28:55+00:00,7.119,-73.122,0.2160823345184326,0.1464598625898361,0.5040242671966553,0.3415663540363312,294.85986328125,21.709863281250023,SMAP_L4_SM_gph_20200920T193000_Vv8010_001.h5
2020-09-20,2020-09-20 22:28:55+00:00,7.119,-73.122,0.2289706915616989,0.1483320891857147,0.5340695381164551,0.3459462821483612,294.3661193847656,21.216119384765648,SMAP_L4_SM_gph_20200920T223000_Vv8010_001.h5
2020-09-21,2020-09-21 01:28:55+00:00,7.119,-73.122,0.214105874300003,0.1482441574335098,0.4993881285190582,0.3457911312580108,293.31353759765625,20.16353759765628,SMAP_L4_SM_gph_20200921T013000_Vv8010_001.h5
2020-09-21,2020-09-21 04:28:55+00:00,7.119,-73.122,0.2080982625484466,0.1476761549711227,0.4854547083377838,0.3444367349147796,292.4727783203125,19.322778320312523,SMAP_L4_SM_gph_20200921T043000_Vv8010_001.h5
2020-09-21,2020-09-21 07:28:55+00:00,7.119,-73.122,0.2039608061313629,0.1469855606555938,0.4757138788700104,0.3429217040538788,291.9828491210937,18.832849121093773,SMAP_L4_SM_gph_20200921T073000_Vv8010_001.h5
2020-09-21,2020-09-21 10:28:55+00:00,7.119,-73.122,0.2015601396560669,0.1463432759046554,0.4701333045959472,0.3413736224174499,291.63446044921875,18.484460449218773,SMAP_L4_SM_gph_20200921T103000_Vv8010_001.h5
2020-09-21,2020-09-21 13:28:55+00:00,7.119,-73.122,0.198634922504425,0.1455520838499069,0.4633387327194214,0.3395113348960876,292.28082275390625,19.13082275390628,SMAP_L4_SM_gph_20200921T133000_Vv8010_001.h5
2020-09-21,2020-09-21 16:28:55+00:00,7.119,-73.122,0.1971452385187149,0.1446465700864792,0.4598174691200256,0.337340235710144,294.1065979003906,20.956597900390648,SMAP_L4_SM_gph_20200921T163000_Vv8010_001.h5
2020-09-21,2020-09-21 19:28:55+00:00,7.119,-73.122,0.2066104263067245,0.1445831060409546,0.4819056987762451,0.3373338282108307,294.5893249511719,21.439324951171898,SMAP_L4_SM_gph_20200921T193000_Vv8010_001.h5
2020-09-21,2020-09-21 22:28:55+00:00,7.119,-73.122,0.2092090547084808,0.1450249105691909,0.4881206154823303,0.3383483290672302,293.86541748046875,20.715417480468773,SMAP_L4_SM_gph_20200921T223000_Vv8010_001.h5
2020-09-22,2020-09-22 01:28:55+00:00,7.119,-73.122,0.2040823400020599,0.1446267813444137,0.4760726988315582,0.3373256623744964,292.84588623046875,19.695886230468773,SMAP_L4_SM_gph_20200922T013000_Vv8010_001.h5
2020-09-22,2020-09-22 04:28:55+00:00,7.119,-73.122,0.2011670619249344,0.1441875547170639,0.4691531956195831,0.3363179266452789,291.9771728515625,18.827172851562523,SMAP_L4_SM_gph_20200922T043000_Vv8010_001.h5
2020-09-22,2020-09-22 07:28:55+00:00,7.119,-73.122,0.1975967437028885,0.1436104923486709,0.46100053191185,0.3350248336791992,291.2215881347656,18.071588134765648,SMAP_L4_SM_gph_20200922T073000_Vv8010_001.h5
2020-09-22,2020-09-22 10:28:55+00:00,7.119,-73.122,0.1944334506988525,0.1430439203977584,0.4535090923309326,0.3336371183395386,290.6142272949219,17.464227294921898,SMAP_L4_SM_gph_20200922T103000_Vv8010_001.h5
2020-09-22,2020-09-22 13:28:55+00:00,7.119,-73.122,0.1923857480287552,0.1425235867500305,0.4487015902996063,0.3324549794197082,291.43426513671875,18.284265136718773,SMAP_L4_SM_gph_20200922T133000_Vv8010_001.h5
2020-09-22,2020-09-22 16:28:55+00:00,7.119,-73.122,0.1885284632444381,0.1417226046323776,0.4397572576999664,0.3304821848869324,293.85919189453125,20.70919189453128,SMAP_L4_SM_gph_20200922T163000_Vv8010_001.h5
2020-09-22,2020-09-22 19:28:55+00:00,7.119,-73.122,0.1848707646131515,0.1407831013202667,0.4312805235385895,0.3283814787864685,295.2162780761719,22.066278076171898,SMAP_L4_SM_gph_20200922T193000_Vv8010_001.h5
2020-09-22,2020-09-22 22:28:55+00:00,7.119,-73.122,0.1928804963827133,0.1407559365034103,0.4499596655368805,0.3283476531505584,294.6390075683594,21.4890075683594,SMAP_L4_SM_gph_20200922T223000_Vv8010_001.h5
2020-09-23,2020-09-23 01:28:55+00:00,7.119,-73.122,0.1960137784481048,0.1406932175159454,0.4571708738803863,0.3282212018966675,293.463623046875,20.313623046875023,SMAP_L4_SM_gph_20200923T013000_Vv8010_001.h5
2020-09-23,2020-09-23 04:28:55+00:00,7.119,-73.122,0.193047434091568,0.1403998434543609,0.4503248631954193,0.3275195956230163,292.7392578125,19.589257812500023,SMAP_L4_SM_gph_20200923T043000_Vv8010_001.h5
2020-09-23,2020-09-23 07:28:55+00:00,7.119,-73.122,0.1918437778949737,0.140050783753395,0.4474538266658783,0.3267098665237427,292.1297302246094,18.9797302246094,SMAP_L4_SM_gph_20200923T073000_Vv8010_001.h5
2020-09-23,2020-09-23 10:28:55+00:00,7.119,-73.122,0.1923344284296035,0.1398574411869049,0.4487243294715881,0.3262320458889007,291.6136474609375,18.463647460937523,SMAP_L4_SM_gph_20200923T103000_Vv8010_001.h5
2020-09-23,2020-09-23 13:28:55+00:00,7.119,-73.122,0.189333900809288,0.1394800245761871,0.4416977167129516,0.3253484666347503,292.18475341796875,19.034753417968773,SMAP_L4_SM_gph_20200923T133000_Vv8010_001.h5
2020-09-23,2020-09-23 16:28:55+00:00,7.119,-73.122,0.1845985203981399,0.138662502169609,0.4305967688560486,0.3235397338867187,293.91650390625,20.766503906250023,SMAP_L4_SM_gph_20200923T163000_Vv8010_001.h5
2020-09-23,2020-09-23 19:28:55+00:00,7.119,-73.122,0.1879376322031021,0.1384279429912567,0.4383969902992248,0.3229541480541229,294.3870849609375,21.237084960937523,SMAP_L4_SM_gph_20200923T193000_Vv8010_001.h5
2020-09-23,2020-09-23 22:28:55+00:00,7.119,-73.122,0.193060353398323,0.138777956366539,0.4502756297588348,0.3237664401531219,293.684326171875,20.534326171875023,SMAP_L4_SM_gph_20200923T223000_Vv8010_001.h5
2020-09-24,2020-09-24 01:28:55+00:00,7.119,-73.122,0.1887179613113403,0.138526365160942,0.4401682615280151,0.3231365978717804,292.9073791503906,19.757379150390648,SMAP_L4_SM_gph_20200924T013000_Vv8010_001.h5
2020-09-24,2020-09-24 04:28:55+00:00,7.119,-73.122,0.1866209656000137,0.1383462846279144,0.4354022741317749,0.3226191699504852,292.21856689453125,19.06856689453128,SMAP_L4_SM_gph_20200924T043000_Vv8010_001.h5
2020-09-24,2020-09-24 07:28:55+00:00,7.119,-73.122,0.1847745180130005,0.1380354315042495,0.4309276342391968,0.322031021118164,291.42352294921875,18.273522949218773,SMAP_L4_SM_gph_20200924T073000_Vv8010_001.h5
2020-09-24,2020-09-24 10:28:55+00:00,7.119,-73.122,0.1831845492124557,0.1377990394830703,0.4272622764110565,0.3214779496192932,290.7922058105469,17.642205810546898,SMAP_L4_SM_gph_20200924T103000_Vv8010_001.h5
2020-09-24,2020-09-24 13:28:55+00:00,7.119,-73.122,0.1810321658849716,0.1374596357345581,0.4223711788654327,0.3206933736801147,291.3315734863281,18.181573486328148,SMAP_L4_SM_gph_20200924T133000_Vv8010_001.h5
2020-09-24,2020-09-24 16:28:55+00:00,7.119,-73.122,0.1771548241376876,0.1367877274751663,0.4132066071033478,0.3191051185131073,293.361572265625,20.211572265625023,SMAP_L4_SM_gph_20200924T163000_Vv8010_001.h5
2020-09-24,2020-09-24 19:28:55+00:00,7.119,-73.122,0.1757250279188156,0.1362420916557312,0.4098804891109466,0.3178940117359161,294.1673583984375,21.017358398437523,SMAP_L4_SM_gph_20200924T193000_Vv8010_001.h5
2020-09-24,2020-09-24 22:28:55+00:00,7.119,-73.122,0.1804810613393783,0.1363479197025299,0.4211209714412689,0.3180586695671081,293.5030517578125,20.353051757812523,SMAP_L4_SM_gph_20200924T223000_Vv8010_001.h5
2020-09-25,2020-09-25 01:28:55+00:00,7.119,-73.122,0.1865530759096145,0.1368108093738556,0.435088038444519,0.3192131519317627,292.72271728515625,19.57271728515628,SMAP_L4_SM_gph_20200925T013000_Vv8010_001.h5
2020-09-25,2020-09-25 04:28:55+00:00,7.119,-73.122,0.1940239816904068,0.1372640579938888,0.4525898694992065,0.3201354742050171,292.3067321777344,19.1567321777344,SMAP_L4_SM_gph_20200925T043000_Vv8010_001.h5
2020-09-25,2020-09-25 07:28:55+00:00,7.119,-73.122,0.1949043571949005,0.1375383734703064,0.4546852111816406,0.3208245038986206,291.94781494140625,18.79781494140628,SMAP_L4_SM_gph_20200925T073000_Vv8010_001.h5
2020-09-25,2020-09-25 10:28:55+00:00,7.119,-73.122,0.1937376260757446,0.13763228058815,0.4518699645996094,0.3210324347019195,291.6659545898437,18.515954589843773,SMAP_L4_SM_gph_20200925T103000_Vv8010_001.h5
2020-09-25,2020-09-25 13:28:55+00:00,7.119,-73.122,0.1877585500478744,0.1373038291931152,0.4379550218582153,0.3203612565994262,291.9630126953125,18.813012695312523,SMAP_L4_SM_gph_20200925T133000_Vv8010_001.h5
2020-09-25,2020-09-25 16:28:55+00:00,7.119,-73.122,0.1845564544200897,0.1367330551147461,0.430485725402832,0.3189254999160766,293.5631103515625,20.413110351562523,SMAP_L4_SM_gph_20200925T163000_Vv8010_001.h5
2020-09-25,2020-09-25 19:28:55+00:00,7.119,-73.122,0.1871488094329834,0.1364330053329467,0.4364983737468719,0.3182064890861511,294.3554992675781,21.205499267578148,SMAP_L4_SM_gph_20200925T193000_Vv8010_001.h5
2020-09-25,2020-09-25 22:28:55+00:00,7.119,-73.122,0.1881497949361801,0.1364156007766723,0.4389067590236664,0.318161129951477,293.89654541015625,20.74654541015628,SMAP_L4_SM_gph_20200925T223000_Vv8010_001.h5
2020-09-26,2020-09-26 01:28:55+00:00,7.119,-73.122,0.1874658465385437,0.1363555788993835,0.4373177886009216,0.3181641399860382,292.9300537109375,19.780053710937523,SMAP_L4_SM_gph_20200926T013000_Vv8010_001.h5
2020-09-26,2020-09-26 04:28:55+00:00,7.119,-73.122,0.1890358626842498,0.1364497393369674,0.4408963620662689,0.318372368812561,292.2222595214844,19.0722595214844,SMAP_L4_SM_gph_20200926T043000_Vv8010_001.h5
2020-09-26,2020-09-26 07:28:55+00:00,7.119,-73.122,0.188774898648262,0.1364826560020446,0.4404392540454864,0.3183359205722809,291.6165771484375,18.466577148437523,SMAP_L4_SM_gph_20200926T073000_Vv8010_001.h5
2020-09-26,2020-09-26 10:28:55+00:00,7.119,-73.122,0.1877861469984054,0.1363916993141174,0.4379190802574157,0.3181360960006714,290.75372314453125,17.603723144531273,SMAP_L4_SM_gph_20200926T103000_Vv8010_001.h5
2020-09-26,2020-09-26 13:28:55+00:00,7.119,-73.122,0.1867637932300567,0.1362746804952621,0.4357182085514068,0.317905068397522,290.9837341308594,17.833734130859398,SMAP_L4_SM_gph_20200926T133000_Vv8010_001.h5
2020-09-26,2020-09-26 16:28:55+00:00,7.119,-73.122,0.1836598068475723,0.1357390582561493,0.428439736366272,0.3165978193283081,292.8194274902344,19.6694274902344,SMAP_L4_SM_gph_20200926T163000_Vv8010_001.h5
2020-09-26,2020-09-26 19:28:55+00:00,7.119,-73.122,0.1860787570476532,0.1354531943798065,0.4340564310550689,0.3159158229827881,293.7482604980469,20.598260498046898,SMAP_L4_SM_gph_20200926T193000_Vv8010_001.h5
2020-09-26,2020-09-26 22:28:55+00:00,7.119,-73.122,0.1860096007585525,0.1353595852851867,0.4339633584022522,0.315745860338211,293.4013671875,20.251367187500023,SMAP_L4_SM_gph_20200926T223000_Vv8010_001.h5
2020-09-27,2020-09-27 01:28:55+00:00,7.119,-73.122,0.1863350570201873,0.1353946179151535,0.4346997737884521,0.3157261312007904,292.570556640625,19.420556640625023,SMAP_L4_SM_gph_20200927T013000_Vv8010_001.h5
2020-09-27,2020-09-27 04:28:55+00:00,7.119,-73.122,0.1886045783758163,0.1355311125516891,0.4398969709873199,0.3161298334598541,292.0135803222656,18.863580322265648,SMAP_L4_SM_gph_20200927T043000_Vv8010_001.h5
2020-09-27,2020-09-27 07:28:55+00:00,7.119,-73.122,0.187814176082611,0.1355342715978622,0.4380529522895813,0.3161379992961883,291.5726013183594,18.4226013183594,SMAP_L4_SM_gph_20200927T073000_Vv8010_001.h5
2020-09-27,2020-09-27 10:28:55+00:00,7.119,-73.122,0.1868700236082077,0.1354610919952392,0.4359470307826996,0.3159844279289245,290.9954528808594,17.845452880859398,SMAP_L4_SM_gph_20200927T103000_Vv8010_001.h5
2020-09-27,2020-09-27 13:28:55+00:00,7.119,-73.122,0.1857542544603347,0.1353161334991455,0.4332796037197113,0.3155587315559387,291.3320007324219,18.182000732421898,SMAP_L4_SM_gph_20200927T133000_Vv8010_001.h5
2020-09-27,2020-09-27 16:28:55+00:00,7.119,-73.122,0.1830479353666305,0.1347958892583847,0.4269551336765289,0.3144138157367706,292.8915710449219,19.741571044921898,SMAP_L4_SM_gph_20200927T163000_Vv8010_001.h5
2020-09-27,2020-09-27 19:28:55+00:00,7.119,-73.122,0.1805751323699951,0.1342280358076095,0.4211823642253876,0.3130594193935394,293.8020935058594,20.6520935058594,SMAP_L4_SM_gph_20200927T193000_Vv8010_001.h5
2020-09-27,2020-09-27 22:28:55+00:00,7.119,-73.122,0.180043950676918,0.1339765191078186,0.4199832379817962,0.3124668896198272,293.5702819824219,20.420281982421898,SMAP_L4_SM_gph_20200927T223000_Vv8010_001.h5
2020-09-28,2020-09-28 01:28:55+00:00,7.119,-73.122,0.1812201887369156,0.133961409330368,0.4227519333362579,0.312464565038681,292.6640625,19.514062500000023,SMAP_L4_SM_gph_20200928T013000_Vv8010_001.h5
2020-09-28,2020-09-28 04:28:55+00:00,7.119,-73.122,0.1804839819669723,0.1339206993579864,0.4209623336791992,0.3123955130577087,292.05145263671875,18.901452636718773,SMAP_L4_SM_gph_20200928T043000_Vv8010_001.h5
2020-09-28,2020-09-28 07:28:55+00:00,7.119,-73.122,0.1787143349647522,0.1338256001472473,0.4168906211853027,0.312184602022171,291.55255126953125,18.40255126953128,SMAP_L4_SM_gph_20200928T073000_Vv8010_001.h5
2020-09-28,2020-09-28 10:28:55+00:00,7.119,-73.122,0.1769998520612716,0.1337414532899856,0.412894606590271,0.3120023012161255,290.90350341796875,17.753503417968773,SMAP_L4_SM_gph_20200928T103000_Vv8010_001.h5
2020-09-28,2020-09-28 13:28:55+00:00,7.119,-73.122,0.1759086549282074,0.1336226314306259,0.4103192389011383,0.3117295205593109,291.5522766113281,18.402276611328148,SMAP_L4_SM_gph_20200928T133000_Vv8010_001.h5
2020-09-28,2020-09-28 16:28:55+00:00,7.119,-73.122,0.1702707558870315,0.1327687054872512,0.3970728516578674,0.309656023979187,293.6670227050781,20.517022705078148,SMAP_L4_SM_gph_20200928T163000_Vv8010_001.h5
2020-09-28,2020-09-28 19:28:55+00:00,7.119,-73.122,0.1667400598526001,0.1319813579320907,0.3888933956623077,0.3079629242420196,294.35906982421875,21.209069824218773,SMAP_L4_SM_gph_20200928T193000_Vv8010_001.h5
2020-09-28,2020-09-28 22:28:55+00:00,7.119,-73.122,0.1668573319911956,0.1318838000297546,0.3891874253749847,0.3075385093688965,293.87322998046875,20.723229980468773,SMAP_L4_SM_gph_20200928T223000_Vv8010_001.h5
2020-09-29,2020-09-29 01:28:55+00:00,7.119,-73.122,0.168472871184349,0.1319820582866668,0.3929947912693023,0.3078796565532684,292.9796142578125,19.829614257812523,SMAP_L4_SM_gph_20200929T013000_Vv8010_001.h5
2020-09-29,2020-09-29 04:28:55+00:00,7.119,-73.122,0.1681306958198547,0.1319489181041717,0.3922424018383026,0.3078302145004272,292.2637023925781,19.113702392578148,SMAP_L4_SM_gph_20200929T043000_Vv8010_001.h5
2020-09-29,2020-09-29 07:28:55+00:00,7.119,-73.122,0.1675538867712021,0.1319839656352996,0.3908718526363373,0.3078845143318176,291.45379638671875,18.303796386718773,SMAP_L4_SM_gph_20200929T073000_Vv8010_001.h5
2020-09-29,2020-09-29 10:28:55+00:00,7.119,-73.122,0.1668139994144439,0.1319874972105026,0.3891837894916534,0.3078197538852691,290.5718078613281,17.421807861328148,SMAP_L4_SM_gph_20200929T103000_Vv8010_001.h5
2020-09-29,2020-09-29 13:28:55+00:00,7.119,-73.122,0.1652328073978424,0.1317786574363708,0.3853951096534729,0.3073498606681824,291.33721923828125,18.18721923828128,SMAP_L4_SM_gph_20200929T133000_Vv8010_001.h5
2020-09-29,2020-09-29 16:28:55+00:00,7.119,-73.122,0.1604772210121154,0.1308613419532776,0.3742518723011017,0.3051479458808899,293.6760559082031,20.526055908203148,SMAP_L4_SM_gph_20200929T163000_Vv8010_001.h5
2020-09-29,2020-09-29 19:28:55+00:00,7.119,-73.122,0.15841044485569,0.1301439255475998,0.369573563337326,0.3035999238491058,294.6692199707031,21.519219970703148,SMAP_L4_SM_gph_20200929T193000_Vv8010_001.h5
2020-09-29,2020-09-29 22:28:55+00:00,7.119,-73.122,0.1870057433843612,0.1321721673011779,0.4362886548042297,0.308275431394577,293.8973388671875,20.747338867187523,SMAP_L4_SM_gph_20200929T223000_Vv8010_001.h5
2020-09-30,2020-09-30 01:28:55+00:00,7.119,-73.122,0.1960549354553222,0.133185014128685,0.4573352634906769,0.3106891214847564,292.83770751953125,19.68770751953128,SMAP_L4_SM_gph_20200930T013000_Vv8010_001.h5
2020-09-30,2020-09-30 04:28:55+00:00,7.119,-73.122,0.1952022761106491,0.1336901783943176,0.4553335905075073,0.3119168579578399,292.0181579589844,18.8681579589844,SMAP_L4_SM_gph_20200930T043000_Vv8010_001.h5
2020-09-30,2020-09-30 07:28:55+00:00,7.119,-73.122,0.1920273900032043,0.1339078694581985,0.4478967487812042,0.3123731315135956,291.2072448730469,18.057244873046898,SMAP_L4_SM_gph_20200930T073000_Vv8010_001.h5
2020-09-30,2020-09-30 10:28:55+00:00,7.119,-73.122,0.1902665942907333,0.1339852511882782,0.443821907043457,0.3125376999378204,290.4603881835937,17.310388183593773,SMAP_L4_SM_gph_20200930T103000_Vv8010_001.h5
2020-09-30,2020-09-30 13:28:55+00:00,7.119,-73.122,0.1863231360912323,0.1336232125759124,0.4346250891685486,0.3116941154003143,291.15948486328125,18.009484863281273,SMAP_L4_SM_gph_20200930T133000_Vv8010_001.h5
2020-09-30,2020-09-30 16:28:55+00:00,7.119,-73.122,0.1827786564826965,0.1329656094312667,0.4263088703155517,0.3101431131362915,293.3363952636719,20.186395263671898,SMAP_L4_SM_gph_20200930T163000_Vv8010_001.h5
2020-09-30,2020-09-30 19:28:55+00:00,7.119,-73.122,0.1904136687517166,0.1330112665891647,0.4440781772136688,0.3102619647979736,294.17340087890625,21.02340087890628,SMAP_L4_SM_gph_20200930T193000_Vv8010_001.h5
2020-09-30,2020-09-30 22:28:55+00:00,7.119,-73.122,0.1950911730527877,0.1334208995103836,0.4550665616989136,0.3112297058105469,293.7073669433594,20.5573669433594,SMAP_L4_SM_gph_20200930T223000_Vv8010_001.h5
2020-10-01,2020-10-01 01:28:55+00:00,7.119,-73.122,0.1913248300552368,0.1330780237913131,0.4462526738643646,0.3104359209537506,292.8885498046875,19.738549804687523,SMAP_L4_SM_gph_20201001T013000_Vv8010_001.h5
2020-10-01,2020-10-01 04:28:55+00:00,7.119,-73.122,0.1884631514549255,0.1330921053886413,0.4395304322242737,0.3103507459163666,292.1702880859375,19.020288085937523,SMAP_L4_SM_gph_20201001T043000_Vv8010_001.h5
2020-10-01,2020-10-01 07:28:55+00:00,7.119,-73.122,0.1859248876571655,0.1330006122589111,0.4337087571620941,0.3102712631225586,291.25640869140625,18.10640869140628,SMAP_L4_SM_gph_20201001T073000_Vv8010_001.h5
2020-10-01,2020-10-01 10:28:55+00:00,7.119,-73.122,0.1838144958019256,0.1329728364944458,0.428835391998291,0.3101988136768341,290.34625244140625,17.196252441406273,SMAP_L4_SM_gph_20201001T103000_Vv8010_001.h5
2020-10-01,2020-10-01 13:28:55+00:00,7.119,-73.122,0.181402251124382,0.1327070742845535,0.4231660366058349,0.3096542954444885,291.0855712890625,17.935571289062523,SMAP_L4_SM_gph_20201001T133000_Vv8010_001.h5
2020-10-01,2020-10-01 16:28:55+00:00,7.119,-73.122,0.1762658655643463,0.1318332403898239,0.4112386107444763,0.3075286746025085,293.4152526855469,20.265252685546898,SMAP_L4_SM_gph_20201001T163000_Vv8010_001.h5
2020-10-01,2020-10-01 19:28:55+00:00,7.119,-73.122,0.1716562658548355,0.1309682130813598,0.4005164802074432,0.3054629564285278,294.628662109375,21.478662109375023,SMAP_L4_SM_gph_20201001T193000_Vv8010_001.h5
2020-10-01,2020-10-01 22:28:55+00:00,7.119,-73.122,0.1707144230604171,0.1307408660650253,0.3982345461845398,0.3048964142799377,294.18719482421875,21.037194824218773,SMAP_L4_SM_gph_20201001T223000_Vv8010_001.h5
2020-10-02,2020-10-02 01:28:55+00:00,7.119,-73.122,0.1726288348436355,0.1308908760547638,0.4026805460453033,0.3052133321762085,293.11981201171875,19.969812011718773,SMAP_L4_SM_gph_20201002T013000_Vv8010_001.h5
2020-10-02,2020-10-02 04:28:55+00:00,7.119,-73.122,0.1752691864967346,0.1311015784740448,0.4087573885917663,0.3058586120605469,292.3563232421875,19.206323242187523,SMAP_L4_SM_gph_20201002T043000_Vv8010_001.h5
2020-10-02,2020-10-02 07:28:55+00:00,7.119,-73.122,0.1750182211399078,0.1312247216701507,0.4082450270652771,0.3061054944992065,291.6488037109375,18.498803710937523,SMAP_L4_SM_gph_20201002T073000_Vv8010_001.h5
2020-10-02,2020-10-02 10:28:55+00:00,7.119,-73.122,0.1762987077236175,0.131392627954483,0.4112954437732696,0.3064321279525757,291.0050048828125,17.855004882812523,SMAP_L4_SM_gph_20201002T103000_Vv8010_001.h5
2020-10-02,2020-10-02 13:28:55+00:00,7.119,-73.122,0.1746607422828674,0.1312095075845718,0.4074457585811615,0.3061510324478149,291.6598205566406,18.509820556640648,SMAP_L4_SM_gph_20201002T133000_Vv8010_001.h5
2020-10-02,2020-10-02 16:28:55+00:00,7.119,-73.122,0.1707678288221359,0.1304645091295242,0.3984252512454986,0.3042872548103332,293.6900634765625,20.540063476562523,SMAP_L4_SM_gph_20201002T163000_Vv8010_001.h5
2020-10-02,2020-10-02 19:28:55+00:00,7.119,-73.122,0.1718830466270446,0.1301978677511215,0.4008916020393371,0.3036551773548126,294.0267333984375,20.876733398437523,SMAP_L4_SM_gph_20201002T193000_Vv8010_001.h5
2020-10-02,2020-10-02 22:28:55+00:00,7.119,-73.122,0.1788531690835952,0.1305970847606659,0.4171288907527923,0.3047177195549011,293.39276123046875,20.242761230468773,SMAP_L4_SM_gph_20201002T223000_Vv8010_001.h5
2020-10-03,2020-10-03 01:28:55+00:00,7.119,-73.122,0.199095994234085,0.1320075243711471,0.4643388390541076,0.308030903339386,292.41558837890625,19.26558837890628,SMAP_L4_SM_gph_20201003T013000_Vv8010_001.h5
2020-10-03,2020-10-03 04:28:55+00:00,7.119,-73.122,0.198988527059555,0.1328983604907989,0.4641430675983429,0.3099567294120788,291.58233642578125,18.43233642578128,SMAP_L4_SM_gph_20201003T043000_Vv8010_001.h5
2020-10-03,2020-10-03 07:28:55+00:00,7.119,-73.122,0.1915728151798248,0.1328584551811218,0.4469839334487915,0.3098897039890289,290.879150390625,17.729150390625023,SMAP_L4_SM_gph_20201003T073000_Vv8010_001.h5
2020-10-03,2020-10-03 10:28:55+00:00,7.119,-73.122,0.1883721798658371,0.1327999383211136,0.4394050538539886,0.3097743093967438,290.1376342773437,16.987634277343773,SMAP_L4_SM_gph_20201003T103000_Vv8010_001.h5
2020-10-03,2020-10-03 13:28:55+00:00,7.119,-73.122,0.1849697530269622,0.1325313001871109,0.4315604269504547,0.3091853260993957,291.07354736328125,17.923547363281273,SMAP_L4_SM_gph_20201003T133000_Vv8010_001.h5
2020-10-03,2020-10-03 16:28:55+00:00,7.119,-73.122,0.1795553416013717,0.1316720843315124,0.4189003705978393,0.3070977926254272,293.4322204589844,20.2822204589844,SMAP_L4_SM_gph_20201003T163000_Vv8010_001.h5
2020-10-03,2020-10-03 19:28:55+00:00,7.119,-73.122,0.1843917220830917,0.1313913464546203,0.4301280379295349,0.3064289093017578,294.50616455078125,21.35616455078128,SMAP_L4_SM_gph_20201003T193000_Vv8010_001.h5
2020-10-03,2020-10-03 22:28:55+00:00,7.119,-73.122,0.2010002434253692,0.1322509348392486,0.4689178764820099,0.3085173070430755,294.18804931640625,21.03804931640628,SMAP_L4_SM_gph_20201003T223000_Vv8010_001.h5
2020-10-04,2020-10-04 01:28:55+00:00,7.119,-73.122,0.2280087620019912,0.1353635042905807,0.5319701433181763,0.3157188892364502,293.03485107421875,19.884851074218773,SMAP_L4_SM_gph_20201004T013000_Vv8010_001.h5
2020-10-04,2020-10-04 04:28:55+00:00,7.119,-73.122,0.2177831083536148,0.1363552957773208,0.5079801082611084,0.3180778920650482,292.1905822753906,19.040582275390648,SMAP_L4_SM_gph_20201004T043000_Vv8010_001.h5
2020-10-04,2020-10-04 07:28:55+00:00,7.119,-73.122,0.2177241593599319,0.1373045742511749,0.5077306032180786,0.3202410638332367,291.692138671875,18.542138671875023,SMAP_L4_SM_gph_20201004T073000_Vv8010_001.h5
2020-10-04,2020-10-04 10:28:55+00:00,7.119,-73.122,0.2183458656072616,0.1382119357585907,0.5092443227767944,0.3224169909954071,291.3806457519531,18.230645751953148,SMAP_L4_SM_gph_20201004T103000_Vv8010_001.h5
2020-10-04,2020-10-04 13:28:55+00:00,7.119,-73.122,0.2080337405204773,0.1382763981819152,0.4853106737136841,0.3225110173225403,291.8092346191406,18.659234619140648,SMAP_L4_SM_gph_20201004T133000_Vv8010_001.h5
2020-10-04,2020-10-04 16:28:55+00:00,7.119,-73.122,0.2078355997800827,0.1380439847707748,0.4847390651702881,0.3220534026622772,293.39373779296875,20.243737792968773,SMAP_L4_SM_gph_20201004T163000_Vv8010_001.h5
2020-10-04,2020-10-04 19:28:55+00:00,7.119,-73.122,0.2234750986099243,0.1392309963703155,0.5212609767913818,0.3248101770877838,293.75469970703125,20.60469970703128,SMAP_L4_SM_gph_20201004T193000_Vv8010_001.h5
2020-10-04,2020-10-04 22:28:55+00:00,7.119,-73.122,0.2320863604545593,0.1415089517831802,0.5412713289260864,0.3300733566284179,293.00396728515625,19.85396728515628,SMAP_L4_SM_gph_20201004T223000_Vv8010_001.h5
2020-10-05,2020-10-05 01:28:55+00:00,7.119,-73.122,0.2291158139705658,0.14312843978405,0.5345410704612732,0.3339423835277557,292.17926025390625,19.02926025390628,SMAP_L4_SM_gph_20201005T013000_Vv8010_001.h5
2020-10-05,2020-10-05 04:28:55+00:00,7.119,-73.122,0.2124072015285492,0.1431707441806793,0.4955054819583893,0.3338935971260071,291.5188293457031,18.368829345703148,SMAP_L4_SM_gph_20201005T043000_Vv8010_001.h5
2020-10-05,2020-10-05 07:28:55+00:00,7.119,-73.122,0.2031475752592086,0.1425714194774627,0.4738433063030243,0.3325795531272888,290.7938232421875,17.643823242187523,SMAP_L4_SM_gph_20201005T073000_Vv8010_001.h5
2020-10-05,2020-10-05 10:28:55+00:00,7.119,-73.122,0.1988676935434341,0.1420289874076843,0.4638712704181671,0.3313769400119781,290.1817626953125,17.031762695312523,SMAP_L4_SM_gph_20201005T103000_Vv8010_001.h5
2020-10-05,2020-10-05 13:28:55+00:00,7.119,-73.122,0.1954085379838943,0.1414700597524643,0.4558160305023193,0.3299720585346222,291.0084228515625,17.858422851562523,SMAP_L4_SM_gph_20201005T133000_Vv8010_001.h5
2020-10-05,2020-10-05 16:28:55+00:00,7.119,-73.122,0.1919004768133163,0.140385165810585,0.4477084875106811,0.3275664746761322,293.3575439453125,20.207543945312523,SMAP_L4_SM_gph_20201005T163000_Vv8010_001.h5
2020-10-05,2020-10-05 19:28:55+00:00,7.119,-73.122,0.2004356980323791,0.1401237994432449,0.4675456583499908,0.3268262147903442,294.40045166015625,21.25045166015628,SMAP_L4_SM_gph_20201005T193000_Vv8010_001.h5
2020-10-05,2020-10-05 22:28:55+00:00,7.119,-73.122,0.2186786383390426,0.1413136273622512,0.5100870132446289,0.3297123908996582,293.848876953125,20.698876953125023,SMAP_L4_SM_gph_20201005T223000_Vv8010_001.h5
2020-10-06,2020-10-06 01:28:55+00:00,7.119,-73.122,0.2207885682582855,0.1423437148332595,0.5151079297065735,0.3320120573043823,292.91925048828125,19.76925048828128,SMAP_L4_SM_gph_20201006T013000_Vv8010_001.h5
2020-10-06,2020-10-06 04:28:55+00:00,7.119,-73.122,0.2289931923151016,0.1437911540269851,0.5342015027999878,0.3354217410087585,292.3915405273437,19.241540527343773,SMAP_L4_SM_gph_20201006T043000_Vv8010_001.h5
2020-10-06,2020-10-06 07:28:55+00:00,7.119,-73.122,0.2285672128200531,0.1456539183855056,0.5331534147262573,0.3396549224853515,291.9561462402344,18.8061462402344,SMAP_L4_SM_gph_20201006T073000_Vv8010_001.h5
2020-10-06,2020-10-06 10:28:55+00:00,7.119,-73.122,0.2137174755334854,0.1454245448112487,0.4984948337078094,0.339327335357666,291.449951171875,18.299951171875023,SMAP_L4_SM_gph_20201006T103000_Vv8010_001.h5
2020-10-06,2020-10-06 13:28:55+00:00,7.119,-73.122,0.208190232515335,0.1454519629478454,0.485630065202713,0.3393245041370392,291.7265930175781,18.576593017578148,SMAP_L4_SM_gph_20201006T133000_Vv8010_001.h5
2020-10-06,2020-10-06 16:28:55+00:00,7.119,-73.122,0.2039376646280288,0.144621342420578,0.4756965041160583,0.3373596668243408,293.4384155273437,20.288415527343773,SMAP_L4_SM_gph_20201006T163000_Vv8010_001.h5
2020-10-06,2020-10-06 19:28:55+00:00,7.119,-73.122,0.2202399522066116,0.1450470983982086,0.5135901570320129,0.3383322656154632,294.5225830078125,21.372583007812523,SMAP_L4_SM_gph_20201006T193000_Vv8010_001.h5
2020-10-06,2020-10-06 22:28:55+00:00,7.119,-73.122,0.2212051004171371,0.1463593691587448,0.5160077810287476,0.3414267599582672,293.8580017089844,20.7080017089844,SMAP_L4_SM_gph_20201006T223000_Vv8010_001.h5
2020-10-07,2020-10-07 01:28:55+00:00,7.119,-73.122,0.2076062113046646,0.1456947475671768,0.4842481017112732,0.3398573398590088,292.8816833496094,19.7316833496094,SMAP_L4_SM_gph_20201007T013000_Vv8010_001.h5
2020-10-07,2020-10-07 04:28:55+00:00,7.119,-73.122,0.2044286727905273,0.1451667249202728,0.4767796397209167,0.3385700583457947,291.9744873046875,18.824487304687523,SMAP_L4_SM_gph_20201007T043000_Vv8010_001.h5
2020-10-07,2020-10-07 07:28:55+00:00,7.119,-73.122,0.2115069180727005,0.1453240513801574,0.4933536052703857,0.3389060497283935,291.3953857421875,18.245385742187523,SMAP_L4_SM_gph_20201007T073000_Vv8010_001.h5
2020-10-07,2020-10-07 10:28:55+00:00,7.119,-73.122,0.2078220248222351,0.145111471414566,0.4847459495067596,0.338499903678894,291.025390625,17.875390625000023,SMAP_L4_SM_gph_20201007T103000_Vv8010_001.h5
2020-10-07,2020-10-07 13:28:55+00:00,7.119,-73.122,0.2022943645715713,0.1444484740495681,0.4718622863292694,0.336934894323349,291.62939453125,18.479394531250023,SMAP_L4_SM_gph_20201007T133000_Vv8010_001.h5
2020-10-07,2020-10-07 16:28:55+00:00,7.119,-73.122,0.1991126090288162,0.1436120867729187,0.4645459055900574,0.3349920511245727,293.463623046875,20.313623046875023,SMAP_L4_SM_gph_20201007T163000_Vv8010_001.h5
2020-10-07,2020-10-07 19:28:55+00:00,7.119,-73.122,0.2183927297592163,0.1444903314113617,0.509297251701355,0.3371290266513824,293.9800720214844,20.8300720214844,SMAP_L4_SM_gph_20201007T193000_Vv8010_001.h5
2020-10-07,2020-10-07 22:28:55+00:00,7.119,-73.122,0.2245962023735046,0.1470605283975601,0.5239596366882324,0.3431280851364136,293.4931030273437,20.343103027343773,SMAP_L4_SM_gph_20201007T223000_Vv8010_001.h5
2020-10-08,2020-10-08 01:28:55+00:00,7.119,-73.122,0.2228548973798751,0.1477538794279098,0.5197972655296326,0.3446502089500427,292.6221618652344,19.4721618652344,SMAP_L4_SM_gph_20201008T013000_Vv8010_001.h5
2020-10-08,2020-10-08 04:28:55+00:00,7.119,-73.122,0.212010771036148,0.1474019885063171,0.4945345818996429,0.3438330888748169,291.8124389648437,18.662438964843773,SMAP_L4_SM_gph_20201008T043000_Vv8010_001.h5
2020-10-08,2020-10-08 07:28:55+00:00,7.119,-73.122,0.2068072408437729,0.1468497216701507,0.4823962450027466,0.3425197005271911,290.9595947265625,17.809594726562523,SMAP_L4_SM_gph_20201008T073000_Vv8010_001.h5
2020-10-08,2020-10-08 10:28:55+00:00,7.119,-73.122,0.2025011628866195,0.1462157517671585,0.4722649455070495,0.3410305082798004,290.3627319335937,17.212731933593773,SMAP_L4_SM_gph_20201008T103000_Vv8010_001.h5
2020-10-08,2020-10-08 13:28:55+00:00,7.119,-73.122,0.2012454569339752,0.1455248594284057,0.4693232178688049,0.3394774794578552,291.064697265625,17.914697265625023,SMAP_L4_SM_gph_20201008T133000_Vv8010_001.h5
2020-10-08,2020-10-08 16:28:55+00:00,7.119,-73.122,0.1971401274204254,0.1445119231939315,0.4598839879035949,0.3370634615421295,293.3495178222656,20.199517822265648,SMAP_L4_SM_gph_20201008T163000_Vv8010_001.h5
2020-10-08,2020-10-08 19:28:55+00:00,7.119,-73.122,0.1997022926807403,0.1439072787761688,0.4658351540565491,0.3356135785579681,294.2298889160156,21.079888916015648,SMAP_L4_SM_gph_20201008T193000_Vv8010_001.h5
2020-10-08,2020-10-08 22:28:55+00:00,7.119,-73.122,0.2019029706716537,0.1436643153429031,0.4709551036357879,0.3351282179355621,293.5146484375,20.364648437500023,SMAP_L4_SM_gph_20201008T223000_Vv8010_001.h5
2020-10-09,2020-10-09 01:28:55+00:00,7.119,-73.122,0.2011664062738418,0.1433141678571701,0.4693359136581421,0.334193468093872,292.6464233398437,19.496423339843773,SMAP_L4_SM_gph_20201009T013000_Vv8010_001.h5
2020-10-09,2020-10-09 04:28:55+00:00,7.119,-73.122,0.1996210813522339,0.1428543180227279,0.4656118750572204,0.3332909643650055,291.9795227050781,18.829522705078148,SMAP_L4_SM_gph_20201009T043000_Vv8010_001.h5
2020-10-09,2020-10-09 07:28:55+00:00,7.119,-73.122,0.1977579295635223,0.1423913687467575,0.4613156914710998,0.3321363925933838,291.30780029296875,18.157800292968773,SMAP_L4_SM_gph_20201009T073000_Vv8010_001.h5
2020-10-09,2020-10-09 10:28:55+00:00,7.119,-73.122,0.1953334808349609,0.1419226378202438,0.4557186961174011,0.3310515582561493,290.619873046875,17.469873046875023,SMAP_L4_SM_gph_20201009T103000_Vv8010_001.h5
2020-10-09,2020-10-09 13:28:55+00:00,7.119,-73.122,0.1924143135547638,0.1414133608341217,0.4487700164318084,0.3298611044883728,291.39703369140625,18.24703369140628,SMAP_L4_SM_gph_20201009T133000_Vv8010_001.h5
2020-10-09,2020-10-09 16:28:55+00:00,7.119,-73.122,0.1890678256750106,0.1405657976865768,0.4409483075141907,0.3278892338275909,293.5955810546875,20.445581054687523,SMAP_L4_SM_gph_20201009T163000_Vv8010_001.h5
2020-10-09,2020-10-09 19:28:55+00:00,7.119,-73.122,0.1881817728281021,0.1399587243795395,0.4388931393623352,0.3264331221580505,294.3152160644531,21.165216064453148,SMAP_L4_SM_gph_20201009T193000_Vv8010_001.h5
2020-10-09,2020-10-09 22:28:55+00:00,7.119,-73.122,0.1872037947177887,0.1396180391311645,0.4367354214191437,0.3256082534790039,293.89306640625,20.743066406250023,SMAP_L4_SM_gph_20201009T223000_Vv8010_001.h5
2020-10-10,2020-10-10 01:28:55+00:00,7.119,-73.122,0.1865029335021972,0.1393593549728393,0.43502277135849,0.3250820636749267,292.8798522949219,19.729852294921898,SMAP_L4_SM_gph_20201010T013000_Vv8010_001.h5
2020-10-10,2020-10-10 04:28:55+00:00,7.119,-73.122,0.1866999864578247,0.1391861736774444,0.4355273842811584,0.3247048854827881,291.8648986816406,18.714898681640648,SMAP_L4_SM_gph_20201010T043000_Vv8010_001.h5
2020-10-10,2020-10-10 07:28:55+00:00,7.119,-73.122,0.1856322437524795,0.1389621943235397,0.4329516291618347,0.3241468966007232,291.3812255859375,18.231225585937523,SMAP_L4_SM_gph_20201010T073000_Vv8010_001.h5
2020-10-10,2020-10-10 10:28:55+00:00,7.119,-73.122,0.1828303188085556,0.1386948078870773,0.4264314770698547,0.3235127925872803,290.6637268066406,17.513726806640648,SMAP_L4_SM_gph_20201010T103000_Vv8010_001.h5
2020-10-10,2020-10-10 13:28:55+00:00,7.119,-73.122,0.1796945333480835,0.1382561922073364,0.4191648364067077,0.3224214315414428,291.3522644042969,18.202264404296898,SMAP_L4_SM_gph_20201010T133000_Vv8010_001.h5
2020-10-10,2020-10-10 16:28:55+00:00,7.119,-73.122,0.1752110421657562,0.1373365223407745,0.4087378680706024,0.3204575777053833,293.6830749511719,20.533074951171898,SMAP_L4_SM_gph_20201010T163000_Vv8010_001.h5
2020-10-10,2020-10-10 19:28:55+00:00,7.119,-73.122,0.1729993224143982,0.1365613341331482,0.4035661220550537,0.318552017211914,294.8983764648437,21.748376464843773,SMAP_L4_SM_gph_20201010T193000_Vv8010_001.h5
2020-10-10,2020-10-10 22:28:55+00:00,7.119,-73.122,0.175727367401123,0.1364381313323974,0.4099729657173157,0.3181829452514648,294.39019775390625,21.24019775390628,SMAP_L4_SM_gph_20201010T223000_Vv8010_001.h5
2020-10-11,2020-10-11 01:28:55+00:00,7.119,-73.122,0.1785281598567962,0.13650743663311,0.4164444208145141,0.3184485733509063,293.3508605957031,20.200860595703148,SMAP_L4_SM_gph_20201011T013000_Vv8010_001.h5
2020-10-11,2020-10-11 04:28:55+00:00,7.119,-73.122,0.1788100451231002,0.136378213763237,0.4170973002910614,0.31822270154953,292.33502197265625,19.18502197265628,SMAP_L4_SM_gph_20201011T043000_Vv8010_001.h5
2020-10-11,2020-10-11 07:28:55+00:00,7.119,-73.122,0.179002359509468,0.1362966746091842,0.4175771176815033,0.317962110042572,291.36871337890625,18.21871337890628,SMAP_L4_SM_gph_20201011T073000_Vv8010_001.h5
2020-10-11,2020-10-11 10:28:55+00:00,7.119,-73.122,0.1785535663366317,0.1361503899097442,0.4165118038654327,0.317617803812027,290.5624389648437,17.412438964843773,SMAP_L4_SM_gph_20201011T103000_Vv8010_001.h5
2020-10-11,2020-10-11 13:28:55+00:00,7.119,-73.122,0.1759356409311294,0.1357582062482834,0.4104045629501343,0.3166588544845581,291.5448608398437,18.394860839843773,SMAP_L4_SM_gph_20201011T133000_Vv8010_001.h5
2020-10-11,2020-10-11 16:28:55+00:00,7.119,-73.122,0.1722082048654556,0.1348481327295303,0.4016744494438171,0.3145979344844818,294.0438537597656,20.893853759765648,SMAP_L4_SM_gph_20201011T163000_Vv8010_001.h5
2020-10-11,2020-10-11 19:28:55+00:00,7.119,-73.122,0.1714901328086853,0.1342070549726486,0.4000439345836639,0.3130047023296356,295.1422119140625,21.992211914062523,SMAP_L4_SM_gph_20201011T193000_Vv8010_001.h5
2020-10-11,2020-10-11 22:28:55+00:00,7.119,-73.122,0.1966070234775543,0.1353770643472671,0.458619475364685,0.3158393204212188,294.5453491210937,21.395349121093773,SMAP_L4_SM_gph_20201011T223000_Vv8010_001.h5
2020-10-12,2020-10-12 01:28:55+00:00,7.119,-73.122,0.2483267337083816,0.1416611969470977,0.5793153643608093,0.3303962051868438,293.4148254394531,20.264825439453148,SMAP_L4_SM_gph_20201012T013000_Vv8010_001.h5
2020-10-12,2020-10-12 04:28:55+00:00,7.119,-73.122,0.22017502784729,0.1427333056926727,0.5134764909744263,0.3329275548458099,292.4034118652344,19.2534118652344,SMAP_L4_SM_gph_20201012T043000_Vv8010_001.h5
2020-10-12,2020-10-12 07:28:55+00:00,7.119,-73.122,0.2072354853153228,0.1423979252576828,0.4833266139030456,0.3321163058280945,291.4951171875,18.345117187500023,SMAP_L4_SM_gph_20201012T073000_Vv8010_001.h5
2020-10-12,2020-10-12 10:28:55+00:00,7.119,-73.122,0.2027049511671066,0.1420696377754211,0.4728502333164215,0.3312867283821106,290.7587280273437,17.608728027343773,SMAP_L4_SM_gph_20201012T103000_Vv8010_001.h5
2020-10-12,2020-10-12 13:28:55+00:00,7.119,-73.122,0.1977608054876327,0.1415398865938186,0.4613643288612366,0.3301655352115631,291.4379577636719,18.287957763671898,SMAP_L4_SM_gph_20201012T133000_Vv8010_001.h5
2020-10-12,2020-10-12 16:28:55+00:00,7.119,-73.122,0.1921594142913818,0.140540674328804,0.4482885301113128,0.3277872502803802,293.5809326171875,20.430932617187523,SMAP_L4_SM_gph_20201012T163000_Vv8010_001.h5
2020-10-12,2020-10-12 19:28:55+00:00,7.119,-73.122,0.1943495273590088,0.1398610770702362,0.453256756067276,0.3262155652046203,294.77178955078125,21.62178955078128,SMAP_L4_SM_gph_20201012T193000_Vv8010_001.h5
2020-10-12,2020-10-12 22:28:55+00:00,7.119,-73.122,0.2121031135320663,0.1408924013376236,0.4948581159114837,0.328640729188919,294.25909423828125,21.10909423828128,SMAP_L4_SM_gph_20201012T223000_Vv8010_001.h5
2020-10-13,2020-10-13 01:28:55+00:00,7.119,-73.122,0.2165909856557846,0.142089232802391,0.5052595138549805,0.3314229846000671,293.28057861328125,20.13057861328128,SMAP_L4_SM_gph_20201013T013000_Vv8010_001.h5
2020-10-13,2020-10-13 04:28:55+00:00,7.119,-73.122,0.2069327980279922,0.1419197767972946,0.4826807677745819,0.3310922682285309,292.5899658203125,19.439965820312523,SMAP_L4_SM_gph_20201013T043000_Vv8010_001.h5
2020-10-13,2020-10-13 07:28:55+00:00,7.119,-73.122,0.206010565161705,0.1418824940919876,0.4805144667625427,0.3310320377349853,291.8896179199219,18.739617919921898,SMAP_L4_SM_gph_20201013T073000_Vv8010_001.h5
2020-10-13,2020-10-13 10:28:55+00:00,7.119,-73.122,0.200493574142456,0.1415054649114608,0.4676989316940307,0.3300642371177673,291.22467041015625,18.07467041015628,SMAP_L4_SM_gph_20201013T103000_Vv8010_001.h5
2020-10-13,2020-10-13 13:28:55+00:00,7.119,-73.122,0.196685180068016,0.1410136520862579,0.4588255584239959,0.3289195299148559,291.5459899902344,18.3959899902344,SMAP_L4_SM_gph_20201013T133000_Vv8010_001.h5
2020-10-13,2020-10-13 16:28:55+00:00,7.119,-73.122,0.194925770163536,0.1403264105319976,0.4546234905719757,0.327291339635849,293.1429443359375,19.992944335937523,SMAP_L4_SM_gph_20201013T163000_Vv8010_001.h5
2020-10-13,2020-10-13 19:28:55+00:00,7.119,-73.122,0.1955322027206421,0.139779731631279,0.4560771882534027,0.326077401638031,294.05084228515625,20.90084228515628,SMAP_L4_SM_gph_20201013T193000_Vv8010_001.h5
2020-10-13,2020-10-13 22:28:55+00:00,7.119,-73.122,0.2054141610860824,0.1400706470012664,0.4790992736816406,0.3267727196216583,293.8456420898437,20.695642089843773,SMAP_L4_SM_gph_20201013T223000_Vv8010_001.h5
2020-10-14,2020-10-14 01:28:55+00:00,7.119,-73.122,0.2096123993396759,0.1404818743467331,0.4888980686664581,0.3277444541454315,292.8825378417969,19.732537841796898,SMAP_L4_SM_gph_20201014T013000_Vv8010_001.h5
2020-10-14,2020-10-14 04:28:55+00:00,7.119,-73.122,0.210252583026886,0.1409982144832611,0.4905479550361633,0.3289161622524261,292.1667785644531,19.016778564453148,SMAP_L4_SM_gph_20201014T043000_Vv8010_001.h5
2020-10-14,2020-10-14 07:28:55+00:00,7.119,-73.122,0.2087492942810058,0.1413406133651733,0.4868917763233185,0.3296234905719757,291.690673828125,18.540673828125023,SMAP_L4_SM_gph_20201014T073000_Vv8010_001.h5
2020-10-14,2020-10-14 10:28:55+00:00,7.119,-73.122,0.2043813169002533,0.1412273049354553,0.4766755998134613,0.329439252614975,291.2828674316406,18.132867431640648,SMAP_L4_SM_gph_20201014T103000_Vv8010_001.h5
2020-10-14,2020-10-14 13:28:55+00:00,7.119,-73.122,0.2035754770040512,0.1411071419715881,0.4748114049434662,0.3291629552841186,291.5927734375,18.442773437500023,SMAP_L4_SM_gph_20201014T133000_Vv8010_001.h5
2020-10-14,2020-10-14 16:28:55+00:00,7.119,-73.122,0.1989714205265045,0.1404576450586319,0.4641428589820862,0.3275962471961975,293.2623596191406,20.112359619140648,SMAP_L4_SM_gph_20201014T163000_Vv8010_001.h5
2020-10-14,2020-10-14 19:28:55+00:00,7.119,-73.122,0.2016497105360031,0.1401261389255523,0.4703881442546844,0.3269543349742889,294.14581298828125,20.99581298828128,SMAP_L4_SM_gph_20201014T193000_Vv8010_001.h5
2020-10-14,2020-10-14 22:28:55+00:00,7.119,-73.122,0.2055754512548446,0.1403819322586059,0.4794895052909851,0.3274729549884796,293.61199951171875,20.461999511718773,SMAP_L4_SM_gph_20201014T223000_Vv8010_001.h5
2020-10-15,2020-10-15 01:28:55+00:00,7.119,-73.122,0.2049005776643753,0.1405286341905594,0.4779098927974701,0.3277813792228699,292.7220458984375,19.572045898437523,SMAP_L4_SM_gph_20201015T013000_Vv8010_001.h5
2020-10-15,2020-10-15 04:28:55+00:00,7.119,-73.122,0.2005388736724853,0.1402818113565445,0.4677582681179046,0.3273231387138366,292.162353515625,19.012353515625023,SMAP_L4_SM_gph_20201015T043000_Vv8010_001.h5
2020-10-15,2020-10-15 07:28:55+00:00,7.119,-73.122,0.1970925778150558,0.1399272084236145,0.4596711695194244,0.3263768851757049,291.68475341796875,18.534753417968773,SMAP_L4_SM_gph_20201015T073000_Vv8010_001.h5
2020-10-15,2020-10-15 10:28:55+00:00,7.119,-73.122,0.1945280879735946,0.1396071314811706,0.4537542760372162,0.3256905674934387,291.1943054199219,18.044305419921898,SMAP_L4_SM_gph_20201015T103000_Vv8010_001.h5
2020-10-15,2020-10-15 13:28:55+00:00,7.119,-73.122,0.1912198215723037,0.1391947418451309,0.446030706167221,0.3246785998344421,291.7212829589844,18.5712829589844,SMAP_L4_SM_gph_20201015T133000_Vv8010_001.h5
2020-10-15,2020-10-15 16:28:55+00:00,7.119,-73.122,0.1865600198507309,0.138326346874237,0.4351804852485657,0.3226893842220306,293.6241455078125,20.474145507812523,SMAP_L4_SM_gph_20201015T163000_Vv8010_001.h5
2020-10-15,2020-10-15 19:28:55+00:00,7.119,-73.122,0.1830122619867324,0.1375871747732162,0.426973283290863,0.3208776414394378,294.641357421875,21.491357421875023,SMAP_L4_SM_gph_20201015T193000_Vv8010_001.h5
2020-10-15,2020-10-15 22:28:55+00:00,7.119,-73.122,0.1884930282831192,0.1380417346954345,0.4396188259124756,0.3220474421977997,294.18902587890625,21.03902587890628,SMAP_L4_SM_gph_20201015T223000_Vv8010_001.h5
2020-10-16,2020-10-16 01:28:55+00:00,7.119,-73.122,0.1890339702367782,0.1378532499074936,0.4409816265106201,0.321582168340683,293.2474670410156,20.097467041015648,SMAP_L4_SM_gph_20201016T013000_Vv8010_001.h5
2020-10-16,2020-10-16 04:28:55+00:00,7.119,-73.122,0.1881984174251556,0.1376772075891494,0.4390030801296234,0.3211494982242584,292.3895263671875,19.239526367187523,SMAP_L4_SM_gph_20201016T043000_Vv8010_001.h5
2020-10-16,2020-10-16 07:28:55+00:00,7.119,-73.122,0.1871984601020813,0.1374491602182388,0.4365929663181305,0.3205810785293579,291.6611328125,18.511132812500023,SMAP_L4_SM_gph_20201016T073000_Vv8010_001.h5
2020-10-16,2020-10-16 10:28:55+00:00,7.119,-73.122,0.1858339607715606,0.1372019797563552,0.4335270524024963,0.3200476765632629,290.8466796875,17.696679687500023,SMAP_L4_SM_gph_20201016T103000_Vv8010_001.h5
2020-10-16,2020-10-16 13:28:55+00:00,7.119,-73.122,0.1837179958820343,0.1366562396287918,0.4285714328289032,0.3187622427940368,291.6046142578125,18.454614257812523,SMAP_L4_SM_gph_20201016T133000_Vv8010_001.h5
2020-10-16,2020-10-16 16:28:55+00:00,7.119,-73.122,0.1798084825277328,0.1358334720134735,0.4193745255470276,0.3168548941612243,293.9915466308594,20.8415466308594,SMAP_L4_SM_gph_20201016T163000_Vv8010_001.h5
2020-10-16,2020-10-16 19:28:55+00:00,7.119,-73.122,0.1761123090982437,0.135027527809143,0.410904049873352,0.3149060904979706,295.1722106933594,22.0222106933594,SMAP_L4_SM_gph_20201016T193000_Vv8010_001.h5
2020-10-16,2020-10-16 22:28:55+00:00,7.119,-73.122,0.180871307849884,0.1350614726543426,0.4218482673168182,0.3149946331977844,294.4408874511719,21.290887451171898,SMAP_L4_SM_gph_20201016T223000_Vv8010_001.h5
2020-10-17,2020-10-17 01:28:55+00:00,7.119,-73.122,0.1820117682218551,0.1349930465221405,0.4246556460857391,0.3149753510951996,293.34332275390625,20.19332275390628,SMAP_L4_SM_gph_20201017T013000_Vv8010_001.h5
2020-10-17,2020-10-17 04:28:55+00:00,7.119,-73.122,0.1811230480670929,0.1348902732133865,0.4225180149078369,0.3146595358848572,292.3824768066406,19.232476806640648,SMAP_L4_SM_gph_20201017T043000_Vv8010_001.h5
2020-10-17,2020-10-17 07:28:55+00:00,7.119,-73.122,0.180169865489006,0.134821131825447,0.4203092455863952,0.3144312500953674,291.39410400390625,18.24410400390628,SMAP_L4_SM_gph_20201017T073000_Vv8010_001.h5
2020-10-17,2020-10-17 10:28:55+00:00,7.119,-73.122,0.1793272346258163,0.1346901655197143,0.4183597266674042,0.3141268193721771,290.57830810546875,17.428308105468773,SMAP_L4_SM_gph_20201017T103000_Vv8010_001.h5
2020-10-17,2020-10-17 13:28:55+00:00,7.119,-73.122,0.1775326579809188,0.1343824118375778,0.4141247868537903,0.3135581016540527,291.46929931640625,18.31929931640628,SMAP_L4_SM_gph_20201017T133000_Vv8010_001.h5
2020-10-17,2020-10-17 16:28:55+00:00,7.119,-73.122,0.1725601702928543,0.1335999518632888,0.4024092555046081,0.3115966916084289,293.85723876953125,20.70723876953128,SMAP_L4_SM_gph_20201017T163000_Vv8010_001.h5
2020-10-17,2020-10-17 19:28:55+00:00,7.119,-73.122,0.1709696799516677,0.1329307705163955,0.3988808691501617,0.3101744055747986,294.9120178222656,21.762017822265648,SMAP_L4_SM_gph_20201017T193000_Vv8010_001.h5
2020-10-17,2020-10-17 22:28:55+00:00,7.119,-73.122,0.1822393834590912,0.1335133910179138,0.4250580370426178,0.3113598823547363,294.00201416015625,20.85201416015628,SMAP_L4_SM_gph_20201017T223000_Vv8010_001.h5
2020-10-18,2020-10-18 01:28:55+00:00,7.119,-73.122,0.2101456671953201,0.1354386806488037,0.4902405440807342,0.3159633874893188,292.8428649902344,19.6928649902344,SMAP_L4_SM_gph_20201018T013000_Vv8010_001.h5
2020-10-18,2020-10-18 04:28:55+00:00,7.119,-73.122,0.2274953722953796,0.137682169675827,0.5307697653770447,0.3212103843688965,292.15045166015625,19.00045166015628,SMAP_L4_SM_gph_20201018T043000_Vv8010_001.h5
2020-10-18,2020-10-18 07:28:55+00:00,7.119,-73.122,0.262628436088562,0.1442821323871612,0.6124953031539917,0.3366124033927917,291.530517578125,18.380517578125023,SMAP_L4_SM_gph_20201018T073000_Vv8010_001.h5
2020-10-18,2020-10-18 10:28:55+00:00,7.119,-73.122,0.2212453782558441,0.1457186937332153,0.5160111784934998,0.3399196863174438,290.775146484375,17.625146484375023,SMAP_L4_SM_gph_20201018T103000_Vv8010_001.h5
2020-10-18,2020-10-18 13:28:55+00:00,7.119,-73.122,0.2066069692373275,0.1448964476585388,0.481888085603714,0.3380990028381347,291.44146728515625,18.29146728515628,SMAP_L4_SM_gph_20201018T133000_Vv8010_001.h5
2020-10-18,2020-10-18 16:28:55+00:00,7.119,-73.122,0.2018142938613891,0.1438455879688263,0.4708088934421539,0.3355012238025665,293.5129089355469,20.362908935546898,SMAP_L4_SM_gph_20201018T163000_Vv8010_001.h5
2020-10-18,2020-10-18 19:28:55+00:00,7.119,-73.122,0.2097137868404388,0.1435861140489578,0.4891360998153686,0.3350096940994262,294.43365478515625,21.28365478515628,SMAP_L4_SM_gph_20201018T193000_Vv8010_001.h5
2020-10-18,2020-10-18 22:28:55+00:00,7.119,-73.122,0.2235924750566482,0.1446808874607086,0.521677553653717,0.3374778032302856,294.1286926269531,20.978692626953148,SMAP_L4_SM_gph_20201018T223000_Vv8010_001.h5
2020-10-19,2020-10-19 01:28:55+00:00,7.119,-73.122,0.2431051284074783,0.1477172672748565,0.5671263337135315,0.3445546925067901,292.8823547363281,19.732354736328148,SMAP_L4_SM_gph_20201019T013000_Vv8010_001.h5
2020-10-19,2020-10-19 04:28:55+00:00,7.119,-73.122,0.2467078566551208,0.1506235152482986,0.575385570526123,0.3513665497303009,292.07501220703125,18.92501220703128,SMAP_L4_SM_gph_20201019T043000_Vv8010_001.h5
2020-10-19,2020-10-19 07:28:55+00:00,7.119,-73.122,0.2532251179218292,0.1558837592601776,0.5907625555992126,0.3636027872562408,291.60302734375,18.453027343750023,SMAP_L4_SM_gph_20201019T073000_Vv8010_001.h5
2020-10-19,2020-10-19 10:28:55+00:00,7.119,-73.122,0.2236410081386566,0.155997171998024,0.5217556953430176,0.3639094829559326,291.1858825683594,18.0358825683594,SMAP_L4_SM_gph_20201019T103000_Vv8010_001.h5
2020-10-19,2020-10-19 13:28:55+00:00,7.119,-73.122,0.2111671715974807,0.1550081521272659,0.492667943239212,0.3616428971290588,291.4560852050781,18.306085205078148,SMAP_L4_SM_gph_20201019T133000_Vv8010_001.h5
2020-10-19,2020-10-19 16:28:55+00:00,7.119,-73.122,0.2128039449453354,0.1541098952293396,0.4964292645454407,0.3594538569450378,292.7456970214844,19.5956970214844,SMAP_L4_SM_gph_20201019T163000_Vv8010_001.h5
2020-10-19,2020-10-19 19:28:55+00:00,7.119,-73.122,0.2260367274284362,0.154496744275093,0.527289092540741,0.3603619635105133,293.55377197265625,20.40377197265628,SMAP_L4_SM_gph_20201019T193000_Vv8010_001.h5
2020-10-19,2020-10-19 22:28:55+00:00,7.119,-73.122,0.2139697521924972,0.1538058519363403,0.4990601539611816,0.3587610721588135,293.3738708496094,20.2238708496094,SMAP_L4_SM_gph_20201019T223000_Vv8010_001.h5
2020-10-20,2020-10-20 01:28:55+00:00,7.119,-73.122,0.2072236537933349,0.1526847630739212,0.4834388792514801,0.3561759889125824,292.4606628417969,19.310662841796898,SMAP_L4_SM_gph_20201020T013000_Vv8010_001.h5
2020-10-20,2020-10-20 04:28:55+00:00,7.119,-73.122,0.2035345584154129,0.151670441031456,0.4747089445590973,0.3537952303886413,291.69146728515625,18.54146728515628,SMAP_L4_SM_gph_20201020T043000_Vv8010_001.h5
2020-10-20,2020-10-20 07:28:55+00:00,7.119,-73.122,0.2039087414741516,0.150820255279541,0.4756686389446258,0.3517312407493591,291.28228759765625,18.13228759765628,SMAP_L4_SM_gph_20201020T073000_Vv8010_001.h5
2020-10-20,2020-10-20 10:28:55+00:00,7.119,-73.122,0.2080066502094268,0.1503879129886627,0.4851153492927551,0.3507044911384582,290.9054870605469,17.755487060546898,SMAP_L4_SM_gph_20201020T103000_Vv8010_001.h5
2020-10-20,2020-10-20 13:28:55+00:00,7.119,-73.122,0.2030252814292907,0.1494542956352234,0.4735058546066284,0.348545491695404,291.4297180175781,18.279718017578148,SMAP_L4_SM_gph_20201020T133000_Vv8010_001.h5
2020-10-20,2020-10-20 16:28:55+00:00,7.119,-73.122,0.1997346431016922,0.1484077274799347,0.465819388628006,0.3462029099464416,293.23956298828125,20.08956298828128,SMAP_L4_SM_gph_20201020T163000_Vv8010_001.h5
2020-10-20,2020-10-20 19:28:55+00:00,7.119,-73.122,0.1992425620555877,0.1475629955530166,0.4647604525089264,0.3443118929862976,294.28546142578125,21.13546142578128,SMAP_L4_SM_gph_20201020T193000_Vv8010_001.h5
2020-10-20,2020-10-20 22:28:55+00:00,7.119,-73.122,0.1977889239788055,0.146861046552658,0.4613855481147766,0.3425601720809936,294.07403564453125,20.92403564453128,SMAP_L4_SM_gph_20201020T223000_Vv8010_001.h5
2020-10-21,2020-10-21 01:28:55+00:00,7.119,-73.122,0.1998224407434463,0.1464030295610427,0.4661108553409576,0.3415404856204986,292.9269104003906,19.776910400390648,SMAP_L4_SM_gph_20201021T013000_Vv8010_001.h5
2020-10-21,2020-10-21 04:28:55+00:00,7.119,-73.122,0.2087321430444717,0.1466217041015625,0.486957311630249,0.3419992923736572,292.2144775390625,19.064477539062523,SMAP_L4_SM_gph_20201021T043000_Vv8010_001.h5
2020-10-21,2020-10-21 07:28:55+00:00,7.119,-73.122,0.2068985998630523,0.1462850421667099,0.482598215341568,0.3412217497825622,291.7163391113281,18.566339111328148,SMAP_L4_SM_gph_20201021T073000_Vv8010_001.h5
2020-10-21,2020-10-21 10:28:55+00:00,7.119,-73.122,0.2050600051879882,0.1458624303340912,0.4783267974853515,0.3401833772659302,291.3022766113281,18.152276611328148,SMAP_L4_SM_gph_20201021T103000_Vv8010_001.h5
2020-10-21,2020-10-21 13:28:55+00:00,7.119,-73.122,0.2021846324205398,0.1452905833721161,0.4716332256793976,0.3388673365116119,291.85382080078125,18.70382080078128,SMAP_L4_SM_gph_20201021T133000_Vv8010_001.h5
2020-10-21,2020-10-21 16:28:55+00:00,7.119,-73.122,0.1993573904037475,0.144485056400299,0.4650568962097168,0.3370048105716705,293.8681640625,20.718164062500023,SMAP_L4_SM_gph_20201021T163000_Vv8010_001.h5
2020-10-21,2020-10-21 19:28:55+00:00,7.119,-73.122,0.2092392146587371,0.1444622427225113,0.4881002008914947,0.3369823098182678,294.6270446777344,21.4770446777344,SMAP_L4_SM_gph_20201021T193000_Vv8010_001.h5
2020-10-21,2020-10-21 22:28:55+00:00,7.119,-73.122,0.2096851170063018,0.1444896012544632,0.4891323745250702,0.3370533883571625,294.0474853515625,20.897485351562523,SMAP_L4_SM_gph_20201021T223000_Vv8010_001.h5
2020-10-22,2020-10-22 01:28:55+00:00,7.119,-73.122,0.2046781927347183,0.144023135304451,0.4774705171585083,0.3360115885734558,293.2738037109375,20.123803710937523,SMAP_L4_SM_gph_20201022T013000_Vv8010_001.h5
2020-10-22,2020-10-22 04:28:55+00:00,7.119,-73.122,0.2036712169647216,0.1436910182237625,0.4750837087631225,0.3352457880973816,292.6905212402344,19.5405212402344,SMAP_L4_SM_gph_20201022T043000_Vv8010_001.h5
2020-10-22,2020-10-22 07:28:55+00:00,7.119,-73.122,0.2021568566560745,0.1433930993080139,0.4715850353240967,0.3345323503017425,292.097412109375,18.947412109375023,SMAP_L4_SM_gph_20201022T073000_Vv8010_001.h5
2020-10-22,2020-10-22 10:28:55+00:00,7.119,-73.122,0.1995947211980819,0.1429598033428192,0.4656889736652374,0.3335030972957611,291.5458679199219,18.395867919921898,SMAP_L4_SM_gph_20201022T103000_Vv8010_001.h5
2020-10-22,2020-10-22 13:28:55+00:00,7.119,-73.122,0.1970436125993728,0.1424921751022339,0.4596444964408874,0.3322994410991668,291.8128967285156,18.662896728515648,SMAP_L4_SM_gph_20201022T133000_Vv8010_001.h5
2020-10-22,2020-10-22 16:28:55+00:00,7.119,-73.122,0.1928808987140655,0.1417791992425918,0.4499581754207611,0.3306410908699035,293.61724853515625,20.46724853515628,SMAP_L4_SM_gph_20201022T163000_Vv8010_001.h5
2020-10-22,2020-10-22 19:28:55+00:00,7.119,-73.122,0.1927622705698013,0.1412688046693802,0.4496001899242401,0.3295217454433441,294.4205017089844,21.2705017089844,SMAP_L4_SM_gph_20201022T193000_Vv8010_001.h5
2020-10-22,2020-10-22 22:28:55+00:00,7.119,-73.122,0.2048730999231338,0.1417931914329528,0.4779310822486877,0.3307143151760101,293.85565185546875,20.705651855468773,SMAP_L4_SM_gph_20201022T223000_Vv8010_001.h5
2020-10-23,2020-10-23 01:28:55+00:00,7.119,-73.122,0.2034307569265365,0.1419357359409332,0.4745273292064667,0.3310118317604065,293.1148376464844,19.9648376464844,SMAP_L4_SM_gph_20201023T013000_Vv8010_001.h5
2020-10-23,2020-10-23 04:28:55+00:00,7.119,-73.122,0.1988781094551086,0.1416060179471969,0.4638802409172058,0.3303745090961456,292.6352844238281,19.485284423828148,SMAP_L4_SM_gph_20201023T043000_Vv8010_001.h5
2020-10-23,2020-10-23 07:28:55+00:00,7.119,-73.122,0.1964607238769531,0.141333058476448,0.4583784639835357,0.3297260701656341,292.1995849609375,19.049584960937523,SMAP_L4_SM_gph_20201023T073000_Vv8010_001.h5
2020-10-23,2020-10-23 10:28:55+00:00,7.119,-73.122,0.1935992538928985,0.1409892290830612,0.4515793621540069,0.3288927674293518,291.6142272949219,18.464227294921898,SMAP_L4_SM_gph_20201023T103000_Vv8010_001.h5
2020-10-23,2020-10-23 13:28:55+00:00,7.119,-73.122,0.1905476301908493,0.1405388861894607,0.4444521367549896,0.3278193473815918,292.13336181640625,18.98336181640628,SMAP_L4_SM_gph_20201023T133000_Vv8010_001.h5
2020-10-23,2020-10-23 16:28:55+00:00,7.119,-73.122,0.1870522648096084,0.1397884786128997,0.4364326000213623,0.3260636031627655,294.0162658691406,20.866265869140648,SMAP_L4_SM_gph_20201023T163000_Vv8010_001.h5
2020-10-23,2020-10-23 19:28:55+00:00,7.119,-73.122,0.1865790784358978,0.1393245160579681,0.4352169632911682,0.324906051158905,294.79864501953125,21.64864501953128,SMAP_L4_SM_gph_20201023T193000_Vv8010_001.h5
2020-10-23,2020-10-23 22:28:55+00:00,7.119,-73.122,0.1875998526811599,0.1392272114753723,0.4376178681850433,0.324726402759552,294.2414245605469,21.091424560546898,SMAP_L4_SM_gph_20201023T223000_Vv8010_001.h5
2020-10-24,2020-10-24 01:28:55+00:00,7.119,-73.122,0.200053721666336,0.1397667378187179,0.4667344093322754,0.3260805606842041,293.3778381347656,20.227838134765648,SMAP_L4_SM_gph_20201024T013000_Vv8010_001.h5
2020-10-24,2020-10-24 04:28:55+00:00,7.119,-73.122,0.2031051516532898,0.1401841044425964,0.473770260810852,0.3270683884620666,292.6239013671875,19.473901367187523,SMAP_L4_SM_gph_20201024T043000_Vv8010_001.h5
2020-10-24,2020-10-24 07:28:55+00:00,7.119,-73.122,0.1984679549932479,0.140063539147377,0.4629364907741546,0.3268281519412994,291.90313720703125,18.75313720703128,SMAP_L4_SM_gph_20201024T073000_Vv8010_001.h5
2020-10-24,2020-10-24 10:28:55+00:00,7.119,-73.122,0.1980690509080886,0.1400332152843475,0.462056040763855,0.3267121315002441,291.1072692871094,17.957269287109398,SMAP_L4_SM_gph_20201024T103000_Vv8010_001.h5
2020-10-24,2020-10-24 13:28:55+00:00,7.119,-73.122,0.196689173579216,0.1397637724876403,0.4588225185871124,0.3261211514472961,291.6531677246094,18.5031677246094,SMAP_L4_SM_gph_20201024T133000_Vv8010_001.h5
2020-10-24,2020-10-24 16:28:55+00:00,7.119,-73.122,0.197142407298088,0.1393718123435974,0.459872841835022,0.3250777125358581,293.68280029296875,20.532800292968773,SMAP_L4_SM_gph_20201024T163000_Vv8010_001.h5
2020-10-24,2020-10-24 19:28:55+00:00,7.119,-73.122,0.2024073600769043,0.1393179893493652,0.4721133708953857,0.3249743580818176,294.4739990234375,21.323999023437523,SMAP_L4_SM_gph_20201024T193000_Vv8010_001.h5
2020-10-24,2020-10-24 22:28:55+00:00,7.119,-73.122,0.2047441005706787,0.1394604593515396,0.4776161015033722,0.3253936767578125,293.9901428222656,20.840142822265648,SMAP_L4_SM_gph_20201024T223000_Vv8010_001.h5
2020-10-25,2020-10-25 01:28:55+00:00,7.119,-73.122,0.201570838689804,0.1394944489002227,0.4702149629592895,0.3253600001335144,292.9344177246094,19.7844177246094,SMAP_L4_SM_gph_20201025T013000_Vv8010_001.h5
2020-10-25,2020-10-25 04:28:55+00:00,7.119,-73.122,0.1986471861600875,0.139342576265335,0.4633334875106811,0.325075089931488,292.0377197265625,18.887719726562523,SMAP_L4_SM_gph_20201025T043000_Vv8010_001.h5
2020-10-25,2020-10-25 07:28:55+00:00,7.119,-73.122,0.1951093673706054,0.1391477882862091,0.4550459682941437,0.3246784210205078,291.5484619140625,18.398461914062523,SMAP_L4_SM_gph_20201025T073000_Vv8010_001.h5
2020-10-25,2020-10-25 10:28:55+00:00,7.119,-73.122,0.1920594125986099,0.1389155238866806,0.4480243027210235,0.3240622580051422,290.8968505859375,17.746850585937523,SMAP_L4_SM_gph_20201025T103000_Vv8010_001.h5
2020-10-25,2020-10-25 13:28:55+00:00,7.119,-73.122,0.1895480006933212,0.138605996966362,0.442078948020935,0.3232818245887756,291.5202941894531,18.370294189453148,SMAP_L4_SM_gph_20201025T133000_Vv8010_001.h5
2020-10-25,2020-10-25 16:28:55+00:00,7.119,-73.122,0.18634894490242,0.1379295140504837,0.4346306622028351,0.3218036890029907,293.4913330078125,20.341333007812523,SMAP_L4_SM_gph_20201025T163000_Vv8010_001.h5
2020-10-25,2020-10-25 19:28:55+00:00,7.119,-73.122,0.1884647011756897,0.1376758515834808,0.4396134614944458,0.3210831582546234,294.2637939453125,21.113793945312523,SMAP_L4_SM_gph_20201025T193000_Vv8010_001.h5
2020-10-25,2020-10-25 22:28:55+00:00,7.119,-73.122,0.1902165561914444,0.1376061737537384,0.44362449645996094,0.32097533345222473,293.6829833984375,20.532983398437523,SMAP_L4_SM_gph_20201025T223000_Vv8010_001.h5
2020-10-26,2020-10-26 01:28:55+00:00,7.119,-73.122,0.19050513207912445,0.13759620487689972,0.44430771470069885,0.3209863305091858,292.845458984375,19.695458984375023,SMAP_L4_SM_gph_20201026T013000_Vv8010_001.h5
2020-10-26,2020-10-26 04:28:55+00:00,7.119,-73.122,0.1890329271554947,0.1374654620885849,0.4409221410751343,0.3207564353942871,292.31884765625,19.168847656250023,SMAP_L4_SM_gph_20201026T043000_Vv8010_001.h5
2020-10-26,2020-10-26 07:28:55+00:00,7.119,-73.122,0.18673084676265717,0.13735981285572052,0.43549680709838867,0.32031095027923584,291.80670166015625,18.656701660156273,SMAP_L4_SM_gph_20201026T073000_Vv8010_001.h5
2020-10-26,2020-10-26 10:28:55+00:00,7.119,-73.122,0.18507876992225647,0.13714155554771423,0.4316425919532776,0.3199382722377777,291.27789306640625,18.127893066406273,SMAP_L4_SM_gph_20201026T103000_Vv8010_001.h5
2020-10-26,2020-10-26 13:28:55+00:00,7.119,-73.122,0.18301516771316528,0.13693107664585114,0.42695075273513794,0.31946417689323425,291.66937255859375,18.519372558593773,SMAP_L4_SM_gph_20201026T133000_Vv8010_001.h5
2020-10-26,2020-10-26 16:28:55+00:00,7.119,-73.122,0.1799459457397461,0.1363091468811035,0.4197481274604797,0.3179692029953003,293.6246337890625,20.474633789062523,SMAP_L4_SM_gph_20201026T163000_Vv8010_001.h5
2020-10-26,2020-10-26 19:28:55+00:00,7.119,-73.122,0.1785829812288284,0.1358512639999389,0.4165982007980346,0.3168275356292724,294.38037109375,21.230371093750023,SMAP_L4_SM_gph_20201026T193000_Vv8010_001.h5
2020-10-26,2020-10-26 22:28:55+00:00,7.119,-73.122,0.1776227802038192,0.1355645656585693,0.4143776297569275,0.3162652850151062,294.0733947753906,20.923394775390648,SMAP_L4_SM_gph_20201026T223000_Vv8010_001.h5
2020-10-27,2020-10-27 01:28:55+00:00,7.119,-73.122,0.1767601519823074,0.135370522737503,0.4122472703456878,0.3157854378223419,293.2557983398437,20.105798339843773,SMAP_L4_SM_gph_20201027T013000_Vv8010_001.h5
2020-10-27,2020-10-27 04:28:55+00:00,7.119,-73.122,0.1818787008523941,0.1355964541435241,0.4242992997169494,0.3163969814777374,292.69287109375,19.542871093750023,SMAP_L4_SM_gph_20201027T043000_Vv8010_001.h5
2020-10-27,2020-10-27 07:28:55+00:00,7.119,-73.122,0.1831947118043899,0.1357568055391311,0.4273512363433838,0.3166185319423675,292.2002868652344,19.0502868652344,SMAP_L4_SM_gph_20201027T073000_Vv8010_001.h5
2020-10-27,2020-10-27 10:28:55+00:00,7.119,-73.122,0.1839994937181472,0.1358375996351242,0.4291852712631225,0.3169140815734863,291.76171875,18.611718750000023,SMAP_L4_SM_gph_20201027T103000_Vv8010_001.h5
2020-10-27,2020-10-27 13:28:55+00:00,7.119,-73.122,0.1813925057649612,0.1356793045997619,0.4232028722763061,0.3164536356925964,292.0272827148437,18.877282714843773,SMAP_L4_SM_gph_20201027T133000_Vv8010_001.h5
2020-10-27,2020-10-27 16:28:55+00:00,7.119,-73.122,0.178330197930336,0.1350736320018768,0.4160808026790619,0.3151231110095978,293.6468811035156,20.496881103515648,SMAP_L4_SM_gph_20201027T163000_Vv8010_001.h5
2020-10-27,2020-10-27 19:28:55+00:00,7.119,-73.122,0.1826268136501312,0.1349395215511322,0.4259719252586365,0.3147256076335907,294.41778564453125,21.26778564453128,SMAP_L4_SM_gph_20201027T193000_Vv8010_001.h5
2020-10-27,2020-10-27 22:28:55+00:00,7.119,-73.122,0.1967916488647461,0.1359639763832092,0.4591153264045715,0.3170473873615265,293.705078125,20.555078125000023,SMAP_L4_SM_gph_20201027T223000_Vv8010_001.h5
2020-10-28,2020-10-28 01:28:55+00:00,7.119,-73.122,0.2127247154712677,0.1373978555202484,0.4961312413215637,0.3204214572906494,292.79718017578125,19.64718017578128,SMAP_L4_SM_gph_20201028T013000_Vv8010_001.h5
2020-10-28,2020-10-28 04:28:55+00:00,7.119,-73.122,0.2166782915592193,0.1387742161750793,0.5054662823677063,0.3236826956272125,292.2396850585937,19.089685058593773,SMAP_L4_SM_gph_20201028T043000_Vv8010_001.h5
2020-10-28,2020-10-28 07:28:55+00:00,7.119,-73.122,0.2181650698184967,0.1397806257009506,0.509013295173645,0.3260796964168548,291.8049621582031,18.654962158203148,SMAP_L4_SM_gph_20201028T073000_Vv8010_001.h5
2020-10-28,2020-10-28 10:28:55+00:00,7.119,-73.122,0.2214982509613037,0.1410143375396728,0.5167346000671387,0.3289212584495544,291.4468688964844,18.2968688964844,SMAP_L4_SM_gph_20201028T103000_Vv8010_001.h5
2020-10-28,2020-10-28 13:28:55+00:00,7.119,-73.122,0.225698634982109,0.1424670815467834,0.5263465642929077,0.3324298858642578,291.42218017578125,18.27218017578128,SMAP_L4_SM_gph_20201028T133000_Vv8010_001.h5
2020-10-28,2020-10-28 16:28:55+00:00,7.119,-73.122,0.2172403633594513,0.1430307179689407,0.506700873374939,0.3335657715797424,292.10089111328125,18.95089111328128,SMAP_L4_SM_gph_20201028T163000_Vv8010_001.h5
2020-10-28,2020-10-28 19:28:55+00:00,7.119,-73.122,0.2080303132534027,0.1425744444131851,0.4851915836334228,0.332550436258316,292.9141540527344,19.7641540527344,SMAP_L4_SM_gph_20201028T193000_Vv8010_001.h5
2020-10-28,2020-10-28 22:28:55+00:00,7.119,-73.122,0.2042855024337768,0.1422202885150909,0.4764251410961151,0.331727385520935,292.9956970214844,19.8456970214844,SMAP_L4_SM_gph_20201028T223000_Vv8010_001.h5
2020-10-29,2020-10-29 01:28:55+00:00,7.119,-73.122,0.2012392580509185,0.1418294459581375,0.4694384038448334,0.3308457136154175,292.0450439453125,18.895043945312523,SMAP_L4_SM_gph_20201029T013000_Vv8010_001.h5
2020-10-29,2020-10-29 04:28:55+00:00,7.119,-73.122,0.2042766958475113,0.1418471187353134,0.476561576128006,0.3309031426906585,291.4511108398437,18.301110839843773,SMAP_L4_SM_gph_20201029T043000_Vv8010_001.h5
2020-10-29,2020-10-29 07:28:55+00:00,7.119,-73.122,0.2056312412023544,0.1419478803873062,0.4797114729881286,0.3311285674571991,291.2066345214844,18.0566345214844,SMAP_L4_SM_gph_20201029T073000_Vv8010_001.h5
2020-10-29,2020-10-29 10:28:55+00:00,7.119,-73.122,0.2010927945375442,0.1416229605674743,0.4691151678562164,0.3303815424442291,290.940673828125,17.790673828125023,SMAP_L4_SM_gph_20201029T103000_Vv8010_001.h5
2020-10-29,2020-10-29 13:28:55+00:00,7.119,-73.122,0.1992667317390442,0.1413389593362808,0.464828222990036,0.3297413289546966,291.29840087890625,18.14840087890628,SMAP_L4_SM_gph_20201029T133000_Vv8010_001.h5
2020-10-29,2020-10-29 16:28:55+00:00,7.119,-73.122,0.196811243891716,0.1407739222049713,0.4591871201992035,0.3283946812152862,292.93731689453125,19.78731689453128,SMAP_L4_SM_gph_20201029T163000_Vv8010_001.h5
2020-10-29,2020-10-29 19:28:55+00:00,7.119,-73.122,0.2004609853029251,0.1404331028461456,0.4676965177059173,0.3276914358139038,294.0604858398437,20.910485839843773,SMAP_L4_SM_gph_20201029T193000_Vv8010_001.h5
2020-10-29,2020-10-29 22:28:55+00:00,7.119,-73.122,0.2057870179414749,0.1406685560941696,0.4799909293651581,0.3281570076942444,293.57012939453125,20.42012939453128,SMAP_L4_SM_gph_20201029T223000_Vv8010_001.h5
2020-10-30,2020-10-30 01:28:55+00:00,7.119,-73.122,0.2159366458654403,0.1413825303316116,0.5036478042602539,0.3298178315162658,292.5421447753906,19.392144775390648,SMAP_L4_SM_gph_20201030T013000_Vv8010_001.h5
2020-10-30,2020-10-30 04:28:55+00:00,7.119,-73.122,0.2244753986597061,0.1428649872541427,0.5236474275588989,0.3332818150520324,291.9180908203125,18.768090820312523,SMAP_L4_SM_gph_20201030T043000_Vv8010_001.h5
2020-10-30,2020-10-30 07:28:55+00:00,7.119,-73.122,0.2294625639915466,0.1444194316864013,0.5352815389633179,0.3368963599205017,291.5055236816406,18.355523681640648,SMAP_L4_SM_gph_20201030T073000_Vv8010_001.h5
2020-10-30,2020-10-30 10:28:55+00:00,7.119,-73.122,0.224054217338562,0.1454388797283172,0.5226771831512451,0.3392053544521332,291.2450256347656,18.095025634765648,SMAP_L4_SM_gph_20201030T103000_Vv8010_001.h5
2020-10-30,2020-10-30 13:28:55+00:00,7.119,-73.122,0.2123333513736724,0.1455664187669754,0.4952636361122131,0.3395487070083618,291.48980712890625,18.33980712890628,SMAP_L4_SM_gph_20201030T133000_Vv8010_001.h5
2020-10-30,2020-10-30 16:28:55+00:00,7.119,-73.122,0.2128050178289413,0.1453089565038681,0.4962972402572632,0.3390257060527801,292.6478576660156,19.497857666015648,SMAP_L4_SM_gph_20201030T163000_Vv8010_001.h5
2020-10-30,2020-10-30 19:28:55+00:00,7.119,-73.122,0.2135786712169647,0.1453443020582199,0.4981491863727569,0.3390438854694366,293.1919860839844,20.0419860839844,SMAP_L4_SM_gph_20201030T193000_Vv8010_001.h5
2020-10-30,2020-10-30 22:28:55+00:00,7.119,-73.122,0.2100739181041717,0.1449677497148513,0.4900782406330108,0.3381624519824981,293.309814453125,20.159814453125023,SMAP_L4_SM_gph_20201030T223000_Vv8010_001.h5
2020-10-31,2020-10-31 01:28:55+00:00,7.119,-73.122,0.2175249457359314,0.1454834789037704,0.5074236392974854,0.3393325805664062,292.5966186523437,19.446618652343773,SMAP_L4_SM_gph_20201031T013000_Vv8010_001.h5
2020-10-31,2020-10-31 04:28:55+00:00,7.119,-73.122,0.2155425101518631,0.1456449329853058,0.5028612017631531,0.3398015797138214,292.1241760253906,18.974176025390648,SMAP_L4_SM_gph_20201031T043000_Vv8010_001.h5
2020-10-31,2020-10-31 07:28:55+00:00,7.119,-73.122,0.2171924412250518,0.1459175199270248,0.5065546631813049,0.3403637707233429,291.7091979980469,18.559197998046898,SMAP_L4_SM_gph_20201031T073000_Vv8010_001.h5
2020-10-31,2020-10-31 10:28:55+00:00,7.119,-73.122,0.2185841351747512,0.1463468074798584,0.5097697377204895,0.3413456976413727,291.339599609375,18.189599609375023,SMAP_L4_SM_gph_20201031T103000_Vv8010_001.h5
2020-10-31,2020-10-31 13:28:55+00:00,7.119,-73.122,0.2162683010101318,0.1464617997407913,0.5045515894889832,0.3416565358638763,291.18975830078125,18.03975830078128,SMAP_L4_SM_gph_20201031T133000_Vv8010_001.h5
2020-10-31,2020-10-31 16:28:55+00:00,7.119,-73.122,0.2114447653293609,0.1462113559246063,0.4932450652122497,0.3411518335342407,291.54541015625,18.395410156250023,SMAP_L4_SM_gph_20201031T163000_Vv8010_001.h5
2020-10-31,2020-10-31 19:28:55+00:00,7.119,-73.122,0.2061186283826828,0.1456758379936218,0.4808017611503601,0.3398450314998626,292.1278991699219,18.977899169921898,SMAP_L4_SM_gph_20201031T193000_Vv8010_001.h5
2020-10-31,2020-10-31 22:28:55+00:00,7.119,-73.122,0.2008241415023803,0.1450423449277877,0.4685202538967132,0.3383198976516723,292.4131164550781,19.263116455078148,SMAP_L4_SM_gph_20201031T223000_Vv8010_001.h5
2020-11-01,2020-11-01 01:28:55+00:00,7.119,-73.122,0.2128955274820327,0.1454343050718307,0.4966287910938263,0.3392414152622223,291.72955322265625,18.57955322265628,SMAP_L4_SM_gph_20201101T013000_Vv8010_001.h5
2020-11-01,2020-11-01 04:28:55+00:00,7.119,-73.122,0.2131234258413314,0.1457751393318176,0.4971021711826324,0.3400298357009887,291.1339416503906,17.983941650390648,SMAP_L4_SM_gph_20201101T043000_Vv8010_001.h5
2020-11-01,2020-11-01 07:28:55+00:00,7.119,-73.122,0.2118663191795349,0.1456973254680633,0.4941242933273315,0.3399009108543396,290.6893920898437,17.539392089843773,SMAP_L4_SM_gph_20201101T073000_Vv8010_001.h5
2020-11-01,2020-11-01 10:28:55+00:00,7.119,-73.122,0.2148103564977646,0.1459392309188842,0.5010886788368225,0.3405054807662964,290.4295654296875,17.279565429687523,SMAP_L4_SM_gph_20201101T103000_Vv8010_001.h5
2020-11-01,2020-11-01 13:28:55+00:00,7.119,-73.122,0.2164674699306488,0.1461033225059509,0.5050322413444519,0.3407000601291656,290.7708740234375,17.620874023437523,SMAP_L4_SM_gph_20201101T133000_Vv8010_001.h5
2020-11-01,2020-11-01 16:28:55+00:00,7.119,-73.122,0.223905935883522,0.147053837776184,0.5221561789512634,0.3430001437664032,291.7164001464844,18.5664001464844,SMAP_L4_SM_gph_20201101T163000_Vv8010_001.h5
2020-11-01,2020-11-01 19:28:55+00:00,7.119,-73.122,0.210260733962059,0.1464839875698089,0.4904191195964813,0.3416407406330108,292.896484375,19.746484375000023,SMAP_L4_SM_gph_20201101T193000_Vv8010_001.h5
2020-11-01,2020-11-01 22:28:55+00:00,7.119,-73.122,0.2218299955129623,0.1470049768686294,0.5173752903938293,0.3428243994712829,293.23193359375,20.081933593750023,SMAP_L4_SM_gph_20201101T223000_Vv8010_001.h5
2020-11-02,2020-11-02 01:28:55+00:00,7.119,-73.122,0.2154471427202224,0.1472048163414001,0.5024939775466919,0.3433562219142914,292.099853515625,18.949853515625023,SMAP_L4_SM_gph_20201102T013000_Vv8010_001.h5
2020-11-02,2020-11-02 04:28:55+00:00,7.119,-73.122,0.2066628187894821,0.1465680301189422,0.4820882081985473,0.3418594002723694,291.27655029296875,18.126550292968773,SMAP_L4_SM_gph_20201102T043000_Vv8010_001.h5
2020-11-02,2020-11-02 07:28:55+00:00,7.119,-73.122,0.2026016116142273,0.1459314525127411,0.4725514650344848,0.3403632044792175,290.7488098144531,17.598809814453148,SMAP_L4_SM_gph_20201102T073000_Vv8010_001.h5
2020-11-02,2020-11-02 10:28:55+00:00,7.119,-73.122,0.1990925967693328,0.1452813595533371,0.4644151926040649,0.3389168381690979,290.4119873046875,17.261987304687523,SMAP_L4_SM_gph_20201102T103000_Vv8010_001.h5
2020-11-02,2020-11-02 13:28:55+00:00,7.119,-73.122,0.1957710236310959,0.144579216837883,0.4566771686077118,0.3372868001461029,291.0546264648437,17.904626464843773,SMAP_L4_SM_gph_20201102T133000_Vv8010_001.h5
2020-11-02,2020-11-02 16:28:55+00:00,7.119,-73.122,0.1930328011512756,0.1437471807003021,0.4503185451030731,0.3353553414344787,293.0946350097656,19.944635009765648,SMAP_L4_SM_gph_20201102T163000_Vv8010_001.h5
2020-11-02,2020-11-02 19:28:55+00:00,7.119,-73.122,0.1944187581539154,0.1432032734155655,0.4534443318843841,0.3341118395328522,294.1824951171875,21.032495117187523,SMAP_L4_SM_gph_20201102T193000_Vv8010_001.h5
2020-11-02,2020-11-02 22:28:55+00:00,7.119,-73.122,0.1913893520832061,0.142645314335823,0.4464327991008758,0.3327465653419494,293.9460754394531,20.796075439453148,SMAP_L4_SM_gph_20201102T223000_Vv8010_001.h5
2020-11-03,2020-11-03 01:28:55+00:00,7.119,-73.122,0.1906611919403076,0.1422392874956131,0.4446561634540558,0.3318252861499786,292.8638610839844,19.7138610839844,SMAP_L4_SM_gph_20201103T013000_Vv8010_001.h5
2020-11-03,2020-11-03 04:28:55+00:00,7.119,-73.122,0.1924749314785003,0.1420358717441558,0.4489317834377289,0.3313208818435669,292.1559143066406,19.005914306640648,SMAP_L4_SM_gph_20201103T043000_Vv8010_001.h5
2020-11-03,2020-11-03 07:28:55+00:00,7.119,-73.122,0.1981382817029953,0.1421028673648834,0.4621396362781524,0.3314953744411468,291.7783203125,18.628320312500023,SMAP_L4_SM_gph_20201103T073000_Vv8010_001.h5
2020-11-03,2020-11-03 10:28:55+00:00,7.119,-73.122,0.201521098613739,0.1422145664691925,0.470111221075058,0.3317241966724396,291.43328857421875,18.283288574218773,SMAP_L4_SM_gph_20201103T103000_Vv8010_001.h5
2020-11-03,2020-11-03 13:28:55+00:00,7.119,-73.122,0.2018580883741378,0.1421401053667068,0.4708106517791748,0.3314818441867828,291.4930114746094,18.3430114746094,SMAP_L4_SM_gph_20201103T133000_Vv8010_001.h5
2020-11-03,2020-11-03 16:28:55+00:00,7.119,-73.122,0.2014968395233154,0.1418673694133758,0.4700250029563904,0.3309191465377807,292.58642578125,19.436425781250023,SMAP_L4_SM_gph_20201103T163000_Vv8010_001.h5
2020-11-03,2020-11-03 19:28:55+00:00,7.119,-73.122,0.2107197195291519,0.1423082947731018,0.4915803074836731,0.3318946659564972,293.5286865234375,20.378686523437523,SMAP_L4_SM_gph_20201103T193000_Vv8010_001.h5
2020-11-03,2020-11-03 22:28:55+00:00,7.119,-73.122,0.2068113982677459,0.1422599554061889,0.4823676943778991,0.3318055272102356,293.31982421875,20.169824218750023,SMAP_L4_SM_gph_20201103T223000_Vv8010_001.h5
2020-11-04,2020-11-04 01:28:55+00:00,7.119,-73.122,0.208757534623146,0.1421430557966232,0.486935555934906,0.3315382301807403,292.52197265625,19.371972656250023,SMAP_L4_SM_gph_20201104T013000_Vv8010_001.h5
2020-11-04,2020-11-04 04:28:55+00:00,7.119,-73.122,0.2157573103904724,0.1428883820772171,0.5031901001930237,0.333317369222641,291.9594421386719,18.809442138671898,SMAP_L4_SM_gph_20201104T043000_Vv8010_001.h5
2020-11-04,2020-11-04 07:28:55+00:00,7.119,-73.122,0.2152642756700515,0.1433089971542358,0.5020771622657776,0.3342280685901642,291.46875,18.318750000000023,SMAP_L4_SM_gph_20201104T073000_Vv8010_001.h5
2020-11-04,2020-11-04 10:28:55+00:00,7.119,-73.122,0.2123617827892303,0.1434836387634277,0.4954017102718353,0.334731251001358,291.09979248046875,17.949792480468773,SMAP_L4_SM_gph_20201104T103000_Vv8010_001.h5
2020-11-04,2020-11-04 13:28:55+00:00,7.119,-73.122,0.2057335525751114,0.1429575383663177,0.4798488914966583,0.3334489464759826,291.6219482421875,18.471948242187523,SMAP_L4_SM_gph_20201104T133000_Vv8010_001.h5
2020-11-04,2020-11-04 16:28:55+00:00,7.119,-73.122,0.2080995738506317,0.1426150500774383,0.4854529798030853,0.3326193690299988,293.522216796875,20.372216796875023,SMAP_L4_SM_gph_20201104T163000_Vv8010_001.h5
2020-11-04,2020-11-04 19:28:55+00:00,7.119,-73.122,0.2428324520587921,0.1456812918186187,0.5664291381835938,0.3399075865745544,294.0088806152344,20.8588806152344,SMAP_L4_SM_gph_20201104T193000_Vv8010_001.h5
2020-11-04,2020-11-04 22:28:55+00:00,7.119,-73.122,0.2247675657272339,0.14688242971897125,0.5241674780845642,0.3425790071487427,293.3853759765625,20.235375976562523,SMAP_L4_SM_gph_20201104T223000_Vv8010_001.h5
2020-11-05,2020-11-05 01:28:55+00:00,7.119,-73.122,0.21225951611995697,0.14659854769706726,0.4952026307582855,0.3419873118400574,292.5797119140625,19.429711914062523,SMAP_L4_SM_gph_20201105T013000_Vv8010_001.h5
2020-11-05,2020-11-05 04:28:55+00:00,7.119,-73.122,0.2059488743543625,0.1459822952747345,0.48043739795684814,0.34054386615753174,291.83135986328125,18.681359863281273,SMAP_L4_SM_gph_20201105T043000_Vv8010_001.h5
2020-11-05,2020-11-05 07:28:55+00:00,7.119,-73.122,0.20382778346538544,0.14543910324573517,0.4755251407623291,0.33925390243530273,291.3475341796875,18.197534179687523,SMAP_L4_SM_gph_20201105T073000_Vv8010_001.h5
2020-11-05,2020-11-05 10:28:55+00:00,7.119,-73.122,0.2006228119134903,0.1448762267827987,0.4679324924945831,0.3378876149654388,291.042724609375,17.892724609375023,SMAP_L4_SM_gph_20201105T103000_Vv8010_001.h5
2020-11-05,2020-11-05 13:28:55+00:00,7.119,-73.122,0.1977724581956863,0.1442545801401138,0.4612657427787781,0.3365521728992462,291.4222717285156,18.272271728515648,SMAP_L4_SM_gph_20201105T133000_Vv8010_001.h5
2020-11-05,2020-11-05 16:28:55+00:00,7.119,-73.122,0.1951601058244705,0.1435252577066421,0.4551642537117004,0.3348512649536133,292.878173828125,19.728173828125023,SMAP_L4_SM_gph_20201105T163000_Vv8010_001.h5
2020-11-05,2020-11-05 19:28:55+00:00,7.119,-73.122,0.1973330676555633,0.1431678384542465,0.4603475928306579,0.3338975608348846,293.1948547363281,20.044854736328148,SMAP_L4_SM_gph_20201105T193000_Vv8010_001.h5
2020-11-05,2020-11-05 22:28:55+00:00,7.119,-73.122,0.2002303004264831,0.1430240273475647,0.4670459330081939,0.3335114121437073,292.6632080078125,19.513208007812523,SMAP_L4_SM_gph_20201105T223000_Vv8010_001.h5
2020-11-06,2020-11-06 01:28:55+00:00,7.119,-73.122,0.1975217908620834,0.1426439732313156,0.4607595205307007,0.3326578438282013,291.8749389648437,18.724938964843773,SMAP_L4_SM_gph_20201106T013000_Vv8010_001.h5
2020-11-06,2020-11-06 04:28:55+00:00,7.119,-73.122,0.1947237700223922,0.1421878933906555,0.4542087912559509,0.3316430151462555,291.0470886230469,17.897088623046898,SMAP_L4_SM_gph_20201106T043000_Vv8010_001.h5
2020-11-06,2020-11-06 07:28:55+00:00,7.119,-73.122,0.1929143071174621,0.1418670713901519,0.4499976336956024,0.3309067189693451,290.36138916015625,17.211389160156273,SMAP_L4_SM_gph_20201106T073000_Vv8010_001.h5
2020-11-06,2020-11-06 10:28:55+00:00,7.119,-73.122,0.1926586627960205,0.1415758430957794,0.4494405388832092,0.3302106261253357,289.86737060546875,16.717370605468773,SMAP_L4_SM_gph_20201106T103000_Vv8010_001.h5
2020-11-06,2020-11-06 13:28:55+00:00,7.119,-73.122,0.1930379122495651,0.1413249224424362,0.4503365457057953,0.3295825719833374,290.56744384765625,17.417443847656273,SMAP_L4_SM_gph_20201106T133000_Vv8010_001.h5
2020-11-06,2020-11-06 16:28:55+00:00,7.119,-73.122,0.1926896423101425,0.1409037560224533,0.4495470821857452,0.3286218643188476,292.5459899902344,19.3959899902344,SMAP_L4_SM_gph_20201106T163000_Vv8010_001.h5
2020-11-06,2020-11-06 19:28:55+00:00,7.119,-73.122,0.2023427337408065,0.141221672296524,0.4720638692378998,0.3294357657432556,293.6835021972656,20.533502197265648,SMAP_L4_SM_gph_20201106T193000_Vv8010_001.h5
2020-11-06,2020-11-06 22:28:55+00:00,7.119,-73.122,0.2062282413244247,0.1417455822229385,0.4811289310455322,0.3307124376296997,293.4276428222656,20.277642822265648,SMAP_L4_SM_gph_20201106T223000_Vv8010_001.h5
2020-11-07,2020-11-07 01:28:55+00:00,7.119,-73.122,0.2006334215402603,0.1416081935167312,0.4681280553340912,0.3303917348384857,292.3382568359375,19.188256835937523,SMAP_L4_SM_gph_20201107T013000_Vv8010_001.h5
2020-11-07,2020-11-07 04:28:55+00:00,7.119,-73.122,0.1970699578523636,0.1413480639457702,0.4597200751304626,0.329776406288147,291.6091003417969,18.459100341796898,SMAP_L4_SM_gph_20201107T043000_Vv8010_001.h5
2020-11-07,2020-11-07 07:28:55+00:00,7.119,-73.122,0.1966851353645324,0.1412135958671569,0.4587906897068023,0.3294146955013275,291.07916259765625,17.929162597656273,SMAP_L4_SM_gph_20201107T073000_Vv8010_001.h5
2020-11-07,2020-11-07 10:28:55+00:00,7.119,-73.122,0.1971192359924316,0.1410815417766571,0.4598219096660614,0.3291814029216766,290.7977905273437,17.647790527343773,SMAP_L4_SM_gph_20201107T103000_Vv8010_001.h5
2020-11-07,2020-11-07 13:28:55+00:00,7.119,-73.122,0.1946591138839721,0.1406782567501068,0.4540355205535888,0.3281452059745788,291.0862731933594,17.936273193359398,SMAP_L4_SM_gph_20201107T133000_Vv8010_001.h5
2020-11-07,2020-11-07 16:28:55+00:00,7.119,-73.122,0.1913635432720184,0.1401037573814392,0.4464751183986664,0.3267369568347931,292.7838439941406,19.633843994140648,SMAP_L4_SM_gph_20201107T163000_Vv8010_001.h5
2020-11-07,2020-11-07 19:28:55+00:00,7.119,-73.122,0.1956060379743576,0.1398712247610092,0.4564028978347778,0.3262420296669006,293.97564697265625,20.82564697265628,SMAP_L4_SM_gph_20201107T193000_Vv8010_001.h5
2020-11-07,2020-11-07 22:28:55+00:00,7.119,-73.122,0.2127857059240341,0.1411497294902801,0.4963220357894897,0.3292853832244873,293.4005432128906,20.250543212890648,SMAP_L4_SM_gph_20201107T223000_Vv8010_001.h5
2020-11-08,2020-11-08 01:28:55+00:00,7.119,-73.122,0.291000485420227,0.1521116942167282,0.6787276864051819,0.3548934757709503,292.4383850097656,19.288385009765648,SMAP_L4_SM_gph_20201108T013000_Vv8010_001.h5
2020-11-08,2020-11-08 04:28:55+00:00,7.119,-73.122,0.252569317817688,0.1632604002952575,0.5891543030738831,0.3807553052902221,291.7049560546875,18.554956054687523,SMAP_L4_SM_gph_20201108T043000_Vv8010_001.h5
2020-11-08,2020-11-08 07:28:55+00:00,7.119,-73.122,0.2184615433216095,0.1620652973651886,0.5096051096916199,0.3780144453048706,291.08868408203125,17.938684082031273,SMAP_L4_SM_gph_20201108T073000_Vv8010_001.h5
2020-11-08,2020-11-08 10:28:55+00:00,7.119,-73.122,0.2102132439613342,0.1603850424289703,0.4903179705142975,0.374243289232254,290.5408935546875,17.390893554687523,SMAP_L4_SM_gph_20201108T103000_Vv8010_001.h5
2020-11-08,2020-11-08 13:28:55+00:00,7.119,-73.122,0.2053215950727462,0.1587747782468795,0.4789177775382995,0.3704349994659424,291.0035705566406,17.853570556640648,SMAP_L4_SM_gph_20201108T133000_Vv8010_001.h5
2020-11-08,2020-11-08 16:28:55+00:00,7.119,-73.122,0.2014426589012146,0.1570706069469452,0.4698284566402435,0.3664193451404571,292.8422546386719,19.692254638671898,SMAP_L4_SM_gph_20201108T163000_Vv8010_001.h5
2020-11-08,2020-11-08 19:28:55+00:00,7.119,-73.122,0.2138788253068924,0.156405508518219,0.4989672303199768,0.3648487329483032,293.9237670898437,20.773767089843773,SMAP_L4_SM_gph_20201108T193000_Vv8010_001.h5
2020-11-08,2020-11-08 22:28:55+00:00,7.119,-73.122,0.2529759407043457,0.1600152999162674,0.5901706218719482,0.3733308911323547,293.4263610839844,20.2763610839844,SMAP_L4_SM_gph_20201108T223000_Vv8010_001.h5
2020-11-09,2020-11-09 01:28:55+00:00,7.119,-73.122,0.2349424213171005,0.1620344370603561,0.5478677749633789,0.377897173166275,292.5053405761719,19.355340576171898,SMAP_L4_SM_gph_20201109T013000_Vv8010_001.h5
2020-11-09,2020-11-09 04:28:55+00:00,7.119,-73.122,0.2158142179250717,0.1605648249387741,0.5033168792724609,0.3745037019252777,291.7216491699219,18.571649169921898,SMAP_L4_SM_gph_20201109T043000_Vv8010_001.h5
2020-11-09,2020-11-09 07:28:55+00:00,7.119,-73.122,0.2102786898612976,0.1590270698070526,0.4904356002807617,0.3709696829319,290.9652099609375,17.815209960937523,SMAP_L4_SM_gph_20201109T073000_Vv8010_001.h5
2020-11-09,2020-11-09 10:28:55+00:00,7.119,-73.122,0.2069922387599945,0.1575906723737716,0.4827553331851959,0.3676258027553558,290.43414306640625,17.284143066406273,SMAP_L4_SM_gph_20201109T103000_Vv8010_001.h5
2020-11-09,2020-11-09 13:28:55+00:00,7.119,-73.122,0.2048946022987365,0.156510055065155,0.4780636131763458,0.364987164735794,291.0191955566406,17.869195556640648,SMAP_L4_SM_gph_20201109T133000_Vv8010_001.h5
2020-11-09,2020-11-09 16:28:55+00:00,7.119,-73.122,0.2027595937252044,0.1550284028053283,0.4729363918304443,0.361732542514801,292.9882202148437,19.838220214843773,SMAP_L4_SM_gph_20201109T163000_Vv8010_001.h5
2020-11-09,2020-11-09 19:28:55+00:00,7.119,-73.122,0.2070863842964172,0.1541153341531753,0.4830028712749481,0.3594679534435272,293.8454895019531,20.695489501953148,SMAP_L4_SM_gph_20201109T193000_Vv8010_001.h5
2020-11-09,2020-11-09 22:28:55+00:00,7.119,-73.122,0.2108058929443359,0.15346360206604,0.491832822561264,0.3580175340175628,293.3474426269531,20.197442626953148,SMAP_L4_SM_gph_20201109T223000_Vv8010_001.h5
2020-11-10,2020-11-10 01:28:55+00:00,7.119,-73.122,0.2125137895345688,0.1531273275613784,0.4957762956619262,0.3572043180465698,292.4283142089844,19.2783142089844,SMAP_L4_SM_gph_20201110T013000_Vv8010_001.h5
2020-11-10,2020-11-10 04:28:55+00:00,7.119,-73.122,0.2078287303447723,0.1522649824619293,0.4847913682460785,0.3551453948020935,291.7231750488281,18.573175048828148,SMAP_L4_SM_gph_20201110T043000_Vv8010_001.h5
2020-11-10,2020-11-10 07:28:55+00:00,7.119,-73.122,0.2051608115434646,0.1513575315475464,0.4786045253276825,0.3531279265880584,291.19940185546875,18.049401855468773,SMAP_L4_SM_gph_20201110T073000_Vv8010_001.h5
2020-11-10,2020-11-10 10:28:55+00:00,7.119,-73.122,0.2041457891464233,0.1506034731864929,0.4761309623718261,0.3513625860214233,290.8070068359375,17.657006835937523,SMAP_L4_SM_gph_20201110T103000_Vv8010_001.h5
2020-11-10,2020-11-10 13:28:55+00:00,7.119,-73.122,0.2037955969572067,0.1499280780553817,0.4754249155521393,0.3496799767017364,291.1673278808594,18.0173278808594,SMAP_L4_SM_gph_20201110T133000_Vv8010_001.h5
2020-11-10,2020-11-10 16:28:55+00:00,7.119,-73.122,0.2106658071279525,0.149636760354042,0.4913185238838196,0.3491057753562927,292.381591796875,19.231591796875023,SMAP_L4_SM_gph_20201110T163000_Vv8010_001.h5
2020-11-10,2020-11-10 19:28:55+00:00,7.119,-73.122,0.2171551138162613,0.1498222053050995,0.5067180395126343,0.349526435136795,292.7616271972656,19.611627197265648,SMAP_L4_SM_gph_20201110T193000_Vv8010_001.h5
2020-11-10,2020-11-10 22:28:55+00:00,7.119,-73.122,0.2178084701299667,0.149864986538887,0.5079162120819092,0.3496010601520538,292.4611511230469,19.311151123046898,SMAP_L4_SM_gph_20201110T223000_Vv8010_001.h5
2020-11-11,2020-11-11 01:28:55+00:00,7.119,-73.122,0.2127790451049804,0.1495146453380584,0.496352881193161,0.3487878739833832,291.7991943359375,18.649194335937523,SMAP_L4_SM_gph_20201111T013000_Vv8010_001.h5
2020-11-11,2020-11-11 04:28:55+00:00,7.119,-73.122,0.2101421952247619,0.1490654796361923,0.4902034699916839,0.3477910459041595,291.157470703125,18.007470703125023,SMAP_L4_SM_gph_20201111T043000_Vv8010_001.h5
2020-11-11,2020-11-11 07:28:55+00:00,7.119,-73.122,0.210842490196228,0.1488896012306213,0.4918503761291504,0.3473584651947021,290.66796875,17.517968750000023,SMAP_L4_SM_gph_20201111T073000_Vv8010_001.h5
2020-11-11,2020-11-11 10:28:55+00:00,7.119,-73.122,0.2083259373903274,0.1484804600477218,0.4859850108623504,0.3463921248912811,290.1893310546875,17.039331054687523,SMAP_L4_SM_gph_20201111T103000_Vv8010_001.h5
2020-11-11,2020-11-11 13:28:55+00:00,7.119,-73.122,0.2050742954015731,0.1479848474264145,0.4783787727355957,0.3451891541481018,290.7182312011719,17.568231201171898,SMAP_L4_SM_gph_20201111T133000_Vv8010_001.h5
2020-11-11,2020-11-11 16:28:55+00:00,7.119,-73.122,0.2131838351488113,0.1479875892400741,0.4971852600574493,0.3451595306396484,292.3990478515625,19.249047851562523,SMAP_L4_SM_gph_20201111T163000_Vv8010_001.h5
2020-11-11,2020-11-11 19:28:55+00:00,7.119,-73.122,0.2299253642559051,0.1494171023368835,0.5363871455192566,0.3485708236694336,292.89483642578125,19.74483642578128,SMAP_L4_SM_gph_20201111T193000_Vv8010_001.h5
2020-11-11,2020-11-11 22:28:55+00:00,7.119,-73.122,0.2407589852809906,0.1513494104146957,0.5615188479423523,0.3530333340167999,292.6464233398437,19.496423339843773,SMAP_L4_SM_gph_20201111T223000_Vv8010_001.h5
2020-11-12,2020-11-12 01:28:55+00:00,7.119,-73.122,0.2266437709331512,0.1522584706544876,0.5286665558815002,0.3550551831722259,291.86297607421875,18.712976074218773,SMAP_L4_SM_gph_20201112T013000_Vv8010_001.h5
2020-11-12,2020-11-12 04:28:55+00:00,7.119,-73.122,0.2135148346424102,0.1514538377523422,0.4979580640792846,0.3533537089824676,291.23175048828125,18.08175048828128,SMAP_L4_SM_gph_20201112T043000_Vv8010_001.h5
2020-11-12,2020-11-12 07:28:55+00:00,7.119,-73.122,0.2077415883541107,0.1506531536579132,0.4846610128879547,0.3514184057712555,290.5902709960937,17.440270996093773,SMAP_L4_SM_gph_20201112T073000_Vv8010_001.h5
2020-11-12,2020-11-12 10:28:55+00:00,7.119,-73.122,0.2048964202404022,0.1498951464891433,0.4779724180698395,0.3495575189590454,290.018798828125,16.868798828125023,SMAP_L4_SM_gph_20201112T103000_Vv8010_001.h5
2020-11-12,2020-11-12 13:28:55+00:00,7.119,-73.122,0.2029284536838531,0.1490746438503265,0.4734017550945282,0.3478148579597473,290.65264892578125,17.502648925781273,SMAP_L4_SM_gph_20201112T133000_Vv8010_001.h5
2020-11-12,2020-11-12 16:28:55+00:00,7.119,-73.122,0.2006457448005676,0.1482174843549728,0.4680027663707733,0.3457327485084533,292.5408935546875,19.390893554687523,SMAP_L4_SM_gph_20201112T163000_Vv8010_001.h5
2020-11-12,2020-11-12 19:28:55+00:00,7.119,-73.122,0.2017578184604644,0.1476273834705352,0.4706098139286041,0.3444060981273651,293.4159545898437,20.265954589843773,SMAP_L4_SM_gph_20201112T193000_Vv8010_001.h5
2020-11-12,2020-11-12 22:28:55+00:00,7.119,-73.122,0.2037853598594665,0.147285595536232,0.4754214882850647,0.3435783684253692,293.377685546875,20.227685546875023,SMAP_L4_SM_gph_20201112T223000_Vv8010_001.h5
2020-11-13,2020-11-13 01:28:55+00:00,7.119,-73.122,0.2108966559171676,0.1474800854921341,0.4918980300426483,0.3439375162124634,292.41064453125,19.260644531250023,SMAP_L4_SM_gph_20201113T013000_Vv8010_001.h5
2020-11-13,2020-11-13 04:28:55+00:00,7.119,-73.122,0.2168741524219513,0.1478307843208313,0.5059424638748169,0.3448250293731689,291.8040466308594,18.6540466308594,SMAP_L4_SM_gph_20201113T043000_Vv8010_001.h5
2020-11-13,2020-11-13 07:28:55+00:00,7.119,-73.122,0.2278395146131515,0.1489781588315963,0.5315546989440918,0.3475154042243957,291.260498046875,18.110498046875023,SMAP_L4_SM_gph_20201113T073000_Vv8010_001.h5
2020-11-13,2020-11-13 10:28:55+00:00,7.119,-73.122,0.2279282659292221,0.1498714983463287,0.5316501259803772,0.3495814800262451,290.89483642578125,17.744836425781273,SMAP_L4_SM_gph_20201113T103000_Vv8010_001.h5
2020-11-13,2020-11-13 13:28:55+00:00,7.119,-73.122,0.2240977734327316,0.150281548500061,0.5226037502288818,0.3505499064922333,291.10675048828125,17.956750488281273,SMAP_L4_SM_gph_20201113T133000_Vv8010_001.h5
2020-11-13,2020-11-13 16:28:55+00:00,7.119,-73.122,0.2164876013994217,0.1498783528804779,0.5049882531166077,0.3495137989521026,292.640380859375,19.490380859375023,SMAP_L4_SM_gph_20201113T163000_Vv8010_001.h5
2020-11-13,2020-11-13 19:28:55+00:00,7.119,-73.122,0.2230946123600006,0.1501164138317108,0.5204223990440369,0.3501084148883819,293.89410400390625,20.74410400390628,SMAP_L4_SM_gph_20201113T193000_Vv8010_001.h5
2020-11-13,2020-11-13 22:28:55+00:00,7.119,-73.122,0.2188403159379959,0.1500309258699417,0.510621190071106,0.3500447869300842,293.6321716308594,20.4821716308594,SMAP_L4_SM_gph_20201113T223000_Vv8010_001.h5
2020-11-14,2020-11-14 01:28:55+00:00,7.119,-73.122,0.2135512977838516,0.1496372520923614,0.4980705976486206,0.3490335047245025,292.42120361328125,19.27120361328128,SMAP_L4_SM_gph_20201114T013000_Vv8010_001.h5
2020-11-14,2020-11-14 04:28:55+00:00,7.119,-73.122,0.2151432335376739,0.1494285315275192,0.5018997192382812,0.3485152423381805,291.8334350585937,18.683435058593773,SMAP_L4_SM_gph_20201114T043000_Vv8010_001.h5
2020-11-14,2020-11-14 07:28:55+00:00,7.119,-73.122,0.2121298462152481,0.1490576118230819,0.4947861135005951,0.3476853370666504,291.4428100585937,18.292810058593773,SMAP_L4_SM_gph_20201114T073000_Vv8010_001.h5
2020-11-14,2020-11-14 10:28:55+00:00,7.119,-73.122,0.2101786583662033,0.1486284136772155,0.4901587069034576,0.3467406630516052,291.0166931152344,17.866693115234398,SMAP_L4_SM_gph_20201114T103000_Vv8010_001.h5
2020-11-14,2020-11-14 13:28:55+00:00,7.119,-73.122,0.2059724777936935,0.14805668592453,0.4804353713989258,0.3453764617443084,291.3840637207031,18.234063720703148,SMAP_L4_SM_gph_20201114T133000_Vv8010_001.h5
2020-11-14,2020-11-14 16:28:55+00:00,7.119,-73.122,0.2045367211103439,0.1474157869815826,0.4770851135253906,0.3439170718193054,292.9515686035156,19.801568603515648,SMAP_L4_SM_gph_20201114T163000_Vv8010_001.h5
2020-11-14,2020-11-14 19:28:55+00:00,7.119,-73.122,0.2106198817491531,0.147264689207077,0.4913254082202911,0.3434385061264038,294.1692810058594,21.0192810058594,SMAP_L4_SM_gph_20201114T193000_Vv8010_001.h5
2020-11-14,2020-11-14 22:28:55+00:00,7.119,-73.122,0.2101213186979293,0.1470089256763458,0.4902155101299286,0.3430420160293579,293.9043273925781,20.754327392578148,SMAP_L4_SM_gph_20201114T223000_Vv8010_001.h5
2020-11-15,2020-11-15 01:28:55+00:00,7.119,-73.122,0.2086464762687683,0.1467608213424682,0.4867505729198456,0.3422992527484894,292.8438415527344,19.6938415527344,SMAP_L4_SM_gph_20201115T013000_Vv8010_001.h5
2020-11-15,2020-11-15 04:28:55+00:00,7.119,-73.122,0.2087219804525375,0.1465519815683365,0.4868899285793304,0.3417807221412658,292.1859436035156,19.035943603515648,SMAP_L4_SM_gph_20201115T043000_Vv8010_001.h5
2020-11-15,2020-11-15 07:28:55+00:00,7.119,-73.122,0.210415706038475,0.1464587301015854,0.4908178746700287,0.3416116237640381,291.59210205078125,18.44210205078128,SMAP_L4_SM_gph_20201115T073000_Vv8010_001.h5
2020-11-15,2020-11-15 10:28:55+00:00,7.119,-73.122,0.2100611627101898,0.1463209986686706,0.4899194836616516,0.3413635790348053,291.1590576171875,18.009057617187523,SMAP_L4_SM_gph_20201115T103000_Vv8010_001.h5
2020-11-15,2020-11-15 13:28:55+00:00,7.119,-73.122,0.2052224278450012,0.1459778398275375,0.4786982834339142,0.3404470980167389,291.6644287109375,18.514428710937523,SMAP_L4_SM_gph_20201115T133000_Vv8010_001.h5
2020-11-15,2020-11-15 16:28:55+00:00,7.119,-73.122,0.203231856226921,0.1452820152044296,0.4739811718463897,0.3388818502426147,293.654541015625,20.504541015625023,SMAP_L4_SM_gph_20201115T163000_Vv8010_001.h5
2020-11-15,2020-11-15 19:28:55+00:00,7.119,-73.122,0.2077089548110962,0.1451317220926284,0.4844168126583099,0.3385275304317474,294.53717041015625,21.38717041015628,SMAP_L4_SM_gph_20201115T193000_Vv8010_001.h5
2020-11-15,2020-11-15 22:28:55+00:00,7.119,-73.122,0.2107936739921569,0.1451727747917175,0.4917564392089844,0.3385976552963257,294.0516052246094,20.9016052246094,SMAP_L4_SM_gph_20201115T223000_Vv8010_001.h5
2020-11-16,2020-11-16 01:28:55+00:00,7.119,-73.122,0.2252142131328582,0.1462486684322357,0.5254945755004883,0.3412608206272125,292.951416015625,19.801416015625023,SMAP_L4_SM_gph_20201116T013000_Vv8010_001.h5
2020-11-16,2020-11-16 04:28:55+00:00,7.119,-73.122,0.2267650365829467,0.1476489603519439,0.5289790630340576,0.3444621860980987,292.3231811523437,19.173181152343773,SMAP_L4_SM_gph_20201116T043000_Vv8010_001.h5
2020-11-16,2020-11-16 07:28:55+00:00,7.119,-73.122,0.2251025587320327,0.1481982469558715,0.5252174139022827,0.345597505569458,291.7924499511719,18.642449951171898,SMAP_L4_SM_gph_20201116T073000_Vv8010_001.h5
2020-11-16,2020-11-16 10:28:55+00:00,7.119,-73.122,0.219691202044487,0.1485375165939331,0.5126100182533264,0.3464187383651733,291.37628173828125,18.22628173828128,SMAP_L4_SM_gph_20201116T103000_Vv8010_001.h5
2020-11-16,2020-11-16 13:28:55+00:00,7.119,-73.122,0.2132309228181839,0.1481771767139434,0.4974819719791412,0.3457013964653015,291.58868408203125,18.43868408203128,SMAP_L4_SM_gph_20201116T133000_Vv8010_001.h5
2020-11-16,2020-11-16 16:28:55+00:00,7.119,-73.122,0.2166277170181274,0.1480450928211212,0.5053829550743103,0.3452723920345306,293.17938232421875,20.029382324218773,SMAP_L4_SM_gph_20201116T163000_Vv8010_001.h5
2020-11-16,2020-11-16 19:28:55+00:00,7.119,-73.122,0.2431294023990631,0.1505793631076812,0.5671823024749756,0.3512631356716156,293.713134765625,20.563134765625023,SMAP_L4_SM_gph_20201116T193000_Vv8010_001.h5
2020-11-16,2020-11-16 22:28:55+00:00,7.119,-73.122,0.246986448764801,0.153740257024765,0.5762182474136353,0.3586758077144623,293.09381103515625,19.94381103515628,SMAP_L4_SM_gph_20201116T223000_Vv8010_001.h5
2020-11-17,2020-11-17 01:28:55+00:00,7.119,-73.122,0.2467500120401382,0.1562742292881012,0.5756933093070984,0.3646172285079956,292.34429931640625,19.19429931640628,SMAP_L4_SM_gph_20201117T013000_Vv8010_001.h5
2020-11-17,2020-11-17 04:28:55+00:00,7.119,-73.122,0.235641062259674,0.1575467735528946,0.5495620369911194,0.3675596714019775,291.7377624511719,18.587762451171898,SMAP_L4_SM_gph_20201117T043000_Vv8010_001.h5
2020-11-17,2020-11-17 07:28:55+00:00,7.119,-73.122,0.2200901955366134,0.1568877100944519,0.5132464170455933,0.3659195601940155,291.2400817871094,18.0900817871094,SMAP_L4_SM_gph_20201117T073000_Vv8010_001.h5
2020-11-17,2020-11-17 10:28:55+00:00,7.119,-73.122,0.2182136476039886,0.1562679409980774,0.5091784000396729,0.3644671440124511,290.7742614746094,17.624261474609398,SMAP_L4_SM_gph_20201117T103000_Vv8010_001.h5
2020-11-17,2020-11-17 13:28:55+00:00,7.119,-73.122,0.2184089869260788,0.156396746635437,0.5094067454338074,0.3648509383201599,290.8846740722656,17.734674072265648,SMAP_L4_SM_gph_20201117T133000_Vv8010_001.h5
2020-11-17,2020-11-17 16:28:55+00:00,7.119,-73.122,0.222506582736969,0.1561286300420761,0.5188606977462769,0.3641411960124969,291.9829406738281,18.832940673828148,SMAP_L4_SM_gph_20201117T163000_Vv8010_001.h5
2020-11-17,2020-11-17 19:28:55+00:00,7.119,-73.122,0.2255675494670868,0.1562269628047943,0.5261362195014954,0.3644088506698608,292.5608215332031,19.410821533203148,SMAP_L4_SM_gph_20201117T193000_Vv8010_001.h5
2020-11-17,2020-11-17 22:28:55+00:00,7.119,-73.122,0.2231053560972213,0.1559507250785827,0.5204401016235352,0.3637150526046753,292.23590087890625,19.08590087890628,SMAP_L4_SM_gph_20201117T223000_Vv8010_001.h5
2020-11-18,2020-11-18 01:28:55+00:00,7.119,-73.122,0.2312153130769729,0.156544804573059,0.5392714142799377,0.3651376068592071,291.5763244628906,18.426324462890648,SMAP_L4_SM_gph_20201118T013000_Vv8010_001.h5
2020-11-18,2020-11-18 04:28:55+00:00,7.119,-73.122,0.2217604666948318,0.1562032252550125,0.517326295375824,0.3643471300601959,291.0292358398437,17.879235839843773,SMAP_L4_SM_gph_20201118T043000_Vv8010_001.h5
2020-11-18,2020-11-18 07:28:55+00:00,7.119,-73.122,0.2153942734003067,0.1553432345390319,0.5023298263549805,0.3622943162918091,290.54595947265625,17.395959472656273,SMAP_L4_SM_gph_20201118T073000_Vv8010_001.h5
2020-11-18,2020-11-18 10:28:55+00:00,7.119,-73.122,0.2120618671178817,0.1544276773929596,0.494684100151062,0.3602558374404907,290.0869445800781,16.936944580078148,SMAP_L4_SM_gph_20201118T103000_Vv8010_001.h5
2020-11-18,2020-11-18 13:28:55+00:00,7.119,-73.122,0.2090187221765518,0.1534766107797622,0.4874805510044098,0.3580029010772705,290.4642944335937,17.314294433593773,SMAP_L4_SM_gph_20201118T133000_Vv8010_001.h5
2020-11-18,2020-11-18 16:28:55+00:00,7.119,-73.122,0.2084313184022903,0.1526076793670654,0.4862352013587951,0.3559754490852356,292.0780639648437,18.928063964843773,SMAP_L4_SM_gph_20201118T163000_Vv8010_001.h5
2020-11-18,2020-11-18 19:28:55+00:00,7.119,-73.122,0.2318262457847595,0.1537038385868072,0.5407626628875732,0.3584591746330261,292.9543762207031,19.804376220703148,SMAP_L4_SM_gph_20201118T193000_Vv8010_001.h5
2020-11-18,2020-11-18 22:28:55+00:00,7.119,-73.122,0.2396174222230911,0.1552784144878387,0.5590718984603882,0.3622112274169922,292.56304931640625,19.41304931640628,SMAP_L4_SM_gph_20201118T223000_Vv8010_001.h5
2020-11-19,2020-11-19 01:28:55+00:00,7.119,-73.122,0.2468644678592682,0.1578211188316345,0.5757980942726135,0.368053138256073,291.81085205078125,18.66085205078128,SMAP_L4_SM_gph_20201119T013000_Vv8010_001.h5
2020-11-19,2020-11-19 04:28:55+00:00,7.119,-73.122,0.2391732633113861,0.159268632531166,0.5579856634140015,0.3714626431465149,291.2438049316406,18.093804931640648,SMAP_L4_SM_gph_20201119T043000_Vv8010_001.h5
2020-11-19,2020-11-19 07:28:55+00:00,7.119,-73.122,0.2260284274816513,0.1589594185352325,0.5272472500801086,0.3708785772323608,290.8565673828125,17.706567382812523,SMAP_L4_SM_gph_20201119T073000_Vv8010_001.h5
2020-11-19,2020-11-19 10:28:55+00:00,7.119,-73.122,0.2182801067829132,0.1581746041774749,0.5090713500976562,0.3688626885414123,290.6183166503906,17.468316650390648,SMAP_L4_SM_gph_20201119T103000_Vv8010_001.h5
2020-11-19,2020-11-19 13:28:55+00:00,7.119,-73.122,0.2126656919717788,0.1570994555950164,0.496149480342865,0.3664824664592743,290.83544921875,17.685449218750023,SMAP_L4_SM_gph_20201119T133000_Vv8010_001.h5
2020-11-19,2020-11-19 16:28:55+00:00,7.119,-73.122,0.2092468291521072,0.1559738963842392,0.4881190359592438,0.3638120889663696,292.2369384765625,19.086938476562523,SMAP_L4_SM_gph_20201119T163000_Vv8010_001.h5
2020-11-19,2020-11-19 19:28:55+00:00,7.119,-73.122,0.2067440450191497,0.1548290848731994,0.4821559488773346,0.3612138330936432,293.318115234375,20.168115234375023,SMAP_L4_SM_gph_20201119T193000_Vv8010_001.h5
2020-11-19,2020-11-19 22:28:55+00:00,7.119,-73.122,0.2063103020191192,0.1539578288793563,0.4811739027500152,0.3592170774936676,293.2161865234375,20.066186523437523,SMAP_L4_SM_gph_20201119T223000_Vv8010_001.h5
2020-11-20,2020-11-20 01:28:55+00:00,7.119,-73.122,0.2086245566606521,0.1540188640356063,0.4866814613342285,0.3592171967029571,292.4412841796875,19.291284179687523,SMAP_L4_SM_gph_20201120T013000_Vv8010_001.h5
2020-11-20,2020-11-20 04:28:55+00:00,7.119,-73.122,0.2059830129146576,0.1531888395547866,0.4804008603096008,0.3573275804519653,291.82586669921875,18.675866699218773,SMAP_L4_SM_gph_20201120T043000_Vv8010_001.h5
2020-11-20,2020-11-20 07:28:55+00:00,7.119,-73.122,0.2035416960716247,0.1523601710796356,0.4748513400554657,0.3553194999694824,291.2768859863281,18.126885986328148,SMAP_L4_SM_gph_20201120T073000_Vv8010_001.h5
2020-11-20,2020-11-20 10:28:55+00:00,7.119,-73.122,0.2013670802116394,0.1515460461378097,0.4696923196315765,0.3534713983535766,290.6086120605469,17.458612060546898,SMAP_L4_SM_gph_20201120T103000_Vv8010_001.h5
2020-11-20,2020-11-20 13:28:55+00:00,7.119,-73.122,0.2001895457506179,0.1510260850191116,0.4669385850429535,0.3523270487785339,290.8919982910156,17.741998291015648,SMAP_L4_SM_gph_20201120T133000_Vv8010_001.h5
2020-11-20,2020-11-20 16:28:55+00:00,7.119,-73.122,0.1969277560710907,0.1501607298851013,0.4593870937824249,0.3501868546009063,292.77862548828125,19.62862548828128,SMAP_L4_SM_gph_20201120T163000_Vv8010_001.h5
2020-11-20,2020-11-20 19:28:55+00:00,7.119,-73.122,0.1947066187858581,0.1493527144193649,0.4541979432106018,0.3484035134315491,293.775634765625,20.625634765625023,SMAP_L4_SM_gph_20201120T193000_Vv8010_001.h5
2020-11-20,2020-11-20 22:28:55+00:00,7.119,-73.122,0.1943358033895492,0.1487925499677658,0.4533293843269348,0.3471546769142151,293.4691162109375,20.319116210937523,SMAP_L4_SM_gph_20201120T223000_Vv8010_001.h5
2020-11-21,2020-11-21 01:28:55+00:00,7.119,-73.122,0.1961473077535629,0.1484530121088028,0.4574196338653564,0.3462474346160888,292.5939636230469,19.443963623046898,SMAP_L4_SM_gph_20201121T013000_Vv8010_001.h5
2020-11-21,2020-11-21 04:28:55+00:00,7.119,-73.122,0.1980302333831787,0.1481335908174514,0.4620326459407806,0.3455144762992859,291.92926025390625,18.77926025390628,SMAP_L4_SM_gph_20201121T043000_Vv8010_001.h5
2020-11-21,2020-11-21 07:28:55+00:00,7.119,-73.122,0.1979766488075256,0.1477045863866806,0.4618346095085144,0.344447910785675,291.276123046875,18.126123046875023,SMAP_L4_SM_gph_20201121T073000_Vv8010_001.h5
2020-11-21,2020-11-21 10:28:55+00:00,7.119,-73.122,0.1981593519449234,0.1472901850938797,0.4621531367301941,0.3435048758983612,290.7250366210937,17.575036621093773,SMAP_L4_SM_gph_20201121T103000_Vv8010_001.h5
2020-11-21,2020-11-21 13:28:55+00:00,7.119,-73.122,0.1968118995428085,0.1468084305524826,0.4590857028961181,0.3424232602119446,291.2138977050781,18.063897705078148,SMAP_L4_SM_gph_20201121T133000_Vv8010_001.h5
2020-11-21,2020-11-21 16:28:55+00:00,7.119,-73.122,0.1967339366674423,0.146259918808937,0.4589345157146454,0.3411679267883301,292.9342346191406,19.784234619140648,SMAP_L4_SM_gph_20201121T163000_Vv8010_001.h5
2020-11-21,2020-11-21 19:28:55+00:00,7.119,-73.122,0.1977546215057373,0.1458120495080948,0.461284726858139,0.3401010632514953,293.6573791503906,20.507379150390648,SMAP_L4_SM_gph_20201121T193000_Vv8010_001.h5
2020-11-21,2020-11-21 22:28:55+00:00,7.119,-73.122,0.1975945234298706,0.1454282999038696,0.4609706997871399,0.3393230736255646,293.38037109375,20.230371093750023,SMAP_L4_SM_gph_20201121T223000_Vv8010_001.h5
2020-11-22,2020-11-22 01:28:55+00:00,7.119,-73.122,0.197518303990364,0.1451764851808548,0.4606446027755737,0.3386072814464569,292.648681640625,19.498681640625023,SMAP_L4_SM_gph_20201122T013000_Vv8010_001.h5
2020-11-22,2020-11-22 04:28:55+00:00,7.119,-73.122,0.1959463953971862,0.14485864341259,0.4570093154907226,0.3378785848617553,292.23663330078125,19.08663330078128,SMAP_L4_SM_gph_20201122T043000_Vv8010_001.h5
2020-11-22,2020-11-22 07:28:55+00:00,7.119,-73.122,0.1952365189790725,0.1445395946502685,0.4555030763149261,0.3371467590332031,291.94805908203125,18.79805908203128,SMAP_L4_SM_gph_20201122T073000_Vv8010_001.h5
2020-11-22,2020-11-22 10:28:55+00:00,7.119,-73.122,0.1946091055870056,0.1442962288856506,0.4540749192237854,0.3365752696990967,291.65771484375,18.507714843750023,SMAP_L4_SM_gph_20201122T103000_Vv8010_001.h5
2020-11-22,2020-11-22 13:28:55+00:00,7.119,-73.122,0.1926733702421188,0.1439355760812759,0.4494625926017761,0.3357352912425995,291.77752685546875,18.627526855468773,SMAP_L4_SM_gph_20201122T133000_Vv8010_001.h5
2020-11-22,2020-11-22 16:28:55+00:00,7.119,-73.122,0.1898108422756195,0.1434851139783859,0.4426711797714233,0.3346982896327972,293.04559326171875,19.895593261718773,SMAP_L4_SM_gph_20201122T163000_Vv8010_001.h5
2020-11-22,2020-11-22 19:28:55+00:00,7.119,-73.122,0.1874603629112243,0.1429565697908401,0.4372591078281402,0.3334948122501373,294.1298828125,20.979882812500023,SMAP_L4_SM_gph_20201122T193000_Vv8010_001.h5
2020-11-22,2020-11-22 22:28:55+00:00,7.119,-73.122,0.1863116472959518,0.1425415128469467,0.4345853626728058,0.3325133025646209,293.9575500488281,20.807550048828148,SMAP_L4_SM_gph_20201122T223000_Vv8010_001.h5
2020-11-23,2020-11-23 01:28:55+00:00,7.119,-73.122,0.1903752237558365,0.1426280736923217,0.4440775215625763,0.3327017426490783,293.04718017578125,19.89718017578128,SMAP_L4_SM_gph_20201123T013000_Vv8010_001.h5
2020-11-23,2020-11-23 04:28:55+00:00,7.119,-73.122,0.1923940777778625,0.142606034874916,0.4487609565258026,0.3326810896396637,292.3920288085937,19.242028808593773,SMAP_L4_SM_gph_20201123T043000_Vv8010_001.h5
2020-11-23,2020-11-23 07:28:55+00:00,7.119,-73.122,0.1918384581804275,0.1424602270126342,0.4474678337574005,0.3322899937629699,291.8236083984375,18.673608398437523,SMAP_L4_SM_gph_20201123T073000_Vv8010_001.h5
2020-11-23,2020-11-23 10:28:55+00:00,7.119,-73.122,0.1913084983825683,0.142257273197174,0.4463046491146087,0.3319089412689209,291.2607727050781,18.110772705078148,SMAP_L4_SM_gph_20201123T103000_Vv8010_001.h5
2020-11-23,2020-11-23 13:28:55+00:00,7.119,-73.122,0.193843275308609,0.1425089091062545,0.4522809386253357,0.3325019180774688,291.42987060546875,18.279870605468773,SMAP_L4_SM_gph_20201123T133000_Vv8010_001.h5
2020-11-23,2020-11-23 16:28:55+00:00,7.119,-73.122,0.1905819028615951,0.1420527994632721,0.4445927441120147,0.3313281536102295,293.3319702148437,20.181970214843773,SMAP_L4_SM_gph_20201123T163000_Vv8010_001.h5
2020-11-23,2020-11-23 19:28:55+00:00,7.119,-73.122,0.1887050122022628,0.1415568739175796,0.4401214122772217,0.3301729261875152,294.35888671875,21.208886718750023,SMAP_L4_SM_gph_20201123T193000_Vv8010_001.h5
2020-11-23,2020-11-23 22:28:55+00:00,7.119,-73.122,0.186999961733818,0.1412344276905059,0.4362285733222961,0.3293955326080322,294.11846923828125,20.96846923828128,SMAP_L4_SM_gph_20201123T223000_Vv8010_001.h5
2020-11-24,2020-11-24 01:28:55+00:00,7.119,-73.122,0.1866886764764785,0.1410368531942367,0.4355064630508423,0.3289063274860382,293.2201538085937,20.070153808593773,SMAP_L4_SM_gph_20201124T013000_Vv8010_001.h5
2020-11-24,2020-11-24 04:28:55+00:00,7.119,-73.122,0.1882903128862381,0.1409565806388855,0.4392224252223968,0.3287709057331085,292.55096435546875,19.400964355468773,SMAP_L4_SM_gph_20201124T043000_Vv8010_001.h5
2020-11-24,2020-11-24 07:28:55+00:00,7.119,-73.122,0.1900417506694793,0.1409515589475631,0.4432689845561981,0.3287946581840515,292.0317687988281,18.881768798828148,SMAP_L4_SM_gph_20201124T073000_Vv8010_001.h5
2020-11-24,2020-11-24 10:28:55+00:00,7.119,-73.122,0.19109508395195,0.1409495323896408,0.4456983208656311,0.3287042677402496,291.6225280761719,18.472528076171898,SMAP_L4_SM_gph_20201124T103000_Vv8010_001.h5
2020-11-24,2020-11-24 13:28:55+00:00,7.119,-73.122,0.1912655383348465,0.1409251987934112,0.4462752342224121,0.3286408483982086,291.7237854003906,18.573785400390648,SMAP_L4_SM_gph_20201124T133000_Vv8010_001.h5
2020-11-24,2020-11-24 16:28:55+00:00,7.119,-73.122,0.1871319711208343,0.1405362784862518,0.4365001320838928,0.3277272582054138,292.9926147460937,19.842614746093773,SMAP_L4_SM_gph_20201124T163000_Vv8010_001.h5
2020-11-24,2020-11-24 19:28:55+00:00,7.119,-73.122,0.1831343919038772,0.1399460583925247,0.4272482991218567,0.3264001011848449,294.3396911621094,21.1896911621094,SMAP_L4_SM_gph_20201124T193000_Vv8010_001.h5
2020-11-24,2020-11-24 22:28:55+00:00,7.119,-73.122,0.1816130429506302,0.1396228671073913,0.4236093759536743,0.3257427811622619,294.1531066894531,21.003106689453148,SMAP_L4_SM_gph_20201124T223000_Vv8010_001.h5
2020-11-25,2020-11-25 01:28:55+00:00,7.119,-73.122,0.1811343133449554,0.1395347416400909,0.4225957691669464,0.3254649043083191,293.1155090332031,19.965509033203148,SMAP_L4_SM_gph_20201125T013000_Vv8010_001.h5
2020-11-25,2020-11-25 04:28:55+00:00,7.119,-73.122,0.1800474226474762,0.1393617093563079,0.4199243187904358,0.325039803981781,292.3383178710937,19.188317871093773,SMAP_L4_SM_gph_20201125T043000_Vv8010_001.h5
2020-11-25,2020-11-25 07:28:55+00:00,7.119,-73.122,0.1790637820959091,0.1391189247369766,0.4176537990570068,0.3245921432971954,291.5802001953125,18.430200195312523,SMAP_L4_SM_gph_20201125T073000_Vv8010_001.h5
2020-11-25,2020-11-25 10:28:55+00:00,7.119,-73.122,0.1785930097103119,0.1389702409505844,0.4165542721748352,0.3241565525531769,290.75408935546875,17.604089355468773,SMAP_L4_SM_gph_20201125T103000_Vv8010_001.h5
2020-11-25,2020-11-25 13:28:55+00:00,7.119,-73.122,0.1792604476213455,0.1389086842536926,0.4180804789066314,0.3241181671619415,291.32977294921875,18.179772949218773,SMAP_L4_SM_gph_20201125T133000_Vv8010_001.h5
2020-11-25,2020-11-25 16:28:55+00:00,7.119,-73.122,0.1763475090265274,0.1383636146783828,0.4113373160362243,0.3227863907814026,293.3980712890625,20.248071289062523,SMAP_L4_SM_gph_20201125T163000_Vv8010_001.h5
2020-11-25,2020-11-25 19:28:55+00:00,7.119,-73.122,0.1739099025726318,0.1378953158855438,0.4057811498641968,0.3215808868408203,294.41461181640625,21.26461181640628,SMAP_L4_SM_gph_20201125T193000_Vv8010_001.h5
2020-11-25,2020-11-25 22:28:55+00:00,7.119,-73.122,0.1731933951377868,0.1376655101776123,0.4039833545684814,0.3210930824279785,294.00933837890625,20.85933837890628,SMAP_L4_SM_gph_20201125T223000_Vv8010_001.h5
2020-11-26,2020-11-26 01:28:55+00:00,7.119,-73.122,0.178674891591072,0.1381377428770065,0.416697233915329,0.3223088383674621,293.04132080078125,19.89132080078128,SMAP_L4_SM_gph_20201126T013000_Vv8010_001.h5
2020-11-26,2020-11-26 04:28:55+00:00,7.119,-73.122,0.1781255006790161,0.1380323469638824,0.4154596030712127,0.3219860792160034,292.38629150390625,19.23629150390628,SMAP_L4_SM_gph_20201126T043000_Vv8010_001.h5
2020-11-26,2020-11-26 07:28:55+00:00,7.119,-73.122,0.1779100000858307,0.1378808766603469,0.414974570274353,0.3215802311897278,291.81414794921875,18.664147949218773,SMAP_L4_SM_gph_20201126T073000_Vv8010_001.h5
2020-11-26,2020-11-26 10:28:55+00:00,7.119,-73.122,0.1774348318576812,0.1377298235893249,0.4139175713062286,0.3211753368377685,291.0467529296875,17.896752929687523,SMAP_L4_SM_gph_20201126T103000_Vv8010_001.h5
2020-11-26,2020-11-26 13:28:55+00:00,7.119,-73.122,0.1762454211711883,0.1374755352735519,0.4111802577972412,0.3206237256526947,291.5473327636719,18.397332763671898,SMAP_L4_SM_gph_20201126T133000_Vv8010_001.h5
2020-11-26,2020-11-26 16:28:55+00:00,7.119,-73.122,0.1737834364175796,0.1369691789150238,0.4054102301597595,0.3194780349731445,293.50555419921875,20.355554199218773,SMAP_L4_SM_gph_20201126T163000_Vv8010_001.h5
2020-11-26,2020-11-26 19:28:55+00:00,7.119,-73.122,0.1725148558616638,0.1366070508956909,0.4024181962013244,0.3185974061489105,293.846923828125,20.696923828125023,SMAP_L4_SM_gph_20201126T193000_Vv8010_001.h5
2020-11-26,2020-11-26 22:28:55+00:00,7.119,-73.122,0.1724660545587539,0.1364536583423614,0.402224987745285,0.3182716965675354,293.231201171875,20.081201171875023,SMAP_L4_SM_gph_20201126T223000_Vv8010_001.h5
2020-11-27,2020-11-27 01:28:55+00:00,7.119,-73.122,0.1765129715204239,0.1366062313318252,0.4117318093776703,0.318717211484909,292.47198486328125,19.32198486328128,SMAP_L4_SM_gph_20201127T013000_Vv8010_001.h5
2020-11-27,2020-11-27 04:28:55+00:00,7.119,-73.122,0.1806027591228485,0.1368308067321777,0.4213299751281738,0.319191426038742,291.9980163574219,18.848016357421898,SMAP_L4_SM_gph_20201127T043000_Vv8010_001.h5
2020-11-27,2020-11-27 07:28:55+00:00,7.119,-73.122,0.1848361939191818,0.1371158212423324,0.4311757087707519,0.3197862505912781,291.6290283203125,18.479028320312523,SMAP_L4_SM_gph_20201127T073000_Vv8010_001.h5
2020-11-27,2020-11-27 10:28:55+00:00,7.119,-73.122,0.1833637952804565,0.1371310204267501,0.4276642799377441,0.3198258280754089,291.2422180175781,18.092218017578148,SMAP_L4_SM_gph_20201127T103000_Vv8010_001.h5
2020-11-27,2020-11-27 13:28:55+00:00,7.119,-73.122,0.1830259710550308,0.1371101886034011,0.426876962184906,0.3198936581611633,291.34259033203125,18.19259033203128,SMAP_L4_SM_gph_20201127T133000_Vv8010_001.h5
2020-11-27,2020-11-27 16:28:55+00:00,7.119,-73.122,0.1826020032167434,0.1368730813264846,0.4259222149848938,0.319301575422287,292.7509765625,19.600976562500023,SMAP_L4_SM_gph_20201127T163000_Vv8010_001.h5
2020-11-27,2020-11-27 19:28:55+00:00,7.119,-73.122,0.1960987150669098,0.1374081075191497,0.4574247896671295,0.3205336034297943,293.53192138671875,20.381921386718773,SMAP_L4_SM_gph_20201127T193000_Vv8010_001.h5
2020-11-27,2020-11-27 22:28:55+00:00,7.119,-73.122,0.199272021651268,0.1379208862781524,0.4648049175739288,0.3217816054821014,292.9021301269531,19.752130126953148,SMAP_L4_SM_gph_20201127T223000_Vv8010_001.h5
2020-11-28,2020-11-28 01:28:55+00:00,7.119,-73.122,0.1976214200258255,0.1381997168064117,0.4609721899032593,0.3223598599433899,292.17437744140625,19.02437744140628,SMAP_L4_SM_gph_20201128T013000_Vv8010_001.h5
2020-11-28,2020-11-28 04:28:55+00:00,7.119,-73.122,0.1961933970451355,0.1381611824035644,0.4576791822910309,0.3222962021827698,291.5395202636719,18.389520263671898,SMAP_L4_SM_gph_20201128T043000_Vv8010_001.h5
2020-11-28,2020-11-28 07:28:55+00:00,7.119,-73.122,0.1947516798973083,0.1381265521049499,0.4542768895626068,0.3222428560256958,291.0677490234375,17.917749023437523,SMAP_L4_SM_gph_20201128T073000_Vv8010_001.h5
2020-11-28,2020-11-28 10:28:55+00:00,7.119,-73.122,0.192601278424263,0.1379694491624832,0.4492186903953552,0.3218223452568054,290.46875,17.318750000000023,SMAP_L4_SM_gph_20201128T103000_Vv8010_001.h5
2020-11-28,2020-11-28 13:28:55+00:00,7.119,-73.122,0.1904160529375076,0.1377296894788742,0.444197803735733,0.3213454782962799,290.8895263671875,17.739526367187523,SMAP_L4_SM_gph_20201128T133000_Vv8010_001.h5
2020-11-28,2020-11-28 16:28:55+00:00,7.119,-73.122,0.189356118440628,0.1373621523380279,0.4416560232639313,0.3204507529735565,292.7103881835937,19.560388183593773,SMAP_L4_SM_gph_20201128T163000_Vv8010_001.h5
2020-11-28,2020-11-28 19:28:55+00:00,7.119,-73.122,0.1932001262903213,0.1374019980430603,0.4507443904876709,0.3206031620502472,293.462890625,20.312890625000023,SMAP_L4_SM_gph_20201128T193000_Vv8010_001.h5
2020-11-28,2020-11-28 22:28:55+00:00,7.119,-73.122,0.1975461542606353,0.1377740800380706,0.4608426392078399,0.3213508725166321,293.1326904296875,19.982690429687523,SMAP_L4_SM_gph_20201128T223000_Vv8010_001.h5
2020-11-29,2020-11-29 01:28:55+00:00,7.119,-73.122,0.2690743207931518,0.1450785845518112,0.6277559399604797,0.3384260237216949,292.4426574707031,19.292657470703148,SMAP_L4_SM_gph_20201129T013000_Vv8010_001.h5
2020-11-29,2020-11-29 04:28:55+00:00,7.119,-73.122,0.2472268491983413,0.1514571011066436,0.5766972303390503,0.353276789188385,292.0040283203125,18.854028320312523,SMAP_L4_SM_gph_20201129T043000_Vv8010_001.h5
2020-11-29,2020-11-29 07:28:55+00:00,7.119,-73.122,0.2272150516510009,0.1519167721271515,0.5300746560096741,0.3543377220630646,291.6462707519531,18.496270751953148,SMAP_L4_SM_gph_20201129T073000_Vv8010_001.h5
2020-11-29,2020-11-29 10:28:55+00:00,7.119,-73.122,0.2201398611068725,0.1518725752830505,0.5135440230369568,0.3542962670326233,291.364990234375,18.214990234375023,SMAP_L4_SM_gph_20201129T103000_Vv8010_001.h5
2020-11-29,2020-11-29 13:28:55+00:00,7.119,-73.122,0.2094145119190216,0.1509022712707519,0.4884523153305053,0.3519932329654693,291.765625,18.615625000000023,SMAP_L4_SM_gph_20201129T133000_Vv8010_001.h5
2020-11-29,2020-11-29 16:28:55+00:00,7.119,-73.122,0.2045941650867462,0.1496889144182205,0.4773531258106231,0.3491678833961487,293.58599853515625,20.43599853515628,SMAP_L4_SM_gph_20201129T163000_Vv8010_001.h5
2020-11-29,2020-11-29 19:28:55+00:00,7.119,-73.122,0.210096389055252,0.1490753442049026,0.4901312887668609,0.3477799296379089,294.58746337890625,21.43746337890628,SMAP_L4_SM_gph_20201129T193000_Vv8010_001.h5
2020-11-29,2020-11-29 22:28:55+00:00,7.119,-73.122,0.2328170537948608,0.1505075395107269,0.5431204438209534,0.351112961769104,294.17364501953125,21.02364501953128,SMAP_L4_SM_gph_20201129T223000_Vv8010_001.h5
2020-11-30,2020-11-30 01:28:55+00:00,7.119,-73.122,0.2240025699138641,0.1516313254833221,0.5224358439445496,0.3537419438362121,293.23272705078125,20.08272705078128,SMAP_L4_SM_gph_20201130T013000_Vv8010_001.h5
2020-11-30,2020-11-30 04:28:55+00:00,7.119,-73.122,0.2121044993400573,0.1508321166038513,0.4947588443756103,0.3519326150417328,292.6851806640625,19.535180664062523,SMAP_L4_SM_gph_20201130T043000_Vv8010_001.h5
2020-11-30,2020-11-30 07:28:55+00:00,7.119,-73.122,0.2070275098085403,0.1500250548124313,0.4829717576503753,0.3498587608337402,292.1431884765625,18.993188476562523,SMAP_L4_SM_gph_20201130T073000_Vv8010_001.h5
2020-11-30,2020-11-30 10:28:55+00:00,7.119,-73.122,0.2030439525842666,0.1490851938724517,0.4736204743385315,0.3478791713714599,291.49041748046875,18.340417480468773,SMAP_L4_SM_gph_20201130T103000_Vv8010_001.h5
2020-11-30,2020-11-30 13:28:55+00:00,7.119,-73.122,0.1994392126798629,0.1481934785842895,0.4651556015014648,0.3457439839839935,291.9414367675781,18.791436767578148,SMAP_L4_SM_gph_20201130T133000_Vv8010_001.h5
2020-11-30,2020-11-30 16:28:55+00:00,7.119,-73.122,0.1972046047449112,0.1472252905368805,0.4600342810153961,0.3434095978736877,293.7471008300781,20.597100830078148,SMAP_L4_SM_gph_20201130T163000_Vv8010_001.h5
2020-11-30,2020-11-30 19:28:55+00:00,7.119,-73.122,0.1959504783153534,0.146483838558197,0.4571707844734192,0.341640293598175,294.37890625,21.228906250000023,SMAP_L4_SM_gph_20201130T193000_Vv8010_001.h5
2020-11-30,2020-11-30 22:28:55+00:00,7.119,-73.122,0.19306281208992,0.1456990242004394,0.4504365622997284,0.3399170339107513,294.2054443359375,21.055444335937523,SMAP_L4_SM_gph_20201130T223000_Vv8010_001.h5
2020-12-01,2020-12-01 01:28:55+00:00,7.119,-73.122,0.1922935545444488,0.145462155342102,0.4486055970191955,0.3393623530864715,293.244384765625,20.094384765625023,SMAP_L4_SM_gph_20201201T013000_Vv8010_001.h5
2020-12-01,2020-12-01 04:28:55+00:00,7.119,-73.122,0.1896095275878906,0.1448824256658554,0.4422976672649383,0.3379772305488586,292.7594299316406,19.609429931640648,SMAP_L4_SM_gph_20201201T043000_Vv8010_001.h5
2020-12-01,2020-12-01 07:28:55+00:00,7.119,-73.122,0.1882117688655853,0.1443870365619659,0.4390082657337188,0.3367748260498047,292.3305053710937,19.180505371093773,SMAP_L4_SM_gph_20201201T073000_Vv8010_001.h5
2020-12-01,2020-12-01 10:28:55+00:00,7.119,-73.122,0.186440959572792,0.1438307762145996,0.4349226355552673,0.3355729877948761,291.8809814453125,18.730981445312523,SMAP_L4_SM_gph_20201201T103000_Vv8010_001.h5
2020-12-01,2020-12-01 13:28:55+00:00,7.119,-73.122,0.1858896017074585,0.1436182707548141,0.4336234927177429,0.3350450396537781,292.1640930175781,19.014093017578148,SMAP_L4_SM_gph_20201201T133000_Vv8010_001.h5
2020-12-01,2020-12-01 16:28:55+00:00,7.119,-73.122,0.1833939105272293,0.1428690999746322,0.4277790188789367,0.3332555592060089,293.7720642089844,20.6220642089844,SMAP_L4_SM_gph_20201201T163000_Vv8010_001.h5
2020-12-01,2020-12-01 19:28:55+00:00,7.119,-73.122,0.1823445856571197,0.1422058343887329,0.425332099199295,0.3316161036491394,294.27313232421875,21.123132324218773,SMAP_L4_SM_gph_20201201T193000_Vv8010_001.h5
2020-12-01,2020-12-01 22:28:55+00:00,7.119,-73.122,0.182766780257225,0.141766145825386,0.4262371063232422,0.3306925594806671,293.65576171875,20.505761718750023,SMAP_L4_SM_gph_20201201T223000_Vv8010_001.h5
2020-12-02,2020-12-02 01:28:55+00:00,7.119,-73.122,0.1885730326175689,0.1417265087366104,0.4399854242801666,0.3306261301040649,292.79498291015625,19.64498291015628,SMAP_L4_SM_gph_20201202T013000_Vv8010_001.h5
2020-12-02,2020-12-02 04:28:55+00:00,7.119,-73.122,0.192037746310234,0.1417549550533294,0.4479826986789703,0.3305780291557312,292.2325439453125,19.082543945312523,SMAP_L4_SM_gph_20201202T043000_Vv8010_001.h5
2020-12-02,2020-12-02 07:28:55+00:00,7.119,-73.122,0.1936226338148117,0.1416668593883514,0.4517555236816406,0.3304222524166107,291.789306640625,18.639306640625023,SMAP_L4_SM_gph_20201202T073000_Vv8010_001.h5
2020-12-02,2020-12-02 10:28:55+00:00,7.119,-73.122,0.1958152949810028,0.1416264325380325,0.4566699862480163,0.3303905725479126,291.1928405761719,18.042840576171898,SMAP_L4_SM_gph_20201202T103000_Vv8010_001.h5
2020-12-02,2020-12-02 13:28:55+00:00,7.119,-73.122,0.1932069212198257,0.1413151323795318,0.450798898935318,0.3296421766281128,291.63531494140625,18.48531494140628,SMAP_L4_SM_gph_20201202T133000_Vv8010_001.h5
2020-12-02,2020-12-02 16:28:55+00:00,7.119,-73.122,0.1933275461196899,0.1408596336841583,0.4509559571743011,0.3285553455352783,293.30615234375,20.156152343750023,SMAP_L4_SM_gph_20201202T163000_Vv8010_001.h5
2020-12-02,2020-12-02 19:28:55+00:00,7.119,-73.122,0.1961290091276168,0.1407017409801483,0.4574372470378876,0.3281814455986023,293.9252319335937,20.775231933593773,SMAP_L4_SM_gph_20201202T193000_Vv8010_001.h5
2020-12-02,2020-12-02 22:28:55+00:00,7.119,-73.122,0.1990527212619781,0.1407389193773269,0.4643051028251648,0.3283635973930359,293.54541015625,20.395410156250023,SMAP_L4_SM_gph_20201202T223000_Vv8010_001.h5
2020-12-03,2020-12-03 01:28:55+00:00,7.119,-73.122,0.2060956507921219,0.1414384543895721,0.4807355403900146,0.3299015760421753,292.6004638671875,19.450463867187523,SMAP_L4_SM_gph_20201203T013000_Vv8010_001.h5
2020-12-03,2020-12-03 04:28:55+00:00,7.119,-73.122,0.2062261551618576,0.1418580114841461,0.4810651242733001,0.3310168385505676,291.89166259765625,18.74166259765628,SMAP_L4_SM_gph_20201203T043000_Vv8010_001.h5
2020-12-03,2020-12-03 07:28:55+00:00,7.119,-73.122,0.2136885970830917,0.1427132785320282,0.4984546303749084,0.3330087065696716,291.1349182128906,17.984918212890648,SMAP_L4_SM_gph_20201203T073000_Vv8010_001.h5
2020-12-03,2020-12-03 10:28:55+00:00,7.119,-73.122,0.2061544060707092,0.142714262008667,0.4808094203472137,0.3329258859157562,290.20184326171875,17.051843261718773,SMAP_L4_SM_gph_20201203T103000_Vv8010_001.h5
2020-12-03,2020-12-03 13:28:55+00:00,7.119,-73.122,0.2063158601522445,0.1427292376756668,0.4812069237232208,0.3328428268432617,290.5664367675781,17.416436767578148,SMAP_L4_SM_gph_20201203T133000_Vv8010_001.h5
2020-12-03,2020-12-03 16:28:55+00:00,7.119,-73.122,0.204105943441391,0.1423545181751251,0.476066917181015,0.3320514559745788,292.6195068359375,19.469506835937523,SMAP_L4_SM_gph_20201203T163000_Vv8010_001.h5
2020-12-03,2020-12-03 19:28:55+00:00,7.119,-73.122,0.2228315770626068,0.1434813290834427,0.5198141932487488,0.3347370028495788,293.9083251953125,20.758325195312523,SMAP_L4_SM_gph_20201203T193000_Vv8010_001.h5
2020-12-03,2020-12-03 22:28:55+00:00,7.119,-73.122,0.2248992323875427,0.1447257548570633,0.5246411561965942,0.3375697135925293,293.511474609375,20.361474609375023,SMAP_L4_SM_gph_20201203T223000_Vv8010_001.h5
2020-12-04,2020-12-04 01:28:55+00:00,7.119,-73.122,0.2163380980491638,0.1452026665210724,0.5046204328536987,0.3386752605438232,292.5751647949219,19.425164794921898,SMAP_L4_SM_gph_20201204T013000_Vv8010_001.h5
2020-12-04,2020-12-04 04:28:55+00:00,7.119,-73.122,0.2066158056259155,0.1446740627288818,0.4819883704185486,0.3373864293098449,291.9514465332031,18.801446533203148,SMAP_L4_SM_gph_20201204T043000_Vv8010_001.h5
2020-12-04,2020-12-04 07:28:55+00:00,7.119,-73.122,0.2017428129911422,0.1440956443548202,0.4705373048782348,0.3361267745494842,291.1967163085937,18.046716308593773,SMAP_L4_SM_gph_20201204T073000_Vv8010_001.h5
2020-12-04,2020-12-04 10:28:55+00:00,7.119,-73.122,0.1986152231693267,0.1435252726078033,0.4633375406265259,0.3347659111022949,290.07061767578125,16.920617675781273,SMAP_L4_SM_gph_20201204T103000_Vv8010_001.h5
2020-12-04,2020-12-04 13:28:55+00:00,7.119,-73.122,0.1962286829948425,0.1429250240325927,0.4578269422054291,0.333327442407608,290.469482421875,17.319482421875023,SMAP_L4_SM_gph_20201204T133000_Vv8010_001.h5
2020-12-04,2020-12-04 16:28:55+00:00,7.119,-73.122,0.1925936043262481,0.1420016884803772,0.4492820799350738,0.3313172459602356,292.84832763671875,19.698327636718773,SMAP_L4_SM_gph_20201204T163000_Vv8010_001.h5
2020-12-04,2020-12-04 19:28:55+00:00,7.119,-73.122,0.1892216354608535,0.1411017775535583,0.4413285851478576,0.3290872573852539,294.3544311523437,21.204431152343773,SMAP_L4_SM_gph_20201204T193000_Vv8010_001.h5
2020-12-04,2020-12-04 22:28:55+00:00,7.119,-73.122,0.1880215853452682,0.140612706542015,0.4386171996593475,0.3279865980148315,293.98980712890625,20.83980712890628,SMAP_L4_SM_gph_20201204T223000_Vv8010_001.h5
2020-12-05,2020-12-05 01:28:55+00:00,7.119,-73.122,0.187496617436409,0.1403157860040664,0.4373142421245575,0.3273123204708099,292.6601257324219,19.510125732421898,SMAP_L4_SM_gph_20201205T013000_Vv8010_001.h5
2020-12-05,2020-12-05 04:28:55+00:00,7.119,-73.122,0.1886697709560394,0.1401247829198837,0.4400728642940521,0.3269622027873993,291.97979736328125,18.82979736328128,SMAP_L4_SM_gph_20201205T043000_Vv8010_001.h5
2020-12-05,2020-12-05 07:28:55+00:00,7.119,-73.122,0.1871146857738495,0.139816552400589,0.4365579187870025,0.3261365890502929,291.4999084472656,18.349908447265648,SMAP_L4_SM_gph_20201205T073000_Vv8010_001.h5
2020-12-05,2020-12-05 10:28:55+00:00,7.119,-73.122,0.1852227598428726,0.1395098865032196,0.4320689737796783,0.3254002630710602,290.65484619140625,17.504846191406273,SMAP_L4_SM_gph_20201205T103000_Vv8010_001.h5
2020-12-05,2020-12-05 13:28:55+00:00,7.119,-73.122,0.1829477995634079,0.1390992254018783,0.4267640709877014,0.3245890140533447,291.0910949707031,17.941094970703148,SMAP_L4_SM_gph_20201205T133000_Vv8010_001.h5
2020-12-05,2020-12-05 16:28:55+00:00,7.119,-73.122,0.1799997687339782,0.1385463774204254,0.4197477996349334,0.3230781257152557,293.05377197265625,19.90377197265628,SMAP_L4_SM_gph_20201205T163000_Vv8010_001.h5
2020-12-05,2020-12-05 19:28:55+00:00,7.119,-73.122,0.1782337427139282,0.1379744410514831,0.4158167839050293,0.3217618465423584,294.08935546875,20.939355468750023,SMAP_L4_SM_gph_20201205T193000_Vv8010_001.h5
2020-12-05,2020-12-05 22:28:55+00:00,7.119,-73.122,0.1777987033128738,0.1376506388187408,0.4147452116012573,0.3211030066013336,293.84686279296875,20.696862792968773,SMAP_L4_SM_gph_20201205T223000_Vv8010_001.h5
2020-12-06,2020-12-06 01:28:55+00:00,7.119,-73.122,0.176919400691986,0.137354701757431,0.4126934707164764,0.3203945755958557,292.8228759765625,19.672875976562523,SMAP_L4_SM_gph_20201206T013000_Vv8010_001.h5
2020-12-06,2020-12-06 04:28:55+00:00,7.119,-73.122,0.1771973520517349,0.1371636688709259,0.4133235216140747,0.3199224174022674,292.0341186523437,18.884118652343773,SMAP_L4_SM_gph_20201206T043000_Vv8010_001.h5
2020-12-06,2020-12-06 07:28:55+00:00,7.119,-73.122,0.1764997690916061,0.1369866877794265,0.4117465913295746,0.3196088969707489,291.4879150390625,18.337915039062523,SMAP_L4_SM_gph_20201206T073000_Vv8010_001.h5
2020-12-06,2020-12-06 10:28:55+00:00,7.119,-73.122,0.1754141747951507,0.1368007063865661,0.4091025590896606,0.3191500008106231,290.7950134277344,17.645013427734398,SMAP_L4_SM_gph_20201206T103000_Vv8010_001.h5
2020-12-06,2020-12-06 13:28:55+00:00,7.119,-73.122,0.1749531328678131,0.136572927236557,0.4081443548202514,0.3185822367668152,291.1952514648437,18.045251464843773,SMAP_L4_SM_gph_20201206T133000_Vv8010_001.h5
2020-12-06,2020-12-06 16:28:55+00:00,7.119,-73.122,0.1718492060899734,0.1359686404466629,0.4008757472038269,0.3172184526920318,293.2533874511719,20.103387451171898,SMAP_L4_SM_gph_20201206T163000_Vv8010_001.h5
2020-12-06,2020-12-06 19:28:55+00:00,7.119,-73.122,0.173190176486969,0.1356432884931564,0.404006689786911,0.3163967430591583,294.1794128417969,21.029412841796898,SMAP_L4_SM_gph_20201206T193000_Vv8010_001.h5
2020-12-06,2020-12-06 22:28:55+00:00,7.119,-73.122,0.1758831143379211,0.135675773024559,0.4102630913257599,0.3164444863796234,293.49822998046875,20.348229980468773,SMAP_L4_SM_gph_20201206T223000_Vv8010_001.h5
2020-12-07,2020-12-07 01:28:55+00:00,7.119,-73.122,0.1752247959375381,0.1355232745409011,0.4088478088378906,0.3161578178405761,292.5147399902344,19.3647399902344,SMAP_L4_SM_gph_20201207T013000_Vv8010_001.h5
2020-12-07,2020-12-07 04:28:55+00:00,7.119,-73.122,0.1748220771551132,0.1354259252548217,0.4077885448932647,0.3159779608249664,291.44293212890625,18.29293212890628,SMAP_L4_SM_gph_20201207T043000_Vv8010_001.h5
2020-12-07,2020-12-07 07:28:55+00:00,7.119,-73.122,0.1744578033685684,0.1353347152471542,0.4069651067256927,0.3156920373439789,290.5506896972656,17.400689697265648,SMAP_L4_SM_gph_20201207T073000_Vv8010_001.h5
2020-12-07,2020-12-07 10:28:55+00:00,7.119,-73.122,0.173978716135025,0.1352049708366394,0.4058565199375152,0.3154279589653015,289.86944580078125,16.719445800781273,SMAP_L4_SM_gph_20201207T103000_Vv8010_001.h5
2020-12-07,2020-12-07 13:28:55+00:00,7.119,-73.122,0.1728469580411911,0.13498055934906,0.4031337797641754,0.3148691058158874,290.7531433105469,17.603143310546898,SMAP_L4_SM_gph_20201207T133000_Vv8010_001.h5
2020-12-07,2020-12-07 16:28:55+00:00,7.119,-73.122,0.1712438613176345,0.1345007568597793,0.399508386850357,0.3137557804584503,293.1253967285156,19.975396728515648,SMAP_L4_SM_gph_20201207T163000_Vv8010_001.h5
2020-12-07,2020-12-07 19:28:55+00:00,7.119,-73.122,0.1815571635961532,0.1347375214099884,0.423486977815628,0.3143101930618286,293.97772216796875,20.827722167968773,SMAP_L4_SM_gph_20201207T193000_Vv8010_001.h5
2020-12-07,2020-12-07 22:28:55+00:00,7.119,-73.122,0.1893206536769867,0.1352667510509491,0.4416742622852325,0.3154786825180053,293.4515380859375,20.301538085937523,SMAP_L4_SM_gph_20201207T223000_Vv8010_001.h5
2020-12-08,2020-12-08 01:28:55+00:00,7.119,-73.122,0.190395638346672,0.1354161351919174,0.4441284537315368,0.3159158527851105,292.5658264160156,19.415826416015648,SMAP_L4_SM_gph_20201208T013000_Vv8010_001.h5
2020-12-08,2020-12-08 04:28:55+00:00,7.119,-73.122,0.1890743821859359,0.135434940457344,0.441054105758667,0.315964788198471,291.9007873535156,18.750787353515648,SMAP_L4_SM_gph_20201208T043000_Vv8010_001.h5
2020-12-08,2020-12-08 07:28:55+00:00,7.119,-73.122,0.1878567039966583,0.1354665905237198,0.4381749331951141,0.3159250020980835,291.465576171875,18.315576171875023,SMAP_L4_SM_gph_20201208T073000_Vv8010_001.h5
2020-12-08,2020-12-08 10:28:55+00:00,7.119,-73.122,0.1861725896596908,0.1353770792484283,0.4342756569385528,0.3157656192779541,290.8357849121094,17.685784912109398,SMAP_L4_SM_gph_20201208T103000_Vv8010_001.h5
2020-12-08,2020-12-08 13:28:55+00:00,7.119,-73.122,0.1840525567531585,0.1352050304412841,0.4293812215328216,0.3153061270713806,291.0939636230469,17.943963623046898,SMAP_L4_SM_gph_20201208T133000_Vv8010_001.h5
2020-12-08,2020-12-08 16:28:55+00:00,7.119,-73.122,0.1805591881275177,0.1347290277481079,0.4211579263210296,0.3142026662826538,292.98345947265625,19.83345947265628,SMAP_L4_SM_gph_20201208T163000_Vv8010_001.h5
2020-12-08,2020-12-08 19:28:55+00:00,7.119,-73.122,0.1815987974405288,0.1344155967235565,0.4236472547054291,0.3135344088077545,294.0119323730469,20.861932373046898,SMAP_L4_SM_gph_20201208T193000_Vv8010_001.h5
2020-12-08,2020-12-08 22:28:55+00:00,7.119,-73.122,0.181836187839508,0.1343862265348434,0.4240624606609344,0.3134580552577972,293.760009765625,20.610009765625023,SMAP_L4_SM_gph_20201208T223000_Vv8010_001.h5
2020-12-09,2020-12-09 01:28:55+00:00,7.119,-73.122,0.1819319725036621,0.1343967169523239,0.4243365228176117,0.3135218322277069,292.7464599609375,19.596459960937523,SMAP_L4_SM_gph_20201209T013000_Vv8010_001.h5
2020-12-09,2020-12-09 04:28:55+00:00,7.119,-73.122,0.1824275106191635,0.1344292014837265,0.4254919588565826,0.313606321811676,292.113525390625,18.963525390625023,SMAP_L4_SM_gph_20201209T043000_Vv8010_001.h5
2020-12-09,2020-12-09 07:28:55+00:00,7.119,-73.122,0.1813397407531738,0.1344179362058639,0.4229309856891632,0.3136137425899505,291.7053527832031,18.555352783203148,SMAP_L4_SM_gph_20201209T073000_Vv8010_001.h5
2020-12-09,2020-12-09 10:28:55+00:00,7.119,-73.122,0.1800139546394348,0.1344012022018432,0.4198502004146576,0.313484787940979,291.1883544921875,18.038354492187523,SMAP_L4_SM_gph_20201209T103000_Vv8010_001.h5
2020-12-09,2020-12-09 13:28:55+00:00,7.119,-73.122,0.1793870478868484,0.1343532800674438,0.4184697270393371,0.3133600056171417,291.53887939453125,18.38887939453128,SMAP_L4_SM_gph_20201209T133000_Vv8010_001.h5
2020-12-09,2020-12-09 16:28:55+00:00,7.119,-73.122,0.1763232052326202,0.1338457614183426,0.4113456308841705,0.3122114241123199,293.19757080078125,20.04757080078128,SMAP_L4_SM_gph_20201209T163000_Vv8010_001.h5
2020-12-09,2020-12-09 19:28:55+00:00,7.119,-73.122,0.1798934638500213,0.1336438506841659,0.4196679294109344,0.3116376101970672,293.99810791015625,20.84810791015628,SMAP_L4_SM_gph_20201209T193000_Vv8010_001.h5
2020-12-09,2020-12-09 22:28:55+00:00,7.119,-73.122,0.1831727623939514,0.133722111582756,0.4273204505443573,0.3118900060653686,293.5242614746094,20.3742614746094,SMAP_L4_SM_gph_20201209T223000_Vv8010_001.h5
2020-12-10,2020-12-10 01:28:55+00:00,7.119,-73.122,0.1824681758880615,0.1337031573057174,0.4255795478820801,0.3118772804737091,292.3656005859375,19.215600585937523,SMAP_L4_SM_gph_20201210T013000_Vv8010_001.h5
2020-12-10,2020-12-10 04:28:55+00:00,7.119,-73.122,0.181340605020523,0.1336407959461212,0.4229868352413177,0.3116663992404938,291.38360595703125,18.23360595703128,SMAP_L4_SM_gph_20201210T043000_Vv8010_001.h5
2020-12-10,2020-12-10 07:28:55+00:00,7.119,-73.122,0.1805065721273422,0.1335559487342834,0.4210938811302185,0.311519056558609,290.7042236328125,17.554223632812523,SMAP_L4_SM_gph_20201210T073000_Vv8010_001.h5
2020-12-10,2020-12-10 10:28:55+00:00,7.119,-73.122,0.179174929857254,0.1334965527057647,0.4178937971591949,0.311438113451004,289.9530639648437,16.803063964843773,SMAP_L4_SM_gph_20201210T103000_Vv8010_001.h5
2020-12-10,2020-12-10 13:28:55+00:00,7.119,-73.122,0.1775403022766113,0.1333331763744354,0.4140379130840301,0.3109643757343292,290.6045837402344,17.454583740234398,SMAP_L4_SM_gph_20201210T133000_Vv8010_001.h5
2020-12-10,2020-12-10 16:28:55+00:00,7.119,-73.122,0.1736359894275665,0.1326240301132202,0.4050418436527252,0.3092791140079498,292.89019775390625,19.74019775390628,SMAP_L4_SM_gph_20201210T163000_Vv8010_001.h5
2020-12-10,2020-12-10 19:28:55+00:00,7.119,-73.122,0.1696891039609909,0.1318799257278442,0.3957451581954956,0.3075030148029327,294.1221618652344,20.9721618652344,SMAP_L4_SM_gph_20201210T193000_Vv8010_001.h5
2020-12-10,2020-12-10 22:28:55+00:00,7.119,-73.122,0.1683565974235534,0.1315615028142929,0.392756313085556,0.3069803118705749,293.7940673828125,20.644067382812523,SMAP_L4_SM_gph_20201210T223000_Vv8010_001.h5
2020-12-11,2020-12-11 01:28:55+00:00,7.119,-73.122,0.1696734875440597,0.1316476762294769,0.395771861076355,0.3071677982807159,292.8154602050781,19.665460205078148,SMAP_L4_SM_gph_20201211T013000_Vv8010_001.h5
2020-12-11,2020-12-11 04:28:55+00:00,7.119,-73.122,0.1702594608068466,0.1317434459924698,0.3971372842788696,0.3073801398277282,292.20672607421875,19.056726074218773,SMAP_L4_SM_gph_20201211T043000_Vv8010_001.h5
2020-12-11,2020-12-11 07:28:55+00:00,7.119,-73.122,0.169749304652214,0.1318334490060806,0.3959693312644958,0.3074555099010467,291.7067565917969,18.556756591796898,SMAP_L4_SM_gph_20201211T073000_Vv8010_001.h5
2020-12-11,2020-12-11 10:28:55+00:00,7.119,-73.122,0.1690719425678253,0.13186576962471,0.3943652510643005,0.3075396716594696,290.93194580078125,17.781945800781273,SMAP_L4_SM_gph_20201211T103000_Vv8010_001.h5
2020-12-11,2020-12-11 13:28:55+00:00,7.119,-73.122,0.170669600367546,0.1319345086812973,0.3980481028556824,0.3077671229839325,291.09478759765625,17.944787597656273,SMAP_L4_SM_gph_20201211T133000_Vv8010_001.h5
2020-12-11,2020-12-11 16:28:55+00:00,7.119,-73.122,0.166344553232193,0.1311721354722976,0.3879708647727966,0.3059801459312439,293.20611572265625,20.05611572265628,SMAP_L4_SM_gph_20201211T163000_Vv8010_001.h5
2020-12-11,2020-12-11 19:28:55+00:00,7.119,-73.122,0.1615576744079589,0.1302951574325561,0.3768525719642639,0.3039685189723968,294.51568603515625,21.36568603515628,SMAP_L4_SM_gph_20201211T193000_Vv8010_001.h5
2020-12-11,2020-12-11 22:28:55+00:00,7.119,-73.122,0.1610749214887619,0.1301050037145614,0.3756361901760101,0.3034619688987732,294.1006774902344,20.9506774902344,SMAP_L4_SM_gph_20201211T223000_Vv8010_001.h5
2020-12-12,2020-12-12 01:28:55+00:00,7.119,-73.122,0.1662112772464752,0.1303994357585907,0.3876263797283172,0.3042029738426208,293.03228759765625,19.88228759765628,SMAP_L4_SM_gph_20201212T013000_Vv8010_001.h5
2020-12-12,2020-12-12 04:28:55+00:00,7.119,-73.122,0.1712883710861206,0.130696639418602,0.3994819521903991,0.3049514889717102,292.3173522949219,19.167352294921898,SMAP_L4_SM_gph_20201212T043000_Vv8010_001.h5
2020-12-12,2020-12-12 07:28:55+00:00,7.119,-73.122,0.1733606308698654,0.1309506148099899,0.4044949114322662,0.3054654598236084,291.7997436523437,18.649743652343773,SMAP_L4_SM_gph_20201212T073000_Vv8010_001.h5
2020-12-12,2020-12-12 10:28:55+00:00,7.119,-73.122,0.1724157780408859,0.1309995651245117,0.4020598530769348,0.3055560886859894,291.1844482421875,18.034448242187523,SMAP_L4_SM_gph_20201212T103000_Vv8010_001.h5
2020-12-12,2020-12-12 13:28:55+00:00,7.119,-73.122,0.1707469671964645,0.1308844536542892,0.3983006477355957,0.3052932620048523,291.5509338378906,18.400933837890648,SMAP_L4_SM_gph_20201212T133000_Vv8010_001.h5
2020-12-12,2020-12-12 16:28:55+00:00,7.119,-73.122,0.1659794747829437,0.1301176846027374,0.3871743381023407,0.3036170899868011,293.41070556640625,20.26070556640628,SMAP_L4_SM_gph_20201212T163000_Vv8010_001.h5
2020-12-12,2020-12-12 19:28:55+00:00,7.119,-73.122,0.1612444519996643,0.1294454485177993,0.3762063384056091,0.3019058406352997,294.3884582519531,21.238458251953148,SMAP_L4_SM_gph_20201212T193000_Vv8010_001.h5
2020-12-12,2020-12-12 22:28:55+00:00,7.119,-73.122,0.1600406765937805,0.1292288452386856,0.3733129501342773,0.3014525175094604,293.9761657714844,20.8261657714844,SMAP_L4_SM_gph_20201212T223000_Vv8010_001.h5
2020-12-13,2020-12-13 01:28:55+00:00,7.119,-73.122,0.1630689054727554,0.1294949650764465,0.3804140090942383,0.3019980788230896,292.837158203125,19.687158203125023,SMAP_L4_SM_gph_20201213T013000_Vv8010_001.h5
2020-12-13,2020-12-13 04:28:55+00:00,7.119,-73.122,0.1651175916194915,0.129651665687561,0.3851291835308075,0.302454262971878,291.9634094238281,18.813409423828148,SMAP_L4_SM_gph_20201213T043000_Vv8010_001.h5
2020-12-13,2020-12-13 07:28:55+00:00,7.119,-73.122,0.1653256118297577,0.1297167092561721,0.3856550455093384,0.302623450756073,291.17108154296875,18.021081542968773,SMAP_L4_SM_gph_20201213T073000_Vv8010_001.h5
2020-12-13,2020-12-13 10:28:55+00:00,7.119,-73.122,0.1646436899900436,0.1297727525234222,0.384093314409256,0.3027324080467224,290.27154541015625,17.121545410156273,SMAP_L4_SM_gph_20201213T103000_Vv8010_001.h5
2020-12-13,2020-12-13 13:28:55+00:00,7.119,-73.122,0.1631020456552505,0.1296952962875366,0.3804632127285003,0.3025307953357696,290.61285400390625,17.462854003906273,SMAP_L4_SM_gph_20201213T133000_Vv8010_001.h5
2020-12-13,2020-12-13 16:28:55+00:00,7.119,-73.122,0.1587860584259033,0.1289311051368713,0.3703395128250122,0.3008614480495453,292.9909362792969,19.840936279296898,SMAP_L4_SM_gph_20201213T163000_Vv8010_001.h5
2020-12-13,2020-12-13 19:28:55+00:00,7.119,-73.122,0.1545315533876419,0.1280104219913482,0.3603652715682983,0.2986080050468445,294.5451354980469,21.395135498046898,SMAP_L4_SM_gph_20201213T193000_Vv8010_001.h5
2020-12-13,2020-12-13 22:28:55+00:00,7.119,-73.122,0.1541414260864257,0.1277903765439987,0.3595418035984039,0.2980604469776153,294.248046875,21.098046875000023,SMAP_L4_SM_gph_20201213T223000_Vv8010_001.h5
2020-12-14,2020-12-14 01:28:55+00:00,7.119,-73.122,0.1572161316871643,0.1280955523252487,0.3667030334472656,0.2987502217292785,292.9718933105469,19.821893310546898,SMAP_L4_SM_gph_20201214T013000_Vv8010_001.h5
2020-12-14,2020-12-14 04:28:55+00:00,7.119,-73.122,0.1574606746435165,0.1282079219818115,0.3672972917556762,0.2990058064460754,292.305419921875,19.155419921875023,SMAP_L4_SM_gph_20201214T043000_Vv8010_001.h5
2020-12-14,2020-12-14 07:28:55+00:00,7.119,-73.122,0.1575625389814376,0.128322884440422,0.367501437664032,0.2992683053016662,291.84747314453125,18.69747314453128,SMAP_L4_SM_gph_20201214T073000_Vv8010_001.h5
2020-12-14,2020-12-14 10:28:55+00:00,7.119,-73.122,0.1570244431495666,0.1283864229917526,0.3663385510444641,0.2994821071624756,291.3912353515625,18.241235351562523,SMAP_L4_SM_gph_20201214T103000_Vv8010_001.h5
2020-12-14,2020-12-14 13:28:55+00:00,7.119,-73.122,0.1496381312608719,0.1277959793806076,0.3490307927131653,0.2980749011039734,291.81298828125,18.662988281250023,SMAP_L4_SM_gph_20201214T133000_Vv8010_001.h5
2020-12-14,2020-12-14 16:28:55+00:00,7.119,-73.122,0.1476604342460632,0.1271741390228271,0.3443745970726013,0.2967023253440857,293.6351623535156,20.485162353515648,SMAP_L4_SM_gph_20201214T163000_Vv8010_001.h5
2020-12-14,2020-12-14 19:28:55+00:00,7.119,-73.122,0.1451782584190368,0.1264590471982956,0.3386959433555603,0.2949957847595215,294.7404479980469,21.590447998046898,SMAP_L4_SM_gph_20201214T193000_Vv8010_001.h5
2020-12-14,2020-12-14 22:28:55+00:00,7.119,-73.122,0.1451659202575683,0.1262414455413818,0.3385277092456817,0.2944177091121673,294.41796875,21.267968750000023,SMAP_L4_SM_gph_20201214T223000_Vv8010_001.h5
2020-12-15,2020-12-15 01:28:55+00:00,7.119,-73.122,0.1475623846054077,0.1264354288578033,0.3441897630691528,0.2948915958404541,293.23077392578125,20.08077392578128,SMAP_L4_SM_gph_20201215T013000_Vv8010_001.h5
2020-12-15,2020-12-15 04:28:55+00:00,7.119,-73.122,0.1519016027450561,0.126754343509674,0.3543236255645752,0.2956172525882721,292.39569091796875,19.245690917968773,SMAP_L4_SM_gph_20201215T043000_Vv8010_001.h5
2020-12-15,2020-12-15 07:28:55+00:00,7.119,-73.122,0.1546110659837722,0.1270096153020858,0.3607351779937744,0.2962139546871185,291.64849853515625,18.49849853515628,SMAP_L4_SM_gph_20201215T073000_Vv8010_001.h5
2020-12-15,2020-12-15 10:28:55+00:00,7.119,-73.122,0.1560190767049789,0.127166748046875,0.3639134764671325,0.2966772615909576,291.00567626953125,17.855676269531273,SMAP_L4_SM_gph_20201215T103000_Vv8010_001.h5
2020-12-15,2020-12-15 13:28:55+00:00,7.119,-73.122,0.1560128331184387,0.127226248383522,0.363943338394165,0.2967585623264313,291.2769775390625,18.126977539062523,SMAP_L4_SM_gph_20201215T133000_Vv8010_001.h5
2020-12-15,2020-12-15 16:28:55+00:00,7.119,-73.122,0.1533606797456741,0.1267711669206619,0.3576698899269104,0.2957095503807068,292.9018859863281,19.751885986328148,SMAP_L4_SM_gph_20201215T163000_Vv8010_001.h5
2020-12-15,2020-12-15 19:28:55+00:00,7.119,-73.122,0.1504127532243728,0.1261679083108902,0.3508212268352508,0.2943058311939239,294.0606994628906,20.910699462890648,SMAP_L4_SM_gph_20201215T193000_Vv8010_001.h5
2020-12-15,2020-12-15 22:28:55+00:00,7.119,-73.122,0.1499851495027542,0.1260128766298294,0.3499485552310943,0.2939760684967041,293.8568420410156,20.706842041015648,SMAP_L4_SM_gph_20201215T223000_Vv8010_001.h5
2020-12-16,2020-12-16 01:28:55+00:00,7.119,-73.122,0.1521370857954025,0.1261956095695495,0.3549246191978454,0.2944206297397613,292.7320861816406,19.582086181640648,SMAP_L4_SM_gph_20201216T013000_Vv8010_001.h5
2020-12-16,2020-12-16 04:28:55+00:00,7.119,-73.122,0.1546587198972702,0.1264106333255767,0.3607222735881805,0.2948698997497558,291.9081420898437,18.758142089843773,SMAP_L4_SM_gph_20201216T043000_Vv8010_001.h5
2020-12-16,2020-12-16 07:28:55+00:00,7.119,-73.122,0.1556659638881683,0.1265412420034408,0.3630653917789459,0.2952155768871307,291.13525390625,17.985253906250023,SMAP_L4_SM_gph_20201216T073000_Vv8010_001.h5
2020-12-16,2020-12-16 10:28:55+00:00,7.119,-73.122,0.1559579372406005,0.1266495734453201,0.3637638986110687,0.2953813076019287,290.41534423828125,17.265344238281273,SMAP_L4_SM_gph_20201216T103000_Vv8010_001.h5
2020-12-16,2020-12-16 13:28:55+00:00,7.119,-73.122,0.1553360670804977,0.1265755593776703,0.3623690903186798,0.295188844203949,290.92938232421875,17.779382324218773,SMAP_L4_SM_gph_20201216T133000_Vv8010_001.h5
2020-12-16,2020-12-16 16:28:55+00:00,7.119,-73.122,0.1522725373506546,0.125847116112709,0.3551139831542969,0.2935329079627991,293.0885314941406,19.938531494140648,SMAP_L4_SM_gph_20201216T163000_Vv8010_001.h5
2020-12-16,2020-12-16 19:28:55+00:00,7.119,-73.122,0.1491090208292007,0.1251010298728943,0.3477155864238739,0.2918677031993866,294.248779296875,21.098779296875023,SMAP_L4_SM_gph_20201216T193000_Vv8010_001.h5
2020-12-16,2020-12-16 22:28:55+00:00,7.119,-73.122,0.1489425152540207,0.1249710470438003,0.3473905026912689,0.2914808988571167,293.8172607421875,20.667260742187523,SMAP_L4_SM_gph_20201216T223000_Vv8010_001.h5
2020-12-17,2020-12-17 01:28:55+00:00,7.119,-73.122,0.1508403271436691,0.1250959038734436,0.351825475692749,0.2918116450309753,292.8541564941406,19.704156494140648,SMAP_L4_SM_gph_20201217T013000_Vv8010_001.h5
2020-12-17,2020-12-17 04:28:55+00:00,7.119,-73.122,0.1606337577104568,0.1257100254297256,0.3747519552707672,0.2932009398937225,292.19647216796875,19.046472167968773,SMAP_L4_SM_gph_20201217T043000_Vv8010_001.h5
2020-12-17,2020-12-17 07:28:55+00:00,7.119,-73.122,0.1619071066379547,0.1259221285581588,0.3776924610137939,0.2936424612998962,291.6083984375,18.458398437500023,SMAP_L4_SM_gph_20201217T073000_Vv8010_001.h5
2020-12-17,2020-12-17 10:28:55+00:00,7.119,-73.122,0.1615085303783416,0.1260185986757278,0.3766902983188629,0.2939420640468597,290.7428894042969,17.592889404296898,SMAP_L4_SM_gph_20201217T103000_Vv8010_001.h5
2020-12-17,2020-12-17 13:28:55+00:00,7.119,-73.122,0.1571887135505676,0.1257071495056152,0.3666753768920898,0.2932787835597992,291.11944580078125,17.969445800781273,SMAP_L4_SM_gph_20201217T133000_Vv8010_001.h5
2020-12-17,2020-12-17 16:28:55+00:00,7.119,-73.122,0.1535629630088806,0.1250057071447372,0.3582242429256439,0.2915710806846618,293.22918701171875,20.079187011718773,SMAP_L4_SM_gph_20201217T163000_Vv8010_001.h5
2020-12-17,2020-12-17 19:28:55+00:00,7.119,-73.122,0.1505541503429412,0.1243399754166603,0.3511314392089844,0.2900415658950805,294.38385009765625,21.23385009765628,SMAP_L4_SM_gph_20201217T193000_Vv8010_001.h5
2020-12-17,2020-12-17 22:28:55+00:00,7.119,-73.122,0.1520636230707168,0.1242841407656669,0.3547101020812988,0.2899757921695709,294.0654296875,20.915429687500023,SMAP_L4_SM_gph_20201217T223000_Vv8010_001.h5
2020-12-18,2020-12-18 01:28:55+00:00,7.119,-73.122,0.1587951481342315,0.1247762218117713,0.3703584671020508,0.2910414934158325,292.9405822753906,19.790582275390648,SMAP_L4_SM_gph_20201218T013000_Vv8010_001.h5
2020-12-18,2020-12-18 04:28:55+00:00,7.119,-73.122,0.1725988239049911,0.125677227973938,0.4026626348495483,0.2931155562400818,292.1660461425781,19.016046142578148,SMAP_L4_SM_gph_20201218T043000_Vv8010_001.h5
2020-12-18,2020-12-18 07:28:55+00:00,7.119,-73.122,0.1761247366666793,0.126146912574768,0.4108077883720398,0.294202595949173,291.5277404785156,18.377740478515648,SMAP_L4_SM_gph_20201218T073000_Vv8010_001.h5
2020-12-18,2020-12-18 10:28:55+00:00,7.119,-73.122,0.1741084307432174,0.126269593834877,0.4061851799488067,0.2944909036159515,290.77593994140625,17.625939941406273,SMAP_L4_SM_gph_20201218T103000_Vv8010_001.h5
2020-12-18,2020-12-18 13:28:55+00:00,7.119,-73.122,0.1717575192451477,0.1262526363134384,0.4006383121013641,0.2945262193679809,291.100830078125,17.950830078125023,SMAP_L4_SM_gph_20201218T133000_Vv8010_001.h5
2020-12-18,2020-12-18 16:28:55+00:00,7.119,-73.122,0.1677961200475692,0.1257320940494537,0.3913946747779846,0.2932642996311188,293.0223999023437,19.872399902343773,SMAP_L4_SM_gph_20201218T163000_Vv8010_001.h5
2020-12-18,2020-12-18 19:28:55+00:00,7.119,-73.122,0.1706124991178512,0.1255340278148651,0.3978721797466278,0.2928225994110107,293.9603881835937,20.810388183593773,SMAP_L4_SM_gph_20201218T193000_Vv8010_001.h5
2020-12-18,2020-12-18 22:28:55+00:00,7.119,-73.122,0.1749607324600219,0.1257512867450714,0.4081053435802459,0.2933631241321563,293.6342163085937,20.484216308593773,SMAP_L4_SM_gph_20201218T223000_Vv8010_001.h5
2020-12-19,2020-12-19 01:28:55+00:00,7.119,-73.122,0.1756430268287658,0.1260827779769897,0.4097147583961487,0.2940418124198913,292.5691833496094,19.4191833496094,SMAP_L4_SM_gph_20201219T013000_Vv8010_001.h5
2020-12-19,2020-12-19 04:28:55+00:00,7.119,-73.122,0.1752237826585769,0.126320943236351,0.4087010025978088,0.294673204421997,291.8399353027344,18.6899353027344,SMAP_L4_SM_gph_20201219T043000_Vv8010_001.h5
2020-12-19,2020-12-19 07:28:55+00:00,7.119,-73.122,0.1739434599876403,0.1264485716819763,0.4058292806148529,0.2949684560298919,291.2539367675781,18.103936767578148,SMAP_L4_SM_gph_20201219T073000_Vv8010_001.h5
2020-12-19,2020-12-19 10:28:55+00:00,7.119,-73.122,0.1725683808326721,0.1265149861574173,0.4024605453014374,0.2951412498950958,290.5267333984375,17.376733398437523,SMAP_L4_SM_gph_20201219T103000_Vv8010_001.h5
2020-12-19,2020-12-19 13:28:55+00:00,7.119,-73.122,0.1686095893383026,0.1261025518178939,0.3933037519454956,0.2942033112049103,291.0292358398437,17.879235839843773,SMAP_L4_SM_gph_20201219T133000_Vv8010_001.h5
2020-12-19,2020-12-19 16:28:55+00:00,7.119,-73.122,0.1640273332595825,0.1253266185522079,0.3825839459896087,0.2924236953258514,293.10797119140625,19.95797119140628,SMAP_L4_SM_gph_20201219T163000_Vv8010_001.h5
2020-12-19,2020-12-19 19:28:55+00:00,7.119,-73.122,0.1596330404281616,0.1244814693927764,0.3723188042640686,0.2903788387775421,294.37579345703125,21.22579345703128,SMAP_L4_SM_gph_20201219T193000_Vv8010_001.h5
2020-12-19,2020-12-19 22:28:55+00:00,7.119,-73.122,0.1595053970813751,0.1242892146110534,0.3720600306987762,0.2898668348789215,294.10906982421875,20.959069824218773,SMAP_L4_SM_gph_20201219T223000_Vv8010_001.h5
2020-12-20,2020-12-20 01:28:55+00:00,7.119,-73.122,0.1619883775711059,0.1244629696011543,0.3778730034828186,0.29024538397789,292.8277282714844,19.6777282714844,SMAP_L4_SM_gph_20201220T013000_Vv8010_001.h5
2020-12-20,2020-12-20 04:28:55+00:00,7.119,-73.122,0.1635153144598007,0.1246552765369415,0.3814995586872101,0.2908369302749634,292.00836181640625,18.85836181640628,SMAP_L4_SM_gph_20201220T043000_Vv8010_001.h5
2020-12-20,2020-12-20 07:28:55+00:00,7.119,-73.122,0.1630974113941192,0.1247662678360939,0.3804948925971985,0.2910889089107513,291.21026611328125,18.06026611328128,SMAP_L4_SM_gph_20201220T073000_Vv8010_001.h5
2020-12-20,2020-12-20 10:28:55+00:00,7.119,-73.122,0.1624021232128143,0.1248610839247703,0.3787584900856018,0.2912563979625702,290.2650146484375,17.115014648437523,SMAP_L4_SM_gph_20201220T103000_Vv8010_001.h5
2020-12-20,2020-12-20 13:28:55+00:00,7.119,-73.122,0.1605801582336425,0.1247607320547103,0.3745830357074737,0.2910687625408172,290.799560546875,17.649560546875023,SMAP_L4_SM_gph_20201220T133000_Vv8010_001.h5
2020-12-20,2020-12-20 16:28:55+00:00,7.119,-73.122,0.1558580547571182,0.1239668279886245,0.3635269403457641,0.2891997396945953,293.08721923828125,19.93721923828128,SMAP_L4_SM_gph_20201220T163000_Vv8010_001.h5
2020-12-20,2020-12-20 19:28:55+00:00,7.119,-73.122,0.15220907330513,0.1230866611003875,0.3550575971603393,0.2871429622173309,294.54345703125,21.393457031250023,SMAP_L4_SM_gph_20201220T193000_Vv8010_001.h5
2020-12-20,2020-12-20 22:28:55+00:00,7.119,-73.122,0.1519194841384887,0.1228784099221229,0.3544395267963409,0.2865466177463531,294.1749572753906,21.024957275390648,SMAP_L4_SM_gph_20201220T223000_Vv8010_001.h5
2020-12-21,2020-12-21 01:28:55+00:00,7.119,-73.122,0.1564599126577377,0.1232106983661651,0.3650076687335968,0.2873495817184448,292.9291381835937,19.779138183593773,SMAP_L4_SM_gph_20201221T013000_Vv8010_001.h5
2020-12-21,2020-12-21 04:28:55+00:00,7.119,-73.122,0.1593430340290069,0.1234975606203079,0.3715808093547821,0.2880710959434509,292.04833984375,18.898339843750023,SMAP_L4_SM_gph_20201221T043000_Vv8010_001.h5
2020-12-21,2020-12-21 07:28:55+00:00,7.119,-73.122,0.1611649245023727,0.1236731708049774,0.3759041726589203,0.2885342240333557,291.31304931640625,18.16304931640628,SMAP_L4_SM_gph_20201221T073000_Vv8010_001.h5
2020-12-21,2020-12-21 10:28:55+00:00,7.119,-73.122,0.1610610336065292,0.1237600296735763,0.3756614029407501,0.2887292504310608,290.73876953125,17.588769531250023,SMAP_L4_SM_gph_20201221T103000_Vv8010_001.h5
2020-12-21,2020-12-21 13:28:55+00:00,7.119,-73.122,0.1599987596273422,0.1237266808748245,0.3732292950153351,0.2885996997356415,291.1256408691406,17.975640869140648,SMAP_L4_SM_gph_20201221T133000_Vv8010_001.h5
2020-12-21,2020-12-21 16:28:55+00:00,7.119,-73.122,0.1556072533130645,0.1230463236570358,0.3629678785800934,0.2870747745037079,293.20867919921875,20.058679199218773,SMAP_L4_SM_gph_20201221T163000_Vv8010_001.h5
2020-12-21,2020-12-21 19:28:55+00:00,7.119,-73.122,0.1510498523712158,0.1222748458385467,0.3522383272647857,0.2852276265621185,294.5470886230469,21.397088623046898,SMAP_L4_SM_gph_20201221T193000_Vv8010_001.h5
2020-12-21,2020-12-21 22:28:55+00:00,7.119,-73.122,0.153409257531166,0.1222512573003768,0.3578853905200958,0.285166323184967,294.2629699707031,21.112969970703148,SMAP_L4_SM_gph_20201221T223000_Vv8010_001.h5
2020-12-22,2020-12-22 01:28:55+00:00,7.119,-73.122,0.1574096232652664,0.1224793791770935,0.3671982884407043,0.2856862246990204,293.1785583496094,20.0285583496094,SMAP_L4_SM_gph_20201222T013000_Vv8010_001.h5
2020-12-22,2020-12-22 04:28:55+00:00,7.119,-73.122,0.159451350569725,0.1227730140089988,0.3720328211784363,0.286345899105072,292.41864013671875,19.268640136718773,SMAP_L4_SM_gph_20201222T043000_Vv8010_001.h5
2020-12-22,2020-12-22 07:28:55+00:00,7.119,-73.122,0.1591604202985763,0.1228928118944168,0.3712607324123382,0.2866635024547577,291.7534484863281,18.603448486328148,SMAP_L4_SM_gph_20201222T073000_Vv8010_001.h5
2020-12-22,2020-12-22 10:28:55+00:00,7.119,-73.122,0.1586790680885315,0.1230000406503677,0.3700566589832306,0.2869057953357696,291.0155029296875,17.865502929687523,SMAP_L4_SM_gph_20201222T103000_Vv8010_001.h5
2020-12-22,2020-12-22 13:28:55+00:00,7.119,-73.122,0.1550543457269668,0.1228681951761245,0.3616816401481628,0.2865937352180481,291.371826171875,18.221826171875023,SMAP_L4_SM_gph_20201222T133000_Vv8010_001.h5
2020-12-22,2020-12-22 16:28:55+00:00,7.119,-73.122,0.1517291963100433,0.1222099512815475,0.3538450598716736,0.2850467264652252,293.3511962890625,20.201196289062523,SMAP_L4_SM_gph_20201222T163000_Vv8010_001.h5
2020-12-22,2020-12-22 19:28:55+00:00,7.119,-73.122,0.1501085013151168,0.1216721758246421,0.3501623272895813,0.2837827205657959,294.2945861816406,21.144586181640648,SMAP_L4_SM_gph_20201222T193000_Vv8010_001.h5
2020-12-22,2020-12-22 22:28:55+00:00,7.119,-73.122,0.1511688977479934,0.1216682940721511,0.3526364862918854,0.2837726473808288,293.7874755859375,20.637475585937523,SMAP_L4_SM_gph_20201222T223000_Vv8010_001.h5
2020-12-23,2020-12-23 01:28:55+00:00,7.119,-73.122,0.1537820845842361,0.1219056397676467,0.3587944507598877,0.2843591570854187,292.8290710449219,19.679071044921898,SMAP_L4_SM_gph_20201223T013000_Vv8010_001.h5
2020-12-23,2020-12-23 04:28:55+00:00,7.119,-73.122,0.1552230417728424,0.1221189498901367,0.3620415031909942,0.2848040461540222,292.16143798828125,19.01143798828128,SMAP_L4_SM_gph_20201223T043000_Vv8010_001.h5
2020-12-23,2020-12-23 07:28:55+00:00,7.119,-73.122,0.1549437493085861,0.122231088578701,0.3613765835762024,0.2851812541484833,291.6212158203125,18.471215820312523,SMAP_L4_SM_gph_20201223T073000_Vv8010_001.h5
2020-12-23,2020-12-23 10:28:55+00:00,7.119,-73.122,0.1541609615087509,0.1223287060856819,0.359688252210617,0.2853505611419678,291.12518310546875,17.975183105468773,SMAP_L4_SM_gph_20201223T103000_Vv8010_001.h5
2020-12-23,2020-12-23 13:28:55+00:00,7.119,-73.122,0.1523706316947937,0.1222696080803871,0.3555145561695099,0.285233587026596,291.5964660644531,18.446466064453148,SMAP_L4_SM_gph_20201223T133000_Vv8010_001.h5
2020-12-23,2020-12-23 16:28:55+00:00,7.119,-73.122,0.1488342583179474,0.1215995550155639,0.3471411764621734,0.2835760414600372,293.6395263671875,20.489526367187523,SMAP_L4_SM_gph_20201223T163000_Vv8010_001.h5
2020-12-23,2020-12-23 19:28:55+00:00,7.119,-73.122,0.1507901698350906,0.1212470829486846,0.3517333567142486,0.2828483879566192,294.4910583496094,21.3410583496094,SMAP_L4_SM_gph_20201223T193000_Vv8010_001.h5
2020-12-23,2020-12-23 22:28:55+00:00,7.119,-73.122,0.155405193567276,0.1214520260691642,0.3625217080116272,0.2833508551120758,293.9989318847656,20.848931884765648,SMAP_L4_SM_gph_20201223T223000_Vv8010_001.h5
2020-12-24,2020-12-24 01:28:55+00:00,7.119,-73.122,0.1596050262451172,0.1218180358409881,0.3722032308578491,0.2841139137744903,292.8945007324219,19.744500732421898,SMAP_L4_SM_gph_20201224T013000_Vv8010_001.h5
2020-12-24,2020-12-24 04:28:55+00:00,7.119,-73.122,0.1621403694152832,0.1221109107136726,0.3782804608345032,0.2848513722419739,291.94439697265625,18.79439697265628,SMAP_L4_SM_gph_20201224T043000_Vv8010_001.h5
2020-12-24,2020-12-24 07:28:55+00:00,7.119,-73.122,0.1640840768814087,0.1223542615771293,0.3828068077564239,0.2854172587394714,291.2474365234375,18.097436523437523,SMAP_L4_SM_gph_20201224T073000_Vv8010_001.h5
2020-12-24,2020-12-24 10:28:55+00:00,7.119,-73.122,0.1632041037082672,0.1224772408604621,0.3806858658790588,0.2857433557510376,290.5745544433594,17.424554443359398,SMAP_L4_SM_gph_20201224T103000_Vv8010_001.h5
2020-12-24,2020-12-24 13:28:55+00:00,7.119,-73.122,0.1617383956909179,0.1224237158894538,0.377208948135376,0.2856409251689911,290.96246337890625,17.812463378906273,SMAP_L4_SM_gph_20201224T133000_Vv8010_001.h5
2020-12-24,2020-12-24 16:28:55+00:00,7.119,-73.122,0.158097043633461,0.1218039542436599,0.3687792420387268,0.2840773165225982,293.17144775390625,20.02144775390628,SMAP_L4_SM_gph_20201224T163000_Vv8010_001.h5
2020-12-24,2020-12-24 19:28:55+00:00,7.119,-73.122,0.1586096435785293,0.1212800219655036,0.3699591159820556,0.2829341292381286,294.5571594238281,21.407159423828148,SMAP_L4_SM_gph_20201224T193000_Vv8010_001.h5
2020-12-24,2020-12-24 22:28:55+00:00,7.119,-73.122,0.1634897887706756,0.1214546114206314,0.3814027011394501,0.2833207845687866,294.3211364746094,21.1711364746094,SMAP_L4_SM_gph_20201224T223000_Vv8010_001.h5
2020-12-25,2020-12-25 01:28:55+00:00,7.119,-73.122,0.1712296307086944,0.1217455267906189,0.3994271457195282,0.2840101420879364,293.1641845703125,20.014184570312523,SMAP_L4_SM_gph_20201225T013000_Vv8010_001.h5
2020-12-25,2020-12-25 04:28:55+00:00,7.119,-73.122,0.2010467201471328,0.1239256486296653,0.4689802229404449,0.2890073657035827,292.4734802246094,19.3234802246094,SMAP_L4_SM_gph_20201225T043000_Vv8010_001.h5
2020-12-25,2020-12-25 07:28:55+00:00,7.119,-73.122,0.224832534790039,0.1270805746316909,0.5245411396026611,0.296441376209259,291.9937438964844,18.8437438964844,SMAP_L4_SM_gph_20201225T073000_Vv8010_001.h5
2020-12-25,2020-12-25 10:28:55+00:00,7.119,-73.122,0.2123627662658691,0.1282392591238021,0.4953463077545166,0.2992038130760193,291.5008850097656,18.350885009765648,SMAP_L4_SM_gph_20201225T103000_Vv8010_001.h5
2020-12-25,2020-12-25 13:28:55+00:00,7.119,-73.122,0.2019071727991104,0.1279448270797729,0.4710327684879303,0.2984994351863861,291.7004089355469,18.550408935546898,SMAP_L4_SM_gph_20201225T133000_Vv8010_001.h5
2020-12-25,2020-12-25 16:28:55+00:00,7.119,-73.122,0.1980970203876495,0.1277040243148803,0.4621374607086181,0.2979034185409546,293.05047607421875,19.900476074218773,SMAP_L4_SM_gph_20201225T163000_Vv8010_001.h5
2020-12-25,2020-12-25 19:28:55+00:00,7.119,-73.122,0.2039171010255813,0.1279838234186172,0.4756022691726684,0.2985329329967499,293.8224182128906,20.672418212890648,SMAP_L4_SM_gph_20201225T193000_Vv8010_001.h5
2020-12-25,2020-12-25 22:28:55+00:00,7.119,-73.122,0.2168234288692474,0.1293549984693527,0.5057605504989624,0.3017439544200897,293.43731689453125,20.28731689453128,SMAP_L4_SM_gph_20201225T223000_Vv8010_001.h5
2020-12-26,2020-12-26 01:28:55+00:00,7.119,-73.122,0.2201322615146637,0.1310498416423797,0.5135877728462219,0.3056501150131225,292.4172668457031,19.267266845703148,SMAP_L4_SM_gph_20201226T013000_Vv8010_001.h5
2020-12-26,2020-12-26 04:28:55+00:00,7.119,-73.122,0.2288913428783416,0.1331267058849334,0.5340445041656494,0.3105739951133728,291.828125,18.678125000000023,SMAP_L4_SM_gph_20201226T043000_Vv8010_001.h5
2020-12-26,2020-12-26 07:28:55+00:00,7.119,-73.122,0.2211982458829879,0.1344766616821289,0.5159604549407959,0.3136814832687378,291.305419921875,18.155419921875023,SMAP_L4_SM_gph_20201226T073000_Vv8010_001.h5
2020-12-26,2020-12-26 10:28:55+00:00,7.119,-73.122,0.2177241593599319,0.1351649016141891,0.5077778697013855,0.3153494000434875,290.8399353027344,17.689935302734398,SMAP_L4_SM_gph_20201226T103000_Vv8010_001.h5
2020-12-26,2020-12-26 13:28:55+00:00,7.119,-73.122,0.2145786434412002,0.1358253955841064,0.5005192756652832,0.3169079124927521,290.9228515625,17.772851562500023,SMAP_L4_SM_gph_20201226T133000_Vv8010_001.h5
2020-12-26,2020-12-26 16:28:55+00:00,7.119,-73.122,0.2094486653804779,0.1357111632823944,0.4885540008544922,0.3166100978851318,292.1281433105469,18.978143310546898,SMAP_L4_SM_gph_20201226T163000_Vv8010_001.h5
2020-12-26,2020-12-26 19:28:55+00:00,7.119,-73.122,0.2169778048992157,0.136188119649887,0.5060575604438782,0.3177277743816376,293.1474914550781,19.997491455078148,SMAP_L4_SM_gph_20201226T193000_Vv8010_001.h5
2020-12-26,2020-12-26 22:28:55+00:00,7.119,-73.122,0.2239745408296585,0.1374344527721405,0.5224672555923462,0.3205654621124267,292.8670349121094,19.7170349121094,SMAP_L4_SM_gph_20201226T223000_Vv8010_001.h5
2020-12-27,2020-12-27 01:28:55+00:00,7.119,-73.122,0.220699593424797,0.1383421570062637,0.5146775841712952,0.3227790594100952,292.00054931640625,18.85054931640628,SMAP_L4_SM_gph_20201227T013000_Vv8010_001.h5
2020-12-27,2020-12-27 04:28:55+00:00,7.119,-73.122,0.2137458324432373,0.1387649178504943,0.4984688460826874,0.3236586451530456,291.4485168457031,18.298516845703148,SMAP_L4_SM_gph_20201227T043000_Vv8010_001.h5
2020-12-27,2020-12-27 07:28:55+00:00,7.119,-73.122,0.2068568915128708,0.1385189443826675,0.4825060963630676,0.3230803608894348,290.9168701171875,17.766870117187523,SMAP_L4_SM_gph_20201227T073000_Vv8010_001.h5
2020-12-27,2020-12-27 10:28:55+00:00,7.119,-73.122,0.2023151218891143,0.1382049471139907,0.4719337224960327,0.3223618865013122,290.5764465332031,17.426446533203148,SMAP_L4_SM_gph_20201227T103000_Vv8010_001.h5
2020-12-27,2020-12-27 13:28:55+00:00,7.119,-73.122,0.1985546499490738,0.1377319991588592,0.4630281925201416,0.321303129196167,290.8306884765625,17.680688476562523,SMAP_L4_SM_gph_20201227T133000_Vv8010_001.h5
2020-12-27,2020-12-27 16:28:55+00:00,7.119,-73.122,0.1945420801639557,0.1368496865034103,0.4538880884647369,0.3192406296730041,292.37518310546875,19.225183105468773,SMAP_L4_SM_gph_20201227T163000_Vv8010_001.h5
2020-12-27,2020-12-27 19:28:55+00:00,7.119,-73.122,0.1900555044412613,0.1357129067182541,0.4433163404464721,0.3166632056236267,293.6615600585937,20.511560058593773,SMAP_L4_SM_gph_20201227T193000_Vv8010_001.h5
2020-12-27,2020-12-27 22:28:55+00:00,7.119,-73.122,0.1879654675722122,0.1350647807121276,0.4383396804332733,0.3149780333042145,293.42193603515625,20.27193603515628,SMAP_L4_SM_gph_20201227T223000_Vv8010_001.h5
2020-12-28,2020-12-28 01:28:55+00:00,7.119,-73.122,0.1878461837768554,0.1346450597047805,0.438162624835968,0.31417977809906,292.0906066894531,18.940606689453148,SMAP_L4_SM_gph_20201228T013000_Vv8010_001.h5
2020-12-28,2020-12-28 04:28:55+00:00,7.119,-73.122,0.2018093764781952,0.1353107094764709,0.470772236585617,0.3156665861606598,291.45330810546875,18.303308105468773,SMAP_L4_SM_gph_20201228T043000_Vv8010_001.h5
2020-12-28,2020-12-28 07:28:55+00:00,7.119,-73.122,0.2237079739570617,0.1373464912176132,0.5218789577484131,0.3202764391899109,290.9984130859375,17.848413085937523,SMAP_L4_SM_gph_20201228T073000_Vv8010_001.h5
2020-12-28,2020-12-28 10:28:55+00:00,7.119,-73.122,0.223507285118103,0.1387919038534164,0.5213642716407776,0.3238027691841125,290.584228515625,17.434228515625023,SMAP_L4_SM_gph_20201228T103000_Vv8010_001.h5
2020-12-28,2020-12-28 13:28:55+00:00,7.119,-73.122,0.2118359357118606,0.1389779448509216,0.4942501783370971,0.3242986798286438,290.67218017578125,17.522180175781273,SMAP_L4_SM_gph_20201228T133000_Vv8010_001.h5
2020-12-28,2020-12-28 16:28:55+00:00,7.119,-73.122,0.201218768954277,0.1382223814725875,0.4692506194114685,0.3224924504756927,291.8382568359375,18.688256835937523,SMAP_L4_SM_gph_20201228T163000_Vv8010_001.h5
2020-12-28,2020-12-28 19:28:55+00:00,7.119,-73.122,0.1965818256139755,0.1375014632940292,0.4586139917373657,0.3207396566867828,292.75360107421875,19.603601074218773,SMAP_L4_SM_gph_20201228T193000_Vv8010_001.h5
2020-12-28,2020-12-28 22:28:55+00:00,7.119,-73.122,0.1987825334072113,0.1372932940721511,0.463650107383728,0.3203082382678985,292.5194702148437,19.369470214843773,SMAP_L4_SM_gph_20201228T223000_Vv8010_001.h5
2020-12-29,2020-12-29 01:28:55+00:00,7.119,-73.122,0.1985379606485366,0.1372666507959365,0.4630560278892517,0.3201904594898224,291.70660400390625,18.55660400390628,SMAP_L4_SM_gph_20201229T013000_Vv8010_001.h5
2020-12-29,2020-12-29 04:28:55+00:00,7.119,-73.122,0.2005601078271865,0.1373009383678436,0.467779666185379,0.3203166723251343,291.1485290527344,17.998529052734398,SMAP_L4_SM_gph_20201229T043000_Vv8010_001.h5
2020-12-29,2020-12-29 07:28:55+00:00,7.119,-73.122,0.2033169418573379,0.1375066637992859,0.4743366539478302,0.3207789957523346,290.7642822265625,17.614282226562523,SMAP_L4_SM_gph_20201229T073000_Vv8010_001.h5
2020-12-29,2020-12-29 10:28:55+00:00,7.119,-73.122,0.2048956006765365,0.1377543359994888,0.4778769910335541,0.3213136494159698,290.46099853515625,17.310998535156273,SMAP_L4_SM_gph_20201229T103000_Vv8010_001.h5
2020-12-29,2020-12-29 13:28:55+00:00,7.119,-73.122,0.2001976519823074,0.1376202702522277,0.4670130908489227,0.3209161758422851,290.51580810546875,17.365808105468773,SMAP_L4_SM_gph_20201229T133000_Vv8010_001.h5
2020-12-29,2020-12-29 16:28:55+00:00,7.119,-73.122,0.1941171586513519,0.1370139271020889,0.4529232084751129,0.3196316361427307,291.572265625,18.422265625000023,SMAP_L4_SM_gph_20201229T163000_Vv8010_001.h5
2020-12-29,2020-12-29 19:28:55+00:00,7.119,-73.122,0.1886011511087417,0.1361613124608993,0.4399610161781311,0.3176095187664032,292.9227294921875,19.772729492187523,SMAP_L4_SM_gph_20201229T193000_Vv8010_001.h5
2020-12-29,2020-12-29 22:28:55+00:00,7.119,-73.122,0.1863924413919448,0.1356692016124725,0.43480184674263,0.3163788020610809,293.0458984375,19.895898437500023,SMAP_L4_SM_gph_20201229T223000_Vv8010_001.h5
2020-12-30,2020-12-30 01:28:55+00:00,7.119,-73.122,0.1845148056745529,0.1352982819080352,0.4304043650627136,0.3156341016292572,291.90283203125,18.752832031250023,SMAP_L4_SM_gph_20201230T013000_Vv8010_001.h5
2020-12-30,2020-12-30 04:28:55+00:00,7.119,-73.122,0.1833307743072509,0.1350784748792648,0.427647054195404,0.315087080001831,291.1196594238281,17.969659423828148,SMAP_L4_SM_gph_20201230T043000_Vv8010_001.h5
2020-12-30,2020-12-30 07:28:55+00:00,7.119,-73.122,0.1824529469013214,0.1348993778228759,0.4256505370140075,0.3146460950374603,290.7333679199219,17.583367919921898,SMAP_L4_SM_gph_20201230T073000_Vv8010_001.h5
2020-12-30,2020-12-30 10:28:55+00:00,7.119,-73.122,0.1814064085483551,0.1347095817327499,0.4231995344161987,0.3141773641109466,290.4075012207031,17.257501220703148,SMAP_L4_SM_gph_20201230T103000_Vv8010_001.h5
2020-12-30,2020-12-30 13:28:55+00:00,7.119,-73.122,0.1801989078521728,0.1343727707862854,0.4203389883041382,0.3133995532989502,290.778564453125,17.628564453125023,SMAP_L4_SM_gph_20201230T133000_Vv8010_001.h5
2020-12-30,2020-12-30 16:28:55+00:00,7.119,-73.122,0.1775747090578079,0.1338033825159073,0.4143396317958832,0.3120895624160766,292.397216796875,19.247216796875023,SMAP_L4_SM_gph_20201230T163000_Vv8010_001.h5
2020-12-30,2020-12-30 19:28:55+00:00,7.119,-73.122,0.1755214780569076,0.133269190788269,0.4094040095806122,0.3108344674110412,293.206787109375,20.056787109375023,SMAP_L4_SM_gph_20201230T193000_Vv8010_001.h5
2020-12-30,2020-12-30 22:28:55+00:00,7.119,-73.122,0.175168827176094,0.1330851763486862,0.4086092412471771,0.310502678155899,292.91912841796875,19.769128417968773,SMAP_L4_SM_gph_20201230T223000_Vv8010_001.h5
2020-12-31,2020-12-31 01:28:55+00:00,7.119,-73.122,0.176621600985527,0.1331691145896911,0.4120357632637024,0.3106736540794372,292.0623779296875,18.912377929687523,SMAP_L4_SM_gph_20201231T013000_Vv8010_001.h5
2020-12-31,2020-12-31 04:28:55+00:00,7.119,-73.122,0.177260622382164,0.1332114934921264,0.4134007096290588,0.3107843399047851,291.4658508300781,18.315850830078148,SMAP_L4_SM_gph_20201231T043000_Vv8010_001.h5
2020-12-31,2020-12-31 07:28:55+00:00,7.119,-73.122,0.1769389063119888,0.1331963688135147,0.4126611351966858,0.3107821941375732,290.99517822265625,17.845178222656273,SMAP_L4_SM_gph_20201231T073000_Vv8010_001.h5
2020-12-31,2020-12-31 10:28:55+00:00,7.119,-73.122,0.1765388250350952,0.1331536024808883,0.4118450284004211,0.3105857968330383,290.633056640625,17.483056640625023,SMAP_L4_SM_gph_20201231T103000_Vv8010_001.h5
2020-12-31,2020-12-31 13:28:55+00:00,7.119,-73.122,0.1748825162649154,0.132974624633789,0.4079464375972748,0.3101081550121307,291.1396484375,17.989648437500023,SMAP_L4_SM_gph_20201231T133000_Vv8010_001.h5
2020-12-31,2020-12-31 16:28:55+00:00,7.119,-73.122,0.1712383180856704,0.132301777601242,0.3995412588119507,0.3085651099681854,292.8671264648437,19.717126464843773,SMAP_L4_SM_gph_20201231T163000_Vv8010_001.h5
2020-12-31,2020-12-31 19:28:55+00:00,7.119,-73.122,0.1691494137048721,0.1318444907665252,0.3945576548576355,0.3074358701705932,293.3477478027344,20.1977478027344,SMAP_L4_SM_gph_20201231T193000_Vv8010_001.h5
2020-12-31,2020-12-31 22:28:55+00:00,7.119,-73.122,0.1695586740970611,0.1316972076892852,0.3955124318599701,0.3071524202823639,293.0741271972656,19.924127197265648,SMAP_L4_SM_gph_20201231T223000_Vv8010_001.h5
