cultivo,fecha,dia_ciclo,etapa,ETo,Kc,ETc,PRECTOTCORR,sm_surface,sm_rootzone,sm_surface_wetness,sm_rootzone_wetness,soil_temp_layer1_celsius,balance_precipitacion_etc,demanda_no_cubierta,exceso_precipitacion,nivel_demanda_hidrica,cambio_sm_surface,cambio_sm_rootzone,tendencia_humedad_suelo
Coffea arabica,2020-01-01,1,Inicial,2.948231749521185,0.87,2.564961622083431,7.24,0.2746143341064453,0.2986800968647003,0.6149797439575195,0.6684417724609375,10.910028076171898,4.67503837791657,0.0,4.67503837791657,Cubierta,,,Estable
Coffea arabica,2020-01-02,2,Inicial,3.4359345425368817,0.87,2.989263052007087,0.52,0.2655819356441498,0.2972196936607361,0.5945673584938049,0.6652793884277344,11.199792480468773,-2.469263052007087,2.469263052007087,0.0,Moderada,-0.009032398462295532,-0.0014604032039642334,Estable
Coffea arabica,2020-01-03,3,Inicial,3.652309775578801,0.87,3.177509504753557,0.0,0.24663046002388,0.2948575913906097,0.5521380305290222,0.6600413918495178,10.803247070312525,-3.177509504753557,3.177509504753557,0.0,Moderada,-0.018951475620269775,-0.0023621022701263983,Estable
Coffea arabica,2020-01-04,4,Inicial,3.842009095850095,0.87,3.342547913389583,0.18,0.2315411418676376,0.2924184799194336,0.518290102481842,0.6547495126724243,10.901818847656273,-3.1625479133895826,3.1625479133895826,0.0,Moderada,-0.015089318156242398,-0.002439111471176092,Estable
Coffea arabica,2020-01-05,5,Inicial,3.4255878055717583,0.87,2.9802613908474296,0.18,0.2236680090427398,0.2904499769210815,0.5008542537689209,0.6502418518066406,11.140313720703148,-2.8002613908474294,2.8002613908474294,0.0,Moderada,-0.007873132824897794,-0.0019685029983521063,Estable
Coffea arabica,2020-01-06,6,Inicial,3.609329165524247,0.87,3.140116374006095,0.33,0.221180647611618,0.2889252305030823,0.4952643811702728,0.6467413306236267,10.146020507812525,-2.810116374006095,2.810116374006095,0.0,Moderada,-0.002487361431121826,-0.001524746417999212,Estable
Coffea arabica,2020-01-07,7,Inicial,3.63223459194626,0.87,3.1600440949932462,0.04,0.2170274257659912,0.2872630655765533,0.4858344197273254,0.6431044340133667,10.774011230468773,-3.120044094993246,3.120044094993246,0.0,Moderada,-0.0041532218456267755,-0.0016621649265289862,Estable
Coffea arabica,2020-01-08,8,Inicial,3.535618541631738,0.87,3.075988131219612,0.01,0.2169087827205658,0.2857446372509002,0.4855833351612091,0.6397907733917236,9.480859375000025,-3.065988131219612,3.065988131219612,0.0,Moderada,-0.00011864304542541504,-0.0015184283256530762,Estable
Coffea arabica,2020-01-09,9,Inicial,3.616127554995845,0.87,3.146030972846385,0.0,0.2104811668395996,0.283994197845459,0.471093088388443,0.635947048664093,8.966394042968773,-3.146030972846385,3.146030972846385,0.0,Moderada,-0.0064276158809661865,-0.0017504394054412287,Estable
Coffea arabica,2020-01-10,10,Inicial,3.417106036202212,0.87,2.9728822514959243,0.0,0.2100433409214019,0.2826589345932007,0.4703034460544586,0.6328665018081665,8.167260742187523,-2.9728822514959243,2.9728822514959243,0.0,Moderada,-0.0004378259181977151,-0.0013352632522583008,Estable
Coffea arabica,2020-01-11,11,Inicial,3.0661442874430813,0.87,2.667545530075481,0.0,0.2089174836874008,0.2813650965690613,0.4676909446716308,0.6299169063568115,7.294152832031273,-2.667545530075481,2.667545530075481,0.0,Moderada,-0.0011258572340011042,-0.0012938380241394043,Estable
Coffea arabica,2020-01-12,12,Inicial,2.6890860867374,0.87,2.339504895461538,0.0,0.2108506262302398,0.2803266644477844,0.4720624685287475,0.6275357007980347,9.357019042968773,-2.339504895461538,2.339504895461538,0.0,Moderada,0.0019331425428390225,-0.0010384321212768555,Estable
Coffea arabica,2020-01-13,13,Inicial,3.2743357048555617,0.87,2.8486720632243387,0.0,0.2087039798498153,0.2790789902210235,0.4672080874443054,0.6248542070388794,9.219232177734398,-2.8486720632243387,2.8486720632243387,0.0,Moderada,-0.0021466463804244995,-0.0012476742267609198,Estable
Coffea arabica,2020-01-14,14,Inicial,3.022525735174016,0.87,2.6295973896013938,0.0,0.2105519473552703,0.2779509425163269,0.4714041650295257,0.6223359107971191,9.656640625000025,-2.6295973896013938,2.6295973896013938,0.0,Moderada,0.0018479675054549893,-0.0011280477046965998,Estable
Coffea arabica,2020-01-15,15,Inicial,2.892447644706006,0.87,2.516429450894225,0.0,0.2085372507572174,0.276860624551773,0.4667938649654388,0.6199163794517517,9.227014160156273,-2.516429450894225,2.516429450894225,0.0,Moderada,-0.0020146965980528952,-0.0010903179645538885,Estable
Coffea arabica,2020-01-16,16,Inicial,2.5509631062608813,0.87,2.219337902446967,1.6,0.2047977745532989,0.2754416167736053,0.4583717882633209,0.6167877316474915,9.604058837890648,-0.6193379024469667,0.6193379024469667,0.0,Baja,-0.0037394762039185125,-0.0014190077781677246,Estable
Coffea arabica,2020-01-17,17,Inicial,2.123625836918019,0.87,1.8475544781186768,3.92,0.2077111601829528,0.2745482921600342,0.4650589525699615,0.6144890189170837,10.502893066406273,2.072445521881323,0.0,2.072445521881323,Cubierta,0.002913385629653903,-0.0008933246135711115,Estable
Coffea arabica,2020-01-18,18,Inicial,2.457076041415373,0.87,2.1376561560313747,0.81,0.2180327624082565,0.2743701934814453,0.4881190657615661,0.6141732335090637,10.842187500000025,-1.3276561560313747,1.3276561560313747,0.0,Baja,0.010321602225303705,-0.0001780986785888672,Estable
Coffea arabica,2020-01-19,19,Inicial,2.6849474282341173,0.87,2.335904262563682,1.28,0.2238282859325409,0.2738048136234283,0.5010724067687988,0.6128256916999817,10.861352539062525,-1.055904262563682,1.055904262563682,0.0,Baja,0.0057955235242843905,-0.0005653798580170233,Estable
Coffea arabica,2020-01-20,20,Inicial,2.0816455357680983,0.87,1.8110316161182456,3.23,0.2300102710723877,0.2732718884944916,0.5150047540664673,0.6116583347320557,11.008447265625025,1.4189683838817544,0.0,1.4189683838817544,Cubierta,0.006181985139846802,-0.0005329251289367121,Estable
Coffea arabica,2020-01-21,21,Inicial,2.589197755053443,0.87,2.252602046896495,10.51,0.2776890993118286,0.2764692008495331,0.6215779781341553,0.6190438270568848,10.997521972656273,8.257397953103505,0.0,8.257397953103505,Cubierta,0.04767882823944092,0.003197312355041504,Estable
Coffea arabica,2020-01-22,22,Inicial,2.230115953986533,0.87,1.940200879968284,1.52,0.2813131213188171,0.279358297586441,0.6296303272247314,0.6252856254577637,11.026483154296898,-0.4202008799682839,0.4202008799682839,0.0,Baja,0.00362402200698847,0.0028890967369079035,Estable
Coffea arabica,2020-01-23,23,Inicial,3.0231741605568065,0.87,2.630161519684421,0.04,0.2543753087520599,0.2772768139839172,0.5694832801818848,0.6206307411193848,10.375817871093773,-2.590161519684421,2.590161519684421,0.0,Moderada,-0.026937812566757202,-0.0020814836025238037,Estable
Coffea arabica,2020-01-24,24,Inicial,2.586677938014444,0.87,2.250409806072566,3.11,0.2654004395008087,0.27736696600914,0.5939206480979919,0.6210359334945679,11.167718505859398,0.859590193927434,0.0,0.859590193927434,Cubierta,0.011025130748748835,9.015202522283383e-05,Estable
Coffea arabica,2020-01-25,25,Inicial,2.8270782875977893,0.87,2.4595581102100765,3.33,0.2785582542419433,0.2801665961742401,0.623546838760376,0.6271925568580627,11.012170410156273,0.8704418897899235,0.0,0.8704418897899235,Cubierta,0.013157814741134588,0.0027996301651000977,Estable
Coffea arabica,2020-01-26,26,Inicial,2.8592092343467463,0.87,2.487512033881669,9.31,0.2917945086956024,0.2835708260536194,0.6531261205673218,0.634725034236908,10.548059082031273,6.822487966118331,0.0,6.822487966118331,Cubierta,0.013236254453659113,0.0034042298793792725,Estable
Coffea arabica,2020-01-27,27,Inicial,3.197498176772503,0.87,2.7818234137920776,4.58,0.2769192457199096,0.2824744284152984,0.6197158098220825,0.632459819316864,11.287438964843773,1.7981765862079224,0.0,1.7981765862079224,Cubierta,-0.014875262975692805,-0.0010963976383209784,Estable
Coffea arabica,2020-01-28,28,Desarrollo,3.0623564253268816,0.87,2.664250090034387,0.07,0.288808524608612,0.2827996015548706,0.6465105414390564,0.6330852508544922,11.325189208984398,-2.5942500900343872,2.5942500900343872,0.0,Moderada,0.011889278888702393,0.00032517313957219907,Estable
Coffea arabica,2020-01-29,29,Desarrollo,3.282537487982082,0.8720754716981132,2.862620428198713,2.73,0.2753844857215881,0.2828554809093475,0.6163906455039978,0.6334013342857361,11.248925781250025,-0.13262042819871311,0.13262042819871311,0.0,Baja,-0.013424038887023926,5.58793544768732e-05,Estable
Coffea arabica,2020-01-30,30,Desarrollo,3.220521836988908,0.8741509433962265,2.8152222020320017,0.59,0.2492743730545044,0.2804329991340637,0.5580548644065857,0.6275911331176758,11.391961669921898,-2.225222202032002,2.225222202032002,0.0,Moderada,-0.026110112667083685,-0.002422481775283758,Estable
Coffea arabica,2020-01-31,31,Desarrollo,2.652374252562516,0.8762264150943396,2.3240803828113816,0.0,0.2273979932069778,0.2779696881771087,0.5091440081596375,0.6222366094589233,9.499108886718773,-2.3240803828113816,2.3240803828113816,0.0,Moderada,-0.021876379847526606,-0.0024633109569550116,Estable
Coffea arabica,2020-02-01,32,Desarrollo,2.573089729374203,0.8783018867924528,2.2599495641956446,7.56,0.2258870303630828,0.2767135202884674,0.5055345892906189,0.6195324659347534,11.308251953125025,5.300050435804355,0.0,5.300050435804355,Cubierta,-0.0015109628438949863,-0.001256167888641302,Estable
Coffea arabica,2020-02-02,33,Desarrollo,3.279578952552463,0.8803773584905661,2.887267055209395,1.99,0.2204961627721786,0.2752612233161926,0.4935779273509979,0.6163914799690247,11.114923095703148,-0.8972670552093949,0.8972670552093949,0.0,Baja,-0.005390867590904208,-0.0014522969722747803,Estable
Coffea arabica,2020-02-03,34,Desarrollo,3.3391805897721194,0.8824528301886793,2.94666936195551,0.12,0.2164567857980728,0.273760437965393,0.4845251739025116,0.6128060817718506,10.871423339843773,-2.82666936195551,2.82666936195551,0.0,Moderada,-0.004039376974105807,-0.001500785350799616,Estable
Coffea arabica,2020-02-04,35,Desarrollo,3.9831310885574367,0.8845283018867924,3.5231921779542006,0.0,0.2100583761930465,0.2722263932228088,0.4702250957489013,0.6095258593559265,9.797631835937525,-3.5231921779542006,3.5231921779542006,0.0,Moderada,-0.006398409605026301,-0.0015340447425842285,Estable
Coffea arabica,2020-02-05,36,Desarrollo,4.244793931187747,0.8866037735849056,3.7634503174813623,0.0,0.2006809264421463,0.2705520689487457,0.4492982625961303,0.6055396199226379,7.838159179687523,-3.7634503174813623,3.7634503174813623,0.0,Moderada,-0.009377449750900185,-0.0016743242740630548,Estable
Coffea arabica,2020-02-06,37,Desarrollo,4.169733176569154,0.8886792452830189,3.7055553323850408,0.0,0.1767249256372451,0.267781525850296,0.3955183029174804,0.5994586944580078,6.867028808593773,-3.7055553323850408,3.7055553323850408,0.0,Moderada,-0.023956000804901206,-0.002770543098449707,Estable
Coffea arabica,2020-02-07,38,Desarrollo,4.0865957124513415,0.8907547169811321,3.6401544072609022,0.0,0.1767972558736801,0.2662941813468933,0.3957181274890899,0.5963003635406494,7.492089843750023,-3.6401544072609022,3.6401544072609022,0.0,Moderada,7.233023643499203e-05,-0.00148734450340271,Estable
Coffea arabica,2020-02-08,39,Desarrollo,3.268439705235638,0.8928301886792452,2.9181616387122715,1.77,0.1823482662439346,0.2652748823165893,0.4082421064376831,0.5938217639923096,9.937188720703148,-1.1481616387122715,1.1481616387122715,0.0,Baja,0.005551010370254517,-0.0010192990303040106,Estable
Coffea arabica,2020-02-09,40,Desarrollo,3.30872980351908,0.8949056603773585,2.9610010298284903,23.23,0.1983443796634674,0.265025645494461,0.4440963864326477,0.5933203101158142,11.104760742187525,20.26899897017151,0.0,20.26899897017151,Cubierta,0.015996113419532804,-0.0002492368221282959,Estable
Coffea arabica,2020-02-10,41,Desarrollo,3.880629515402008,0.8969811320754717,3.4808514558907824,2.61,0.2136109471321106,0.2650732100009918,0.4781440496444702,0.5933699011802673,8.760339355468773,-0.8708514558907825,0.8708514558907825,0.0,Baja,0.015266567468643188,4.756450653081723e-05,Estable
Coffea arabica,2020-02-11,42,Desarrollo,3.8381170799608064,0.8990566037735849,3.450684506794951,0.07,0.1838676333427429,0.2624737322330475,0.4115966260433197,0.5874166488647461,8.149285888671898,-3.3806845067949514,3.3806845067949514,0.0,Moderada,-0.029743313789367704,-0.002599477767944336,Estable
Coffea arabica,2020-02-12,43,Desarrollo,3.7387676578637534,0.9011320754716982,3.369123459237225,0.0,0.1768476068973541,0.2606357634067535,0.3958576917648315,0.5835667252540588,8.815972900390648,-3.369123459237225,3.369123459237225,0.0,Moderada,-0.007020026445388794,-0.0018379688262940008,Estable
Coffea arabica,2020-02-13,44,Desarrollo,3.6900119890205856,0.9032075471698112,3.33284667763048,0.1,0.1803713291883468,0.259611576795578,0.4037930369377136,0.5810755491256714,10.473291015625025,-3.23284667763048,3.23284667763048,0.0,Moderada,0.003523722290992709,-0.0010241866111754816,Estable
Coffea arabica,2020-02-14,45,Desarrollo,2.8355856754959605,0.9052830188679244,2.5670075605716263,0.48,0.1989832371473312,0.2591719031333923,0.4454621970653534,0.580151379108429,9.278466796875025,-2.0870075605716263,2.0870075605716263,0.0,Moderada,0.018611907958984403,-0.00043967366218572446,Estable
Coffea arabica,2020-02-15,46,Desarrollo,2.6765302968514897,0.9073584905660376,2.4285724901054366,0.22,0.2052931636571884,0.2586721181869507,0.4594780802726745,0.5791447162628174,10.469934082031273,-2.2085724901054364,2.2085724901054364,0.0,Moderada,0.006309926509857178,-0.0004997849464415949,Estable
Coffea arabica,2020-02-16,47,Desarrollo,3.117126568501001,0.909433962264151,2.8348207660707216,0.0,0.1986427754163742,0.2576354742050171,0.4446353912353515,0.5765464901924133,10.033471679687525,-2.8348207660707216,2.8348207660707216,0.0,Moderada,-0.006650388240814181,-0.0010366439819335938,Estable
Coffea arabica,2020-02-17,48,Desarrollo,3.665628234218672,0.911509433962264,3.341254716888755,0.0,0.1877762228250503,0.2560195624828338,0.4204446375370025,0.5728833675384521,9.768212890625025,-3.341254716888755,3.341254716888755,0.0,Moderada,-0.010866552591323908,-0.001615911722183283,Estable
Coffea arabica,2020-02-18,49,Desarrollo,3.492022458866841,0.9135849056603772,3.190259008647782,0.0,0.1857706904411316,0.2548185884952545,0.4159465134143829,0.5704189538955688,9.950219726562525,-3.190259008647782,3.190259008647782,0.0,Moderada,-0.0020055323839187067,-0.0012009739875792902,Estable
Coffea arabica,2020-02-19,50,Desarrollo,2.918052034422252,0.9156603773584906,2.6719446269907903,0.57,0.1872323900461197,0.2538785934448242,0.4191077649593353,0.5682427287101746,11.746820068359398,-2.1019446269907904,2.1019446269907904,0.0,Moderada,0.0014616996049880981,-0.0009399950504302979,Estable
Coffea arabica,2020-02-20,51,Desarrollo,3.314226504146355,0.9177358490566038,3.041584474748655,0.18,0.2236148566007614,0.2550888955593109,0.500618577003479,0.5711452960968018,11.591271972656273,-2.8615844747486547,2.8615844747486547,0.0,Moderada,0.036382466554641724,0.0012103021144866943,Estable
Coffea arabica,2020-02-21,52,Desarrollo,3.139896751369089,0.9198113207547168,2.888112577910247,0.12,0.2261070013046264,0.2548896968364715,0.5061571002006531,0.5707740783691406,11.824792480468773,-2.7681125779102467,2.7681125779102467,0.0,Moderada,0.0024921447038649958,-0.00019919872283941098,Estable
Coffea arabica,2020-02-22,53,Desarrollo,2.396003652736208,0.9218867924528302,2.208844122126248,0.43,0.242223709821701,0.2557536959648132,0.5422936081886292,0.572752058506012,12.420373535156273,-1.7788441221262479,1.7788441221262479,0.0,Baja,0.016116708517074585,0.0008639991283416748,Estable
Coffea arabica,2020-02-23,54,Desarrollo,2.1392010919117426,0.9239622641509434,1.976541084356944,19.53,0.2677009999752044,0.2634223699569702,0.599253237247467,0.5897852778434753,12.508630371093773,17.553458915643056,0.0,17.553458915643056,Cubierta,0.025477290153503418,0.007668673992157038,Aumento
Coffea arabica,2020-02-24,55,Desarrollo,2.3170551880178496,0.9260377358490566,2.1456805401493595,8.55,0.2588692605495453,0.2627563774585724,0.57943195104599,0.5883241295814514,12.572229003906273,6.404319459850641,0.0,6.404319459850641,Cubierta,-0.008831739425659124,-0.0006659924983978271,Estable
Coffea arabica,2020-02-25,56,Desarrollo,2.9252566598674297,0.9281132075471696,2.7149693414882803,0.8,0.2585375607013702,0.2624483406543731,0.5787733197212219,0.5873503684997559,12.687341308593773,-1.9149693414882802,1.9149693414882802,0.0,Baja,-0.00033169984817510434,-0.00030803680419927426,Estable
Coffea arabica,2020-02-26,57,Desarrollo,3.159819723194727,0.930188679245283,2.939228534971699,0.02,0.2571020126342773,0.2623478770256042,0.5756126642227173,0.5871629118919373,12.678430175781273,-2.919228534971699,2.919228534971699,0.0,Moderada,-0.0014355480670928955,-0.0001004636287689209,Estable
Coffea arabica,2020-02-27,58,Desarrollo,3.456607537547279,0.9322641509433962,3.2224712911360576,0.18,0.26055908203125,0.2622732818126678,0.5833175778388977,0.5869681239128113,12.553857421875025,-3.0424712911360574,3.0424712911360574,0.0,Moderada,0.0034570693969727118,-7.459521293640137e-05,Estable
Coffea arabica,2020-02-28,59,Desarrollo,3.371494345365816,0.9343396226415094,3.1501207543870797,0.02,0.2319629490375518,0.2599510252475738,0.5191401839256287,0.5818336009979248,12.552697753906273,-3.1301207543870797,3.1301207543870797,0.0,Moderada,-0.028596132993698203,-0.002322256565093994,Estable
Coffea arabica,2020-02-29,60,Desarrollo,3.6544199817696392,0.9364150943396228,3.422054031985419,0.35,0.2162789553403854,0.258466362953186,0.4841081798076629,0.5786082148551941,11.741845703125025,-3.072054031985419,3.072054031985419,0.0,Moderada,-0.015683993697166387,-0.0014846622943878174,Estable
Coffea arabica,2020-03-01,61,Desarrollo,3.240013985102308,0.9384905660377358,3.040722558848845,72.85,0.203538492321968,0.2566025555133819,0.4556828737258911,0.5743725299835205,11.519921875000025,69.80927744115115,0.0,69.80927744115115,Cubierta,-0.012740463018417414,-0.0018638074398040771,Estable
Coffea arabica,2020-03-02,62,Desarrollo,3.3398924289877967,0.940566037735849,3.1413893883970125,12.14,0.1961739361286163,0.2550231218338012,0.439160019159317,0.5709739923477173,12.152612304687525,8.998610611602988,0.0,8.998610611602988,Cubierta,-0.00736455619335169,-0.0015794336795806885,Estable
Coffea arabica,2020-03-03,63,Desarrollo,3.531389914112611,0.9426415094339622,3.3288347190389818,0.83,0.2070548236370086,0.2545174956321716,0.4635263085365295,0.5699523091316223,12.325585937500025,-2.4988347190389817,2.4988347190389817,0.0,Moderada,0.010880887508392306,-0.0005056262016296387,Estable
Coffea arabica,2020-03-04,64,Desarrollo,3.817984901814575,0.9447169811320756,3.606915170450109,0.0,0.1768831759691238,0.2516687512397766,0.3959431946277618,0.5634123682975769,11.309655761718773,-3.606915170450109,3.606915170450109,0.0,Moderada,-0.0301716476678848,-0.002848744392394964,Estable
Coffea arabica,2020-03-05,65,Desarrollo,4.352237717167281,0.9467924528301886,4.120665823536871,0.0,0.1736954301595688,0.2502045929431915,0.3888481557369232,0.5602402091026306,9.734887695312525,-4.120665823536871,4.120665823536871,0.0,Alta,-0.003187745809555026,-0.0014641582965851385,Estable
Coffea arabica,2020-03-06,66,Desarrollo,4.247409486947092,0.9488679245283018,4.030230624501306,0.0,0.160724401473999,0.2482027560472488,0.3597050309181213,0.5555602312088013,9.301354980468773,-4.030230624501306,4.030230624501306,0.0,Alta,-0.012971028685569791,-0.0020018368959426602,Estable
Coffea arabica,2020-03-07,67,Desarrollo,3.4518025368936005,0.9509433962264152,3.282468827536556,0.81,0.1637406349182129,0.2470306009054184,0.3665027618408203,0.5530008673667908,10.209161376953148,-2.472468827536556,2.472468827536556,0.0,Moderada,0.003016233444213895,-0.0011721551418304166,Estable
Coffea arabica,2020-03-08,68,Desarrollo,2.8986032878309578,0.9530188679245284,2.762423623930975,11.8,0.1728366017341613,0.2463504374027252,0.386936217546463,0.551427960395813,11.088952636718773,9.037576376069026,0.0,9.037576376069026,Cubierta,0.009095966815948403,-0.000680163502693204,Estable
Coffea arabica,2020-03-09,69,Desarrollo,2.4540412289598925,0.9550943396226416,2.343840886980184,6.03,0.1842152625322342,0.2459021210670471,0.4123090803623199,0.5503965020179749,11.448388671875025,3.686159113019816,0.0,3.686159113019816,Cubierta,0.011378660798072898,-0.0004483163356781006,Estable
Coffea arabica,2020-03-10,70,Desarrollo,2.8475698258184265,0.9571698113207548,2.7256078729012976,3.58,0.2477736473083496,0.2499169707298278,0.554608941078186,0.5594798922538757,11.471215820312525,0.8543921270987025,0.0,0.8543921270987025,Cubierta,0.06355838477611542,0.004014849662780706,Estable
Coffea arabica,2020-03-11,71,Desarrollo,3.0986824618183264,0.959245283018868,2.972396535072523,10.22,0.251617431640625,0.2513230741024017,0.5632652640342712,0.5626598596572876,11.851251220703148,7.247603464927478,0.0,7.247603464927478,Cubierta,0.0038437843322753906,0.0014061033725738803,Estable
Coffea arabica,2020-03-12,72,Desarrollo,2.594486676056316,0.9613207547169812,2.494133889529609,3.18,0.246285855770111,0.2508704960346222,0.5514435768127441,0.5615320205688477,11.931726074218773,0.6858661104703914,0.0,0.6858661104703914,Cubierta,-0.005331575870513999,-0.0004525780677794855,Estable
Coffea arabica,2020-03-13,73,Desarrollo,2.5263580448359333,0.9633962264150944,2.4338838069683537,11.32,0.2887640297412872,0.2560513317584991,0.6464170217514038,0.573232114315033,12.091302490234398,8.886116193031647,0.0,8.886116193031647,Cubierta,0.042478173971176175,0.005180835723876898,Aumento
Coffea arabica,2020-03-14,74,Desarrollo,2.292794364677023,0.9654716981132077,2.2136280686891183,14.93,0.2658706605434418,0.259913682937622,0.5950819849967957,0.5817363858222961,12.072656250000025,12.716371931310881,0.0,12.716371931310881,Cubierta,-0.022893369197845403,0.003862351179122925,Estable
Coffea arabica,2020-03-15,75,Desarrollo,2.615711011781474,0.9675471698113208,2.5308237864934715,16.33,0.2686693370342254,0.2639972567558288,0.6013837456703186,0.5909135341644287,12.363122558593773,13.799176213506527,0.0,13.799176213506527,Cubierta,0.002798676490783636,0.004083573818206787,Estable
Coffea arabica,2020-03-16,76,Desarrollo,3.097518737676989,0.969622641509434,3.003424300551329,1.33,0.242931067943573,0.2607799172401428,0.5437864661216736,0.5837200284004211,13.019738769531273,-1.673424300551329,1.673424300551329,0.0,Baja,-0.02573826909065241,-0.0032173395156859796,Estable
Coffea arabica,2020-03-17,77,Desarrollo,3.810480679908264,0.9716981132075472,3.702636887080672,0.0,0.2500636279582977,0.2604047060012817,0.5598828792572021,0.5829643607139587,11.935693359375025,-3.702636887080672,3.702636887080672,0.0,Moderada,0.007132560014724676,-0.0003752112388611395,Estable
Coffea arabica,2020-03-18,78,Desarrollo,3.429303569747668,0.9737735849056603,3.339365230842965,0.0,0.2217862606048584,0.2577000558376312,0.4964143931865692,0.5770552754402161,11.986383056640648,-3.339365230842965,3.339365230842965,0.0,Moderada,-0.028277367353439276,-0.002704650163650457,Estable
Coffea arabica,2020-03-19,79,Desarrollo,3.0694178759915816,0.9758490566037736,2.995288538609143,0.01,0.2795619964599609,0.2649308145046234,0.6258862018585205,0.592998743057251,10.784295654296898,-2.9852885386091432,2.9852885386091432,0.0,Moderada,0.057775735855102484,0.0072307586669921875,Aumento
Coffea arabica,2020-03-20,80,Desarrollo,1.4939680924748744,0.9779245283018868,1.460988042131561,0.18,0.2614538073539734,0.2628643810749054,0.5852376818656921,0.5886270403862,10.679254150390648,-1.2809880421315611,1.2809880421315611,0.0,Baja,-0.018108189105987493,-0.0020664334297180176,Estable
Coffea arabica,2020-03-21,81,Desarrollo,1.7583500856228598,0.98,1.7231830839104023,0.03,0.2740433812141418,0.2664081454277038,0.6136701703071594,0.5964492559432983,10.421411132812525,-1.6931830839104023,1.6931830839104023,0.0,Baja,0.012589573860168402,0.0035437643527984064,Estable
Coffea arabica,2020-03-22,82,Media,3.556217632475733,0.98,3.485093279826218,0.0,0.2572545707225799,0.26518315076828,0.5761153697967529,0.5937525629997253,9.781823730468773,-3.485093279826218,3.485093279826218,0.0,Moderada,-0.01678881049156189,-0.0012249946594238281,Estable
Coffea arabica,2020-03-23,83,Media,3.026920456426764,0.98,2.9663820472982287,0.01,0.2687681019306183,0.2682282328605652,0.6017157435417175,0.6006450653076172,10.701531982421898,-2.956382047298229,2.956382047298229,0.0,Moderada,0.011513531208038386,0.0030450820922852118,Estable
Coffea arabica,2020-03-24,84,Media,2.48034144265086,0.98,2.430734613797843,0.0,0.2440335303544998,0.2656533420085907,0.5462899208068848,0.5947559475898743,10.549432373046898,-2.430734613797843,2.430734613797843,0.0,Moderada,-0.024734571576118497,-0.0025748908519744873,Estable
Coffea arabica,2020-03-25,85,Media,3.132983757906082,0.98,3.0703240827479603,4.35,0.2338432222604751,0.2639497816562652,0.5235876441001892,0.5908638834953308,10.858270263671898,1.2796759172520393,0.0,1.2796759172520393,Cubierta,-0.010190308094024686,-0.001703560352325495,Estable
Coffea arabica,2020-03-26,86,Media,3.216614631616496,0.98,3.152282338984166,2.25,0.2843395471572876,0.2734195291996002,0.6365152597427368,0.6122133731842041,11.431176757812525,-0.9022823389841661,0.9022823389841661,0.0,Baja,0.050496324896812494,0.009469747543335016,Aumento
Coffea arabica,2020-03-27,87,Media,3.3215727420686583,0.98,3.255141287227285,0.18,0.2635979652404785,0.2715934514999389,0.5901396870613098,0.6080759763717651,12.330316162109398,-3.075141287227285,3.075141287227285,0.0,Moderada,-0.020741581916809082,-0.0018260776996613104,Estable
Coffea arabica,2020-03-28,88,Media,3.3271949309264675,0.98,3.260651032307938,0.0,0.2531955540180206,0.2694453001022339,0.5667470693588257,0.6033211946487427,11.557153320312525,-3.260651032307938,3.260651032307938,0.0,Moderada,-0.010402411222457941,-0.0021481513977050226,Estable
Coffea arabica,2020-03-29,89,Media,3.183669345592364,0.98,3.119995958680516,0.36,0.2232374250888824,0.2665849328041076,0.4997977614402771,0.5968359112739563,10.112084960937525,-2.7599959586805163,2.7599959586805163,0.0,Moderada,-0.029958128929138184,-0.002860367298126276,Estable
Coffea arabica,2020-03-30,90,Media,2.550843030742843,0.98,2.499826170127986,12.26,0.2029734700918197,0.2642343938350677,0.454388827085495,0.5917019248008728,11.640496826171898,9.760173829872013,0.0,9.760173829872013,Cubierta,-0.020263954997062683,-0.002350538969039917,Estable
Coffea arabica,2020-03-31,91,Media,2.3706443417071856,0.98,2.3232314548730417,13.94,0.2005254924297332,0.2630885243415832,0.4488885998725891,0.5888931155204773,12.311975097656273,11.616768545126957,0.0,11.616768545126957,Cubierta,-0.0024479776620865146,-0.001145869493484497,Estable
Coffea arabica,2020-04-01,92,Media,2.522888057474769,0.98,2.4724302963252733,13.63,0.2240067273378372,0.2632297873497009,0.5015571117401123,0.5891873240470886,12.607232666015648,11.157569703674728,0.0,11.157569703674728,Cubierta,0.023481234908104,0.0001412630081177313,Estable
Coffea arabica,2020-04-02,93,Media,2.5323071063014786,0.98,2.481660964175449,0.51,0.2758886218070984,0.2711183726787567,0.6175916790962219,0.6071338057518005,12.400231933593773,-1.971660964175449,1.971660964175449,0.0,Baja,0.0518818944692612,0.007888585329055786,Aumento
Coffea arabica,2020-04-03,94,Media,2.6271785844235063,0.98,2.574635012735036,4.01,0.2659236192703247,0.2712969481945038,0.5954230427742004,0.6072812080383301,11.971063232421898,1.4353649872649639,0.0,1.4353649872649639,Cubierta,-0.009965002536773682,0.0001785755157470703,Estable
Coffea arabica,2020-04-04,95,Media,2.631227149463299,0.98,2.578602606474033,13.38,0.2443749606609344,0.2690936326980591,0.5469956994056702,0.602382481098175,11.662469482421898,10.801397393525967,0.0,10.801397393525967,Cubierta,-0.021548658609390314,-0.002203315496444702,Estable
Coffea arabica,2020-04-05,96,Media,2.946154645803796,0.98,2.8872315528877204,6.21,0.2137376368045807,0.2659193873405456,0.4783735871315002,0.5953014492988586,13.015100097656273,3.3227684471122796,0.0,3.3227684471122796,Cubierta,-0.030637323856353704,-0.0031742453575134832,Estable
Coffea arabica,2020-04-06,97,Media,2.3361058897670874,0.98,2.2893837719717456,23.66,0.2832644879817962,0.2733738720417022,0.6341358423233032,0.6120943427085876,12.442376708984398,21.370616228028254,0.0,21.370616228028254,Cubierta,0.06952685117721552,0.007454484701156616,Aumento
Coffea arabica,2020-04-07,98,Media,2.8235723243522544,0.98,2.767100877865209,1.37,0.3046170771121979,0.2882801592350006,0.6819403171539307,0.645259439945221,11.765863037109398,-1.397100877865209,1.397100877865209,0.0,Baja,0.021352589130401667,0.014906287193298395,Aumento
Coffea arabica,2020-04-08,99,Media,2.579785188348954,0.98,2.528189484581975,0.01,0.256966769695282,0.281900942325592,0.5752382278442383,0.6312613487243652,11.818231201171898,-2.518189484581975,2.518189484581975,0.0,Moderada,-0.047650307416915894,-0.006379216909408625,Disminución
Coffea arabica,2020-04-09,100,Media,2.502048930341428,0.98,2.4520079517346,5.67,0.2632371485233307,0.2805583775043487,0.5894350409507751,0.6280880570411682,12.382135009765648,3.2179920482654,0.0,3.2179920482654,Cubierta,0.006270378828048706,-0.0013425648212432861,Estable
Coffea arabica,2020-04-10,101,Media,2.748002778812846,0.98,2.693042723236589,10.78,0.2536020278930664,0.2785641252994537,0.5677119493484497,0.6235864758491516,12.384851074218773,8.08695727676341,0.0,8.08695727676341,Cubierta,-0.009635120630264282,-0.0019942522048950195,Estable
Coffea arabica,2020-04-11,102,Media,2.1904408175685526,0.98,2.1466320012171813,11.22,0.2507103085517883,0.2779609858989715,0.5611761212348938,0.6223846673965454,11.232232666015648,9.07336799878282,0.0,9.07336799878282,Cubierta,-0.0028917193412781317,-0.0006031394004821777,Estable
Coffea arabica,2020-04-12,103,Media,3.1211472500048454,0.98,3.0587243050047483,1.49,0.283517986536026,0.2840209007263183,0.6344996094703674,0.6356989145278931,11.581750488281273,-1.5687243050047484,1.5687243050047484,0.0,Baja,0.032807677984237726,0.006059914827346802,Aumento
Coffea arabica,2020-04-13,104,Media,3.7334030069544064,0.98,3.658734946815318,0.64,0.2301941663026809,0.2793667316436767,0.5152503848075867,0.6254781484603882,11.344110107421898,-3.018734946815318,3.018734946815318,0.0,Moderada,-0.05332382023334509,-0.0046541690826416016,Estable
Coffea arabica,2020-04-14,105,Media,3.385449292858578,0.98,3.3177403070014067,0.48,0.2501223981380462,0.2789831161499023,0.560073971748352,0.6245298981666565,12.416467285156273,-2.8377403070014067,2.8377403070014067,0.0,Moderada,0.019928231835365295,-0.00038361549377441406,Estable
Coffea arabica,2020-04-15,106,Media,2.568026783405522,0.98,2.5166662477374118,1.67,0.2361091822385788,0.2771470844745636,0.5286099314689636,0.6206106543540955,11.727471923828148,-0.8466662477374118,0.8466662477374118,0.0,Baja,-0.014013215899467413,-0.0018360316753386896,Estable
Coffea arabica,2020-04-16,107,Media,3.093421749481525,0.98,3.0315533144918945,0.45,0.2384891659021377,0.2761068940162658,0.5337837338447571,0.6180773973464966,12.009973144531273,-2.5815533144918943,2.5815533144918943,0.0,Moderada,0.0023799836635589044,-0.001040190458297785,Estable
Coffea arabica,2020-04-17,108,Media,2.4743830297632456,0.98,2.424895369167981,0.36,0.2434961348772049,0.2759918868541717,0.5450820326805115,0.617851734161377,11.538934326171898,-2.064895369167981,2.064895369167981,0.0,Moderada,0.005006968975067194,-0.00011500716209411621,Estable
Coffea arabica,2020-04-18,109,Media,2.23434610023789,0.98,2.189659178233132,1.94,0.2200187444686889,0.2736431658267975,0.4926237165927887,0.6124780774116516,11.407861328125025,-0.2496591782331321,0.2496591782331321,0.0,Baja,-0.023477390408515986,-0.002348721027374212,Estable
Coffea arabica,2020-04-19,110,Media,2.556302616112022,0.98,2.5051765637897816,11.51,0.2208987474441528,0.2730054259300232,0.4945263564586639,0.6111860275268555,10.943811035156273,9.004823436210218,0.0,9.004823436210218,Cubierta,0.0008800029754638949,-0.000637739896774292,Estable
Coffea arabica,2020-04-20,111,Media,3.000688655567568,0.98,2.940674882456217,14.03,0.2254912704229354,0.2725829482078552,0.5048649907112122,0.6102330088615417,11.530175781250025,11.089325117543783,0.0,11.089325117543783,Cubierta,0.004592522978782598,-0.00042247772216796875,Estable
Coffea arabica,2020-04-21,112,Media,2.484278657685948,0.98,2.434593084532229,12.34,0.2286286950111389,0.2717643678188324,0.5117641091346741,0.6085439324378967,11.718957519531273,9.905406915467772,0.0,9.905406915467772,Cubierta,0.0031374245882034857,-0.0008185803890228271,Estable
Coffea arabica,2020-04-22,113,Media,2.547582601264165,0.98,2.4966309492388814,3.69,0.2255481928586959,0.2706317901611328,0.5050390958786011,0.6057701110839844,11.604150390625025,1.1933690507611185,0.0,1.1933690507611185,Cubierta,-0.0030805021524429876,-0.001132577657699585,Estable
Coffea arabica,2020-04-23,114,Media,2.4331279022078816,0.98,2.384465344163724,4.07,0.282408058643341,0.277260810136795,0.6320677399635315,0.6205888986587524,11.109979248046898,1.6855346558362765,0.0,1.6855346558362765,Cubierta,0.05685986578464511,0.006629019975662176,Aumento
Coffea arabica,2020-04-24,115,Media,3.602164808568888,0.98,3.53012151239751,3.6,0.2774258553981781,0.2801449298858642,0.6212552785873413,0.6271358728408813,11.013452148437525,0.06987848760249005,0.0,0.06987848760249005,Cubierta,-0.004982203245162908,0.002884119749069214,Estable
Coffea arabica,2020-04-25,116,Media,3.6421246252385537,0.98,3.5692821327337825,0.89,0.252183735370636,0.2772245705127716,0.564588189125061,0.6205685138702393,11.884576416015648,-2.6792821327337824,2.6792821327337824,0.0,Moderada,-0.025242120027542114,-0.002920359373092596,Estable
Coffea arabica,2020-04-26,117,Media,3.2750924383669004,0.98,3.2095905895995624,0.39,0.214451715350151,0.2738314568996429,0.4801662862300873,0.6130648255348206,10.058068847656273,-2.8195905895995623,2.8195905895995623,0.0,Moderada,-0.03773202002048498,-0.0033931136131287176,Estable
Coffea arabica,2020-04-27,118,Media,3.3073257435316203,0.98,3.241179228660988,1.11,0.2274602800607681,0.2732399106025696,0.5090691447257996,0.6116491556167603,11.024560546875025,-2.1311792286609883,2.1311792286609883,0.0,Moderada,0.013008564710617093,-0.0005915462970733087,Estable
Coffea arabica,2020-04-28,119,Media,2.9114449729585474,0.98,2.853216073499377,6.16,0.2182606756687164,0.2714687585830688,0.4885684847831726,0.6075807809829712,11.213891601562525,3.306783926500623,0.0,3.306783926500623,Cubierta,-0.009199604392051697,-0.001771152019500788,Estable
Coffea arabica,2020-04-29,120,Media,2.569877814533544,0.98,2.518480258242873,2.49,0.225150391459465,0.2705267369747162,0.5040437579154968,0.6057178378105164,11.773095703125025,-0.028480258242872925,0.028480258242872925,0.0,Baja,0.006889715790748596,-0.0009420216083526056,Estable
Coffea arabica,2020-04-30,121,Media,2.4907310361180386,0.98,2.440916415395678,13.78,0.2356075048446655,0.2705721259117126,0.5274770855903625,0.6057619452476501,12.028833007812525,11.339083584604321,0.0,11.339083584604321,Cubierta,0.0104571133852005,4.538893699640445e-05,Estable
Coffea arabica,2020-05-01,122,Media,1.9281911318489604,0.98,1.889627309211981,10.34,0.2406628280878067,0.2704663574695587,0.5386015176773071,0.6055603623390198,11.751000976562525,8.450372690788019,0.0,8.450372690788019,Cubierta,0.005055323243141202,-0.00010576844215387515,Estable
Coffea arabica,2020-05-02,123,Media,2.398009187072448,0.98,2.350049003330999,6.65,0.2473119348287582,0.2713973522186279,0.5537124276161194,0.6076388955116272,11.565698242187525,4.2999509966690015,0.0,4.2999509966690015,Cubierta,0.00664910674095151,0.0009309947490691584,Estable
Coffea arabica,2020-05-03,124,Media,2.452086179238459,0.98,2.40304445565369,8.0,0.232431098818779,0.2701475918292999,0.5204673409461975,0.6046335101127625,12.361871337890648,5.59695554434631,0.0,5.59695554434631,Cubierta,-0.01488083600997922,-0.0012497603893279474,Estable
Coffea arabica,2020-05-04,125,Media,2.878340997625268,0.98,2.8207741776727624,0.54,0.2389140427112579,0.2696700394153595,0.5349622964859009,0.6036849021911621,11.366296386718773,-2.2807741776727624,2.2807741776727624,0.0,Moderada,0.006482943892478915,-0.0004775524139404297,Estable
Coffea arabica,2020-05-05,126,Media,2.735042161775325,0.98,2.6803413185398184,0.33,0.2286075055599212,0.2682690322399139,0.511755645275116,0.6006035804748535,11.830316162109398,-2.3503413185398183,2.3503413185398183,0.0,Moderada,-0.010306537151336698,-0.0014010071754456122,Estable
Coffea arabica,2020-05-06,127,Media,2.7599698526081,0.98,2.7047704555559378,23.26,0.2379012107849121,0.2681674659252167,0.5325181484222412,0.6004127264022827,11.598168945312525,20.555229544444064,0.0,20.555229544444064,Cubierta,0.0092937052249909,-0.00010156631469721011,Estable
Coffea arabica,2020-05-07,128,Media,2.3692243829139072,0.98,2.321839895255629,10.52,0.2342580556869506,0.2673550546169281,0.5243942141532898,0.5983250737190247,11.992364501953148,8.198160104744371,0.0,8.198160104744371,Cubierta,-0.003643155097961509,-0.0008124113082885742,Estable
Coffea arabica,2020-05-08,129,Media,2.018374595772705,0.98,1.9780071038572509,3.36,0.2543240487575531,0.2683139741420746,0.5692935585975647,0.6004765033721924,10.853509521484398,1.381992896142749,0.0,1.381992896142749,Cubierta,0.0200659930706025,0.0009589195251464844,Estable
Coffea arabica,2020-05-09,130,Media,2.3629387686425987,0.98,2.3156799932697467,9.36,0.2710512280464172,0.2707079350948334,0.6067816019058228,0.6062122583389282,10.367639160156273,7.044320006730253,0.0,7.044320006730253,Cubierta,0.01672717928886408,0.002393960952758789,Estable
Coffea arabica,2020-05-10,131,Media,3.110750993883749,0.98,3.048535974006074,5.36,0.2577276229858398,0.2700836658477783,0.576809823513031,0.6047849059104919,11.502587890625025,2.3114640259939265,0.0,2.3114640259939265,Cubierta,-0.013323605060577393,-0.0006242692470550537,Estable
Coffea arabica,2020-05-11,132,Media,2.8929174719843203,0.98,2.8350591225446338,2.2,0.2311294376850128,0.2677622437477112,0.5175451636314392,0.5994083285331726,12.118920898437525,-0.6350591225446336,0.6350591225446336,0.0,Baja,-0.026598185300827,-0.0023214221000671387,Estable
Coffea arabica,2020-05-12,133,Media,2.96787129725583,0.98,2.908513871310713,15.92,0.2158661037683487,0.2651923596858978,0.4833025932312011,0.593776524066925,12.895776367187525,13.011486128689286,0.0,13.011486128689286,Cubierta,-0.015263333916664096,-0.0025698840618133545,Estable
Coffea arabica,2020-05-13,134,Media,2.572155974588492,0.98,2.5207128550967224,2.78,0.2349113970994949,0.2654805183410644,0.5257561206817627,0.5943794846534729,11.608911132812525,0.2592871449032774,0.0,0.2592871449032774,Cubierta,0.019045293331146212,0.00028815865516657047,Estable
Coffea arabica,2020-05-14,135,Media,2.810431478370752,0.98,2.754222848803337,2.52,0.2558269798755646,0.2666885256767273,0.5726211071014404,0.5970319509506226,12.014672851562525,-0.23422284880333688,0.23422284880333688,0.0,Baja,0.02091558277606967,0.0012080073356628973,Estable
Coffea arabica,2020-05-15,136,Media,2.8951729513671056,0.98,2.837269492339764,0.57,0.2416178882122039,0.2659331560134887,0.5407572984695435,0.5952630639076233,11.512231445312525,-2.2672694923397643,2.2672694923397643,0.0,Moderada,-0.014209091663360679,-0.0007553696632385809,Estable
Coffea arabica,2020-05-16,137,Media,2.9014866716508734,0.98,2.843456938217856,0.28,0.2390032112598419,0.2650797367095947,0.5350504517555237,0.5933128595352173,11.556604003906273,-2.563456938217856,2.563456938217856,0.0,Moderada,-0.002614676952362005,-0.0008534193038939875,Estable
Coffea arabica,2020-05-17,138,Media,2.430553932931653,0.98,2.38194285427302,4.79,0.2366593033075332,0.2645877003669739,0.5297552347183228,0.5920823216438293,11.579248046875025,2.40805714572698,0.0,2.40805714572698,Cubierta,-0.0023439079523086825,-0.0004920363426208496,Estable
Coffea arabica,2020-05-18,139,Media,2.5932052343502026,0.98,2.5413411296631985,7.85,0.2477447688579559,0.2650832235813141,0.5546221137046814,0.5933219194412231,11.306756591796898,5.308658870336801,0.0,5.308658870336801,Cubierta,0.011085465550422696,0.00049552321434021,Estable
Coffea arabica,2020-05-19,140,Media,2.617580670435277,0.98,2.5652290570265714,7.13,0.2527722418308258,0.265298068523407,0.5661026835441589,0.5939779281616211,11.037896728515648,4.5647709429734284,0.0,4.5647709429734284,Cubierta,0.005027472972869901,0.0002148449420928955,Estable
Coffea arabica,2020-05-20,141,Media,3.030874330796454,0.98,2.970256844180525,0.29,0.225763514637947,0.262932151556015,0.5055040121078491,0.5888035297393799,10.868127441406273,-2.680256844180525,2.680256844180525,0.0,Moderada,-0.027008727192878806,-0.0023659169673919678,Estable
Coffea arabica,2020-05-21,142,Media,2.645177684082293,0.98,2.592274130400647,1.33,0.2204947471618652,0.261577308177948,0.4935763776302337,0.5855982899665833,11.206323242187525,-1.2622741304006468,1.2622741304006468,0.0,Baja,-0.005268767476081793,-0.0013548433780670166,Estable
Coffea arabica,2020-05-22,143,Media,2.47680528230496,0.98,2.4272691766588608,1.9,0.2345729917287826,0.2619511783123016,0.5250754952430725,0.5863019227981567,11.613427734375025,-0.5272691766588609,0.5272691766588609,0.0,Baja,0.014078244566917392,0.0003738701343535822,Estable
Coffea arabica,2020-05-23,144,Media,2.786903804089937,0.98,2.731165728008138,11.61,0.2522239089012146,0.2633793652057647,0.5644785165786743,0.5895261168479919,11.656213378906273,8.878834271991861,0.0,8.878834271991861,Cubierta,0.017650917172432,0.0014281868934631348,Estable
Coffea arabica,2020-05-24,145,Media,2.727091997821309,0.98,2.6725501578648827,2.05,0.2319868057966232,0.2615297734737396,0.5193046927452087,0.5854007601737976,10.945214843750025,-0.6225501578648829,0.6225501578648829,0.0,Baja,-0.020237103104591397,-0.001849591732025091,Estable
Coffea arabica,2020-05-25,146,Media,2.820456232366088,0.98,2.764047107718766,1.01,0.2377344369888305,0.2610085010528564,0.5320727825164795,0.584338366985321,11.805902099609398,-1.754047107718766,1.754047107718766,0.0,Baja,0.005747631192207309,-0.0005212724208832342,Estable
Coffea arabica,2020-05-26,147,Media,2.3933592161916977,0.98,2.345492031867864,9.8,0.2561526894569397,0.2622886002063751,0.5734153389930725,0.5871784090995789,11.640283203125025,7.454507968132137,0.0,7.454507968132137,Cubierta,0.018418252468109186,0.0012800991535187323,Estable
Coffea arabica,2020-05-27,148,Media,2.2622761158194904,0.98,2.2170305935031007,7.2,0.2856523394584656,0.2661807537078857,0.6396353840827942,0.595686674118042,11.486749267578148,4.982969406496899,0.0,4.982969406496899,Cubierta,0.02949965000152588,0.0038921535015105646,Estable
Coffea arabica,2020-05-28,149,Media,2.057609455690836,0.98,2.016457266577019,2.72,0.2728628516197204,0.2688995599746704,0.6106851696968079,0.6021209359169006,10.612176513671898,0.7035427334229811,0.0,0.7035427334229811,Cubierta,-0.012789487838745173,0.0027188062667847235,Estable
Coffea arabica,2020-05-29,150,Media,2.415427081918572,0.98,2.3671185402802,10.55,0.2732718884944916,0.2702650725841522,0.611635148525238,0.6051098108291626,11.005395507812525,8.1828814597198,0.0,8.1828814597198,Cubierta,0.0004090368747711737,0.0013655126094818115,Estable
Coffea arabica,2020-05-30,151,Media,2.139467343224204,0.98,2.09667799635972,8.38,0.2888292074203491,0.279152512550354,0.6466822028160095,0.625141441822052,11.146142578125025,6.283322003640281,0.0,6.283322003640281,Cubierta,0.015557318925857544,0.008887439966201782,Aumento
Coffea arabica,2020-05-31,152,Media,2.565237851571957,0.98,2.513933094540518,10.44,0.2855507135391235,0.283186137676239,0.6390745043754578,0.6339444518089294,10.869653320312525,7.926066905459482,0.0,7.926066905459482,Cubierta,-0.0032784938812256414,0.00403362512588501,Estable
Coffea arabica,2020-06-01,153,Media,2.658302603171614,0.98,2.6051365511081817,11.39,0.3092931509017944,0.2937643229961395,0.6924387216567993,0.6575907468795776,10.975061035156273,8.78486344889182,0.0,8.78486344889182,Cubierta,0.0237424373626709,0.010578185319900513,Aumento
Coffea arabica,2020-06-02,154,Media,2.7040065304478773,0.98,2.6499263998389195,18.85,0.2968324422836303,0.2960154116153717,0.6644288301467896,0.6625398397445679,10.489831542968773,16.200073600161083,0.0,16.200073600161083,Cubierta,-0.012460708618164062,0.0022510886192321777,Estable
Coffea arabica,2020-06-03,155,Media,2.238667311039088,0.98,2.193893964818306,9.12,0.2673429250717163,0.2915054857730865,0.5984349846839905,0.6525474190711975,10.714898681640648,6.926106035181693,0.0,6.926106035181693,Cubierta,-0.029489517211914007,-0.004509925842285212,Estable
Coffea arabica,2020-06-04,156,Media,2.5687987591468144,0.98,2.517422783963878,14.2,0.2730558514595032,0.2906244993209839,0.6113665103912354,0.6505253314971924,10.686547851562525,11.68257721603612,0.0,11.68257721603612,Cubierta,0.005712926387786865,-0.0008809864521026056,Estable
Coffea arabica,2020-06-05,157,Media,2.484068246576048,0.98,2.4343868816445267,4.67,0.2653853297233581,0.2893108129501343,0.5941668748855591,0.6476714015007019,10.923913574218773,2.2356131183554733,0.0,2.2356131183554733,Cubierta,-0.007670521736145075,-0.0013136863708496094,Estable
Coffea arabica,2020-06-06,158,Media,1.8128024460528045,0.98,1.7765463971317483,1.34,0.2881152927875519,0.2901138365268707,0.6448802947998047,0.6493204832077026,11.009271240234398,-0.43654639713174825,0.43654639713174825,0.0,Baja,0.02272996306419378,0.0008030235767364502,Estable
Coffea arabica,2020-06-07,159,Media,2.739173381945751,0.98,2.684389914306836,81.19,0.2846335172653198,0.292022168636322,0.6373379230499268,0.6536946296691895,10.367028808593773,78.50561008569316,0.0,78.50561008569316,Cubierta,-0.0034817755222320557,0.001908332109451294,Estable
Coffea arabica,2020-06-08,160,Media,2.718616921607002,0.98,2.6642445831748622,6.66,0.273553192615509,0.2908904552459717,0.6123712062835693,0.6512407064437866,10.827233886718773,3.995755416825138,0.0,3.995755416825138,Cubierta,-0.011080324649810847,-0.0011317133903503418,Estable
Coffea arabica,2020-06-09,161,Media,2.951362862393648,0.98,2.892335605145775,1.24,0.2667451798915863,0.2898691296577453,0.5973590612411499,0.6488307118415833,10.159326171875025,-1.652335605145775,1.652335605145775,0.0,Baja,-0.006808012723922674,-0.0010213255882263739,Estable
Coffea arabica,2020-06-10,162,Media,2.5577232191741177,0.98,2.5065687547906355,6.17,0.2507591545581817,0.2880166172981262,0.561213493347168,0.6447206735610962,10.290490722656273,3.6634312452093645,0.0,3.6634312452093645,Cubierta,-0.015986025333404597,-0.0018525123596190851,Estable
Coffea arabica,2020-06-11,163,Media,2.715503792710568,0.98,2.6611937168563564,8.47,0.2864702045917511,0.2908141016960144,0.6412135362625122,0.6509455442428589,11.015161132812525,5.808806283143644,0.0,5.808806283143644,Cubierta,0.03571105003356939,0.0027974843978881836,Estable
Coffea arabica,2020-06-12,164,Media,2.5638768888176577,0.98,2.5125993510413047,14.22,0.3009273111820221,0.2969821393489837,0.6736097931861877,0.6648604273796082,10.677148437500025,11.707400648958696,0.0,11.707400648958696,Cubierta,0.014457106590270996,0.006168037652969305,Aumento
Coffea arabica,2020-06-13,165,Media,2.4620985622011644,0.98,2.412856590957141,3.67,0.2976227402687073,0.2992972135543823,0.6664075255393982,0.6699014902114868,10.242028808593773,1.2571434090428588,0.0,1.2571434090428588,Cubierta,-0.0033045709133148193,0.002315074205398615,Estable
Coffea arabica,2020-06-14,166,Media,2.084051426255766,0.98,2.0423703977306507,4.19,0.2643720507621765,0.2953957021236419,0.591911792755127,0.6613690257072449,10.095056152343773,2.1476296022693497,0.0,2.1476296022693497,Cubierta,-0.03325068950653076,-0.003901511430740412,Estable
Coffea arabica,2020-06-15,167,Media,2.3417811697807616,0.98,2.2949455463851463,3.3,0.2674851715564728,0.2944069802761078,0.5987191796302795,0.6592147350311279,10.437097167968773,1.0050544536148536,0.0,1.0050544536148536,Cubierta,0.0031131207942962646,-0.0009887218475341242,Estable
Coffea arabica,2020-06-16,168,Media,2.624535204063843,0.98,2.572044499982566,24.19,0.2773372232913971,0.2945739030838012,0.6208609342575073,0.6595761775970459,9.830865478515648,21.617955500017434,0.0,21.617955500017434,Cubierta,0.009852051734924316,0.00016692280769342593,Estable
Coffea arabica,2020-06-17,169,Media,2.3881215725094846,0.98,2.3403591410592948,3.66,0.3378816545009613,0.3080926537513733,0.7563563585281372,0.6895241737365723,10.432580566406273,1.3196408589407054,0.0,1.3196408589407054,Cubierta,0.06054443120956421,0.013518750667572077,Aumento
Coffea arabica,2020-06-18,170,Media,2.1505486057073933,0.98,2.107537633593245,9.3,0.3119906485080719,0.3117201030254364,0.6983691453933716,0.6978093981742859,10.569177246093773,7.1924623664067555,0.0,7.1924623664067555,Cubierta,-0.025891005992889404,0.0036274492740631104,Estable
Coffea arabica,2020-06-19,171,Media,2.625550962358098,0.98,2.573039943110936,2.98,0.3045967817306518,0.3117006123065948,0.6820680499076843,0.6977583765983582,10.590539550781273,0.4069600568890639,0.0,0.4069600568890639,Cubierta,-0.0073938667774200995,-1.9490718841608246e-05,Estable
Coffea arabica,2020-06-20,172,Media,2.2920063116831955,0.98,2.2461661854495314,14.11,0.2824029624462127,0.3084666430950165,0.6322697401046753,0.6904463768005371,10.805566406250025,11.863833814550468,0.0,11.863833814550468,Cubierta,-0.022193819284439087,-0.0032339692115783136,Estable
Coffea arabica,2020-06-21,173,Media,2.257360839406208,0.98,2.2122136226180835,8.9,0.3167153298854828,0.316115140914917,0.7089596390724182,0.7076708078384399,10.497857666015648,6.687786377381917,0.0,6.687786377381917,Cubierta,0.034312367439270075,0.007648497819900513,Aumento
Coffea arabica,2020-06-22,174,Media,2.3250206097262325,0.98,2.278520197531708,2.47,0.3132871985435486,0.316822737455368,0.7015116214752197,0.7090710401535034,10.863580322265648,0.191479802468292,0.0,0.191479802468292,Cubierta,-0.003428131341934204,0.0007075965404509943,Estable
Coffea arabica,2020-06-23,175,Media,2.3704448903759103,0.98,2.323035992568392,9.37,0.290557861328125,0.3141195774078369,0.6503105759620667,0.7031655311584473,10.669610595703148,7.046964007431607,0.0,7.046964007431607,Cubierta,-0.022729337215423584,-0.0027031600475310724,Estable
Coffea arabica,2020-06-24,176,Media,3.148572349367163,0.98,3.08560090237982,0.63,0.2990307807922363,0.3141559660434723,0.6694256663322449,0.7032604813575745,10.649011230468773,-2.45560090237982,2.45560090237982,0.0,Moderada,0.008472919464111273,3.6388635635375977e-05,Estable
Coffea arabica,2020-06-25,177,Media,2.544783578529234,0.98,2.493887906958649,8.39,0.2704015970230102,0.3112428784370422,0.6052783727645874,0.6967867612838745,9.500268554687525,5.896112093041351,0.0,5.896112093041351,Cubierta,-0.028629183769226074,-0.0029130876064301092,Estable
Coffea arabica,2020-06-26,178,Media,2.3957918239572056,0.98,2.3478759874780613,4.63,0.276016354560852,0.3107582628726959,0.6178601980209351,0.6958411335945129,10.581964111328148,2.2821240125219386,0.0,2.2821240125219386,Cubierta,0.005614757537841797,-0.00048461556434625797,Estable
Coffea arabica,2020-06-27,179,Media,2.617258873886409,0.98,2.5649136964086807,8.91,0.2702734470367431,0.3096157908439636,0.6050642728805542,0.693115234375,10.360650634765648,6.345086303591319,0.0,6.345086303591319,Cubierta,-0.005742907524108887,-0.0011424720287322998,Estable
Coffea arabica,2020-06-28,180,Media,2.0615617792104635,0.98,2.020330543626254,9.63,0.3019844591617584,0.3103122413158417,0.6760249137878418,0.6944863200187683,10.316949462890648,7.609669456373746,0.0,7.609669456373746,Cubierta,0.031711012125015314,0.0006964504718780518,Estable
Coffea arabica,2020-06-29,181,Media,2.5509195890948337,0.98,2.499901197312937,0.71,0.3037254810333252,0.3122680485248565,0.6800022721290588,0.6991321444511414,10.576013183593773,-1.789901197312937,1.789901197312937,0.0,Baja,0.0017410218715667725,0.001955807209014837,Estable
Coffea arabica,2020-06-30,182,Media,3.086926183411696,0.98,3.025187659743462,0.19,0.2816466689109802,0.3103119134902954,0.630571722984314,0.6945595741271973,10.410363769531273,-2.835187659743462,2.835187659743462,0.0,Moderada,-0.02207881212234497,-0.0019561350345611017,Estable
Coffea arabica,2020-07-01,183,Media,2.430329012946636,0.98,2.381722432687703,16.17,0.2630690634250641,0.3079206943511963,0.588817298412323,0.6894156336784363,10.346032714843773,13.7882775673123,0.0,13.7882775673123,Cubierta,-0.018577605485916138,-0.002391219139099121,Estable
Coffea arabica,2020-07-02,184,Media,2.198125882437364,0.98,2.1541633647886163,4.26,0.3231093287467956,0.3193024694919586,0.723355770111084,0.7148823142051697,10.503503417968773,2.1058366352113835,0.0,2.1058366352113835,Cubierta,0.06004026532173151,0.011381775140762329,Aumento
Coffea arabica,2020-07-03,185,Media,2.427743408693744,0.98,2.379188540519869,13.95,0.3169834613800049,0.3271607458591461,0.7096232175827026,0.7325795888900757,10.029229736328148,11.57081145948013,0.0,11.57081145948013,Cubierta,-0.006125867366790716,0.0078582763671875,Aumento
Coffea arabica,2020-07-04,186,Media,2.195513684247074,0.98,2.1516034105621324,7.92,0.309785783290863,0.3244530260562897,0.6934781670570374,0.7263449430465698,10.251794433593773,5.7683965894378675,0.0,5.7683965894378675,Cubierta,-0.007197678089141901,-0.0027077198028564453,Estable
Coffea arabica,2020-07-05,187,Media,2.8281526305556066,0.98,2.7715895779444946,4.95,0.3185181617736816,0.3277381062507629,0.7131742238998413,0.7334702014923096,10.318017578125025,2.1784104220555056,0.0,2.1784104220555056,Cubierta,0.008732378482818604,0.003285080194473211,Estable
Coffea arabica,2020-07-06,188,Media,2.2157686932494127,0.98,2.1714533193844243,4.08,0.322281926870346,0.3281714618206024,0.7215843200683594,0.7346217036247253,9.922448730468773,1.9085466806155758,0.0,1.9085466806155758,Cubierta,0.0037637650966644287,0.00043335556983953305,Estable
Coffea arabica,2020-07-07,189,Media,2.188824559462479,0.98,2.1450480682732294,17.41,0.3159378468990326,0.3289544582366943,0.7072205543518066,0.736388623714447,10.182183837890648,15.26495193172677,0.0,15.26495193172677,Cubierta,-0.006344079971313421,0.0007829964160918634,Estable
Coffea arabica,2020-07-08,190,Media,2.741095498578465,0.98,2.686273588606896,6.68,0.2939869463443756,0.3263390660285949,0.6582478880882263,0.7307118773460388,10.114770507812525,3.9937264113931037,0.0,3.9937264113931037,Cubierta,-0.021950900554656982,-0.0026153922080993652,Estable
Coffea arabica,2020-07-09,191,Media,2.5346042980756627,0.98,2.483912212114149,7.41,0.2804362177848816,0.3238637745380401,0.6278605461120605,0.7250824570655823,10.114099121093773,4.9260877878858516,0.0,4.9260877878858516,Cubierta,-0.013550728559494019,-0.0024752914905548096,Estable
Coffea arabica,2020-07-10,192,Media,2.426431572830998,0.98,2.377902941374378,8.24,0.2951857149600982,0.3240031898021698,0.6609098315238953,0.7254683375358582,10.270166015625025,5.862097058625622,0.0,5.862097058625622,Cubierta,0.01474949717521662,0.00013941526412969418,Estable
Coffea arabica,2020-07-11,193,Media,2.1658056532895738,0.98,2.1224895402237824,6.36,0.2897041141986847,0.3228892982006073,0.6487152576446533,0.7226464748382568,10.352075195312525,4.237510459776217,0.0,4.237510459776217,Cubierta,-0.005481600761413519,-0.0011138916015625,Estable
Coffea arabica,2020-07-12,194,Media,2.3405212248587364,0.98,2.2937108003615614,0.56,0.3050105273723602,0.3242750465869903,0.6828332543373108,0.7260288000106812,9.654351806640648,-1.7337108003615613,1.7337108003615613,0.0,Baja,0.015306413173675482,0.0013857483863830011,Estable
Coffea arabica,2020-07-13,195,Media,2.451380091526852,0.98,2.402352489696315,6.8,0.3126724064350128,0.3257686793804168,0.7000236511230469,0.7292041182518005,9.925317382812525,4.397647510303685,0.0,4.397647510303685,Cubierta,0.007661879062652643,0.0014936327934265137,Estable
Coffea arabica,2020-07-14,196,Media,2.665210241656593,0.98,2.611906036823461,0.81,0.3036317527294159,0.3250238299369812,0.6797336339950562,0.7276099920272827,10.034509277343773,-1.801906036823461,1.801906036823461,0.0,Baja,-0.009040653705596924,-0.0007448494434356134,Estable
Coffea arabica,2020-07-15,197,Media,2.495493358115805,0.98,2.445583490953489,10.83,0.2793479263782501,0.3221826553344726,0.6255431771278381,0.7213452458381653,9.163598632812525,8.384416509046511,0.0,8.384416509046511,Cubierta,-0.02428382635116577,-0.0028411746025086004,Estable
Coffea arabica,2020-07-16,198,Media,2.736040433177952,0.98,2.6813196245143933,3.44,0.31243696808815,0.3246545791625976,0.6994317770004272,0.7268694639205933,10.275506591796898,0.7586803754856066,0.0,0.7586803754856066,Cubierta,0.0330890417098999,0.002471923828125,Estable
Coffea arabica,2020-07-17,199,Media,2.428120018924399,0.98,2.379557618545911,0.5,0.3006544709205627,0.3233988285064697,0.6729961037635803,0.7240926623344421,9.250634765625025,-1.879557618545911,1.879557618545911,0.0,Baja,-0.011782497167587336,-0.0012557506561278742,Estable
Coffea arabica,2020-07-18,200,Media,2.604058467542848,0.98,2.551977298191991,5.43,0.3160994350910187,0.3259589970111847,0.7076200842857361,0.7297238707542419,10.151879882812525,2.8780227018080087,0.0,2.8780227018080087,Cubierta,0.015444964170455988,0.002560168504714966,Estable
Coffea arabica,2020-07-19,201,Media,2.5480596618422364,0.98,2.497098468605392,0.17,0.3108000755310058,0.3263238668441772,0.6957159638404846,0.7305022478103638,10.245233154296898,-2.327098468605392,2.327098468605392,0.0,Moderada,-0.005299359560012873,0.0003648698329924982,Estable
Coffea arabica,2020-07-20,202,Media,2.227196585964001,0.98,2.182652654244721,0.06,0.302383691072464,0.3249794542789459,0.6770553588867188,0.7275682091712952,10.597711181640648,-2.122652654244721,2.122652654244721,0.0,Moderada,-0.008416384458541815,-0.0013444125652312677,Estable
Coffea arabica,2020-07-21,203,Media,2.301629590214066,0.98,2.255596998409785,1.12,0.3123984038829803,0.3271058797836303,0.69942706823349,0.7323406338691711,10.239434814453148,-1.1355969984097847,1.1355969984097847,0.0,Baja,0.010014712810516302,0.0021264255046843927,Estable
Coffea arabica,2020-07-22,204,Media,2.268378022123183,0.98,2.22301046168072,6.54,0.3150751292705536,0.3271812796592712,0.7053531408309937,0.7324630618095398,10.665826416015648,4.31698953831928,0.0,4.31698953831928,Cubierta,0.0026767253875732977,7.539987564086914e-05,Estable
Coffea arabica,2020-07-23,205,Media,2.306394477833429,0.98,2.2602665882767603,6.29,0.3038578033447265,0.3260747492313385,0.6802176237106323,0.7300010323524475,10.375482177734398,4.02973341172324,0.0,4.02973341172324,Cubierta,-0.011217325925827082,-0.0011065304279326837,Estable
Coffea arabica,2020-07-24,206,Media,2.212165875562139,0.98,2.167922558050896,21.59,0.2934147715568542,0.3242843449115753,0.6568424701690674,0.7258824706077576,10.429467773437525,19.422077441949103,0.0,19.422077441949103,Cubierta,-0.010443031787872314,-0.0017904043197631836,Estable
Coffea arabica,2020-07-25,207,Media,2.0164444372723622,0.98,1.9761155485269148,10.2,0.3024939894676208,0.3246951699256897,0.6772685050964355,0.7266574501991272,10.589501953125025,8.223884451473085,0.0,8.223884451473085,Cubierta,0.009079217910766602,0.0004108250141143799,Estable
Coffea arabica,2020-07-26,208,Media,2.419884543804173,0.98,2.371486852928089,2.77,0.3148154020309448,0.3261139690876007,0.7049610018730164,0.7302734851837158,10.424218750000025,0.398513147071911,0.0,0.398513147071911,Cubierta,0.01232141256332403,0.0014187991619110107,Estable
Coffea arabica,2020-07-27,209,Media,2.832511924205875,0.98,2.775861685721757,1.76,0.292882353067398,0.3240913152694702,0.6556872129440308,0.7256976366043091,9.945031738281273,-1.015861685721757,1.015861685721757,0.0,Baja,-0.02193304896354681,-0.002022653818130493,Estable
Coffea arabica,2020-07-28,210,Media,2.7827849577249806,0.98,2.7271292585704807,0.27,0.288156121969223,0.3227431774139404,0.6450187563896179,0.7224364876747131,10.662652587890648,-2.4571292585704807,2.4571292585704807,0.0,Moderada,-0.004726231098174993,-0.0013481378555298407,Estable
Coffea arabica,2020-07-29,211,Media,2.740730860849649,0.98,2.685916243632656,34.85,0.275371104478836,0.3207527995109558,0.6164708137512207,0.7179450392723083,10.604882812500025,32.16408375636735,0.0,32.16408375636735,Cubierta,-0.012785017490387018,-0.0019903779029845636,Estable
Coffea arabica,2020-07-30,212,Media,2.3789184232119025,0.98,2.3313400547476646,7.93,0.2995287477970123,0.3209858238697052,0.6704126596450806,0.7184776067733765,11.217584228515648,5.598659945252335,0.0,5.598659945252335,Cubierta,0.02415764331817627,0.00023302435874938965,Estable
Coffea arabica,2020-07-31,213,Media,2.5218434003183066,0.98,2.4714065323119403,0.42,0.3086648881435394,0.3229321837425232,0.6910127997398376,0.7228546142578125,10.779992675781273,-2.0514065323119404,2.0514065323119404,0.0,Moderada,0.0091361403465271,0.0019463598728179932,Estable
Coffea arabica,2020-08-01,214,Media,2.9707150420727304,0.98,2.911300741231276,7.9,0.2818538844585418,0.3205595016479492,0.6310203671455383,0.7175159454345703,8.890832519531273,4.988699258768724,0.0,4.988699258768724,Cubierta,-0.02681100368499756,-0.0023726820945739746,Estable
Coffea arabica,2020-08-02,215,Media,2.943715387362909,0.98,2.8848410796156507,0.0,0.251195877790451,0.317154049873352,0.5623787641525269,0.7098089456558228,8.240350341796898,-2.8848410796156507,2.8848410796156507,0.0,Moderada,-0.03065800666809082,-0.0034054517745972235,Estable
Coffea arabica,2020-08-03,216,Media,2.62362723415016,0.98,2.5711546894671566,3.33,0.2433061301708221,0.315034806728363,0.5447359681129456,0.705055832862854,9.046655273437525,0.7588453105328434,0.0,0.7588453105328434,Cubierta,-0.007889747619628906,-0.0021192431449890137,Estable
Coffea arabica,2020-08-04,217,Media,2.250173627391421,0.98,2.2051701548435925,4.04,0.2474228888750076,0.3136782050132751,0.5539115071296692,0.7020902633666992,9.399316406250025,1.8348298451564076,0.0,1.8348298451564076,Cubierta,0.004116758704185514,-0.0013566017150878906,Estable
Coffea arabica,2020-08-05,218,Media,2.019464834552547,0.98,1.979075537861496,0.69,0.2568130493164062,0.3131450414657593,0.57509446144104,0.7010700702667236,9.189599609375025,-1.289075537861496,1.289075537861496,0.0,Baja,0.009390160441398593,-0.0005331635475158136,Estable
Coffea arabica,2020-08-06,219,Media,2.2299493382223186,0.98,2.1853503514578723,0.7,0.264486700296402,0.3129008710384369,0.5920350551605225,0.7003375887870789,9.755853271484398,-1.4853503514578723,1.4853503514578723,0.0,Baja,0.007673650979995783,-0.0002441704273223877,Estable
Coffea arabica,2020-08-07,220,Media,1.9916966081468688,0.98,1.9518626759839317,2.02,0.2644644379615783,0.3119151592254638,0.5921423435211182,0.6984343528747559,10.335473632812525,0.06813732401606831,0.0,0.06813732401606831,Cubierta,-2.226233482366391e-05,-0.000985711812973078,Estable
Coffea arabica,2020-08-08,221,Media,2.2632713245130254,0.98,2.218005898022765,0.5,0.2705996036529541,0.3114596009254455,0.6058299541473389,0.6972251534461975,10.551995849609398,-1.7180058980227648,1.7180058980227648,0.0,Baja,0.006135165691375788,-0.00045555830001831055,Estable
Coffea arabica,2020-08-09,222,Media,1.9865701722251343,0.98,1.946838768780632,0.05,0.2606404721736908,0.3099238872528076,0.5835546255111694,0.6938669681549072,10.602105712890648,-1.8968387687806318,1.8968387687806318,0.0,Baja,-0.009959131479263306,-0.001535713672637884,Estable
Coffea arabica,2020-08-10,223,Media,1.7937236960294296,0.98,1.7578492221088409,0.0,0.2589981257915497,0.3092090487480163,0.5795888304710388,0.6922773122787476,10.672814941406273,-1.7578492221088409,1.7578492221088409,0.0,Baja,-0.0016423463821411133,-0.0007148385047913153,Estable
Coffea arabica,2020-08-11,224,Media,2.1742946397847427,0.98,2.130808746989048,5.74,0.2534675896167755,0.3078462779521942,0.5676363110542297,0.6891252398490906,10.450646972656273,3.6091912530109522,0.0,3.6091912530109522,Cubierta,-0.00553053617477417,-0.001362770795822088,Estable
Coffea arabica,2020-08-12,225,Media,2.6141000051215664,0.98,2.561818005019135,4.18,0.2551489472389221,0.3068863153457641,0.5709740519523621,0.6872153878211975,10.934808349609398,1.6181819949808647,0.0,1.6181819949808647,Cubierta,0.0016813576221466064,-0.0009599626064301092,Estable
Coffea arabica,2020-08-13,226,Media,2.237872623596,0.98,2.19311517112408,6.89,0.2545139491558075,0.3057819604873657,0.5696322321891785,0.6845149397850037,11.265008544921898,4.69688482887592,0.0,4.69688482887592,Cubierta,-0.000634998083114624,-0.001104354858398382,Estable
Coffea arabica,2020-08-14,227,Media,2.484540005391361,0.98,2.434849205283534,1.77,0.26872718334198,0.3060256540775299,0.6015588045120239,0.6850019693374634,10.601464843750025,-0.664849205283534,0.664849205283534,0.0,Baja,0.014213234186172485,0.00024369359016418457,Estable
Coffea arabica,2020-08-15,228,Media,2.8538552155411363,0.98,2.7967781112303136,1.49,0.2803748548030853,0.3066786825656891,0.6278312802314758,0.6865780353546143,11.166589355468773,-1.3067781112303136,1.3067781112303136,0.0,Baja,0.011647671461105347,0.0006530284881591797,Estable
Coffea arabica,2020-08-16,229,Media,2.990275747248057,0.98,2.930470232303096,0.51,0.3175760507583618,0.3125064969062805,0.7108797430992126,0.6995096802711487,10.940820312500025,-2.4204702323030958,2.4204702323030958,0.0,Moderada,0.03720119595527649,0.005827814340591431,Aumento
Coffea arabica,2020-08-17,230,Media,1.8788357180318689,0.98,1.8412590036712315,7.06,0.3184252083301544,0.3253737688064575,0.7127905488014221,0.7283740639686584,11.109124755859398,5.218740996328768,0.0,5.218740996328768,Cubierta,0.0008491575717926025,0.012867271900177002,Aumento
Coffea arabica,2020-08-18,231,Final,2.8557645545842565,0.98,2.7986492634925715,3.44,0.3184865415096283,0.3290927112102508,0.7128015756607056,0.7367488145828247,11.361444091796898,0.6413507365074285,0.0,0.6413507365074285,Cubierta,6.133317947387695e-05,0.0037189424037932794,Estable
Coffea arabica,2020-08-19,232,Final,2.601570165446431,0.9797435897435898,2.548871692864311,2.21,0.3115108013153076,0.3264663219451904,0.6973070502281189,0.7307995557785034,11.377313232421898,-0.33887169286431096,0.33887169286431096,0.0,Baja,-0.006975740194320679,-0.002626389265060425,Estable
Coffea arabica,2020-08-20,233,Final,2.7310656920132046,0.9794871794871794,2.675043831664216,1.96,0.3045455515384674,0.3246589004993438,0.6819000840187073,0.7268807888031006,10.786523437500025,-0.7150438316642163,0.7150438316642163,0.0,Baja,-0.00696524977684021,-0.0018074214458465576,Estable
Coffea arabica,2020-08-21,234,Final,2.611405473147979,0.9792307692307692,2.557168590244137,19.36,0.3043795228004455,0.3244511187076568,0.6814193725585938,0.726169228553772,11.053765869140648,16.80283140975586,0.0,16.80283140975586,Cubierta,-0.0001660287380219061,-0.00020778179168701172,Estable
Coffea arabica,2020-08-22,235,Final,2.1750332001333805,0.9789743589743588,2.129301732848525,16.36,0.2855848670005798,0.3217643797397613,0.6392379999160767,0.7203806638717651,10.640771484375025,14.230698267151475,0.0,14.230698267151475,Cubierta,-0.018794655799865723,-0.002686738967895508,Estable
Coffea arabica,2020-08-23,236,Final,2.49625075155654,0.9787179487179488,2.4431254150490544,11.63,0.287493348121643,0.32098188996315,0.6436470746994019,0.7187856435775757,10.259912109375025,9.186874584950946,0.0,9.186874584950946,Cubierta,0.0019084811210632324,-0.0007824897766112726,Estable
Coffea arabica,2020-08-24,237,Final,3.111714854863547,0.9784615384615384,3.044693304143409,9.29,0.2806963324546814,0.3198042511940002,0.6284027099609375,0.7159678339958191,10.321374511718773,6.2453066958565895,0.0,6.2453066958565895,Cubierta,-0.006797015666961614,-0.0011776387691498358,Estable
Coffea arabica,2020-08-25,238,Final,3.0480092803996484,0.9782051282051282,2.9815783089037584,2.23,0.2821908593177795,0.3187359869480133,0.6318525671958923,0.7135316729545593,10.589807128906273,-0.7515783089037584,0.7515783089037584,0.0,Baja,0.001494526863098089,-0.001068264245986883,Estable
Coffea arabica,2020-08-26,239,Final,2.573138760130563,0.977948717948718,2.516397751573838,0.02,0.2951626777648926,0.3189252018928528,0.6606776118278503,0.7139506936073303,10.309991455078148,-2.496397751573838,2.496397751573838,0.0,Moderada,0.012971818447113093,0.00018921494483947754,Estable
Coffea arabica,2020-08-27,240,Final,2.727120774877928,0.9776923076923076,2.6662850037460357,2.18,0.2954236268997192,0.3187328279018402,0.661333441734314,0.7135234475135803,10.286676025390648,-0.48628500374603556,0.48628500374603556,0.0,Baja,0.00026094913482660465,-0.00019237399101257324,Estable
Coffea arabica,2020-08-28,241,Final,3.517577113021624,0.9774358974358974,3.438206142266264,0.31,0.2736755311489105,0.3164554536342621,0.6127468347549438,0.7081881165504456,9.646081542968773,-3.128206142266264,3.128206142266264,0.0,Moderada,-0.02174809575080866,-0.002277374267578125,Estable
Coffea arabica,2020-08-29,242,Final,3.515728535230613,0.9771794871794872,3.4354978071189395,12.59,0.2571419775485992,0.3139366209506988,0.5757287740707397,0.7027627229690552,8.984002685546898,9.154502192881061,0.0,9.154502192881061,Cubierta,-0.016533553600311335,-0.002518832683563288,Estable
Coffea arabica,2020-08-30,243,Final,2.7586745403083275,0.9769230769230768,2.695012820147366,9.0,0.3014105558395386,0.3156591057777405,0.674803614616394,0.706460177898407,10.498681640625025,6.304987179852634,0.0,6.304987179852634,Cubierta,0.04426857829093939,0.0017224848270416815,Estable
Coffea arabica,2020-08-31,244,Final,2.837479907843657,0.9766666666666668,2.771272043327305,4.3,0.2997584939002991,0.3163677752017975,0.670922040939331,0.7083512544631958,10.664849853515648,1.5287279566726948,0.0,1.5287279566726948,Cubierta,-0.001652061939239502,0.0007086694240570068,Estable
Coffea arabica,2020-09-01,245,Final,2.835634181218321,0.9764102564102564,2.768742297969068,4.18,0.2659398913383484,0.3128703534603119,0.5952511429786682,0.7003318071365356,10.327966308593773,1.4112577020309316,0.0,1.4112577020309316,Cubierta,-0.033818602561950684,-0.0034974217414855957,Estable
Coffea arabica,2020-09-02,246,Final,2.2264651121740635,0.976153846153846,2.1733724825760667,18.14,0.2561396360397339,0.3109828531742096,0.5732231140136719,0.6961082816123962,10.808190917968773,15.966627517423934,0.0,15.966627517423934,Cubierta,-0.009800255298614502,-0.001887500286102295,Estable
Coffea arabica,2020-09-03,247,Final,2.441481175431834,0.9758974358974358,2.3826352188957847,8.0,0.2801523208618164,0.3115240633487701,0.6273844838142395,0.697467029094696,10.604516601562525,5.617364781104215,0.0,5.617364781104215,Cubierta,0.02401268482208252,0.0005412101745604914,Estable
Coffea arabica,2020-09-04,248,Final,2.8303975955980403,0.9756410256410256,2.761452013141165,6.92,0.2709120810031891,0.3103226721286773,0.6064466238021851,0.6946622133255005,10.656793212890648,4.158547986858835,0.0,4.158547986858835,Cubierta,-0.00924023985862732,-0.0012013912200927734,Estable
Coffea arabica,2020-09-05,249,Final,3.2339793876544194,0.9753846153846154,3.15437374118908,10.29,0.2594136893749237,0.3084961771965027,0.5807680487632751,0.6904491186141968,11.309960937500025,7.13562625881092,0.0,7.13562625881092,Cubierta,-0.01149839162826538,-0.001826494932174627,Estable
Coffea arabica,2020-09-06,250,Final,2.9194889608821826,0.9751282051282052,2.846876030316652,5.71,0.2741182148456573,0.3077921271324157,0.6137107610702515,0.6889841556549072,10.371301269531273,2.863123969683348,0.0,2.863123969683348,Cubierta,0.014704525470733587,-0.0007040500640869696,Estable
Coffea arabica,2020-09-07,251,Final,3.091391304402666,0.9748717948717948,3.0137101895740863,3.11,0.3049384951591491,0.3130777478218078,0.6826033592224121,0.7007982730865479,10.995599365234398,0.09628981042591356,0.0,0.09628981042591356,Cubierta,0.03082028031349182,0.00528562068939209,Aumento
Coffea arabica,2020-09-08,252,Final,2.695848530170154,0.9746153846153846,2.627415452096604,0.71,0.3227908611297607,0.3147570490837097,0.7226197719573975,0.70445716381073,9.858544921875025,-1.9174154520966042,1.9174154520966042,0.0,Baja,0.017852365970611572,0.001679301261901911,Estable
Coffea arabica,2020-09-09,253,Final,2.6604624951912386,0.9743589743589745,2.592245508135053,5.95,0.3154214322566986,0.3226740956306457,0.7060243487358093,0.7224037647247314,9.221643066406273,3.3577544918649473,0.0,3.3577544918649473,Cubierta,-0.007369428873062078,0.00791704654693598,Aumento
Coffea arabica,2020-09-10,254,Final,3.05162500884479,0.974102564102564,2.97259574579522,0.16,0.2765334248542785,0.3178228735923767,0.6190535426139832,0.711499810218811,8.903802490234398,-2.8125957457952198,2.8125957457952198,0.0,Moderada,-0.0388880074024201,-0.0048512220382689875,Estable
Coffea arabica,2020-09-11,255,Final,2.736897537186569,0.9738461538461538,2.665317140060151,0.13,0.261928379535675,0.3151269257068634,0.5862361788749695,0.7056133151054382,9.977441406250025,-2.535317140060151,2.535317140060151,0.0,Moderada,-0.014605045318603516,-0.0026959478855133057,Estable
Coffea arabica,2020-09-12,256,Final,2.869614067757257,0.9735897435897436,2.793826824429309,1.39,0.2650472819805145,0.3136927187442779,0.5932570695877075,0.7022751569747925,10.254479980468773,-1.403826824429309,1.403826824429309,0.0,Baja,0.003118902444839533,-0.0014342069625855047,Estable
Coffea arabica,2020-09-13,257,Final,2.525680143885066,0.9733333333333332,2.458328673381464,1.62,0.2599862813949585,0.3120737671852112,0.5820792317390442,0.6985294818878174,10.627740478515648,-0.8383286733814641,0.8383286733814641,0.0,Baja,-0.00506100058555603,-0.001618951559066717,Estable
Coffea arabica,2020-09-14,258,Final,2.911622492055069,0.9730769230769232,2.8332326557305096,0.19,0.2633125483989715,0.3113605976104736,0.589585542678833,0.6971147656440735,10.839318847656273,-2.6432326557305097,2.6432326557305097,0.0,Moderada,0.003326267004013006,-0.0007131695747376043,Estable
Coffea arabica,2020-09-15,259,Final,3.174518059834563,0.9728205128205129,3.088236286926239,0.48,0.2685977816581726,0.3103861808776855,0.6010991930961609,0.6949231028556824,9.644189453125025,-2.608236286926239,2.608236286926239,0.0,Moderada,0.005285233259201105,-0.0009744167327880859,Estable
Coffea arabica,2020-09-16,260,Final,2.7197183404679794,0.9725641025641024,2.6451004270243708,7.19,0.2731315493583679,0.3097753524780273,0.6114478707313538,0.6934570670127869,9.880456542968773,4.54489957297563,0.0,4.54489957297563,Cubierta,0.0045337677001953125,-0.0006108283996582031,Estable
Coffea arabica,2020-09-17,261,Final,3.150919491214943,0.9723076923076924,3.063663259150529,3.23,0.2857763469219208,0.3109269142150879,0.639845073223114,0.6960364580154419,10.932855224609398,0.16633674084947092,0.0,0.16633674084947092,Cubierta,0.012644797563552856,0.0011515617370606024,Estable
Coffea arabica,2020-09-18,262,Final,3.2506132421277174,0.972051282051282,3.159762769463122,2.51,0.2972418069839477,0.3114759027957916,0.6654700636863708,0.6971714496612549,11.154016113281273,-0.6497627694631221,0.6497627694631221,0.0,Baja,0.011465460062026922,0.0005489885807037354,Estable
Coffea arabica,2020-09-19,263,Final,2.9090299248356204,0.9717948717948718,2.826980362853077,25.45,0.3072674572467804,0.3136174082756042,0.6877222657203674,0.7021528482437134,11.670861816406273,22.62301963714692,0.0,22.62301963714692,Cubierta,0.010025650262832697,0.0021415054798125666,Estable
Coffea arabica,2020-09-20,264,Final,2.600328967594869,0.9715384615384616,2.5263196046710146,1.45,0.3267208337783813,0.3194892406463623,0.7314343452453613,0.715124785900116,10.639978027343773,-1.0763196046710146,1.0763196046710146,0.0,Baja,0.019453376531600897,0.005871832370758112,Aumento
Coffea arabica,2020-09-21,265,Final,2.9359873375053884,0.9712820512820513,2.851671803710362,0.11,0.311733067035675,0.3211502134799957,0.6979578733444214,0.7189058661460876,10.065637207031273,-2.741671803710362,2.741671803710362,0.0,Moderada,-0.014987766742706299,0.0016609728336334229,Estable
Coffea arabica,2020-09-22,266,Final,3.6753645825179255,0.971025641025641,3.5688732497424063,7.3,0.289858877658844,0.3179386258125305,0.6488969326019287,0.7117274403572083,10.037683105468773,3.7311267502575935,0.0,3.7311267502575935,Cubierta,-0.021874189376831,-0.00321158766746521,Estable
Coffea arabica,2020-09-23,267,Final,2.318635425691125,0.9707692307692308,2.2508599286324613,3.2,0.2772855460643768,0.3156274855136871,0.6208969354629517,0.7064520120620728,10.909753417968773,0.9491400713675389,0.0,0.9491400713675389,Cubierta,-0.012573331594467219,-0.0023111402988434393,Estable
Coffea arabica,2020-09-24,268,Final,2.516604316903541,0.9705128205128204,2.4423967537127957,0.7,0.2973651587963104,0.3180626630783081,0.6656573414802551,0.7120507955551147,10.600518798828148,-1.7423967537127958,1.7423967537127958,0.0,Baja,0.02007961273193365,0.002435177564621027,Estable
Coffea arabica,2020-09-25,269,Final,2.9649081265036776,0.9702564102564102,2.8767211155615167,0.06,0.2824850976467132,0.3161978721618652,0.6324130296707153,0.7078124284744263,10.160668945312525,-2.8167211155615166,2.8167211155615166,0.0,Moderada,-0.014880061149597223,-0.0018647909164429266,Estable
Coffea arabica,2020-09-26,270,Final,2.5613669428536703,0.97,2.48452593456806,0.24,0.2712974846363067,0.3144362866878509,0.6073490381240845,0.703769326210022,10.365228271484398,-2.2445259345680597,2.2445259345680597,0.0,Moderada,-0.011187613010406494,-0.0017615854740142822,Estable
Lycopersicon esculentum,2020-01-01,1,Inicial,2.948231749521185,0.6,1.7689390497127109,7.24,0.2746143341064453,0.2986800968647003,0.6149797439575195,0.6684417724609375,10.910028076171898,5.471060950287289,0.0,5.471060950287289,Cubierta,,,Estable
Lycopersicon esculentum,2020-01-02,2,Inicial,3.4359345425368817,0.6,2.061560725522129,0.52,0.2655819356441498,0.2972196936607361,0.5945673584938049,0.6652793884277344,11.199792480468773,-1.541560725522129,1.541560725522129,0.0,Baja,-0.009032398462295532,-0.0014604032039642334,Estable
Lycopersicon esculentum,2020-01-03,3,Inicial,3.652309775578801,0.6,2.1913858653472804,0.0,0.24663046002388,0.2948575913906097,0.5521380305290222,0.6600413918495178,10.803247070312525,-2.1913858653472804,2.1913858653472804,0.0,Moderada,-0.018951475620269775,-0.0023621022701263983,Estable
Lycopersicon esculentum,2020-01-04,4,Inicial,3.842009095850095,0.6,2.305205457510057,0.18,0.2315411418676376,0.2924184799194336,0.518290102481842,0.6547495126724243,10.901818847656273,-2.1252054575100567,2.1252054575100567,0.0,Moderada,-0.015089318156242398,-0.002439111471176092,Estable
Lycopersicon esculentum,2020-01-05,5,Inicial,3.4255878055717583,0.6,2.055352683343055,0.18,0.2236680090427398,0.2904499769210815,0.5008542537689209,0.6502418518066406,11.140313720703148,-1.8753526833430552,1.8753526833430552,0.0,Baja,-0.007873132824897794,-0.0019685029983521063,Estable
Lycopersicon esculentum,2020-01-06,6,Inicial,3.609329165524247,0.6,2.165597499314548,0.33,0.221180647611618,0.2889252305030823,0.4952643811702728,0.6467413306236267,10.146020507812525,-1.8355974993145479,1.8355974993145479,0.0,Baja,-0.002487361431121826,-0.001524746417999212,Estable
Lycopersicon esculentum,2020-01-07,7,Inicial,3.63223459194626,0.6,2.179340755167756,0.04,0.2170274257659912,0.2872630655765533,0.4858344197273254,0.6431044340133667,10.774011230468773,-2.139340755167756,2.139340755167756,0.0,Moderada,-0.0041532218456267755,-0.0016621649265289862,Estable
Lycopersicon esculentum,2020-01-08,8,Inicial,3.535618541631738,0.6,2.1213711249790426,0.01,0.2169087827205658,0.2857446372509002,0.4855833351612091,0.6397907733917236,9.480859375000025,-2.111371124979043,2.111371124979043,0.0,Moderada,-0.00011864304542541504,-0.0015184283256530762,Estable
Lycopersicon esculentum,2020-01-09,9,Inicial,3.616127554995845,0.6,2.169676532997507,0.0,0.2104811668395996,0.283994197845459,0.471093088388443,0.635947048664093,8.966394042968773,-2.169676532997507,2.169676532997507,0.0,Moderada,-0.0064276158809661865,-0.0017504394054412287,Estable
Lycopersicon esculentum,2020-01-10,10,Inicial,3.417106036202212,0.6,2.050263621721327,0.0,0.2100433409214019,0.2826589345932007,0.4703034460544586,0.6328665018081665,8.167260742187523,-2.050263621721327,2.050263621721327,0.0,Moderada,-0.0004378259181977151,-0.0013352632522583008,Estable
Lycopersicon esculentum,2020-01-11,11,Inicial,3.0661442874430813,0.6,1.8396865724658489,0.0,0.2089174836874008,0.2813650965690613,0.4676909446716308,0.6299169063568115,7.294152832031273,-1.8396865724658489,1.8396865724658489,0.0,Baja,-0.0011258572340011042,-0.0012938380241394043,Estable
Lycopersicon esculentum,2020-01-12,12,Desarrollo,2.6890860867374,0.6,1.61345165204244,0.0,0.2108506262302398,0.2803266644477844,0.4720624685287475,0.6275357007980347,9.357019042968773,-1.61345165204244,1.61345165204244,0.0,Baja,0.0019331425428390225,-0.0010384321212768555,Estable
Lycopersicon esculentum,2020-01-13,13,Desarrollo,3.2743357048555617,0.6261904761904762,2.0503578342309825,0.0,0.2087039798498153,0.2790789902210235,0.4672080874443054,0.6248542070388794,9.219232177734398,-2.0503578342309825,2.0503578342309825,0.0,Moderada,-0.0021466463804244995,-0.0012476742267609198,Estable
Lycopersicon esculentum,2020-01-14,14,Desarrollo,3.022525735174016,0.6523809523809524,1.9718382177087628,0.0,0.2105519473552703,0.2779509425163269,0.4714041650295257,0.6223359107971191,9.656640625000025,-1.9718382177087628,1.9718382177087628,0.0,Baja,0.0018479675054549893,-0.0011280477046965998,Estable
Lycopersicon esculentum,2020-01-15,15,Desarrollo,2.892447644706006,0.6785714285714285,1.9627323303362183,0.0,0.2085372507572174,0.276860624551773,0.4667938649654388,0.6199163794517517,9.227014160156273,-1.9627323303362183,1.9627323303362183,0.0,Baja,-0.0020146965980528952,-0.0010903179645538885,Estable
Lycopersicon esculentum,2020-01-16,16,Desarrollo,2.5509631062608813,0.7047619047619047,1.7978216177457638,1.6,0.2047977745532989,0.2754416167736053,0.4583717882633209,0.6167877316474915,9.604058837890648,-0.19782161774576368,0.19782161774576368,0.0,Baja,-0.0037394762039185125,-0.0014190077781677246,Estable
Lycopersicon esculentum,2020-01-17,17,Desarrollo,2.123625836918019,0.7309523809523809,1.5522693617472183,3.92,0.2077111601829528,0.2745482921600342,0.4650589525699615,0.6144890189170837,10.502893066406273,2.3677306382527816,0.0,2.3677306382527816,Cubierta,0.002913385629653903,-0.0008933246135711115,Estable
Lycopersicon esculentum,2020-01-18,18,Desarrollo,2.457076041415373,0.7571428571428571,1.8603575742144969,0.81,0.2180327624082565,0.2743701934814453,0.4881190657615661,0.6141732335090637,10.842187500000025,-1.0503575742144968,1.0503575742144968,0.0,Baja,0.010321602225303705,-0.0001780986785888672,Estable
Lycopersicon esculentum,2020-01-19,19,Desarrollo,2.6849474282341173,0.7833333333333332,2.103208818783392,1.28,0.2238282859325409,0.2738048136234283,0.5010724067687988,0.6128256916999817,10.861352539062525,-0.8232088187833921,0.8232088187833921,0.0,Baja,0.0057955235242843905,-0.0005653798580170233,Estable
Lycopersicon esculentum,2020-01-20,20,Desarrollo,2.0816455357680983,0.8095238095238094,1.6851416241932222,3.23,0.2300102710723877,0.2732718884944916,0.5150047540664673,0.6116583347320557,11.008447265625025,1.5448583758067778,0.0,1.5448583758067778,Cubierta,0.006181985139846802,-0.0005329251289367121,Estable
Lycopersicon esculentum,2020-01-21,21,Desarrollo,2.589197755053443,0.8357142857142856,2.16382955243752,10.51,0.2776890993118286,0.2764692008495331,0.6215779781341553,0.6190438270568848,10.997521972656273,8.34617044756248,0.0,8.34617044756248,Cubierta,0.04767882823944092,0.003197312355041504,Estable
Lycopersicon esculentum,2020-01-22,22,Desarrollo,2.230115953986533,0.8619047619047618,1.9221475603407732,1.52,0.2813131213188171,0.279358297586441,0.6296303272247314,0.6252856254577637,11.026483154296898,-0.40214756034077315,0.40214756034077315,0.0,Baja,0.00362402200698847,0.0028890967369079035,Estable
Lycopersicon esculentum,2020-01-23,23,Desarrollo,3.0231741605568065,0.888095238095238,2.6848665759230683,0.04,0.2543753087520599,0.2772768139839172,0.5694832801818848,0.6206307411193848,10.375817871093773,-2.6448665759230683,2.6448665759230683,0.0,Moderada,-0.026937812566757202,-0.0020814836025238037,Estable
Lycopersicon esculentum,2020-01-24,24,Desarrollo,2.586677938014444,0.914285714285714,2.364962686184634,3.11,0.2654004395008087,0.27736696600914,0.5939206480979919,0.6210359334945679,11.167718505859398,0.7450373138153661,0.0,0.7450373138153661,Cubierta,0.011025130748748835,9.015202522283383e-05,Estable
Lycopersicon esculentum,2020-01-25,25,Desarrollo,2.8270782875977893,0.9404761904761904,2.658799818097921,3.33,0.2785582542419433,0.2801665961742401,0.623546838760376,0.6271925568580627,11.012170410156273,0.671200181902079,0.0,0.671200181902079,Cubierta,0.013157814741134588,0.0027996301651000977,Estable
Lycopersicon esculentum,2020-01-26,26,Desarrollo,2.8592092343467463,0.9666666666666666,2.763902259868521,9.31,0.2917945086956024,0.2835708260536194,0.6531261205673218,0.634725034236908,10.548059082031273,6.546097740131479,0.0,6.546097740131479,Cubierta,0.013236254453659113,0.0034042298793792725,Estable
Lycopersicon esculentum,2020-01-27,27,Desarrollo,3.197498176772503,0.9928571428571428,3.1746589040812703,4.58,0.2769192457199096,0.2824744284152984,0.6197158098220825,0.632459819316864,11.287438964843773,1.4053410959187298,0.0,1.4053410959187298,Cubierta,-0.014875262975692805,-0.0010963976383209784,Estable
Lycopersicon esculentum,2020-01-28,28,Desarrollo,3.0623564253268816,1.019047619047619,3.1206870239045363,0.07,0.288808524608612,0.2827996015548706,0.6465105414390564,0.6330852508544922,11.325189208984398,-3.0506870239045365,3.0506870239045365,0.0,Moderada,0.011889278888702393,0.00032517313957219907,Estable
Lycopersicon esculentum,2020-01-29,29,Desarrollo,3.282537487982082,1.045238095238095,3.431033231486033,2.73,0.2753844857215881,0.2828554809093475,0.6163906455039978,0.6334013342857361,11.248925781250025,-0.7010332314860328,0.7010332314860328,0.0,Baja,-0.013424038887023926,5.58793544768732e-05,Estable
Lycopersicon esculentum,2020-01-30,30,Desarrollo,3.220521836988908,1.0714285714285714,3.450559111059544,0.59,0.2492743730545044,0.2804329991340637,0.5580548644065857,0.6275911331176758,11.391961669921898,-2.860559111059544,2.860559111059544,0.0,Moderada,-0.026110112667083685,-0.002422481775283758,Estable
Lycopersicon esculentum,2020-01-31,31,Desarrollo,2.652374252562516,1.0976190476190475,2.911296501026952,0.0,0.2273979932069778,0.2779696881771087,0.5091440081596375,0.6222366094589233,9.499108886718773,-2.911296501026952,2.911296501026952,0.0,Moderada,-0.021876379847526606,-0.0024633109569550116,Estable
Lycopersicon esculentum,2020-02-01,32,Desarrollo,2.573089729374203,1.1238095238095238,2.8916627434872,7.56,0.2258870303630828,0.2767135202884674,0.5055345892906189,0.6195324659347534,11.308251953125025,4.6683372565128,0.0,4.6683372565128,Cubierta,-0.0015109628438949863,-0.001256167888641302,Estable
Lycopersicon esculentum,2020-02-02,33,Desarrollo,3.279578952552463,1.15,3.771515795435332,1.99,0.2204961627721786,0.2752612233161926,0.4935779273509979,0.6163914799690247,11.114923095703148,-1.7815157954353322,1.7815157954353322,0.0,Baja,-0.005390867590904208,-0.0014522969722747803,Estable
Lycopersicon esculentum,2020-02-03,34,Media,3.3391805897721194,1.15,3.840057678237937,0.12,0.2164567857980728,0.273760437965393,0.4845251739025116,0.6128060817718506,10.871423339843773,-3.720057678237937,3.720057678237937,0.0,Moderada,-0.004039376974105807,-0.001500785350799616,Estable
Lycopersicon esculentum,2020-02-04,35,Media,3.9831310885574367,1.15,4.580600751841052,0.0,0.2100583761930465,0.2722263932228088,0.4702250957489013,0.6095258593559265,9.797631835937525,-4.580600751841052,4.580600751841052,0.0,Alta,-0.006398409605026301,-0.0015340447425842285,Estable
Lycopersicon esculentum,2020-02-05,36,Media,4.244793931187747,1.15,4.881513020865909,0.0,0.2006809264421463,0.2705520689487457,0.4492982625961303,0.6055396199226379,7.838159179687523,-4.881513020865909,4.881513020865909,0.0,Alta,-0.009377449750900185,-0.0016743242740630548,Estable
Lycopersicon esculentum,2020-02-06,37,Media,4.169733176569154,1.15,4.795193153054527,0.0,0.1767249256372451,0.267781525850296,0.3955183029174804,0.5994586944580078,6.867028808593773,-4.795193153054527,4.795193153054527,0.0,Alta,-0.023956000804901206,-0.002770543098449707,Estable
Lycopersicon esculentum,2020-02-07,38,Media,4.0865957124513415,1.15,4.699585069319042,0.0,0.1767972558736801,0.2662941813468933,0.3957181274890899,0.5963003635406494,7.492089843750023,-4.699585069319042,4.699585069319042,0.0,Alta,7.233023643499203e-05,-0.00148734450340271,Estable
Lycopersicon esculentum,2020-02-08,39,Media,3.268439705235638,1.15,3.758705661020984,1.77,0.1823482662439346,0.2652748823165893,0.4082421064376831,0.5938217639923096,9.937188720703148,-1.9887056610209841,1.9887056610209841,0.0,Baja,0.005551010370254517,-0.0010192990303040106,Estable
Lycopersicon esculentum,2020-02-09,40,Media,3.30872980351908,1.15,3.805039274046942,23.23,0.1983443796634674,0.265025645494461,0.4440963864326477,0.5933203101158142,11.104760742187525,19.42496072595306,0.0,19.42496072595306,Cubierta,0.015996113419532804,-0.0002492368221282959,Estable
Lycopersicon esculentum,2020-02-10,41,Media,3.880629515402008,1.15,4.462723942712309,2.61,0.2136109471321106,0.2650732100009918,0.4781440496444702,0.5933699011802673,8.760339355468773,-1.8527239427123088,1.8527239427123088,0.0,Baja,0.015266567468643188,4.756450653081723e-05,Estable
Lycopersicon esculentum,2020-02-11,42,Media,3.8381170799608064,1.15,4.413834641954927,0.07,0.1838676333427429,0.2624737322330475,0.4115966260433197,0.5874166488647461,8.149285888671898,-4.343834641954927,4.343834641954927,0.0,Alta,-0.029743313789367704,-0.002599477767944336,Estable
Lycopersicon esculentum,2020-02-12,43,Media,3.7387676578637534,1.15,4.2995828065433175,0.0,0.1768476068973541,0.2606357634067535,0.3958576917648315,0.5835667252540588,8.815972900390648,-4.2995828065433175,4.2995828065433175,0.0,Alta,-0.007020026445388794,-0.0018379688262940008,Estable
Lycopersicon esculentum,2020-02-13,44,Media,3.6900119890205856,1.15,4.243513787373673,0.1,0.1803713291883468,0.259611576795578,0.4037930369377136,0.5810755491256714,10.473291015625025,-4.143513787373673,4.143513787373673,0.0,Alta,0.003523722290992709,-0.0010241866111754816,Estable
Lycopersicon esculentum,2020-02-14,45,Media,2.8355856754959605,1.15,3.2609235268203545,0.48,0.1989832371473312,0.2591719031333923,0.4454621970653534,0.580151379108429,9.278466796875025,-2.7809235268203545,2.7809235268203545,0.0,Moderada,0.018611907958984403,-0.00043967366218572446,Estable
Lycopersicon esculentum,2020-02-15,46,Media,2.6765302968514897,1.15,3.0780098413792127,0.22,0.2052931636571884,0.2586721181869507,0.4594780802726745,0.5791447162628174,10.469934082031273,-2.8580098413792125,2.8580098413792125,0.0,Moderada,0.006309926509857178,-0.0004997849464415949,Estable
Lycopersicon esculentum,2020-02-16,47,Media,3.117126568501001,1.15,3.5846955537761507,0.0,0.1986427754163742,0.2576354742050171,0.4446353912353515,0.5765464901924133,10.033471679687525,-3.5846955537761507,3.5846955537761507,0.0,Moderada,-0.006650388240814181,-0.0010366439819335938,Estable
Lycopersicon esculentum,2020-02-17,48,Media,3.665628234218672,1.15,4.2154724693514725,0.0,0.1877762228250503,0.2560195624828338,0.4204446375370025,0.5728833675384521,9.768212890625025,-4.2154724693514725,4.2154724693514725,0.0,Alta,-0.010866552591323908,-0.001615911722183283,Estable
Lycopersicon esculentum,2020-02-18,49,Media,3.492022458866841,1.15,4.015825827696867,0.0,0.1857706904411316,0.2548185884952545,0.4159465134143829,0.5704189538955688,9.950219726562525,-4.015825827696867,4.015825827696867,0.0,Alta,-0.0020055323839187067,-0.0012009739875792902,Estable
Lycopersicon esculentum,2020-02-19,50,Media,2.918052034422252,1.15,3.355759839585589,0.57,0.1872323900461197,0.2538785934448242,0.4191077649593353,0.5682427287101746,11.746820068359398,-2.785759839585589,2.785759839585589,0.0,Moderada,0.0014616996049880981,-0.0009399950504302979,Estable
Lycopersicon esculentum,2020-02-20,51,Media,3.314226504146355,1.15,3.811360479768308,0.18,0.2236148566007614,0.2550888955593109,0.500618577003479,0.5711452960968018,11.591271972656273,-3.6313604797683077,3.6313604797683077,0.0,Moderada,0.036382466554641724,0.0012103021144866943,Estable
Lycopersicon esculentum,2020-02-21,52,Media,3.139896751369089,1.15,3.610881264074452,0.12,0.2261070013046264,0.2548896968364715,0.5061571002006531,0.5707740783691406,11.824792480468773,-3.490881264074452,3.490881264074452,0.0,Moderada,0.0024921447038649958,-0.00019919872283941098,Estable
Lycopersicon esculentum,2020-02-22,53,Media,2.396003652736208,1.15,2.7554042006466397,0.43,0.242223709821701,0.2557536959648132,0.5422936081886292,0.572752058506012,12.420373535156273,-2.3254042006466396,2.3254042006466396,0.0,Moderada,0.016116708517074585,0.0008639991283416748,Estable
Lycopersicon esculentum,2020-02-23,54,Media,2.1392010919117426,1.15,2.460081255698504,19.53,0.2677009999752044,0.2634223699569702,0.599253237247467,0.5897852778434753,12.508630371093773,17.069918744301496,0.0,17.069918744301496,Cubierta,0.025477290153503418,0.007668673992157038,Aumento
Lycopersicon esculentum,2020-02-24,55,Media,2.3170551880178496,1.15,2.6646134662205267,8.55,0.2588692605495453,0.2627563774585724,0.57943195104599,0.5883241295814514,12.572229003906273,5.885386533779474,0.0,5.885386533779474,Cubierta,-0.008831739425659124,-0.0006659924983978271,Estable
Lycopersicon esculentum,2020-02-25,56,Media,2.9252566598674297,1.15,3.364045158847544,0.8,0.2585375607013702,0.2624483406543731,0.5787733197212219,0.5873503684997559,12.687341308593773,-2.564045158847544,2.564045158847544,0.0,Moderada,-0.00033169984817510434,-0.00030803680419927426,Estable
Lycopersicon esculentum,2020-02-26,57,Media,3.159819723194727,1.15,3.633792681673936,0.02,0.2571020126342773,0.2623478770256042,0.5756126642227173,0.5871629118919373,12.678430175781273,-3.613792681673936,3.613792681673936,0.0,Moderada,-0.0014355480670928955,-0.0001004636287689209,Estable
Lycopersicon esculentum,2020-02-27,58,Media,3.456607537547279,1.15,3.9750986681793705,0.18,0.26055908203125,0.2622732818126678,0.5833175778388977,0.5869681239128113,12.553857421875025,-3.7950986681793704,3.7950986681793704,0.0,Moderada,0.0034570693969727118,-7.459521293640137e-05,Estable
Lycopersicon esculentum,2020-02-28,59,Media,3.371494345365816,1.15,3.877218497170688,0.02,0.2319629490375518,0.2599510252475738,0.5191401839256287,0.5818336009979248,12.552697753906273,-3.8572184971706878,3.8572184971706878,0.0,Moderada,-0.028596132993698203,-0.002322256565093994,Estable
Lycopersicon esculentum,2020-02-29,60,Media,3.6544199817696392,1.15,4.202582979035085,0.35,0.2162789553403854,0.258466362953186,0.4841081798076629,0.5786082148551941,11.741845703125025,-3.8525829790350845,3.8525829790350845,0.0,Moderada,-0.015683993697166387,-0.0014846622943878174,Estable
Lycopersicon esculentum,2020-03-01,61,Media,3.240013985102308,1.15,3.726016082867654,72.85,0.203538492321968,0.2566025555133819,0.4556828737258911,0.5743725299835205,11.519921875000025,69.12398391713234,0.0,69.12398391713234,Cubierta,-0.012740463018417414,-0.0018638074398040771,Estable
Lycopersicon esculentum,2020-03-02,62,Media,3.3398924289877967,1.15,3.840876293335966,12.14,0.1961739361286163,0.2550231218338012,0.439160019159317,0.5709739923477173,12.152612304687525,8.299123706664034,0.0,8.299123706664034,Cubierta,-0.00736455619335169,-0.0015794336795806885,Estable
Lycopersicon esculentum,2020-03-03,63,Media,3.531389914112611,1.15,4.061098401229502,0.83,0.2070548236370086,0.2545174956321716,0.4635263085365295,0.5699523091316223,12.325585937500025,-3.2310984012295023,3.2310984012295023,0.0,Moderada,0.010880887508392306,-0.0005056262016296387,Estable
Lycopersicon esculentum,2020-03-04,64,Media,3.817984901814575,1.15,4.390682637086761,0.0,0.1768831759691238,0.2516687512397766,0.3959431946277618,0.5634123682975769,11.309655761718773,-4.390682637086761,4.390682637086761,0.0,Alta,-0.0301716476678848,-0.002848744392394964,Estable
Lycopersicon esculentum,2020-03-05,65,Media,4.352237717167281,1.15,5.005073374742373,0.0,0.1736954301595688,0.2502045929431915,0.3888481557369232,0.5602402091026306,9.734887695312525,-5.005073374742373,5.005073374742373,0.0,Alta,-0.003187745809555026,-0.0014641582965851385,Estable
Lycopersicon esculentum,2020-03-06,66,Media,4.247409486947092,1.15,4.884520909989155,0.0,0.160724401473999,0.2482027560472488,0.3597050309181213,0.5555602312088013,9.301354980468773,-4.884520909989155,4.884520909989155,0.0,Alta,-0.012971028685569791,-0.0020018368959426602,Estable
Lycopersicon esculentum,2020-03-07,67,Media,3.4518025368936005,1.15,3.96957291742764,0.81,0.1637406349182129,0.2470306009054184,0.3665027618408203,0.5530008673667908,10.209161376953148,-3.15957291742764,3.15957291742764,0.0,Moderada,0.003016233444213895,-0.0011721551418304166,Estable
Lycopersicon esculentum,2020-03-08,68,Media,2.8986032878309578,1.15,3.333393781005601,11.8,0.1728366017341613,0.2463504374027252,0.386936217546463,0.551427960395813,11.088952636718773,8.4666062189944,0.0,8.4666062189944,Cubierta,0.009095966815948403,-0.000680163502693204,Estable
Lycopersicon esculentum,2020-03-09,69,Media,2.4540412289598925,1.15,2.822147413303876,6.03,0.1842152625322342,0.2459021210670471,0.4123090803623199,0.5503965020179749,11.448388671875025,3.207852586696124,0.0,3.207852586696124,Cubierta,0.011378660798072898,-0.0004483163356781006,Estable
Lycopersicon esculentum,2020-03-10,70,Media,2.8475698258184265,1.15,3.27470529969119,3.58,0.2477736473083496,0.2499169707298278,0.554608941078186,0.5594798922538757,11.471215820312525,0.30529470030881,0.0,0.30529470030881,Cubierta,0.06355838477611542,0.004014849662780706,Estable
Lycopersicon esculentum,2020-03-11,71,Media,3.0986824618183264,1.15,3.563484831091075,10.22,0.251617431640625,0.2513230741024017,0.5632652640342712,0.5626598596572876,11.851251220703148,6.656515168908926,0.0,6.656515168908926,Cubierta,0.0038437843322753906,0.0014061033725738803,Estable
Lycopersicon esculentum,2020-03-12,72,Media,2.594486676056316,1.15,2.9836596774647632,3.18,0.246285855770111,0.2508704960346222,0.5514435768127441,0.5615320205688477,11.931726074218773,0.19634032253523692,0.0,0.19634032253523692,Cubierta,-0.005331575870513999,-0.0004525780677794855,Estable
Lycopersicon esculentum,2020-03-13,73,Media,2.5263580448359333,1.15,2.905311751561323,11.32,0.2887640297412872,0.2560513317584991,0.6464170217514038,0.573232114315033,12.091302490234398,8.414688248438678,0.0,8.414688248438678,Cubierta,0.042478173971176175,0.005180835723876898,Aumento
Lycopersicon esculentum,2020-03-14,74,Media,2.292794364677023,1.15,2.6367135193785765,14.93,0.2658706605434418,0.259913682937622,0.5950819849967957,0.5817363858222961,12.072656250000025,12.293286480621424,0.0,12.293286480621424,Cubierta,-0.022893369197845403,0.003862351179122925,Estable
Lycopersicon esculentum,2020-03-15,75,Media,2.615711011781474,1.15,3.008067663548695,16.33,0.2686693370342254,0.2639972567558288,0.6013837456703186,0.5909135341644287,12.363122558593773,13.321932336451303,0.0,13.321932336451303,Cubierta,0.002798676490783636,0.004083573818206787,Estable
Lycopersicon esculentum,2020-03-16,76,Media,3.097518737676989,1.15,3.562146548328537,1.33,0.242931067943573,0.2607799172401428,0.5437864661216736,0.5837200284004211,13.019738769531273,-2.232146548328537,2.232146548328537,0.0,Moderada,-0.02573826909065241,-0.0032173395156859796,Estable
Lycopersicon esculentum,2020-03-17,77,Media,3.810480679908264,1.15,4.382052781894504,0.0,0.2500636279582977,0.2604047060012817,0.5598828792572021,0.5829643607139587,11.935693359375025,-4.382052781894504,4.382052781894504,0.0,Alta,0.007132560014724676,-0.0003752112388611395,Estable
Lycopersicon esculentum,2020-03-18,78,Media,3.429303569747668,1.15,3.943699105209818,0.0,0.2217862606048584,0.2577000558376312,0.4964143931865692,0.5770552754402161,11.986383056640648,-3.943699105209818,3.943699105209818,0.0,Moderada,-0.028277367353439276,-0.002704650163650457,Estable
Lycopersicon esculentum,2020-03-19,79,Media,3.0694178759915816,1.15,3.5298305573903184,0.01,0.2795619964599609,0.2649308145046234,0.6258862018585205,0.592998743057251,10.784295654296898,-3.5198305573903186,3.5198305573903186,0.0,Moderada,0.057775735855102484,0.0072307586669921875,Aumento
Lycopersicon esculentum,2020-03-20,80,Media,1.4939680924748744,1.15,1.7180633063461055,0.18,0.2614538073539734,0.2628643810749054,0.5852376818656921,0.5886270403862,10.679254150390648,-1.5380633063461056,1.5380633063461056,0.0,Baja,-0.018108189105987493,-0.0020664334297180176,Estable
Lycopersicon esculentum,2020-03-21,81,Media,1.7583500856228598,1.15,2.0221025984662884,0.03,0.2740433812141418,0.2664081454277038,0.6136701703071594,0.5964492559432983,10.421411132812525,-1.9921025984662883,1.9921025984662883,0.0,Baja,0.012589573860168402,0.0035437643527984064,Estable
Lycopersicon esculentum,2020-03-22,82,Media,3.556217632475733,1.15,4.089650277347093,0.0,0.2572545707225799,0.26518315076828,0.5761153697967529,0.5937525629997253,9.781823730468773,-4.089650277347093,4.089650277347093,0.0,Alta,-0.01678881049156189,-0.0012249946594238281,Estable
Lycopersicon esculentum,2020-03-23,83,Media,3.026920456426764,1.15,3.480958524890778,0.01,0.2687681019306183,0.2682282328605652,0.6017157435417175,0.6006450653076172,10.701531982421898,-3.4709585248907784,3.4709585248907784,0.0,Moderada,0.011513531208038386,0.0030450820922852118,Estable
Lycopersicon esculentum,2020-03-24,84,Media,2.48034144265086,1.15,2.8523926590484887,0.0,0.2440335303544998,0.2656533420085907,0.5462899208068848,0.5947559475898743,10.549432373046898,-2.8523926590484887,2.8523926590484887,0.0,Moderada,-0.024734571576118497,-0.0025748908519744873,Estable
Lycopersicon esculentum,2020-03-25,85,Media,3.132983757906082,1.15,3.602931321591994,4.35,0.2338432222604751,0.2639497816562652,0.5235876441001892,0.5908638834953308,10.858270263671898,0.7470686784080058,0.0,0.7470686784080058,Cubierta,-0.010190308094024686,-0.001703560352325495,Estable
Lycopersicon esculentum,2020-03-26,86,Media,3.216614631616496,1.15,3.69910682635897,2.25,0.2843395471572876,0.2734195291996002,0.6365152597427368,0.6122133731842041,11.431176757812525,-1.4491068263589701,1.4491068263589701,0.0,Baja,0.050496324896812494,0.009469747543335016,Aumento
Lycopersicon esculentum,2020-03-27,87,Media,3.3215727420686583,1.15,3.819808653378957,0.18,0.2635979652404785,0.2715934514999389,0.5901396870613098,0.6080759763717651,12.330316162109398,-3.6398086533789566,3.6398086533789566,0.0,Moderada,-0.020741581916809082,-0.0018260776996613104,Estable
Lycopersicon esculentum,2020-03-28,88,Media,3.3271949309264675,1.15,3.826274170565437,0.0,0.2531955540180206,0.2694453001022339,0.5667470693588257,0.6033211946487427,11.557153320312525,-3.826274170565437,3.826274170565437,0.0,Moderada,-0.010402411222457941,-0.0021481513977050226,Estable
Lycopersicon esculentum,2020-03-29,89,Media,3.183669345592364,1.15,3.661219747431218,0.36,0.2232374250888824,0.2665849328041076,0.4997977614402771,0.5968359112739563,10.112084960937525,-3.301219747431218,3.301219747431218,0.0,Moderada,-0.029958128929138184,-0.002860367298126276,Estable
Lycopersicon esculentum,2020-03-30,90,Media,2.550843030742843,1.15,2.9334694853542693,12.26,0.2029734700918197,0.2642343938350677,0.454388827085495,0.5917019248008728,11.640496826171898,9.32653051464573,0.0,9.32653051464573,Cubierta,-0.020263954997062683,-0.002350538969039917,Estable
Lycopersicon esculentum,2020-03-31,91,Media,2.3706443417071856,1.15,2.7262409929632634,13.94,0.2005254924297332,0.2630885243415832,0.4488885998725891,0.5888931155204773,12.311975097656273,11.213759007036735,0.0,11.213759007036735,Cubierta,-0.0024479776620865146,-0.001145869493484497,Estable
Lycopersicon esculentum,2020-04-01,92,Media,2.522888057474769,1.15,2.901321266095984,13.63,0.2240067273378372,0.2632297873497009,0.5015571117401123,0.5891873240470886,12.607232666015648,10.728678733904017,0.0,10.728678733904017,Cubierta,0.023481234908104,0.0001412630081177313,Estable
Lycopersicon esculentum,2020-04-02,93,Media,2.5323071063014786,1.15,2.9121531722467,0.51,0.2758886218070984,0.2711183726787567,0.6175916790962219,0.6071338057518005,12.400231933593773,-2.4021531722466998,2.4021531722466998,0.0,Moderada,0.0518818944692612,0.007888585329055786,Aumento
Lycopersicon esculentum,2020-04-03,94,Media,2.6271785844235063,1.15,3.021255372087032,4.01,0.2659236192703247,0.2712969481945038,0.5954230427742004,0.6072812080383301,11.971063232421898,0.9887446279129679,0.0,0.9887446279129679,Cubierta,-0.009965002536773682,0.0001785755157470703,Estable
Lycopersicon esculentum,2020-04-04,95,Final,2.631227149463299,1.15,3.0259112218827937,13.38,0.2443749606609344,0.2690936326980591,0.5469956994056702,0.602382481098175,11.662469482421898,10.354088778117207,0.0,10.354088778117207,Cubierta,-0.021548658609390314,-0.002203315496444702,Estable
Lycopersicon esculentum,2020-04-05,96,Final,2.946154645803796,1.1266666666666665,3.3193342342722763,6.21,0.2137376368045807,0.2659193873405456,0.4783735871315002,0.5953014492988586,13.015100097656273,2.8906657657277237,0.0,2.8906657657277237,Cubierta,-0.030637323856353704,-0.0031742453575134832,Estable
Lycopersicon esculentum,2020-04-06,97,Final,2.3361058897670874,1.1033333333333333,2.577503498376353,23.66,0.2832644879817962,0.2733738720417022,0.6341358423233032,0.6120943427085876,12.442376708984398,21.08249650162365,0.0,21.08249650162365,Cubierta,0.06952685117721552,0.007454484701156616,Aumento
Lycopersicon esculentum,2020-04-07,98,Final,2.8235723243522544,1.0799999999999998,3.049458110300434,1.37,0.3046170771121979,0.2882801592350006,0.6819403171539307,0.645259439945221,11.765863037109398,-1.679458110300434,1.679458110300434,0.0,Baja,0.021352589130401667,0.014906287193298395,Aumento
Lycopersicon esculentum,2020-04-08,99,Final,2.579785188348954,1.0566666666666666,2.725973015688728,0.01,0.256966769695282,0.281900942325592,0.5752382278442383,0.6312613487243652,11.818231201171898,-2.715973015688728,2.715973015688728,0.0,Moderada,-0.047650307416915894,-0.006379216909408625,Disminución
Lycopersicon esculentum,2020-04-09,100,Final,2.502048930341428,1.0333333333333332,2.585450561352809,5.67,0.2632371485233307,0.2805583775043487,0.5894350409507751,0.6280880570411682,12.382135009765648,3.084549438647191,0.0,3.084549438647191,Cubierta,0.006270378828048706,-0.0013425648212432861,Estable
Lycopersicon esculentum,2020-04-10,101,Final,2.748002778812846,1.01,2.7754828066009742,10.78,0.2536020278930664,0.2785641252994537,0.5677119493484497,0.6235864758491516,12.384851074218773,8.004517193399025,0.0,8.004517193399025,Cubierta,-0.009635120630264282,-0.0019942522048950195,Estable
Lycopersicon esculentum,2020-04-11,102,Final,2.1904408175685526,0.9866666666666666,2.161234940000972,11.22,0.2507103085517883,0.2779609858989715,0.5611761212348938,0.6223846673965454,11.232232666015648,9.058765059999029,0.0,9.058765059999029,Cubierta,-0.0028917193412781317,-0.0006031394004821777,Estable
Lycopersicon esculentum,2020-04-12,103,Final,3.1211472500048454,0.9633333333333334,3.0067051841713344,1.49,0.283517986536026,0.2840209007263183,0.6344996094703674,0.6356989145278931,11.581750488281273,-1.5167051841713344,1.5167051841713344,0.0,Baja,0.032807677984237726,0.006059914827346802,Aumento
Lycopersicon esculentum,2020-04-13,104,Final,3.7334030069544064,0.94,3.509398826537142,0.64,0.2301941663026809,0.2793667316436767,0.5152503848075867,0.6254781484603882,11.344110107421898,-2.8693988265371417,2.8693988265371417,0.0,Moderada,-0.05332382023334509,-0.0046541690826416016,Estable
Lycopersicon esculentum,2020-04-14,105,Final,3.385449292858578,0.9166666666666669,3.1033285184536967,0.48,0.2501223981380462,0.2789831161499023,0.560073971748352,0.6245298981666565,12.416467285156273,-2.6233285184536967,2.6233285184536967,0.0,Moderada,0.019928231835365295,-0.00038361549377441406,Estable
Lycopersicon esculentum,2020-04-15,106,Final,2.568026783405522,0.8933333333333333,2.294103926508933,1.67,0.2361091822385788,0.2771470844745636,0.5286099314689636,0.6206106543540955,11.727471923828148,-0.624103926508933,0.624103926508933,0.0,Baja,-0.014013215899467413,-0.0018360316753386896,Estable
Lycopersicon esculentum,2020-04-16,107,Final,3.093421749481525,0.87,2.6912769220489268,0.45,0.2384891659021377,0.2761068940162658,0.5337837338447571,0.6180773973464966,12.009973144531273,-2.2412769220489266,2.2412769220489266,0.0,Moderada,0.0023799836635589044,-0.001040190458297785,Estable
Lycopersicon esculentum,2020-04-17,108,Final,2.4743830297632456,0.8466666666666667,2.0949776318662146,0.36,0.2434961348772049,0.2759918868541717,0.5450820326805115,0.617851734161377,11.538934326171898,-1.7349776318662147,1.7349776318662147,0.0,Baja,0.005006968975067194,-0.00011500716209411621,Estable
Lycopersicon esculentum,2020-04-18,109,Final,2.23434610023789,0.8233333333333334,1.839611622529196,1.94,0.2200187444686889,0.2736431658267975,0.4926237165927887,0.6124780774116516,11.407861328125025,0.10038837747080387,0.0,0.10038837747080387,Cubierta,-0.023477390408515986,-0.002348721027374212,Estable
Lycopersicon esculentum,2020-04-19,110,Final,2.556302616112022,0.8,2.045042092889618,11.51,0.2208987474441528,0.2730054259300232,0.4945263564586639,0.6111860275268555,10.943811035156273,9.464957907110382,0.0,9.464957907110382,Cubierta,0.0008800029754638949,-0.000637739896774292,Estable
Manihot esculenta,2020-01-01,1,Inicial,2.948231749521185,0.3,0.8844695248563554,7.24,0.2746143341064453,0.2986800968647003,0.6149797439575195,0.6684417724609375,10.910028076171898,6.355530475143645,0.0,6.355530475143645,Cubierta,,,Estable
Manihot esculenta,2020-01-02,2,Inicial,3.4359345425368817,0.3,1.0307803627610646,0.52,0.2655819356441498,0.2972196936607361,0.5945673584938049,0.6652793884277344,11.199792480468773,-0.5107803627610645,0.5107803627610645,0.0,Baja,-0.009032398462295532,-0.0014604032039642334,Estable
Manihot esculenta,2020-01-03,3,Inicial,3.652309775578801,0.3,1.0956929326736402,0.0,0.24663046002388,0.2948575913906097,0.5521380305290222,0.6600413918495178,10.803247070312525,-1.0956929326736402,1.0956929326736402,0.0,Baja,-0.018951475620269775,-0.0023621022701263983,Estable
Manihot esculenta,2020-01-04,4,Inicial,3.842009095850095,0.3,1.1526027287550284,0.18,0.2315411418676376,0.2924184799194336,0.518290102481842,0.6547495126724243,10.901818847656273,-0.9726027287550285,0.9726027287550285,0.0,Baja,-0.015089318156242398,-0.002439111471176092,Estable
Manihot esculenta,2020-01-05,5,Inicial,3.4255878055717583,0.3,1.0276763416715275,0.18,0.2236680090427398,0.2904499769210815,0.5008542537689209,0.6502418518066406,11.140313720703148,-0.8476763416715276,0.8476763416715276,0.0,Baja,-0.007873132824897794,-0.0019685029983521063,Estable
Manihot esculenta,2020-01-06,6,Inicial,3.609329165524247,0.3,1.082798749657274,0.33,0.221180647611618,0.2889252305030823,0.4952643811702728,0.6467413306236267,10.146020507812525,-0.7527987496572739,0.7527987496572739,0.0,Baja,-0.002487361431121826,-0.001524746417999212,Estable
Manihot esculenta,2020-01-07,7,Inicial,3.63223459194626,0.3,1.089670377583878,0.04,0.2170274257659912,0.2872630655765533,0.4858344197273254,0.6431044340133667,10.774011230468773,-1.049670377583878,1.049670377583878,0.0,Baja,-0.0041532218456267755,-0.0016621649265289862,Estable
Manihot esculenta,2020-01-08,8,Inicial,3.535618541631738,0.3,1.0606855624895213,0.01,0.2169087827205658,0.2857446372509002,0.4855833351612091,0.6397907733917236,9.480859375000025,-1.0506855624895213,1.0506855624895213,0.0,Baja,-0.00011864304542541504,-0.0015184283256530762,Estable
Manihot esculenta,2020-01-09,9,Inicial,3.616127554995845,0.3,1.0848382664987537,0.0,0.2104811668395996,0.283994197845459,0.471093088388443,0.635947048664093,8.966394042968773,-1.0848382664987537,1.0848382664987537,0.0,Baja,-0.0064276158809661865,-0.0017504394054412287,Estable
Manihot esculenta,2020-01-10,10,Inicial,3.417106036202212,0.3,1.0251318108606635,0.0,0.2100433409214019,0.2826589345932007,0.4703034460544586,0.6328665018081665,8.167260742187523,-1.0251318108606635,1.0251318108606635,0.0,Baja,-0.0004378259181977151,-0.0013352632522583008,Estable
Manihot esculenta,2020-01-11,11,Inicial,3.0661442874430813,0.3,0.9198432862329244,0.0,0.2089174836874008,0.2813650965690613,0.4676909446716308,0.6299169063568115,7.294152832031273,-0.9198432862329244,0.9198432862329244,0.0,Baja,-0.0011258572340011042,-0.0012938380241394043,Estable
Manihot esculenta,2020-01-12,12,Inicial,2.6890860867374,0.3,0.80672582602122,0.0,0.2108506262302398,0.2803266644477844,0.4720624685287475,0.6275357007980347,9.357019042968773,-0.80672582602122,0.80672582602122,0.0,Baja,0.0019331425428390225,-0.0010384321212768555,Estable
Manihot esculenta,2020-01-13,13,Inicial,3.2743357048555617,0.3,0.9823007114566684,0.0,0.2087039798498153,0.2790789902210235,0.4672080874443054,0.6248542070388794,9.219232177734398,-0.9823007114566684,0.9823007114566684,0.0,Baja,-0.0021466463804244995,-0.0012476742267609198,Estable
Manihot esculenta,2020-01-14,14,Inicial,3.022525735174016,0.3,0.9067577205522048,0.0,0.2105519473552703,0.2779509425163269,0.4714041650295257,0.6223359107971191,9.656640625000025,-0.9067577205522048,0.9067577205522048,0.0,Baja,0.0018479675054549893,-0.0011280477046965998,Estable
Manihot esculenta,2020-01-15,15,Inicial,2.892447644706006,0.3,0.8677342934118019,0.0,0.2085372507572174,0.276860624551773,0.4667938649654388,0.6199163794517517,9.227014160156273,-0.8677342934118019,0.8677342934118019,0.0,Baja,-0.0020146965980528952,-0.0010903179645538885,Estable
Manihot esculenta,2020-01-16,16,Inicial,2.5509631062608813,0.3,0.7652889318782644,1.6,0.2047977745532989,0.2754416167736053,0.4583717882633209,0.6167877316474915,9.604058837890648,0.8347110681217357,0.0,0.8347110681217357,Cubierta,-0.0037394762039185125,-0.0014190077781677246,Estable
Manihot esculenta,2020-01-17,17,Inicial,2.123625836918019,0.3,0.6370877510754057,3.92,0.2077111601829528,0.2745482921600342,0.4650589525699615,0.6144890189170837,10.502893066406273,3.2829122489245943,0.0,3.2829122489245943,Cubierta,0.002913385629653903,-0.0008933246135711115,Estable
Manihot esculenta,2020-01-18,18,Inicial,2.457076041415373,0.3,0.737122812424612,0.81,0.2180327624082565,0.2743701934814453,0.4881190657615661,0.6141732335090637,10.842187500000025,0.07287718757538808,0.0,0.07287718757538808,Cubierta,0.010321602225303705,-0.0001780986785888672,Estable
Manihot esculenta,2020-01-19,19,Inicial,2.6849474282341173,0.3,0.8054842284702352,1.28,0.2238282859325409,0.2738048136234283,0.5010724067687988,0.6128256916999817,10.861352539062525,0.4745157715297649,0.0,0.4745157715297649,Cubierta,0.0057955235242843905,-0.0005653798580170233,Estable
Manihot esculenta,2020-01-20,20,Inicial,2.0816455357680983,0.3,0.6244936607304294,3.23,0.2300102710723877,0.2732718884944916,0.5150047540664673,0.6116583347320557,11.008447265625025,2.6055063392695708,0.0,2.6055063392695708,Cubierta,0.006181985139846802,-0.0005329251289367121,Estable
Manihot esculenta,2020-01-21,21,Inicial,2.589197755053443,0.3,0.7767593265160329,10.51,0.2776890993118286,0.2764692008495331,0.6215779781341553,0.6190438270568848,10.997521972656273,9.733240673483968,0.0,9.733240673483968,Cubierta,0.04767882823944092,0.003197312355041504,Estable
Manihot esculenta,2020-01-22,22,Inicial,2.230115953986533,0.3,0.6690347861959599,1.52,0.2813131213188171,0.279358297586441,0.6296303272247314,0.6252856254577637,11.026483154296898,0.8509652138040401,0.0,0.8509652138040401,Cubierta,0.00362402200698847,0.0028890967369079035,Estable
Manihot esculenta,2020-01-23,23,Inicial,3.0231741605568065,0.3,0.906952248167042,0.04,0.2543753087520599,0.2772768139839172,0.5694832801818848,0.6206307411193848,10.375817871093773,-0.866952248167042,0.866952248167042,0.0,Baja,-0.026937812566757202,-0.0020814836025238037,Estable
Manihot esculenta,2020-01-24,24,Inicial,2.586677938014444,0.3,0.7760033814043331,3.11,0.2654004395008087,0.27736696600914,0.5939206480979919,0.6210359334945679,11.167718505859398,2.3339966185956667,0.0,2.3339966185956667,Cubierta,0.011025130748748835,9.015202522283383e-05,Estable
Manihot esculenta,2020-01-25,25,Inicial,2.8270782875977893,0.3,0.8481234862793368,3.33,0.2785582542419433,0.2801665961742401,0.623546838760376,0.6271925568580627,11.012170410156273,2.481876513720663,0.0,2.481876513720663,Cubierta,0.013157814741134588,0.0027996301651000977,Estable
Manihot esculenta,2020-01-26,26,Inicial,2.8592092343467463,0.3,0.8577627703040239,9.31,0.2917945086956024,0.2835708260536194,0.6531261205673218,0.634725034236908,10.548059082031273,8.452237229695976,0.0,8.452237229695976,Cubierta,0.013236254453659113,0.0034042298793792725,Estable
Manihot esculenta,2020-01-27,27,Inicial,3.197498176772503,0.3,0.9592494530317508,4.58,0.2769192457199096,0.2824744284152984,0.6197158098220825,0.632459819316864,11.287438964843773,3.6207505469682495,0.0,3.6207505469682495,Cubierta,-0.014875262975692805,-0.0010963976383209784,Estable
Manihot esculenta,2020-01-28,28,Desarrollo,3.0623564253268816,0.3,0.9187069275980644,0.07,0.288808524608612,0.2827996015548706,0.6465105414390564,0.6330852508544922,11.325189208984398,-0.8487069275980643,0.8487069275980643,0.0,Baja,0.011889278888702393,0.00032517313957219907,Estable
Manihot esculenta,2020-01-29,29,Desarrollo,3.282537487982082,0.3150943396226415,1.0343089820622786,2.73,0.2753844857215881,0.2828554809093475,0.6163906455039978,0.6334013342857361,11.248925781250025,1.6956910179377214,0.0,1.6956910179377214,Cubierta,-0.013424038887023926,5.58793544768732e-05,Estable
Manihot esculenta,2020-01-30,30,Desarrollo,3.220521836988908,0.330188679245283,1.06337985183596,0.59,0.2492743730545044,0.2804329991340637,0.5580548644065857,0.6275911331176758,11.391961669921898,-0.4733798518359601,0.4733798518359601,0.0,Baja,-0.026110112667083685,-0.002422481775283758,Estable
Manihot esculenta,2020-01-31,31,Desarrollo,2.652374252562516,0.3452830188679245,0.9158197890923404,0.0,0.2273979932069778,0.2779696881771087,0.5091440081596375,0.6222366094589233,9.499108886718773,-0.9158197890923404,0.9158197890923404,0.0,Baja,-0.021876379847526606,-0.0024633109569550116,Estable
Manihot esculenta,2020-02-01,32,Desarrollo,2.573089729374203,0.360377358490566,0.9272832798310808,7.56,0.2258870303630828,0.2767135202884674,0.5055345892906189,0.6195324659347534,11.308251953125025,6.632716720168919,0.0,6.632716720168919,Cubierta,-0.0015109628438949863,-0.001256167888641302,Estable
Manihot esculenta,2020-02-02,33,Desarrollo,3.279578952552463,0.3754716981132076,1.2313890784112078,1.99,0.2204961627721786,0.2752612233161926,0.4935779273509979,0.6163914799690247,11.114923095703148,0.7586109215887922,0.0,0.7586109215887922,Cubierta,-0.005390867590904208,-0.0014522969722747803,Estable
Manihot esculenta,2020-02-03,34,Desarrollo,3.3391805897721194,0.3905660377358491,1.3041705322317525,0.12,0.2164567857980728,0.273760437965393,0.4845251739025116,0.6128060817718506,10.871423339843773,-1.1841705322317524,1.1841705322317524,0.0,Baja,-0.004039376974105807,-0.001500785350799616,Estable
Manihot esculenta,2020-02-04,35,Desarrollo,3.9831310885574367,0.4056603773584906,1.615798460452545,0.0,0.2100583761930465,0.2722263932228088,0.4702250957489013,0.6095258593559265,9.797631835937525,-1.615798460452545,1.615798460452545,0.0,Baja,-0.006398409605026301,-0.0015340447425842285,Estable
Manihot esculenta,2020-02-05,36,Desarrollo,4.244793931187747,0.4207547169811321,1.7860170691601276,0.0,0.2006809264421463,0.2705520689487457,0.4492982625961303,0.6055396199226379,7.838159179687523,-1.7860170691601276,1.7860170691601276,0.0,Baja,-0.009377449750900185,-0.0016743242740630548,Estable
Manihot esculenta,2020-02-06,37,Desarrollo,4.169733176569154,0.4358490566037736,1.817374271297122,0.0,0.1767249256372451,0.267781525850296,0.3955183029174804,0.5994586944580078,6.867028808593773,-1.817374271297122,1.817374271297122,0.0,Baja,-0.023956000804901206,-0.002770543098449707,Estable
Manihot esculenta,2020-02-07,38,Desarrollo,4.0865957124513415,0.4509433962264151,1.8428233495771145,0.0,0.1767972558736801,0.2662941813468933,0.3957181274890899,0.5963003635406494,7.492089843750023,-1.8428233495771145,1.8428233495771145,0.0,Baja,7.233023643499203e-05,-0.00148734450340271,Estable
Manihot esculenta,2020-02-08,39,Desarrollo,3.268439705235638,0.4660377358490566,1.5232162399871747,1.77,0.1823482662439346,0.2652748823165893,0.4082421064376831,0.5938217639923096,9.937188720703148,0.24678376001282532,0.0,0.24678376001282532,Cubierta,0.005551010370254517,-0.0010192990303040106,Estable
Manihot esculenta,2020-02-09,40,Desarrollo,3.30872980351908,0.4811320754716981,1.591936037542199,23.23,0.1983443796634674,0.265025645494461,0.4440963864326477,0.5933203101158142,11.104760742187525,21.638063962457803,0.0,21.638063962457803,Cubierta,0.015996113419532804,-0.0002492368221282959,Estable
Manihot esculenta,2020-02-10,41,Desarrollo,3.880629515402008,0.4962264150943396,1.925670872737223,2.61,0.2136109471321106,0.2650732100009918,0.4781440496444702,0.5933699011802673,8.760339355468773,0.684329127262777,0.0,0.684329127262777,Cubierta,0.015266567468643188,4.756450653081723e-05,Estable
Manihot esculenta,2020-02-11,42,Desarrollo,3.8381170799608064,0.5113207547169811,1.9625089220176957,0.07,0.1838676333427429,0.2624737322330475,0.4115966260433197,0.5874166488647461,8.149285888671898,-1.8925089220176956,1.8925089220176956,0.0,Baja,-0.029743313789367704,-0.002599477767944336,Estable
Manihot esculenta,2020-02-12,43,Desarrollo,3.7387676578637534,0.5264150943396226,1.9681437293282784,0.0,0.1768476068973541,0.2606357634067535,0.3958576917648315,0.5835667252540588,8.815972900390648,-1.9681437293282784,1.9681437293282784,0.0,Baja,-0.007020026445388794,-0.0018379688262940008,Estable
Manihot esculenta,2020-02-13,44,Desarrollo,3.6900119890205856,0.5415094339622641,1.9981763034885056,0.1,0.1803713291883468,0.259611576795578,0.4037930369377136,0.5810755491256714,10.473291015625025,-1.8981763034885055,1.8981763034885055,0.0,Baja,0.003523722290992709,-0.0010241866111754816,Estable
Manihot esculenta,2020-02-14,45,Desarrollo,2.8355856754959605,0.5566037735849056,1.5782976873043553,0.48,0.1989832371473312,0.2591719031333923,0.4454621970653534,0.580151379108429,9.278466796875025,-1.0982976873043553,1.0982976873043553,0.0,Baja,0.018611907958984403,-0.00043967366218572446,Estable
Manihot esculenta,2020-02-15,46,Desarrollo,2.6765302968514897,0.5716981132075472,1.5301673206528328,0.22,0.2052931636571884,0.2586721181869507,0.4594780802726745,0.5791447162628174,10.469934082031273,-1.3101673206528328,1.3101673206528328,0.0,Baja,0.006309926509857178,-0.0004997849464415949,Estable
Manihot esculenta,2020-02-16,47,Desarrollo,3.117126568501001,0.5867924528301887,1.8291063449128515,0.0,0.1986427754163742,0.2576354742050171,0.4446353912353515,0.5765464901924133,10.033471679687525,-1.8291063449128515,1.8291063449128515,0.0,Baja,-0.006650388240814181,-0.0010366439819335938,Estable
Manihot esculenta,2020-02-17,48,Desarrollo,3.665628234218672,0.6018867924528302,2.206293220218408,0.0,0.1877762228250503,0.2560195624828338,0.4204446375370025,0.5728833675384521,9.768212890625025,-2.206293220218408,2.206293220218408,0.0,Moderada,-0.010866552591323908,-0.001615911722183283,Estable
Manihot esculenta,2020-02-18,49,Desarrollo,3.492022458866841,0.6169811320754717,2.154511969904636,0.0,0.1857706904411316,0.2548185884952545,0.4159465134143829,0.5704189538955688,9.950219726562525,-2.154511969904636,2.154511969904636,0.0,Moderada,-0.0020055323839187067,-0.0012009739875792902,Estable
Manihot esculenta,2020-02-19,50,Desarrollo,2.918052034422252,0.6320754716981132,1.844429116097084,0.57,0.1872323900461197,0.2538785934448242,0.4191077649593353,0.5682427287101746,11.746820068359398,-1.274429116097084,1.274429116097084,0.0,Baja,0.0014616996049880981,-0.0009399950504302979,Estable
Manihot esculenta,2020-02-20,51,Desarrollo,3.314226504146355,0.6471698113207547,2.144867341362641,0.18,0.2236148566007614,0.2550888955593109,0.500618577003479,0.5711452960968018,11.591271972656273,-1.964867341362641,1.964867341362641,0.0,Baja,0.036382466554641724,0.0012103021144866943,Estable
Manihot esculenta,2020-02-21,52,Desarrollo,3.139896751369089,0.6622641509433962,2.0794410560953778,0.12,0.2261070013046264,0.2548896968364715,0.5061571002006531,0.5707740783691406,11.824792480468773,-1.9594410560953777,1.9594410560953777,0.0,Baja,0.0024921447038649958,-0.00019919872283941098,Estable
Manihot esculenta,2020-02-22,53,Desarrollo,2.396003652736208,0.6773584905660377,1.6229534176081106,0.43,0.242223709821701,0.2557536959648132,0.5422936081886292,0.572752058506012,12.420373535156273,-1.1929534176081107,1.1929534176081107,0.0,Baja,0.016116708517074585,0.0008639991283416748,Estable
Manihot esculenta,2020-02-23,54,Desarrollo,2.1392010919117426,0.6924528301886792,1.481295850436999,19.53,0.2677009999752044,0.2634223699569702,0.599253237247467,0.5897852778434753,12.508630371093773,18.048704149563,0.0,18.048704149563,Cubierta,0.025477290153503418,0.007668673992157038,Aumento
Manihot esculenta,2020-02-24,55,Desarrollo,2.3170551880178496,0.7075471698113207,1.639425840578667,8.55,0.2588692605495453,0.2627563774585724,0.57943195104599,0.5883241295814514,12.572229003906273,6.9105741594213335,0.0,6.9105741594213335,Cubierta,-0.008831739425659124,-0.0006659924983978271,Estable
Manihot esculenta,2020-02-25,56,Desarrollo,2.9252566598674297,0.7226415094339622,2.11391188816835,0.8,0.2585375607013702,0.2624483406543731,0.5787733197212219,0.5873503684997559,12.687341308593773,-1.3139118881683498,1.3139118881683498,0.0,Baja,-0.00033169984817510434,-0.00030803680419927426,Estable
Manihot esculenta,2020-02-26,57,Desarrollo,3.159819723194727,0.7377358490566037,2.3311122863568645,0.02,0.2571020126342773,0.2623478770256042,0.5756126642227173,0.5871629118919373,12.678430175781273,-2.3111122863568645,2.3111122863568645,0.0,Moderada,-0.0014355480670928955,-0.0001004636287689209,Estable
Manihot esculenta,2020-02-27,58,Desarrollo,3.456607537547279,0.7528301886792452,2.6022385046818197,0.18,0.26055908203125,0.2622732818126678,0.5833175778388977,0.5869681239128113,12.553857421875025,-2.4222385046818196,2.4222385046818196,0.0,Moderada,0.0034570693969727118,-7.459521293640137e-05,Estable
Manihot esculenta,2020-02-28,59,Desarrollo,3.371494345365816,0.7679245283018867,2.5890532048375228,0.02,0.2319629490375518,0.2599510252475738,0.5191401839256287,0.5818336009979248,12.552697753906273,-2.5690532048375228,2.5690532048375228,0.0,Moderada,-0.028596132993698203,-0.002322256565093994,Estable
Manihot esculenta,2020-02-29,60,Desarrollo,3.6544199817696392,0.7830188679245282,2.861479797046038,0.35,0.2162789553403854,0.258466362953186,0.4841081798076629,0.5786082148551941,11.741845703125025,-2.511479797046038,2.511479797046038,0.0,Moderada,-0.015683993697166387,-0.0014846622943878174,Estable
Manihot esculenta,2020-03-01,61,Desarrollo,3.240013985102308,0.7981132075471697,2.5858979541476907,72.85,0.203538492321968,0.2566025555133819,0.4556828737258911,0.5743725299835205,11.519921875000025,70.2641020458523,0.0,70.2641020458523,Cubierta,-0.012740463018417414,-0.0018638074398040771,Estable
Manihot esculenta,2020-03-02,62,Desarrollo,3.3398924289877967,0.8132075471698113,2.716025729988189,12.14,0.1961739361286163,0.2550231218338012,0.439160019159317,0.5709739923477173,12.152612304687525,9.423974270011811,0.0,9.423974270011811,Cubierta,-0.00736455619335169,-0.0015794336795806885,Estable
Manihot esculenta,2020-03-03,63,Desarrollo,3.531389914112611,0.8283018867924528,2.925056928859313,0.83,0.2070548236370086,0.2545174956321716,0.4635263085365295,0.5699523091316223,12.325585937500025,-2.095056928859313,2.095056928859313,0.0,Moderada,0.010880887508392306,-0.0005056262016296387,Estable
Manihot esculenta,2020-03-04,64,Desarrollo,3.817984901814575,0.8433962264150943,3.220074058700217,0.0,0.1768831759691238,0.2516687512397766,0.3959431946277618,0.5634123682975769,11.309655761718773,-3.220074058700217,3.220074058700217,0.0,Moderada,-0.0301716476678848,-0.002848744392394964,Estable
Manihot esculenta,2020-03-05,65,Desarrollo,4.352237717167281,0.8584905660377358,3.736355021341722,0.0,0.1736954301595688,0.2502045929431915,0.3888481557369232,0.5602402091026306,9.734887695312525,-3.736355021341722,3.736355021341722,0.0,Moderada,-0.003187745809555026,-0.0014641582965851385,Estable
Manihot esculenta,2020-03-06,66,Desarrollo,4.247409486947092,0.8735849056603773,3.710472815955667,0.0,0.160724401473999,0.2482027560472488,0.3597050309181213,0.5555602312088013,9.301354980468773,-3.710472815955667,3.710472815955667,0.0,Moderada,-0.012971028685569791,-0.0020018368959426602,Estable
Manihot esculenta,2020-03-07,67,Desarrollo,3.4518025368936005,0.8886792452830188,3.0675452733526143,0.81,0.1637406349182129,0.2470306009054184,0.3665027618408203,0.5530008673667908,10.209161376953148,-2.2575452733526142,2.2575452733526142,0.0,Moderada,0.003016233444213895,-0.0011721551418304166,Estable
Manihot esculenta,2020-03-08,68,Desarrollo,2.8986032878309578,0.9037735849056604,2.619681084662319,11.8,0.1728366017341613,0.2463504374027252,0.386936217546463,0.551427960395813,11.088952636718773,9.180318915337683,0.0,9.180318915337683,Cubierta,0.009095966815948403,-0.000680163502693204,Estable
Manihot esculenta,2020-03-09,69,Desarrollo,2.4540412289598925,0.918867924528302,2.25493977076126,6.03,0.1842152625322342,0.2459021210670471,0.4123090803623199,0.5503965020179749,11.448388671875025,3.7750602292387403,0.0,3.7750602292387403,Cubierta,0.011378660798072898,-0.0004483163356781006,Estable
Manihot esculenta,2020-03-10,70,Desarrollo,2.8475698258184265,0.9339622641509436,2.6595227618492854,3.58,0.2477736473083496,0.2499169707298278,0.554608941078186,0.5594798922538757,11.471215820312525,0.9204772381507147,0.0,0.9204772381507147,Cubierta,0.06355838477611542,0.004014849662780706,Estable
Manihot esculenta,2020-03-11,71,Desarrollo,3.0986824618183264,0.949056603773585,2.9408250533860723,10.22,0.251617431640625,0.2513230741024017,0.5632652640342712,0.5626598596572876,11.851251220703148,7.279174946613928,0.0,7.279174946613928,Cubierta,0.0038437843322753906,0.0014061033725738803,Estable
Manihot esculenta,2020-03-12,72,Desarrollo,2.594486676056316,0.9641509433962264,2.501476776348637,3.18,0.246285855770111,0.2508704960346222,0.5514435768127441,0.5615320205688477,11.931726074218773,0.678523223651363,0.0,0.678523223651363,Cubierta,-0.005331575870513999,-0.0004525780677794855,Estable
Manihot esculenta,2020-03-13,73,Desarrollo,2.5263580448359333,0.979245283018868,2.473924198622357,11.32,0.2887640297412872,0.2560513317584991,0.6464170217514038,0.573232114315033,12.091302490234398,8.846075801377644,0.0,8.846075801377644,Cubierta,0.042478173971176175,0.005180835723876898,Aumento
Manihot esculenta,2020-03-14,74,Desarrollo,2.292794364677023,0.9943396226415095,2.2798162833675306,14.93,0.2658706605434418,0.259913682937622,0.5950819849967957,0.5817363858222961,12.072656250000025,12.650183716632469,0.0,12.650183716632469,Cubierta,-0.022893369197845403,0.003862351179122925,Estable
Manihot esculenta,2020-03-15,75,Desarrollo,2.615711011781474,1.009433962264151,2.640387530760545,16.33,0.2686693370342254,0.2639972567558288,0.6013837456703186,0.5909135341644287,12.363122558593773,13.689612469239453,0.0,13.689612469239453,Cubierta,0.002798676490783636,0.004083573818206787,Estable
Manihot esculenta,2020-03-16,76,Desarrollo,3.097518737676989,1.0245283018867926,3.1734956123747264,1.33,0.242931067943573,0.2607799172401428,0.5437864661216736,0.5837200284004211,13.019738769531273,-1.8434956123747264,1.8434956123747264,0.0,Baja,-0.02573826909065241,-0.0032173395156859796,Estable
Manihot esculenta,2020-03-17,77,Desarrollo,3.810480679908264,1.039622641509434,3.9614619898668937,0.0,0.2500636279582977,0.2604047060012817,0.5598828792572021,0.5829643607139587,11.935693359375025,-3.9614619898668937,3.9614619898668937,0.0,Moderada,0.007132560014724676,-0.0003752112388611395,Estable
Manihot esculenta,2020-03-18,78,Desarrollo,3.429303569747668,1.0547169811320756,3.616944708469711,0.0,0.2217862606048584,0.2577000558376312,0.4964143931865692,0.5770552754402161,11.986383056640648,-3.616944708469711,3.616944708469711,0.0,Moderada,-0.028277367353439276,-0.002704650163650457,Estable
Manihot esculenta,2020-03-19,79,Desarrollo,3.0694178759915816,1.069811320754717,3.283697991862692,0.01,0.2795619964599609,0.2649308145046234,0.6258862018585205,0.592998743057251,10.784295654296898,-3.2736979918626923,3.2736979918626923,0.0,Moderada,0.057775735855102484,0.0072307586669921875,Aumento
Manihot esculenta,2020-03-20,80,Desarrollo,1.4939680924748744,1.0849056603773586,1.6208144399491564,0.18,0.2614538073539734,0.2628643810749054,0.5852376818656921,0.5886270403862,10.679254150390648,-1.4408144399491565,1.4408144399491565,0.0,Baja,-0.018108189105987493,-0.0020664334297180176,Estable
Manihot esculenta,2020-03-21,81,Desarrollo,1.7583500856228598,1.1,1.934185094185146,0.03,0.2740433812141418,0.2664081454277038,0.6136701703071594,0.5964492559432983,10.421411132812525,-1.904185094185146,1.904185094185146,0.0,Baja,0.012589573860168402,0.0035437643527984064,Estable
Manihot esculenta,2020-03-22,82,Media,3.556217632475733,1.1,3.911839395723306,0.0,0.2572545707225799,0.26518315076828,0.5761153697967529,0.5937525629997253,9.781823730468773,-3.911839395723306,3.911839395723306,0.0,Moderada,-0.01678881049156189,-0.0012249946594238281,Estable
Manihot esculenta,2020-03-23,83,Media,3.026920456426764,1.1,3.3296125020694407,0.01,0.2687681019306183,0.2682282328605652,0.6017157435417175,0.6006450653076172,10.701531982421898,-3.319612502069441,3.319612502069441,0.0,Moderada,0.011513531208038386,0.0030450820922852118,Estable
Manihot esculenta,2020-03-24,84,Media,2.48034144265086,1.1,2.7283755869159463,0.0,0.2440335303544998,0.2656533420085907,0.5462899208068848,0.5947559475898743,10.549432373046898,-2.7283755869159463,2.7283755869159463,0.0,Moderada,-0.024734571576118497,-0.0025748908519744873,Estable
Manihot esculenta,2020-03-25,85,Media,3.132983757906082,1.1,3.4462821336966907,4.35,0.2338432222604751,0.2639497816562652,0.5235876441001892,0.5908638834953308,10.858270263671898,0.903717866303309,0.0,0.903717866303309,Cubierta,-0.010190308094024686,-0.001703560352325495,Estable
Manihot esculenta,2020-03-26,86,Media,3.216614631616496,1.1,3.538276094778145,2.25,0.2843395471572876,0.2734195291996002,0.6365152597427368,0.6122133731842041,11.431176757812525,-1.288276094778145,1.288276094778145,0.0,Baja,0.050496324896812494,0.009469747543335016,Aumento
Manihot esculenta,2020-03-27,87,Media,3.3215727420686583,1.1,3.653730016275525,0.18,0.2635979652404785,0.2715934514999389,0.5901396870613098,0.6080759763717651,12.330316162109398,-3.4737300162755247,3.4737300162755247,0.0,Moderada,-0.020741581916809082,-0.0018260776996613104,Estable
Manihot esculenta,2020-03-28,88,Media,3.3271949309264675,1.1,3.6599144240191146,0.0,0.2531955540180206,0.2694453001022339,0.5667470693588257,0.6033211946487427,11.557153320312525,-3.6599144240191146,3.6599144240191146,0.0,Moderada,-0.010402411222457941,-0.0021481513977050226,Estable
Manihot esculenta,2020-03-29,89,Media,3.183669345592364,1.1,3.5020362801516005,0.36,0.2232374250888824,0.2665849328041076,0.4997977614402771,0.5968359112739563,10.112084960937525,-3.1420362801516006,3.1420362801516006,0.0,Moderada,-0.029958128929138184,-0.002860367298126276,Estable
Manihot esculenta,2020-03-30,90,Media,2.550843030742843,1.1,2.8059273338171278,12.26,0.2029734700918197,0.2642343938350677,0.454388827085495,0.5917019248008728,11.640496826171898,9.454072666182872,0.0,9.454072666182872,Cubierta,-0.020263954997062683,-0.002350538969039917,Estable
Manihot esculenta,2020-03-31,91,Media,2.3706443417071856,1.1,2.6077087758779043,13.94,0.2005254924297332,0.2630885243415832,0.4488885998725891,0.5888931155204773,12.311975097656273,11.332291224122095,0.0,11.332291224122095,Cubierta,-0.0024479776620865146,-0.001145869493484497,Estable
Manihot esculenta,2020-04-01,92,Media,2.522888057474769,1.1,2.775176863222246,13.63,0.2240067273378372,0.2632297873497009,0.5015571117401123,0.5891873240470886,12.607232666015648,10.854823136777755,0.0,10.854823136777755,Cubierta,0.023481234908104,0.0001412630081177313,Estable
Manihot esculenta,2020-04-02,93,Media,2.5323071063014786,1.1,2.7855378169316265,0.51,0.2758886218070984,0.2711183726787567,0.6175916790962219,0.6071338057518005,12.400231933593773,-2.2755378169316263,2.2755378169316263,0.0,Moderada,0.0518818944692612,0.007888585329055786,Aumento
Manihot esculenta,2020-04-03,94,Media,2.6271785844235063,1.1,2.889896442865857,4.01,0.2659236192703247,0.2712969481945038,0.5954230427742004,0.6072812080383301,11.971063232421898,1.1201035571341427,0.0,1.1201035571341427,Cubierta,-0.009965002536773682,0.0001785755157470703,Estable
Manihot esculenta,2020-04-04,95,Media,2.631227149463299,1.1,2.8943498644096293,13.38,0.2443749606609344,0.2690936326980591,0.5469956994056702,0.602382481098175,11.662469482421898,10.485650135590372,0.0,10.485650135590372,Cubierta,-0.021548658609390314,-0.002203315496444702,Estable
Manihot esculenta,2020-04-05,96,Media,2.946154645803796,1.1,3.240770110384176,6.21,0.2137376368045807,0.2659193873405456,0.4783735871315002,0.5953014492988586,13.015100097656273,2.969229889615824,0.0,2.969229889615824,Cubierta,-0.030637323856353704,-0.0031742453575134832,Estable
Manihot esculenta,2020-04-06,97,Media,2.3361058897670874,1.1,2.5697164787437963,23.66,0.2832644879817962,0.2733738720417022,0.6341358423233032,0.6120943427085876,12.442376708984398,21.090283521256204,0.0,21.090283521256204,Cubierta,0.06952685117721552,0.007454484701156616,Aumento
Manihot esculenta,2020-04-07,98,Media,2.8235723243522544,1.1,3.10592955678748,1.37,0.3046170771121979,0.2882801592350006,0.6819403171539307,0.645259439945221,11.765863037109398,-1.7359295567874797,1.7359295567874797,0.0,Baja,0.021352589130401667,0.014906287193298395,Aumento
Manihot esculenta,2020-04-08,99,Media,2.579785188348954,1.1,2.837763707183849,0.01,0.256966769695282,0.281900942325592,0.5752382278442383,0.6312613487243652,11.818231201171898,-2.8277637071838493,2.8277637071838493,0.0,Moderada,-0.047650307416915894,-0.006379216909408625,Disminución
Manihot esculenta,2020-04-09,100,Media,2.502048930341428,1.1,2.752253823375572,5.67,0.2632371485233307,0.2805583775043487,0.5894350409507751,0.6280880570411682,12.382135009765648,2.917746176624428,0.0,2.917746176624428,Cubierta,0.006270378828048706,-0.0013425648212432861,Estable
Manihot esculenta,2020-04-10,101,Media,2.748002778812846,1.1,3.022803056694131,10.78,0.2536020278930664,0.2785641252994537,0.5677119493484497,0.6235864758491516,12.384851074218773,7.7571969433058685,0.0,7.7571969433058685,Cubierta,-0.009635120630264282,-0.0019942522048950195,Estable
Manihot esculenta,2020-04-11,102,Media,2.1904408175685526,1.1,2.409484899325408,11.22,0.2507103085517883,0.2779609858989715,0.5611761212348938,0.6223846673965454,11.232232666015648,8.810515100674593,0.0,8.810515100674593,Cubierta,-0.0028917193412781317,-0.0006031394004821777,Estable
Manihot esculenta,2020-04-12,103,Media,3.1211472500048454,1.1,3.43326197500533,1.49,0.283517986536026,0.2840209007263183,0.6344996094703674,0.6356989145278931,11.581750488281273,-1.9432619750053302,1.9432619750053302,0.0,Baja,0.032807677984237726,0.006059914827346802,Aumento
Manihot esculenta,2020-04-13,104,Media,3.7334030069544064,1.1,4.106743307649848,0.64,0.2301941663026809,0.2793667316436767,0.5152503848075867,0.6254781484603882,11.344110107421898,-3.4667433076498475,3.4667433076498475,0.0,Moderada,-0.05332382023334509,-0.0046541690826416016,Estable
Manihot esculenta,2020-04-14,105,Media,3.385449292858578,1.1,3.723994222144437,0.48,0.2501223981380462,0.2789831161499023,0.560073971748352,0.6245298981666565,12.416467285156273,-3.243994222144437,3.243994222144437,0.0,Moderada,0.019928231835365295,-0.00038361549377441406,Estable
Manihot esculenta,2020-04-15,106,Media,2.568026783405522,1.1,2.8248294617460745,1.67,0.2361091822385788,0.2771470844745636,0.5286099314689636,0.6206106543540955,11.727471923828148,-1.1548294617460746,1.1548294617460746,0.0,Baja,-0.014013215899467413,-0.0018360316753386896,Estable
Manihot esculenta,2020-04-16,107,Media,3.093421749481525,1.1,3.402763924429678,0.45,0.2384891659021377,0.2761068940162658,0.5337837338447571,0.6180773973464966,12.009973144531273,-2.9527639244296777,2.9527639244296777,0.0,Moderada,0.0023799836635589044,-0.001040190458297785,Estable
Manihot esculenta,2020-04-17,108,Media,2.4743830297632456,1.1,2.7218213327395704,0.36,0.2434961348772049,0.2759918868541717,0.5450820326805115,0.617851734161377,11.538934326171898,-2.3618213327395705,2.3618213327395705,0.0,Moderada,0.005006968975067194,-0.00011500716209411621,Estable
Manihot esculenta,2020-04-18,109,Media,2.23434610023789,1.1,2.4577807102616798,1.94,0.2200187444686889,0.2736431658267975,0.4926237165927887,0.6124780774116516,11.407861328125025,-0.5177807102616798,0.5177807102616798,0.0,Baja,-0.023477390408515986,-0.002348721027374212,Estable
Manihot esculenta,2020-04-19,110,Media,2.556302616112022,1.1,2.8119328777232244,11.51,0.2208987474441528,0.2730054259300232,0.4945263564586639,0.6111860275268555,10.943811035156273,8.698067122276775,0.0,8.698067122276775,Cubierta,0.0008800029754638949,-0.000637739896774292,Estable
Manihot esculenta,2020-04-20,111,Media,3.000688655567568,1.1,3.300757521124325,14.03,0.2254912704229354,0.2725829482078552,0.5048649907112122,0.6102330088615417,11.530175781250025,10.729242478875674,0.0,10.729242478875674,Cubierta,0.004592522978782598,-0.00042247772216796875,Estable
Manihot esculenta,2020-04-21,112,Media,2.484278657685948,1.1,2.732706523454543,12.34,0.2286286950111389,0.2717643678188324,0.5117641091346741,0.6085439324378967,11.718957519531273,9.607293476545458,0.0,9.607293476545458,Cubierta,0.0031374245882034857,-0.0008185803890228271,Estable
Manihot esculenta,2020-04-22,113,Media,2.547582601264165,1.1,2.8023408613905816,3.69,0.2255481928586959,0.2706317901611328,0.5050390958786011,0.6057701110839844,11.604150390625025,0.8876591386094184,0.0,0.8876591386094184,Cubierta,-0.0030805021524429876,-0.001132577657699585,Estable
Manihot esculenta,2020-04-23,114,Media,2.4331279022078816,1.1,2.67644069242867,4.07,0.282408058643341,0.277260810136795,0.6320677399635315,0.6205888986587524,11.109979248046898,1.3935593075713304,0.0,1.3935593075713304,Cubierta,0.05685986578464511,0.006629019975662176,Aumento
Manihot esculenta,2020-04-24,115,Media,3.602164808568888,1.1,3.962381289425777,3.6,0.2774258553981781,0.2801449298858642,0.6212552785873413,0.6271358728408813,11.013452148437525,-0.36238128942577674,0.36238128942577674,0.0,Baja,-0.004982203245162908,0.002884119749069214,Estable
Manihot esculenta,2020-04-25,116,Media,3.6421246252385537,1.1,4.006337087762409,0.89,0.252183735370636,0.2772245705127716,0.564588189125061,0.6205685138702393,11.884576416015648,-3.116337087762409,3.116337087762409,0.0,Moderada,-0.025242120027542114,-0.002920359373092596,Estable
Manihot esculenta,2020-04-26,117,Media,3.2750924383669004,1.1,3.602601682203591,0.39,0.214451715350151,0.2738314568996429,0.4801662862300873,0.6130648255348206,10.058068847656273,-3.2126016822035908,3.2126016822035908,0.0,Moderada,-0.03773202002048498,-0.0033931136131287176,Estable
Manihot esculenta,2020-04-27,118,Media,3.3073257435316203,1.1,3.6380583178847834,1.11,0.2274602800607681,0.2732399106025696,0.5090691447257996,0.6116491556167603,11.024560546875025,-2.528058317884783,2.528058317884783,0.0,Moderada,0.013008564710617093,-0.0005915462970733087,Estable
Manihot esculenta,2020-04-28,119,Media,2.9114449729585474,1.1,3.202589470254402,6.16,0.2182606756687164,0.2714687585830688,0.4885684847831726,0.6075807809829712,11.213891601562525,2.957410529745598,0.0,2.957410529745598,Cubierta,-0.009199604392051697,-0.001771152019500788,Estable
Manihot esculenta,2020-04-29,120,Media,2.569877814533544,1.1,2.8268655959868987,2.49,0.225150391459465,0.2705267369747162,0.5040437579154968,0.6057178378105164,11.773095703125025,-0.33686559598689847,0.33686559598689847,0.0,Baja,0.006889715790748596,-0.0009420216083526056,Estable
Manihot esculenta,2020-04-30,121,Media,2.4907310361180386,1.1,2.7398041397298427,13.78,0.2356075048446655,0.2705721259117126,0.5274770855903625,0.6057619452476501,12.028833007812525,11.040195860270156,0.0,11.040195860270156,Cubierta,0.0104571133852005,4.538893699640445e-05,Estable
Manihot esculenta,2020-05-01,122,Media,1.9281911318489604,1.1,2.121010245033857,10.34,0.2406628280878067,0.2704663574695587,0.5386015176773071,0.6055603623390198,11.751000976562525,8.218989754966143,0.0,8.218989754966143,Cubierta,0.005055323243141202,-0.00010576844215387515,Estable
Manihot esculenta,2020-05-02,123,Media,2.398009187072448,1.1,2.637810105779693,6.65,0.2473119348287582,0.2713973522186279,0.5537124276161194,0.6076388955116272,11.565698242187525,4.012189894220308,0.0,4.012189894220308,Cubierta,0.00664910674095151,0.0009309947490691584,Estable
Manihot esculenta,2020-05-03,124,Media,2.452086179238459,1.1,2.6972947971623054,8.0,0.232431098818779,0.2701475918292999,0.5204673409461975,0.6046335101127625,12.361871337890648,5.302705202837695,0.0,5.302705202837695,Cubierta,-0.01488083600997922,-0.0012497603893279474,Estable
Manihot esculenta,2020-05-04,125,Media,2.878340997625268,1.1,3.1661750973877947,0.54,0.2389140427112579,0.2696700394153595,0.5349622964859009,0.6036849021911621,11.366296386718773,-2.6261750973877946,2.6261750973877946,0.0,Moderada,0.006482943892478915,-0.0004775524139404297,Estable
Manihot esculenta,2020-05-05,126,Media,2.735042161775325,1.1,3.008546377952858,0.33,0.2286075055599212,0.2682690322399139,0.511755645275116,0.6006035804748535,11.830316162109398,-2.6785463779528578,2.6785463779528578,0.0,Moderada,-0.010306537151336698,-0.0014010071754456122,Estable
Manihot esculenta,2020-05-06,127,Media,2.7599698526081,1.1,3.0359668378689104,23.26,0.2379012107849121,0.2681674659252167,0.5325181484222412,0.6004127264022827,11.598168945312525,20.224033162131093,0.0,20.224033162131093,Cubierta,0.0092937052249909,-0.00010156631469721011,Estable
Manihot esculenta,2020-05-07,128,Media,2.3692243829139072,1.1,2.6061468212052983,10.52,0.2342580556869506,0.2673550546169281,0.5243942141532898,0.5983250737190247,11.992364501953148,7.913853178794701,0.0,7.913853178794701,Cubierta,-0.003643155097961509,-0.0008124113082885742,Estable
Manihot esculenta,2020-05-08,129,Media,2.018374595772705,1.1,2.220212055349976,3.36,0.2543240487575531,0.2683139741420746,0.5692935585975647,0.6004765033721924,10.853509521484398,1.139787944650024,0.0,1.139787944650024,Cubierta,0.0200659930706025,0.0009589195251464844,Estable
Manihot esculenta,2020-05-09,130,Media,2.3629387686425987,1.1,2.599232645506859,9.36,0.2710512280464172,0.2707079350948334,0.6067816019058228,0.6062122583389282,10.367639160156273,6.76076735449314,0.0,6.76076735449314,Cubierta,0.01672717928886408,0.002393960952758789,Estable
Manihot esculenta,2020-05-10,131,Media,3.110750993883749,1.1,3.421826093272124,5.36,0.2577276229858398,0.2700836658477783,0.576809823513031,0.6047849059104919,11.502587890625025,1.9381739067278763,0.0,1.9381739067278763,Cubierta,-0.013323605060577393,-0.0006242692470550537,Estable
Manihot esculenta,2020-05-11,132,Media,2.8929174719843203,1.1,3.1822092191827527,2.2,0.2311294376850128,0.2677622437477112,0.5175451636314392,0.5994083285331726,12.118920898437525,-0.9822092191827525,0.9822092191827525,0.0,Baja,-0.026598185300827,-0.0023214221000671387,Estable
Manihot esculenta,2020-05-12,133,Media,2.96787129725583,1.1,3.264658426981413,15.92,0.2158661037683487,0.2651923596858978,0.4833025932312011,0.593776524066925,12.895776367187525,12.655341573018587,0.0,12.655341573018587,Cubierta,-0.015263333916664096,-0.0025698840618133545,Estable
Manihot esculenta,2020-05-13,134,Media,2.572155974588492,1.1,2.8293715720473416,2.78,0.2349113970994949,0.2654805183410644,0.5257561206817627,0.5943794846534729,11.608911132812525,-0.04937157204734177,0.04937157204734177,0.0,Baja,0.019045293331146212,0.00028815865516657047,Estable
Manihot esculenta,2020-05-14,135,Media,2.810431478370752,1.1,3.091474626207827,2.52,0.2558269798755646,0.2666885256767273,0.5726211071014404,0.5970319509506226,12.014672851562525,-0.5714746262078272,0.5714746262078272,0.0,Baja,0.02091558277606967,0.0012080073356628973,Estable
Manihot esculenta,2020-05-15,136,Media,2.8951729513671056,1.1,3.1846902465038163,0.57,0.2416178882122039,0.2659331560134887,0.5407572984695435,0.5952630639076233,11.512231445312525,-2.6146902465038164,2.6146902465038164,0.0,Moderada,-0.014209091663360679,-0.0007553696632385809,Estable
Manihot esculenta,2020-05-16,137,Media,2.9014866716508734,1.1,3.191635338815961,0.28,0.2390032112598419,0.2650797367095947,0.5350504517555237,0.5933128595352173,11.556604003906273,-2.9116353388159606,2.9116353388159606,0.0,Moderada,-0.002614676952362005,-0.0008534193038939875,Estable
Manihot esculenta,2020-05-17,138,Media,2.430553932931653,1.1,2.6736093262248186,4.79,0.2366593033075332,0.2645877003669739,0.5297552347183228,0.5920823216438293,11.579248046875025,2.1163906737751814,0.0,2.1163906737751814,Cubierta,-0.0023439079523086825,-0.0004920363426208496,Estable
Manihot esculenta,2020-05-18,139,Media,2.5932052343502026,1.1,2.852525757785223,7.85,0.2477447688579559,0.2650832235813141,0.5546221137046814,0.5933219194412231,11.306756591796898,4.997474242214777,0.0,4.997474242214777,Cubierta,0.011085465550422696,0.00049552321434021,Estable
Manihot esculenta,2020-05-19,140,Media,2.617580670435277,1.1,2.879338737478805,7.13,0.2527722418308258,0.265298068523407,0.5661026835441589,0.5939779281616211,11.037896728515648,4.250661262521195,0.0,4.250661262521195,Cubierta,0.005027472972869901,0.0002148449420928955,Estable
Manihot esculenta,2020-05-20,141,Media,3.030874330796454,1.1,3.3339617638761,0.29,0.225763514637947,0.262932151556015,0.5055040121078491,0.5888035297393799,10.868127441406273,-3.0439617638761,3.0439617638761,0.0,Moderada,-0.027008727192878806,-0.0023659169673919678,Estable
Manihot esculenta,2020-05-21,142,Media,2.645177684082293,1.1,2.9096954524905225,1.33,0.2204947471618652,0.261577308177948,0.4935763776302337,0.5855982899665833,11.206323242187525,-1.5796954524905225,1.5796954524905225,0.0,Baja,-0.005268767476081793,-0.0013548433780670166,Estable
Manihot esculenta,2020-05-22,143,Media,2.47680528230496,1.1,2.724485810535456,1.9,0.2345729917287826,0.2619511783123016,0.5250754952430725,0.5863019227981567,11.613427734375025,-0.8244858105354562,0.8244858105354562,0.0,Baja,0.014078244566917392,0.0003738701343535822,Estable
Manihot esculenta,2020-05-23,144,Media,2.786903804089937,1.1,3.0655941844989307,11.61,0.2522239089012146,0.2633793652057647,0.5644785165786743,0.5895261168479919,11.656213378906273,8.544405815501069,0.0,8.544405815501069,Cubierta,0.017650917172432,0.0014281868934631348,Estable
Manihot esculenta,2020-05-24,145,Media,2.727091997821309,1.1,2.99980119760344,2.05,0.2319868057966232,0.2615297734737396,0.5193046927452087,0.5854007601737976,10.945214843750025,-0.9498011976034402,0.9498011976034402,0.0,Baja,-0.020237103104591397,-0.001849591732025091,Estable
Manihot esculenta,2020-05-25,146,Media,2.820456232366088,1.1,3.102501855602697,1.01,0.2377344369888305,0.2610085010528564,0.5320727825164795,0.584338366985321,11.805902099609398,-2.0925018556026966,2.0925018556026966,0.0,Moderada,0.005747631192207309,-0.0005212724208832342,Estable
Manihot esculenta,2020-05-26,147,Media,2.3933592161916977,1.1,2.632695137810868,9.8,0.2561526894569397,0.2622886002063751,0.5734153389930725,0.5871784090995789,11.640283203125025,7.167304862189132,0.0,7.167304862189132,Cubierta,0.018418252468109186,0.0012800991535187323,Estable
Manihot esculenta,2020-05-27,148,Media,2.2622761158194904,1.1,2.48850372740144,7.2,0.2856523394584656,0.2661807537078857,0.6396353840827942,0.595686674118042,11.486749267578148,4.71149627259856,0.0,4.71149627259856,Cubierta,0.02949965000152588,0.0038921535015105646,Estable
Manihot esculenta,2020-05-28,149,Media,2.057609455690836,1.1,2.26337040125992,2.72,0.2728628516197204,0.2688995599746704,0.6106851696968079,0.6021209359169006,10.612176513671898,0.45662959874008013,0.0,0.45662959874008013,Cubierta,-0.012789487838745173,0.0027188062667847235,Estable
Manihot esculenta,2020-05-29,150,Media,2.415427081918572,1.1,2.656969790110429,10.55,0.2732718884944916,0.2702650725841522,0.611635148525238,0.6051098108291626,11.005395507812525,7.893030209889572,0.0,7.893030209889572,Cubierta,0.0004090368747711737,0.0013655126094818115,Estable
Manihot esculenta,2020-05-30,151,Media,2.139467343224204,1.1,2.353414077546625,8.38,0.2888292074203491,0.279152512550354,0.6466822028160095,0.625141441822052,11.146142578125025,6.026585922453376,0.0,6.026585922453376,Cubierta,0.015557318925857544,0.008887439966201782,Aumento
Manihot esculenta,2020-05-31,152,Media,2.565237851571957,1.1,2.821761636729153,10.44,0.2855507135391235,0.283186137676239,0.6390745043754578,0.6339444518089294,10.869653320312525,7.618238363270846,0.0,7.618238363270846,Cubierta,-0.0032784938812256414,0.00403362512588501,Estable
Manihot esculenta,2020-06-01,153,Media,2.658302603171614,1.1,2.924132863488776,11.39,0.3092931509017944,0.2937643229961395,0.6924387216567993,0.6575907468795776,10.975061035156273,8.465867136511225,0.0,8.465867136511225,Cubierta,0.0237424373626709,0.010578185319900513,Aumento
Manihot esculenta,2020-06-02,154,Media,2.7040065304478773,1.1,2.9744071834926653,18.85,0.2968324422836303,0.2960154116153717,0.6644288301467896,0.6625398397445679,10.489831542968773,15.875592816507336,0.0,15.875592816507336,Cubierta,-0.012460708618164062,0.0022510886192321777,Estable
Manihot esculenta,2020-06-03,155,Media,2.238667311039088,1.1,2.462534042142997,9.12,0.2673429250717163,0.2915054857730865,0.5984349846839905,0.6525474190711975,10.714898681640648,6.657465957857003,0.0,6.657465957857003,Cubierta,-0.029489517211914007,-0.004509925842285212,Estable
Manihot esculenta,2020-06-04,156,Media,2.5687987591468144,1.1,2.825678635061496,14.2,0.2730558514595032,0.2906244993209839,0.6113665103912354,0.6505253314971924,10.686547851562525,11.374321364938503,0.0,11.374321364938503,Cubierta,0.005712926387786865,-0.0008809864521026056,Estable
Manihot esculenta,2020-06-05,157,Media,2.484068246576048,1.1,2.7324750712336527,4.67,0.2653853297233581,0.2893108129501343,0.5941668748855591,0.6476714015007019,10.923913574218773,1.9375249287663472,0.0,1.9375249287663472,Cubierta,-0.007670521736145075,-0.0013136863708496094,Estable
Manihot esculenta,2020-06-06,158,Media,1.8128024460528045,1.1,1.994082690658085,1.34,0.2881152927875519,0.2901138365268707,0.6448802947998047,0.6493204832077026,11.009271240234398,-0.654082690658085,0.654082690658085,0.0,Baja,0.02272996306419378,0.0008030235767364502,Estable
Manihot esculenta,2020-06-07,159,Media,2.739173381945751,1.1,3.0130907201403265,81.19,0.2846335172653198,0.292022168636322,0.6373379230499268,0.6536946296691895,10.367028808593773,78.17690927985967,0.0,78.17690927985967,Cubierta,-0.0034817755222320557,0.001908332109451294,Estable
Manihot esculenta,2020-06-08,160,Media,2.718616921607002,1.1,2.990478613767703,6.66,0.273553192615509,0.2908904552459717,0.6123712062835693,0.6512407064437866,10.827233886718773,3.6695213862322973,0.0,3.6695213862322973,Cubierta,-0.011080324649810847,-0.0011317133903503418,Estable
Manihot esculenta,2020-06-09,161,Media,2.951362862393648,1.1,3.246499148633013,1.24,0.2667451798915863,0.2898691296577453,0.5973590612411499,0.6488307118415833,10.159326171875025,-2.0064991486330133,2.0064991486330133,0.0,Moderada,-0.006808012723922674,-0.0010213255882263739,Estable
Manihot esculenta,2020-06-10,162,Media,2.5577232191741177,1.1,2.81349554109153,6.17,0.2507591545581817,0.2880166172981262,0.561213493347168,0.6447206735610962,10.290490722656273,3.35650445890847,0.0,3.35650445890847,Cubierta,-0.015986025333404597,-0.0018525123596190851,Estable
Manihot esculenta,2020-06-11,163,Media,2.715503792710568,1.1,2.987054171981625,8.47,0.2864702045917511,0.2908141016960144,0.6412135362625122,0.6509455442428589,11.015161132812525,5.482945828018376,0.0,5.482945828018376,Cubierta,0.03571105003356939,0.0027974843978881836,Estable
Manihot esculenta,2020-06-12,164,Media,2.5638768888176577,1.1,2.820264577699424,14.22,0.3009273111820221,0.2969821393489837,0.6736097931861877,0.6648604273796082,10.677148437500025,11.399735422300576,0.0,11.399735422300576,Cubierta,0.014457106590270996,0.006168037652969305,Aumento
Manihot esculenta,2020-06-13,165,Media,2.4620985622011644,1.1,2.708308418421281,3.67,0.2976227402687073,0.2992972135543823,0.6664075255393982,0.6699014902114868,10.242028808593773,0.961691581578719,0.0,0.961691581578719,Cubierta,-0.0033045709133148193,0.002315074205398615,Estable
Manihot esculenta,2020-06-14,166,Media,2.084051426255766,1.1,2.2924565688813425,4.19,0.2643720507621765,0.2953957021236419,0.591911792755127,0.6613690257072449,10.095056152343773,1.8975434311186579,0.0,1.8975434311186579,Cubierta,-0.03325068950653076,-0.003901511430740412,Estable
Manihot esculenta,2020-06-15,167,Media,2.3417811697807616,1.1,2.575959286758838,3.3,0.2674851715564728,0.2944069802761078,0.5987191796302795,0.6592147350311279,10.437097167968773,0.7240407132411617,0.0,0.7240407132411617,Cubierta,0.0031131207942962646,-0.0009887218475341242,Estable
Manihot esculenta,2020-06-16,168,Media,2.624535204063843,1.1,2.8869887244702275,24.19,0.2773372232913971,0.2945739030838012,0.6208609342575073,0.6595761775970459,9.830865478515648,21.303011275529773,0.0,21.303011275529773,Cubierta,0.009852051734924316,0.00016692280769342593,Estable
Manihot esculenta,2020-06-17,169,Media,2.3881215725094846,1.1,2.626933729760433,3.66,0.3378816545009613,0.3080926537513733,0.7563563585281372,0.6895241737365723,10.432580566406273,1.033066270239567,0.0,1.033066270239567,Cubierta,0.06054443120956421,0.013518750667572077,Aumento
Manihot esculenta,2020-06-18,170,Media,2.1505486057073933,1.1,2.3656034662781327,9.3,0.3119906485080719,0.3117201030254364,0.6983691453933716,0.6978093981742859,10.569177246093773,6.934396533721868,0.0,6.934396533721868,Cubierta,-0.025891005992889404,0.0036274492740631104,Estable
Manihot esculenta,2020-06-19,171,Media,2.625550962358098,1.1,2.888106058593908,2.98,0.3045967817306518,0.3117006123065948,0.6820680499076843,0.6977583765983582,10.590539550781273,0.09189394140609197,0.0,0.09189394140609197,Cubierta,-0.0073938667774200995,-1.9490718841608246e-05,Estable
Manihot esculenta,2020-06-20,172,Media,2.2920063116831955,1.1,2.521206942851516,14.11,0.2824029624462127,0.3084666430950165,0.6322697401046753,0.6904463768005371,10.805566406250025,11.588793057148484,0.0,11.588793057148484,Cubierta,-0.022193819284439087,-0.0032339692115783136,Estable
Manihot esculenta,2020-06-21,173,Media,2.257360839406208,1.1,2.483096923346829,8.9,0.3167153298854828,0.316115140914917,0.7089596390724182,0.7076708078384399,10.497857666015648,6.416903076653171,0.0,6.416903076653171,Cubierta,0.034312367439270075,0.007648497819900513,Aumento
Manihot esculenta,2020-06-22,174,Media,2.3250206097262325,1.1,2.557522670698856,2.47,0.3132871985435486,0.316822737455368,0.7015116214752197,0.7090710401535034,10.863580322265648,-0.08752267069885589,0.08752267069885589,0.0,Baja,-0.003428131341934204,0.0007075965404509943,Estable
Manihot esculenta,2020-06-23,175,Media,2.3704448903759103,1.1,2.6074893794135017,9.37,0.290557861328125,0.3141195774078369,0.6503105759620667,0.7031655311584473,10.669610595703148,6.7625106205864975,0.0,6.7625106205864975,Cubierta,-0.022729337215423584,-0.0027031600475310724,Estable
Manihot esculenta,2020-06-24,176,Media,3.148572349367163,1.1,3.46342958430388,0.63,0.2990307807922363,0.3141559660434723,0.6694256663322449,0.7032604813575745,10.649011230468773,-2.83342958430388,2.83342958430388,0.0,Moderada,0.008472919464111273,3.6388635635375977e-05,Estable
Manihot esculenta,2020-06-25,177,Media,2.544783578529234,1.1,2.7992619363821576,8.39,0.2704015970230102,0.3112428784370422,0.6052783727645874,0.6967867612838745,9.500268554687525,5.590738063617843,0.0,5.590738063617843,Cubierta,-0.028629183769226074,-0.0029130876064301092,Estable
Manihot esculenta,2020-06-26,178,Media,2.3957918239572056,1.1,2.6353710063529263,4.63,0.276016354560852,0.3107582628726959,0.6178601980209351,0.6958411335945129,10.581964111328148,1.9946289936470736,0.0,1.9946289936470736,Cubierta,0.005614757537841797,-0.00048461556434625797,Estable
Manihot esculenta,2020-06-27,179,Media,2.617258873886409,1.1,2.87898476127505,8.91,0.2702734470367431,0.3096157908439636,0.6050642728805542,0.693115234375,10.360650634765648,6.03101523872495,0.0,6.03101523872495,Cubierta,-0.005742907524108887,-0.0011424720287322998,Estable
Manihot esculenta,2020-06-28,180,Media,2.0615617792104635,1.1,2.26771795713151,9.63,0.3019844591617584,0.3103122413158417,0.6760249137878418,0.6944863200187683,10.316949462890648,7.362282042868491,0.0,7.362282042868491,Cubierta,0.031711012125015314,0.0006964504718780518,Estable
Manihot esculenta,2020-06-29,181,Media,2.5509195890948337,1.1,2.8060115480043173,0.71,0.3037254810333252,0.3122680485248565,0.6800022721290588,0.6991321444511414,10.576013183593773,-2.0960115480043173,2.0960115480043173,0.0,Moderada,0.0017410218715667725,0.001955807209014837,Estable
Manihot esculenta,2020-06-30,182,Media,3.086926183411696,1.1,3.395618801752866,0.19,0.2816466689109802,0.3103119134902954,0.630571722984314,0.6945595741271973,10.410363769531273,-3.205618801752866,3.205618801752866,0.0,Moderada,-0.02207881212234497,-0.0019561350345611017,Estable
Manihot esculenta,2020-07-01,183,Media,2.430329012946636,1.1,2.6733619142412994,16.17,0.2630690634250641,0.3079206943511963,0.588817298412323,0.6894156336784363,10.346032714843773,13.496638085758702,0.0,13.496638085758702,Cubierta,-0.018577605485916138,-0.002391219139099121,Estable
Manihot esculenta,2020-07-02,184,Media,2.198125882437364,1.1,2.4179384706811,4.26,0.3231093287467956,0.3193024694919586,0.723355770111084,0.7148823142051697,10.503503417968773,1.8420615293189,0.0,1.8420615293189,Cubierta,0.06004026532173151,0.011381775140762329,Aumento
Manihot esculenta,2020-07-03,185,Media,2.427743408693744,1.1,2.6705177495631185,13.95,0.3169834613800049,0.3271607458591461,0.7096232175827026,0.7325795888900757,10.029229736328148,11.279482250436882,0.0,11.279482250436882,Cubierta,-0.006125867366790716,0.0078582763671875,Aumento
Manihot esculenta,2020-07-04,186,Media,2.195513684247074,1.1,2.415065052671782,7.92,0.309785783290863,0.3244530260562897,0.6934781670570374,0.7263449430465698,10.251794433593773,5.504934947328218,0.0,5.504934947328218,Cubierta,-0.007197678089141901,-0.0027077198028564453,Estable
Manihot esculenta,2020-07-05,187,Media,2.8281526305556066,1.1,3.1109678936111678,4.95,0.3185181617736816,0.3277381062507629,0.7131742238998413,0.7334702014923096,10.318017578125025,1.8390321063888324,0.0,1.8390321063888324,Cubierta,0.008732378482818604,0.003285080194473211,Estable
Manihot esculenta,2020-07-06,188,Media,2.2157686932494127,1.1,2.4373455625743543,4.08,0.322281926870346,0.3281714618206024,0.7215843200683594,0.7346217036247253,9.922448730468773,1.6426544374256458,0.0,1.6426544374256458,Cubierta,0.0037637650966644287,0.00043335556983953305,Estable
Manihot esculenta,2020-07-07,189,Media,2.188824559462479,1.1,2.407707015408727,17.41,0.3159378468990326,0.3289544582366943,0.7072205543518066,0.736388623714447,10.182183837890648,15.002292984591273,0.0,15.002292984591273,Cubierta,-0.006344079971313421,0.0007829964160918634,Estable
Manihot esculenta,2020-07-08,190,Media,2.741095498578465,1.1,3.0152050484363118,6.68,0.2939869463443756,0.3263390660285949,0.6582478880882263,0.7307118773460388,10.114770507812525,3.664794951563688,0.0,3.664794951563688,Cubierta,-0.021950900554656982,-0.0026153922080993652,Estable
Manihot esculenta,2020-07-09,191,Media,2.5346042980756627,1.1,2.788064727883229,7.41,0.2804362177848816,0.3238637745380401,0.6278605461120605,0.7250824570655823,10.114099121093773,4.621935272116771,0.0,4.621935272116771,Cubierta,-0.013550728559494019,-0.0024752914905548096,Estable
Manihot esculenta,2020-07-10,192,Media,2.426431572830998,1.1,2.6690747301140982,8.24,0.2951857149600982,0.3240031898021698,0.6609098315238953,0.7254683375358582,10.270166015625025,5.570925269885902,0.0,5.570925269885902,Cubierta,0.01474949717521662,0.00013941526412969418,Estable
Manihot esculenta,2020-07-11,193,Media,2.1658056532895738,1.1,2.382386218618531,6.36,0.2897041141986847,0.3228892982006073,0.6487152576446533,0.7226464748382568,10.352075195312525,3.977613781381469,0.0,3.977613781381469,Cubierta,-0.005481600761413519,-0.0011138916015625,Estable
Manihot esculenta,2020-07-12,194,Media,2.3405212248587364,1.1,2.5745733473446104,0.56,0.3050105273723602,0.3242750465869903,0.6828332543373108,0.7260288000106812,9.654351806640648,-2.0145733473446104,2.0145733473446104,0.0,Moderada,0.015306413173675482,0.0013857483863830011,Estable
Manihot esculenta,2020-07-13,195,Media,2.451380091526852,1.1,2.696518100679538,6.8,0.3126724064350128,0.3257686793804168,0.7000236511230469,0.7292041182518005,9.925317382812525,4.103481899320462,0.0,4.103481899320462,Cubierta,0.007661879062652643,0.0014936327934265137,Estable
Manihot esculenta,2020-07-14,196,Media,2.665210241656593,1.1,2.9317312658222527,0.81,0.3036317527294159,0.3250238299369812,0.6797336339950562,0.7276099920272827,10.034509277343773,-2.1217312658222527,2.1217312658222527,0.0,Moderada,-0.009040653705596924,-0.0007448494434356134,Estable
Manihot esculenta,2020-07-15,197,Media,2.495493358115805,1.1,2.745042693927386,10.83,0.2793479263782501,0.3221826553344726,0.6255431771278381,0.7213452458381653,9.163598632812525,8.084957306072614,0.0,8.084957306072614,Cubierta,-0.02428382635116577,-0.0028411746025086004,Estable
Manihot esculenta,2020-07-16,198,Media,2.736040433177952,1.1,3.0096444764957475,3.44,0.31243696808815,0.3246545791625976,0.6994317770004272,0.7268694639205933,10.275506591796898,0.43035552350425244,0.0,0.43035552350425244,Cubierta,0.0330890417098999,0.002471923828125,Estable
Manihot esculenta,2020-07-17,199,Media,2.428120018924399,1.1,2.6709320208168394,0.5,0.3006544709205627,0.3233988285064697,0.6729961037635803,0.7240926623344421,9.250634765625025,-2.1709320208168394,2.1709320208168394,0.0,Moderada,-0.011782497167587336,-0.0012557506561278742,Estable
Manihot esculenta,2020-07-18,200,Media,2.604058467542848,1.1,2.864464314297133,5.43,0.3160994350910187,0.3259589970111847,0.7076200842857361,0.7297238707542419,10.151879882812525,2.5655356857028666,0.0,2.5655356857028666,Cubierta,0.015444964170455988,0.002560168504714966,Estable
Manihot esculenta,2020-07-19,201,Media,2.5480596618422364,1.1,2.8028656280264603,0.17,0.3108000755310058,0.3263238668441772,0.6957159638404846,0.7305022478103638,10.245233154296898,-2.6328656280264604,2.6328656280264604,0.0,Moderada,-0.005299359560012873,0.0003648698329924982,Estable
Manihot esculenta,2020-07-20,202,Media,2.227196585964001,1.1,2.449916244560401,0.06,0.302383691072464,0.3249794542789459,0.6770553588867188,0.7275682091712952,10.597711181640648,-2.3899162445604007,2.3899162445604007,0.0,Moderada,-0.008416384458541815,-0.0013444125652312677,Estable
Manihot esculenta,2020-07-21,203,Media,2.301629590214066,1.1,2.531792549235473,1.12,0.3123984038829803,0.3271058797836303,0.69942706823349,0.7323406338691711,10.239434814453148,-1.4117925492354728,1.4117925492354728,0.0,Baja,0.010014712810516302,0.0021264255046843927,Estable
Manihot esculenta,2020-07-22,204,Media,2.268378022123183,1.1,2.4952158243355016,6.54,0.3150751292705536,0.3271812796592712,0.7053531408309937,0.7324630618095398,10.665826416015648,4.044784175664498,0.0,4.044784175664498,Cubierta,0.0026767253875732977,7.539987564086914e-05,Estable
Manihot esculenta,2020-07-23,205,Media,2.306394477833429,1.1,2.537033925616772,6.29,0.3038578033447265,0.3260747492313385,0.6802176237106323,0.7300010323524475,10.375482177734398,3.752966074383228,0.0,3.752966074383228,Cubierta,-0.011217325925827082,-0.0011065304279326837,Estable
Manihot esculenta,2020-07-24,206,Media,2.212165875562139,1.1,2.433382463118353,21.59,0.2934147715568542,0.3242843449115753,0.6568424701690674,0.7258824706077576,10.429467773437525,19.156617536881647,0.0,19.156617536881647,Cubierta,-0.010443031787872314,-0.0017904043197631836,Estable
Manihot esculenta,2020-07-25,207,Media,2.0164444372723622,1.1,2.2180888809995984,10.2,0.3024939894676208,0.3246951699256897,0.6772685050964355,0.7266574501991272,10.589501953125025,7.981911119000401,0.0,7.981911119000401,Cubierta,0.009079217910766602,0.0004108250141143799,Estable
Manihot esculenta,2020-07-26,208,Media,2.419884543804173,1.1,2.6618729981845903,2.77,0.3148154020309448,0.3261139690876007,0.7049610018730164,0.7302734851837158,10.424218750000025,0.10812700181540968,0.0,0.10812700181540968,Cubierta,0.01232141256332403,0.0014187991619110107,Estable
Manihot esculenta,2020-07-27,209,Media,2.832511924205875,1.1,3.115763116626463,1.76,0.292882353067398,0.3240913152694702,0.6556872129440308,0.7256976366043091,9.945031738281273,-1.355763116626463,1.355763116626463,0.0,Baja,-0.02193304896354681,-0.002022653818130493,Estable
Manihot esculenta,2020-07-28,210,Media,2.7827849577249806,1.1,3.061063453497479,0.27,0.288156121969223,0.3227431774139404,0.6450187563896179,0.7224364876747131,10.662652587890648,-2.791063453497479,2.791063453497479,0.0,Moderada,-0.004726231098174993,-0.0013481378555298407,Estable
Manihot esculenta,2020-07-29,211,Media,2.740730860849649,1.1,3.014803946934614,34.85,0.275371104478836,0.3207527995109558,0.6164708137512207,0.7179450392723083,10.604882812500025,31.83519605306539,0.0,31.83519605306539,Cubierta,-0.012785017490387018,-0.0019903779029845636,Estable
Manihot esculenta,2020-07-30,212,Media,2.3789184232119025,1.1,2.616810265533093,7.93,0.2995287477970123,0.3209858238697052,0.6704126596450806,0.7184776067733765,11.217584228515648,5.313189734466906,0.0,5.313189734466906,Cubierta,0.02415764331817627,0.00023302435874938965,Estable
Manihot esculenta,2020-07-31,213,Media,2.5218434003183066,1.1,2.774027740350137,0.42,0.3086648881435394,0.3229321837425232,0.6910127997398376,0.7228546142578125,10.779992675781273,-2.354027740350137,2.354027740350137,0.0,Moderada,0.0091361403465271,0.0019463598728179932,Estable
Manihot esculenta,2020-08-01,214,Media,2.9707150420727304,1.1,3.2677865462800035,7.9,0.2818538844585418,0.3205595016479492,0.6310203671455383,0.7175159454345703,8.890832519531273,4.632213453719997,0.0,4.632213453719997,Cubierta,-0.02681100368499756,-0.0023726820945739746,Estable
Manihot esculenta,2020-08-02,215,Media,2.943715387362909,1.1,3.2380869260992,0.0,0.251195877790451,0.317154049873352,0.5623787641525269,0.7098089456558228,8.240350341796898,-3.2380869260992,3.2380869260992,0.0,Moderada,-0.03065800666809082,-0.0034054517745972235,Estable
Manihot esculenta,2020-08-03,216,Media,2.62362723415016,1.1,2.8859899575651764,3.33,0.2433061301708221,0.315034806728363,0.5447359681129456,0.705055832862854,9.046655273437525,0.44401004243482367,0.0,0.44401004243482367,Cubierta,-0.007889747619628906,-0.0021192431449890137,Estable
Manihot esculenta,2020-08-04,217,Media,2.250173627391421,1.1,2.475190990130563,4.04,0.2474228888750076,0.3136782050132751,0.5539115071296692,0.7020902633666992,9.399316406250025,1.5648090098694372,0.0,1.5648090098694372,Cubierta,0.004116758704185514,-0.0013566017150878906,Estable
Manihot esculenta,2020-08-05,218,Media,2.019464834552547,1.1,2.221411318007802,0.69,0.2568130493164062,0.3131450414657593,0.57509446144104,0.7010700702667236,9.189599609375025,-1.5314113180078022,1.5314113180078022,0.0,Baja,0.009390160441398593,-0.0005331635475158136,Estable
Manihot esculenta,2020-08-06,219,Media,2.2299493382223186,1.1,2.4529442720445505,0.7,0.264486700296402,0.3129008710384369,0.5920350551605225,0.7003375887870789,9.755853271484398,-1.7529442720445505,1.7529442720445505,0.0,Baja,0.007673650979995783,-0.0002441704273223877,Estable
Manihot esculenta,2020-08-07,220,Media,1.9916966081468688,1.1,2.190866268961556,2.02,0.2644644379615783,0.3119151592254638,0.5921423435211182,0.6984343528747559,10.335473632812525,-0.17086626896155588,0.17086626896155588,0.0,Baja,-2.226233482366391e-05,-0.000985711812973078,Estable
Manihot esculenta,2020-08-08,221,Media,2.2632713245130254,1.1,2.489598456964328,0.5,0.2705996036529541,0.3114596009254455,0.6058299541473389,0.6972251534461975,10.551995849609398,-1.9895984569643281,1.9895984569643281,0.0,Baja,0.006135165691375788,-0.00045555830001831055,Estable
Manihot esculenta,2020-08-09,222,Media,1.9865701722251343,1.1,2.185227189447648,0.05,0.2606404721736908,0.3099238872528076,0.5835546255111694,0.6938669681549072,10.602105712890648,-2.135227189447648,2.135227189447648,0.0,Moderada,-0.009959131479263306,-0.001535713672637884,Estable
Manihot esculenta,2020-08-10,223,Media,1.7937236960294296,1.1,1.9730960656323728,0.0,0.2589981257915497,0.3092090487480163,0.5795888304710388,0.6922773122787476,10.672814941406273,-1.9730960656323728,1.9730960656323728,0.0,Baja,-0.0016423463821411133,-0.0007148385047913153,Estable
Manihot esculenta,2020-08-11,224,Media,2.1742946397847427,1.1,2.391724103763217,5.74,0.2534675896167755,0.3078462779521942,0.5676363110542297,0.6891252398490906,10.450646972656273,3.348275896236783,0.0,3.348275896236783,Cubierta,-0.00553053617477417,-0.001362770795822088,Estable
Manihot esculenta,2020-08-12,225,Media,2.6141000051215664,1.1,2.875510005633723,4.18,0.2551489472389221,0.3068863153457641,0.5709740519523621,0.6872153878211975,10.934808349609398,1.3044899943662767,0.0,1.3044899943662767,Cubierta,0.0016813576221466064,-0.0009599626064301092,Estable
Manihot esculenta,2020-08-13,226,Media,2.237872623596,1.1,2.4616598859556,6.89,0.2545139491558075,0.3057819604873657,0.5696322321891785,0.6845149397850037,11.265008544921898,4.428340114044399,0.0,4.428340114044399,Cubierta,-0.000634998083114624,-0.001104354858398382,Estable
Manihot esculenta,2020-08-14,227,Media,2.484540005391361,1.1,2.7329940059304976,1.77,0.26872718334198,0.3060256540775299,0.6015588045120239,0.6850019693374634,10.601464843750025,-0.9629940059304976,0.9629940059304976,0.0,Baja,0.014213234186172485,0.00024369359016418457,Estable
Manihot esculenta,2020-08-15,228,Media,2.8538552155411363,1.1,3.13924073709525,1.49,0.2803748548030853,0.3066786825656891,0.6278312802314758,0.6865780353546143,11.166589355468773,-1.6492407370952502,1.6492407370952502,0.0,Baja,0.011647671461105347,0.0006530284881591797,Estable
Manihot esculenta,2020-08-16,229,Media,2.990275747248057,1.1,3.289303321972863,0.51,0.3175760507583618,0.3125064969062805,0.7108797430992126,0.6995096802711487,10.940820312500025,-2.779303321972863,2.779303321972863,0.0,Moderada,0.03720119595527649,0.005827814340591431,Aumento
Manihot esculenta,2020-08-17,230,Media,1.8788357180318689,1.1,2.066719289835056,7.06,0.3184252083301544,0.3253737688064575,0.7127905488014221,0.7283740639686584,11.109124755859398,4.993280710164944,0.0,4.993280710164944,Cubierta,0.0008491575717926025,0.012867271900177002,Aumento
Manihot esculenta,2020-08-18,231,Media,2.8557645545842565,1.1,3.1413410100426824,3.44,0.3184865415096283,0.3290927112102508,0.7128015756607056,0.7367488145828247,11.361444091796898,0.29865898995731754,0.0,0.29865898995731754,Cubierta,6.133317947387695e-05,0.0037189424037932794,Estable
Manihot esculenta,2020-08-19,232,Final,2.601570165446431,1.1,2.8617271819910743,2.21,0.3115108013153076,0.3264663219451904,0.6973070502281189,0.7307995557785034,11.377313232421898,-0.6517271819910744,0.6517271819910744,0.0,Baja,-0.006975740194320679,-0.002626389265060425,Estable
Manihot esculenta,2020-08-20,233,Final,2.7310656920132046,1.0925,2.9836892685244263,1.96,0.3045455515384674,0.3246589004993438,0.6819000840187073,0.7268807888031006,10.786523437500025,-1.0236892685244263,1.0236892685244263,0.0,Baja,-0.00696524977684021,-0.0018074214458465576,Estable
Manihot esculenta,2020-08-21,234,Final,2.611405473147979,1.0850000000000002,2.8333749383655578,19.36,0.3043795228004455,0.3244511187076568,0.6814193725585938,0.726169228553772,11.053765869140648,16.52662506163444,0.0,16.52662506163444,Cubierta,-0.0001660287380219061,-0.00020778179168701172,Estable
Manihot esculenta,2020-08-22,235,Final,2.1750332001333805,1.0775,2.343598273143718,16.36,0.2855848670005798,0.3217643797397613,0.6392379999160767,0.7203806638717651,10.640771484375025,14.016401726856282,0.0,14.016401726856282,Cubierta,-0.018794655799865723,-0.002686738967895508,Estable
Manihot esculenta,2020-08-23,236,Final,2.49625075155654,1.07,2.670988304165498,11.63,0.287493348121643,0.32098188996315,0.6436470746994019,0.7187856435775757,10.259912109375025,8.959011695834503,0.0,8.959011695834503,Cubierta,0.0019084811210632324,-0.0007824897766112726,Estable
Manihot esculenta,2020-08-24,237,Final,3.111714854863547,1.0625,3.306197033292519,9.29,0.2806963324546814,0.3198042511940002,0.6284027099609375,0.7159678339958191,10.321374511718773,5.98380296670748,0.0,5.98380296670748,Cubierta,-0.006797015666961614,-0.0011776387691498358,Estable
Manihot esculenta,2020-08-25,238,Final,3.0480092803996484,1.0550000000000002,3.215649790821629,2.23,0.2821908593177795,0.3187359869480133,0.6318525671958923,0.7135316729545593,10.589807128906273,-0.9856497908216291,0.9856497908216291,0.0,Baja,0.001494526863098089,-0.001068264245986883,Estable
Manihot esculenta,2020-08-26,239,Final,2.573138760130563,1.0475,2.695362851236765,0.02,0.2951626777648926,0.3189252018928528,0.6606776118278503,0.7139506936073303,10.309991455078148,-2.675362851236765,2.675362851236765,0.0,Moderada,0.012971818447113093,0.00018921494483947754,Estable
Manihot esculenta,2020-08-27,240,Final,2.727120774877928,1.04,2.836205605873045,2.18,0.2954236268997192,0.3187328279018402,0.661333441734314,0.7135234475135803,10.286676025390648,-0.656205605873045,0.656205605873045,0.0,Baja,0.00026094913482660465,-0.00019237399101257324,Estable
Manihot esculenta,2020-08-28,241,Final,3.517577113021624,1.0325,3.6318983691948254,0.31,0.2736755311489105,0.3164554536342621,0.6127468347549438,0.7081881165504456,9.646081542968773,-3.3218983691948254,3.3218983691948254,0.0,Moderada,-0.02174809575080866,-0.002277374267578125,Estable
Manihot esculenta,2020-08-29,242,Final,3.515728535230613,1.025,3.603621748611378,12.59,0.2571419775485992,0.3139366209506988,0.5757287740707397,0.7027627229690552,8.984002685546898,8.986378251388622,0.0,8.986378251388622,Cubierta,-0.016533553600311335,-0.002518832683563288,Estable
Manihot esculenta,2020-08-30,243,Final,2.7586745403083275,1.0175,2.8069513447637235,9.0,0.3014105558395386,0.3156591057777405,0.674803614616394,0.706460177898407,10.498681640625025,6.193048655236277,0.0,6.193048655236277,Cubierta,0.04426857829093939,0.0017224848270416815,Estable
Manihot esculenta,2020-08-31,244,Final,2.837479907843657,1.01,2.865854706922093,4.3,0.2997584939002991,0.3163677752017975,0.670922040939331,0.7083512544631958,10.664849853515648,1.4341452930779068,0.0,1.4341452930779068,Cubierta,-0.001652061939239502,0.0007086694240570068,Estable
Manihot esculenta,2020-09-01,245,Final,2.835634181218321,1.0025000000000002,2.842723266671367,4.18,0.2659398913383484,0.3128703534603119,0.5952511429786682,0.7003318071365356,10.327966308593773,1.3372767333286326,0.0,1.3372767333286326,Cubierta,-0.033818602561950684,-0.0034974217414855957,Estable
Manihot esculenta,2020-09-02,246,Final,2.2264651121740635,0.995,2.2153327866131933,18.14,0.2561396360397339,0.3109828531742096,0.5732231140136719,0.6961082816123962,10.808190917968773,15.924667213386808,0.0,15.924667213386808,Cubierta,-0.009800255298614502,-0.001887500286102295,Estable
Manihot esculenta,2020-09-03,247,Final,2.441481175431834,0.9875,2.410962660738936,8.0,0.2801523208618164,0.3115240633487701,0.6273844838142395,0.697467029094696,10.604516601562525,5.589037339261064,0.0,5.589037339261064,Cubierta,0.02401268482208252,0.0005412101745604914,Estable
Manihot esculenta,2020-09-04,248,Final,2.8303975955980403,0.98,2.77378964368608,6.92,0.2709120810031891,0.3103226721286773,0.6064466238021851,0.6946622133255005,10.656793212890648,4.1462103563139205,0.0,4.1462103563139205,Cubierta,-0.00924023985862732,-0.0012013912200927734,Estable
Manihot esculenta,2020-09-05,249,Final,3.2339793876544194,0.9725,3.1450449544939234,10.29,0.2594136893749237,0.3084961771965027,0.5807680487632751,0.6904491186141968,11.309960937500025,7.144955045506076,0.0,7.144955045506076,Cubierta,-0.01149839162826538,-0.001826494932174627,Estable
Manihot esculenta,2020-09-06,250,Final,2.9194889608821826,0.965,2.8173068472513063,5.71,0.2741182148456573,0.3077921271324157,0.6137107610702515,0.6889841556549072,10.371301269531273,2.8926931527486937,0.0,2.8926931527486937,Cubierta,0.014704525470733587,-0.0007040500640869696,Estable
Manihot esculenta,2020-09-07,251,Final,3.091391304402666,0.9575,2.9600071739655527,3.11,0.3049384951591491,0.3130777478218078,0.6826033592224121,0.7007982730865479,10.995599365234398,0.1499928260344472,0.0,0.1499928260344472,Cubierta,0.03082028031349182,0.00528562068939209,Aumento
Manihot esculenta,2020-09-08,252,Final,2.695848530170154,0.95,2.561056103661646,0.71,0.3227908611297607,0.3147570490837097,0.7226197719573975,0.70445716381073,9.858544921875025,-1.8510561036616462,1.8510561036616462,0.0,Baja,0.017852365970611572,0.001679301261901911,Estable
Manihot esculenta,2020-09-09,253,Final,2.6604624951912386,0.9425,2.5074859017177427,5.95,0.3154214322566986,0.3226740956306457,0.7060243487358093,0.7224037647247314,9.221643066406273,3.4425140982822575,0.0,3.4425140982822575,Cubierta,-0.007369428873062078,0.00791704654693598,Aumento
Manihot esculenta,2020-09-10,254,Final,3.05162500884479,0.935,2.8532693832698786,0.16,0.2765334248542785,0.3178228735923767,0.6190535426139832,0.711499810218811,8.903802490234398,-2.6932693832698784,2.6932693832698784,0.0,Moderada,-0.0388880074024201,-0.0048512220382689875,Estable
Manihot esculenta,2020-09-11,255,Final,2.736897537186569,0.9275,2.538472465740543,0.13,0.261928379535675,0.3151269257068634,0.5862361788749695,0.7056133151054382,9.977441406250025,-2.408472465740543,2.408472465740543,0.0,Moderada,-0.014605045318603516,-0.0026959478855133057,Estable
Manihot esculenta,2020-09-12,256,Final,2.869614067757257,0.92,2.6400449423366767,1.39,0.2650472819805145,0.3136927187442779,0.5932570695877075,0.7022751569747925,10.254479980468773,-1.2500449423366768,1.2500449423366768,0.0,Baja,0.003118902444839533,-0.0014342069625855047,Estable
Manihot esculenta,2020-09-13,257,Final,2.525680143885066,0.9125,2.304683131295123,1.62,0.2599862813949585,0.3120737671852112,0.5820792317390442,0.6985294818878174,10.627740478515648,-0.6846831312951229,0.6846831312951229,0.0,Baja,-0.00506100058555603,-0.001618951559066717,Estable
Manihot esculenta,2020-09-14,258,Final,2.911622492055069,0.905,2.6350183553098376,0.19,0.2633125483989715,0.3113605976104736,0.589585542678833,0.6971147656440735,10.839318847656273,-2.4450183553098377,2.4450183553098377,0.0,Moderada,0.003326267004013006,-0.0007131695747376043,Estable
Manihot esculenta,2020-09-15,259,Final,3.174518059834563,0.8975000000000001,2.8491299587015204,0.48,0.2685977816581726,0.3103861808776855,0.6010991930961609,0.6949231028556824,9.644189453125025,-2.3691299587015204,2.3691299587015204,0.0,Moderada,0.005285233259201105,-0.0009744167327880859,Estable
Manihot esculenta,2020-09-16,260,Final,2.7197183404679794,0.8900000000000001,2.420549323016502,7.19,0.2731315493583679,0.3097753524780273,0.6114478707313538,0.6934570670127869,9.880456542968773,4.769450676983499,0.0,4.769450676983499,Cubierta,0.0045337677001953125,-0.0006108283996582031,Estable
Manihot esculenta,2020-09-17,261,Final,3.150919491214943,0.8825000000000001,2.780686450997188,3.23,0.2857763469219208,0.3109269142150879,0.639845073223114,0.6960364580154419,10.932855224609398,0.4493135490028122,0.0,0.4493135490028122,Cubierta,0.012644797563552856,0.0011515617370606024,Estable
Manihot esculenta,2020-09-18,262,Final,3.2506132421277174,0.875,2.844286586861753,2.51,0.2972418069839477,0.3114759027957916,0.6654700636863708,0.6971714496612549,11.154016113281273,-0.33428658686175305,0.33428658686175305,0.0,Baja,0.011465460062026922,0.0005489885807037354,Estable
Manihot esculenta,2020-09-19,263,Final,2.9090299248356204,0.8675,2.5235834597949007,25.45,0.3072674572467804,0.3136174082756042,0.6877222657203674,0.7021528482437134,11.670861816406273,22.9264165402051,0.0,22.9264165402051,Cubierta,0.010025650262832697,0.0021415054798125666,Estable
Manihot esculenta,2020-09-20,264,Final,2.600328967594869,0.8600000000000001,2.236282912131588,1.45,0.3267208337783813,0.3194892406463623,0.7314343452453613,0.715124785900116,10.639978027343773,-0.7862829121315882,0.7862829121315882,0.0,Baja,0.019453376531600897,0.005871832370758112,Aumento
Manihot esculenta,2020-09-21,265,Final,2.9359873375053884,0.8525,2.502929205223344,0.11,0.311733067035675,0.3211502134799957,0.6979578733444214,0.7189058661460876,10.065637207031273,-2.392929205223344,2.392929205223344,0.0,Moderada,-0.014987766742706299,0.0016609728336334229,Estable
Manihot esculenta,2020-09-22,266,Final,3.6753645825179255,0.8450000000000001,3.1056830722276474,7.3,0.289858877658844,0.3179386258125305,0.6488969326019287,0.7117274403572083,10.037683105468773,4.194316927772352,0.0,4.194316927772352,Cubierta,-0.021874189376831,-0.00321158766746521,Estable
Manihot esculenta,2020-09-23,267,Final,2.318635425691125,0.8375,1.941857169016317,3.2,0.2772855460643768,0.3156274855136871,0.6208969354629517,0.7064520120620728,10.909753417968773,1.258142830983683,0.0,1.258142830983683,Cubierta,-0.012573331594467219,-0.0023111402988434393,Estable
Manihot esculenta,2020-09-24,268,Final,2.516604316903541,0.8300000000000001,2.088781583029939,0.7,0.2973651587963104,0.3180626630783081,0.6656573414802551,0.7120507955551147,10.600518798828148,-1.388781583029939,1.388781583029939,0.0,Baja,0.02007961273193365,0.002435177564621027,Estable
Manihot esculenta,2020-09-25,269,Final,2.9649081265036776,0.8225,2.438636934049275,0.06,0.2824850976467132,0.3161978721618652,0.6324130296707153,0.7078124284744263,10.160668945312525,-2.378636934049275,2.378636934049275,0.0,Moderada,-0.014880061149597223,-0.0018647909164429266,Estable
Manihot esculenta,2020-09-26,270,Final,2.5613669428536703,0.8150000000000001,2.087514058425741,0.24,0.2712974846363067,0.3144362866878509,0.6073490381240845,0.703769326210022,10.365228271484398,-1.8475140584257408,1.8475140584257408,0.0,Baja,-0.011187613010406494,-0.0017615854740142822,Estable
Manihot esculenta,2020-09-27,271,Final,2.8863917366860843,0.8075000000000001,2.330761327374013,2.45,0.2715696692466736,0.3134777545928955,0.6079622507095337,0.7017892003059387,10.013787841796898,0.11923867262598709,0.0,0.11923867262598709,Cubierta,0.0002721846103668768,-0.0009585320949553888,Estable
Manihot esculenta,2020-09-28,272,Final,2.748372604125464,0.8,2.1986980833003718,1.94,0.2561698853969574,0.3111128807067871,0.5734052062034607,0.6966172456741333,10.052423095703148,-0.2586980833003718,0.2586980833003718,0.0,Baja,-0.015399783849716187,-0.0023648738861083984,Estable
Oryza sativa,2020-01-01,1,Inicial,2.948231749521185,1.05,3.0956433369972443,7.24,0.2746143341064453,0.2986800968647003,0.6149797439575195,0.6684417724609375,10.910028076171898,4.144356663002756,0.0,4.144356663002756,Cubierta,,,Estable
Oryza sativa,2020-01-02,2,Inicial,3.4359345425368817,1.05,3.607731269663726,0.52,0.2655819356441498,0.2972196936607361,0.5945673584938049,0.6652793884277344,11.199792480468773,-3.087731269663726,3.087731269663726,0.0,Moderada,-0.009032398462295532,-0.0014604032039642334,Estable
Oryza sativa,2020-01-03,3,Inicial,3.652309775578801,1.05,3.834925264357741,0.0,0.24663046002388,0.2948575913906097,0.5521380305290222,0.6600413918495178,10.803247070312525,-3.834925264357741,3.834925264357741,0.0,Moderada,-0.018951475620269775,-0.0023621022701263983,Estable
Oryza sativa,2020-01-04,4,Inicial,3.842009095850095,1.05,4.0341095506426,0.18,0.2315411418676376,0.2924184799194336,0.518290102481842,0.6547495126724243,10.901818847656273,-3.8541095506425997,3.8541095506425997,0.0,Moderada,-0.015089318156242398,-0.002439111471176092,Estable
Oryza sativa,2020-01-05,5,Inicial,3.4255878055717583,1.05,3.596867195850346,0.18,0.2236680090427398,0.2904499769210815,0.5008542537689209,0.6502418518066406,11.140313720703148,-3.416867195850346,3.416867195850346,0.0,Moderada,-0.007873132824897794,-0.0019685029983521063,Estable
Oryza sativa,2020-01-06,6,Inicial,3.609329165524247,1.05,3.78979562380046,0.33,0.221180647611618,0.2889252305030823,0.4952643811702728,0.6467413306236267,10.146020507812525,-3.45979562380046,3.45979562380046,0.0,Moderada,-0.002487361431121826,-0.001524746417999212,Estable
Oryza sativa,2020-01-07,7,Inicial,3.63223459194626,1.05,3.813846321543573,0.04,0.2170274257659912,0.2872630655765533,0.4858344197273254,0.6431044340133667,10.774011230468773,-3.773846321543573,3.773846321543573,0.0,Moderada,-0.0041532218456267755,-0.0016621649265289862,Estable
Oryza sativa,2020-01-08,8,Inicial,3.535618541631738,1.05,3.712399468713325,0.01,0.2169087827205658,0.2857446372509002,0.4855833351612091,0.6397907733917236,9.480859375000025,-3.7023994687133253,3.7023994687133253,0.0,Moderada,-0.00011864304542541504,-0.0015184283256530762,Estable
Oryza sativa,2020-01-09,9,Inicial,3.616127554995845,1.05,3.796933932745637,0.0,0.2104811668395996,0.283994197845459,0.471093088388443,0.635947048664093,8.966394042968773,-3.796933932745637,3.796933932745637,0.0,Moderada,-0.0064276158809661865,-0.0017504394054412287,Estable
Oryza sativa,2020-01-10,10,Inicial,3.417106036202212,1.05,3.5879613380123225,0.0,0.2100433409214019,0.2826589345932007,0.4703034460544586,0.6328665018081665,8.167260742187523,-3.5879613380123225,3.5879613380123225,0.0,Moderada,-0.0004378259181977151,-0.0013352632522583008,Estable
Oryza sativa,2020-01-11,11,Inicial,3.0661442874430813,1.05,3.2194515018152354,0.0,0.2089174836874008,0.2813650965690613,0.4676909446716308,0.6299169063568115,7.294152832031273,-3.2194515018152354,3.2194515018152354,0.0,Moderada,-0.0011258572340011042,-0.0012938380241394043,Estable
Oryza sativa,2020-01-12,12,Inicial,2.6890860867374,1.05,2.8235403910742702,0.0,0.2108506262302398,0.2803266644477844,0.4720624685287475,0.6275357007980347,9.357019042968773,-2.8235403910742702,2.8235403910742702,0.0,Moderada,0.0019331425428390225,-0.0010384321212768555,Estable
Oryza sativa,2020-01-13,13,Inicial,3.2743357048555617,1.05,3.43805249009834,0.0,0.2087039798498153,0.2790789902210235,0.4672080874443054,0.6248542070388794,9.219232177734398,-3.43805249009834,3.43805249009834,0.0,Moderada,-0.0021466463804244995,-0.0012476742267609198,Estable
Oryza sativa,2020-01-14,14,Desarrollo,3.022525735174016,1.05,3.1736520219327167,0.0,0.2105519473552703,0.2779509425163269,0.4714041650295257,0.6223359107971191,9.656640625000025,-3.1736520219327167,3.1736520219327167,0.0,Moderada,0.0018479675054549893,-0.0011280477046965998,Estable
Oryza sativa,2020-01-15,15,Desarrollo,2.892447644706006,1.056,3.0544247128095425,0.0,0.2085372507572174,0.276860624551773,0.4667938649654388,0.6199163794517517,9.227014160156273,-3.0544247128095425,3.0544247128095425,0.0,Moderada,-0.0020146965980528952,-0.0010903179645538885,Estable
Oryza sativa,2020-01-16,16,Desarrollo,2.5509631062608813,1.062,2.709122818849056,1.6,0.2047977745532989,0.2754416167736053,0.4583717882633209,0.6167877316474915,9.604058837890648,-1.1091228188490558,1.1091228188490558,0.0,Baja,-0.0037394762039185125,-0.0014190077781677246,Estable
Oryza sativa,2020-01-17,17,Desarrollo,2.123625836918019,1.068,2.2680323938284443,3.92,0.2077111601829528,0.2745482921600342,0.4650589525699615,0.6144890189170837,10.502893066406273,1.6519676061715556,0.0,1.6519676061715556,Cubierta,0.002913385629653903,-0.0008933246135711115,Estable
Oryza sativa,2020-01-18,18,Desarrollo,2.457076041415373,1.074,2.638899668480111,0.81,0.2180327624082565,0.2743701934814453,0.4881190657615661,0.6141732335090637,10.842187500000025,-1.828899668480111,1.828899668480111,0.0,Baja,0.010321602225303705,-0.0001780986785888672,Estable
Oryza sativa,2020-01-19,19,Desarrollo,2.6849474282341173,1.08,2.8997432224928468,1.28,0.2238282859325409,0.2738048136234283,0.5010724067687988,0.6128256916999817,10.861352539062525,-1.6197432224928467,1.6197432224928467,0.0,Baja,0.0057955235242843905,-0.0005653798580170233,Estable
Oryza sativa,2020-01-20,20,Desarrollo,2.0816455357680983,1.086,2.260667051844155,3.23,0.2300102710723877,0.2732718884944916,0.5150047540664673,0.6116583347320557,11.008447265625025,0.969332948155845,0.0,0.969332948155845,Cubierta,0.006181985139846802,-0.0005329251289367121,Estable
Oryza sativa,2020-01-21,21,Desarrollo,2.589197755053443,1.092,2.82740394851836,10.51,0.2776890993118286,0.2764692008495331,0.6215779781341553,0.6190438270568848,10.997521972656273,7.68259605148164,0.0,7.68259605148164,Cubierta,0.04767882823944092,0.003197312355041504,Estable
Oryza sativa,2020-01-22,22,Desarrollo,2.230115953986533,1.098,2.4486673174772133,1.52,0.2813131213188171,0.279358297586441,0.6296303272247314,0.6252856254577637,11.026483154296898,-0.9286673174772133,0.9286673174772133,0.0,Baja,0.00362402200698847,0.0028890967369079035,Estable
Oryza sativa,2020-01-23,23,Desarrollo,3.0231741605568065,1.104,3.3375842732547145,0.04,0.2543753087520599,0.2772768139839172,0.5694832801818848,0.6206307411193848,10.375817871093773,-3.2975842732547145,3.2975842732547145,0.0,Moderada,-0.026937812566757202,-0.0020814836025238037,Estable
Oryza sativa,2020-01-24,24,Desarrollo,2.586677938014444,1.11,2.871212511196033,3.11,0.2654004395008087,0.27736696600914,0.5939206480979919,0.6210359334945679,11.167718505859398,0.23878748880396694,0.0,0.23878748880396694,Cubierta,0.011025130748748835,9.015202522283383e-05,Estable
Oryza sativa,2020-01-25,25,Desarrollo,2.8270782875977893,1.116,3.1550193689591333,3.33,0.2785582542419433,0.2801665961742401,0.623546838760376,0.6271925568580627,11.012170410156273,0.1749806310408668,0.0,0.1749806310408668,Cubierta,0.013157814741134588,0.0027996301651000977,Estable
Oryza sativa,2020-01-26,26,Desarrollo,2.8592092343467463,1.122,3.208032760937049,9.31,0.2917945086956024,0.2835708260536194,0.6531261205673218,0.634725034236908,10.548059082031273,6.101967239062951,0.0,6.101967239062951,Cubierta,0.013236254453659113,0.0034042298793792725,Estable
Oryza sativa,2020-01-27,27,Desarrollo,3.197498176772503,1.128,3.606777943399384,4.58,0.2769192457199096,0.2824744284152984,0.6197158098220825,0.632459819316864,11.287438964843773,0.973222056600616,0.0,0.973222056600616,Cubierta,-0.014875262975692805,-0.0010963976383209784,Estable
Oryza sativa,2020-01-28,28,Desarrollo,3.0623564253268816,1.134,3.472712186320684,0.07,0.288808524608612,0.2827996015548706,0.6465105414390564,0.6330852508544922,11.325189208984398,-3.402712186320684,3.402712186320684,0.0,Moderada,0.011889278888702393,0.00032517313957219907,Estable
Oryza sativa,2020-01-29,29,Desarrollo,3.282537487982082,1.14,3.742092736299573,2.73,0.2753844857215881,0.2828554809093475,0.6163906455039978,0.6334013342857361,11.248925781250025,-1.0120927362995729,1.0120927362995729,0.0,Baja,-0.013424038887023926,5.58793544768732e-05,Estable
Oryza sativa,2020-01-30,30,Desarrollo,3.220521836988908,1.146,3.690718025189288,0.59,0.2492743730545044,0.2804329991340637,0.5580548644065857,0.6275911331176758,11.391961669921898,-3.100718025189288,3.100718025189288,0.0,Moderada,-0.026110112667083685,-0.002422481775283758,Estable
Oryza sativa,2020-01-31,31,Desarrollo,2.652374252562516,1.152,3.055535138952018,0.0,0.2273979932069778,0.2779696881771087,0.5091440081596375,0.6222366094589233,9.499108886718773,-3.055535138952018,3.055535138952018,0.0,Moderada,-0.021876379847526606,-0.0024633109569550116,Estable
Oryza sativa,2020-02-01,32,Desarrollo,2.573089729374203,1.158,2.979637906615327,7.56,0.2258870303630828,0.2767135202884674,0.5055345892906189,0.6195324659347534,11.308251953125025,4.5803620933846725,0.0,4.5803620933846725,Cubierta,-0.0015109628438949863,-0.001256167888641302,Estable
Oryza sativa,2020-02-02,33,Desarrollo,3.279578952552463,1.164,3.817429900771067,1.99,0.2204961627721786,0.2752612233161926,0.4935779273509979,0.6163914799690247,11.114923095703148,-1.8274299007710668,1.8274299007710668,0.0,Baja,-0.005390867590904208,-0.0014522969722747803,Estable
Oryza sativa,2020-02-03,34,Desarrollo,3.3391805897721194,1.17,3.90684129003338,0.12,0.2164567857980728,0.273760437965393,0.4845251739025116,0.6128060817718506,10.871423339843773,-3.78684129003338,3.78684129003338,0.0,Moderada,-0.004039376974105807,-0.001500785350799616,Estable
Oryza sativa,2020-02-04,35,Desarrollo,3.9831310885574367,1.176,4.684162160143545,0.0,0.2100583761930465,0.2722263932228088,0.4702250957489013,0.6095258593559265,9.797631835937525,-4.684162160143545,4.684162160143545,0.0,Alta,-0.006398409605026301,-0.0015340447425842285,Estable
Oryza sativa,2020-02-05,36,Desarrollo,4.244793931187747,1.182,5.0173464266639165,0.0,0.2006809264421463,0.2705520689487457,0.4492982625961303,0.6055396199226379,7.838159179687523,-5.0173464266639165,5.0173464266639165,0.0,Alta,-0.009377449750900185,-0.0016743242740630548,Estable
Oryza sativa,2020-02-06,37,Desarrollo,4.169733176569154,1.188,4.953643013764155,0.0,0.1767249256372451,0.267781525850296,0.3955183029174804,0.5994586944580078,6.867028808593773,-4.953643013764155,4.953643013764155,0.0,Alta,-0.023956000804901206,-0.002770543098449707,Estable
Oryza sativa,2020-02-07,38,Desarrollo,4.0865957124513415,1.194,4.879395280666902,0.0,0.1767972558736801,0.2662941813468933,0.3957181274890899,0.5963003635406494,7.492089843750023,-4.879395280666902,4.879395280666902,0.0,Alta,7.233023643499203e-05,-0.00148734450340271,Estable
Oryza sativa,2020-02-08,39,Desarrollo,3.268439705235638,1.2,3.9221276462827657,1.77,0.1823482662439346,0.2652748823165893,0.4082421064376831,0.5938217639923096,9.937188720703148,-2.1521276462827656,2.1521276462827656,0.0,Moderada,0.005551010370254517,-0.0010192990303040106,Estable
Oryza sativa,2020-02-09,40,Media,3.30872980351908,1.2,3.970475764222896,23.23,0.1983443796634674,0.265025645494461,0.4440963864326477,0.5933203101158142,11.104760742187525,19.259524235777103,0.0,19.259524235777103,Cubierta,0.015996113419532804,-0.0002492368221282959,Estable
Oryza sativa,2020-02-10,41,Media,3.880629515402008,1.2,4.656755418482409,2.61,0.2136109471321106,0.2650732100009918,0.4781440496444702,0.5933699011802673,8.760339355468773,-2.0467554184824093,2.0467554184824093,0.0,Moderada,0.015266567468643188,4.756450653081723e-05,Estable
Oryza sativa,2020-02-11,42,Media,3.8381170799608064,1.2,4.605740495952968,0.07,0.1838676333427429,0.2624737322330475,0.4115966260433197,0.5874166488647461,8.149285888671898,-4.535740495952968,4.535740495952968,0.0,Alta,-0.029743313789367704,-0.002599477767944336,Estable
Oryza sativa,2020-02-12,43,Media,3.7387676578637534,1.2,4.486521189436505,0.0,0.1768476068973541,0.2606357634067535,0.3958576917648315,0.5835667252540588,8.815972900390648,-4.486521189436505,4.486521189436505,0.0,Alta,-0.007020026445388794,-0.0018379688262940008,Estable
Oryza sativa,2020-02-13,44,Media,3.6900119890205856,1.2,4.428014386824702,0.1,0.1803713291883468,0.259611576795578,0.4037930369377136,0.5810755491256714,10.473291015625025,-4.3280143868247025,4.3280143868247025,0.0,Alta,0.003523722290992709,-0.0010241866111754816,Estable
Oryza sativa,2020-02-14,45,Media,2.8355856754959605,1.2,3.4027028105951524,0.48,0.1989832371473312,0.2591719031333923,0.4454621970653534,0.580151379108429,9.278466796875025,-2.9227028105951525,2.9227028105951525,0.0,Moderada,0.018611907958984403,-0.00043967366218572446,Estable
Oryza sativa,2020-02-15,46,Media,2.6765302968514897,1.2,3.2118363562217875,0.22,0.2052931636571884,0.2586721181869507,0.4594780802726745,0.5791447162628174,10.469934082031273,-2.9918363562217873,2.9918363562217873,0.0,Moderada,0.006309926509857178,-0.0004997849464415949,Estable
Oryza sativa,2020-02-16,47,Media,3.117126568501001,1.2,3.740551882201201,0.0,0.1986427754163742,0.2576354742050171,0.4446353912353515,0.5765464901924133,10.033471679687525,-3.740551882201201,3.740551882201201,0.0,Moderada,-0.006650388240814181,-0.0010366439819335938,Estable
Oryza sativa,2020-02-17,48,Media,3.665628234218672,1.2,4.398753881062406,0.0,0.1877762228250503,0.2560195624828338,0.4204446375370025,0.5728833675384521,9.768212890625025,-4.398753881062406,4.398753881062406,0.0,Alta,-0.010866552591323908,-0.001615911722183283,Estable
Oryza sativa,2020-02-18,49,Media,3.492022458866841,1.2,4.190426950640209,0.0,0.1857706904411316,0.2548185884952545,0.4159465134143829,0.5704189538955688,9.950219726562525,-4.190426950640209,4.190426950640209,0.0,Alta,-0.0020055323839187067,-0.0012009739875792902,Estable
Oryza sativa,2020-02-19,50,Media,2.918052034422252,1.2,3.5016624413067023,0.57,0.1872323900461197,0.2538785934448242,0.4191077649593353,0.5682427287101746,11.746820068359398,-2.9316624413067025,2.9316624413067025,0.0,Moderada,0.0014616996049880981,-0.0009399950504302979,Estable
Oryza sativa,2020-02-20,51,Media,3.314226504146355,1.2,3.9770718049756257,0.18,0.2236148566007614,0.2550888955593109,0.500618577003479,0.5711452960968018,11.591271972656273,-3.7970718049756256,3.7970718049756256,0.0,Moderada,0.036382466554641724,0.0012103021144866943,Estable
Oryza sativa,2020-02-21,52,Media,3.139896751369089,1.2,3.7678761016429063,0.12,0.2261070013046264,0.2548896968364715,0.5061571002006531,0.5707740783691406,11.824792480468773,-3.647876101642906,3.647876101642906,0.0,Moderada,0.0024921447038649958,-0.00019919872283941098,Estable
Oryza sativa,2020-02-22,53,Media,2.396003652736208,1.2,2.875204383283449,0.43,0.242223709821701,0.2557536959648132,0.5422936081886292,0.572752058506012,12.420373535156273,-2.445204383283449,2.445204383283449,0.0,Moderada,0.016116708517074585,0.0008639991283416748,Estable
Oryza sativa,2020-02-23,54,Media,2.1392010919117426,1.2,2.567041310294091,19.53,0.2677009999752044,0.2634223699569702,0.599253237247467,0.5897852778434753,12.508630371093773,16.96295868970591,0.0,16.96295868970591,Cubierta,0.025477290153503418,0.007668673992157038,Aumento
Oryza sativa,2020-02-24,55,Media,2.3170551880178496,1.2,2.7804662256214194,8.55,0.2588692605495453,0.2627563774585724,0.57943195104599,0.5883241295814514,12.572229003906273,5.769533774378582,0.0,5.769533774378582,Cubierta,-0.008831739425659124,-0.0006659924983978271,Estable
Oryza sativa,2020-02-25,56,Media,2.9252566598674297,1.2,3.510307991840916,0.8,0.2585375607013702,0.2624483406543731,0.5787733197212219,0.5873503684997559,12.687341308593773,-2.7103079918409163,2.7103079918409163,0.0,Moderada,-0.00033169984817510434,-0.00030803680419927426,Estable
Oryza sativa,2020-02-26,57,Media,3.159819723194727,1.2,3.791783667833672,0.02,0.2571020126342773,0.2623478770256042,0.5756126642227173,0.5871629118919373,12.678430175781273,-3.771783667833672,3.771783667833672,0.0,Moderada,-0.0014355480670928955,-0.0001004636287689209,Estable
Oryza sativa,2020-02-27,58,Media,3.456607537547279,1.2,4.147929045056735,0.18,0.26055908203125,0.2622732818126678,0.5833175778388977,0.5869681239128113,12.553857421875025,-3.9679290450567346,3.9679290450567346,0.0,Moderada,0.0034570693969727118,-7.459521293640137e-05,Estable
Oryza sativa,2020-02-28,59,Media,3.371494345365816,1.2,4.045793214438979,0.02,0.2319629490375518,0.2599510252475738,0.5191401839256287,0.5818336009979248,12.552697753906273,-4.02579321443898,4.02579321443898,0.0,Alta,-0.028596132993698203,-0.002322256565093994,Estable
Oryza sativa,2020-02-29,60,Media,3.6544199817696392,1.2,4.385303978123567,0.35,0.2162789553403854,0.258466362953186,0.4841081798076629,0.5786082148551941,11.741845703125025,-4.035303978123568,4.035303978123568,0.0,Alta,-0.015683993697166387,-0.0014846622943878174,Estable
Oryza sativa,2020-03-01,61,Media,3.240013985102308,1.2,3.8880167821227696,72.85,0.203538492321968,0.2566025555133819,0.4556828737258911,0.5743725299835205,11.519921875000025,68.96198321787722,0.0,68.96198321787722,Cubierta,-0.012740463018417414,-0.0018638074398040771,Estable
Oryza sativa,2020-03-02,62,Media,3.3398924289877967,1.2,4.007870914785356,12.14,0.1961739361286163,0.2550231218338012,0.439160019159317,0.5709739923477173,12.152612304687525,8.132129085214643,0.0,8.132129085214643,Cubierta,-0.00736455619335169,-0.0015794336795806885,Estable
Oryza sativa,2020-03-03,63,Media,3.531389914112611,1.2,4.2376678969351325,0.83,0.2070548236370086,0.2545174956321716,0.4635263085365295,0.5699523091316223,12.325585937500025,-3.4076678969351324,3.4076678969351324,0.0,Moderada,0.010880887508392306,-0.0005056262016296387,Estable
Oryza sativa,2020-03-04,64,Media,3.817984901814575,1.2,4.58158188217749,0.0,0.1768831759691238,0.2516687512397766,0.3959431946277618,0.5634123682975769,11.309655761718773,-4.58158188217749,4.58158188217749,0.0,Alta,-0.0301716476678848,-0.002848744392394964,Estable
Oryza sativa,2020-03-05,65,Media,4.352237717167281,1.2,5.222685260600737,0.0,0.1736954301595688,0.2502045929431915,0.3888481557369232,0.5602402091026306,9.734887695312525,-5.222685260600737,5.222685260600737,0.0,Alta,-0.003187745809555026,-0.0014641582965851385,Estable
Oryza sativa,2020-03-06,66,Media,4.247409486947092,1.2,5.09689138433651,0.0,0.160724401473999,0.2482027560472488,0.3597050309181213,0.5555602312088013,9.301354980468773,-5.09689138433651,5.09689138433651,0.0,Alta,-0.012971028685569791,-0.0020018368959426602,Estable
Oryza sativa,2020-03-07,67,Media,3.4518025368936005,1.2,4.14216304427232,0.81,0.1637406349182129,0.2470306009054184,0.3665027618408203,0.5530008673667908,10.209161376953148,-3.33216304427232,3.33216304427232,0.0,Moderada,0.003016233444213895,-0.0011721551418304166,Estable
Oryza sativa,2020-03-08,68,Media,2.8986032878309578,1.2,3.478323945397149,11.8,0.1728366017341613,0.2463504374027252,0.386936217546463,0.551427960395813,11.088952636718773,8.321676054602852,0.0,8.321676054602852,Cubierta,0.009095966815948403,-0.000680163502693204,Estable
Oryza sativa,2020-03-09,69,Media,2.4540412289598925,1.2,2.9448494747518708,6.03,0.1842152625322342,0.2459021210670471,0.4123090803623199,0.5503965020179749,11.448388671875025,3.0851505252481295,0.0,3.0851505252481295,Cubierta,0.011378660798072898,-0.0004483163356781006,Estable
Oryza sativa,2020-03-10,70,Media,2.8475698258184265,1.2,3.417083790982112,3.58,0.2477736473083496,0.2499169707298278,0.554608941078186,0.5594798922538757,11.471215820312525,0.16291620901788795,0.0,0.16291620901788795,Cubierta,0.06355838477611542,0.004014849662780706,Estable
Oryza sativa,2020-03-11,71,Media,3.0986824618183264,1.2,3.718418954181992,10.22,0.251617431640625,0.2513230741024017,0.5632652640342712,0.5626598596572876,11.851251220703148,6.501581045818009,0.0,6.501581045818009,Cubierta,0.0038437843322753906,0.0014061033725738803,Estable
Oryza sativa,2020-03-12,72,Media,2.594486676056316,1.2,3.1133840112675792,3.18,0.246285855770111,0.2508704960346222,0.5514435768127441,0.5615320205688477,11.931726074218773,0.06661598873242092,0.0,0.06661598873242092,Cubierta,-0.005331575870513999,-0.0004525780677794855,Estable
Oryza sativa,2020-03-13,73,Media,2.5263580448359333,1.2,3.03162965380312,11.32,0.2887640297412872,0.2560513317584991,0.6464170217514038,0.573232114315033,12.091302490234398,8.28837034619688,0.0,8.28837034619688,Cubierta,0.042478173971176175,0.005180835723876898,Aumento
Oryza sativa,2020-03-14,74,Media,2.292794364677023,1.2,2.7513532376124274,14.93,0.2658706605434418,0.259913682937622,0.5950819849967957,0.5817363858222961,12.072656250000025,12.178646762387572,0.0,12.178646762387572,Cubierta,-0.022893369197845403,0.003862351179122925,Estable
Oryza sativa,2020-03-15,75,Media,2.615711011781474,1.2,3.138853214137769,16.33,0.2686693370342254,0.2639972567558288,0.6013837456703186,0.5909135341644287,12.363122558593773,13.19114678586223,0.0,13.19114678586223,Cubierta,0.002798676490783636,0.004083573818206787,Estable
Oryza sativa,2020-03-16,76,Media,3.097518737676989,1.2,3.7170224852123854,1.33,0.242931067943573,0.2607799172401428,0.5437864661216736,0.5837200284004211,13.019738769531273,-2.3870224852123854,2.3870224852123854,0.0,Moderada,-0.02573826909065241,-0.0032173395156859796,Estable
Oryza sativa,2020-03-17,77,Media,3.810480679908264,1.2,4.572576815889916,0.0,0.2500636279582977,0.2604047060012817,0.5598828792572021,0.5829643607139587,11.935693359375025,-4.572576815889916,4.572576815889916,0.0,Alta,0.007132560014724676,-0.0003752112388611395,Estable
Oryza sativa,2020-03-18,78,Media,3.429303569747668,1.2,4.115164283697202,0.0,0.2217862606048584,0.2577000558376312,0.4964143931865692,0.5770552754402161,11.986383056640648,-4.115164283697202,4.115164283697202,0.0,Alta,-0.028277367353439276,-0.002704650163650457,Estable
Oryza sativa,2020-03-19,79,Media,3.0694178759915816,1.2,3.6833014511898976,0.01,0.2795619964599609,0.2649308145046234,0.6258862018585205,0.592998743057251,10.784295654296898,-3.673301451189898,3.673301451189898,0.0,Moderada,0.057775735855102484,0.0072307586669921875,Aumento
Oryza sativa,2020-03-20,80,Media,1.4939680924748744,1.2,1.7927617109698493,0.18,0.2614538073539734,0.2628643810749054,0.5852376818656921,0.5886270403862,10.679254150390648,-1.6127617109698493,1.6127617109698493,0.0,Baja,-0.018108189105987493,-0.0020664334297180176,Estable
Oryza sativa,2020-03-21,81,Media,1.7583500856228598,1.2,2.1100201027474315,0.03,0.2740433812141418,0.2664081454277038,0.6136701703071594,0.5964492559432983,10.421411132812525,-2.0800201027474317,2.0800201027474317,0.0,Moderada,0.012589573860168402,0.0035437643527984064,Estable
Oryza sativa,2020-03-22,82,Media,3.556217632475733,1.2,4.267461158970879,0.0,0.2572545707225799,0.26518315076828,0.5761153697967529,0.5937525629997253,9.781823730468773,-4.267461158970879,4.267461158970879,0.0,Alta,-0.01678881049156189,-0.0012249946594238281,Estable
Oryza sativa,2020-03-23,83,Media,3.026920456426764,1.2,3.632304547712117,0.01,0.2687681019306183,0.2682282328605652,0.6017157435417175,0.6006450653076172,10.701531982421898,-3.622304547712117,3.622304547712117,0.0,Moderada,0.011513531208038386,0.0030450820922852118,Estable
Oryza sativa,2020-03-24,84,Media,2.48034144265086,1.2,2.976409731181032,0.0,0.2440335303544998,0.2656533420085907,0.5462899208068848,0.5947559475898743,10.549432373046898,-2.976409731181032,2.976409731181032,0.0,Moderada,-0.024734571576118497,-0.0025748908519744873,Estable
Oryza sativa,2020-03-25,85,Media,3.132983757906082,1.2,3.7595805094872974,4.35,0.2338432222604751,0.2639497816562652,0.5235876441001892,0.5908638834953308,10.858270263671898,0.5904194905127023,0.0,0.5904194905127023,Cubierta,-0.010190308094024686,-0.001703560352325495,Estable
Oryza sativa,2020-03-26,86,Media,3.216614631616496,1.2,3.8599375579397943,2.25,0.2843395471572876,0.2734195291996002,0.6365152597427368,0.6122133731842041,11.431176757812525,-1.6099375579397943,1.6099375579397943,0.0,Baja,0.050496324896812494,0.009469747543335016,Aumento
Oryza sativa,2020-03-27,87,Media,3.3215727420686583,1.2,3.9858872904823897,0.18,0.2635979652404785,0.2715934514999389,0.5901396870613098,0.6080759763717651,12.330316162109398,-3.8058872904823895,3.8058872904823895,0.0,Moderada,-0.020741581916809082,-0.0018260776996613104,Estable
Oryza sativa,2020-03-28,88,Media,3.3271949309264675,1.2,3.992633917111761,0.0,0.2531955540180206,0.2694453001022339,0.5667470693588257,0.6033211946487427,11.557153320312525,-3.992633917111761,3.992633917111761,0.0,Moderada,-0.010402411222457941,-0.0021481513977050226,Estable
Oryza sativa,2020-03-29,89,Media,3.183669345592364,1.2,3.820403214710837,0.36,0.2232374250888824,0.2665849328041076,0.4997977614402771,0.5968359112739563,10.112084960937525,-3.460403214710837,3.460403214710837,0.0,Moderada,-0.029958128929138184,-0.002860367298126276,Estable
Oryza sativa,2020-03-30,90,Media,2.550843030742843,1.2,3.0610116368914118,12.26,0.2029734700918197,0.2642343938350677,0.454388827085495,0.5917019248008728,11.640496826171898,9.198988363108588,0.0,9.198988363108588,Cubierta,-0.020263954997062683,-0.002350538969039917,Estable
Oryza sativa,2020-03-31,91,Media,2.3706443417071856,1.2,2.8447732100486225,13.94,0.2005254924297332,0.2630885243415832,0.4488885998725891,0.5888931155204773,12.311975097656273,11.095226789951377,0.0,11.095226789951377,Cubierta,-0.0024479776620865146,-0.001145869493484497,Estable
Oryza sativa,2020-04-01,92,Media,2.522888057474769,1.2,3.0274656689697226,13.63,0.2240067273378372,0.2632297873497009,0.5015571117401123,0.5891873240470886,12.607232666015648,10.602534331030277,0.0,10.602534331030277,Cubierta,0.023481234908104,0.0001412630081177313,Estable
Oryza sativa,2020-04-02,93,Media,2.5323071063014786,1.2,3.0387685275617744,0.51,0.2758886218070984,0.2711183726787567,0.6175916790962219,0.6071338057518005,12.400231933593773,-2.528768527561774,2.528768527561774,0.0,Moderada,0.0518818944692612,0.007888585329055786,Aumento
Oryza sativa,2020-04-03,94,Media,2.6271785844235063,1.2,3.1526143013082075,4.01,0.2659236192703247,0.2712969481945038,0.5954230427742004,0.6072812080383301,11.971063232421898,0.8573856986917923,0.0,0.8573856986917923,Cubierta,-0.009965002536773682,0.0001785755157470703,Estable
Oryza sativa,2020-04-04,95,Media,2.631227149463299,1.2,3.1574725793559586,13.38,0.2443749606609344,0.2690936326980591,0.5469956994056702,0.602382481098175,11.662469482421898,10.222527420644042,0.0,10.222527420644042,Cubierta,-0.021548658609390314,-0.002203315496444702,Estable
Oryza sativa,2020-04-05,96,Media,2.946154645803796,1.2,3.5353855749645557,6.21,0.2137376368045807,0.2659193873405456,0.4783735871315002,0.5953014492988586,13.015100097656273,2.674614425035444,0.0,2.674614425035444,Cubierta,-0.030637323856353704,-0.0031742453575134832,Estable
Oryza sativa,2020-04-06,97,Media,2.3361058897670874,1.2,2.8033270677205047,23.66,0.2832644879817962,0.2733738720417022,0.6341358423233032,0.6120943427085876,12.442376708984398,20.856672932279494,0.0,20.856672932279494,Cubierta,0.06952685117721552,0.007454484701156616,Aumento
Oryza sativa,2020-04-07,98,Media,2.8235723243522544,1.2,3.3882867892227053,1.37,0.3046170771121979,0.2882801592350006,0.6819403171539307,0.645259439945221,11.765863037109398,-2.018286789222705,2.018286789222705,0.0,Moderada,0.021352589130401667,0.014906287193298395,Aumento
Oryza sativa,2020-04-08,99,Media,2.579785188348954,1.2,3.0957422260187446,0.01,0.256966769695282,0.281900942325592,0.5752382278442383,0.6312613487243652,11.818231201171898,-3.085742226018745,3.085742226018745,0.0,Moderada,-0.047650307416915894,-0.006379216909408625,Disminución
Oryza sativa,2020-04-09,100,Media,2.502048930341428,1.2,3.0024587164097136,5.67,0.2632371485233307,0.2805583775043487,0.5894350409507751,0.6280880570411682,12.382135009765648,2.6675412835902863,0.0,2.6675412835902863,Cubierta,0.006270378828048706,-0.0013425648212432861,Estable
Oryza sativa,2020-04-10,101,Media,2.748002778812846,1.2,3.297603334575415,10.78,0.2536020278930664,0.2785641252994537,0.5677119493484497,0.6235864758491516,12.384851074218773,7.482396665424584,0.0,7.482396665424584,Cubierta,-0.009635120630264282,-0.0019942522048950195,Estable
Oryza sativa,2020-04-11,102,Media,2.1904408175685526,1.2,2.628528981082263,11.22,0.2507103085517883,0.2779609858989715,0.5611761212348938,0.6223846673965454,11.232232666015648,8.591471018917737,0.0,8.591471018917737,Cubierta,-0.0028917193412781317,-0.0006031394004821777,Estable
Oryza sativa,2020-04-12,103,Media,3.1211472500048454,1.2,3.7453767000058154,1.49,0.283517986536026,0.2840209007263183,0.6344996094703674,0.6356989145278931,11.581750488281273,-2.255376700005815,2.255376700005815,0.0,Moderada,0.032807677984237726,0.006059914827346802,Aumento
Oryza sativa,2020-04-13,104,Media,3.7334030069544064,1.2,4.480083608345288,0.64,0.2301941663026809,0.2793667316436767,0.5152503848075867,0.6254781484603882,11.344110107421898,-3.8400836083452883,3.8400836083452883,0.0,Moderada,-0.05332382023334509,-0.0046541690826416016,Estable
Oryza sativa,2020-04-14,105,Media,3.385449292858578,1.2,4.062539151430293,0.48,0.2501223981380462,0.2789831161499023,0.560073971748352,0.6245298981666565,12.416467285156273,-3.5825391514302933,3.5825391514302933,0.0,Moderada,0.019928231835365295,-0.00038361549377441406,Estable
Oryza sativa,2020-04-15,106,Media,2.568026783405522,1.2,3.0816321400866262,1.67,0.2361091822385788,0.2771470844745636,0.5286099314689636,0.6206106543540955,11.727471923828148,-1.4116321400866263,1.4116321400866263,0.0,Baja,-0.014013215899467413,-0.0018360316753386896,Estable
Oryza sativa,2020-04-16,107,Media,3.093421749481525,1.2,3.71210609937783,0.45,0.2384891659021377,0.2761068940162658,0.5337837338447571,0.6180773973464966,12.009973144531273,-3.2621060993778297,3.2621060993778297,0.0,Moderada,0.0023799836635589044,-0.001040190458297785,Estable
Oryza sativa,2020-04-17,108,Media,2.4743830297632456,1.2,2.9692596357158947,0.36,0.2434961348772049,0.2759918868541717,0.5450820326805115,0.617851734161377,11.538934326171898,-2.609259635715895,2.609259635715895,0.0,Moderada,0.005006968975067194,-0.00011500716209411621,Estable
Oryza sativa,2020-04-18,109,Media,2.23434610023789,1.2,2.681215320285468,1.94,0.2200187444686889,0.2736431658267975,0.4926237165927887,0.6124780774116516,11.407861328125025,-0.7412153202854679,0.7412153202854679,0.0,Baja,-0.023477390408515986,-0.002348721027374212,Estable
Oryza sativa,2020-04-19,110,Media,2.556302616112022,1.2,3.067563139334426,11.51,0.2208987474441528,0.2730054259300232,0.4945263564586639,0.6111860275268555,10.943811035156273,8.442436860665573,0.0,8.442436860665573,Cubierta,0.0008800029754638949,-0.000637739896774292,Estable
Oryza sativa,2020-04-20,111,Final,3.000688655567568,1.2,3.600826386681081,14.03,0.2254912704229354,0.2725829482078552,0.5048649907112122,0.6102330088615417,11.530175781250025,10.429173613318918,0.0,10.429173613318918,Cubierta,0.004592522978782598,-0.00042247772216796875,Estable
Oryza sativa,2020-04-21,112,Final,2.484278657685948,1.1842105263157894,2.9419089367333595,12.34,0.2286286950111389,0.2717643678188324,0.5117641091346741,0.6085439324378967,11.718957519531273,9.39809106326664,0.0,9.39809106326664,Cubierta,0.0031374245882034857,-0.0008185803890228271,Estable
Oryza sativa,2020-04-22,113,Final,2.547582601264165,1.1684210526315788,2.976649144634971,3.69,0.2255481928586959,0.2706317901611328,0.5050390958786011,0.6057701110839844,11.604150390625025,0.7133508553650287,0.0,0.7133508553650287,Cubierta,-0.0030805021524429876,-0.001132577657699585,Estable
Oryza sativa,2020-04-23,114,Final,2.4331279022078816,1.1526315789473685,2.8045000557027686,4.07,0.282408058643341,0.277260810136795,0.6320677399635315,0.6205888986587524,11.109979248046898,1.2654999442972317,0.0,1.2654999442972317,Cubierta,0.05685986578464511,0.006629019975662176,Aumento
Oryza sativa,2020-04-24,115,Final,3.602164808568888,1.136842105263158,4.095092624478315,3.6,0.2774258553981781,0.2801449298858642,0.6212552785873413,0.6271358728408813,11.013452148437525,-0.4950926244783145,0.4950926244783145,0.0,Baja,-0.004982203245162908,0.002884119749069214,Estable
Oryza sativa,2020-04-25,116,Final,3.6421246252385537,1.1210526315789473,4.083013395662168,0.89,0.252183735370636,0.2772245705127716,0.564588189125061,0.6205685138702393,11.884576416015648,-3.193013395662168,3.193013395662168,0.0,Moderada,-0.025242120027542114,-0.002920359373092596,Estable
Oryza sativa,2020-04-26,117,Final,3.2750924383669004,1.1052631578947367,3.6198390108265737,0.39,0.214451715350151,0.2738314568996429,0.4801662862300873,0.6130648255348206,10.058068847656273,-3.2298390108265735,3.2298390108265735,0.0,Moderada,-0.03773202002048498,-0.0033931136131287176,Estable
Oryza sativa,2020-04-27,118,Final,3.3073257435316203,1.0894736842105264,3.603244362689713,1.11,0.2274602800607681,0.2732399106025696,0.5090691447257996,0.6116491556167603,11.024560546875025,-2.4932443626897127,2.4932443626897127,0.0,Moderada,0.013008564710617093,-0.0005915462970733087,Estable
Oryza sativa,2020-04-28,119,Final,2.9114449729585474,1.0736842105263158,3.125972497281809,6.16,0.2182606756687164,0.2714687585830688,0.4885684847831726,0.6075807809829712,11.213891601562525,3.034027502718191,0.0,3.034027502718191,Cubierta,-0.009199604392051697,-0.001771152019500788,Estable
Oryza sativa,2020-04-29,120,Final,2.569877814533544,1.0578947368421052,2.718660214322328,2.49,0.225150391459465,0.2705267369747162,0.5040437579154968,0.6057178378105164,11.773095703125025,-0.22866021432232797,0.22866021432232797,0.0,Baja,0.006889715790748596,-0.0009420216083526056,Estable
Oryza sativa,2020-04-30,121,Final,2.4907310361180386,1.0421052631578946,2.595603921849324,13.78,0.2356075048446655,0.2705721259117126,0.5274770855903625,0.6057619452476501,12.028833007812525,11.184396078150675,0.0,11.184396078150675,Cubierta,0.0104571133852005,4.538893699640445e-05,Estable
Oryza sativa,2020-05-01,122,Final,1.9281911318489604,1.0263157894736843,1.9789330037397224,10.34,0.2406628280878067,0.2704663574695587,0.5386015176773071,0.6055603623390198,11.751000976562525,8.361066996260277,0.0,8.361066996260277,Cubierta,0.005055323243141202,-0.00010576844215387515,Estable
Oryza sativa,2020-05-02,123,Final,2.398009187072448,1.0105263157894735,2.4232513890416314,6.65,0.2473119348287582,0.2713973522186279,0.5537124276161194,0.6076388955116272,11.565698242187525,4.226748610958369,0.0,4.226748610958369,Cubierta,0.00664910674095151,0.0009309947490691584,Estable
Oryza sativa,2020-05-03,124,Final,2.452086179238459,0.9947368421052633,2.4391804625056253,8.0,0.232431098818779,0.2701475918292999,0.5204673409461975,0.6046335101127625,12.361871337890648,5.560819537494375,0.0,5.560819537494375,Cubierta,-0.01488083600997922,-0.0012497603893279474,Estable
Oryza sativa,2020-05-04,125,Final,2.878340997625268,0.9789473684210528,2.817744345043683,0.54,0.2389140427112579,0.2696700394153595,0.5349622964859009,0.6036849021911621,11.366296386718773,-2.277744345043683,2.277744345043683,0.0,Moderada,0.006482943892478915,-0.0004775524139404297,Estable
Oryza sativa,2020-05-05,126,Final,2.735042161775325,0.963157894736842,2.634277450552024,0.33,0.2286075055599212,0.2682690322399139,0.511755645275116,0.6006035804748535,11.830316162109398,-2.304277450552024,2.304277450552024,0.0,Moderada,-0.010306537151336698,-0.0014010071754456122,Estable
Oryza sativa,2020-05-06,127,Final,2.7599698526081,0.9473684210526316,2.6147082814182,23.26,0.2379012107849121,0.2681674659252167,0.5325181484222412,0.6004127264022827,11.598168945312525,20.645291718581802,0.0,20.645291718581802,Cubierta,0.0092937052249909,-0.00010156631469721011,Estable
Oryza sativa,2020-05-07,128,Final,2.3692243829139072,0.9315789473684212,2.2071195567145345,10.52,0.2342580556869506,0.2673550546169281,0.5243942141532898,0.5983250737190247,11.992364501953148,8.312880443285465,0.0,8.312880443285465,Cubierta,-0.003643155097961509,-0.0008124113082885742,Estable
Oryza sativa,2020-05-08,129,Final,2.018374595772705,0.9157894736842104,1.8484062087602664,3.36,0.2543240487575531,0.2683139741420746,0.5692935585975647,0.6004765033721924,10.853509521484398,1.5115937912397335,0.0,1.5115937912397335,Cubierta,0.0200659930706025,0.0009589195251464844,Estable
Oryza sativa,2020-05-09,130,Final,2.3629387686425987,0.9,2.126644891778339,9.36,0.2710512280464172,0.2707079350948334,0.6067816019058228,0.6062122583389282,10.367639160156273,7.2333551082216605,0.0,7.2333551082216605,Cubierta,0.01672717928886408,0.002393960952758789,Estable
Phaseolus vulgaris,2020-01-01,1,Inicial,2.948231749521185,0.4,1.179292699808474,7.24,0.2746143341064453,0.2986800968647003,0.6149797439575195,0.6684417724609375,10.910028076171898,6.060707300191526,0.0,6.060707300191526,Cubierta,,,Estable
Phaseolus vulgaris,2020-01-02,2,Inicial,3.4359345425368817,0.4,1.3743738170147528,0.52,0.2655819356441498,0.2972196936607361,0.5945673584938049,0.6652793884277344,11.199792480468773,-0.8543738170147528,0.8543738170147528,0.0,Baja,-0.009032398462295532,-0.0014604032039642334,Estable
Phaseolus vulgaris,2020-01-03,3,Inicial,3.652309775578801,0.4,1.4609239102315206,0.0,0.24663046002388,0.2948575913906097,0.5521380305290222,0.6600413918495178,10.803247070312525,-1.4609239102315206,1.4609239102315206,0.0,Baja,-0.018951475620269775,-0.0023621022701263983,Estable
Phaseolus vulgaris,2020-01-04,4,Inicial,3.842009095850095,0.4,1.536803638340038,0.18,0.2315411418676376,0.2924184799194336,0.518290102481842,0.6547495126724243,10.901818847656273,-1.3568036383400381,1.3568036383400381,0.0,Baja,-0.015089318156242398,-0.002439111471176092,Estable
Phaseolus vulgaris,2020-01-05,5,Inicial,3.4255878055717583,0.4,1.3702351222287037,0.18,0.2236680090427398,0.2904499769210815,0.5008542537689209,0.6502418518066406,11.140313720703148,-1.1902351222287038,1.1902351222287038,0.0,Baja,-0.007873132824897794,-0.0019685029983521063,Estable
Phaseolus vulgaris,2020-01-06,6,Inicial,3.609329165524247,0.4,1.4437316662096988,0.33,0.221180647611618,0.2889252305030823,0.4952643811702728,0.6467413306236267,10.146020507812525,-1.1137316662096988,1.1137316662096988,0.0,Baja,-0.002487361431121826,-0.001524746417999212,Estable
Phaseolus vulgaris,2020-01-07,7,Inicial,3.63223459194626,0.4,1.452893836778504,0.04,0.2170274257659912,0.2872630655765533,0.4858344197273254,0.6431044340133667,10.774011230468773,-1.412893836778504,1.412893836778504,0.0,Baja,-0.0041532218456267755,-0.0016621649265289862,Estable
Phaseolus vulgaris,2020-01-08,8,Inicial,3.535618541631738,0.4,1.4142474166526953,0.01,0.2169087827205658,0.2857446372509002,0.4855833351612091,0.6397907733917236,9.480859375000025,-1.4042474166526953,1.4042474166526953,0.0,Baja,-0.00011864304542541504,-0.0015184283256530762,Estable
Phaseolus vulgaris,2020-01-09,9,Inicial,3.616127554995845,0.4,1.446451021998338,0.0,0.2104811668395996,0.283994197845459,0.471093088388443,0.635947048664093,8.966394042968773,-1.446451021998338,1.446451021998338,0.0,Baja,-0.0064276158809661865,-0.0017504394054412287,Estable
Phaseolus vulgaris,2020-01-10,10,Inicial,3.417106036202212,0.4,1.3668424144808848,0.0,0.2100433409214019,0.2826589345932007,0.4703034460544586,0.6328665018081665,8.167260742187523,-1.3668424144808848,1.3668424144808848,0.0,Baja,-0.0004378259181977151,-0.0013352632522583008,Estable
Phaseolus vulgaris,2020-01-11,11,Inicial,3.0661442874430813,0.4,1.2264577149772329,0.0,0.2089174836874008,0.2813650965690613,0.4676909446716308,0.6299169063568115,7.294152832031273,-1.2264577149772329,1.2264577149772329,0.0,Baja,-0.0011258572340011042,-0.0012938380241394043,Estable
Phaseolus vulgaris,2020-01-12,12,Inicial,2.6890860867374,0.4,1.07563443469496,0.0,0.2108506262302398,0.2803266644477844,0.4720624685287475,0.6275357007980347,9.357019042968773,-1.07563443469496,1.07563443469496,0.0,Baja,0.0019331425428390225,-0.0010384321212768555,Estable
Phaseolus vulgaris,2020-01-13,13,Inicial,3.2743357048555617,0.4,1.3097342819422249,0.0,0.2087039798498153,0.2790789902210235,0.4672080874443054,0.6248542070388794,9.219232177734398,-1.3097342819422249,1.3097342819422249,0.0,Baja,-0.0021466463804244995,-0.0012476742267609198,Estable
Phaseolus vulgaris,2020-01-14,14,Inicial,3.022525735174016,0.4,1.2090102940696064,0.0,0.2105519473552703,0.2779509425163269,0.4714041650295257,0.6223359107971191,9.656640625000025,-1.2090102940696064,1.2090102940696064,0.0,Baja,0.0018479675054549893,-0.0011280477046965998,Estable
Phaseolus vulgaris,2020-01-15,15,Inicial,2.892447644706006,0.4,1.1569790578824024,0.0,0.2085372507572174,0.276860624551773,0.4667938649654388,0.6199163794517517,9.227014160156273,-1.1569790578824024,1.1569790578824024,0.0,Baja,-0.0020146965980528952,-0.0010903179645538885,Estable
Phaseolus vulgaris,2020-01-16,16,Inicial,2.5509631062608813,0.4,1.0203852425043525,1.6,0.2047977745532989,0.2754416167736053,0.4583717882633209,0.6167877316474915,9.604058837890648,0.5796147574956476,0.0,0.5796147574956476,Cubierta,-0.0037394762039185125,-0.0014190077781677246,Estable
Phaseolus vulgaris,2020-01-17,17,Desarrollo,2.123625836918019,0.4,0.8494503347672077,3.92,0.2077111601829528,0.2745482921600342,0.4650589525699615,0.6144890189170837,10.502893066406273,3.070549665232792,0.0,3.070549665232792,Cubierta,0.002913385629653903,-0.0008933246135711115,Estable
Phaseolus vulgaris,2020-01-18,18,Desarrollo,2.457076041415373,0.4241935483870968,1.0422758046649083,0.81,0.2180327624082565,0.2743701934814453,0.4881190657615661,0.6141732335090637,10.842187500000025,-0.23227580466490827,0.23227580466490827,0.0,Baja,0.010321602225303705,-0.0001780986785888672,Estable
Phaseolus vulgaris,2020-01-19,19,Desarrollo,2.6849474282341173,0.4483870967741936,1.2038957823372334,1.28,0.2238282859325409,0.2738048136234283,0.5010724067687988,0.6128256916999817,10.861352539062525,0.07610421766276665,0.0,0.07610421766276665,Cubierta,0.0057955235242843905,-0.0005653798580170233,Estable
Phaseolus vulgaris,2020-01-20,20,Desarrollo,2.0816455357680983,0.4725806451612903,0.9837453902904078,3.23,0.2300102710723877,0.2732718884944916,0.5150047540664673,0.6116583347320557,11.008447265625025,2.246254609709592,0.0,2.246254609709592,Cubierta,0.006181985139846802,-0.0005329251289367121,Estable
Phaseolus vulgaris,2020-01-21,21,Desarrollo,2.589197755053443,0.4967741935483871,1.2862466267039685,10.51,0.2776890993118286,0.2764692008495331,0.6215779781341553,0.6190438270568848,10.997521972656273,9.22375337329603,0.0,9.22375337329603,Cubierta,0.04767882823944092,0.003197312355041504,Estable
Phaseolus vulgaris,2020-01-22,22,Desarrollo,2.230115953986533,0.5209677419354839,1.1618184728026617,1.52,0.2813131213188171,0.279358297586441,0.6296303272247314,0.6252856254577637,11.026483154296898,0.3581815271973383,0.0,0.3581815271973383,Cubierta,0.00362402200698847,0.0028890967369079035,Estable
Phaseolus vulgaris,2020-01-23,23,Desarrollo,3.0231741605568065,0.5451612903225806,1.6481175262390333,0.04,0.2543753087520599,0.2772768139839172,0.5694832801818848,0.6206307411193848,10.375817871093773,-1.6081175262390333,1.6081175262390333,0.0,Baja,-0.026937812566757202,-0.0020814836025238037,Estable
Phaseolus vulgaris,2020-01-24,24,Desarrollo,2.586677938014444,0.5693548387096774,1.4727376001920949,3.11,0.2654004395008087,0.27736696600914,0.5939206480979919,0.6210359334945679,11.167718505859398,1.637262399807905,0.0,1.637262399807905,Cubierta,0.011025130748748835,9.015202522283383e-05,Estable
Phaseolus vulgaris,2020-01-25,25,Desarrollo,2.8270782875977893,0.5935483870967742,1.678007757799978,3.33,0.2785582542419433,0.2801665961742401,0.623546838760376,0.6271925568580627,11.012170410156273,1.6519922422000222,0.0,1.6519922422000222,Cubierta,0.013157814741134588,0.0027996301651000977,Estable
Phaseolus vulgaris,2020-01-26,26,Desarrollo,2.8592092343467463,0.6177419354838709,1.7662534463787156,9.31,0.2917945086956024,0.2835708260536194,0.6531261205673218,0.634725034236908,10.548059082031273,7.543746553621284,0.0,7.543746553621284,Cubierta,0.013236254453659113,0.0034042298793792725,Estable
Phaseolus vulgaris,2020-01-27,27,Desarrollo,3.197498176772503,0.6419354838709677,2.0525875392829933,4.58,0.2769192457199096,0.2824744284152984,0.6197158098220825,0.632459819316864,11.287438964843773,2.5274124607170068,0.0,2.5274124607170068,Cubierta,-0.014875262975692805,-0.0010963976383209784,Estable
Phaseolus vulgaris,2020-01-28,28,Desarrollo,3.0623564253268816,0.6661290322580645,2.039924522032261,0.07,0.288808524608612,0.2827996015548706,0.6465105414390564,0.6330852508544922,11.325189208984398,-1.969924522032261,1.969924522032261,0.0,Baja,0.011889278888702393,0.00032517313957219907,Estable
Phaseolus vulgaris,2020-01-29,29,Desarrollo,3.282537487982082,0.6903225806451613,2.266009749768276,2.73,0.2753844857215881,0.2828554809093475,0.6163906455039978,0.6334013342857361,11.248925781250025,0.46399025023172413,0.0,0.46399025023172413,Cubierta,-0.013424038887023926,5.58793544768732e-05,Estable
Phaseolus vulgaris,2020-01-30,30,Desarrollo,3.220521836988908,0.714516129032258,2.301114796429171,0.59,0.2492743730545044,0.2804329991340637,0.5580548644065857,0.6275911331176758,11.391961669921898,-1.7111147964291713,1.7111147964291713,0.0,Baja,-0.026110112667083685,-0.002422481775283758,Estable
Phaseolus vulgaris,2020-01-31,31,Desarrollo,2.652374252562516,0.7387096774193548,1.9593345285058583,0.0,0.2273979932069778,0.2779696881771087,0.5091440081596375,0.6222366094589233,9.499108886718773,-1.9593345285058583,1.9593345285058583,0.0,Baja,-0.021876379847526606,-0.0024633109569550116,Estable
Phaseolus vulgaris,2020-02-01,32,Desarrollo,2.573089729374203,0.7629032258064516,1.9630184548290293,7.56,0.2258870303630828,0.2767135202884674,0.5055345892906189,0.6195324659347534,11.308251953125025,5.59698154517097,0.0,5.59698154517097,Cubierta,-0.0015109628438949863,-0.001256167888641302,Estable
Phaseolus vulgaris,2020-02-02,33,Desarrollo,3.279578952552463,0.7870967741935484,2.5813460142671,1.99,0.2204961627721786,0.2752612233161926,0.4935779273509979,0.6163914799690247,11.114923095703148,-0.5913460142670999,0.5913460142670999,0.0,Baja,-0.005390867590904208,-0.0014522969722747803,Estable
Phaseolus vulgaris,2020-02-03,34,Desarrollo,3.3391805897721194,0.8112903225806452,2.709044897831252,0.12,0.2164567857980728,0.273760437965393,0.4845251739025116,0.6128060817718506,10.871423339843773,-2.589044897831252,2.589044897831252,0.0,Moderada,-0.004039376974105807,-0.001500785350799616,Estable
Phaseolus vulgaris,2020-02-04,35,Desarrollo,3.9831310885574367,0.8354838709677419,3.3278417804399227,0.0,0.2100583761930465,0.2722263932228088,0.4702250957489013,0.6095258593559265,9.797631835937525,-3.3278417804399227,3.3278417804399227,0.0,Moderada,-0.006398409605026301,-0.0015340447425842285,Estable
Phaseolus vulgaris,2020-02-05,36,Desarrollo,4.244793931187747,0.8596774193548387,3.6491534924565623,0.0,0.2006809264421463,0.2705520689487457,0.4492982625961303,0.6055396199226379,7.838159179687523,-3.6491534924565623,3.6491534924565623,0.0,Moderada,-0.009377449750900185,-0.0016743242740630548,Estable
Phaseolus vulgaris,2020-02-06,37,Desarrollo,4.169733176569154,0.8838709677419354,3.685506097999832,0.0,0.1767249256372451,0.267781525850296,0.3955183029174804,0.5994586944580078,6.867028808593773,-3.685506097999832,3.685506097999832,0.0,Moderada,-0.023956000804901206,-0.002770543098449707,Estable
Phaseolus vulgaris,2020-02-07,38,Desarrollo,4.0865957124513415,0.9080645161290322,3.710892558242105,0.0,0.1767972558736801,0.2662941813468933,0.3957181274890899,0.5963003635406494,7.492089843750023,-3.710892558242105,3.710892558242105,0.0,Moderada,7.233023643499203e-05,-0.00148734450340271,Estable
Phaseolus vulgaris,2020-02-08,39,Desarrollo,3.268439705235638,0.932258064516129,3.0470292735906432,1.77,0.1823482662439346,0.2652748823165893,0.4082421064376831,0.5938217639923096,9.937188720703148,-1.2770292735906432,1.2770292735906432,0.0,Baja,0.005551010370254517,-0.0010192990303040106,Estable
Phaseolus vulgaris,2020-02-09,40,Desarrollo,3.30872980351908,0.9564516129032258,3.1646399572367976,23.23,0.1983443796634674,0.265025645494461,0.4440963864326477,0.5933203101158142,11.104760742187525,20.065360042763203,0.0,20.065360042763203,Cubierta,0.015996113419532804,-0.0002492368221282959,Estable
Phaseolus vulgaris,2020-02-10,41,Desarrollo,3.880629515402008,0.9806451612903224,3.805520557039389,2.61,0.2136109471321106,0.2650732100009918,0.4781440496444702,0.5933699011802673,8.760339355468773,-1.195520557039389,1.195520557039389,0.0,Baja,0.015266567468643188,4.756450653081723e-05,Estable
Phaseolus vulgaris,2020-02-11,42,Desarrollo,3.8381170799608064,1.0048387096774194,3.856688614218682,0.07,0.1838676333427429,0.2624737322330475,0.4115966260433197,0.5874166488647461,8.149285888671898,-3.786688614218682,3.786688614218682,0.0,Moderada,-0.029743313789367704,-0.002599477767944336,Estable
Phaseolus vulgaris,2020-02-12,43,Desarrollo,3.7387676578637534,1.029032258064516,3.847312525350121,0.0,0.1768476068973541,0.2606357634067535,0.3958576917648315,0.5835667252540588,8.815972900390648,-3.847312525350121,3.847312525350121,0.0,Moderada,-0.007020026445388794,-0.0018379688262940008,Estable
Phaseolus vulgaris,2020-02-13,44,Desarrollo,3.6900119890205856,1.053225806451613,3.8864158529523274,0.1,0.1803713291883468,0.259611576795578,0.4037930369377136,0.5810755491256714,10.473291015625025,-3.7864158529523273,3.7864158529523273,0.0,Moderada,0.003523722290992709,-0.0010241866111754816,Estable
Phaseolus vulgaris,2020-02-14,45,Desarrollo,2.8355856754959605,1.0774193548387094,3.055114889082744,0.48,0.1989832371473312,0.2591719031333923,0.4454621970653534,0.580151379108429,9.278466796875025,-2.575114889082744,2.575114889082744,0.0,Moderada,0.018611907958984403,-0.00043967366218572446,Estable
Phaseolus vulgaris,2020-02-15,46,Desarrollo,2.6765302968514897,1.1016129032258064,2.948500310886399,0.22,0.2052931636571884,0.2586721181869507,0.4594780802726745,0.5791447162628174,10.469934082031273,-2.7285003108863988,2.7285003108863988,0.0,Moderada,0.006309926509857178,-0.0004997849464415949,Estable
Phaseolus vulgaris,2020-02-16,47,Desarrollo,3.117126568501001,1.1258064516129032,3.5092812013124166,0.0,0.1986427754163742,0.2576354742050171,0.4446353912353515,0.5765464901924133,10.033471679687525,-3.5092812013124166,3.5092812013124166,0.0,Moderada,-0.006650388240814181,-0.0010366439819335938,Estable
Phaseolus vulgaris,2020-02-17,48,Desarrollo,3.665628234218672,1.15,4.2154724693514725,0.0,0.1877762228250503,0.2560195624828338,0.4204446375370025,0.5728833675384521,9.768212890625025,-4.2154724693514725,4.2154724693514725,0.0,Alta,-0.010866552591323908,-0.001615911722183283,Estable
Phaseolus vulgaris,2020-02-18,49,Media,3.492022458866841,1.15,4.015825827696867,0.0,0.1857706904411316,0.2548185884952545,0.4159465134143829,0.5704189538955688,9.950219726562525,-4.015825827696867,4.015825827696867,0.0,Alta,-0.0020055323839187067,-0.0012009739875792902,Estable
Phaseolus vulgaris,2020-02-19,50,Media,2.918052034422252,1.15,3.355759839585589,0.57,0.1872323900461197,0.2538785934448242,0.4191077649593353,0.5682427287101746,11.746820068359398,-2.785759839585589,2.785759839585589,0.0,Moderada,0.0014616996049880981,-0.0009399950504302979,Estable
Phaseolus vulgaris,2020-02-20,51,Media,3.314226504146355,1.15,3.811360479768308,0.18,0.2236148566007614,0.2550888955593109,0.500618577003479,0.5711452960968018,11.591271972656273,-3.6313604797683077,3.6313604797683077,0.0,Moderada,0.036382466554641724,0.0012103021144866943,Estable
Phaseolus vulgaris,2020-02-21,52,Media,3.139896751369089,1.15,3.610881264074452,0.12,0.2261070013046264,0.2548896968364715,0.5061571002006531,0.5707740783691406,11.824792480468773,-3.490881264074452,3.490881264074452,0.0,Moderada,0.0024921447038649958,-0.00019919872283941098,Estable
Phaseolus vulgaris,2020-02-22,53,Media,2.396003652736208,1.15,2.7554042006466397,0.43,0.242223709821701,0.2557536959648132,0.5422936081886292,0.572752058506012,12.420373535156273,-2.3254042006466396,2.3254042006466396,0.0,Moderada,0.016116708517074585,0.0008639991283416748,Estable
Phaseolus vulgaris,2020-02-23,54,Media,2.1392010919117426,1.15,2.460081255698504,19.53,0.2677009999752044,0.2634223699569702,0.599253237247467,0.5897852778434753,12.508630371093773,17.069918744301496,0.0,17.069918744301496,Cubierta,0.025477290153503418,0.007668673992157038,Aumento
Phaseolus vulgaris,2020-02-24,55,Media,2.3170551880178496,1.15,2.6646134662205267,8.55,0.2588692605495453,0.2627563774585724,0.57943195104599,0.5883241295814514,12.572229003906273,5.885386533779474,0.0,5.885386533779474,Cubierta,-0.008831739425659124,-0.0006659924983978271,Estable
Phaseolus vulgaris,2020-02-25,56,Media,2.9252566598674297,1.15,3.364045158847544,0.8,0.2585375607013702,0.2624483406543731,0.5787733197212219,0.5873503684997559,12.687341308593773,-2.564045158847544,2.564045158847544,0.0,Moderada,-0.00033169984817510434,-0.00030803680419927426,Estable
Phaseolus vulgaris,2020-02-26,57,Media,3.159819723194727,1.15,3.633792681673936,0.02,0.2571020126342773,0.2623478770256042,0.5756126642227173,0.5871629118919373,12.678430175781273,-3.613792681673936,3.613792681673936,0.0,Moderada,-0.0014355480670928955,-0.0001004636287689209,Estable
Phaseolus vulgaris,2020-02-27,58,Media,3.456607537547279,1.15,3.9750986681793705,0.18,0.26055908203125,0.2622732818126678,0.5833175778388977,0.5869681239128113,12.553857421875025,-3.7950986681793704,3.7950986681793704,0.0,Moderada,0.0034570693969727118,-7.459521293640137e-05,Estable
Phaseolus vulgaris,2020-02-28,59,Media,3.371494345365816,1.15,3.877218497170688,0.02,0.2319629490375518,0.2599510252475738,0.5191401839256287,0.5818336009979248,12.552697753906273,-3.8572184971706878,3.8572184971706878,0.0,Moderada,-0.028596132993698203,-0.002322256565093994,Estable
Phaseolus vulgaris,2020-02-29,60,Media,3.6544199817696392,1.15,4.202582979035085,0.35,0.2162789553403854,0.258466362953186,0.4841081798076629,0.5786082148551941,11.741845703125025,-3.8525829790350845,3.8525829790350845,0.0,Moderada,-0.015683993697166387,-0.0014846622943878174,Estable
Phaseolus vulgaris,2020-03-01,61,Media,3.240013985102308,1.15,3.726016082867654,72.85,0.203538492321968,0.2566025555133819,0.4556828737258911,0.5743725299835205,11.519921875000025,69.12398391713234,0.0,69.12398391713234,Cubierta,-0.012740463018417414,-0.0018638074398040771,Estable
Phaseolus vulgaris,2020-03-02,62,Media,3.3398924289877967,1.15,3.840876293335966,12.14,0.1961739361286163,0.2550231218338012,0.439160019159317,0.5709739923477173,12.152612304687525,8.299123706664034,0.0,8.299123706664034,Cubierta,-0.00736455619335169,-0.0015794336795806885,Estable
Phaseolus vulgaris,2020-03-03,63,Media,3.531389914112611,1.15,4.061098401229502,0.83,0.2070548236370086,0.2545174956321716,0.4635263085365295,0.5699523091316223,12.325585937500025,-3.2310984012295023,3.2310984012295023,0.0,Moderada,0.010880887508392306,-0.0005056262016296387,Estable
Phaseolus vulgaris,2020-03-04,64,Media,3.817984901814575,1.15,4.390682637086761,0.0,0.1768831759691238,0.2516687512397766,0.3959431946277618,0.5634123682975769,11.309655761718773,-4.390682637086761,4.390682637086761,0.0,Alta,-0.0301716476678848,-0.002848744392394964,Estable
Phaseolus vulgaris,2020-03-05,65,Media,4.352237717167281,1.15,5.005073374742373,0.0,0.1736954301595688,0.2502045929431915,0.3888481557369232,0.5602402091026306,9.734887695312525,-5.005073374742373,5.005073374742373,0.0,Alta,-0.003187745809555026,-0.0014641582965851385,Estable
Phaseolus vulgaris,2020-03-06,66,Media,4.247409486947092,1.15,4.884520909989155,0.0,0.160724401473999,0.2482027560472488,0.3597050309181213,0.5555602312088013,9.301354980468773,-4.884520909989155,4.884520909989155,0.0,Alta,-0.012971028685569791,-0.0020018368959426602,Estable
Phaseolus vulgaris,2020-03-07,67,Media,3.4518025368936005,1.15,3.96957291742764,0.81,0.1637406349182129,0.2470306009054184,0.3665027618408203,0.5530008673667908,10.209161376953148,-3.15957291742764,3.15957291742764,0.0,Moderada,0.003016233444213895,-0.0011721551418304166,Estable
Phaseolus vulgaris,2020-03-08,68,Media,2.8986032878309578,1.15,3.333393781005601,11.8,0.1728366017341613,0.2463504374027252,0.386936217546463,0.551427960395813,11.088952636718773,8.4666062189944,0.0,8.4666062189944,Cubierta,0.009095966815948403,-0.000680163502693204,Estable
Phaseolus vulgaris,2020-03-09,69,Media,2.4540412289598925,1.15,2.822147413303876,6.03,0.1842152625322342,0.2459021210670471,0.4123090803623199,0.5503965020179749,11.448388671875025,3.207852586696124,0.0,3.207852586696124,Cubierta,0.011378660798072898,-0.0004483163356781006,Estable
Phaseolus vulgaris,2020-03-10,70,Media,2.8475698258184265,1.15,3.27470529969119,3.58,0.2477736473083496,0.2499169707298278,0.554608941078186,0.5594798922538757,11.471215820312525,0.30529470030881,0.0,0.30529470030881,Cubierta,0.06355838477611542,0.004014849662780706,Estable
Phaseolus vulgaris,2020-03-11,71,Media,3.0986824618183264,1.15,3.563484831091075,10.22,0.251617431640625,0.2513230741024017,0.5632652640342712,0.5626598596572876,11.851251220703148,6.656515168908926,0.0,6.656515168908926,Cubierta,0.0038437843322753906,0.0014061033725738803,Estable
Phaseolus vulgaris,2020-03-12,72,Media,2.594486676056316,1.15,2.9836596774647632,3.18,0.246285855770111,0.2508704960346222,0.5514435768127441,0.5615320205688477,11.931726074218773,0.19634032253523692,0.0,0.19634032253523692,Cubierta,-0.005331575870513999,-0.0004525780677794855,Estable
Phaseolus vulgaris,2020-03-13,73,Media,2.5263580448359333,1.15,2.905311751561323,11.32,0.2887640297412872,0.2560513317584991,0.6464170217514038,0.573232114315033,12.091302490234398,8.414688248438678,0.0,8.414688248438678,Cubierta,0.042478173971176175,0.005180835723876898,Aumento
Phaseolus vulgaris,2020-03-14,74,Media,2.292794364677023,1.15,2.6367135193785765,14.93,0.2658706605434418,0.259913682937622,0.5950819849967957,0.5817363858222961,12.072656250000025,12.293286480621424,0.0,12.293286480621424,Cubierta,-0.022893369197845403,0.003862351179122925,Estable
Phaseolus vulgaris,2020-03-15,75,Media,2.615711011781474,1.15,3.008067663548695,16.33,0.2686693370342254,0.2639972567558288,0.6013837456703186,0.5909135341644287,12.363122558593773,13.321932336451303,0.0,13.321932336451303,Cubierta,0.002798676490783636,0.004083573818206787,Estable
Phaseolus vulgaris,2020-03-16,76,Media,3.097518737676989,1.15,3.562146548328537,1.33,0.242931067943573,0.2607799172401428,0.5437864661216736,0.5837200284004211,13.019738769531273,-2.232146548328537,2.232146548328537,0.0,Moderada,-0.02573826909065241,-0.0032173395156859796,Estable
Phaseolus vulgaris,2020-03-17,77,Media,3.810480679908264,1.15,4.382052781894504,0.0,0.2500636279582977,0.2604047060012817,0.5598828792572021,0.5829643607139587,11.935693359375025,-4.382052781894504,4.382052781894504,0.0,Alta,0.007132560014724676,-0.0003752112388611395,Estable
Phaseolus vulgaris,2020-03-18,78,Media,3.429303569747668,1.15,3.943699105209818,0.0,0.2217862606048584,0.2577000558376312,0.4964143931865692,0.5770552754402161,11.986383056640648,-3.943699105209818,3.943699105209818,0.0,Moderada,-0.028277367353439276,-0.002704650163650457,Estable
Phaseolus vulgaris,2020-03-19,79,Media,3.0694178759915816,1.15,3.5298305573903184,0.01,0.2795619964599609,0.2649308145046234,0.6258862018585205,0.592998743057251,10.784295654296898,-3.5198305573903186,3.5198305573903186,0.0,Moderada,0.057775735855102484,0.0072307586669921875,Aumento
Phaseolus vulgaris,2020-03-20,80,Media,1.4939680924748744,1.15,1.7180633063461055,0.18,0.2614538073539734,0.2628643810749054,0.5852376818656921,0.5886270403862,10.679254150390648,-1.5380633063461056,1.5380633063461056,0.0,Baja,-0.018108189105987493,-0.0020664334297180176,Estable
Phaseolus vulgaris,2020-03-21,81,Media,1.7583500856228598,1.15,2.0221025984662884,0.03,0.2740433812141418,0.2664081454277038,0.6136701703071594,0.5964492559432983,10.421411132812525,-1.9921025984662883,1.9921025984662883,0.0,Baja,0.012589573860168402,0.0035437643527984064,Estable
Phaseolus vulgaris,2020-03-22,82,Media,3.556217632475733,1.15,4.089650277347093,0.0,0.2572545707225799,0.26518315076828,0.5761153697967529,0.5937525629997253,9.781823730468773,-4.089650277347093,4.089650277347093,0.0,Alta,-0.01678881049156189,-0.0012249946594238281,Estable
Phaseolus vulgaris,2020-03-23,83,Media,3.026920456426764,1.15,3.480958524890778,0.01,0.2687681019306183,0.2682282328605652,0.6017157435417175,0.6006450653076172,10.701531982421898,-3.4709585248907784,3.4709585248907784,0.0,Moderada,0.011513531208038386,0.0030450820922852118,Estable
Phaseolus vulgaris,2020-03-24,84,Media,2.48034144265086,1.15,2.8523926590484887,0.0,0.2440335303544998,0.2656533420085907,0.5462899208068848,0.5947559475898743,10.549432373046898,-2.8523926590484887,2.8523926590484887,0.0,Moderada,-0.024734571576118497,-0.0025748908519744873,Estable
Phaseolus vulgaris,2020-03-25,85,Media,3.132983757906082,1.15,3.602931321591994,4.35,0.2338432222604751,0.2639497816562652,0.5235876441001892,0.5908638834953308,10.858270263671898,0.7470686784080058,0.0,0.7470686784080058,Cubierta,-0.010190308094024686,-0.001703560352325495,Estable
Phaseolus vulgaris,2020-03-26,86,Media,3.216614631616496,1.15,3.69910682635897,2.25,0.2843395471572876,0.2734195291996002,0.6365152597427368,0.6122133731842041,11.431176757812525,-1.4491068263589701,1.4491068263589701,0.0,Baja,0.050496324896812494,0.009469747543335016,Aumento
Phaseolus vulgaris,2020-03-27,87,Media,3.3215727420686583,1.15,3.819808653378957,0.18,0.2635979652404785,0.2715934514999389,0.5901396870613098,0.6080759763717651,12.330316162109398,-3.6398086533789566,3.6398086533789566,0.0,Moderada,-0.020741581916809082,-0.0018260776996613104,Estable
Phaseolus vulgaris,2020-03-28,88,Media,3.3271949309264675,1.15,3.826274170565437,0.0,0.2531955540180206,0.2694453001022339,0.5667470693588257,0.6033211946487427,11.557153320312525,-3.826274170565437,3.826274170565437,0.0,Moderada,-0.010402411222457941,-0.0021481513977050226,Estable
Phaseolus vulgaris,2020-03-29,89,Media,3.183669345592364,1.15,3.661219747431218,0.36,0.2232374250888824,0.2665849328041076,0.4997977614402771,0.5968359112739563,10.112084960937525,-3.301219747431218,3.301219747431218,0.0,Moderada,-0.029958128929138184,-0.002860367298126276,Estable
Phaseolus vulgaris,2020-03-30,90,Media,2.550843030742843,1.15,2.9334694853542693,12.26,0.2029734700918197,0.2642343938350677,0.454388827085495,0.5917019248008728,11.640496826171898,9.32653051464573,0.0,9.32653051464573,Cubierta,-0.020263954997062683,-0.002350538969039917,Estable
Phaseolus vulgaris,2020-03-31,91,Media,2.3706443417071856,1.15,2.7262409929632634,13.94,0.2005254924297332,0.2630885243415832,0.4488885998725891,0.5888931155204773,12.311975097656273,11.213759007036735,0.0,11.213759007036735,Cubierta,-0.0024479776620865146,-0.001145869493484497,Estable
Phaseolus vulgaris,2020-04-01,92,Media,2.522888057474769,1.15,2.901321266095984,13.63,0.2240067273378372,0.2632297873497009,0.5015571117401123,0.5891873240470886,12.607232666015648,10.728678733904017,0.0,10.728678733904017,Cubierta,0.023481234908104,0.0001412630081177313,Estable
Phaseolus vulgaris,2020-04-02,93,Media,2.5323071063014786,1.15,2.9121531722467,0.51,0.2758886218070984,0.2711183726787567,0.6175916790962219,0.6071338057518005,12.400231933593773,-2.4021531722466998,2.4021531722466998,0.0,Moderada,0.0518818944692612,0.007888585329055786,Aumento
Phaseolus vulgaris,2020-04-03,94,Media,2.6271785844235063,1.15,3.021255372087032,4.01,0.2659236192703247,0.2712969481945038,0.5954230427742004,0.6072812080383301,11.971063232421898,0.9887446279129679,0.0,0.9887446279129679,Cubierta,-0.009965002536773682,0.0001785755157470703,Estable
Phaseolus vulgaris,2020-04-04,95,Media,2.631227149463299,1.15,3.0259112218827937,13.38,0.2443749606609344,0.2690936326980591,0.5469956994056702,0.602382481098175,11.662469482421898,10.354088778117207,0.0,10.354088778117207,Cubierta,-0.021548658609390314,-0.002203315496444702,Estable
Phaseolus vulgaris,2020-04-05,96,Media,2.946154645803796,1.15,3.3880778426743654,6.21,0.2137376368045807,0.2659193873405456,0.4783735871315002,0.5953014492988586,13.015100097656273,2.8219221573256346,0.0,2.8219221573256346,Cubierta,-0.030637323856353704,-0.0031742453575134832,Estable
Phaseolus vulgaris,2020-04-06,97,Media,2.3361058897670874,1.15,2.6865217732321502,23.66,0.2832644879817962,0.2733738720417022,0.6341358423233032,0.6120943427085876,12.442376708984398,20.97347822676785,0.0,20.97347822676785,Cubierta,0.06952685117721552,0.007454484701156616,Aumento
Phaseolus vulgaris,2020-04-07,98,Media,2.8235723243522544,1.15,3.2471081730050924,1.37,0.3046170771121979,0.2882801592350006,0.6819403171539307,0.645259439945221,11.765863037109398,-1.8771081730050923,1.8771081730050923,0.0,Baja,0.021352589130401667,0.014906287193298395,Aumento
Phaseolus vulgaris,2020-04-08,99,Media,2.579785188348954,1.15,2.966752966601297,0.01,0.256966769695282,0.281900942325592,0.5752382278442383,0.6312613487243652,11.818231201171898,-2.956752966601297,2.956752966601297,0.0,Moderada,-0.047650307416915894,-0.006379216909408625,Disminución
Phaseolus vulgaris,2020-04-09,100,Media,2.502048930341428,1.15,2.8773562698926423,5.67,0.2632371485233307,0.2805583775043487,0.5894350409507751,0.6280880570411682,12.382135009765648,2.7926437301073577,0.0,2.7926437301073577,Cubierta,0.006270378828048706,-0.0013425648212432861,Estable
Phaseolus vulgaris,2020-04-10,101,Media,2.748002778812846,1.15,3.1602031956347725,10.78,0.2536020278930664,0.2785641252994537,0.5677119493484497,0.6235864758491516,12.384851074218773,7.619796804365227,0.0,7.619796804365227,Cubierta,-0.009635120630264282,-0.0019942522048950195,Estable
Phaseolus vulgaris,2020-04-11,102,Media,2.1904408175685526,1.15,2.5190069402038358,11.22,0.2507103085517883,0.2779609858989715,0.5611761212348938,0.6223846673965454,11.232232666015648,8.700993059796165,0.0,8.700993059796165,Cubierta,-0.0028917193412781317,-0.0006031394004821777,Estable
Phaseolus vulgaris,2020-04-12,103,Media,3.1211472500048454,1.15,3.589319337505572,1.49,0.283517986536026,0.2840209007263183,0.6344996094703674,0.6356989145278931,11.581750488281273,-2.0993193375055723,2.0993193375055723,0.0,Moderada,0.032807677984237726,0.006059914827346802,Aumento
Phaseolus vulgaris,2020-04-13,104,Media,3.7334030069544064,1.15,4.293413457997567,0.64,0.2301941663026809,0.2793667316436767,0.5152503848075867,0.6254781484603882,11.344110107421898,-3.653413457997567,3.653413457997567,0.0,Moderada,-0.05332382023334509,-0.0046541690826416016,Estable
Phaseolus vulgaris,2020-04-14,105,Media,3.385449292858578,1.15,3.893266686787365,0.48,0.2501223981380462,0.2789831161499023,0.560073971748352,0.6245298981666565,12.416467285156273,-3.413266686787365,3.413266686787365,0.0,Moderada,0.019928231835365295,-0.00038361549377441406,Estable
Phaseolus vulgaris,2020-04-15,106,Media,2.568026783405522,1.15,2.95323080091635,1.67,0.2361091822385788,0.2771470844745636,0.5286099314689636,0.6206106543540955,11.727471923828148,-1.2832308009163502,1.2832308009163502,0.0,Baja,-0.014013215899467413,-0.0018360316753386896,Estable
Phaseolus vulgaris,2020-04-16,107,Media,3.093421749481525,1.15,3.557435011903753,0.45,0.2384891659021377,0.2761068940162658,0.5337837338447571,0.6180773973464966,12.009973144531273,-3.107435011903753,3.107435011903753,0.0,Moderada,0.0023799836635589044,-0.001040190458297785,Estable
Phaseolus vulgaris,2020-04-17,108,Media,2.4743830297632456,1.15,2.8455404842277323,0.36,0.2434961348772049,0.2759918868541717,0.5450820326805115,0.617851734161377,11.538934326171898,-2.4855404842277324,2.4855404842277324,0.0,Moderada,0.005006968975067194,-0.00011500716209411621,Estable
Phaseolus vulgaris,2020-04-18,109,Media,2.23434610023789,1.15,2.5694980152735734,1.94,0.2200187444686889,0.2736431658267975,0.4926237165927887,0.6124780774116516,11.407861328125025,-0.6294980152735734,0.6294980152735734,0.0,Baja,-0.023477390408515986,-0.002348721027374212,Estable
Phaseolus vulgaris,2020-04-19,110,Media,2.556302616112022,1.15,2.939748008528825,11.51,0.2208987474441528,0.2730054259300232,0.4945263564586639,0.6111860275268555,10.943811035156273,8.570251991471174,0.0,8.570251991471174,Cubierta,0.0008800029754638949,-0.000637739896774292,Estable
Phaseolus vulgaris,2020-04-20,111,Media,3.000688655567568,1.15,3.4507919539027028,14.03,0.2254912704229354,0.2725829482078552,0.5048649907112122,0.6102330088615417,11.530175781250025,10.579208046097296,0.0,10.579208046097296,Cubierta,0.004592522978782598,-0.00042247772216796875,Estable
Phaseolus vulgaris,2020-04-21,112,Media,2.484278657685948,1.15,2.85692045633884,12.34,0.2286286950111389,0.2717643678188324,0.5117641091346741,0.6085439324378967,11.718957519531273,9.483079543661159,0.0,9.483079543661159,Cubierta,0.0031374245882034857,-0.0008185803890228271,Estable
Phaseolus vulgaris,2020-04-22,113,Media,2.547582601264165,1.15,2.9297199914537893,3.69,0.2255481928586959,0.2706317901611328,0.5050390958786011,0.6057701110839844,11.604150390625025,0.7602800085462107,0.0,0.7602800085462107,Cubierta,-0.0030805021524429876,-0.001132577657699585,Estable
Phaseolus vulgaris,2020-04-23,114,Media,2.4331279022078816,1.15,2.7980970875390634,4.07,0.282408058643341,0.277260810136795,0.6320677399635315,0.6205888986587524,11.109979248046898,1.271902912460937,0.0,1.271902912460937,Cubierta,0.05685986578464511,0.006629019975662176,Aumento
Phaseolus vulgaris,2020-04-24,115,Media,3.602164808568888,1.15,4.142489529854221,3.6,0.2774258553981781,0.2801449298858642,0.6212552785873413,0.6271358728408813,11.013452148437525,-0.5424895298542212,0.5424895298542212,0.0,Baja,-0.004982203245162908,0.002884119749069214,Estable
Phaseolus vulgaris,2020-04-25,116,Media,3.6421246252385537,1.15,4.188443319024336,0.89,0.252183735370636,0.2772245705127716,0.564588189125061,0.6205685138702393,11.884576416015648,-3.298443319024336,3.298443319024336,0.0,Moderada,-0.025242120027542114,-0.002920359373092596,Estable
Phaseolus vulgaris,2020-04-26,117,Media,3.2750924383669004,1.15,3.7663563041219352,0.39,0.214451715350151,0.2738314568996429,0.4801662862300873,0.6130648255348206,10.058068847656273,-3.376356304121935,3.376356304121935,0.0,Moderada,-0.03773202002048498,-0.0033931136131287176,Estable
Phaseolus vulgaris,2020-04-27,118,Media,3.3073257435316203,1.15,3.803424605061363,1.11,0.2274602800607681,0.2732399106025696,0.5090691447257996,0.6116491556167603,11.024560546875025,-2.693424605061363,2.693424605061363,0.0,Moderada,0.013008564710617093,-0.0005915462970733087,Estable
Phaseolus vulgaris,2020-04-28,119,Media,2.9114449729585474,1.15,3.3481617189023294,6.16,0.2182606756687164,0.2714687585830688,0.4885684847831726,0.6075807809829712,11.213891601562525,2.8118382810976708,0.0,2.8118382810976708,Cubierta,-0.009199604392051697,-0.001771152019500788,Estable
Phaseolus vulgaris,2020-04-29,120,Media,2.569877814533544,1.15,2.955359486713576,2.49,0.225150391459465,0.2705267369747162,0.5040437579154968,0.6057178378105164,11.773095703125025,-0.46535948671357596,0.46535948671357596,0.0,Baja,0.006889715790748596,-0.0009420216083526056,Estable
Phaseolus vulgaris,2020-04-30,121,Media,2.4907310361180386,1.15,2.864340691535744,13.78,0.2356075048446655,0.2705721259117126,0.5274770855903625,0.6057619452476501,12.028833007812525,10.915659308464255,0.0,10.915659308464255,Cubierta,0.0104571133852005,4.538893699640445e-05,Estable
Phaseolus vulgaris,2020-05-01,122,Media,1.9281911318489604,1.15,2.2174198016263045,10.34,0.2406628280878067,0.2704663574695587,0.5386015176773071,0.6055603623390198,11.751000976562525,8.122580198373695,0.0,8.122580198373695,Cubierta,0.005055323243141202,-0.00010576844215387515,Estable
Phaseolus vulgaris,2020-05-02,123,Media,2.398009187072448,1.15,2.7577105651333147,6.65,0.2473119348287582,0.2713973522186279,0.5537124276161194,0.6076388955116272,11.565698242187525,3.8922894348666857,0.0,3.8922894348666857,Cubierta,0.00664910674095151,0.0009309947490691584,Estable
Phaseolus vulgaris,2020-05-03,124,Media,2.452086179238459,1.15,2.819899106124228,8.0,0.232431098818779,0.2701475918292999,0.5204673409461975,0.6046335101127625,12.361871337890648,5.180100893875772,0.0,5.180100893875772,Cubierta,-0.01488083600997922,-0.0012497603893279474,Estable
Phaseolus vulgaris,2020-05-04,125,Media,2.878340997625268,1.15,3.310092147269058,0.54,0.2389140427112579,0.2696700394153595,0.5349622964859009,0.6036849021911621,11.366296386718773,-2.770092147269058,2.770092147269058,0.0,Moderada,0.006482943892478915,-0.0004775524139404297,Estable
Phaseolus vulgaris,2020-05-05,126,Media,2.735042161775325,1.15,3.145298486041624,0.33,0.2286075055599212,0.2682690322399139,0.511755645275116,0.6006035804748535,11.830316162109398,-2.815298486041624,2.815298486041624,0.0,Moderada,-0.010306537151336698,-0.0014010071754456122,Estable
Phaseolus vulgaris,2020-05-06,127,Media,2.7599698526081,1.15,3.173965330499315,23.26,0.2379012107849121,0.2681674659252167,0.5325181484222412,0.6004127264022827,11.598168945312525,20.086034669500687,0.0,20.086034669500687,Cubierta,0.0092937052249909,-0.00010156631469721011,Estable
Phaseolus vulgaris,2020-05-07,128,Media,2.3692243829139072,1.15,2.724608040350993,10.52,0.2342580556869506,0.2673550546169281,0.5243942141532898,0.5983250737190247,11.992364501953148,7.795391959649006,0.0,7.795391959649006,Cubierta,-0.003643155097961509,-0.0008124113082885742,Estable
Phaseolus vulgaris,2020-05-08,129,Media,2.018374595772705,1.15,2.3211307851386107,3.36,0.2543240487575531,0.2683139741420746,0.5692935585975647,0.6004765033721924,10.853509521484398,1.0388692148613892,0.0,1.0388692148613892,Cubierta,0.0200659930706025,0.0009589195251464844,Estable
Phaseolus vulgaris,2020-05-09,130,Media,2.3629387686425987,1.15,2.717379583938988,9.36,0.2710512280464172,0.2707079350948334,0.6067816019058228,0.6062122583389282,10.367639160156273,6.642620416061011,0.0,6.642620416061011,Cubierta,0.01672717928886408,0.002393960952758789,Estable
Phaseolus vulgaris,2020-05-10,131,Media,3.110750993883749,1.15,3.577363642966311,5.36,0.2577276229858398,0.2700836658477783,0.576809823513031,0.6047849059104919,11.502587890625025,1.7826363570336894,0.0,1.7826363570336894,Cubierta,-0.013323605060577393,-0.0006242692470550537,Estable
Phaseolus vulgaris,2020-05-11,132,Media,2.8929174719843203,1.15,3.326855092781968,2.2,0.2311294376850128,0.2677622437477112,0.5175451636314392,0.5994083285331726,12.118920898437525,-1.1268550927819678,1.1268550927819678,0.0,Baja,-0.026598185300827,-0.0023214221000671387,Estable
Phaseolus vulgaris,2020-05-12,133,Media,2.96787129725583,1.15,3.413051991844204,15.92,0.2158661037683487,0.2651923596858978,0.4833025932312011,0.593776524066925,12.895776367187525,12.506948008155796,0.0,12.506948008155796,Cubierta,-0.015263333916664096,-0.0025698840618133545,Estable
Phaseolus vulgaris,2020-05-13,134,Media,2.572155974588492,1.15,2.9579793707767656,2.78,0.2349113970994949,0.2654805183410644,0.5257561206817627,0.5943794846534729,11.608911132812525,-0.17797937077676584,0.17797937077676584,0.0,Baja,0.019045293331146212,0.00028815865516657047,Estable
Phaseolus vulgaris,2020-05-14,135,Media,2.810431478370752,1.15,3.2319962001263645,2.52,0.2558269798755646,0.2666885256767273,0.5726211071014404,0.5970319509506226,12.014672851562525,-0.7119962001263644,0.7119962001263644,0.0,Baja,0.02091558277606967,0.0012080073356628973,Estable
Phaseolus vulgaris,2020-05-15,136,Media,2.8951729513671056,1.15,3.329448894072171,0.57,0.2416178882122039,0.2659331560134887,0.5407572984695435,0.5952630639076233,11.512231445312525,-2.7594488940721713,2.7594488940721713,0.0,Moderada,-0.014209091663360679,-0.0007553696632385809,Estable
Phaseolus vulgaris,2020-05-16,137,Final,2.9014866716508734,1.15,3.336709672398504,0.28,0.2390032112598419,0.2650797367095947,0.5350504517555237,0.5933128595352173,11.556604003906273,-3.0567096723985037,3.0567096723985037,0.0,Moderada,-0.002614676952362005,-0.0008534193038939875,Estable
Phaseolus vulgaris,2020-05-17,138,Final,2.430553932931653,1.1152173913043475,2.7105960165085605,4.79,0.2366593033075332,0.2645877003669739,0.5297552347183228,0.5920823216438293,11.579248046875025,2.0794039834914395,0.0,2.0794039834914395,Cubierta,-0.0023439079523086825,-0.0004920363426208496,Estable
Phaseolus vulgaris,2020-05-18,139,Final,2.5932052343502026,1.0804347826086955,2.8017891336348923,7.85,0.2477447688579559,0.2650832235813141,0.5546221137046814,0.5933219194412231,11.306756591796898,5.048210866365107,0.0,5.048210866365107,Cubierta,0.011085465550422696,0.00049552321434021,Estable
Phaseolus vulgaris,2020-05-19,140,Final,2.617580670435277,1.045652173913043,2.737078918433409,7.13,0.2527722418308258,0.265298068523407,0.5661026835441589,0.5939779281616211,11.037896728515648,4.392921081566591,0.0,4.392921081566591,Cubierta,0.005027472972869901,0.0002148449420928955,Estable
Phaseolus vulgaris,2020-05-20,141,Final,3.030874330796454,1.0108695652173911,3.063818617000763,0.29,0.225763514637947,0.262932151556015,0.5055040121078491,0.5888035297393799,10.868127441406273,-2.773818617000763,2.773818617000763,0.0,Moderada,-0.027008727192878806,-0.0023659169673919678,Estable
Phaseolus vulgaris,2020-05-21,142,Final,2.645177684082293,0.976086956521739,2.5819234351151072,1.33,0.2204947471618652,0.261577308177948,0.4935763776302337,0.5855982899665833,11.206323242187525,-1.2519234351151072,1.2519234351151072,0.0,Baja,-0.005268767476081793,-0.0013548433780670166,Estable
Phaseolus vulgaris,2020-05-22,143,Final,2.47680528230496,0.9413043478260869,2.331427580952277,1.9,0.2345729917287826,0.2619511783123016,0.5250754952430725,0.5863019227981567,11.613427734375025,-0.4314275809522772,0.4314275809522772,0.0,Baja,0.014078244566917392,0.0003738701343535822,Estable
Phaseolus vulgaris,2020-05-23,144,Final,2.786903804089937,0.9065217391304348,2.5263888832728343,11.61,0.2522239089012146,0.2633793652057647,0.5644785165786743,0.5895261168479919,11.656213378906273,9.083611116727166,0.0,9.083611116727166,Cubierta,0.017650917172432,0.0014281868934631348,Estable
Phaseolus vulgaris,2020-05-24,145,Final,2.727091997821309,0.8717391304347826,2.3773128067964016,2.05,0.2319868057966232,0.2615297734737396,0.5193046927452087,0.5854007601737976,10.945214843750025,-0.32731280679640173,0.32731280679640173,0.0,Baja,-0.020237103104591397,-0.001849591732025091,Estable
Phaseolus vulgaris,2020-05-25,146,Final,2.820456232366088,0.8369565217391304,2.3605992379585734,1.01,0.2377344369888305,0.2610085010528564,0.5320727825164795,0.584338366985321,11.805902099609398,-1.3505992379585734,1.3505992379585734,0.0,Baja,0.005747631192207309,-0.0005212724208832342,Estable
Phaseolus vulgaris,2020-05-26,147,Final,2.3933592161916977,0.8021739130434782,1.919890327771166,9.8,0.2561526894569397,0.2622886002063751,0.5734153389930725,0.5871784090995789,11.640283203125025,7.880109672228834,0.0,7.880109672228834,Cubierta,0.018418252468109186,0.0012800991535187323,Estable
Phaseolus vulgaris,2020-05-27,148,Final,2.2622761158194904,0.767391304347826,1.7360510193136522,7.2,0.2856523394584656,0.2661807537078857,0.6396353840827942,0.595686674118042,11.486749267578148,5.463948980686348,0.0,5.463948980686348,Cubierta,0.02949965000152588,0.0038921535015105646,Estable
Phaseolus vulgaris,2020-05-28,149,Final,2.057609455690836,0.7326086956521738,1.5074225794952427,2.72,0.2728628516197204,0.2688995599746704,0.6106851696968079,0.6021209359169006,10.612176513671898,1.2125774205047575,0.0,1.2125774205047575,Cubierta,-0.012789487838745173,0.0027188062667847235,Estable
Phaseolus vulgaris,2020-05-29,150,Final,2.415427081918572,0.6978260869565217,1.6855480289040468,10.55,0.2732718884944916,0.2702650725841522,0.611635148525238,0.6051098108291626,11.005395507812525,8.864451971095955,0.0,8.864451971095955,Cubierta,0.0004090368747711737,0.0013655126094818115,Estable
Phaseolus vulgaris,2020-05-30,151,Final,2.139467343224204,0.6630434782608695,1.4185598688769177,8.38,0.2888292074203491,0.279152512550354,0.6466822028160095,0.625141441822052,11.146142578125025,6.961440131123084,0.0,6.961440131123084,Cubierta,0.015557318925857544,0.008887439966201782,Aumento
Phaseolus vulgaris,2020-05-31,152,Final,2.565237851571957,0.6282608695652173,1.6116385632702075,10.44,0.2855507135391235,0.283186137676239,0.6390745043754578,0.6339444518089294,10.869653320312525,8.828361436729793,0.0,8.828361436729793,Cubierta,-0.0032784938812256414,0.00403362512588501,Estable
Phaseolus vulgaris,2020-06-01,153,Final,2.658302603171614,0.5934782608695652,1.5776448057953274,11.39,0.3092931509017944,0.2937643229961395,0.6924387216567993,0.6575907468795776,10.975061035156273,9.812355194204674,0.0,9.812355194204674,Cubierta,0.0237424373626709,0.010578185319900513,Aumento
Phaseolus vulgaris,2020-06-02,154,Final,2.7040065304478773,0.558695652173913,1.5107166920110966,18.85,0.2968324422836303,0.2960154116153717,0.6644288301467896,0.6625398397445679,10.489831542968773,17.339283307988904,0.0,17.339283307988904,Cubierta,-0.012460708618164062,0.0022510886192321777,Estable
Phaseolus vulgaris,2020-06-03,155,Final,2.238667311039088,0.5239130434782608,1.1728670042617828,9.12,0.2673429250717163,0.2915054857730865,0.5984349846839905,0.6525474190711975,10.714898681640648,7.947132995738216,0.0,7.947132995738216,Cubierta,-0.029489517211914007,-0.004509925842285212,Estable
Phaseolus vulgaris,2020-06-04,156,Final,2.5687987591468144,0.4891304347826086,1.256477653930507,14.2,0.2730558514595032,0.2906244993209839,0.6113665103912354,0.6505253314971924,10.686547851562525,12.943522346069493,0.0,12.943522346069493,Cubierta,0.005712926387786865,-0.0008809864521026056,Estable
Phaseolus vulgaris,2020-06-05,157,Final,2.484068246576048,0.4543478260869565,1.1286310076834654,4.67,0.2653853297233581,0.2893108129501343,0.5941668748855591,0.6476714015007019,10.923913574218773,3.5413689923165346,0.0,3.5413689923165346,Cubierta,-0.007670521736145075,-0.0013136863708496094,Estable
Phaseolus vulgaris,2020-06-06,158,Final,1.8128024460528045,0.4195652173913043,0.7605888523656332,1.34,0.2881152927875519,0.2901138365268707,0.6448802947998047,0.6493204832077026,11.009271240234398,0.5794111476343669,0.0,0.5794111476343669,Cubierta,0.02272996306419378,0.0008030235767364502,Estable
Phaseolus vulgaris,2020-06-07,159,Final,2.739173381945751,0.3847826086956522,1.053986279574778,81.19,0.2846335172653198,0.292022168636322,0.6373379230499268,0.6536946296691895,10.367028808593773,80.13601372042523,0.0,80.13601372042523,Cubierta,-0.0034817755222320557,0.001908332109451294,Estable
Phaseolus vulgaris,2020-06-08,160,Final,2.718616921607002,0.35,0.9515159225624508,6.66,0.273553192615509,0.2908904552459717,0.6123712062835693,0.6512407064437866,10.827233886718773,5.708484077437549,0.0,5.708484077437549,Cubierta,-0.011080324649810847,-0.0011317133903503418,Estable
Saccharum officinarum,2020-01-01,1,Inicial,2.948231749521185,0.4,1.179292699808474,7.24,0.2746143341064453,0.2986800968647003,0.6149797439575195,0.6684417724609375,10.910028076171898,6.060707300191526,0.0,6.060707300191526,Cubierta,,,Estable
Saccharum officinarum,2020-01-02,2,Inicial,3.4359345425368817,0.4,1.3743738170147528,0.52,0.2655819356441498,0.2972196936607361,0.5945673584938049,0.6652793884277344,11.199792480468773,-0.8543738170147528,0.8543738170147528,0.0,Baja,-0.009032398462295532,-0.0014604032039642334,Estable
Saccharum officinarum,2020-01-03,3,Inicial,3.652309775578801,0.4,1.4609239102315206,0.0,0.24663046002388,0.2948575913906097,0.5521380305290222,0.6600413918495178,10.803247070312525,-1.4609239102315206,1.4609239102315206,0.0,Baja,-0.018951475620269775,-0.0023621022701263983,Estable
Saccharum officinarum,2020-01-04,4,Inicial,3.842009095850095,0.4,1.536803638340038,0.18,0.2315411418676376,0.2924184799194336,0.518290102481842,0.6547495126724243,10.901818847656273,-1.3568036383400381,1.3568036383400381,0.0,Baja,-0.015089318156242398,-0.002439111471176092,Estable
Saccharum officinarum,2020-01-05,5,Inicial,3.4255878055717583,0.4,1.3702351222287037,0.18,0.2236680090427398,0.2904499769210815,0.5008542537689209,0.6502418518066406,11.140313720703148,-1.1902351222287038,1.1902351222287038,0.0,Baja,-0.007873132824897794,-0.0019685029983521063,Estable
Saccharum officinarum,2020-01-06,6,Inicial,3.609329165524247,0.4,1.4437316662096988,0.33,0.221180647611618,0.2889252305030823,0.4952643811702728,0.6467413306236267,10.146020507812525,-1.1137316662096988,1.1137316662096988,0.0,Baja,-0.002487361431121826,-0.001524746417999212,Estable
Saccharum officinarum,2020-01-07,7,Inicial,3.63223459194626,0.4,1.452893836778504,0.04,0.2170274257659912,0.2872630655765533,0.4858344197273254,0.6431044340133667,10.774011230468773,-1.412893836778504,1.412893836778504,0.0,Baja,-0.0041532218456267755,-0.0016621649265289862,Estable
Saccharum officinarum,2020-01-08,8,Inicial,3.535618541631738,0.4,1.4142474166526953,0.01,0.2169087827205658,0.2857446372509002,0.4855833351612091,0.6397907733917236,9.480859375000025,-1.4042474166526953,1.4042474166526953,0.0,Baja,-0.00011864304542541504,-0.0015184283256530762,Estable
Saccharum officinarum,2020-01-09,9,Inicial,3.616127554995845,0.4,1.446451021998338,0.0,0.2104811668395996,0.283994197845459,0.471093088388443,0.635947048664093,8.966394042968773,-1.446451021998338,1.446451021998338,0.0,Baja,-0.0064276158809661865,-0.0017504394054412287,Estable
Saccharum officinarum,2020-01-10,10,Inicial,3.417106036202212,0.4,1.3668424144808848,0.0,0.2100433409214019,0.2826589345932007,0.4703034460544586,0.6328665018081665,8.167260742187523,-1.3668424144808848,1.3668424144808848,0.0,Baja,-0.0004378259181977151,-0.0013352632522583008,Estable
Saccharum officinarum,2020-01-11,11,Inicial,3.0661442874430813,0.4,1.2264577149772329,0.0,0.2089174836874008,0.2813650965690613,0.4676909446716308,0.6299169063568115,7.294152832031273,-1.2264577149772329,1.2264577149772329,0.0,Baja,-0.0011258572340011042,-0.0012938380241394043,Estable
Saccharum officinarum,2020-01-12,12,Inicial,2.6890860867374,0.4,1.07563443469496,0.0,0.2108506262302398,0.2803266644477844,0.4720624685287475,0.6275357007980347,9.357019042968773,-1.07563443469496,1.07563443469496,0.0,Baja,0.0019331425428390225,-0.0010384321212768555,Estable
Saccharum officinarum,2020-01-13,13,Inicial,3.2743357048555617,0.4,1.3097342819422249,0.0,0.2087039798498153,0.2790789902210235,0.4672080874443054,0.6248542070388794,9.219232177734398,-1.3097342819422249,1.3097342819422249,0.0,Baja,-0.0021466463804244995,-0.0012476742267609198,Estable
Saccharum officinarum,2020-01-14,14,Inicial,3.022525735174016,0.4,1.2090102940696064,0.0,0.2105519473552703,0.2779509425163269,0.4714041650295257,0.6223359107971191,9.656640625000025,-1.2090102940696064,1.2090102940696064,0.0,Baja,0.0018479675054549893,-0.0011280477046965998,Estable
Saccharum officinarum,2020-01-15,15,Inicial,2.892447644706006,0.4,1.1569790578824024,0.0,0.2085372507572174,0.276860624551773,0.4667938649654388,0.6199163794517517,9.227014160156273,-1.1569790578824024,1.1569790578824024,0.0,Baja,-0.0020146965980528952,-0.0010903179645538885,Estable
Saccharum officinarum,2020-01-16,16,Inicial,2.5509631062608813,0.4,1.0203852425043525,1.6,0.2047977745532989,0.2754416167736053,0.4583717882633209,0.6167877316474915,9.604058837890648,0.5796147574956476,0.0,0.5796147574956476,Cubierta,-0.0037394762039185125,-0.0014190077781677246,Estable
Saccharum officinarum,2020-01-17,17,Inicial,2.123625836918019,0.4,0.8494503347672077,3.92,0.2077111601829528,0.2745482921600342,0.4650589525699615,0.6144890189170837,10.502893066406273,3.070549665232792,0.0,3.070549665232792,Cubierta,0.002913385629653903,-0.0008933246135711115,Estable
Saccharum officinarum,2020-01-18,18,Inicial,2.457076041415373,0.4,0.9828304165661492,0.81,0.2180327624082565,0.2743701934814453,0.4881190657615661,0.6141732335090637,10.842187500000025,-0.17283041656614917,0.17283041656614917,0.0,Baja,0.010321602225303705,-0.0001780986785888672,Estable
Saccharum officinarum,2020-01-19,19,Inicial,2.6849474282341173,0.4,1.073978971293647,1.28,0.2238282859325409,0.2738048136234283,0.5010724067687988,0.6128256916999817,10.861352539062525,0.20602102870635308,0.0,0.20602102870635308,Cubierta,0.0057955235242843905,-0.0005653798580170233,Estable
Saccharum officinarum,2020-01-20,20,Inicial,2.0816455357680983,0.4,0.8326582143072394,3.23,0.2300102710723877,0.2732718884944916,0.5150047540664673,0.6116583347320557,11.008447265625025,2.3973417856927606,0.0,2.3973417856927606,Cubierta,0.006181985139846802,-0.0005329251289367121,Estable
Saccharum officinarum,2020-01-21,21,Inicial,2.589197755053443,0.4,1.0356791020213771,10.51,0.2776890993118286,0.2764692008495331,0.6215779781341553,0.6190438270568848,10.997521972656273,9.474320897978622,0.0,9.474320897978622,Cubierta,0.04767882823944092,0.003197312355041504,Estable
Saccharum officinarum,2020-01-22,22,Inicial,2.230115953986533,0.4,0.8920463815946132,1.52,0.2813131213188171,0.279358297586441,0.6296303272247314,0.6252856254577637,11.026483154296898,0.6279536184053868,0.0,0.6279536184053868,Cubierta,0.00362402200698847,0.0028890967369079035,Estable
Saccharum officinarum,2020-01-23,23,Inicial,3.0231741605568065,0.4,1.2092696642227228,0.04,0.2543753087520599,0.2772768139839172,0.5694832801818848,0.6206307411193848,10.375817871093773,-1.1692696642227227,1.1692696642227227,0.0,Baja,-0.026937812566757202,-0.0020814836025238037,Estable
Saccharum officinarum,2020-01-24,24,Inicial,2.586677938014444,0.4,1.0346711752057776,3.11,0.2654004395008087,0.27736696600914,0.5939206480979919,0.6210359334945679,11.167718505859398,2.075328824794222,0.0,2.075328824794222,Cubierta,0.011025130748748835,9.015202522283383e-05,Estable
Saccharum officinarum,2020-01-25,25,Inicial,2.8270782875977893,0.4,1.1308313150391158,3.33,0.2785582542419433,0.2801665961742401,0.623546838760376,0.6271925568580627,11.012170410156273,2.1991686849608842,0.0,2.1991686849608842,Cubierta,0.013157814741134588,0.0027996301651000977,Estable
Saccharum officinarum,2020-01-26,26,Inicial,2.8592092343467463,0.4,1.1436836937386985,9.31,0.2917945086956024,0.2835708260536194,0.6531261205673218,0.634725034236908,10.548059082031273,8.166316306261303,0.0,8.166316306261303,Cubierta,0.013236254453659113,0.0034042298793792725,Estable
Saccharum officinarum,2020-01-27,27,Inicial,3.197498176772503,0.4,1.2789992707090012,4.58,0.2769192457199096,0.2824744284152984,0.6197158098220825,0.632459819316864,11.287438964843773,3.301000729290999,0.0,3.301000729290999,Cubierta,-0.014875262975692805,-0.0010963976383209784,Estable
Saccharum officinarum,2020-01-28,28,Inicial,3.0623564253268816,0.4,1.2249425701307528,0.07,0.288808524608612,0.2827996015548706,0.6465105414390564,0.6330852508544922,11.325189208984398,-1.1549425701307527,1.1549425701307527,0.0,Baja,0.011889278888702393,0.00032517313957219907,Estable
Saccharum officinarum,2020-01-29,29,Inicial,3.282537487982082,0.4,1.313014995192833,2.73,0.2753844857215881,0.2828554809093475,0.6163906455039978,0.6334013342857361,11.248925781250025,1.416985004807167,0.0,1.416985004807167,Cubierta,-0.013424038887023926,5.58793544768732e-05,Estable
Saccharum officinarum,2020-01-30,30,Desarrollo,3.220521836988908,0.4,1.288208734795563,0.59,0.2492743730545044,0.2804329991340637,0.5580548644065857,0.6275911331176758,11.391961669921898,-0.6982087347955631,0.6982087347955631,0.0,Baja,-0.026110112667083685,-0.002422481775283758,Estable
Saccharum officinarum,2020-01-31,31,Desarrollo,2.652374252562516,0.4149122807017544,1.1005026504053246,0.0,0.2273979932069778,0.2779696881771087,0.5091440081596375,0.6222366094589233,9.499108886718773,-1.1005026504053246,1.1005026504053246,0.0,Baja,-0.021876379847526606,-0.0024633109569550116,Estable
Saccharum officinarum,2020-02-01,32,Desarrollo,2.573089729374203,0.4298245614035088,1.10597716438014,7.56,0.2258870303630828,0.2767135202884674,0.5055345892906189,0.6195324659347534,11.308251953125025,6.45402283561986,0.0,6.45402283561986,Cubierta,-0.0015109628438949863,-0.001256167888641302,Estable
Saccharum officinarum,2020-02-02,33,Desarrollo,3.279578952552463,0.4447368421052631,1.4585495867930691,1.99,0.2204961627721786,0.2752612233161926,0.4935779273509979,0.6163914799690247,11.114923095703148,0.5314504132069309,0.0,0.5314504132069309,Cubierta,-0.005390867590904208,-0.0014522969722747803,Estable
Saccharum officinarum,2020-02-03,34,Desarrollo,3.3391805897721194,0.4596491228070176,1.5348514289829742,0.12,0.2164567857980728,0.273760437965393,0.4845251739025116,0.6128060817718506,10.871423339843773,-1.4148514289829741,1.4148514289829741,0.0,Baja,-0.004039376974105807,-0.001500785350799616,Estable
Saccharum officinarum,2020-02-04,35,Desarrollo,3.9831310885574367,0.4745614035087719,1.89024027974524,0.0,0.2100583761930465,0.2722263932228088,0.4702250957489013,0.6095258593559265,9.797631835937525,-1.89024027974524,1.89024027974524,0.0,Baja,-0.006398409605026301,-0.0015340447425842285,Estable
Saccharum officinarum,2020-02-05,36,Desarrollo,4.244793931187747,0.4894736842105263,2.07771492421295,0.0,0.2006809264421463,0.2705520689487457,0.4492982625961303,0.6055396199226379,7.838159179687523,-2.07771492421295,2.07771492421295,0.0,Moderada,-0.009377449750900185,-0.0016743242740630548,Estable
Saccharum officinarum,2020-02-06,37,Desarrollo,4.169733176569154,0.5043859649122807,2.1031548916905822,0.0,0.1767249256372451,0.267781525850296,0.3955183029174804,0.5994586944580078,6.867028808593773,-2.1031548916905822,2.1031548916905822,0.0,Moderada,-0.023956000804901206,-0.002770543098449707,Estable
Saccharum officinarum,2020-02-07,38,Desarrollo,4.0865957124513415,0.5192982456140351,2.12216198400982,0.0,0.1767972558736801,0.2662941813468933,0.3957181274890899,0.5963003635406494,7.492089843750023,-2.12216198400982,2.12216198400982,0.0,Moderada,7.233023643499203e-05,-0.00148734450340271,Estable
Saccharum officinarum,2020-02-08,39,Desarrollo,3.268439705235638,0.5342105263157895,1.7460348951653542,1.77,0.1823482662439346,0.2652748823165893,0.4082421064376831,0.5938217639923096,9.937188720703148,0.023965104834645867,0.0,0.023965104834645867,Cubierta,0.005551010370254517,-0.0010192990303040106,Estable
Saccharum officinarum,2020-02-09,40,Desarrollo,3.30872980351908,0.5491228070175439,1.816898997371004,23.23,0.1983443796634674,0.265025645494461,0.4440963864326477,0.5933203101158142,11.104760742187525,21.413101002628995,0.0,21.413101002628995,Cubierta,0.015996113419532804,-0.0002492368221282959,Estable
Saccharum officinarum,2020-02-10,41,Desarrollo,3.880629515402008,0.5640350877192982,2.1888112091258694,2.61,0.2136109471321106,0.2650732100009918,0.4781440496444702,0.5933699011802673,8.760339355468773,0.4211887908741305,0.0,0.4211887908741305,Cubierta,0.015266567468643188,4.756450653081723e-05,Estable
Saccharum officinarum,2020-02-11,42,Desarrollo,3.8381170799608064,0.5789473684210527,2.222067783135204,0.07,0.1838676333427429,0.2624737322330475,0.4115966260433197,0.5874166488647461,8.149285888671898,-2.152067783135204,2.152067783135204,0.0,Moderada,-0.029743313789367704,-0.002599477767944336,Estable
Saccharum officinarum,2020-02-12,43,Desarrollo,3.7387676578637534,0.593859649122807,2.220303249450668,0.0,0.1768476068973541,0.2606357634067535,0.3958576917648315,0.5835667252540588,8.815972900390648,-2.220303249450668,2.220303249450668,0.0,Moderada,-0.007020026445388794,-0.0018379688262940008,Estable
Saccharum officinarum,2020-02-13,44,Desarrollo,3.6900119890205856,0.6087719298245614,2.24637571963183,0.1,0.1803713291883468,0.259611576795578,0.4037930369377136,0.5810755491256714,10.473291015625025,-2.14637571963183,2.14637571963183,0.0,Moderada,0.003523722290992709,-0.0010241866111754816,Estable
Saccharum officinarum,2020-02-14,45,Desarrollo,2.8355856754959605,0.6236842105263158,1.7685100134014282,0.48,0.1989832371473312,0.2591719031333923,0.4454621970653534,0.580151379108429,9.278466796875025,-1.2885100134014282,1.2885100134014282,0.0,Baja,0.018611907958984403,-0.00043967366218572446,Estable
Saccharum officinarum,2020-02-15,46,Desarrollo,2.6765302968514897,0.6385964912280702,1.7092228562349865,0.22,0.2052931636571884,0.2586721181869507,0.4594780802726745,0.5791447162628174,10.469934082031273,-1.4892228562349865,1.4892228562349865,0.0,Baja,0.006309926509857178,-0.0004997849464415949,Estable
Saccharum officinarum,2020-02-16,47,Desarrollo,3.117126568501001,0.6535087719298245,2.037069555730917,0.0,0.1986427754163742,0.2576354742050171,0.4446353912353515,0.5765464901924133,10.033471679687525,-2.037069555730917,2.037069555730917,0.0,Moderada,-0.006650388240814181,-0.0010366439819335938,Estable
Saccharum officinarum,2020-02-17,48,Desarrollo,3.665628234218672,0.668421052631579,2.450183082872481,0.0,0.1877762228250503,0.2560195624828338,0.4204446375370025,0.5728833675384521,9.768212890625025,-2.450183082872481,2.450183082872481,0.0,Moderada,-0.010866552591323908,-0.001615911722183283,Estable
Saccharum officinarum,2020-02-18,49,Desarrollo,3.492022458866841,0.6833333333333333,2.386215346892341,0.0,0.1857706904411316,0.2548185884952545,0.4159465134143829,0.5704189538955688,9.950219726562525,-2.386215346892341,2.386215346892341,0.0,Moderada,-0.0020055323839187067,-0.0012009739875792902,Estable
Saccharum officinarum,2020-02-19,50,Desarrollo,2.918052034422252,0.6982456140350877,2.0375170345615023,0.57,0.1872323900461197,0.2538785934448242,0.4191077649593353,0.5682427287101746,11.746820068359398,-1.4675170345615025,1.4675170345615025,0.0,Baja,0.0014616996049880981,-0.0009399950504302979,Estable
Saccharum officinarum,2020-02-20,51,Desarrollo,3.314226504146355,0.7131578947368421,2.363566796378058,0.18,0.2236148566007614,0.2550888955593109,0.500618577003479,0.5711452960968018,11.591271972656273,-2.183566796378058,2.183566796378058,0.0,Moderada,0.036382466554641724,0.0012103021144866943,Estable
Saccharum officinarum,2020-02-21,52,Desarrollo,3.139896751369089,0.7280701754385965,2.286065178628372,0.12,0.2261070013046264,0.2548896968364715,0.5061571002006531,0.5707740783691406,11.824792480468773,-2.166065178628372,2.166065178628372,0.0,Moderada,0.0024921447038649958,-0.00019919872283941098,Estable
Saccharum officinarum,2020-02-22,53,Desarrollo,2.396003652736208,0.7429824561403509,1.7801886788312002,0.43,0.242223709821701,0.2557536959648132,0.5422936081886292,0.572752058506012,12.420373535156273,-1.3501886788312003,1.3501886788312003,0.0,Baja,0.016116708517074585,0.0008639991283416748,Estable
Saccharum officinarum,2020-02-23,54,Desarrollo,2.1392010919117426,0.7578947368421052,1.6212892486067942,19.53,0.2677009999752044,0.2634223699569702,0.599253237247467,0.5897852778434753,12.508630371093773,17.90871075139321,0.0,17.90871075139321,Cubierta,0.025477290153503418,0.007668673992157038,Aumento
Saccharum officinarum,2020-02-24,55,Desarrollo,2.3170551880178496,0.7728070175438597,1.7906365093366017,8.55,0.2588692605495453,0.2627563774585724,0.57943195104599,0.5883241295814514,12.572229003906273,6.759363490663399,0.0,6.759363490663399,Cubierta,-0.008831739425659124,-0.0006659924983978271,Estable
Saccharum officinarum,2020-02-25,56,Desarrollo,2.9252566598674297,0.787719298245614,2.3042811232990807,0.8,0.2585375607013702,0.2624483406543731,0.5787733197212219,0.5873503684997559,12.687341308593773,-1.5042811232990807,1.5042811232990807,0.0,Baja,-0.00033169984817510434,-0.00030803680419927426,Estable
Saccharum officinarum,2020-02-26,57,Desarrollo,3.159819723194727,0.8026315789473684,2.53617109361682,0.02,0.2571020126342773,0.2623478770256042,0.5756126642227173,0.5871629118919373,12.678430175781273,-2.51617109361682,2.51617109361682,0.0,Moderada,-0.0014355480670928955,-0.0001004636287689209,Estable
Saccharum officinarum,2020-02-27,58,Desarrollo,3.456607537547279,0.8175438596491228,2.825928267538653,0.18,0.26055908203125,0.2622732818126678,0.5833175778388977,0.5869681239128113,12.553857421875025,-2.6459282675386526,2.6459282675386526,0.0,Moderada,0.0034570693969727118,-7.459521293640137e-05,Estable
Saccharum officinarum,2020-02-28,59,Desarrollo,3.371494345365816,0.8324561403508772,2.806621169958035,0.02,0.2319629490375518,0.2599510252475738,0.5191401839256287,0.5818336009979248,12.552697753906273,-2.786621169958035,2.786621169958035,0.0,Moderada,-0.028596132993698203,-0.002322256565093994,Estable
Saccharum officinarum,2020-02-29,60,Desarrollo,3.6544199817696392,0.8473684210526315,3.0966400898153257,0.35,0.2162789553403854,0.258466362953186,0.4841081798076629,0.5786082148551941,11.741845703125025,-2.7466400898153256,2.7466400898153256,0.0,Moderada,-0.015683993697166387,-0.0014846622943878174,Estable
Saccharum officinarum,2020-03-01,61,Desarrollo,3.240013985102308,0.862280701754386,2.7938015327680428,72.85,0.203538492321968,0.2566025555133819,0.4556828737258911,0.5743725299835205,11.519921875000025,70.05619846723195,0.0,70.05619846723195,Cubierta,-0.012740463018417414,-0.0018638074398040771,Estable
Saccharum officinarum,2020-03-02,62,Desarrollo,3.3398924289877967,0.8771929824561404,2.9297302008664885,12.14,0.1961739361286163,0.2550231218338012,0.439160019159317,0.5709739923477173,12.152612304687525,9.210269799133512,0.0,9.210269799133512,Cubierta,-0.00736455619335169,-0.0015794336795806885,Estable
Saccharum officinarum,2020-03-03,63,Desarrollo,3.531389914112611,0.8921052631578947,3.150371528642566,0.83,0.2070548236370086,0.2545174956321716,0.4635263085365295,0.5699523091316223,12.325585937500025,-2.320371528642566,2.320371528642566,0.0,Moderada,0.010880887508392306,-0.0005056262016296387,Estable
Saccharum officinarum,2020-03-04,64,Desarrollo,3.817984901814575,0.9070175438596492,3.46297928813708,0.0,0.1768831759691238,0.2516687512397766,0.3959431946277618,0.5634123682975769,11.309655761718773,-3.46297928813708,3.46297928813708,0.0,Moderada,-0.0301716476678848,-0.002848744392394964,Estable
Saccharum officinarum,2020-03-05,65,Desarrollo,4.352237717167281,0.9219298245614036,4.012457755037555,0.0,0.1736954301595688,0.2502045929431915,0.3888481557369232,0.5602402091026306,9.734887695312525,-4.012457755037555,4.012457755037555,0.0,Alta,-0.003187745809555026,-0.0014641582965851385,Estable
Saccharum officinarum,2020-03-06,66,Desarrollo,4.247409486947092,0.936842105263158,3.979152045666223,0.0,0.160724401473999,0.2482027560472488,0.3597050309181213,0.5555602312088013,9.301354980468773,-3.979152045666223,3.979152045666223,0.0,Moderada,-0.012971028685569791,-0.0020018368959426602,Estable
Saccharum officinarum,2020-03-07,67,Desarrollo,3.4518025368936005,0.9517543859649124,3.2852682039732954,0.81,0.1637406349182129,0.2470306009054184,0.3665027618408203,0.5530008673667908,10.209161376953148,-2.4752682039732954,2.4752682039732954,0.0,Moderada,0.003016233444213895,-0.0011721551418304166,Estable
Saccharum officinarum,2020-03-08,68,Desarrollo,2.8986032878309578,0.9666666666666668,2.8019831782365925,11.8,0.1728366017341613,0.2463504374027252,0.386936217546463,0.551427960395813,11.088952636718773,8.998016821763407,0.0,8.998016821763407,Cubierta,0.009095966815948403,-0.000680163502693204,Estable
Saccharum officinarum,2020-03-09,69,Desarrollo,2.4540412289598925,0.9815789473684212,2.4088352063211578,6.03,0.1842152625322342,0.2459021210670471,0.4123090803623199,0.5503965020179749,11.448388671875025,3.6211647936788425,0.0,3.6211647936788425,Cubierta,0.011378660798072898,-0.0004483163356781006,Estable
Saccharum officinarum,2020-03-10,70,Desarrollo,2.8475698258184265,0.9964912280701754,2.8375783527453797,3.58,0.2477736473083496,0.2499169707298278,0.554608941078186,0.5594798922538757,11.471215820312525,0.7424216472546203,0.0,0.7424216472546203,Cubierta,0.06355838477611542,0.004014849662780706,Estable
Saccharum officinarum,2020-03-11,71,Desarrollo,3.0986824618183264,1.01140350877193,3.134018314453097,10.22,0.251617431640625,0.2513230741024017,0.5632652640342712,0.5626598596572876,11.851251220703148,7.085981685546903,0.0,7.085981685546903,Cubierta,0.0038437843322753906,0.0014061033725738803,Estable
Saccharum officinarum,2020-03-12,72,Desarrollo,2.594486676056316,1.026315789473684,2.6627626412156924,3.18,0.246285855770111,0.2508704960346222,0.5514435768127441,0.5615320205688477,11.931726074218773,0.5172373587843078,0.0,0.5172373587843078,Cubierta,-0.005331575870513999,-0.0004525780677794855,Estable
Saccharum officinarum,2020-03-13,73,Desarrollo,2.5263580448359333,1.0412280701754386,2.630514911596713,11.32,0.2887640297412872,0.2560513317584991,0.6464170217514038,0.573232114315033,12.091302490234398,8.689485088403288,0.0,8.689485088403288,Cubierta,0.042478173971176175,0.005180835723876898,Aumento
Saccharum officinarum,2020-03-14,74,Desarrollo,2.292794364677023,1.056140350877193,2.421512644799242,14.93,0.2658706605434418,0.259913682937622,0.5950819849967957,0.5817363858222961,12.072656250000025,12.508487355200758,0.0,12.508487355200758,Cubierta,-0.022893369197845403,0.003862351179122925,Estable
Saccharum officinarum,2020-03-15,75,Desarrollo,2.615711011781474,1.0710526315789473,2.8015641626185785,16.33,0.2686693370342254,0.2639972567558288,0.6013837456703186,0.5909135341644287,12.363122558593773,13.52843583738142,0.0,13.52843583738142,Cubierta,0.002798676490783636,0.004083573818206787,Estable
Saccharum officinarum,2020-03-16,76,Desarrollo,3.097518737676989,1.0859649122807018,3.363796664249221,1.33,0.242931067943573,0.2607799172401428,0.5437864661216736,0.5837200284004211,13.019738769531273,-2.033796664249221,2.033796664249221,0.0,Moderada,-0.02573826909065241,-0.0032173395156859796,Estable
Saccharum officinarum,2020-03-17,77,Desarrollo,3.810480679908264,1.100877192982456,4.19487127481129,0.0,0.2500636279582977,0.2604047060012817,0.5598828792572021,0.5829643607139587,11.935693359375025,-4.19487127481129,4.19487127481129,0.0,Alta,0.007132560014724676,-0.0003752112388611395,Estable
Saccharum officinarum,2020-03-18,78,Desarrollo,3.429303569747668,1.1157894736842104,3.8263808251921354,0.0,0.2217862606048584,0.2577000558376312,0.4964143931865692,0.5770552754402161,11.986383056640648,-3.8263808251921354,3.8263808251921354,0.0,Moderada,-0.028277367353439276,-0.002704650163650457,Estable
Saccharum officinarum,2020-03-19,79,Desarrollo,3.0694178759915816,1.130701754385965,3.4705961773273235,0.01,0.2795619964599609,0.2649308145046234,0.6258862018585205,0.592998743057251,10.784295654296898,-3.4605961773273237,3.4605961773273237,0.0,Moderada,0.057775735855102484,0.0072307586669921875,Aumento
Saccharum officinarum,2020-03-20,80,Desarrollo,1.4939680924748744,1.1456140350877193,1.7115108147124438,0.18,0.2614538073539734,0.2628643810749054,0.5852376818656921,0.5886270403862,10.679254150390648,-1.5315108147124439,1.5315108147124439,0.0,Baja,-0.018108189105987493,-0.0020664334297180176,Estable
Saccharum officinarum,2020-03-21,81,Desarrollo,1.7583500856228598,1.1605263157894736,2.040611546736003,0.03,0.2740433812141418,0.2664081454277038,0.6136701703071594,0.5964492559432983,10.421411132812525,-2.010611546736003,2.010611546736003,0.0,Moderada,0.012589573860168402,0.0035437643527984064,Estable
Saccharum officinarum,2020-03-22,82,Desarrollo,3.556217632475733,1.1754385964912282,4.1801154627346335,0.0,0.2572545707225799,0.26518315076828,0.5761153697967529,0.5937525629997253,9.781823730468773,-4.1801154627346335,4.1801154627346335,0.0,Alta,-0.01678881049156189,-0.0012249946594238281,Estable
Saccharum officinarum,2020-03-23,83,Desarrollo,3.026920456426764,1.1903508771929825,3.6030974205009816,0.01,0.2687681019306183,0.2682282328605652,0.6017157435417175,0.6006450653076172,10.701531982421898,-3.593097420500982,3.593097420500982,0.0,Moderada,0.011513531208038386,0.0030450820922852118,Estable
Saccharum officinarum,2020-03-24,84,Desarrollo,2.48034144265086,1.2052631578947368,2.989464159826563,0.0,0.2440335303544998,0.2656533420085907,0.5462899208068848,0.5947559475898743,10.549432373046898,-2.989464159826563,2.989464159826563,0.0,Moderada,-0.024734571576118497,-0.0025748908519744873,Estable
Saccharum officinarum,2020-03-25,85,Desarrollo,3.132983757906082,1.2201754385964914,3.8227898309187376,4.35,0.2338432222604751,0.2639497816562652,0.5235876441001892,0.5908638834953308,10.858270263671898,0.5272101690812621,0.0,0.5272101690812621,Cubierta,-0.010190308094024686,-0.001703560352325495,Estable
Saccharum officinarum,2020-03-26,86,Desarrollo,3.216614631616496,1.2350877192982457,3.972801229224584,2.25,0.2843395471572876,0.2734195291996002,0.6365152597427368,0.6122133731842041,11.431176757812525,-1.7228012292245838,1.7228012292245838,0.0,Baja,0.050496324896812494,0.009469747543335016,Aumento
Saccharum officinarum,2020-03-27,87,Desarrollo,3.3215727420686583,1.25,4.151965927585823,0.18,0.2635979652404785,0.2715934514999389,0.5901396870613098,0.6080759763717651,12.330316162109398,-3.971965927585823,3.971965927585823,0.0,Moderada,-0.020741581916809082,-0.0018260776996613104,Estable
Saccharum officinarum,2020-03-28,88,Media,3.3271949309264675,1.25,4.158993663658085,0.0,0.2531955540180206,0.2694453001022339,0.5667470693588257,0.6033211946487427,11.557153320312525,-4.158993663658085,4.158993663658085,0.0,Alta,-0.010402411222457941,-0.0021481513977050226,Estable
Saccharum officinarum,2020-03-29,89,Media,3.183669345592364,1.25,3.979586681990455,0.36,0.2232374250888824,0.2665849328041076,0.4997977614402771,0.5968359112739563,10.112084960937525,-3.619586681990455,3.619586681990455,0.0,Moderada,-0.029958128929138184,-0.002860367298126276,Estable
Saccharum officinarum,2020-03-30,90,Media,2.550843030742843,1.25,3.1885537884285537,12.26,0.2029734700918197,0.2642343938350677,0.454388827085495,0.5917019248008728,11.640496826171898,9.071446211571446,0.0,9.071446211571446,Cubierta,-0.020263954997062683,-0.002350538969039917,Estable
Saccharum officinarum,2020-03-31,91,Media,2.3706443417071856,1.25,2.963305427133982,13.94,0.2005254924297332,0.2630885243415832,0.4488885998725891,0.5888931155204773,12.311975097656273,10.976694572866018,0.0,10.976694572866018,Cubierta,-0.0024479776620865146,-0.001145869493484497,Estable
Saccharum officinarum,2020-04-01,92,Media,2.522888057474769,1.25,3.153610071843461,13.63,0.2240067273378372,0.2632297873497009,0.5015571117401123,0.5891873240470886,12.607232666015648,10.47638992815654,0.0,10.47638992815654,Cubierta,0.023481234908104,0.0001412630081177313,Estable
Saccharum officinarum,2020-04-02,93,Media,2.5323071063014786,1.25,3.1653838828768484,0.51,0.2758886218070984,0.2711183726787567,0.6175916790962219,0.6071338057518005,12.400231933593773,-2.6553838828768486,2.6553838828768486,0.0,Moderada,0.0518818944692612,0.007888585329055786,Aumento
Saccharum officinarum,2020-04-03,94,Media,2.6271785844235063,1.25,3.2839732305293827,4.01,0.2659236192703247,0.2712969481945038,0.5954230427742004,0.6072812080383301,11.971063232421898,0.7260267694706171,0.0,0.7260267694706171,Cubierta,-0.009965002536773682,0.0001785755157470703,Estable
Saccharum officinarum,2020-04-04,95,Media,2.631227149463299,1.25,3.289033936829124,13.38,0.2443749606609344,0.2690936326980591,0.5469956994056702,0.602382481098175,11.662469482421898,10.090966063170876,0.0,10.090966063170876,Cubierta,-0.021548658609390314,-0.002203315496444702,Estable
Saccharum officinarum,2020-04-05,96,Media,2.946154645803796,1.25,3.682693307254745,6.21,0.2137376368045807,0.2659193873405456,0.4783735871315002,0.5953014492988586,13.015100097656273,2.5273066927452548,0.0,2.5273066927452548,Cubierta,-0.030637323856353704,-0.0031742453575134832,Estable
Saccharum officinarum,2020-04-06,97,Media,2.3361058897670874,1.25,2.920132362208859,23.66,0.2832644879817962,0.2733738720417022,0.6341358423233032,0.6120943427085876,12.442376708984398,20.739867637791143,0.0,20.739867637791143,Cubierta,0.06952685117721552,0.007454484701156616,Aumento
Saccharum officinarum,2020-04-07,98,Media,2.8235723243522544,1.25,3.529465405440318,1.37,0.3046170771121979,0.2882801592350006,0.6819403171539307,0.645259439945221,11.765863037109398,-2.1594654054403177,2.1594654054403177,0.0,Moderada,0.021352589130401667,0.014906287193298395,Aumento
Saccharum officinarum,2020-04-08,99,Media,2.579785188348954,1.25,3.2247314854361924,0.01,0.256966769695282,0.281900942325592,0.5752382278442383,0.6312613487243652,11.818231201171898,-3.2147314854361926,3.2147314854361926,0.0,Moderada,-0.047650307416915894,-0.006379216909408625,Disminución
Saccharum officinarum,2020-04-09,100,Media,2.502048930341428,1.25,3.127561162926785,5.67,0.2632371485233307,0.2805583775043487,0.5894350409507751,0.6280880570411682,12.382135009765648,2.542438837073215,0.0,2.542438837073215,Cubierta,0.006270378828048706,-0.0013425648212432861,Estable
Saccharum officinarum,2020-04-10,101,Media,2.748002778812846,1.25,3.435003473516057,10.78,0.2536020278930664,0.2785641252994537,0.5677119493484497,0.6235864758491516,12.384851074218773,7.344996526483943,0.0,7.344996526483943,Cubierta,-0.009635120630264282,-0.0019942522048950195,Estable
Saccharum officinarum,2020-04-11,102,Media,2.1904408175685526,1.25,2.7380510219606906,11.22,0.2507103085517883,0.2779609858989715,0.5611761212348938,0.6223846673965454,11.232232666015648,8.48194897803931,0.0,8.48194897803931,Cubierta,-0.0028917193412781317,-0.0006031394004821777,Estable
Saccharum officinarum,2020-04-12,103,Media,3.1211472500048454,1.25,3.901434062506057,1.49,0.283517986536026,0.2840209007263183,0.6344996094703674,0.6356989145278931,11.581750488281273,-2.411434062506057,2.411434062506057,0.0,Moderada,0.032807677984237726,0.006059914827346802,Aumento
Saccharum officinarum,2020-04-13,104,Media,3.7334030069544064,1.25,4.666753758693008,0.64,0.2301941663026809,0.2793667316436767,0.5152503848075867,0.6254781484603882,11.344110107421898,-4.026753758693008,4.026753758693008,0.0,Alta,-0.05332382023334509,-0.0046541690826416016,Estable
Saccharum officinarum,2020-04-14,105,Media,3.385449292858578,1.25,4.231811616073223,0.48,0.2501223981380462,0.2789831161499023,0.560073971748352,0.6245298981666565,12.416467285156273,-3.751811616073223,3.751811616073223,0.0,Moderada,0.019928231835365295,-0.00038361549377441406,Estable
Saccharum officinarum,2020-04-15,106,Media,2.568026783405522,1.25,3.2100334792569023,1.67,0.2361091822385788,0.2771470844745636,0.5286099314689636,0.6206106543540955,11.727471923828148,-1.5400334792569024,1.5400334792569024,0.0,Baja,-0.014013215899467413,-0.0018360316753386896,Estable
Saccharum officinarum,2020-04-16,107,Media,3.093421749481525,1.25,3.8667771868519054,0.45,0.2384891659021377,0.2761068940162658,0.5337837338447571,0.6180773973464966,12.009973144531273,-3.4167771868519052,3.4167771868519052,0.0,Moderada,0.0023799836635589044,-0.001040190458297785,Estable
Saccharum officinarum,2020-04-17,108,Media,2.4743830297632456,1.25,3.092978787204057,0.36,0.2434961348772049,0.2759918868541717,0.5450820326805115,0.617851734161377,11.538934326171898,-2.732978787204057,2.732978787204057,0.0,Moderada,0.005006968975067194,-0.00011500716209411621,Estable
Saccharum officinarum,2020-04-18,109,Media,2.23434610023789,1.25,2.7929326252973623,1.94,0.2200187444686889,0.2736431658267975,0.4926237165927887,0.6124780774116516,11.407861328125025,-0.8529326252973624,0.8529326252973624,0.0,Baja,-0.023477390408515986,-0.002348721027374212,Estable
Saccharum officinarum,2020-04-19,110,Media,2.556302616112022,1.25,3.1953782701400275,11.51,0.2208987474441528,0.2730054259300232,0.4945263564586639,0.6111860275268555,10.943811035156273,8.314621729859972,0.0,8.314621729859972,Cubierta,0.0008800029754638949,-0.000637739896774292,Estable
Saccharum officinarum,2020-04-20,111,Media,3.000688655567568,1.25,3.75086081945946,14.03,0.2254912704229354,0.2725829482078552,0.5048649907112122,0.6102330088615417,11.530175781250025,10.27913918054054,0.0,10.27913918054054,Cubierta,0.004592522978782598,-0.00042247772216796875,Estable
Saccharum officinarum,2020-04-21,112,Media,2.484278657685948,1.25,3.105348322107435,12.34,0.2286286950111389,0.2717643678188324,0.5117641091346741,0.6085439324378967,11.718957519531273,9.234651677892565,0.0,9.234651677892565,Cubierta,0.0031374245882034857,-0.0008185803890228271,Estable
Saccharum officinarum,2020-04-22,113,Media,2.547582601264165,1.25,3.184478251580206,3.69,0.2255481928586959,0.2706317901611328,0.5050390958786011,0.6057701110839844,11.604150390625025,0.505521748419794,0.0,0.505521748419794,Cubierta,-0.0030805021524429876,-0.001132577657699585,Estable
Saccharum officinarum,2020-04-23,114,Media,2.4331279022078816,1.25,3.041409877759852,4.07,0.282408058643341,0.277260810136795,0.6320677399635315,0.6205888986587524,11.109979248046898,1.0285901222401481,0.0,1.0285901222401481,Cubierta,0.05685986578464511,0.006629019975662176,Aumento
Saccharum officinarum,2020-04-24,115,Media,3.602164808568888,1.25,4.50270601071111,3.6,0.2774258553981781,0.2801449298858642,0.6212552785873413,0.6271358728408813,11.013452148437525,-0.90270601071111,0.90270601071111,0.0,Baja,-0.004982203245162908,0.002884119749069214,Estable
Saccharum officinarum,2020-04-25,116,Media,3.6421246252385537,1.25,4.552655781548192,0.89,0.252183735370636,0.2772245705127716,0.564588189125061,0.6205685138702393,11.884576416015648,-3.662655781548192,3.662655781548192,0.0,Moderada,-0.025242120027542114,-0.002920359373092596,Estable
Saccharum officinarum,2020-04-26,117,Media,3.2750924383669004,1.25,4.093865547958625,0.39,0.214451715350151,0.2738314568996429,0.4801662862300873,0.6130648255348206,10.058068847656273,-3.703865547958625,3.703865547958625,0.0,Moderada,-0.03773202002048498,-0.0033931136131287176,Estable
Saccharum officinarum,2020-04-27,118,Media,3.3073257435316203,1.25,4.134157179414525,1.11,0.2274602800607681,0.2732399106025696,0.5090691447257996,0.6116491556167603,11.024560546875025,-3.0241571794145248,3.0241571794145248,0.0,Moderada,0.013008564710617093,-0.0005915462970733087,Estable
Saccharum officinarum,2020-04-28,119,Media,2.9114449729585474,1.25,3.639306216198184,6.16,0.2182606756687164,0.2714687585830688,0.4885684847831726,0.6075807809829712,11.213891601562525,2.520693783801816,0.0,2.520693783801816,Cubierta,-0.009199604392051697,-0.001771152019500788,Estable
Saccharum officinarum,2020-04-29,120,Media,2.569877814533544,1.25,3.2123472681669303,2.49,0.225150391459465,0.2705267369747162,0.5040437579154968,0.6057178378105164,11.773095703125025,-0.7223472681669301,0.7223472681669301,0.0,Baja,0.006889715790748596,-0.0009420216083526056,Estable
Saccharum officinarum,2020-04-30,121,Media,2.4907310361180386,1.25,3.113413795147548,13.78,0.2356075048446655,0.2705721259117126,0.5274770855903625,0.6057619452476501,12.028833007812525,10.666586204852452,0.0,10.666586204852452,Cubierta,0.0104571133852005,4.538893699640445e-05,Estable
Saccharum officinarum,2020-05-01,122,Media,1.9281911318489604,1.25,2.4102389148112007,10.34,0.2406628280878067,0.2704663574695587,0.5386015176773071,0.6055603623390198,11.751000976562525,7.929761085188799,0.0,7.929761085188799,Cubierta,0.005055323243141202,-0.00010576844215387515,Estable
Saccharum officinarum,2020-05-02,123,Media,2.398009187072448,1.25,2.99751148384056,6.65,0.2473119348287582,0.2713973522186279,0.5537124276161194,0.6076388955116272,11.565698242187525,3.6524885161594405,0.0,3.6524885161594405,Cubierta,0.00664910674095151,0.0009309947490691584,Estable
Saccharum officinarum,2020-05-03,124,Media,2.452086179238459,1.25,3.065107724048074,8.0,0.232431098818779,0.2701475918292999,0.5204673409461975,0.6046335101127625,12.361871337890648,4.934892275951926,0.0,4.934892275951926,Cubierta,-0.01488083600997922,-0.0012497603893279474,Estable
Saccharum officinarum,2020-05-04,125,Media,2.878340997625268,1.25,3.5979262470315847,0.54,0.2389140427112579,0.2696700394153595,0.5349622964859009,0.6036849021911621,11.366296386718773,-3.0579262470315847,3.0579262470315847,0.0,Moderada,0.006482943892478915,-0.0004775524139404297,Estable
Saccharum officinarum,2020-05-05,126,Media,2.735042161775325,1.25,3.4188027022191565,0.33,0.2286075055599212,0.2682690322399139,0.511755645275116,0.6006035804748535,11.830316162109398,-3.0888027022191564,3.0888027022191564,0.0,Moderada,-0.010306537151336698,-0.0014010071754456122,Estable
Saccharum officinarum,2020-05-06,127,Media,2.7599698526081,1.25,3.449962315760125,23.26,0.2379012107849121,0.2681674659252167,0.5325181484222412,0.6004127264022827,11.598168945312525,19.810037684239877,0.0,19.810037684239877,Cubierta,0.0092937052249909,-0.00010156631469721011,Estable
Saccharum officinarum,2020-05-07,128,Media,2.3692243829139072,1.25,2.961530478642384,10.52,0.2342580556869506,0.2673550546169281,0.5243942141532898,0.5983250737190247,11.992364501953148,7.558469521357615,0.0,7.558469521357615,Cubierta,-0.003643155097961509,-0.0008124113082885742,Estable
Saccharum officinarum,2020-05-08,129,Media,2.018374595772705,1.25,2.522968244715881,3.36,0.2543240487575531,0.2683139741420746,0.5692935585975647,0.6004765033721924,10.853509521484398,0.8370317552841189,0.0,0.8370317552841189,Cubierta,0.0200659930706025,0.0009589195251464844,Estable
Saccharum officinarum,2020-05-09,130,Media,2.3629387686425987,1.25,2.953673460803248,9.36,0.2710512280464172,0.2707079350948334,0.6067816019058228,0.6062122583389282,10.367639160156273,6.406326539196751,0.0,6.406326539196751,Cubierta,0.01672717928886408,0.002393960952758789,Estable
Saccharum officinarum,2020-05-10,131,Media,3.110750993883749,1.25,3.888438742354686,5.36,0.2577276229858398,0.2700836658477783,0.576809823513031,0.6047849059104919,11.502587890625025,1.4715612576453143,0.0,1.4715612576453143,Cubierta,-0.013323605060577393,-0.0006242692470550537,Estable
Saccharum officinarum,2020-05-11,132,Media,2.8929174719843203,1.25,3.6161468399804,2.2,0.2311294376850128,0.2677622437477112,0.5175451636314392,0.5994083285331726,12.118920898437525,-1.4161468399803998,1.4161468399803998,0.0,Baja,-0.026598185300827,-0.0023214221000671387,Estable
Saccharum officinarum,2020-05-12,133,Media,2.96787129725583,1.25,3.7098391215697872,15.92,0.2158661037683487,0.2651923596858978,0.4833025932312011,0.593776524066925,12.895776367187525,12.210160878430212,0.0,12.210160878430212,Cubierta,-0.015263333916664096,-0.0025698840618133545,Estable
Saccharum officinarum,2020-05-13,134,Media,2.572155974588492,1.25,3.215194968235615,2.78,0.2349113970994949,0.2654805183410644,0.5257561206817627,0.5943794846534729,11.608911132812525,-0.4351949682356153,0.4351949682356153,0.0,Baja,0.019045293331146212,0.00028815865516657047,Estable
Saccharum officinarum,2020-05-14,135,Media,2.810431478370752,1.25,3.51303934796344,2.52,0.2558269798755646,0.2666885256767273,0.5726211071014404,0.5970319509506226,12.014672851562525,-0.9930393479634398,0.9930393479634398,0.0,Baja,0.02091558277606967,0.0012080073356628973,Estable
Saccharum officinarum,2020-05-15,136,Media,2.8951729513671056,1.25,3.618966189208882,0.57,0.2416178882122039,0.2659331560134887,0.5407572984695435,0.5952630639076233,11.512231445312525,-3.048966189208882,3.048966189208882,0.0,Moderada,-0.014209091663360679,-0.0007553696632385809,Estable
Saccharum officinarum,2020-05-16,137,Media,2.9014866716508734,1.25,3.626858339563592,0.28,0.2390032112598419,0.2650797367095947,0.5350504517555237,0.5933128595352173,11.556604003906273,-3.3468583395635916,3.3468583395635916,0.0,Moderada,-0.002614676952362005,-0.0008534193038939875,Estable
Saccharum officinarum,2020-05-17,138,Media,2.430553932931653,1.25,3.0381924161645664,4.79,0.2366593033075332,0.2645877003669739,0.5297552347183228,0.5920823216438293,11.579248046875025,1.7518075838354337,0.0,1.7518075838354337,Cubierta,-0.0023439079523086825,-0.0004920363426208496,Estable
Saccharum officinarum,2020-05-18,139,Media,2.5932052343502026,1.25,3.241506542937753,7.85,0.2477447688579559,0.2650832235813141,0.5546221137046814,0.5933219194412231,11.306756591796898,4.608493457062247,0.0,4.608493457062247,Cubierta,0.011085465550422696,0.00049552321434021,Estable
Saccharum officinarum,2020-05-19,140,Media,2.617580670435277,1.25,3.271975838044096,7.13,0.2527722418308258,0.265298068523407,0.5661026835441589,0.5939779281616211,11.037896728515648,3.8580241619559037,0.0,3.8580241619559037,Cubierta,0.005027472972869901,0.0002148449420928955,Estable
Saccharum officinarum,2020-05-20,141,Media,3.030874330796454,1.25,3.788592913495568,0.29,0.225763514637947,0.262932151556015,0.5055040121078491,0.5888035297393799,10.868127441406273,-3.498592913495568,3.498592913495568,0.0,Moderada,-0.027008727192878806,-0.0023659169673919678,Estable
Saccharum officinarum,2020-05-21,142,Media,2.645177684082293,1.25,3.3064721051028663,1.33,0.2204947471618652,0.261577308177948,0.4935763776302337,0.5855982899665833,11.206323242187525,-1.9764721051028662,1.9764721051028662,0.0,Baja,-0.005268767476081793,-0.0013548433780670166,Estable
Saccharum officinarum,2020-05-22,143,Media,2.47680528230496,1.25,3.0960066028812,1.9,0.2345729917287826,0.2619511783123016,0.5250754952430725,0.5863019227981567,11.613427734375025,-1.1960066028812002,1.1960066028812002,0.0,Baja,0.014078244566917392,0.0003738701343535822,Estable
Saccharum officinarum,2020-05-23,144,Media,2.786903804089937,1.25,3.483629755112421,11.61,0.2522239089012146,0.2633793652057647,0.5644785165786743,0.5895261168479919,11.656213378906273,8.126370244887578,0.0,8.126370244887578,Cubierta,0.017650917172432,0.0014281868934631348,Estable
Saccharum officinarum,2020-05-24,145,Media,2.727091997821309,1.25,3.408864997276636,2.05,0.2319868057966232,0.2615297734737396,0.5193046927452087,0.5854007601737976,10.945214843750025,-1.358864997276636,1.358864997276636,0.0,Baja,-0.020237103104591397,-0.001849591732025091,Estable
Saccharum officinarum,2020-05-25,146,Media,2.820456232366088,1.25,3.5255702904576096,1.01,0.2377344369888305,0.2610085010528564,0.5320727825164795,0.584338366985321,11.805902099609398,-2.5155702904576094,2.5155702904576094,0.0,Moderada,0.005747631192207309,-0.0005212724208832342,Estable
Saccharum officinarum,2020-05-26,147,Media,2.3933592161916977,1.25,2.991699020239622,9.8,0.2561526894569397,0.2622886002063751,0.5734153389930725,0.5871784090995789,11.640283203125025,6.808300979760379,0.0,6.808300979760379,Cubierta,0.018418252468109186,0.0012800991535187323,Estable
Saccharum officinarum,2020-05-27,148,Media,2.2622761158194904,1.25,2.827845144774363,7.2,0.2856523394584656,0.2661807537078857,0.6396353840827942,0.595686674118042,11.486749267578148,4.372154855225637,0.0,4.372154855225637,Cubierta,0.02949965000152588,0.0038921535015105646,Estable
Saccharum officinarum,2020-05-28,149,Media,2.057609455690836,1.25,2.572011819613545,2.72,0.2728628516197204,0.2688995599746704,0.6106851696968079,0.6021209359169006,10.612176513671898,0.14798818038645534,0.0,0.14798818038645534,Cubierta,-0.012789487838745173,0.0027188062667847235,Estable
Saccharum officinarum,2020-05-29,150,Media,2.415427081918572,1.25,3.019283852398215,10.55,0.2732718884944916,0.2702650725841522,0.611635148525238,0.6051098108291626,11.005395507812525,7.530716147601786,0.0,7.530716147601786,Cubierta,0.0004090368747711737,0.0013655126094818115,Estable
Saccharum officinarum,2020-05-30,151,Media,2.139467343224204,1.25,2.674334179030255,8.38,0.2888292074203491,0.279152512550354,0.6466822028160095,0.625141441822052,11.146142578125025,5.705665820969745,0.0,5.705665820969745,Cubierta,0.015557318925857544,0.008887439966201782,Aumento
Saccharum officinarum,2020-05-31,152,Media,2.565237851571957,1.25,3.2065473144649466,10.44,0.2855507135391235,0.283186137676239,0.6390745043754578,0.6339444518089294,10.869653320312525,7.2334526855350525,0.0,7.2334526855350525,Cubierta,-0.0032784938812256414,0.00403362512588501,Estable
Saccharum officinarum,2020-06-01,153,Media,2.658302603171614,1.25,3.322878253964517,11.39,0.3092931509017944,0.2937643229961395,0.6924387216567993,0.6575907468795776,10.975061035156273,8.067121746035482,0.0,8.067121746035482,Cubierta,0.0237424373626709,0.010578185319900513,Aumento
Saccharum officinarum,2020-06-02,154,Media,2.7040065304478773,1.25,3.380008163059846,18.85,0.2968324422836303,0.2960154116153717,0.6644288301467896,0.6625398397445679,10.489831542968773,15.469991836940155,0.0,15.469991836940155,Cubierta,-0.012460708618164062,0.0022510886192321777,Estable
Saccharum officinarum,2020-06-03,155,Media,2.238667311039088,1.25,2.79833413879886,9.12,0.2673429250717163,0.2915054857730865,0.5984349846839905,0.6525474190711975,10.714898681640648,6.321665861201139,0.0,6.321665861201139,Cubierta,-0.029489517211914007,-0.004509925842285212,Estable
Saccharum officinarum,2020-06-04,156,Media,2.5687987591468144,1.25,3.210998448933518,14.2,0.2730558514595032,0.2906244993209839,0.6113665103912354,0.6505253314971924,10.686547851562525,10.989001551066481,0.0,10.989001551066481,Cubierta,0.005712926387786865,-0.0008809864521026056,Estable
Saccharum officinarum,2020-06-05,157,Media,2.484068246576048,1.25,3.10508530822006,4.67,0.2653853297233581,0.2893108129501343,0.5941668748855591,0.6476714015007019,10.923913574218773,1.56491469177994,0.0,1.56491469177994,Cubierta,-0.007670521736145075,-0.0013136863708496094,Estable
Saccharum officinarum,2020-06-06,158,Media,1.8128024460528045,1.25,2.2660030575660057,1.34,0.2881152927875519,0.2901138365268707,0.6448802947998047,0.6493204832077026,11.009271240234398,-0.9260030575660056,0.9260030575660056,0.0,Baja,0.02272996306419378,0.0008030235767364502,Estable
Saccharum officinarum,2020-06-07,159,Media,2.739173381945751,1.25,3.4239667274321888,81.19,0.2846335172653198,0.292022168636322,0.6373379230499268,0.6536946296691895,10.367028808593773,77.76603327256781,0.0,77.76603327256781,Cubierta,-0.0034817755222320557,0.001908332109451294,Estable
Saccharum officinarum,2020-06-08,160,Media,2.718616921607002,1.25,3.3982711520087525,6.66,0.273553192615509,0.2908904552459717,0.6123712062835693,0.6512407064437866,10.827233886718773,3.2617288479912476,0.0,3.2617288479912476,Cubierta,-0.011080324649810847,-0.0011317133903503418,Estable
Saccharum officinarum,2020-06-09,161,Media,2.951362862393648,1.25,3.68920357799206,1.24,0.2667451798915863,0.2898691296577453,0.5973590612411499,0.6488307118415833,10.159326171875025,-2.4492035779920602,2.4492035779920602,0.0,Moderada,-0.006808012723922674,-0.0010213255882263739,Estable
Saccharum officinarum,2020-06-10,162,Media,2.5577232191741177,1.25,3.1971540239676477,6.17,0.2507591545581817,0.2880166172981262,0.561213493347168,0.6447206735610962,10.290490722656273,2.9728459760323522,0.0,2.9728459760323522,Cubierta,-0.015986025333404597,-0.0018525123596190851,Estable
Saccharum officinarum,2020-06-11,163,Media,2.715503792710568,1.25,3.3943797408882097,8.47,0.2864702045917511,0.2908141016960144,0.6412135362625122,0.6509455442428589,11.015161132812525,5.0756202591117905,0.0,5.0756202591117905,Cubierta,0.03571105003356939,0.0027974843978881836,Estable
Saccharum officinarum,2020-06-12,164,Media,2.5638768888176577,1.25,3.2048461110220723,14.22,0.3009273111820221,0.2969821393489837,0.6736097931861877,0.6648604273796082,10.677148437500025,11.015153888977927,0.0,11.015153888977927,Cubierta,0.014457106590270996,0.006168037652969305,Aumento
Saccharum officinarum,2020-06-13,165,Media,2.4620985622011644,1.25,3.077623202751456,3.67,0.2976227402687073,0.2992972135543823,0.6664075255393982,0.6699014902114868,10.242028808593773,0.5923767972485439,0.0,0.5923767972485439,Cubierta,-0.0033045709133148193,0.002315074205398615,Estable
Saccharum officinarum,2020-06-14,166,Media,2.084051426255766,1.25,2.6050642828197077,4.19,0.2643720507621765,0.2953957021236419,0.591911792755127,0.6613690257072449,10.095056152343773,1.5849357171802927,0.0,1.5849357171802927,Cubierta,-0.03325068950653076,-0.003901511430740412,Estable
Saccharum officinarum,2020-06-15,167,Media,2.3417811697807616,1.25,2.927226462225952,3.3,0.2674851715564728,0.2944069802761078,0.5987191796302795,0.6592147350311279,10.437097167968773,0.372773537774048,0.0,0.372773537774048,Cubierta,0.0031131207942962646,-0.0009887218475341242,Estable
Saccharum officinarum,2020-06-16,168,Media,2.624535204063843,1.25,3.280669005079804,24.19,0.2773372232913971,0.2945739030838012,0.6208609342575073,0.6595761775970459,9.830865478515648,20.909330994920197,0.0,20.909330994920197,Cubierta,0.009852051734924316,0.00016692280769342593,Estable
Saccharum officinarum,2020-06-17,169,Media,2.3881215725094846,1.25,2.985151965636856,3.66,0.3378816545009613,0.3080926537513733,0.7563563585281372,0.6895241737365723,10.432580566406273,0.6748480343631442,0.0,0.6748480343631442,Cubierta,0.06054443120956421,0.013518750667572077,Aumento
Saccharum officinarum,2020-06-18,170,Media,2.1505486057073933,1.25,2.6881857571342413,9.3,0.3119906485080719,0.3117201030254364,0.6983691453933716,0.6978093981742859,10.569177246093773,6.611814242865759,0.0,6.611814242865759,Cubierta,-0.025891005992889404,0.0036274492740631104,Estable
Saccharum officinarum,2020-06-19,171,Media,2.625550962358098,1.25,3.2819387029476226,2.98,0.3045967817306518,0.3117006123065948,0.6820680499076843,0.6977583765983582,10.590539550781273,-0.3019387029476226,0.3019387029476226,0.0,Baja,-0.0073938667774200995,-1.9490718841608246e-05,Estable
Saccharum officinarum,2020-06-20,172,Media,2.2920063116831955,1.25,2.8650078896039943,14.11,0.2824029624462127,0.3084666430950165,0.6322697401046753,0.6904463768005371,10.805566406250025,11.244992110396005,0.0,11.244992110396005,Cubierta,-0.022193819284439087,-0.0032339692115783136,Estable
Saccharum officinarum,2020-06-21,173,Media,2.257360839406208,1.25,2.82170104925776,8.9,0.3167153298854828,0.316115140914917,0.7089596390724182,0.7076708078384399,10.497857666015648,6.078298950742241,0.0,6.078298950742241,Cubierta,0.034312367439270075,0.007648497819900513,Aumento
Saccharum officinarum,2020-06-22,174,Media,2.3250206097262325,1.25,2.9062757621577906,2.47,0.3132871985435486,0.316822737455368,0.7015116214752197,0.7090710401535034,10.863580322265648,-0.4362757621577904,0.4362757621577904,0.0,Baja,-0.003428131341934204,0.0007075965404509943,Estable
Saccharum officinarum,2020-06-23,175,Media,2.3704448903759103,1.25,2.963056112969888,9.37,0.290557861328125,0.3141195774078369,0.6503105759620667,0.7031655311584473,10.669610595703148,6.406943887030112,0.0,6.406943887030112,Cubierta,-0.022729337215423584,-0.0027031600475310724,Estable
Saccharum officinarum,2020-06-24,176,Media,3.148572349367163,1.25,3.9357154367089535,0.63,0.2990307807922363,0.3141559660434723,0.6694256663322449,0.7032604813575745,10.649011230468773,-3.3057154367089536,3.3057154367089536,0.0,Moderada,0.008472919464111273,3.6388635635375977e-05,Estable
Saccharum officinarum,2020-06-25,177,Media,2.544783578529234,1.25,3.1809794731615426,8.39,0.2704015970230102,0.3112428784370422,0.6052783727645874,0.6967867612838745,9.500268554687525,5.209020526838458,0.0,5.209020526838458,Cubierta,-0.028629183769226074,-0.0029130876064301092,Estable
Saccharum officinarum,2020-06-26,178,Media,2.3957918239572056,1.25,2.994739779946507,4.63,0.276016354560852,0.3107582628726959,0.6178601980209351,0.6958411335945129,10.581964111328148,1.635260220053493,0.0,1.635260220053493,Cubierta,0.005614757537841797,-0.00048461556434625797,Estable
Saccharum officinarum,2020-06-27,179,Media,2.617258873886409,1.25,3.271573592358012,8.91,0.2702734470367431,0.3096157908439636,0.6050642728805542,0.693115234375,10.360650634765648,5.6384264076419885,0.0,5.6384264076419885,Cubierta,-0.005742907524108887,-0.0011424720287322998,Estable
Saccharum officinarum,2020-06-28,180,Media,2.0615617792104635,1.25,2.57695222401308,9.63,0.3019844591617584,0.3103122413158417,0.6760249137878418,0.6944863200187683,10.316949462890648,7.05304777598692,0.0,7.05304777598692,Cubierta,0.031711012125015314,0.0006964504718780518,Estable
Saccharum officinarum,2020-06-29,181,Media,2.5509195890948337,1.25,3.188649486368542,0.71,0.3037254810333252,0.3122680485248565,0.6800022721290588,0.6991321444511414,10.576013183593773,-2.478649486368542,2.478649486368542,0.0,Moderada,0.0017410218715667725,0.001955807209014837,Estable
Saccharum officinarum,2020-06-30,182,Media,3.086926183411696,1.25,3.85865772926462,0.19,0.2816466689109802,0.3103119134902954,0.630571722984314,0.6945595741271973,10.410363769531273,-3.66865772926462,3.66865772926462,0.0,Moderada,-0.02207881212234497,-0.0019561350345611017,Estable
Saccharum officinarum,2020-07-01,183,Media,2.430329012946636,1.25,3.0379112661832948,16.17,0.2630690634250641,0.3079206943511963,0.588817298412323,0.6894156336784363,10.346032714843773,13.132088733816706,0.0,13.132088733816706,Cubierta,-0.018577605485916138,-0.002391219139099121,Estable
Saccharum officinarum,2020-07-02,184,Media,2.198125882437364,1.25,2.747657353046705,4.26,0.3231093287467956,0.3193024694919586,0.723355770111084,0.7148823142051697,10.503503417968773,1.5123426469532948,0.0,1.5123426469532948,Cubierta,0.06004026532173151,0.011381775140762329,Aumento
Saccharum officinarum,2020-07-03,185,Media,2.427743408693744,1.25,3.0346792608671795,13.95,0.3169834613800049,0.3271607458591461,0.7096232175827026,0.7325795888900757,10.029229736328148,10.91532073913282,0.0,10.91532073913282,Cubierta,-0.006125867366790716,0.0078582763671875,Aumento
Saccharum officinarum,2020-07-04,186,Media,2.195513684247074,1.25,2.744392105308843,7.92,0.309785783290863,0.3244530260562897,0.6934781670570374,0.7263449430465698,10.251794433593773,5.175607894691157,0.0,5.175607894691157,Cubierta,-0.007197678089141901,-0.0027077198028564453,Estable
Saccharum officinarum,2020-07-05,187,Media,2.8281526305556066,1.25,3.5351907881945084,4.95,0.3185181617736816,0.3277381062507629,0.7131742238998413,0.7334702014923096,10.318017578125025,1.4148092118054918,0.0,1.4148092118054918,Cubierta,0.008732378482818604,0.003285080194473211,Estable
Saccharum officinarum,2020-07-06,188,Media,2.2157686932494127,1.25,2.769710866561766,4.08,0.322281926870346,0.3281714618206024,0.7215843200683594,0.7346217036247253,9.922448730468773,1.3102891334382343,0.0,1.3102891334382343,Cubierta,0.0037637650966644287,0.00043335556983953305,Estable
Saccharum officinarum,2020-07-07,189,Media,2.188824559462479,1.25,2.7360306993280985,17.41,0.3159378468990326,0.3289544582366943,0.7072205543518066,0.736388623714447,10.182183837890648,14.673969300671901,0.0,14.673969300671901,Cubierta,-0.006344079971313421,0.0007829964160918634,Estable
Saccharum officinarum,2020-07-08,190,Media,2.741095498578465,1.25,3.426369373223081,6.68,0.2939869463443756,0.3263390660285949,0.6582478880882263,0.7307118773460388,10.114770507812525,3.2536306267769186,0.0,3.2536306267769186,Cubierta,-0.021950900554656982,-0.0026153922080993652,Estable
Saccharum officinarum,2020-07-09,191,Media,2.5346042980756627,1.25,3.1682553725945786,7.41,0.2804362177848816,0.3238637745380401,0.6278605461120605,0.7250824570655823,10.114099121093773,4.241744627405422,0.0,4.241744627405422,Cubierta,-0.013550728559494019,-0.0024752914905548096,Estable
Saccharum officinarum,2020-07-10,192,Media,2.426431572830998,1.25,3.033039466038748,8.24,0.2951857149600982,0.3240031898021698,0.6609098315238953,0.7254683375358582,10.270166015625025,5.206960533961253,0.0,5.206960533961253,Cubierta,0.01474949717521662,0.00013941526412969418,Estable
Saccharum officinarum,2020-07-11,193,Media,2.1658056532895738,1.25,2.7072570666119677,6.36,0.2897041141986847,0.3228892982006073,0.6487152576446533,0.7226464748382568,10.352075195312525,3.6527429333880326,0.0,3.6527429333880326,Cubierta,-0.005481600761413519,-0.0011138916015625,Estable
Saccharum officinarum,2020-07-12,194,Media,2.3405212248587364,1.25,2.925651531073421,0.56,0.3050105273723602,0.3242750465869903,0.6828332543373108,0.7260288000106812,9.654351806640648,-2.365651531073421,2.365651531073421,0.0,Moderada,0.015306413173675482,0.0013857483863830011,Estable
Saccharum officinarum,2020-07-13,195,Media,2.451380091526852,1.25,3.0642251144085653,6.8,0.3126724064350128,0.3257686793804168,0.7000236511230469,0.7292041182518005,9.925317382812525,3.7357748855914346,0.0,3.7357748855914346,Cubierta,0.007661879062652643,0.0014936327934265137,Estable
Saccharum officinarum,2020-07-14,196,Media,2.665210241656593,1.25,3.3315128020707414,0.81,0.3036317527294159,0.3250238299369812,0.6797336339950562,0.7276099920272827,10.034509277343773,-2.5215128020707414,2.5215128020707414,0.0,Moderada,-0.009040653705596924,-0.0007448494434356134,Estable
Saccharum officinarum,2020-07-15,197,Media,2.495493358115805,1.25,3.1193666976447565,10.83,0.2793479263782501,0.3221826553344726,0.6255431771278381,0.7213452458381653,9.163598632812525,7.710633302355244,0.0,7.710633302355244,Cubierta,-0.02428382635116577,-0.0028411746025086004,Estable
Saccharum officinarum,2020-07-16,198,Media,2.736040433177952,1.25,3.42005054147244,3.44,0.31243696808815,0.3246545791625976,0.6994317770004272,0.7268694639205933,10.275506591796898,0.019949458527559916,0.0,0.019949458527559916,Cubierta,0.0330890417098999,0.002471923828125,Estable
Saccharum officinarum,2020-07-17,199,Media,2.428120018924399,1.25,3.035150023655499,0.5,0.3006544709205627,0.3233988285064697,0.6729961037635803,0.7240926623344421,9.250634765625025,-2.535150023655499,2.535150023655499,0.0,Moderada,-0.011782497167587336,-0.0012557506561278742,Estable
Saccharum officinarum,2020-07-18,200,Media,2.604058467542848,1.25,3.2550730844285605,5.43,0.3160994350910187,0.3259589970111847,0.7076200842857361,0.7297238707542419,10.151879882812525,2.1749269155714392,0.0,2.1749269155714392,Cubierta,0.015444964170455988,0.002560168504714966,Estable
Saccharum officinarum,2020-07-19,201,Media,2.5480596618422364,1.25,3.1850745773027955,0.17,0.3108000755310058,0.3263238668441772,0.6957159638404846,0.7305022478103638,10.245233154296898,-3.0150745773027956,3.0150745773027956,0.0,Moderada,-0.005299359560012873,0.0003648698329924982,Estable
Saccharum officinarum,2020-07-20,202,Media,2.227196585964001,1.25,2.783995732455001,0.06,0.302383691072464,0.3249794542789459,0.6770553588867188,0.7275682091712952,10.597711181640648,-2.723995732455001,2.723995732455001,0.0,Moderada,-0.008416384458541815,-0.0013444125652312677,Estable
Saccharum officinarum,2020-07-21,203,Media,2.301629590214066,1.25,2.8770369877675828,1.12,0.3123984038829803,0.3271058797836303,0.69942706823349,0.7323406338691711,10.239434814453148,-1.7570369877675827,1.7570369877675827,0.0,Baja,0.010014712810516302,0.0021264255046843927,Estable
Saccharum officinarum,2020-07-22,204,Media,2.268378022123183,1.25,2.835472527653979,6.54,0.3150751292705536,0.3271812796592712,0.7053531408309937,0.7324630618095398,10.665826416015648,3.704527472346021,0.0,3.704527472346021,Cubierta,0.0026767253875732977,7.539987564086914e-05,Estable
Saccharum officinarum,2020-07-23,205,Media,2.306394477833429,1.25,2.882993097291786,6.29,0.3038578033447265,0.3260747492313385,0.6802176237106323,0.7300010323524475,10.375482177734398,3.407006902708214,0.0,3.407006902708214,Cubierta,-0.011217325925827082,-0.0011065304279326837,Estable
Saccharum officinarum,2020-07-24,206,Media,2.212165875562139,1.25,2.7652073444526737,21.59,0.2934147715568542,0.3242843449115753,0.6568424701690674,0.7258824706077576,10.429467773437525,18.824792655547327,0.0,18.824792655547327,Cubierta,-0.010443031787872314,-0.0017904043197631836,Estable
Saccharum officinarum,2020-07-25,207,Media,2.0164444372723622,1.25,2.5205555465904528,10.2,0.3024939894676208,0.3246951699256897,0.6772685050964355,0.7266574501991272,10.589501953125025,7.6794444534095465,0.0,7.6794444534095465,Cubierta,0.009079217910766602,0.0004108250141143799,Estable
Saccharum officinarum,2020-07-26,208,Media,2.419884543804173,1.25,3.024855679755216,2.77,0.3148154020309448,0.3261139690876007,0.7049610018730164,0.7302734851837158,10.424218750000025,-0.25485567975521617,0.25485567975521617,0.0,Baja,0.01232141256332403,0.0014187991619110107,Estable
Saccharum officinarum,2020-07-27,209,Media,2.832511924205875,1.25,3.540639905257344,1.76,0.292882353067398,0.3240913152694702,0.6556872129440308,0.7256976366043091,9.945031738281273,-1.7806399052573438,1.7806399052573438,0.0,Baja,-0.02193304896354681,-0.002022653818130493,Estable
Saccharum officinarum,2020-07-28,210,Media,2.7827849577249806,1.25,3.478481197156226,0.27,0.288156121969223,0.3227431774139404,0.6450187563896179,0.7224364876747131,10.662652587890648,-3.208481197156226,3.208481197156226,0.0,Moderada,-0.004726231098174993,-0.0013481378555298407,Estable
Saccharum officinarum,2020-07-29,211,Media,2.740730860849649,1.25,3.425913576062061,34.85,0.275371104478836,0.3207527995109558,0.6164708137512207,0.7179450392723083,10.604882812500025,31.42408642393794,0.0,31.42408642393794,Cubierta,-0.012785017490387018,-0.0019903779029845636,Estable
Saccharum officinarum,2020-07-30,212,Media,2.3789184232119025,1.25,2.9736480290148783,7.93,0.2995287477970123,0.3209858238697052,0.6704126596450806,0.7184776067733765,11.217584228515648,4.956351970985121,0.0,4.956351970985121,Cubierta,0.02415764331817627,0.00023302435874938965,Estable
Saccharum officinarum,2020-07-31,213,Media,2.5218434003183066,1.25,3.1523042503978838,0.42,0.3086648881435394,0.3229321837425232,0.6910127997398376,0.7228546142578125,10.779992675781273,-2.732304250397884,2.732304250397884,0.0,Moderada,0.0091361403465271,0.0019463598728179932,Estable
Saccharum officinarum,2020-08-01,214,Media,2.9707150420727304,1.25,3.713393802590913,7.9,0.2818538844585418,0.3205595016479492,0.6310203671455383,0.7175159454345703,8.890832519531273,4.186606197409088,0.0,4.186606197409088,Cubierta,-0.02681100368499756,-0.0023726820945739746,Estable
Saccharum officinarum,2020-08-02,215,Media,2.943715387362909,1.25,3.679644234203636,0.0,0.251195877790451,0.317154049873352,0.5623787641525269,0.7098089456558228,8.240350341796898,-3.679644234203636,3.679644234203636,0.0,Moderada,-0.03065800666809082,-0.0034054517745972235,Estable
Saccharum officinarum,2020-08-03,216,Media,2.62362723415016,1.25,3.2795340426877,3.33,0.2433061301708221,0.315034806728363,0.5447359681129456,0.705055832862854,9.046655273437525,0.05046595731230008,0.0,0.05046595731230008,Cubierta,-0.007889747619628906,-0.0021192431449890137,Estable
Saccharum officinarum,2020-08-04,217,Media,2.250173627391421,1.25,2.812717034239276,4.04,0.2474228888750076,0.3136782050132751,0.5539115071296692,0.7020902633666992,9.399316406250025,1.227282965760724,0.0,1.227282965760724,Cubierta,0.004116758704185514,-0.0013566017150878906,Estable
Saccharum officinarum,2020-08-05,218,Media,2.019464834552547,1.25,2.524331043190684,0.69,0.2568130493164062,0.3131450414657593,0.57509446144104,0.7010700702667236,9.189599609375025,-1.834331043190684,1.834331043190684,0.0,Baja,0.009390160441398593,-0.0005331635475158136,Estable
Saccharum officinarum,2020-08-06,219,Media,2.2299493382223186,1.25,2.7874366727778983,0.7,0.264486700296402,0.3129008710384369,0.5920350551605225,0.7003375887870789,9.755853271484398,-2.0874366727778986,2.0874366727778986,0.0,Moderada,0.007673650979995783,-0.0002441704273223877,Estable
Saccharum officinarum,2020-08-07,220,Media,1.9916966081468688,1.25,2.489620760183586,2.02,0.2644644379615783,0.3119151592254638,0.5921423435211182,0.6984343528747559,10.335473632812525,-0.4696207601835858,0.4696207601835858,0.0,Baja,-2.226233482366391e-05,-0.000985711812973078,Estable
Saccharum officinarum,2020-08-08,221,Media,2.2632713245130254,1.25,2.829089155641282,0.5,0.2705996036529541,0.3114596009254455,0.6058299541473389,0.6972251534461975,10.551995849609398,-2.329089155641282,2.329089155641282,0.0,Moderada,0.006135165691375788,-0.00045555830001831055,Estable
Saccharum officinarum,2020-08-09,222,Media,1.9865701722251343,1.25,2.483212715281418,0.05,0.2606404721736908,0.3099238872528076,0.5835546255111694,0.6938669681549072,10.602105712890648,-2.4332127152814182,2.4332127152814182,0.0,Moderada,-0.009959131479263306,-0.001535713672637884,Estable
Saccharum officinarum,2020-08-10,223,Media,1.7937236960294296,1.25,2.242154620036787,0.0,0.2589981257915497,0.3092090487480163,0.5795888304710388,0.6922773122787476,10.672814941406273,-2.242154620036787,2.242154620036787,0.0,Moderada,-0.0016423463821411133,-0.0007148385047913153,Estable
Saccharum officinarum,2020-08-11,224,Media,2.1742946397847427,1.25,2.717868299730928,5.74,0.2534675896167755,0.3078462779521942,0.5676363110542297,0.6891252398490906,10.450646972656273,3.0221317002690724,0.0,3.0221317002690724,Cubierta,-0.00553053617477417,-0.001362770795822088,Estable
Saccharum officinarum,2020-08-12,225,Media,2.6141000051215664,1.25,3.267625006401958,4.18,0.2551489472389221,0.3068863153457641,0.5709740519523621,0.6872153878211975,10.934808349609398,0.9123749935980419,0.0,0.9123749935980419,Cubierta,0.0016813576221466064,-0.0009599626064301092,Estable
Saccharum officinarum,2020-08-13,226,Media,2.237872623596,1.25,2.7973407794950003,6.89,0.2545139491558075,0.3057819604873657,0.5696322321891785,0.6845149397850037,11.265008544921898,4.092659220504999,0.0,4.092659220504999,Cubierta,-0.000634998083114624,-0.001104354858398382,Estable
Saccharum officinarum,2020-08-14,227,Media,2.484540005391361,1.25,3.1056750067392014,1.77,0.26872718334198,0.3060256540775299,0.6015588045120239,0.6850019693374634,10.601464843750025,-1.3356750067392014,1.3356750067392014,0.0,Baja,0.014213234186172485,0.00024369359016418457,Estable
Saccharum officinarum,2020-08-15,228,Media,2.8538552155411363,1.25,3.5673190194264204,1.49,0.2803748548030853,0.3066786825656891,0.6278312802314758,0.6865780353546143,11.166589355468773,-2.0773190194264206,2.0773190194264206,0.0,Moderada,0.011647671461105347,0.0006530284881591797,Estable
Saccharum officinarum,2020-08-16,229,Media,2.990275747248057,1.25,3.737844684060071,0.51,0.3175760507583618,0.3125064969062805,0.7108797430992126,0.6995096802711487,10.940820312500025,-3.227844684060071,3.227844684060071,0.0,Moderada,0.03720119595527649,0.005827814340591431,Aumento
Saccharum officinarum,2020-08-17,230,Media,1.8788357180318689,1.25,2.348544647539836,7.06,0.3184252083301544,0.3253737688064575,0.7127905488014221,0.7283740639686584,11.109124755859398,4.711455352460163,0.0,4.711455352460163,Cubierta,0.0008491575717926025,0.012867271900177002,Aumento
Saccharum officinarum,2020-08-18,231,Media,2.8557645545842565,1.25,3.5697056932303206,3.44,0.3184865415096283,0.3290927112102508,0.7128015756607056,0.7367488145828247,11.361444091796898,-0.12970569323032066,0.12970569323032066,0.0,Baja,6.133317947387695e-05,0.0037189424037932794,Estable
Saccharum officinarum,2020-08-19,232,Media,2.601570165446431,1.25,3.2519627068080386,2.21,0.3115108013153076,0.3264663219451904,0.6973070502281189,0.7307995557785034,11.377313232421898,-1.0419627068080386,1.0419627068080386,0.0,Baja,-0.006975740194320679,-0.002626389265060425,Estable
Saccharum officinarum,2020-08-20,233,Media,2.7310656920132046,1.25,3.413832115016506,1.96,0.3045455515384674,0.3246589004993438,0.6819000840187073,0.7268807888031006,10.786523437500025,-1.4538321150165059,1.4538321150165059,0.0,Baja,-0.00696524977684021,-0.0018074214458465576,Estable
Saccharum officinarum,2020-08-21,234,Media,2.611405473147979,1.25,3.2642568414349737,19.36,0.3043795228004455,0.3244511187076568,0.6814193725585938,0.726169228553772,11.053765869140648,16.095743158565025,0.0,16.095743158565025,Cubierta,-0.0001660287380219061,-0.00020778179168701172,Estable
Saccharum officinarum,2020-08-22,235,Media,2.1750332001333805,1.25,2.7187915001667258,16.36,0.2855848670005798,0.3217643797397613,0.6392379999160767,0.7203806638717651,10.640771484375025,13.641208499833274,0.0,13.641208499833274,Cubierta,-0.018794655799865723,-0.002686738967895508,Estable
Saccharum officinarum,2020-08-23,236,Media,2.49625075155654,1.25,3.120313439445675,11.63,0.287493348121643,0.32098188996315,0.6436470746994019,0.7187856435775757,10.259912109375025,8.509686560554325,0.0,8.509686560554325,Cubierta,0.0019084811210632324,-0.0007824897766112726,Estable
Saccharum officinarum,2020-08-24,237,Media,3.111714854863547,1.25,3.8896435685794337,9.29,0.2806963324546814,0.3198042511940002,0.6284027099609375,0.7159678339958191,10.321374511718773,5.400356431420565,0.0,5.400356431420565,Cubierta,-0.006797015666961614,-0.0011776387691498358,Estable
Saccharum officinarum,2020-08-25,238,Media,3.0480092803996484,1.25,3.810011600499561,2.23,0.2821908593177795,0.3187359869480133,0.6318525671958923,0.7135316729545593,10.589807128906273,-1.580011600499561,1.580011600499561,0.0,Baja,0.001494526863098089,-0.001068264245986883,Estable
Saccharum officinarum,2020-08-26,239,Media,2.573138760130563,1.25,3.216423450163204,0.02,0.2951626777648926,0.3189252018928528,0.6606776118278503,0.7139506936073303,10.309991455078148,-3.196423450163204,3.196423450163204,0.0,Moderada,0.012971818447113093,0.00018921494483947754,Estable
Saccharum officinarum,2020-08-27,240,Media,2.727120774877928,1.25,3.40890096859741,2.18,0.2954236268997192,0.3187328279018402,0.661333441734314,0.7135234475135803,10.286676025390648,-1.2289009685974097,1.2289009685974097,0.0,Baja,0.00026094913482660465,-0.00019237399101257324,Estable
Saccharum officinarum,2020-08-28,241,Media,3.517577113021624,1.25,4.39697139127703,0.31,0.2736755311489105,0.3164554536342621,0.6127468347549438,0.7081881165504456,9.646081542968773,-4.0869713912770305,4.0869713912770305,0.0,Alta,-0.02174809575080866,-0.002277374267578125,Estable
Saccharum officinarum,2020-08-29,242,Media,3.515728535230613,1.25,4.394660669038267,12.59,0.2571419775485992,0.3139366209506988,0.5757287740707397,0.7027627229690552,8.984002685546898,8.195339330961733,0.0,8.195339330961733,Cubierta,-0.016533553600311335,-0.002518832683563288,Estable
Saccharum officinarum,2020-08-30,243,Media,2.7586745403083275,1.25,3.448343175385409,9.0,0.3014105558395386,0.3156591057777405,0.674803614616394,0.706460177898407,10.498681640625025,5.551656824614591,0.0,5.551656824614591,Cubierta,0.04426857829093939,0.0017224848270416815,Estable
Saccharum officinarum,2020-08-31,244,Media,2.837479907843657,1.25,3.546849884804571,4.3,0.2997584939002991,0.3163677752017975,0.670922040939331,0.7083512544631958,10.664849853515648,0.753150115195429,0.0,0.753150115195429,Cubierta,-0.001652061939239502,0.0007086694240570068,Estable
Saccharum officinarum,2020-09-01,245,Media,2.835634181218321,1.25,3.5445427265229013,4.18,0.2659398913383484,0.3128703534603119,0.5952511429786682,0.7003318071365356,10.327966308593773,0.6354572734770985,0.0,0.6354572734770985,Cubierta,-0.033818602561950684,-0.0034974217414855957,Estable
Saccharum officinarum,2020-09-02,246,Final,2.2264651121740635,1.25,2.7830813902175797,18.14,0.2561396360397339,0.3109828531742096,0.5732231140136719,0.6961082816123962,10.808190917968773,15.35691860978242,0.0,15.35691860978242,Cubierta,-0.009800255298614502,-0.001887500286102295,Estable
Saccharum officinarum,2020-09-03,247,Final,2.441481175431834,1.238095238095238,3.0227862172013182,8.0,0.2801523208618164,0.3115240633487701,0.6273844838142395,0.697467029094696,10.604516601562525,4.977213782798682,0.0,4.977213782798682,Cubierta,0.02401268482208252,0.0005412101745604914,Estable
Saccharum officinarum,2020-09-04,248,Final,2.8303975955980403,1.2261904761904765,3.47060657555474,6.92,0.2709120810031891,0.3103226721286773,0.6064466238021851,0.6946622133255005,10.656793212890648,3.44939342444526,0.0,3.44939342444526,Cubierta,-0.00924023985862732,-0.0012013912200927734,Estable
Saccharum officinarum,2020-09-05,249,Final,3.2339793876544194,1.2142857142857142,3.926974970723223,10.29,0.2594136893749237,0.3084961771965027,0.5807680487632751,0.6904491186141968,11.309960937500025,6.363025029276776,0.0,6.363025029276776,Cubierta,-0.01149839162826538,-0.001826494932174627,Estable
Saccharum officinarum,2020-09-06,250,Final,2.9194889608821826,1.2023809523809523,3.510337917251196,5.71,0.2741182148456573,0.3077921271324157,0.6137107610702515,0.6889841556549072,10.371301269531273,2.199662082748804,0.0,2.199662082748804,Cubierta,0.014704525470733587,-0.0007040500640869696,Estable
Saccharum officinarum,2020-09-07,251,Final,3.091391304402666,1.1904761904761905,3.680227743336507,3.11,0.3049384951591491,0.3130777478218078,0.6826033592224121,0.7007982730865479,10.995599365234398,-0.570227743336507,0.570227743336507,0.0,Baja,0.03082028031349182,0.00528562068939209,Aumento
Saccharum officinarum,2020-09-08,252,Final,2.695848530170154,1.1785714285714286,3.177250053414824,0.71,0.3227908611297607,0.3147570490837097,0.7226197719573975,0.70445716381073,9.858544921875025,-2.467250053414824,2.467250053414824,0.0,Moderada,0.017852365970611572,0.001679301261901911,Estable
Saccharum officinarum,2020-09-09,253,Final,2.6604624951912386,1.1666666666666667,3.1038729110564454,5.95,0.3154214322566986,0.3226740956306457,0.7060243487358093,0.7224037647247314,9.221643066406273,2.846127088943555,0.0,2.846127088943555,Cubierta,-0.007369428873062078,0.00791704654693598,Aumento
Saccharum officinarum,2020-09-10,254,Final,3.05162500884479,1.1547619047619049,3.523900307832674,0.16,0.2765334248542785,0.3178228735923767,0.6190535426139832,0.711499810218811,8.903802490234398,-3.3639003078326737,3.3639003078326737,0.0,Moderada,-0.0388880074024201,-0.0048512220382689875,Estable
Saccharum officinarum,2020-09-11,255,Final,2.736897537186569,1.1428571428571428,3.1278828996417927,0.13,0.261928379535675,0.3151269257068634,0.5862361788749695,0.7056133151054382,9.977441406250025,-2.9978828996417928,2.9978828996417928,0.0,Moderada,-0.014605045318603516,-0.0026959478855133057,Estable
Saccharum officinarum,2020-09-12,256,Final,2.869614067757257,1.130952380952381,3.2453968623445166,1.39,0.2650472819805145,0.3136927187442779,0.5932570695877075,0.7022751569747925,10.254479980468773,-1.8553968623445167,1.8553968623445167,0.0,Baja,0.003118902444839533,-0.0014342069625855047,Estable
Saccharum officinarum,2020-09-13,257,Final,2.525680143885066,1.119047619047619,2.826356351490431,1.62,0.2599862813949585,0.3120737671852112,0.5820792317390442,0.6985294818878174,10.627740478515648,-1.206356351490431,1.206356351490431,0.0,Baja,-0.00506100058555603,-0.001618951559066717,Estable
Saccharum officinarum,2020-09-14,258,Final,2.911622492055069,1.1071428571428572,3.223582044775255,0.19,0.2633125483989715,0.3113605976104736,0.589585542678833,0.6971147656440735,10.839318847656273,-3.033582044775255,3.033582044775255,0.0,Moderada,0.003326267004013006,-0.0007131695747376043,Estable
Saccharum officinarum,2020-09-15,259,Final,3.174518059834563,1.0952380952380951,3.4768531131521407,0.48,0.2685977816581726,0.3103861808776855,0.6010991930961609,0.6949231028556824,9.644189453125025,-2.9968531131521408,2.9968531131521408,0.0,Moderada,0.005285233259201105,-0.0009744167327880859,Estable
Saccharum officinarum,2020-09-16,260,Final,2.7197183404679794,1.0833333333333333,2.946361535506977,7.19,0.2731315493583679,0.3097753524780273,0.6114478707313538,0.6934570670127869,9.880456542968773,4.243638464493023,0.0,4.243638464493023,Cubierta,0.0045337677001953125,-0.0006108283996582031,Estable
Saccharum officinarum,2020-09-17,261,Final,3.150919491214943,1.0714285714285714,3.375985169158868,3.23,0.2857763469219208,0.3109269142150879,0.639845073223114,0.6960364580154419,10.932855224609398,-0.14598516915886783,0.14598516915886783,0.0,Baja,0.012644797563552856,0.0011515617370606024,Estable
Saccharum officinarum,2020-09-18,262,Final,3.2506132421277174,1.0595238095238095,3.4441021255877007,2.51,0.2972418069839477,0.3114759027957916,0.6654700636863708,0.6971714496612549,11.154016113281273,-0.9341021255877009,0.9341021255877009,0.0,Baja,0.011465460062026922,0.0005489885807037354,Estable
Saccharum officinarum,2020-09-19,263,Final,2.9090299248356204,1.0476190476190477,3.0475551593516026,25.45,0.3072674572467804,0.3136174082756042,0.6877222657203674,0.7021528482437134,11.670861816406273,22.402444840648396,0.0,22.402444840648396,Cubierta,0.010025650262832697,0.0021415054798125666,Estable
Saccharum officinarum,2020-09-20,264,Final,2.600328967594869,1.0357142857142858,2.6931978592946857,1.45,0.3267208337783813,0.3194892406463623,0.7314343452453613,0.715124785900116,10.639978027343773,-1.2431978592946857,1.2431978592946857,0.0,Baja,0.019453376531600897,0.005871832370758112,Aumento
Saccharum officinarum,2020-09-21,265,Final,2.9359873375053884,1.0238095238095235,3.005891797922183,0.11,0.311733067035675,0.3211502134799957,0.6979578733444214,0.7189058661460876,10.065637207031273,-2.895891797922183,2.895891797922183,0.0,Moderada,-0.014987766742706299,0.0016609728336334229,Estable
Saccharum officinarum,2020-09-22,266,Final,3.6753645825179255,1.011904761904762,3.719118922785996,7.3,0.289858877658844,0.3179386258125305,0.6488969326019287,0.7117274403572083,10.037683105468773,3.580881077214004,0.0,3.580881077214004,Cubierta,-0.021874189376831,-0.00321158766746521,Estable
Saccharum officinarum,2020-09-23,267,Final,2.318635425691125,1.0,2.318635425691125,3.2,0.2772855460643768,0.3156274855136871,0.6208969354629517,0.7064520120620728,10.909753417968773,0.8813645743088752,0.0,0.8813645743088752,Cubierta,-0.012573331594467219,-0.0023111402988434393,Estable
Saccharum officinarum,2020-09-24,268,Final,2.516604316903541,0.988095238095238,2.486644741702308,0.7,0.2973651587963104,0.3180626630783081,0.6656573414802551,0.7120507955551147,10.600518798828148,-1.7866447417023081,1.7866447417023081,0.0,Baja,0.02007961273193365,0.002435177564621027,Estable
Saccharum officinarum,2020-09-25,269,Final,2.9649081265036776,0.9761904761904762,2.8943150758726377,0.06,0.2824850976467132,0.3161978721618652,0.6324130296707153,0.7078124284744263,10.160668945312525,-2.8343150758726376,2.8343150758726376,0.0,Moderada,-0.014880061149597223,-0.0018647909164429266,Estable
Saccharum officinarum,2020-09-26,270,Final,2.5613669428536703,0.9642857142857144,2.469889552037468,0.24,0.2712974846363067,0.3144362866878509,0.6073490381240845,0.703769326210022,10.365228271484398,-2.229889552037468,2.229889552037468,0.0,Moderada,-0.011187613010406494,-0.0017615854740142822,Estable
Saccharum officinarum,2020-09-27,271,Final,2.8863917366860843,0.9523809523809524,2.748944511129604,2.45,0.2715696692466736,0.3134777545928955,0.6079622507095337,0.7017892003059387,10.013787841796898,-0.29894451112960363,0.29894451112960363,0.0,Baja,0.0002721846103668768,-0.0009585320949553888,Estable
Saccharum officinarum,2020-09-28,272,Final,2.748372604125464,0.9404761904761904,2.584778996737044,1.94,0.2561698853969574,0.3111128807067871,0.5734052062034607,0.6966172456741333,10.052423095703148,-0.6447789967370441,0.6447789967370441,0.0,Baja,-0.015399783849716187,-0.0023648738861083984,Estable
Saccharum officinarum,2020-09-29,273,Final,2.499390973865666,0.9285714285714286,2.320863047160976,16.73,0.2516585886478424,0.3095130324363708,0.5634956955909729,0.6928479075431824,10.085412597656273,14.409136952839024,0.0,14.409136952839024,Cubierta,-0.00451129674911499,-0.0015998482704163153,Estable
Saccharum officinarum,2020-09-30,274,Final,2.5106283352731364,0.9166666666666669,2.3014093073337087,1.09,0.2395457923412323,0.3075123727321625,0.5361875891685486,0.6884031295776367,9.832238769531273,-1.2114093073337087,1.2114093073337087,0.0,Baja,-0.012112796306610107,-0.0020006597042083185,Estable
Saccharum officinarum,2020-10-01,275,Final,2.894860376317256,0.9047619047619048,2.619159388096565,0.0,0.2681942284107208,0.3080610632896423,0.600534200668335,0.6895371079444885,10.101708984375025,-2.619159388096565,2.619159388096565,0.0,Moderada,0.028648436069488525,0.0005486905574798029,Estable
Saccharum officinarum,2020-10-02,276,Final,2.79954846529197,0.8928571428571428,2.4995968440106875,0.0,0.2689600586891174,0.3072959184646606,0.6021478772163391,0.6879869699478149,10.366265869140648,-2.4995968440106875,2.4995968440106875,0.0,Moderada,0.0007658302783965509,-0.0007651448249816895,Estable
Saccharum officinarum,2020-10-03,277,Final,2.3823438028376245,0.8809523809523809,2.0987314453569548,0.15,0.2582119405269623,0.3058711588382721,0.5780448317527771,0.6849177479743958,10.089318847656273,-1.9487314453569549,1.9487314453569549,0.0,Baja,-0.010748118162155096,-0.0014247596263884943,Estable
Saccharum officinarum,2020-10-04,278,Final,2.724844097735504,0.8690476190476191,2.368019275412997,0.02,0.2564346194267273,0.3050244450569153,0.5741778612136841,0.6827405095100403,10.471978759765648,-2.348019275412997,2.348019275412997,0.0,Moderada,-0.0017773211002349854,-0.0008467137813568115,Estable
Saccharum officinarum,2020-10-05,279,Final,2.851188245914991,0.8571428571428572,2.443875639355707,0.0,0.2637678980827331,0.3046170473098755,0.5903375148773193,0.6819007992744446,9.770043945312525,-2.443875639355707,2.443875639355707,0.0,Moderada,0.007333278656005804,-0.0004073977470397949,Estable
Saccharum officinarum,2020-10-06,280,Final,2.987093116355506,0.8452380952380952,2.524804895967154,0.0,0.2507317364215851,0.3028616309165954,0.5614357590675354,0.6779475808143616,10.097222900390648,-2.524804895967154,2.524804895967154,0.0,Moderada,-0.013036161661148016,-0.0017554163932800848,Estable
Saccharum officinarum,2020-10-07,281,Final,2.6762720490118146,0.8333333333333333,2.2302267075098454,0.0,0.2707147598266601,0.3029567897319793,0.6058955192565918,0.6781213879585266,10.357324218750025,-2.2302267075098454,2.2302267075098454,0.0,Moderada,0.019983023405075018,9.515881538391113e-05,Estable
Saccharum officinarum,2020-10-08,282,Final,2.686439872290565,0.8214285714285714,2.206718466524393,0.0,0.2804690897464752,0.3032397031784057,0.6278925538063049,0.6787108778953552,9.956811523437525,-2.206718466524393,2.206718466524393,0.0,Moderada,0.009754329919815119,0.0002829134464263916,Estable
Saccharum officinarum,2020-10-09,283,Final,2.9049270869184225,0.8095238095238095,2.351607641791104,0.0,0.2927561104297638,0.3046213686466217,0.6554350256919861,0.6819118857383728,9.897912597656273,-2.351607641791104,2.351607641791104,0.0,Moderada,0.012287020683288574,0.001381665468215998,Estable
Saccharum officinarum,2020-10-10,284,Final,3.0902854655989755,0.7976190476190477,2.46487054994204,0.0,0.2849801778793335,0.3038445711135864,0.6379148364067078,0.6800874471664429,10.062615966796898,-2.46487054994204,2.46487054994204,0.0,Moderada,-0.007775932550430298,-0.0007767975330352783,Estable
Saccharum officinarum,2020-10-11,285,Final,3.386197808360507,0.7857142857142857,2.6605839922832555,6.21,0.2757891416549682,0.3026893734931946,0.6173137426376343,0.6774986982345581,10.030603027343773,3.5494160077167445,0.0,3.5494160077167445,Cubierta,-0.00919103622436529,-0.0011551976203918457,Estable
Saccharum officinarum,2020-10-12,286,Final,2.663717207527944,0.7738095238095238,2.0612097439204327,3.44,0.2620308399200439,0.3010857999324798,0.5866084694862366,0.6740376353263855,10.622674560546898,1.3787902560795673,0.0,1.3787902560795673,Cubierta,-0.013758301734924316,-0.0016035735607147772,Estable
Saccharum officinarum,2020-10-13,287,Final,2.3690074303342614,0.7619047619047619,1.804958042159437,0.03,0.2561944425106048,0.2999491989612579,0.5736936926841736,0.671326756477356,9.724603271484398,-1.7749580421594369,1.7749580421594369,0.0,Baja,-0.005836397409439087,-0.0011366009712219238,Estable
Saccharum officinarum,2020-10-14,288,Final,2.4430839476136934,0.75,1.83231296071027,0.01,0.2340320199728012,0.2976012825965881,0.5237616300582886,0.6661990880966187,9.790917968750025,-1.82231296071027,1.82231296071027,0.0,Baja,-0.022162422537803594,-0.0023479163646698,Estable
Solanum tuberosum,2020-01-01,1,Inicial,2.948231749521185,0.5,1.4741158747605925,7.24,0.2746143341064453,0.2986800968647003,0.6149797439575195,0.6684417724609375,10.910028076171898,5.765884125239408,0.0,5.765884125239408,Cubierta,,,Estable
Solanum tuberosum,2020-01-02,2,Inicial,3.4359345425368817,0.5,1.7179672712684408,0.52,0.2655819356441498,0.2972196936607361,0.5945673584938049,0.6652793884277344,11.199792480468773,-1.1979672712684408,1.1979672712684408,0.0,Baja,-0.009032398462295532,-0.0014604032039642334,Estable
Solanum tuberosum,2020-01-03,3,Inicial,3.652309775578801,0.5,1.8261548877894005,0.0,0.24663046002388,0.2948575913906097,0.5521380305290222,0.6600413918495178,10.803247070312525,-1.8261548877894005,1.8261548877894005,0.0,Baja,-0.018951475620269775,-0.0023621022701263983,Estable
Solanum tuberosum,2020-01-04,4,Inicial,3.842009095850095,0.5,1.9210045479250475,0.18,0.2315411418676376,0.2924184799194336,0.518290102481842,0.6547495126724243,10.901818847656273,-1.7410045479250476,1.7410045479250476,0.0,Baja,-0.015089318156242398,-0.002439111471176092,Estable
Solanum tuberosum,2020-01-05,5,Inicial,3.4255878055717583,0.5,1.7127939027858792,0.18,0.2236680090427398,0.2904499769210815,0.5008542537689209,0.6502418518066406,11.140313720703148,-1.5327939027858792,1.5327939027858792,0.0,Baja,-0.007873132824897794,-0.0019685029983521063,Estable
Solanum tuberosum,2020-01-06,6,Inicial,3.609329165524247,0.5,1.8046645827621235,0.33,0.221180647611618,0.2889252305030823,0.4952643811702728,0.6467413306236267,10.146020507812525,-1.4746645827621234,1.4746645827621234,0.0,Baja,-0.002487361431121826,-0.001524746417999212,Estable
Solanum tuberosum,2020-01-07,7,Inicial,3.63223459194626,0.5,1.81611729597313,0.04,0.2170274257659912,0.2872630655765533,0.4858344197273254,0.6431044340133667,10.774011230468773,-1.77611729597313,1.77611729597313,0.0,Baja,-0.0041532218456267755,-0.0016621649265289862,Estable
Solanum tuberosum,2020-01-08,8,Inicial,3.535618541631738,0.5,1.767809270815869,0.01,0.2169087827205658,0.2857446372509002,0.4855833351612091,0.6397907733917236,9.480859375000025,-1.757809270815869,1.757809270815869,0.0,Baja,-0.00011864304542541504,-0.0015184283256530762,Estable
Solanum tuberosum,2020-01-09,9,Inicial,3.616127554995845,0.5,1.8080637774979225,0.0,0.2104811668395996,0.283994197845459,0.471093088388443,0.635947048664093,8.966394042968773,-1.8080637774979225,1.8080637774979225,0.0,Baja,-0.0064276158809661865,-0.0017504394054412287,Estable
Solanum tuberosum,2020-01-10,10,Inicial,3.417106036202212,0.5,1.708553018101106,0.0,0.2100433409214019,0.2826589345932007,0.4703034460544586,0.6328665018081665,8.167260742187523,-1.708553018101106,1.708553018101106,0.0,Baja,-0.0004378259181977151,-0.0013352632522583008,Estable
Solanum tuberosum,2020-01-11,11,Inicial,3.0661442874430813,0.5,1.5330721437215409,0.0,0.2089174836874008,0.2813650965690613,0.4676909446716308,0.6299169063568115,7.294152832031273,-1.5330721437215409,1.5330721437215409,0.0,Baja,-0.0011258572340011042,-0.0012938380241394043,Estable
Solanum tuberosum,2020-01-12,12,Inicial,2.6890860867374,0.5,1.3445430433687,0.0,0.2108506262302398,0.2803266644477844,0.4720624685287475,0.6275357007980347,9.357019042968773,-1.3445430433687,1.3445430433687,0.0,Baja,0.0019331425428390225,-0.0010384321212768555,Estable
Solanum tuberosum,2020-01-13,13,Desarrollo,3.2743357048555617,0.5,1.6371678524277808,0.0,0.2087039798498153,0.2790789902210235,0.4672080874443054,0.6248542070388794,9.219232177734398,-1.6371678524277808,1.6371678524277808,0.0,Baja,-0.0021466463804244995,-0.0012476742267609198,Estable
Solanum tuberosum,2020-01-14,14,Desarrollo,3.022525735174016,0.5270833333333333,1.5931229395813042,0.0,0.2105519473552703,0.2779509425163269,0.4714041650295257,0.6223359107971191,9.656640625000025,-1.5931229395813042,1.5931229395813042,0.0,Baja,0.0018479675054549893,-0.0011280477046965998,Estable
Solanum tuberosum,2020-01-15,15,Desarrollo,2.892447644706006,0.5541666666666667,1.6028980697745785,0.0,0.2085372507572174,0.276860624551773,0.4667938649654388,0.6199163794517517,9.227014160156273,-1.6028980697745785,1.6028980697745785,0.0,Baja,-0.0020146965980528952,-0.0010903179645538885,Estable
Solanum tuberosum,2020-01-16,16,Desarrollo,2.5509631062608813,0.58125,1.4827473055141374,1.6,0.2047977745532989,0.2754416167736053,0.4583717882633209,0.6167877316474915,9.604058837890648,0.11725269448586273,0.0,0.11725269448586273,Cubierta,-0.0037394762039185125,-0.0014190077781677246,Estable
Solanum tuberosum,2020-01-17,17,Desarrollo,2.123625836918019,0.6083333333333333,1.291872384125128,3.92,0.2077111601829528,0.2745482921600342,0.4650589525699615,0.6144890189170837,10.502893066406273,2.628127615874872,0.0,2.628127615874872,Cubierta,0.002913385629653903,-0.0008933246135711115,Estable
Solanum tuberosum,2020-01-18,18,Desarrollo,2.457076041415373,0.6354166666666666,1.561267067982685,0.81,0.2180327624082565,0.2743701934814453,0.4881190657615661,0.6141732335090637,10.842187500000025,-0.7512670679826849,0.7512670679826849,0.0,Baja,0.010321602225303705,-0.0001780986785888672,Estable
Solanum tuberosum,2020-01-19,19,Desarrollo,2.6849474282341173,0.6625,1.7787776712051029,1.28,0.2238282859325409,0.2738048136234283,0.5010724067687988,0.6128256916999817,10.861352539062525,-0.49877767120510286,0.49877767120510286,0.0,Baja,0.0057955235242843905,-0.0005653798580170233,Estable
Solanum tuberosum,2020-01-20,20,Desarrollo,2.0816455357680983,0.6895833333333333,1.4354680673734177,3.23,0.2300102710723877,0.2732718884944916,0.5150047540664673,0.6116583347320557,11.008447265625025,1.7945319326265823,0.0,1.7945319326265823,Cubierta,0.006181985139846802,-0.0005329251289367121,Estable
Solanum tuberosum,2020-01-21,21,Desarrollo,2.589197755053443,0.7166666666666666,1.8555917244549671,10.51,0.2776890993118286,0.2764692008495331,0.6215779781341553,0.6190438270568848,10.997521972656273,8.654408275545032,0.0,8.654408275545032,Cubierta,0.04767882823944092,0.003197312355041504,Estable
Solanum tuberosum,2020-01-22,22,Desarrollo,2.230115953986533,0.7437499999999999,1.6586487407774837,1.52,0.2813131213188171,0.279358297586441,0.6296303272247314,0.6252856254577637,11.026483154296898,-0.13864874077748368,0.13864874077748368,0.0,Baja,0.00362402200698847,0.0028890967369079035,Estable
Solanum tuberosum,2020-01-23,23,Desarrollo,3.0231741605568065,0.7708333333333333,2.330363415429205,0.04,0.2543753087520599,0.2772768139839172,0.5694832801818848,0.6206307411193848,10.375817871093773,-2.290363415429205,2.290363415429205,0.0,Moderada,-0.026937812566757202,-0.0020814836025238037,Estable
Solanum tuberosum,2020-01-24,24,Desarrollo,2.586677938014444,0.7979166666666666,2.0639534380406914,3.11,0.2654004395008087,0.27736696600914,0.5939206480979919,0.6210359334945679,11.167718505859398,1.0460465619593085,0.0,1.0460465619593085,Cubierta,0.011025130748748835,9.015202522283383e-05,Estable
Solanum tuberosum,2020-01-25,25,Desarrollo,2.8270782875977893,0.825,2.332339587268176,3.33,0.2785582542419433,0.2801665961742401,0.623546838760376,0.6271925568580627,11.012170410156273,0.997660412731824,0.0,0.997660412731824,Cubierta,0.013157814741134588,0.0027996301651000977,Estable
Solanum tuberosum,2020-01-26,26,Desarrollo,2.8592092343467463,0.8520833333333333,2.4362845350996234,9.31,0.2917945086956024,0.2835708260536194,0.6531261205673218,0.634725034236908,10.548059082031273,6.873715464900377,0.0,6.873715464900377,Cubierta,0.013236254453659113,0.0034042298793792725,Estable
Solanum tuberosum,2020-01-27,27,Desarrollo,3.197498176772503,0.8791666666666667,2.8111338137458253,4.58,0.2769192457199096,0.2824744284152984,0.6197158098220825,0.632459819316864,11.287438964843773,1.7688661862541748,0.0,1.7688661862541748,Cubierta,-0.014875262975692805,-0.0010963976383209784,Estable
Solanum tuberosum,2020-01-28,28,Desarrollo,3.0623564253268816,0.90625,2.7752605104524863,0.07,0.288808524608612,0.2827996015548706,0.6465105414390564,0.6330852508544922,11.325189208984398,-2.7052605104524865,2.7052605104524865,0.0,Moderada,0.011889278888702393,0.00032517313957219907,Estable
Solanum tuberosum,2020-01-29,29,Desarrollo,3.282537487982082,0.9333333333333332,3.0637016554499428,2.73,0.2753844857215881,0.2828554809093475,0.6163906455039978,0.6334013342857361,11.248925781250025,-0.3337016554499428,0.3337016554499428,0.0,Baja,-0.013424038887023926,5.58793544768732e-05,Estable
Solanum tuberosum,2020-01-30,30,Desarrollo,3.220521836988908,0.9604166666666668,3.0930428476080967,0.59,0.2492743730545044,0.2804329991340637,0.5580548644065857,0.6275911331176758,11.391961669921898,-2.503042847608097,2.503042847608097,0.0,Moderada,-0.026110112667083685,-0.002422481775283758,Estable
Solanum tuberosum,2020-01-31,31,Desarrollo,2.652374252562516,0.9875,2.6192195744054843,0.0,0.2273979932069778,0.2779696881771087,0.5091440081596375,0.6222366094589233,9.499108886718773,-2.6192195744054843,2.6192195744054843,0.0,Moderada,-0.021876379847526606,-0.0024633109569550116,Estable
Solanum tuberosum,2020-02-01,32,Desarrollo,2.573089729374203,1.0145833333333334,2.610613954594244,7.56,0.2258870303630828,0.2767135202884674,0.5055345892906189,0.6195324659347534,11.308251953125025,4.949386045405756,0.0,4.949386045405756,Cubierta,-0.0015109628438949863,-0.001256167888641302,Estable
Solanum tuberosum,2020-02-02,33,Desarrollo,3.279578952552463,1.0416666666666663,3.4162280755754817,1.99,0.2204961627721786,0.2752612233161926,0.4935779273509979,0.6163914799690247,11.114923095703148,-1.4262280755754817,1.4262280755754817,0.0,Baja,-0.005390867590904208,-0.0014522969722747803,Estable
Solanum tuberosum,2020-02-03,34,Desarrollo,3.3391805897721194,1.06875,3.568749255318952,0.12,0.2164567857980728,0.273760437965393,0.4845251739025116,0.6128060817718506,10.871423339843773,-3.448749255318952,3.448749255318952,0.0,Moderada,-0.004039376974105807,-0.001500785350799616,Estable
Solanum tuberosum,2020-02-04,35,Desarrollo,3.9831310885574367,1.0958333333333332,4.364847817877524,0.0,0.2100583761930465,0.2722263932228088,0.4702250957489013,0.6095258593559265,9.797631835937525,-4.364847817877524,4.364847817877524,0.0,Alta,-0.006398409605026301,-0.0015340447425842285,Estable
Solanum tuberosum,2020-02-05,36,Desarrollo,4.244793931187747,1.1229166666666666,4.76654985189624,0.0,0.2006809264421463,0.2705520689487457,0.4492982625961303,0.6055396199226379,7.838159179687523,-4.76654985189624,4.76654985189624,0.0,Alta,-0.009377449750900185,-0.0016743242740630548,Estable
Solanum tuberosum,2020-02-06,37,Desarrollo,4.169733176569154,1.15,4.795193153054527,0.0,0.1767249256372451,0.267781525850296,0.3955183029174804,0.5994586944580078,6.867028808593773,-4.795193153054527,4.795193153054527,0.0,Alta,-0.023956000804901206,-0.002770543098449707,Estable
Solanum tuberosum,2020-02-07,38,Media,4.0865957124513415,1.15,4.699585069319042,0.0,0.1767972558736801,0.2662941813468933,0.3957181274890899,0.5963003635406494,7.492089843750023,-4.699585069319042,4.699585069319042,0.0,Alta,7.233023643499203e-05,-0.00148734450340271,Estable
Solanum tuberosum,2020-02-08,39,Media,3.268439705235638,1.15,3.758705661020984,1.77,0.1823482662439346,0.2652748823165893,0.4082421064376831,0.5938217639923096,9.937188720703148,-1.9887056610209841,1.9887056610209841,0.0,Baja,0.005551010370254517,-0.0010192990303040106,Estable
Solanum tuberosum,2020-02-09,40,Media,3.30872980351908,1.15,3.805039274046942,23.23,0.1983443796634674,0.265025645494461,0.4440963864326477,0.5933203101158142,11.104760742187525,19.42496072595306,0.0,19.42496072595306,Cubierta,0.015996113419532804,-0.0002492368221282959,Estable
Solanum tuberosum,2020-02-10,41,Media,3.880629515402008,1.15,4.462723942712309,2.61,0.2136109471321106,0.2650732100009918,0.4781440496444702,0.5933699011802673,8.760339355468773,-1.8527239427123088,1.8527239427123088,0.0,Baja,0.015266567468643188,4.756450653081723e-05,Estable
Solanum tuberosum,2020-02-11,42,Media,3.8381170799608064,1.15,4.413834641954927,0.07,0.1838676333427429,0.2624737322330475,0.4115966260433197,0.5874166488647461,8.149285888671898,-4.343834641954927,4.343834641954927,0.0,Alta,-0.029743313789367704,-0.002599477767944336,Estable
Solanum tuberosum,2020-02-12,43,Media,3.7387676578637534,1.15,4.2995828065433175,0.0,0.1768476068973541,0.2606357634067535,0.3958576917648315,0.5835667252540588,8.815972900390648,-4.2995828065433175,4.2995828065433175,0.0,Alta,-0.007020026445388794,-0.0018379688262940008,Estable
Solanum tuberosum,2020-02-13,44,Media,3.6900119890205856,1.15,4.243513787373673,0.1,0.1803713291883468,0.259611576795578,0.4037930369377136,0.5810755491256714,10.473291015625025,-4.143513787373673,4.143513787373673,0.0,Alta,0.003523722290992709,-0.0010241866111754816,Estable
Solanum tuberosum,2020-02-14,45,Media,2.8355856754959605,1.15,3.2609235268203545,0.48,0.1989832371473312,0.2591719031333923,0.4454621970653534,0.580151379108429,9.278466796875025,-2.7809235268203545,2.7809235268203545,0.0,Moderada,0.018611907958984403,-0.00043967366218572446,Estable
Solanum tuberosum,2020-02-15,46,Media,2.6765302968514897,1.15,3.0780098413792127,0.22,0.2052931636571884,0.2586721181869507,0.4594780802726745,0.5791447162628174,10.469934082031273,-2.8580098413792125,2.8580098413792125,0.0,Moderada,0.006309926509857178,-0.0004997849464415949,Estable
Solanum tuberosum,2020-02-16,47,Media,3.117126568501001,1.15,3.5846955537761507,0.0,0.1986427754163742,0.2576354742050171,0.4446353912353515,0.5765464901924133,10.033471679687525,-3.5846955537761507,3.5846955537761507,0.0,Moderada,-0.006650388240814181,-0.0010366439819335938,Estable
Solanum tuberosum,2020-02-17,48,Media,3.665628234218672,1.15,4.2154724693514725,0.0,0.1877762228250503,0.2560195624828338,0.4204446375370025,0.5728833675384521,9.768212890625025,-4.2154724693514725,4.2154724693514725,0.0,Alta,-0.010866552591323908,-0.001615911722183283,Estable
Solanum tuberosum,2020-02-18,49,Media,3.492022458866841,1.15,4.015825827696867,0.0,0.1857706904411316,0.2548185884952545,0.4159465134143829,0.5704189538955688,9.950219726562525,-4.015825827696867,4.015825827696867,0.0,Alta,-0.0020055323839187067,-0.0012009739875792902,Estable
Solanum tuberosum,2020-02-19,50,Media,2.918052034422252,1.15,3.355759839585589,0.57,0.1872323900461197,0.2538785934448242,0.4191077649593353,0.5682427287101746,11.746820068359398,-2.785759839585589,2.785759839585589,0.0,Moderada,0.0014616996049880981,-0.0009399950504302979,Estable
Solanum tuberosum,2020-02-20,51,Media,3.314226504146355,1.15,3.811360479768308,0.18,0.2236148566007614,0.2550888955593109,0.500618577003479,0.5711452960968018,11.591271972656273,-3.6313604797683077,3.6313604797683077,0.0,Moderada,0.036382466554641724,0.0012103021144866943,Estable
Solanum tuberosum,2020-02-21,52,Media,3.139896751369089,1.15,3.610881264074452,0.12,0.2261070013046264,0.2548896968364715,0.5061571002006531,0.5707740783691406,11.824792480468773,-3.490881264074452,3.490881264074452,0.0,Moderada,0.0024921447038649958,-0.00019919872283941098,Estable
Solanum tuberosum,2020-02-22,53,Media,2.396003652736208,1.15,2.7554042006466397,0.43,0.242223709821701,0.2557536959648132,0.5422936081886292,0.572752058506012,12.420373535156273,-2.3254042006466396,2.3254042006466396,0.0,Moderada,0.016116708517074585,0.0008639991283416748,Estable
Solanum tuberosum,2020-02-23,54,Media,2.1392010919117426,1.15,2.460081255698504,19.53,0.2677009999752044,0.2634223699569702,0.599253237247467,0.5897852778434753,12.508630371093773,17.069918744301496,0.0,17.069918744301496,Cubierta,0.025477290153503418,0.007668673992157038,Aumento
Solanum tuberosum,2020-02-24,55,Media,2.3170551880178496,1.15,2.6646134662205267,8.55,0.2588692605495453,0.2627563774585724,0.57943195104599,0.5883241295814514,12.572229003906273,5.885386533779474,0.0,5.885386533779474,Cubierta,-0.008831739425659124,-0.0006659924983978271,Estable
Solanum tuberosum,2020-02-25,56,Media,2.9252566598674297,1.15,3.364045158847544,0.8,0.2585375607013702,0.2624483406543731,0.5787733197212219,0.5873503684997559,12.687341308593773,-2.564045158847544,2.564045158847544,0.0,Moderada,-0.00033169984817510434,-0.00030803680419927426,Estable
Solanum tuberosum,2020-02-26,57,Media,3.159819723194727,1.15,3.633792681673936,0.02,0.2571020126342773,0.2623478770256042,0.5756126642227173,0.5871629118919373,12.678430175781273,-3.613792681673936,3.613792681673936,0.0,Moderada,-0.0014355480670928955,-0.0001004636287689209,Estable
Solanum tuberosum,2020-02-27,58,Media,3.456607537547279,1.15,3.9750986681793705,0.18,0.26055908203125,0.2622732818126678,0.5833175778388977,0.5869681239128113,12.553857421875025,-3.7950986681793704,3.7950986681793704,0.0,Moderada,0.0034570693969727118,-7.459521293640137e-05,Estable
Solanum tuberosum,2020-02-28,59,Media,3.371494345365816,1.15,3.877218497170688,0.02,0.2319629490375518,0.2599510252475738,0.5191401839256287,0.5818336009979248,12.552697753906273,-3.8572184971706878,3.8572184971706878,0.0,Moderada,-0.028596132993698203,-0.002322256565093994,Estable
Solanum tuberosum,2020-02-29,60,Media,3.6544199817696392,1.15,4.202582979035085,0.35,0.2162789553403854,0.258466362953186,0.4841081798076629,0.5786082148551941,11.741845703125025,-3.8525829790350845,3.8525829790350845,0.0,Moderada,-0.015683993697166387,-0.0014846622943878174,Estable
Solanum tuberosum,2020-03-01,61,Media,3.240013985102308,1.15,3.726016082867654,72.85,0.203538492321968,0.2566025555133819,0.4556828737258911,0.5743725299835205,11.519921875000025,69.12398391713234,0.0,69.12398391713234,Cubierta,-0.012740463018417414,-0.0018638074398040771,Estable
Solanum tuberosum,2020-03-02,62,Media,3.3398924289877967,1.15,3.840876293335966,12.14,0.1961739361286163,0.2550231218338012,0.439160019159317,0.5709739923477173,12.152612304687525,8.299123706664034,0.0,8.299123706664034,Cubierta,-0.00736455619335169,-0.0015794336795806885,Estable
Solanum tuberosum,2020-03-03,63,Media,3.531389914112611,1.15,4.061098401229502,0.83,0.2070548236370086,0.2545174956321716,0.4635263085365295,0.5699523091316223,12.325585937500025,-3.2310984012295023,3.2310984012295023,0.0,Moderada,0.010880887508392306,-0.0005056262016296387,Estable
Solanum tuberosum,2020-03-04,64,Media,3.817984901814575,1.15,4.390682637086761,0.0,0.1768831759691238,0.2516687512397766,0.3959431946277618,0.5634123682975769,11.309655761718773,-4.390682637086761,4.390682637086761,0.0,Alta,-0.0301716476678848,-0.002848744392394964,Estable
Solanum tuberosum,2020-03-05,65,Media,4.352237717167281,1.15,5.005073374742373,0.0,0.1736954301595688,0.2502045929431915,0.3888481557369232,0.5602402091026306,9.734887695312525,-5.005073374742373,5.005073374742373,0.0,Alta,-0.003187745809555026,-0.0014641582965851385,Estable
Solanum tuberosum,2020-03-06,66,Media,4.247409486947092,1.15,4.884520909989155,0.0,0.160724401473999,0.2482027560472488,0.3597050309181213,0.5555602312088013,9.301354980468773,-4.884520909989155,4.884520909989155,0.0,Alta,-0.012971028685569791,-0.0020018368959426602,Estable
Solanum tuberosum,2020-03-07,67,Media,3.4518025368936005,1.15,3.96957291742764,0.81,0.1637406349182129,0.2470306009054184,0.3665027618408203,0.5530008673667908,10.209161376953148,-3.15957291742764,3.15957291742764,0.0,Moderada,0.003016233444213895,-0.0011721551418304166,Estable
Solanum tuberosum,2020-03-08,68,Media,2.8986032878309578,1.15,3.333393781005601,11.8,0.1728366017341613,0.2463504374027252,0.386936217546463,0.551427960395813,11.088952636718773,8.4666062189944,0.0,8.4666062189944,Cubierta,0.009095966815948403,-0.000680163502693204,Estable
Solanum tuberosum,2020-03-09,69,Media,2.4540412289598925,1.15,2.822147413303876,6.03,0.1842152625322342,0.2459021210670471,0.4123090803623199,0.5503965020179749,11.448388671875025,3.207852586696124,0.0,3.207852586696124,Cubierta,0.011378660798072898,-0.0004483163356781006,Estable
Solanum tuberosum,2020-03-10,70,Media,2.8475698258184265,1.15,3.27470529969119,3.58,0.2477736473083496,0.2499169707298278,0.554608941078186,0.5594798922538757,11.471215820312525,0.30529470030881,0.0,0.30529470030881,Cubierta,0.06355838477611542,0.004014849662780706,Estable
Solanum tuberosum,2020-03-11,71,Media,3.0986824618183264,1.15,3.563484831091075,10.22,0.251617431640625,0.2513230741024017,0.5632652640342712,0.5626598596572876,11.851251220703148,6.656515168908926,0.0,6.656515168908926,Cubierta,0.0038437843322753906,0.0014061033725738803,Estable
Solanum tuberosum,2020-03-12,72,Media,2.594486676056316,1.15,2.9836596774647632,3.18,0.246285855770111,0.2508704960346222,0.5514435768127441,0.5615320205688477,11.931726074218773,0.19634032253523692,0.0,0.19634032253523692,Cubierta,-0.005331575870513999,-0.0004525780677794855,Estable
Solanum tuberosum,2020-03-13,73,Media,2.5263580448359333,1.15,2.905311751561323,11.32,0.2887640297412872,0.2560513317584991,0.6464170217514038,0.573232114315033,12.091302490234398,8.414688248438678,0.0,8.414688248438678,Cubierta,0.042478173971176175,0.005180835723876898,Aumento
Solanum tuberosum,2020-03-14,74,Media,2.292794364677023,1.15,2.6367135193785765,14.93,0.2658706605434418,0.259913682937622,0.5950819849967957,0.5817363858222961,12.072656250000025,12.293286480621424,0.0,12.293286480621424,Cubierta,-0.022893369197845403,0.003862351179122925,Estable
Solanum tuberosum,2020-03-15,75,Media,2.615711011781474,1.15,3.008067663548695,16.33,0.2686693370342254,0.2639972567558288,0.6013837456703186,0.5909135341644287,12.363122558593773,13.321932336451303,0.0,13.321932336451303,Cubierta,0.002798676490783636,0.004083573818206787,Estable
Solanum tuberosum,2020-03-16,76,Media,3.097518737676989,1.15,3.562146548328537,1.33,0.242931067943573,0.2607799172401428,0.5437864661216736,0.5837200284004211,13.019738769531273,-2.232146548328537,2.232146548328537,0.0,Moderada,-0.02573826909065241,-0.0032173395156859796,Estable
Solanum tuberosum,2020-03-17,77,Media,3.810480679908264,1.15,4.382052781894504,0.0,0.2500636279582977,0.2604047060012817,0.5598828792572021,0.5829643607139587,11.935693359375025,-4.382052781894504,4.382052781894504,0.0,Alta,0.007132560014724676,-0.0003752112388611395,Estable
Solanum tuberosum,2020-03-18,78,Media,3.429303569747668,1.15,3.943699105209818,0.0,0.2217862606048584,0.2577000558376312,0.4964143931865692,0.5770552754402161,11.986383056640648,-3.943699105209818,3.943699105209818,0.0,Moderada,-0.028277367353439276,-0.002704650163650457,Estable
Solanum tuberosum,2020-03-19,79,Media,3.0694178759915816,1.15,3.5298305573903184,0.01,0.2795619964599609,0.2649308145046234,0.6258862018585205,0.592998743057251,10.784295654296898,-3.5198305573903186,3.5198305573903186,0.0,Moderada,0.057775735855102484,0.0072307586669921875,Aumento
Solanum tuberosum,2020-03-20,80,Media,1.4939680924748744,1.15,1.7180633063461055,0.18,0.2614538073539734,0.2628643810749054,0.5852376818656921,0.5886270403862,10.679254150390648,-1.5380633063461056,1.5380633063461056,0.0,Baja,-0.018108189105987493,-0.0020664334297180176,Estable
Solanum tuberosum,2020-03-21,81,Media,1.7583500856228598,1.15,2.0221025984662884,0.03,0.2740433812141418,0.2664081454277038,0.6136701703071594,0.5964492559432983,10.421411132812525,-1.9921025984662883,1.9921025984662883,0.0,Baja,0.012589573860168402,0.0035437643527984064,Estable
Solanum tuberosum,2020-03-22,82,Media,3.556217632475733,1.15,4.089650277347093,0.0,0.2572545707225799,0.26518315076828,0.5761153697967529,0.5937525629997253,9.781823730468773,-4.089650277347093,4.089650277347093,0.0,Alta,-0.01678881049156189,-0.0012249946594238281,Estable
Solanum tuberosum,2020-03-23,83,Media,3.026920456426764,1.15,3.480958524890778,0.01,0.2687681019306183,0.2682282328605652,0.6017157435417175,0.6006450653076172,10.701531982421898,-3.4709585248907784,3.4709585248907784,0.0,Moderada,0.011513531208038386,0.0030450820922852118,Estable
Solanum tuberosum,2020-03-24,84,Media,2.48034144265086,1.15,2.8523926590484887,0.0,0.2440335303544998,0.2656533420085907,0.5462899208068848,0.5947559475898743,10.549432373046898,-2.8523926590484887,2.8523926590484887,0.0,Moderada,-0.024734571576118497,-0.0025748908519744873,Estable
Solanum tuberosum,2020-03-25,85,Media,3.132983757906082,1.15,3.602931321591994,4.35,0.2338432222604751,0.2639497816562652,0.5235876441001892,0.5908638834953308,10.858270263671898,0.7470686784080058,0.0,0.7470686784080058,Cubierta,-0.010190308094024686,-0.001703560352325495,Estable
Solanum tuberosum,2020-03-26,86,Media,3.216614631616496,1.15,3.69910682635897,2.25,0.2843395471572876,0.2734195291996002,0.6365152597427368,0.6122133731842041,11.431176757812525,-1.4491068263589701,1.4491068263589701,0.0,Baja,0.050496324896812494,0.009469747543335016,Aumento
Solanum tuberosum,2020-03-27,87,Media,3.3215727420686583,1.15,3.819808653378957,0.18,0.2635979652404785,0.2715934514999389,0.5901396870613098,0.6080759763717651,12.330316162109398,-3.6398086533789566,3.6398086533789566,0.0,Moderada,-0.020741581916809082,-0.0018260776996613104,Estable
Solanum tuberosum,2020-03-28,88,Media,3.3271949309264675,1.15,3.826274170565437,0.0,0.2531955540180206,0.2694453001022339,0.5667470693588257,0.6033211946487427,11.557153320312525,-3.826274170565437,3.826274170565437,0.0,Moderada,-0.010402411222457941,-0.0021481513977050226,Estable
Solanum tuberosum,2020-03-29,89,Media,3.183669345592364,1.15,3.661219747431218,0.36,0.2232374250888824,0.2665849328041076,0.4997977614402771,0.5968359112739563,10.112084960937525,-3.301219747431218,3.301219747431218,0.0,Moderada,-0.029958128929138184,-0.002860367298126276,Estable
Solanum tuberosum,2020-03-30,90,Media,2.550843030742843,1.15,2.9334694853542693,12.26,0.2029734700918197,0.2642343938350677,0.454388827085495,0.5917019248008728,11.640496826171898,9.32653051464573,0.0,9.32653051464573,Cubierta,-0.020263954997062683,-0.002350538969039917,Estable
Solanum tuberosum,2020-03-31,91,Media,2.3706443417071856,1.15,2.7262409929632634,13.94,0.2005254924297332,0.2630885243415832,0.4488885998725891,0.5888931155204773,12.311975097656273,11.213759007036735,0.0,11.213759007036735,Cubierta,-0.0024479776620865146,-0.001145869493484497,Estable
Solanum tuberosum,2020-04-01,92,Media,2.522888057474769,1.15,2.901321266095984,13.63,0.2240067273378372,0.2632297873497009,0.5015571117401123,0.5891873240470886,12.607232666015648,10.728678733904017,0.0,10.728678733904017,Cubierta,0.023481234908104,0.0001412630081177313,Estable
Solanum tuberosum,2020-04-02,93,Media,2.5323071063014786,1.15,2.9121531722467,0.51,0.2758886218070984,0.2711183726787567,0.6175916790962219,0.6071338057518005,12.400231933593773,-2.4021531722466998,2.4021531722466998,0.0,Moderada,0.0518818944692612,0.007888585329055786,Aumento
Solanum tuberosum,2020-04-03,94,Media,2.6271785844235063,1.15,3.021255372087032,4.01,0.2659236192703247,0.2712969481945038,0.5954230427742004,0.6072812080383301,11.971063232421898,0.9887446279129679,0.0,0.9887446279129679,Cubierta,-0.009965002536773682,0.0001785755157470703,Estable
Solanum tuberosum,2020-04-04,95,Media,2.631227149463299,1.15,3.0259112218827937,13.38,0.2443749606609344,0.2690936326980591,0.5469956994056702,0.602382481098175,11.662469482421898,10.354088778117207,0.0,10.354088778117207,Cubierta,-0.021548658609390314,-0.002203315496444702,Estable
Solanum tuberosum,2020-04-05,96,Media,2.946154645803796,1.15,3.3880778426743654,6.21,0.2137376368045807,0.2659193873405456,0.4783735871315002,0.5953014492988586,13.015100097656273,2.8219221573256346,0.0,2.8219221573256346,Cubierta,-0.030637323856353704,-0.0031742453575134832,Estable
Solanum tuberosum,2020-04-06,97,Media,2.3361058897670874,1.15,2.6865217732321502,23.66,0.2832644879817962,0.2733738720417022,0.6341358423233032,0.6120943427085876,12.442376708984398,20.97347822676785,0.0,20.97347822676785,Cubierta,0.06952685117721552,0.007454484701156616,Aumento
Solanum tuberosum,2020-04-07,98,Media,2.8235723243522544,1.15,3.2471081730050924,1.37,0.3046170771121979,0.2882801592350006,0.6819403171539307,0.645259439945221,11.765863037109398,-1.8771081730050923,1.8771081730050923,0.0,Baja,0.021352589130401667,0.014906287193298395,Aumento
Solanum tuberosum,2020-04-08,99,Media,2.579785188348954,1.15,2.966752966601297,0.01,0.256966769695282,0.281900942325592,0.5752382278442383,0.6312613487243652,11.818231201171898,-2.956752966601297,2.956752966601297,0.0,Moderada,-0.047650307416915894,-0.006379216909408625,Disminución
Solanum tuberosum,2020-04-09,100,Media,2.502048930341428,1.15,2.8773562698926423,5.67,0.2632371485233307,0.2805583775043487,0.5894350409507751,0.6280880570411682,12.382135009765648,2.7926437301073577,0.0,2.7926437301073577,Cubierta,0.006270378828048706,-0.0013425648212432861,Estable
Solanum tuberosum,2020-04-10,101,Media,2.748002778812846,1.15,3.1602031956347725,10.78,0.2536020278930664,0.2785641252994537,0.5677119493484497,0.6235864758491516,12.384851074218773,7.619796804365227,0.0,7.619796804365227,Cubierta,-0.009635120630264282,-0.0019942522048950195,Estable
Solanum tuberosum,2020-04-11,102,Media,2.1904408175685526,1.15,2.5190069402038358,11.22,0.2507103085517883,0.2779609858989715,0.5611761212348938,0.6223846673965454,11.232232666015648,8.700993059796165,0.0,8.700993059796165,Cubierta,-0.0028917193412781317,-0.0006031394004821777,Estable
Solanum tuberosum,2020-04-12,103,Media,3.1211472500048454,1.15,3.589319337505572,1.49,0.283517986536026,0.2840209007263183,0.6344996094703674,0.6356989145278931,11.581750488281273,-2.0993193375055723,2.0993193375055723,0.0,Moderada,0.032807677984237726,0.006059914827346802,Aumento
Solanum tuberosum,2020-04-13,104,Media,3.7334030069544064,1.15,4.293413457997567,0.64,0.2301941663026809,0.2793667316436767,0.5152503848075867,0.6254781484603882,11.344110107421898,-3.653413457997567,3.653413457997567,0.0,Moderada,-0.05332382023334509,-0.0046541690826416016,Estable
Solanum tuberosum,2020-04-14,105,Media,3.385449292858578,1.15,3.893266686787365,0.48,0.2501223981380462,0.2789831161499023,0.560073971748352,0.6245298981666565,12.416467285156273,-3.413266686787365,3.413266686787365,0.0,Moderada,0.019928231835365295,-0.00038361549377441406,Estable
Solanum tuberosum,2020-04-15,106,Media,2.568026783405522,1.15,2.95323080091635,1.67,0.2361091822385788,0.2771470844745636,0.5286099314689636,0.6206106543540955,11.727471923828148,-1.2832308009163502,1.2832308009163502,0.0,Baja,-0.014013215899467413,-0.0018360316753386896,Estable
Solanum tuberosum,2020-04-16,107,Final,3.093421749481525,1.15,3.557435011903753,0.45,0.2384891659021377,0.2761068940162658,0.5337837338447571,0.6180773973464966,12.009973144531273,-3.107435011903753,3.107435011903753,0.0,Moderada,0.0023799836635589044,-0.001040190458297785,Estable
Solanum tuberosum,2020-04-17,108,Final,2.4743830297632456,1.1277777777777778,2.790554194677438,0.36,0.2434961348772049,0.2759918868541717,0.5450820326805115,0.617851734161377,11.538934326171898,-2.430554194677438,2.430554194677438,0.0,Moderada,0.005006968975067194,-0.00011500716209411621,Estable
Solanum tuberosum,2020-04-18,109,Final,2.23434610023789,1.1055555555555554,2.470193744151889,1.94,0.2200187444686889,0.2736431658267975,0.4926237165927887,0.6124780774116516,11.407861328125025,-0.5301937441518891,0.5301937441518891,0.0,Baja,-0.023477390408515986,-0.002348721027374212,Estable
Solanum tuberosum,2020-04-19,110,Final,2.556302616112022,1.0833333333333333,2.769327834121357,11.51,0.2208987474441528,0.2730054259300232,0.4945263564586639,0.6111860275268555,10.943811035156273,8.740672165878642,0.0,8.740672165878642,Cubierta,0.0008800029754638949,-0.000637739896774292,Estable
Solanum tuberosum,2020-04-20,111,Final,3.000688655567568,1.0611111111111111,3.1840640734078085,14.03,0.2254912704229354,0.2725829482078552,0.5048649907112122,0.6102330088615417,11.530175781250025,10.84593592659219,0.0,10.84593592659219,Cubierta,0.004592522978782598,-0.00042247772216796875,Estable
Solanum tuberosum,2020-04-21,112,Final,2.484278657685948,1.0388888888888888,2.580889494373735,12.34,0.2286286950111389,0.2717643678188324,0.5117641091346741,0.6085439324378967,11.718957519531273,9.759110505626264,0.0,9.759110505626264,Cubierta,0.0031374245882034857,-0.0008185803890228271,Estable
Solanum tuberosum,2020-04-22,113,Final,2.547582601264165,1.0166666666666666,2.590042311285234,3.69,0.2255481928586959,0.2706317901611328,0.5050390958786011,0.6057701110839844,11.604150390625025,1.099957688714766,0.0,1.099957688714766,Cubierta,-0.0030805021524429876,-0.001132577657699585,Estable
Solanum tuberosum,2020-04-23,114,Final,2.4331279022078816,0.9944444444444444,2.419610524973393,4.07,0.282408058643341,0.277260810136795,0.6320677399635315,0.6205888986587524,11.109979248046898,1.6503894750266075,0.0,1.6503894750266075,Cubierta,0.05685986578464511,0.006629019975662176,Aumento
Solanum tuberosum,2020-04-24,115,Final,3.602164808568888,0.9722222222222222,3.50210467499753,3.6,0.2774258553981781,0.2801449298858642,0.6212552785873413,0.6271358728408813,11.013452148437525,0.09789532500247011,0.0,0.09789532500247011,Cubierta,-0.004982203245162908,0.002884119749069214,Estable
Solanum tuberosum,2020-04-25,116,Final,3.6421246252385537,0.95,3.460018393976626,0.89,0.252183735370636,0.2772245705127716,0.564588189125061,0.6205685138702393,11.884576416015648,-2.5700183939766257,2.5700183939766257,0.0,Moderada,-0.025242120027542114,-0.002920359373092596,Estable
Solanum tuberosum,2020-04-26,117,Final,3.2750924383669004,0.9277777777777776,3.0385579844848465,0.39,0.214451715350151,0.2738314568996429,0.4801662862300873,0.6130648255348206,10.058068847656273,-2.6485579844848464,2.6485579844848464,0.0,Moderada,-0.03773202002048498,-0.0033931136131287176,Estable
Solanum tuberosum,2020-04-27,118,Final,3.3073257435316203,0.9055555555555554,2.994967201086967,1.11,0.2274602800607681,0.2732399106025696,0.5090691447257996,0.6116491556167603,11.024560546875025,-1.884967201086967,1.884967201086967,0.0,Baja,0.013008564710617093,-0.0005915462970733087,Estable
Solanum tuberosum,2020-04-28,119,Final,2.9114449729585474,0.8833333333333333,2.57177639278005,6.16,0.2182606756687164,0.2714687585830688,0.4885684847831726,0.6075807809829712,11.213891601562525,3.58822360721995,0.0,3.58822360721995,Cubierta,-0.009199604392051697,-0.001771152019500788,Estable
Solanum tuberosum,2020-04-29,120,Final,2.569877814533544,0.8611111111111112,2.212950340292774,2.49,0.225150391459465,0.2705267369747162,0.5040437579154968,0.6057178378105164,11.773095703125025,0.27704965970722606,0.0,0.27704965970722606,Cubierta,0.006889715790748596,-0.0009420216083526056,Estable
Solanum tuberosum,2020-04-30,121,Final,2.4907310361180386,0.8388888888888888,2.089446591410132,13.78,0.2356075048446655,0.2705721259117126,0.5274770855903625,0.6057619452476501,12.028833007812525,11.690553408589867,0.0,11.690553408589867,Cubierta,0.0104571133852005,4.538893699640445e-05,Estable
Solanum tuberosum,2020-05-01,122,Final,1.9281911318489604,0.8166666666666667,1.5746894243433176,10.34,0.2406628280878067,0.2704663574695587,0.5386015176773071,0.6055603623390198,11.751000976562525,8.765310575656683,0.0,8.765310575656683,Cubierta,0.005055323243141202,-0.00010576844215387515,Estable
Solanum tuberosum,2020-05-02,123,Final,2.398009187072448,0.7944444444444445,1.9050850763964449,6.65,0.2473119348287582,0.2713973522186279,0.5537124276161194,0.6076388955116272,11.565698242187525,4.744914923603556,0.0,4.744914923603556,Cubierta,0.00664910674095151,0.0009309947490691584,Estable
Solanum tuberosum,2020-05-03,124,Final,2.452086179238459,0.7722222222222223,1.8935554384119213,8.0,0.232431098818779,0.2701475918292999,0.5204673409461975,0.6046335101127625,12.361871337890648,6.106444561588079,0.0,6.106444561588079,Cubierta,-0.01488083600997922,-0.0012497603893279474,Estable
Solanum tuberosum,2020-05-04,125,Final,2.878340997625268,0.75,2.158755748218951,0.54,0.2389140427112579,0.2696700394153595,0.5349622964859009,0.6036849021911621,11.366296386718773,-1.618755748218951,1.618755748218951,0.0,Baja,0.006482943892478915,-0.0004775524139404297,Estable
Zea mays,2020-01-01,1,Inicial,2.948231749521185,0.3,0.8844695248563554,7.24,0.2746143341064453,0.2986800968647003,0.6149797439575195,0.6684417724609375,10.910028076171898,6.355530475143645,0.0,6.355530475143645,Cubierta,,,Estable
Zea mays,2020-01-02,2,Inicial,3.4359345425368817,0.3,1.0307803627610646,0.52,0.2655819356441498,0.2972196936607361,0.5945673584938049,0.6652793884277344,11.199792480468773,-0.5107803627610645,0.5107803627610645,0.0,Baja,-0.009032398462295532,-0.0014604032039642334,Estable
Zea mays,2020-01-03,3,Inicial,3.652309775578801,0.3,1.0956929326736402,0.0,0.24663046002388,0.2948575913906097,0.5521380305290222,0.6600413918495178,10.803247070312525,-1.0956929326736402,1.0956929326736402,0.0,Baja,-0.018951475620269775,-0.0023621022701263983,Estable
Zea mays,2020-01-04,4,Inicial,3.842009095850095,0.3,1.1526027287550284,0.18,0.2315411418676376,0.2924184799194336,0.518290102481842,0.6547495126724243,10.901818847656273,-0.9726027287550285,0.9726027287550285,0.0,Baja,-0.015089318156242398,-0.002439111471176092,Estable
Zea mays,2020-01-05,5,Inicial,3.4255878055717583,0.3,1.0276763416715275,0.18,0.2236680090427398,0.2904499769210815,0.5008542537689209,0.6502418518066406,11.140313720703148,-0.8476763416715276,0.8476763416715276,0.0,Baja,-0.007873132824897794,-0.0019685029983521063,Estable
Zea mays,2020-01-06,6,Inicial,3.609329165524247,0.3,1.082798749657274,0.33,0.221180647611618,0.2889252305030823,0.4952643811702728,0.6467413306236267,10.146020507812525,-0.7527987496572739,0.7527987496572739,0.0,Baja,-0.002487361431121826,-0.001524746417999212,Estable
Zea mays,2020-01-07,7,Inicial,3.63223459194626,0.3,1.089670377583878,0.04,0.2170274257659912,0.2872630655765533,0.4858344197273254,0.6431044340133667,10.774011230468773,-1.049670377583878,1.049670377583878,0.0,Baja,-0.0041532218456267755,-0.0016621649265289862,Estable
Zea mays,2020-01-08,8,Inicial,3.535618541631738,0.3,1.0606855624895213,0.01,0.2169087827205658,0.2857446372509002,0.4855833351612091,0.6397907733917236,9.480859375000025,-1.0506855624895213,1.0506855624895213,0.0,Baja,-0.00011864304542541504,-0.0015184283256530762,Estable
Zea mays,2020-01-09,9,Inicial,3.616127554995845,0.3,1.0848382664987537,0.0,0.2104811668395996,0.283994197845459,0.471093088388443,0.635947048664093,8.966394042968773,-1.0848382664987537,1.0848382664987537,0.0,Baja,-0.0064276158809661865,-0.0017504394054412287,Estable
Zea mays,2020-01-10,10,Inicial,3.417106036202212,0.3,1.0251318108606635,0.0,0.2100433409214019,0.2826589345932007,0.4703034460544586,0.6328665018081665,8.167260742187523,-1.0251318108606635,1.0251318108606635,0.0,Baja,-0.0004378259181977151,-0.0013352632522583008,Estable
Zea mays,2020-01-11,11,Inicial,3.0661442874430813,0.3,0.9198432862329244,0.0,0.2089174836874008,0.2813650965690613,0.4676909446716308,0.6299169063568115,7.294152832031273,-0.9198432862329244,0.9198432862329244,0.0,Baja,-0.0011258572340011042,-0.0012938380241394043,Estable
Zea mays,2020-01-12,12,Inicial,2.6890860867374,0.3,0.80672582602122,0.0,0.2108506262302398,0.2803266644477844,0.4720624685287475,0.6275357007980347,9.357019042968773,-0.80672582602122,0.80672582602122,0.0,Baja,0.0019331425428390225,-0.0010384321212768555,Estable
Zea mays,2020-01-13,13,Inicial,3.2743357048555617,0.3,0.9823007114566684,0.0,0.2087039798498153,0.2790789902210235,0.4672080874443054,0.6248542070388794,9.219232177734398,-0.9823007114566684,0.9823007114566684,0.0,Baja,-0.0021466463804244995,-0.0012476742267609198,Estable
Zea mays,2020-01-14,14,Inicial,3.022525735174016,0.3,0.9067577205522048,0.0,0.2105519473552703,0.2779509425163269,0.4714041650295257,0.6223359107971191,9.656640625000025,-0.9067577205522048,0.9067577205522048,0.0,Baja,0.0018479675054549893,-0.0011280477046965998,Estable
Zea mays,2020-01-15,15,Inicial,2.892447644706006,0.3,0.8677342934118019,0.0,0.2085372507572174,0.276860624551773,0.4667938649654388,0.6199163794517517,9.227014160156273,-0.8677342934118019,0.8677342934118019,0.0,Baja,-0.0020146965980528952,-0.0010903179645538885,Estable
Zea mays,2020-01-16,16,Inicial,2.5509631062608813,0.3,0.7652889318782644,1.6,0.2047977745532989,0.2754416167736053,0.4583717882633209,0.6167877316474915,9.604058837890648,0.8347110681217357,0.0,0.8347110681217357,Cubierta,-0.0037394762039185125,-0.0014190077781677246,Estable
Zea mays,2020-01-17,17,Inicial,2.123625836918019,0.3,0.6370877510754057,3.92,0.2077111601829528,0.2745482921600342,0.4650589525699615,0.6144890189170837,10.502893066406273,3.2829122489245943,0.0,3.2829122489245943,Cubierta,0.002913385629653903,-0.0008933246135711115,Estable
Zea mays,2020-01-18,18,Inicial,2.457076041415373,0.3,0.737122812424612,0.81,0.2180327624082565,0.2743701934814453,0.4881190657615661,0.6141732335090637,10.842187500000025,0.07287718757538808,0.0,0.07287718757538808,Cubierta,0.010321602225303705,-0.0001780986785888672,Estable
Zea mays,2020-01-19,19,Inicial,2.6849474282341173,0.3,0.8054842284702352,1.28,0.2238282859325409,0.2738048136234283,0.5010724067687988,0.6128256916999817,10.861352539062525,0.4745157715297649,0.0,0.4745157715297649,Cubierta,0.0057955235242843905,-0.0005653798580170233,Estable
Zea mays,2020-01-20,20,Inicial,2.0816455357680983,0.3,0.6244936607304294,3.23,0.2300102710723877,0.2732718884944916,0.5150047540664673,0.6116583347320557,11.008447265625025,2.6055063392695708,0.0,2.6055063392695708,Cubierta,0.006181985139846802,-0.0005329251289367121,Estable
Zea mays,2020-01-21,21,Inicial,2.589197755053443,0.3,0.7767593265160329,10.51,0.2776890993118286,0.2764692008495331,0.6215779781341553,0.6190438270568848,10.997521972656273,9.733240673483968,0.0,9.733240673483968,Cubierta,0.04767882823944092,0.003197312355041504,Estable
Zea mays,2020-01-22,22,Inicial,2.230115953986533,0.3,0.6690347861959599,1.52,0.2813131213188171,0.279358297586441,0.6296303272247314,0.6252856254577637,11.026483154296898,0.8509652138040401,0.0,0.8509652138040401,Cubierta,0.00362402200698847,0.0028890967369079035,Estable
Zea mays,2020-01-23,23,Desarrollo,3.0231741605568065,0.3,0.906952248167042,0.04,0.2543753087520599,0.2772768139839172,0.5694832801818848,0.6206307411193848,10.375817871093773,-0.866952248167042,0.866952248167042,0.0,Baja,-0.026937812566757202,-0.0020814836025238037,Estable
Zea mays,2020-01-24,24,Desarrollo,2.586677938014444,0.3214285714285714,0.8314321943617854,3.11,0.2654004395008087,0.27736696600914,0.5939206480979919,0.6210359334945679,11.167718505859398,2.2785678056382146,0.0,2.2785678056382146,Cubierta,0.011025130748748835,9.015202522283383e-05,Estable
Zea mays,2020-01-25,25,Desarrollo,2.8270782875977893,0.3428571428571428,0.969283984319242,3.33,0.2785582542419433,0.2801665961742401,0.623546838760376,0.6271925568580627,11.012170410156273,2.360716015680758,0.0,2.360716015680758,Cubierta,0.013157814741134588,0.0027996301651000977,Estable
Zea mays,2020-01-26,26,Desarrollo,2.8592092343467463,0.3642857142857142,1.0415690782263147,9.31,0.2917945086956024,0.2835708260536194,0.6531261205673218,0.634725034236908,10.548059082031273,8.268430921773685,0.0,8.268430921773685,Cubierta,0.013236254453659113,0.0034042298793792725,Estable
Zea mays,2020-01-27,27,Desarrollo,3.197498176772503,0.3857142857142857,1.2333207253265366,4.58,0.2769192457199096,0.2824744284152984,0.6197158098220825,0.632459819316864,11.287438964843773,3.3466792746734635,0.0,3.3466792746734635,Cubierta,-0.014875262975692805,-0.0010963976383209784,Estable
Zea mays,2020-01-28,28,Desarrollo,3.0623564253268816,0.4071428571428571,1.2468165445973731,0.07,0.288808524608612,0.2827996015548706,0.6465105414390564,0.6330852508544922,11.325189208984398,-1.176816544597373,1.176816544597373,0.0,Baja,0.011889278888702393,0.00032517313957219907,Estable
Zea mays,2020-01-29,29,Desarrollo,3.282537487982082,0.4285714285714285,1.4068017805637494,2.73,0.2753844857215881,0.2828554809093475,0.6163906455039978,0.6334013342857361,11.248925781250025,1.3231982194362506,0.0,1.3231982194362506,Cubierta,-0.013424038887023926,5.58793544768732e-05,Estable
Zea mays,2020-01-30,30,Desarrollo,3.220521836988908,0.4499999999999999,1.4492348266450084,0.59,0.2492743730545044,0.2804329991340637,0.5580548644065857,0.6275911331176758,11.391961669921898,-0.8592348266450084,0.8592348266450084,0.0,Baja,-0.026110112667083685,-0.002422481775283758,Estable
Zea mays,2020-01-31,31,Desarrollo,2.652374252562516,0.4714285714285714,1.2504050047794717,0.0,0.2273979932069778,0.2779696881771087,0.5091440081596375,0.6222366094589233,9.499108886718773,-1.2504050047794717,1.2504050047794717,0.0,Baja,-0.021876379847526606,-0.0024633109569550116,Estable
Zea mays,2020-02-01,32,Desarrollo,2.573089729374203,0.4928571428571428,1.268165652334429,7.56,0.2258870303630828,0.2767135202884674,0.5055345892906189,0.6195324659347534,11.308251953125025,6.291834347665571,0.0,6.291834347665571,Cubierta,-0.0015109628438949863,-0.001256167888641302,Estable
Zea mays,2020-02-02,33,Desarrollo,3.279578952552463,0.5142857142857142,1.686640604169838,1.99,0.2204961627721786,0.2752612233161926,0.4935779273509979,0.6163914799690247,11.114923095703148,0.3033593958301619,0.0,0.3033593958301619,Cubierta,-0.005390867590904208,-0.0014522969722747803,Estable
Zea mays,2020-02-03,34,Desarrollo,3.3391805897721194,0.5357142857142857,1.7888467445207783,0.12,0.2164567857980728,0.273760437965393,0.4845251739025116,0.6128060817718506,10.871423339843773,-1.6688467445207782,1.6688467445207782,0.0,Baja,-0.004039376974105807,-0.001500785350799616,Estable
Zea mays,2020-02-04,35,Desarrollo,3.9831310885574367,0.5571428571428572,2.219173035053429,0.0,0.2100583761930465,0.2722263932228088,0.4702250957489013,0.6095258593559265,9.797631835937525,-2.219173035053429,2.219173035053429,0.0,Moderada,-0.006398409605026301,-0.0015340447425842285,Estable
Zea mays,2020-02-05,36,Desarrollo,4.244793931187747,0.5785714285714285,2.455916488758625,0.0,0.2006809264421463,0.2705520689487457,0.4492982625961303,0.6055396199226379,7.838159179687523,-2.455916488758625,2.455916488758625,0.0,Moderada,-0.009377449750900185,-0.0016743242740630548,Estable
Zea mays,2020-02-06,37,Desarrollo,4.169733176569154,0.5999999999999999,2.501839905941492,0.0,0.1767249256372451,0.267781525850296,0.3955183029174804,0.5994586944580078,6.867028808593773,-2.501839905941492,2.501839905941492,0.0,Moderada,-0.023956000804901206,-0.002770543098449707,Estable
Zea mays,2020-02-07,38,Desarrollo,4.0865957124513415,0.6214285714285714,2.5395273355947623,0.0,0.1767972558736801,0.2662941813468933,0.3957181274890899,0.5963003635406494,7.492089843750023,-2.5395273355947623,2.5395273355947623,0.0,Moderada,7.233023643499203e-05,-0.00148734450340271,Estable
Zea mays,2020-02-08,39,Desarrollo,3.268439705235638,0.6428571428571428,2.1011398105086245,1.77,0.1823482662439346,0.2652748823165893,0.4082421064376831,0.5938217639923096,9.937188720703148,-0.3311398105086245,0.3311398105086245,0.0,Baja,0.005551010370254517,-0.0010192990303040106,Estable
Zea mays,2020-02-09,40,Desarrollo,3.30872980351908,0.6642857142857143,2.197941940909103,23.23,0.1983443796634674,0.265025645494461,0.4440963864326477,0.5933203101158142,11.104760742187525,21.032058059090897,0.0,21.032058059090897,Cubierta,0.015996113419532804,-0.0002492368221282959,Estable
Zea mays,2020-02-10,41,Desarrollo,3.880629515402008,0.6857142857142857,2.6610030962756626,2.61,0.2136109471321106,0.2650732100009918,0.4781440496444702,0.5933699011802673,8.760339355468773,-0.051003096275662685,0.051003096275662685,0.0,Baja,0.015266567468643188,4.756450653081723e-05,Estable
Zea mays,2020-02-11,42,Desarrollo,3.8381170799608064,0.7071428571428571,2.7140970779722844,0.07,0.1838676333427429,0.2624737322330475,0.4115966260433197,0.5874166488647461,8.149285888671898,-2.6440970779722845,2.6440970779722845,0.0,Moderada,-0.029743313789367704,-0.002599477767944336,Estable
Zea mays,2020-02-12,43,Desarrollo,3.7387676578637534,0.7285714285714284,2.723959293586449,0.0,0.1768476068973541,0.2606357634067535,0.3958576917648315,0.5835667252540588,8.815972900390648,-2.723959293586449,2.723959293586449,0.0,Moderada,-0.007020026445388794,-0.0018379688262940008,Estable
Zea mays,2020-02-13,44,Desarrollo,3.6900119890205856,0.75,2.767508991765439,0.1,0.1803713291883468,0.259611576795578,0.4037930369377136,0.5810755491256714,10.473291015625025,-2.667508991765439,2.667508991765439,0.0,Moderada,0.003523722290992709,-0.0010241866111754816,Estable
Zea mays,2020-02-14,45,Desarrollo,2.8355856754959605,0.7714285714285714,2.187451806811169,0.48,0.1989832371473312,0.2591719031333923,0.4454621970653534,0.580151379108429,9.278466796875025,-1.7074518068111688,1.7074518068111688,0.0,Baja,0.018611907958984403,-0.00043967366218572446,Estable
Zea mays,2020-02-15,46,Desarrollo,2.6765302968514897,0.7928571428571429,2.1221061639322527,0.22,0.2052931636571884,0.2586721181869507,0.4594780802726745,0.5791447162628174,10.469934082031273,-1.9021061639322527,1.9021061639322527,0.0,Baja,0.006309926509857178,-0.0004997849464415949,Estable
Zea mays,2020-02-16,47,Desarrollo,3.117126568501001,0.8142857142857143,2.538231634350815,0.0,0.1986427754163742,0.2576354742050171,0.4446353912353515,0.5765464901924133,10.033471679687525,-2.538231634350815,2.538231634350815,0.0,Moderada,-0.006650388240814181,-0.0010366439819335938,Estable
Zea mays,2020-02-17,48,Desarrollo,3.665628234218672,0.8357142857142856,3.063417881454176,0.0,0.1877762228250503,0.2560195624828338,0.4204446375370025,0.5728833675384521,9.768212890625025,-3.063417881454176,3.063417881454176,0.0,Moderada,-0.010866552591323908,-0.001615911722183283,Estable
Zea mays,2020-02-18,49,Desarrollo,3.492022458866841,0.8571428571428572,2.9931621076001496,0.0,0.1857706904411316,0.2548185884952545,0.4159465134143829,0.5704189538955688,9.950219726562525,-2.9931621076001496,2.9931621076001496,0.0,Moderada,-0.0020055323839187067,-0.0012009739875792902,Estable
Zea mays,2020-02-19,50,Desarrollo,2.918052034422252,0.8785714285714286,2.563717144528121,0.57,0.1872323900461197,0.2538785934448242,0.4191077649593353,0.5682427287101746,11.746820068359398,-1.9937171445281212,1.9937171445281212,0.0,Baja,0.0014616996049880981,-0.0009399950504302979,Estable
Zea mays,2020-02-20,51,Desarrollo,3.314226504146355,0.8999999999999999,2.982803853731719,0.18,0.2236148566007614,0.2550888955593109,0.500618577003479,0.5711452960968018,11.591271972656273,-2.802803853731719,2.802803853731719,0.0,Moderada,0.036382466554641724,0.0012103021144866943,Estable
Zea mays,2020-02-21,52,Desarrollo,3.139896751369089,0.9214285714285712,2.893190578047232,0.12,0.2261070013046264,0.2548896968364715,0.5061571002006531,0.5707740783691406,11.824792480468773,-2.773190578047232,2.773190578047232,0.0,Moderada,0.0024921447038649958,-0.00019919872283941098,Estable
Zea mays,2020-02-22,53,Desarrollo,2.396003652736208,0.9428571428571428,2.259089158294139,0.43,0.242223709821701,0.2557536959648132,0.5422936081886292,0.572752058506012,12.420373535156273,-1.829089158294139,1.829089158294139,0.0,Baja,0.016116708517074585,0.0008639991283416748,Estable
Zea mays,2020-02-23,54,Desarrollo,2.1392010919117426,0.9642857142857142,2.0628010529148946,19.53,0.2677009999752044,0.2634223699569702,0.599253237247467,0.5897852778434753,12.508630371093773,17.467198947085105,0.0,17.467198947085105,Cubierta,0.025477290153503418,0.007668673992157038,Aumento
Zea mays,2020-02-24,55,Desarrollo,2.3170551880178496,0.9857142857142857,2.283954399617594,8.55,0.2588692605495453,0.2627563774585724,0.57943195104599,0.5883241295814514,12.572229003906273,6.266045600382407,0.0,6.266045600382407,Cubierta,-0.008831739425659124,-0.0006659924983978271,Estable
Zea mays,2020-02-25,56,Desarrollo,2.9252566598674297,1.0071428571428571,2.9461513502950543,0.8,0.2585375607013702,0.2624483406543731,0.5787733197212219,0.5873503684997559,12.687341308593773,-2.146151350295054,2.146151350295054,0.0,Moderada,-0.00033169984817510434,-0.00030803680419927426,Estable
Zea mays,2020-02-26,57,Desarrollo,3.159819723194727,1.0285714285714285,3.250100286714576,0.02,0.2571020126342773,0.2623478770256042,0.5756126642227173,0.5871629118919373,12.678430175781273,-3.230100286714576,3.230100286714576,0.0,Moderada,-0.0014355480670928955,-0.0001004636287689209,Estable
Zea mays,2020-02-27,58,Desarrollo,3.456607537547279,1.05,3.6294379144246434,0.18,0.26055908203125,0.2622732818126678,0.5833175778388977,0.5869681239128113,12.553857421875025,-3.449437914424643,3.449437914424643,0.0,Moderada,0.0034570693969727118,-7.459521293640137e-05,Estable
Zea mays,2020-02-28,59,Desarrollo,3.371494345365816,1.0714285714285714,3.612315370034803,0.02,0.2319629490375518,0.2599510252475738,0.5191401839256287,0.5818336009979248,12.552697753906273,-3.592315370034803,3.592315370034803,0.0,Moderada,-0.028596132993698203,-0.002322256565093994,Estable
Zea mays,2020-02-29,60,Desarrollo,3.6544199817696392,1.0928571428571427,3.9937589800768194,0.35,0.2162789553403854,0.258466362953186,0.4841081798076629,0.5786082148551941,11.741845703125025,-3.6437589800768193,3.6437589800768193,0.0,Moderada,-0.015683993697166387,-0.0014846622943878174,Estable
Zea mays,2020-03-01,61,Desarrollo,3.240013985102308,1.114285714285714,3.610301297685429,72.85,0.203538492321968,0.2566025555133819,0.4556828737258911,0.5743725299835205,11.519921875000025,69.23969870231457,0.0,69.23969870231457,Cubierta,-0.012740463018417414,-0.0018638074398040771,Estable
Zea mays,2020-03-02,62,Desarrollo,3.3398924289877967,1.1357142857142857,3.793163544350426,12.14,0.1961739361286163,0.2550231218338012,0.439160019159317,0.5709739923477173,12.152612304687525,8.346836455649575,0.0,8.346836455649575,Cubierta,-0.00736455619335169,-0.0015794336795806885,Estable
Zea mays,2020-03-03,63,Desarrollo,3.531389914112611,1.157142857142857,4.086322614901735,0.83,0.2070548236370086,0.2545174956321716,0.4635263085365295,0.5699523091316223,12.325585937500025,-3.256322614901735,3.256322614901735,0.0,Moderada,0.010880887508392306,-0.0005056262016296387,Estable
Zea mays,2020-03-04,64,Desarrollo,3.817984901814575,1.1785714285714284,4.499767919995748,0.0,0.1768831759691238,0.2516687512397766,0.3959431946277618,0.5634123682975769,11.309655761718773,-4.499767919995748,4.499767919995748,0.0,Alta,-0.0301716476678848,-0.002848744392394964,Estable
Zea mays,2020-03-05,65,Desarrollo,4.352237717167281,1.2,5.222685260600737,0.0,0.1736954301595688,0.2502045929431915,0.3888481557369232,0.5602402091026306,9.734887695312525,-5.222685260600737,5.222685260600737,0.0,Alta,-0.003187745809555026,-0.0014641582965851385,Estable
Zea mays,2020-03-06,66,Media,4.247409486947092,1.2,5.09689138433651,0.0,0.160724401473999,0.2482027560472488,0.3597050309181213,0.5555602312088013,9.301354980468773,-5.09689138433651,5.09689138433651,0.0,Alta,-0.012971028685569791,-0.0020018368959426602,Estable
Zea mays,2020-03-07,67,Media,3.4518025368936005,1.2,4.14216304427232,0.81,0.1637406349182129,0.2470306009054184,0.3665027618408203,0.5530008673667908,10.209161376953148,-3.33216304427232,3.33216304427232,0.0,Moderada,0.003016233444213895,-0.0011721551418304166,Estable
Zea mays,2020-03-08,68,Media,2.8986032878309578,1.2,3.478323945397149,11.8,0.1728366017341613,0.2463504374027252,0.386936217546463,0.551427960395813,11.088952636718773,8.321676054602852,0.0,8.321676054602852,Cubierta,0.009095966815948403,-0.000680163502693204,Estable
Zea mays,2020-03-09,69,Media,2.4540412289598925,1.2,2.9448494747518708,6.03,0.1842152625322342,0.2459021210670471,0.4123090803623199,0.5503965020179749,11.448388671875025,3.0851505252481295,0.0,3.0851505252481295,Cubierta,0.011378660798072898,-0.0004483163356781006,Estable
Zea mays,2020-03-10,70,Media,2.8475698258184265,1.2,3.417083790982112,3.58,0.2477736473083496,0.2499169707298278,0.554608941078186,0.5594798922538757,11.471215820312525,0.16291620901788795,0.0,0.16291620901788795,Cubierta,0.06355838477611542,0.004014849662780706,Estable
Zea mays,2020-03-11,71,Media,3.0986824618183264,1.2,3.718418954181992,10.22,0.251617431640625,0.2513230741024017,0.5632652640342712,0.5626598596572876,11.851251220703148,6.501581045818009,0.0,6.501581045818009,Cubierta,0.0038437843322753906,0.0014061033725738803,Estable
Zea mays,2020-03-12,72,Media,2.594486676056316,1.2,3.1133840112675792,3.18,0.246285855770111,0.2508704960346222,0.5514435768127441,0.5615320205688477,11.931726074218773,0.06661598873242092,0.0,0.06661598873242092,Cubierta,-0.005331575870513999,-0.0004525780677794855,Estable
Zea mays,2020-03-13,73,Media,2.5263580448359333,1.2,3.03162965380312,11.32,0.2887640297412872,0.2560513317584991,0.6464170217514038,0.573232114315033,12.091302490234398,8.28837034619688,0.0,8.28837034619688,Cubierta,0.042478173971176175,0.005180835723876898,Aumento
Zea mays,2020-03-14,74,Media,2.292794364677023,1.2,2.7513532376124274,14.93,0.2658706605434418,0.259913682937622,0.5950819849967957,0.5817363858222961,12.072656250000025,12.178646762387572,0.0,12.178646762387572,Cubierta,-0.022893369197845403,0.003862351179122925,Estable
Zea mays,2020-03-15,75,Media,2.615711011781474,1.2,3.138853214137769,16.33,0.2686693370342254,0.2639972567558288,0.6013837456703186,0.5909135341644287,12.363122558593773,13.19114678586223,0.0,13.19114678586223,Cubierta,0.002798676490783636,0.004083573818206787,Estable
Zea mays,2020-03-16,76,Media,3.097518737676989,1.2,3.7170224852123854,1.33,0.242931067943573,0.2607799172401428,0.5437864661216736,0.5837200284004211,13.019738769531273,-2.3870224852123854,2.3870224852123854,0.0,Moderada,-0.02573826909065241,-0.0032173395156859796,Estable
Zea mays,2020-03-17,77,Media,3.810480679908264,1.2,4.572576815889916,0.0,0.2500636279582977,0.2604047060012817,0.5598828792572021,0.5829643607139587,11.935693359375025,-4.572576815889916,4.572576815889916,0.0,Alta,0.007132560014724676,-0.0003752112388611395,Estable
Zea mays,2020-03-18,78,Media,3.429303569747668,1.2,4.115164283697202,0.0,0.2217862606048584,0.2577000558376312,0.4964143931865692,0.5770552754402161,11.986383056640648,-4.115164283697202,4.115164283697202,0.0,Alta,-0.028277367353439276,-0.002704650163650457,Estable
Zea mays,2020-03-19,79,Media,3.0694178759915816,1.2,3.6833014511898976,0.01,0.2795619964599609,0.2649308145046234,0.6258862018585205,0.592998743057251,10.784295654296898,-3.673301451189898,3.673301451189898,0.0,Moderada,0.057775735855102484,0.0072307586669921875,Aumento
Zea mays,2020-03-20,80,Media,1.4939680924748744,1.2,1.7927617109698493,0.18,0.2614538073539734,0.2628643810749054,0.5852376818656921,0.5886270403862,10.679254150390648,-1.6127617109698493,1.6127617109698493,0.0,Baja,-0.018108189105987493,-0.0020664334297180176,Estable
Zea mays,2020-03-21,81,Media,1.7583500856228598,1.2,2.1100201027474315,0.03,0.2740433812141418,0.2664081454277038,0.6136701703071594,0.5964492559432983,10.421411132812525,-2.0800201027474317,2.0800201027474317,0.0,Moderada,0.012589573860168402,0.0035437643527984064,Estable
Zea mays,2020-03-22,82,Media,3.556217632475733,1.2,4.267461158970879,0.0,0.2572545707225799,0.26518315076828,0.5761153697967529,0.5937525629997253,9.781823730468773,-4.267461158970879,4.267461158970879,0.0,Alta,-0.01678881049156189,-0.0012249946594238281,Estable
Zea mays,2020-03-23,83,Media,3.026920456426764,1.2,3.632304547712117,0.01,0.2687681019306183,0.2682282328605652,0.6017157435417175,0.6006450653076172,10.701531982421898,-3.622304547712117,3.622304547712117,0.0,Moderada,0.011513531208038386,0.0030450820922852118,Estable
Zea mays,2020-03-24,84,Media,2.48034144265086,1.2,2.976409731181032,0.0,0.2440335303544998,0.2656533420085907,0.5462899208068848,0.5947559475898743,10.549432373046898,-2.976409731181032,2.976409731181032,0.0,Moderada,-0.024734571576118497,-0.0025748908519744873,Estable
Zea mays,2020-03-25,85,Media,3.132983757906082,1.2,3.7595805094872974,4.35,0.2338432222604751,0.2639497816562652,0.5235876441001892,0.5908638834953308,10.858270263671898,0.5904194905127023,0.0,0.5904194905127023,Cubierta,-0.010190308094024686,-0.001703560352325495,Estable
Zea mays,2020-03-26,86,Media,3.216614631616496,1.2,3.8599375579397943,2.25,0.2843395471572876,0.2734195291996002,0.6365152597427368,0.6122133731842041,11.431176757812525,-1.6099375579397943,1.6099375579397943,0.0,Baja,0.050496324896812494,0.009469747543335016,Aumento
Zea mays,2020-03-27,87,Media,3.3215727420686583,1.2,3.9858872904823897,0.18,0.2635979652404785,0.2715934514999389,0.5901396870613098,0.6080759763717651,12.330316162109398,-3.8058872904823895,3.8058872904823895,0.0,Moderada,-0.020741581916809082,-0.0018260776996613104,Estable
Zea mays,2020-03-28,88,Media,3.3271949309264675,1.2,3.992633917111761,0.0,0.2531955540180206,0.2694453001022339,0.5667470693588257,0.6033211946487427,11.557153320312525,-3.992633917111761,3.992633917111761,0.0,Moderada,-0.010402411222457941,-0.0021481513977050226,Estable
Zea mays,2020-03-29,89,Media,3.183669345592364,1.2,3.820403214710837,0.36,0.2232374250888824,0.2665849328041076,0.4997977614402771,0.5968359112739563,10.112084960937525,-3.460403214710837,3.460403214710837,0.0,Moderada,-0.029958128929138184,-0.002860367298126276,Estable
Zea mays,2020-03-30,90,Media,2.550843030742843,1.2,3.0610116368914118,12.26,0.2029734700918197,0.2642343938350677,0.454388827085495,0.5917019248008728,11.640496826171898,9.198988363108588,0.0,9.198988363108588,Cubierta,-0.020263954997062683,-0.002350538969039917,Estable
Zea mays,2020-03-31,91,Media,2.3706443417071856,1.2,2.8447732100486225,13.94,0.2005254924297332,0.2630885243415832,0.4488885998725891,0.5888931155204773,12.311975097656273,11.095226789951377,0.0,11.095226789951377,Cubierta,-0.0024479776620865146,-0.001145869493484497,Estable
Zea mays,2020-04-01,92,Media,2.522888057474769,1.2,3.0274656689697226,13.63,0.2240067273378372,0.2632297873497009,0.5015571117401123,0.5891873240470886,12.607232666015648,10.602534331030277,0.0,10.602534331030277,Cubierta,0.023481234908104,0.0001412630081177313,Estable
Zea mays,2020-04-02,93,Media,2.5323071063014786,1.2,3.0387685275617744,0.51,0.2758886218070984,0.2711183726787567,0.6175916790962219,0.6071338057518005,12.400231933593773,-2.528768527561774,2.528768527561774,0.0,Moderada,0.0518818944692612,0.007888585329055786,Aumento
Zea mays,2020-04-03,94,Media,2.6271785844235063,1.2,3.1526143013082075,4.01,0.2659236192703247,0.2712969481945038,0.5954230427742004,0.6072812080383301,11.971063232421898,0.8573856986917923,0.0,0.8573856986917923,Cubierta,-0.009965002536773682,0.0001785755157470703,Estable
Zea mays,2020-04-04,95,Media,2.631227149463299,1.2,3.1574725793559586,13.38,0.2443749606609344,0.2690936326980591,0.5469956994056702,0.602382481098175,11.662469482421898,10.222527420644042,0.0,10.222527420644042,Cubierta,-0.021548658609390314,-0.002203315496444702,Estable
Zea mays,2020-04-05,96,Media,2.946154645803796,1.2,3.5353855749645557,6.21,0.2137376368045807,0.2659193873405456,0.4783735871315002,0.5953014492988586,13.015100097656273,2.674614425035444,0.0,2.674614425035444,Cubierta,-0.030637323856353704,-0.0031742453575134832,Estable
Zea mays,2020-04-06,97,Media,2.3361058897670874,1.2,2.8033270677205047,23.66,0.2832644879817962,0.2733738720417022,0.6341358423233032,0.6120943427085876,12.442376708984398,20.856672932279494,0.0,20.856672932279494,Cubierta,0.06952685117721552,0.007454484701156616,Aumento
Zea mays,2020-04-07,98,Media,2.8235723243522544,1.2,3.3882867892227053,1.37,0.3046170771121979,0.2882801592350006,0.6819403171539307,0.645259439945221,11.765863037109398,-2.018286789222705,2.018286789222705,0.0,Moderada,0.021352589130401667,0.014906287193298395,Aumento
Zea mays,2020-04-08,99,Media,2.579785188348954,1.2,3.0957422260187446,0.01,0.256966769695282,0.281900942325592,0.5752382278442383,0.6312613487243652,11.818231201171898,-3.085742226018745,3.085742226018745,0.0,Moderada,-0.047650307416915894,-0.006379216909408625,Disminución
Zea mays,2020-04-09,100,Media,2.502048930341428,1.2,3.0024587164097136,5.67,0.2632371485233307,0.2805583775043487,0.5894350409507751,0.6280880570411682,12.382135009765648,2.6675412835902863,0.0,2.6675412835902863,Cubierta,0.006270378828048706,-0.0013425648212432861,Estable
Zea mays,2020-04-10,101,Media,2.748002778812846,1.2,3.297603334575415,10.78,0.2536020278930664,0.2785641252994537,0.5677119493484497,0.6235864758491516,12.384851074218773,7.482396665424584,0.0,7.482396665424584,Cubierta,-0.009635120630264282,-0.0019942522048950195,Estable
Zea mays,2020-04-11,102,Media,2.1904408175685526,1.2,2.628528981082263,11.22,0.2507103085517883,0.2779609858989715,0.5611761212348938,0.6223846673965454,11.232232666015648,8.591471018917737,0.0,8.591471018917737,Cubierta,-0.0028917193412781317,-0.0006031394004821777,Estable
Zea mays,2020-04-12,103,Media,3.1211472500048454,1.2,3.7453767000058154,1.49,0.283517986536026,0.2840209007263183,0.6344996094703674,0.6356989145278931,11.581750488281273,-2.255376700005815,2.255376700005815,0.0,Moderada,0.032807677984237726,0.006059914827346802,Aumento
Zea mays,2020-04-13,104,Media,3.7334030069544064,1.2,4.480083608345288,0.64,0.2301941663026809,0.2793667316436767,0.5152503848075867,0.6254781484603882,11.344110107421898,-3.8400836083452883,3.8400836083452883,0.0,Moderada,-0.05332382023334509,-0.0046541690826416016,Estable
Zea mays,2020-04-14,105,Media,3.385449292858578,1.2,4.062539151430293,0.48,0.2501223981380462,0.2789831161499023,0.560073971748352,0.6245298981666565,12.416467285156273,-3.5825391514302933,3.5825391514302933,0.0,Moderada,0.019928231835365295,-0.00038361549377441406,Estable
Zea mays,2020-04-15,106,Media,2.568026783405522,1.2,3.0816321400866262,1.67,0.2361091822385788,0.2771470844745636,0.5286099314689636,0.6206106543540955,11.727471923828148,-1.4116321400866263,1.4116321400866263,0.0,Baja,-0.014013215899467413,-0.0018360316753386896,Estable
Zea mays,2020-04-16,107,Media,3.093421749481525,1.2,3.71210609937783,0.45,0.2384891659021377,0.2761068940162658,0.5337837338447571,0.6180773973464966,12.009973144531273,-3.2621060993778297,3.2621060993778297,0.0,Moderada,0.0023799836635589044,-0.001040190458297785,Estable
Zea mays,2020-04-17,108,Media,2.4743830297632456,1.2,2.9692596357158947,0.36,0.2434961348772049,0.2759918868541717,0.5450820326805115,0.617851734161377,11.538934326171898,-2.609259635715895,2.609259635715895,0.0,Moderada,0.005006968975067194,-0.00011500716209411621,Estable
Zea mays,2020-04-18,109,Media,2.23434610023789,1.2,2.681215320285468,1.94,0.2200187444686889,0.2736431658267975,0.4926237165927887,0.6124780774116516,11.407861328125025,-0.7412153202854679,0.7412153202854679,0.0,Baja,-0.023477390408515986,-0.002348721027374212,Estable
Zea mays,2020-04-19,110,Media,2.556302616112022,1.2,3.067563139334426,11.51,0.2208987474441528,0.2730054259300232,0.4945263564586639,0.6111860275268555,10.943811035156273,8.442436860665573,0.0,8.442436860665573,Cubierta,0.0008800029754638949,-0.000637739896774292,Estable
Zea mays,2020-04-20,111,Media,3.000688655567568,1.2,3.600826386681081,14.03,0.2254912704229354,0.2725829482078552,0.5048649907112122,0.6102330088615417,11.530175781250025,10.429173613318918,0.0,10.429173613318918,Cubierta,0.004592522978782598,-0.00042247772216796875,Estable
Zea mays,2020-04-21,112,Media,2.484278657685948,1.2,2.9811343892231377,12.34,0.2286286950111389,0.2717643678188324,0.5117641091346741,0.6085439324378967,11.718957519531273,9.358865610776862,0.0,9.358865610776862,Cubierta,0.0031374245882034857,-0.0008185803890228271,Estable
Zea mays,2020-04-22,113,Media,2.547582601264165,1.2,3.057099121516998,3.69,0.2255481928586959,0.2706317901611328,0.5050390958786011,0.6057701110839844,11.604150390625025,0.6329008784830021,0.0,0.6329008784830021,Cubierta,-0.0030805021524429876,-0.001132577657699585,Estable
Zea mays,2020-04-23,114,Media,2.4331279022078816,1.2,2.9197534826494578,4.07,0.282408058643341,0.277260810136795,0.6320677399635315,0.6205888986587524,11.109979248046898,1.1502465173505425,0.0,1.1502465173505425,Cubierta,0.05685986578464511,0.006629019975662176,Aumento
Zea mays,2020-04-24,115,Media,3.602164808568888,1.2,4.322597770282665,3.6,0.2774258553981781,0.2801449298858642,0.6212552785873413,0.6271358728408813,11.013452148437525,-0.7225977702826651,0.7225977702826651,0.0,Baja,-0.004982203245162908,0.002884119749069214,Estable
Zea mays,2020-04-25,116,Media,3.6421246252385537,1.2,4.370549550286264,0.89,0.252183735370636,0.2772245705127716,0.564588189125061,0.6205685138702393,11.884576416015648,-3.480549550286264,3.480549550286264,0.0,Moderada,-0.025242120027542114,-0.002920359373092596,Estable
Zea mays,2020-04-26,117,Media,3.2750924383669004,1.2,3.930110926040281,0.39,0.214451715350151,0.2738314568996429,0.4801662862300873,0.6130648255348206,10.058068847656273,-3.5401109260402808,3.5401109260402808,0.0,Moderada,-0.03773202002048498,-0.0033931136131287176,Estable
Zea mays,2020-04-27,118,Media,3.3073257435316203,1.2,3.968790892237944,1.11,0.2274602800607681,0.2732399106025696,0.5090691447257996,0.6116491556167603,11.024560546875025,-2.858790892237944,2.858790892237944,0.0,Moderada,0.013008564710617093,-0.0005915462970733087,Estable
Zea mays,2020-04-28,119,Media,2.9114449729585474,1.2,3.493733967550257,6.16,0.2182606756687164,0.2714687585830688,0.4885684847831726,0.6075807809829712,11.213891601562525,2.666266032449743,0.0,2.666266032449743,Cubierta,-0.009199604392051697,-0.001771152019500788,Estable
Zea mays,2020-04-29,120,Media,2.569877814533544,1.2,3.083853377440253,2.49,0.225150391459465,0.2705267369747162,0.5040437579154968,0.6057178378105164,11.773095703125025,-0.5938533774402526,0.5938533774402526,0.0,Baja,0.006889715790748596,-0.0009420216083526056,Estable
Zea mays,2020-04-30,121,Media,2.4907310361180386,1.2,2.9888772433416464,13.78,0.2356075048446655,0.2705721259117126,0.5274770855903625,0.6057619452476501,12.028833007812525,10.791122756658353,0.0,10.791122756658353,Cubierta,0.0104571133852005,4.538893699640445e-05,Estable
Zea mays,2020-05-01,122,Media,1.9281911318489604,1.2,2.313829358218753,10.34,0.2406628280878067,0.2704663574695587,0.5386015176773071,0.6055603623390198,11.751000976562525,8.026170641781247,0.0,8.026170641781247,Cubierta,0.005055323243141202,-0.00010576844215387515,Estable
Zea mays,2020-05-02,123,Media,2.398009187072448,1.2,2.8776110244869373,6.65,0.2473119348287582,0.2713973522186279,0.5537124276161194,0.6076388955116272,11.565698242187525,3.772388975513063,0.0,3.772388975513063,Cubierta,0.00664910674095151,0.0009309947490691584,Estable
Zea mays,2020-05-03,124,Media,2.452086179238459,1.2,2.942503415086151,8.0,0.232431098818779,0.2701475918292999,0.5204673409461975,0.6046335101127625,12.361871337890648,5.057496584913849,0.0,5.057496584913849,Cubierta,-0.01488083600997922,-0.0012497603893279474,Estable
Zea mays,2020-05-04,125,Media,2.878340997625268,1.2,3.454009197150321,0.54,0.2389140427112579,0.2696700394153595,0.5349622964859009,0.6036849021911621,11.366296386718773,-2.914009197150321,2.914009197150321,0.0,Moderada,0.006482943892478915,-0.0004775524139404297,Estable
Zea mays,2020-05-05,126,Media,2.735042161775325,1.2,3.28205059413039,0.33,0.2286075055599212,0.2682690322399139,0.511755645275116,0.6006035804748535,11.830316162109398,-2.95205059413039,2.95205059413039,0.0,Moderada,-0.010306537151336698,-0.0014010071754456122,Estable
Zea mays,2020-05-06,127,Media,2.7599698526081,1.2,3.31196382312972,23.26,0.2379012107849121,0.2681674659252167,0.5325181484222412,0.6004127264022827,11.598168945312525,19.948036176870282,0.0,19.948036176870282,Cubierta,0.0092937052249909,-0.00010156631469721011,Estable
Zea mays,2020-05-07,128,Media,2.3692243829139072,1.2,2.8430692594966884,10.52,0.2342580556869506,0.2673550546169281,0.5243942141532898,0.5983250737190247,11.992364501953148,7.676930740503311,0.0,7.676930740503311,Cubierta,-0.003643155097961509,-0.0008124113082885742,Estable
Zea mays,2020-05-08,129,Media,2.018374595772705,1.2,2.422049514927246,3.36,0.2543240487575531,0.2683139741420746,0.5692935585975647,0.6004765033721924,10.853509521484398,0.9379504850727538,0.0,0.9379504850727538,Cubierta,0.0200659930706025,0.0009589195251464844,Estable
Zea mays,2020-05-09,130,Media,2.3629387686425987,1.2,2.835526522371118,9.36,0.2710512280464172,0.2707079350948334,0.6067816019058228,0.6062122583389282,10.367639160156273,6.524473477628881,0.0,6.524473477628881,Cubierta,0.01672717928886408,0.002393960952758789,Estable
Zea mays,2020-05-10,131,Media,3.110750993883749,1.2,3.7329011926604982,5.36,0.2577276229858398,0.2700836658477783,0.576809823513031,0.6047849059104919,11.502587890625025,1.627098807339502,0.0,1.627098807339502,Cubierta,-0.013323605060577393,-0.0006242692470550537,Estable
Zea mays,2020-05-11,132,Media,2.8929174719843203,1.2,3.471500966381184,2.2,0.2311294376850128,0.2677622437477112,0.5175451636314392,0.5994083285331726,12.118920898437525,-1.271500966381184,1.271500966381184,0.0,Baja,-0.026598185300827,-0.0023214221000671387,Estable
Zea mays,2020-05-12,133,Media,2.96787129725583,1.2,3.561445556706996,15.92,0.2158661037683487,0.2651923596858978,0.4833025932312011,0.593776524066925,12.895776367187525,12.358554443293004,0.0,12.358554443293004,Cubierta,-0.015263333916664096,-0.0025698840618133545,Estable
Zea mays,2020-05-13,134,Media,2.572155974588492,1.2,3.0865871695061906,2.78,0.2349113970994949,0.2654805183410644,0.5257561206817627,0.5943794846534729,11.608911132812525,-0.3065871695061908,0.3065871695061908,0.0,Baja,0.019045293331146212,0.00028815865516657047,Estable
Zea mays,2020-05-14,135,Media,2.810431478370752,1.2,3.372517774044902,2.52,0.2558269798755646,0.2666885256767273,0.5726211071014404,0.5970319509506226,12.014672851562525,-0.8525177740449021,0.8525177740449021,0.0,Baja,0.02091558277606967,0.0012080073356628973,Estable
Zea mays,2020-05-15,136,Media,2.8951729513671056,1.2,3.4742075416405265,0.57,0.2416178882122039,0.2659331560134887,0.5407572984695435,0.5952630639076233,11.512231445312525,-2.9042075416405266,2.9042075416405266,0.0,Moderada,-0.014209091663360679,-0.0007553696632385809,Estable
Zea mays,2020-05-16,137,Media,2.9014866716508734,1.2,3.481784005981048,0.28,0.2390032112598419,0.2650797367095947,0.5350504517555237,0.5933128595352173,11.556604003906273,-3.2017840059810476,3.2017840059810476,0.0,Moderada,-0.002614676952362005,-0.0008534193038939875,Estable
Zea mays,2020-05-17,138,Media,2.430553932931653,1.2,2.916664719517984,4.79,0.2366593033075332,0.2645877003669739,0.5297552347183228,0.5920823216438293,11.579248046875025,1.8733352804820163,0.0,1.8733352804820163,Cubierta,-0.0023439079523086825,-0.0004920363426208496,Estable
Zea mays,2020-05-18,139,Media,2.5932052343502026,1.2,3.111846281220243,7.85,0.2477447688579559,0.2650832235813141,0.5546221137046814,0.5933219194412231,11.306756591796898,4.738153718779756,0.0,4.738153718779756,Cubierta,0.011085465550422696,0.00049552321434021,Estable
Zea mays,2020-05-19,140,Media,2.617580670435277,1.2,3.141096804522332,7.13,0.2527722418308258,0.265298068523407,0.5661026835441589,0.5939779281616211,11.037896728515648,3.988903195477668,0.0,3.988903195477668,Cubierta,0.005027472972869901,0.0002148449420928955,Estable
Zea mays,2020-05-20,141,Media,3.030874330796454,1.2,3.637049196955745,0.29,0.225763514637947,0.262932151556015,0.5055040121078491,0.5888035297393799,10.868127441406273,-3.3470491969557448,3.3470491969557448,0.0,Moderada,-0.027008727192878806,-0.0023659169673919678,Estable
Zea mays,2020-05-21,142,Media,2.645177684082293,1.2,3.1742132208987512,1.33,0.2204947471618652,0.261577308177948,0.4935763776302337,0.5855982899665833,11.206323242187525,-1.8442132208987512,1.8442132208987512,0.0,Baja,-0.005268767476081793,-0.0013548433780670166,Estable
Zea mays,2020-05-22,143,Media,2.47680528230496,1.2,2.972166338765952,1.9,0.2345729917287826,0.2619511783123016,0.5250754952430725,0.5863019227981567,11.613427734375025,-1.072166338765952,1.072166338765952,0.0,Baja,0.014078244566917392,0.0003738701343535822,Estable
Zea mays,2020-05-23,144,Media,2.786903804089937,1.2,3.3442845649079245,11.61,0.2522239089012146,0.2633793652057647,0.5644785165786743,0.5895261168479919,11.656213378906273,8.265715435092075,0.0,8.265715435092075,Cubierta,0.017650917172432,0.0014281868934631348,Estable
Zea mays,2020-05-24,145,Media,2.727091997821309,1.2,3.2725103973855707,2.05,0.2319868057966232,0.2615297734737396,0.5193046927452087,0.5854007601737976,10.945214843750025,-1.2225103973855709,1.2225103973855709,0.0,Baja,-0.020237103104591397,-0.001849591732025091,Estable
Zea mays,2020-05-25,146,Media,2.820456232366088,1.2,3.384547478839305,1.01,0.2377344369888305,0.2610085010528564,0.5320727825164795,0.584338366985321,11.805902099609398,-2.374547478839305,2.374547478839305,0.0,Moderada,0.005747631192207309,-0.0005212724208832342,Estable
Zea mays,2020-05-26,147,Media,2.3933592161916977,1.2,2.872031059430037,9.8,0.2561526894569397,0.2622886002063751,0.5734153389930725,0.5871784090995789,11.640283203125025,6.927968940569963,0.0,6.927968940569963,Cubierta,0.018418252468109186,0.0012800991535187323,Estable
Zea mays,2020-05-27,148,Media,2.2622761158194904,1.2,2.7147313389833885,7.2,0.2856523394584656,0.2661807537078857,0.6396353840827942,0.595686674118042,11.486749267578148,4.485268661016612,0.0,4.485268661016612,Cubierta,0.02949965000152588,0.0038921535015105646,Estable
Zea mays,2020-05-28,149,Media,2.057609455690836,1.2,2.4691313468290037,2.72,0.2728628516197204,0.2688995599746704,0.6106851696968079,0.6021209359169006,10.612176513671898,0.2508686531709965,0.0,0.2508686531709965,Cubierta,-0.012789487838745173,0.0027188062667847235,Estable
Zea mays,2020-05-29,150,Media,2.415427081918572,1.2,2.898512498302286,10.55,0.2732718884944916,0.2702650725841522,0.611635148525238,0.6051098108291626,11.005395507812525,7.651487501697715,0.0,7.651487501697715,Cubierta,0.0004090368747711737,0.0013655126094818115,Estable
Zea mays,2020-05-30,151,Media,2.139467343224204,1.2,2.5673608118690447,8.38,0.2888292074203491,0.279152512550354,0.6466822028160095,0.625141441822052,11.146142578125025,5.812639188130956,0.0,5.812639188130956,Cubierta,0.015557318925857544,0.008887439966201782,Aumento
Zea mays,2020-05-31,152,Media,2.565237851571957,1.2,3.0782854218863487,10.44,0.2855507135391235,0.283186137676239,0.6390745043754578,0.6339444518089294,10.869653320312525,7.36171457811365,0.0,7.36171457811365,Cubierta,-0.0032784938812256414,0.00403362512588501,Estable
Zea mays,2020-06-01,153,Media,2.658302603171614,1.2,3.1899631238059367,11.39,0.3092931509017944,0.2937643229961395,0.6924387216567993,0.6575907468795776,10.975061035156273,8.200036876194064,0.0,8.200036876194064,Cubierta,0.0237424373626709,0.010578185319900513,Aumento
Zea mays,2020-06-02,154,Media,2.7040065304478773,1.2,3.244807836537453,18.85,0.2968324422836303,0.2960154116153717,0.6644288301467896,0.6625398397445679,10.489831542968773,15.605192163462549,0.0,15.605192163462549,Cubierta,-0.012460708618164062,0.0022510886192321777,Estable
Zea mays,2020-06-03,155,Media,2.238667311039088,1.2,2.686400773246905,9.12,0.2673429250717163,0.2915054857730865,0.5984349846839905,0.6525474190711975,10.714898681640648,6.433599226753094,0.0,6.433599226753094,Cubierta,-0.029489517211914007,-0.004509925842285212,Estable
Zea mays,2020-06-04,156,Media,2.5687987591468144,1.2,3.082558510976177,14.2,0.2730558514595032,0.2906244993209839,0.6113665103912354,0.6505253314971924,10.686547851562525,11.117441489023822,0.0,11.117441489023822,Cubierta,0.005712926387786865,-0.0008809864521026056,Estable
Zea mays,2020-06-05,157,Media,2.484068246576048,1.2,2.9808818958912573,4.67,0.2653853297233581,0.2893108129501343,0.5941668748855591,0.6476714015007019,10.923913574218773,1.6891181041087426,0.0,1.6891181041087426,Cubierta,-0.007670521736145075,-0.0013136863708496094,Estable
Zea mays,2020-06-06,158,Media,1.8128024460528045,1.2,2.175362935263365,1.34,0.2881152927875519,0.2901138365268707,0.6448802947998047,0.6493204832077026,11.009271240234398,-0.8353629352633651,0.8353629352633651,0.0,Baja,0.02272996306419378,0.0008030235767364502,Estable
Zea mays,2020-06-07,159,Media,2.739173381945751,1.2,3.287008058334901,81.19,0.2846335172653198,0.292022168636322,0.6373379230499268,0.6536946296691895,10.367028808593773,77.90299194166509,0.0,77.90299194166509,Cubierta,-0.0034817755222320557,0.001908332109451294,Estable
Zea mays,2020-06-08,160,Media,2.718616921607002,1.2,3.262340305928402,6.66,0.273553192615509,0.2908904552459717,0.6123712062835693,0.6512407064437866,10.827233886718773,3.397659694071598,0.0,3.397659694071598,Cubierta,-0.011080324649810847,-0.0011317133903503418,Estable
Zea mays,2020-06-09,161,Media,2.951362862393648,1.2,3.541635434872377,1.24,0.2667451798915863,0.2898691296577453,0.5973590612411499,0.6488307118415833,10.159326171875025,-2.3016354348723773,2.3016354348723773,0.0,Moderada,-0.006808012723922674,-0.0010213255882263739,Estable
Zea mays,2020-06-10,162,Media,2.5577232191741177,1.2,3.069267863008941,6.17,0.2507591545581817,0.2880166172981262,0.561213493347168,0.6447206735610962,10.290490722656273,3.1007321369910588,0.0,3.1007321369910588,Cubierta,-0.015986025333404597,-0.0018525123596190851,Estable
Zea mays,2020-06-11,163,Media,2.715503792710568,1.2,3.2586045512526813,8.47,0.2864702045917511,0.2908141016960144,0.6412135362625122,0.6509455442428589,11.015161132812525,5.21139544874732,0.0,5.21139544874732,Cubierta,0.03571105003356939,0.0027974843978881836,Estable
Zea mays,2020-06-12,164,Media,2.5638768888176577,1.2,3.0766522665811893,14.22,0.3009273111820221,0.2969821393489837,0.6736097931861877,0.6648604273796082,10.677148437500025,11.14334773341881,0.0,11.14334773341881,Cubierta,0.014457106590270996,0.006168037652969305,Aumento
Zea mays,2020-06-13,165,Media,2.4620985622011644,1.2,2.9545182746413974,3.67,0.2976227402687073,0.2992972135543823,0.6664075255393982,0.6699014902114868,10.242028808593773,0.7154817253586025,0.0,0.7154817253586025,Cubierta,-0.0033045709133148193,0.002315074205398615,Estable
Zea mays,2020-06-14,166,Media,2.084051426255766,1.2,2.500861711506919,4.19,0.2643720507621765,0.2953957021236419,0.591911792755127,0.6613690257072449,10.095056152343773,1.6891382884930812,0.0,1.6891382884930812,Cubierta,-0.03325068950653076,-0.003901511430740412,Estable
Zea mays,2020-06-15,167,Media,2.3417811697807616,1.2,2.810137403736914,3.3,0.2674851715564728,0.2944069802761078,0.5987191796302795,0.6592147350311279,10.437097167968773,0.48986259626308604,0.0,0.48986259626308604,Cubierta,0.0031131207942962646,-0.0009887218475341242,Estable
Zea mays,2020-06-16,168,Media,2.624535204063843,1.2,3.1494422448766115,24.19,0.2773372232913971,0.2945739030838012,0.6208609342575073,0.6595761775970459,9.830865478515648,21.04055775512339,0.0,21.04055775512339,Cubierta,0.009852051734924316,0.00016692280769342593,Estable
Zea mays,2020-06-17,169,Media,2.3881215725094846,1.2,2.8657458870113817,3.66,0.3378816545009613,0.3080926537513733,0.7563563585281372,0.6895241737365723,10.432580566406273,0.7942541129886185,0.0,0.7942541129886185,Cubierta,0.06054443120956421,0.013518750667572077,Aumento
Zea mays,2020-06-18,170,Media,2.1505486057073933,1.2,2.580658326848872,9.3,0.3119906485080719,0.3117201030254364,0.6983691453933716,0.6978093981742859,10.569177246093773,6.719341673151129,0.0,6.719341673151129,Cubierta,-0.025891005992889404,0.0036274492740631104,Estable
Zea mays,2020-06-19,171,Media,2.625550962358098,1.2,3.150661154829718,2.98,0.3045967817306518,0.3117006123065948,0.6820680499076843,0.6977583765983582,10.590539550781273,-0.1706611548297179,0.1706611548297179,0.0,Baja,-0.0073938667774200995,-1.9490718841608246e-05,Estable
Zea mays,2020-06-20,172,Media,2.2920063116831955,1.2,2.7504075740198344,14.11,0.2824029624462127,0.3084666430950165,0.6322697401046753,0.6904463768005371,10.805566406250025,11.359592425980164,0.0,11.359592425980164,Cubierta,-0.022193819284439087,-0.0032339692115783136,Estable
Zea mays,2020-06-21,173,Media,2.257360839406208,1.2,2.7088330072874496,8.9,0.3167153298854828,0.316115140914917,0.7089596390724182,0.7076708078384399,10.497857666015648,6.191166992712551,0.0,6.191166992712551,Cubierta,0.034312367439270075,0.007648497819900513,Aumento
Zea mays,2020-06-22,174,Media,2.3250206097262325,1.2,2.790024731671479,2.47,0.3132871985435486,0.316822737455368,0.7015116214752197,0.7090710401535034,10.863580322265648,-0.3200247316714786,0.3200247316714786,0.0,Baja,-0.003428131341934204,0.0007075965404509943,Estable
Zea mays,2020-06-23,175,Media,2.3704448903759103,1.2,2.844533868451092,9.37,0.290557861328125,0.3141195774078369,0.6503105759620667,0.7031655311584473,10.669610595703148,6.525466131548907,0.0,6.525466131548907,Cubierta,-0.022729337215423584,-0.0027031600475310724,Estable
Zea mays,2020-06-24,176,Media,3.148572349367163,1.2,3.7782868192405954,0.63,0.2990307807922363,0.3141559660434723,0.6694256663322449,0.7032604813575745,10.649011230468773,-3.1482868192405955,3.1482868192405955,0.0,Moderada,0.008472919464111273,3.6388635635375977e-05,Estable
Zea mays,2020-06-25,177,Media,2.544783578529234,1.2,3.0537402942350806,8.39,0.2704015970230102,0.3112428784370422,0.6052783727645874,0.6967867612838745,9.500268554687525,5.33625970576492,0.0,5.33625970576492,Cubierta,-0.028629183769226074,-0.0029130876064301092,Estable
Zea mays,2020-06-26,178,Media,2.3957918239572056,1.2,2.8749501887486466,4.63,0.276016354560852,0.3107582628726959,0.6178601980209351,0.6958411335945129,10.581964111328148,1.7550498112513533,0.0,1.7550498112513533,Cubierta,0.005614757537841797,-0.00048461556434625797,Estable
Zea mays,2020-06-27,179,Media,2.617258873886409,1.2,3.1407106486636907,8.91,0.2702734470367431,0.3096157908439636,0.6050642728805542,0.693115234375,10.360650634765648,5.76928935133631,0.0,5.76928935133631,Cubierta,-0.005742907524108887,-0.0011424720287322998,Estable
Zea mays,2020-06-28,180,Media,2.0615617792104635,1.2,2.473874135052556,9.63,0.3019844591617584,0.3103122413158417,0.6760249137878418,0.6944863200187683,10.316949462890648,7.156125864947445,0.0,7.156125864947445,Cubierta,0.031711012125015314,0.0006964504718780518,Estable
Zea mays,2020-06-29,181,Media,2.5509195890948337,1.2,3.0611035069138004,0.71,0.3037254810333252,0.3122680485248565,0.6800022721290588,0.6991321444511414,10.576013183593773,-2.3511035069138004,2.3511035069138004,0.0,Moderada,0.0017410218715667725,0.001955807209014837,Estable
Zea mays,2020-06-30,182,Media,3.086926183411696,1.2,3.7043114200940352,0.19,0.2816466689109802,0.3103119134902954,0.630571722984314,0.6945595741271973,10.410363769531273,-3.5143114200940353,3.5143114200940353,0.0,Moderada,-0.02207881212234497,-0.0019561350345611017,Estable
Zea mays,2020-07-01,183,Media,2.430329012946636,1.2,2.9163948155359627,16.17,0.2630690634250641,0.3079206943511963,0.588817298412323,0.6894156336784363,10.346032714843773,13.253605184464039,0.0,13.253605184464039,Cubierta,-0.018577605485916138,-0.002391219139099121,Estable
Zea mays,2020-07-02,184,Final,2.198125882437364,1.2,2.6377510589248363,4.26,0.3231093287467956,0.3193024694919586,0.723355770111084,0.7148823142051697,10.503503417968773,1.6222489410751635,0.0,1.6222489410751635,Cubierta,0.06004026532173151,0.011381775140762329,Aumento
Zea mays,2020-07-03,185,Final,2.427743408693744,1.1806451612903226,2.8663035083287425,13.95,0.3169834613800049,0.3271607458591461,0.7096232175827026,0.7325795888900757,10.029229736328148,11.083696491671256,0.0,11.083696491671256,Cubierta,-0.006125867366790716,0.0078582763671875,Aumento
Zea mays,2020-07-04,186,Final,2.195513684247074,1.161290322580645,2.549628794609505,7.92,0.309785783290863,0.3244530260562897,0.6934781670570374,0.7263449430465698,10.251794433593773,5.370371205390494,0.0,5.370371205390494,Cubierta,-0.007197678089141901,-0.0027077198028564453,Estable
Zea mays,2020-07-05,187,Final,2.8281526305556066,1.1419354838709677,3.2295678426344665,4.95,0.3185181617736816,0.3277381062507629,0.7131742238998413,0.7334702014923096,10.318017578125025,1.7204321573655337,0.0,1.7204321573655337,Cubierta,0.008732378482818604,0.003285080194473211,Estable
Zea mays,2020-07-06,188,Final,2.2157686932494127,1.1225806451612903,2.487379049196115,4.08,0.322281926870346,0.3281714618206024,0.7215843200683594,0.7346217036247253,9.922448730468773,1.592620950803885,0.0,1.592620950803885,Cubierta,0.0037637650966644287,0.00043335556983953305,Estable
Zea mays,2020-07-07,189,Final,2.188824559462479,1.103225806451613,2.41476773979409,17.41,0.3159378468990326,0.3289544582366943,0.7072205543518066,0.736388623714447,10.182183837890648,14.99523226020591,0.0,14.99523226020591,Cubierta,-0.006344079971313421,0.0007829964160918634,Estable
Zea mays,2020-07-08,190,Final,2.741095498578465,1.0838709677419354,2.9709938307173034,6.68,0.2939869463443756,0.3263390660285949,0.6582478880882263,0.7307118773460388,10.114770507812525,3.7090061692826963,0.0,3.7090061692826963,Cubierta,-0.021950900554656982,-0.0026153922080993652,Estable
Zea mays,2020-07-09,191,Final,2.5346042980756627,1.064516129032258,2.698127156016028,7.41,0.2804362177848816,0.3238637745380401,0.6278605461120605,0.7250824570655823,10.114099121093773,4.711872843983972,0.0,4.711872843983972,Cubierta,-0.013550728559494019,-0.0024752914905548096,Estable
Zea mays,2020-07-10,192,Final,2.426431572830998,1.0451612903225806,2.536012353539495,8.24,0.2951857149600982,0.3240031898021698,0.6609098315238953,0.7254683375358582,10.270166015625025,5.703987646460505,0.0,5.703987646460505,Cubierta,0.01474949717521662,0.00013941526412969418,Estable
Zea mays,2020-07-11,193,Final,2.1658056532895738,1.0258064516129033,2.2216974120841435,6.36,0.2897041141986847,0.3228892982006073,0.6487152576446533,0.7226464748382568,10.352075195312525,4.138302587915857,0.0,4.138302587915857,Cubierta,-0.005481600761413519,-0.0011138916015625,Estable
Zea mays,2020-07-12,194,Final,2.3405212248587364,1.0064516129032255,2.355621361793309,0.56,0.3050105273723602,0.3242750465869903,0.6828332543373108,0.7260288000106812,9.654351806640648,-1.7956213617933088,1.7956213617933088,0.0,Baja,0.015306413173675482,0.0013857483863830011,Estable
Zea mays,2020-07-13,195,Final,2.451380091526852,0.9870967741935484,2.419749380668441,6.8,0.3126724064350128,0.3257686793804168,0.7000236511230469,0.7292041182518005,9.925317382812525,4.380250619331559,0.0,4.380250619331559,Cubierta,0.007661879062652643,0.0014936327934265137,Estable
Zea mays,2020-07-14,196,Final,2.665210241656593,0.967741935483871,2.5792357177321867,0.81,0.3036317527294159,0.3250238299369812,0.6797336339950562,0.7276099920272827,10.034509277343773,-1.7692357177321867,1.7692357177321867,0.0,Baja,-0.009040653705596924,-0.0007448494434356134,Estable
Zea mays,2020-07-15,197,Final,2.495493358115805,0.9483870967741936,2.366693700922731,10.83,0.2793479263782501,0.3221826553344726,0.6255431771278381,0.7213452458381653,9.163598632812525,8.463306299077269,0.0,8.463306299077269,Cubierta,-0.02428382635116577,-0.0028411746025086004,Estable
Zea mays,2020-07-16,198,Final,2.736040433177952,0.929032258064516,2.541869821791129,3.44,0.31243696808815,0.3246545791625976,0.6994317770004272,0.7268694639205933,10.275506591796898,0.8981301782088709,0.0,0.8981301782088709,Cubierta,0.0330890417098999,0.002471923828125,Estable
Zea mays,2020-07-17,199,Final,2.428120018924399,0.9096774193548388,2.2088059526989694,0.5,0.3006544709205627,0.3233988285064697,0.6729961037635803,0.7240926623344421,9.250634765625025,-1.7088059526989694,1.7088059526989694,0.0,Baja,-0.011782497167587336,-0.0012557506561278742,Estable
Zea mays,2020-07-18,200,Final,2.604058467542848,0.8903225806451613,2.318452054973633,5.43,0.3160994350910187,0.3259589970111847,0.7076200842857361,0.7297238707542419,10.151879882812525,3.111547945026367,0.0,3.111547945026367,Cubierta,0.015444964170455988,0.002560168504714966,Estable
Zea mays,2020-07-19,201,Final,2.5480596618422364,0.8709677419354839,2.219277769991625,0.17,0.3108000755310058,0.3263238668441772,0.6957159638404846,0.7305022478103638,10.245233154296898,-2.049277769991625,2.049277769991625,0.0,Moderada,-0.005299359560012873,0.0003648698329924982,Estable
Zea mays,2020-07-20,202,Final,2.227196585964001,0.8516129032258064,1.8967093506274075,0.06,0.302383691072464,0.3249794542789459,0.6770553588867188,0.7275682091712952,10.597711181640648,-1.8367093506274075,1.8367093506274075,0.0,Baja,-0.008416384458541815,-0.0013444125652312677,Estable
Zea mays,2020-07-21,203,Final,2.301629590214066,0.832258064516129,1.91554978798461,1.12,0.3123984038829803,0.3271058797836303,0.69942706823349,0.7323406338691711,10.239434814453148,-0.7955497879846098,0.7955497879846098,0.0,Baja,0.010014712810516302,0.0021264255046843927,Estable
Zea mays,2020-07-22,204,Final,2.268378022123183,0.8129032258064516,1.843971811532394,6.54,0.3150751292705536,0.3271812796592712,0.7053531408309937,0.7324630618095398,10.665826416015648,4.696028188467606,0.0,4.696028188467606,Cubierta,0.0026767253875732977,7.539987564086914e-05,Estable
Zea mays,2020-07-23,205,Final,2.306394477833429,0.7935483870967741,1.830235617893624,6.29,0.3038578033447265,0.3260747492313385,0.6802176237106323,0.7300010323524475,10.375482177734398,4.459764382106376,0.0,4.459764382106376,Cubierta,-0.011217325925827082,-0.0011065304279326837,Estable
Zea mays,2020-07-24,206,Final,2.212165875562139,0.7741935483870968,1.712644548822301,21.59,0.2934147715568542,0.3242843449115753,0.6568424701690674,0.7258824706077576,10.429467773437525,19.8773554511777,0.0,19.8773554511777,Cubierta,-0.010443031787872314,-0.0017904043197631836,Estable
Zea mays,2020-07-25,207,Final,2.0164444372723622,0.7548387096774194,1.52209031716688,10.2,0.3024939894676208,0.3246951699256897,0.6772685050964355,0.7266574501991272,10.589501953125025,8.67790968283312,0.0,8.67790968283312,Cubierta,0.009079217910766602,0.0004108250141143799,Estable
Zea mays,2020-07-26,208,Final,2.419884543804173,0.7354838709677419,1.7797860515721011,2.77,0.3148154020309448,0.3261139690876007,0.7049610018730164,0.7302734851837158,10.424218750000025,0.9902139484278989,0.0,0.9902139484278989,Cubierta,0.01232141256332403,0.0014187991619110107,Estable
Zea mays,2020-07-27,209,Final,2.832511924205875,0.7161290322580645,2.028444023140981,1.76,0.292882353067398,0.3240913152694702,0.6556872129440308,0.7256976366043091,9.945031738281273,-0.26844402314098104,0.26844402314098104,0.0,Baja,-0.02193304896354681,-0.002022653818130493,Estable
Zea mays,2020-07-28,210,Final,2.7827849577249806,0.6967741935483871,1.9389727447374057,0.27,0.288156121969223,0.3227431774139404,0.6450187563896179,0.7224364876747131,10.662652587890648,-1.6689727447374056,1.6689727447374056,0.0,Baja,-0.004726231098174993,-0.0013481378555298407,Estable
Zea mays,2020-07-29,211,Final,2.740730860849649,0.6774193548387096,1.8566241315433103,34.85,0.275371104478836,0.3207527995109558,0.6164708137512207,0.7179450392723083,10.604882812500025,32.99337586845669,0.0,32.99337586845669,Cubierta,-0.012785017490387018,-0.0019903779029845636,Estable
Zea mays,2020-07-30,212,Final,2.3789184232119025,0.6580645161290323,1.5654818010813811,7.93,0.2995287477970123,0.3209858238697052,0.6704126596450806,0.7184776067733765,11.217584228515648,6.364518198918619,0.0,6.364518198918619,Cubierta,0.02415764331817627,0.00023302435874938965,Estable
Zea mays,2020-07-31,213,Final,2.5218434003183066,0.6387096774193548,1.6107257847194345,0.42,0.3086648881435394,0.3229321837425232,0.6910127997398376,0.7228546142578125,10.779992675781273,-1.1907257847194346,1.1907257847194346,0.0,Baja,0.0091361403465271,0.0019463598728179932,Estable
Zea mays,2020-08-01,214,Final,2.9707150420727304,0.6193548387096773,1.8399267357353684,7.9,0.2818538844585418,0.3205595016479492,0.6310203671455383,0.7175159454345703,8.890832519531273,6.060073264264632,0.0,6.060073264264632,Cubierta,-0.02681100368499756,-0.0023726820945739746,Estable
Zea mays,2020-08-02,215,Final,2.943715387362909,0.6,1.766229232417745,0.0,0.251195877790451,0.317154049873352,0.5623787641525269,0.7098089456558228,8.240350341796898,-1.766229232417745,1.766229232417745,0.0,Baja,-0.03065800666809082,-0.0034054517745972235,Estable
