fecha,T2M,T2M_MAX,T2M_MIN,RH2M,WS10M,u2,ALLSKY_SFC_SW_DWN,Rs,Ra,Rso,Rns,Rnl,Rn,es,ea,deficit_presion_vapor,delta,ETo
2020-01-01,14.11,18.55,11.03,86.9,1.61,1.20420123102039,18.02,18.02,33.31316875071523,26.838421272326215,13.8754,3.1644736050179043,10.710926394982096,1.7258950658683083,1.4998028122395601,0.22609225362874819,0.11189772195344215,2.948231749521185
2020-01-02,13.39,19.22,8.33,79.94,1.8,1.3463119353022994,21.78,21.78,33.34204880604794,26.861688200104464,16.7706,4.42957566783132,12.341024332168683,1.662427074812411,1.3289442036050414,0.33348287120736964,0.10840280916546768,3.4359345425368817
2020-01-03,13.51,19.38,9.13,81.0,1.83,1.3687504675573376,23.4,23.4,33.37294115768645,26.88657631427851,18.018,4.853652944991164,13.164347055008836,1.7041061911063566,1.380326014796149,0.3237801763102077,0.11101429671208611,3.6523097755788005
2020-01-04,13.76,20.17,8.78,76.9,1.41,1.0546110159868012,24.17,24.17,33.405817287026835,26.9130626391203,18.6109,5.156023119034014,13.454876880965987,1.747055260920391,1.3434854956477809,0.40356976527261024,0.11358567086136732,3.8420090958500945
2020-01-05,13.97,19.82,9.56,83.39,1.57,1.1742831880136722,21.28,21.28,33.44064662633835,26.94112254804323,16.3856,4.12539224748096,12.26020775251904,1.7522880584072218,1.4612330119057821,0.29105504650143965,0.11373553527057823,3.4255878055717583
2020-01-06,14.01,19.93,10.36,83.87,1.57,1.1742831880136722,22.5,22.5,33.47739658766349,26.970729786885215,17.325,4.433050992316145,12.891949007683854,1.7930349746412375,1.503818433231606,0.2892165414096315,0.11634324549815837,3.609329165524247
2020-01-07,12.88,19.05,8.24,81.56,2.39,1.7876030696513863,23.93,23.93,33.51603259386599,27.001856498922194,18.4261,5.001036463073495,13.425063536926507,1.647343936070809,1.3435737142593518,0.3037702218114573,0.10785767623309578,3.63223459194626
2020-01-08,12.12,18.68,6.28,79.21,2.95,2.2064556717454353,23.7,23.7,33.556518111816544,27.03447325160388,18.249,5.038617218097403,13.210382781902595,1.5536491422837586,1.2306454856029652,0.32300365668079345,0.10234399222889978,3.535618541631738
2020-01-09,12.09,18.76,7.0,81.5,2.94,2.1989761609937557,24.59,24.59,33.59881468770561,27.06854906500315,18.9343,5.218730050972327,13.715569949027675,1.5832826227558168,1.2903753375459905,0.29290728520982623,0.10432114109103201,3.616127554995845
2020-01-10,10.87,17.58,5.14,83.43,3.7,2.7674189781213934,25.13,25.13,33.64288198446984,27.10405144196828,19.3501,5.411514461469994,13.938585538530006,1.4454907898472138,1.2059729659695306,0.23951782387768317,0.09618087450942985,3.417106036202212
2020-01-11,11.86,17.57,7.16,85.81,3.27,2.4458000157991773,21.27,21.27,33.68867782131741,27.14094639996616,16.3779,4.174645985436815,12.203254014563186,1.5108800839435856,1.2964862000319908,0.21439388391159486,0.09973447505404662,3.0661442874430813
2020-01-12,12.61,18.74,7.7,85.66,3.19,2.3859639297857416,16.77,16.77,33.736158215335536,27.179198504602923,12.9129,2.805810962578812,10.107089037421188,1.6065240536058372,1.37614850431876,0.23037554928707715,0.10541245245113849,2.6890860867373996
2020-01-13,13.07,18.52,9.05,87.15,3.38,2.528074634067651,22.4,22.4,33.78527742516088,27.21877090480661,17.247999999999998,4.370968100859702,12.877031899140295,1.6421953526352557,1.4311732498216256,0.2110221028136301,0.1073574516688864,3.2743357048555617
2020-01-14,13.04,18.23,9.01,87.13,3.36,2.5131156125642917,20.22,20.22,33.835987996691884,27.25962536965485,15.5694,3.755785495514752,11.813614504485248,1.621431843874214,1.4127535655676025,0.20867827830661145,0.1060254577892709,3.0225257351740153
2020-01-15,13.15,17.93,9.8,87.77,3.31,2.475718058805895,19.04,19.04,33.888240810819255,27.301722326828425,14.6608,3.396927651552243,11.263872348447757,1.6332621800576281,1.43351421543658,0.19974796462104805,0.10670524999701929,2.892447644706006
2020-01-16,13.92,18.91,9.89,88.39,4.03,3.014242832926815,15.88,15.88,33.941985133148535,27.345020902669788,12.2276,2.4520561654760185,9.775543834523983,1.7020130248577376,1.5044093126717544,0.19760371218598327,0.11051631886195555,2.5509631062608813
2020-01-17,13.5,16.99,11.26,91.11,5.07,3.792111951101477,13.62,13.62,33.99716866568607,27.389478963823326,10.4874,1.8154427545300091,8.67195724546999,1.6360380256068314,1.4905942451303842,0.14544378047644724,0.10658848350250164,2.123625836918019
2020-01-18,14.25,18.96,10.9,88.6,4.16,3.1114764726986475,14.79,14.79,34.053737600456905,27.4350531604321,11.3883,2.117550529795027,9.270749470204972,1.7479647617729737,1.5486967789308546,0.1992679828421191,0.11320249110645218,2.457076041415373
2020-01-19,14.24,18.55,11.52,89.55,3.67,2.744980445866355,16.95,16.95,34.111636675020314,27.481698970863366,13.051499999999999,2.693638802373885,10.357861197626114,1.7476197765051908,1.5649935098603984,0.18262626664479242,0.1131891481702935,2.6849474282341173
2020-01-20,13.8,17.59,11.14,92.95,2.23,1.6679308976245155,12.14,12.14,34.17080922984577,27.529370747932948,9.347800000000001,1.3629524053507514,7.98484759464925,1.6681789046615658,1.5505722918829254,0.11760661277864037,0.10842293353772425,2.0816455357680983
2020-01-21,14.11,18.16,11.69,89.18,1.38,1.0321724837317627,15.0,15.0,34.231197267509145,27.57802176659607,11.55,2.157606608004472,9.39239339199553,1.729497446191952,1.542365822513983,0.18713162367796898,0.11213128085270398,2.589197755053443
2020-01-22,13.97,17.56,11.46,88.53,1.23,0.9199798224565712,12.28,12.28,34.292741513665604,27.627604273069558,9.4556,1.4218765185597384,8.033723481440262,1.6804853606310555,1.4877336897666735,0.19275167086438194,0.10907504681591913,2.230115953986533
2020-01-23,14.25,19.65,9.23,85.72,1.18,0.882582268698174,17.98,17.98,34.355381479752744,27.678069535348,13.8446,3.0049403236821512,10.839659676317849,1.7270593149938431,1.4804352448127225,0.24662407018112065,0.11184860302767277,3.0231741605568065
2020-01-24,13.46,16.72,11.12,88.75,1.29,0.9648568869666478,15.44,15.44,34.41905552737408,27.72936789507365,11.8888,2.3085391775274076,9.580260822472592,1.6134169550276156,1.4319075475870087,0.18150940744060695,0.10514824981033838,2.586677938014444
2020-01-25,13.87,18.99,10.42,87.1,1.59,1.1892422095170312,16.67,16.67,34.48370093430949,27.7814488207171,12.835900000000002,2.608289193624056,10.227610806375946,1.7294881506804778,1.5063841792426962,0.2231039714377816,0.11234506859513667,2.8270782875977893
2020-01-26,13.96,18.58,10.4,87.84,1.43,1.06957003749016,17.08,17.08,34.54925396209621,27.83426096202319,13.151599999999998,2.7152475626988304,10.436352437301167,1.7008697599077127,1.494043997102935,0.20682576280477782,0.11040692213008446,2.8592092343467463
2020-01-27,13.97,17.99,11.62,89.67,1.45,1.0845290589935188,19.82,19.82,34.61564992512003,27.887752205673703,15.2614,3.421094244644609,11.840305755355391,1.7152479737423085,1.5380628580547282,0.17718511568758033,0.11133137926687828,3.197498176772503
2020-01-28,14.04,17.18,11.66,86.42,1.15,0.8601437364431356,18.62,18.62,34.68282326115342,27.941869732115645,14.3374,3.1724991343725417,11.164900865627459,1.6656853800116982,1.4394853054061096,0.22620007460558855,0.10805421347383608,3.0623564253268816
2020-01-29,14.19,18.64,11.39,87.05,1.3,0.9723363977183274,19.92,19.92,34.75070760327318,27.996560073501005,15.338400000000002,3.457366013843768,11.881033986156234,1.7478293807246454,1.5214854759208039,0.2263439048038416,0.11324774102142075,3.282537487982082
2020-01-30,13.81,18.84,10.26,82.07,2.86,2.13914007498032,19.58,19.58,34.81923585308732,28.05176917268127,15.0766,3.4674603927086483,11.60913960729135,1.7125381765674361,1.4054800815088948,0.3070580950585413,0.11129719004528582,3.2205218369889073
2020-01-31,13.36,17.78,9.03,85.23,3.27,2.4458000157991773,16.2,16.2,34.8883402551969,28.10744244319683,12.474,2.5069629140802494,9.96703708591975,1.5929999757294773,1.3577138793142336,0.23528609641524367,0.10390050360464788,2.6523742525625154
2020-02-01,13.97,18.03,10.98,89.72,2.87,2.1466195857319996,15.74,15.74,34.95795247281538,28.163524830198984,12.1198,2.2786448079200934,9.841155192079906,1.6894278519705348,1.515754668787964,0.17367318318257086,0.10965547594928474,2.573089729374203
2020-02-02,14.08,19.91,9.81,84.98,2.45,1.8324801341614632,20.0,20.0,35.02800366446434,28.219960872239053,15.4,3.4530417668489,11.9469582331511,1.768850639544425,1.5031692734848525,0.2656813660595725,0.1147101039235819,3.279578952552463
2020-02-03,12.81,18.7,7.31,84.28,3.17,2.3710049082823828,22.15,22.15,35.0984245616613,28.276694763856806,17.0555,4.149019673424924,12.906480326575075,1.5899937419572656,1.3400467257215833,0.24994701623568227,0.1041610278026127,3.3391805897721194
2020-02-04,11.76,18.9,6.59,74.01,2.67,1.9970293706984108,25.77,25.77,35.16914554751167,28.333670418897302,19.8429,5.440790772296414,14.402109227703587,1.5788610173730528,1.1685150389577965,0.41034597841525633,0.10430566314220245,3.9831310885574367
2020-02-05,12.08,19.08,6.72,68.61,2.38,1.7801235588997069,27.12,27.12,35.24009673611402,28.3908315344829,20.8824,5.986312922446646,14.896087077553354,1.5955714167230168,1.094721549013662,0.5008498677093549,0.10513927078622337,4.244793931187747
2020-02-06,11.33,18.74,5.63,69.3,2.5,1.8698776879198602,27.08,27.08,35.31120805268428,28.448121655564563,20.851599999999998,5.961649703742881,14.889950296257116,1.5367133643768605,1.0649423615131643,0.4717710028636961,0.1018726872501767,4.169733176569154
2020-02-07,12.83,20.27,6.16,67.76,2.01,1.5033816610875674,25.0,25.0,35.382409314301675,28.505484239974002,19.25,5.284342531662976,13.965657468337024,1.6615839593071828,1.1258892908265472,0.5356946684806356,0.1088335207536855,4.0865957124513415
2020-02-08,13.99,19.45,9.66,84.55,1.5,1.121926612751916,19.58,19.58,35.45363031117611,28.562862723895925,15.0766,3.305491491869768,11.771108508130231,1.7300549845404705,1.4627614894289678,0.2672934951115027,0.11227458216034007,3.2684397052356386
2020-02-09,13.71,19.01,9.85,83.81,1.72,1.286475849288864,20.04,20.04,35.52480088833401,28.620200587677417,15.4308,3.449980345680045,11.980819654319955,1.7072193405183986,1.43082052928847,0.2763988112299287,0.11103994263310715,3.30872980351908
2020-02-10,12.46,18.8,8.12,79.55,3.06,2.288730290013909,25.4,25.4,35.59585102761679,28.677441421889192,19.558,5.069598998173946,14.488401001826054,1.6258464523383347,1.293360852835145,0.3324855995031897,0.10680847402235318,3.8806295154020076
2020-02-11,12.29,18.68,7.65,80.65,3.04,2.27377126851055,25.46,25.46,35.666710929883784,28.734528993551574,19.604200000000002,5.056274166886167,14.547925833113835,1.600684771192385,1.2909522679666585,0.30973250322572654,0.10529879591650694,3.8381170799608064
2020-02-12,13.47,19.11,8.56,84.03,3.07,2.2962098007655882,24.72,24.72,35.73731109730915,28.791407312436146,19.034399999999998,4.705273605773891,14.329126394226108,1.6634481540668546,1.3977954838623778,0.2656526702044768,0.10840019503681853,3.7387676578637548
2020-02-13,14.26,19.75,9.78,85.59,2.39,1.7876030696513863,23.3,23.3,35.80758241565982,28.84802069735218,17.941000000000003,4.207696348068988,13.733303651931013,1.756157593665593,1.5030952844183814,0.25306230924721174,0.11372403697890658,3.6900119890205856
2020-02-14,14.18,19.36,11.07,86.43,3.07,2.2962098007655882,16.5,16.5,35.87745623644001,28.904313842325532,12.705,2.373496041152139,10.331503958847861,1.7830337240496543,1.5410760476961165,0.24195767635353782,0.11553793685734647,2.8355856754959605
2020-02-15,12.91,17.85,9.22,81.92,3.27,2.4458000157991773,15.18,15.18,35.946864458785925,28.96023188257629,11.6886,2.128916372603592,9.559683627396407,1.604919048007517,1.3147496841277582,0.2901693638797589,0.10505476600622352,2.6765302968514897
2020-02-16,12.75,18.4,7.66,82.11,2.88,2.154099096483679,19.3,19.3,36.01573961099268,29.015720460200146,14.861,3.2586278301074176,11.602372169892583,1.5823268654776688,1.299248589243714,0.28307827623395476,0.1037085203591553,3.1171265685010012
2020-02-17,12.96,17.88,8.82,83.32,3.29,2.460759037302536,24.67,24.67,36.08401493155438,29.07072578945747,18.995900000000002,4.7069500435932845,14.288949956406718,1.5913209357333336,1.3258886036530135,0.26543233208032,0.10412304256614277,3.665628234218672
2020-02-18,14.29,19.03,10.87,87.18,3.79,2.834734574886508,22.92,22.92,36.15162444959715,29.12519472157345,17.648400000000002,4.023971068658476,13.624428931341527,1.75146144143589,1.5269240846438088,0.2245373567920812,0.11339287966609042,3.492022458866841
2020-02-19,15.18,20.43,11.56,86.77,3.26,2.4383205050474976,16.68,16.68,36.21850306458432,29.17907480895171,12.8436,2.331975523028665,10.511624476971335,1.8818184041987003,1.6328538293232122,0.24896457487548806,0.12097502001322849,2.9180520344222516
2020-02-20,14.63,19.84,10.79,85.71,2.9,2.1690581179870376,20.04,20.04,36.28458662517211,29.23231436870366,15.4308,3.245963425919733,12.184836574080267,1.8048619093130176,1.5469471424721875,0.25791476684083015,0.11653494088652702,3.314226504146355
2020-02-21,14.58,18.98,12.14,87.63,1.98,1.4809431288325292,18.49,18.49,36.34981200709474,29.284862545395807,14.2373,2.807977097385275,11.429322902614725,1.8051086728913446,1.5818167300546853,0.22329194283665932,0.11659715070206948,3.139896751369089
2020-02-22,14.17,17.89,11.85,88.61,1.84,1.3762299783090173,13.19,13.19,36.41411718995662,29.336669372916653,10.1563,1.4508534956281987,8.705446504371801,1.7192541355092417,1.523431089474739,0.19582304603450273,0.11141397474276668,2.396003652736208
2020-02-23,14.44,18.79,11.49,88.85,2.17,1.6230538331144386,11.09,11.09,36.47744133281127,29.38768583536607,8.5393,0.8909583413631768,7.648341658636824,1.7624284385066493,1.5659176676131579,0.19651077089349145,0.11396696693405647,2.1392010919117426
2020-02-24,14.56,19.45,11.3,90.41,2.44,1.8250006234097835,12.68,12.68,36.53972484840583,29.437863926869674,9.7636,1.2714553720182569,8.492144627981743,1.7994840806544898,1.626913557319724,0.17257052333476586,0.116252302948996,2.3170551880178496
2020-02-25,14.55,19.15,11.56,90.75,1.88,1.406148021315735,17.2,17.2,36.60090947597185,29.48715671022196,13.244,2.403516104045993,10.840483895954007,1.790213244938403,1.6246185197816008,0.16559472515680218,0.11566256243811794,2.9252566598674297
2020-02-26,15.21,20.33,11.87,86.92,1.72,1.286475849288864,17.9,17.9,36.66093835244384,29.535518374262857,13.783,2.584639730057749,11.19836026994225,1.888531188545787,1.6415113090839981,0.24701987946178883,0.1213777134174313,3.159819723194727
2020-02-27,15.11,19.95,12.36,85.27,1.63,1.2191602525237488,19.91,19.91,36.719756081989004,29.582904289893623,15.3307,3.122659396048639,12.20804060395136,1.8836305684772396,1.606171785740542,0.27745878273669766,0.12115869033561555,3.456607537547279
2020-02-28,14.29,19.1,11.14,85.98,2.16,1.6155743223627594,20.28,20.28,36.77730880373283,29.62927106463932,15.6156,3.257334034356926,12.358265965643074,1.768060003490585,1.520177991001205,0.2478820124893799,0.11446750152482521,3.371494345365816
2020-02-29,14.86,20.36,11.13,82.3,2.73,2.041906435208487,21.55,21.55,36.83354425756801,29.67457659566709,16.593500000000002,3.59926102412669,12.994238975873312,1.857500655593041,1.5287230395530726,0.32877761603996825,0.11971499126072749,3.6544199817696392
2020-03-01,14.24,19.65,10.36,88.66,2.53,1.8923162201748984,19.81,19.81,36.888411847936126,29.71878012117126,15.253699999999998,3.0624417439376033,12.191258256062396,1.7729995864979524,1.5719414333890844,0.201058153108868,0.11483293769043118,3.240013985102308
2020-03-02,14.56,20.01,11.22,87.24,2.31,1.727766983637951,19.81,19.81,36.9418627054746,29.761842270038557,15.253699999999998,3.049726925978398,12.2039730740216,1.8358819500535009,1.601623413226674,0.23425853682682685,0.11860371921633682,3.3398924289877967
2020-03-03,14.81,20.41,11.57,85.02,2.04,1.525820193342606,20.54,20.54,36.99384974642405,29.80372510970907,15.8158,3.2462040959463105,12.569595904053688,1.8807886121461594,1.5990464780466647,0.2817421340994948,0.12126397377448382,3.531389914112611
2020-03-04,14.04,20.29,8.39,81.3,2.59,1.9371932846849749,23.44,23.44,37.044327729694935,29.844392192151428,18.0488,4.13719288304847,13.91160711695153,1.7410938008559635,1.4155092600958983,0.32558454076006527,0.11294601219009419,3.8179849018145746
2020-03-05,12.1,19.39,5.58,66.5,2.64,1.9745908384433726,26.97,26.97,37.09325331149572,29.883808597873415,20.7669,5.589324432521094,15.177575567478906,1.57984750496909,1.050598590804445,0.529248914164645,0.10408645665978994,4.352237717167281
2020-03-06,13.43,20.7,6.91,69.73,1.99,1.4884226395842086,25.38,25.38,37.1405850974287,29.921940977892458,19.5426,4.953690489602579,14.588909510397421,1.718613838519958,1.1983894295999669,0.5202244089199912,0.11203085674081334,4.247409486947092
2020-03-07,14.82,20.56,9.72,82.78,1.9,1.4211070428190937,19.97,19.97,37.186283691963666,29.95875759359361,15.3769,3.145045138616016,12.231854861383983,1.812844957327795,1.5006730556759487,0.3121719016518463,0.11687403015242584,3.4518025368936005
2020-03-08,14.57,18.88,11.54,88.71,2.13,1.5931357901077208,16.84,16.84,37.230311745204304,29.994228354406395,12.966800000000001,2.277912307751118,10.688887692248883,1.7707900075643876,1.5708678157103682,0.1999221918540195,0.11438949227371842,2.8986032878309578
2020-03-09,14.55,19.28,11.92,87.55,3.3,2.4682385480542153,13.19,13.19,37.27263399686626,30.028324853235336,10.1563,1.3555410514740431,8.800758948525957,1.8156274546731397,1.5895818365663337,0.226045618106806,0.11730453030343811,2.4540412289598925
2020-03-10,14.14,19.1,9.87,83.21,2.04,1.525820193342606,15.87,15.87,37.31321731739134,30.06102039958316,12.219899999999999,2.1068734477771405,10.113026552222859,1.7142229644335445,1.4264049287051523,0.28781803572839215,0.11111444639880755,2.8475698258184265
2020-03-11,14.57,19.99,10.45,85.11,1.8,1.3463119353022994,17.54,17.54,37.35203074612688,30.09229005030966,13.505799999999999,2.4730456106265635,11.032754389373435,1.8011601217116786,1.5329673795888095,0.26819274212286914,0.11635134089651576,3.0986824618183264
2020-03-12,14.61,19.46,11.45,86.6,2.02,1.510861171839247,13.91,13.91,37.38904552650468,30.122110637973233,10.710700000000001,1.5353555668732917,9.175344433126709,1.8068758261660094,1.564754465459764,0.24212136070624535,0.11668349952806992,2.594486676056316
2020-03-13,14.47,19.22,11.19,89.15,2.03,1.5183406825909262,13.89,13.89,37.424235138159645,30.150460796706938,10.695300000000001,1.511038831044796,9.184261168955205,1.7785599914643293,1.5855862323904497,0.1929737590738796,0.11498270278001547,2.5263580448359333
2020-03-14,13.83,17.42,11.54,92.49,2.0,1.4959021503358882,13.02,13.02,37.45757532593354,30.177320985585098,10.0254,1.2938492172594387,8.73155078274056,1.675246550238187,1.5494355343152992,0.1258110159228878,0.10885628104797937,2.292794364677023
2020-03-15,14.34,18.79,11.08,90.34,1.96,1.4659841073291702,14.87,14.87,37.489044125715324,30.202673509441293,11.4499,1.7476055331878628,9.702294466812138,1.744240180989404,1.5757465795058274,0.1684936014835765,0.11288049049790483,2.615711011781474
2020-03-16,14.02,18.56,10.69,86.4,1.68,1.2565578062821459,18.1,18.1,37.51862188707525,30.226502537103304,13.937000000000001,2.6196405644024154,11.317359435597586,1.7118508044673042,1.479039095059751,0.23281170940755325,0.11106667311804577,3.097518737676989
2020-03-17,14.57,20.33,10.04,82.41,1.58,1.1817626987653516,22.46,22.46,37.54629129265618,30.248794117015525,17.2942,3.7454956661581873,13.548704333841812,1.808867125429774,1.4906873980666766,0.3181797273630973,0.1168491979199339,3.8104806799082644
2020-03-18,14.23,19.1,10.96,84.15,2.05,1.5332997040942853,20.26,20.26,37.57203737429163,30.26953619022431,15.600200000000001,3.179363605591849,12.420836394408152,1.7601837579374404,1.4811946323043563,0.2789891256330841,0.11401195209750992,3.4293035697476677
2020-03-19,14.04,18.82,10.5,85.24,2.08,1.5557382363493237,17.83,17.83,37.59584752582616,30.288718600706588,13.729099999999999,2.5531638890237045,11.175936110976295,1.7212775953644166,1.4672170222886285,0.2540605730757881,0.11166052062961115,3.0694178759915816
2020-03-20,13.35,17.22,11.08,86.05,1.69,1.2640373170338255,5.83,5.83,37.61771151262036,30.30633310302747,4.4891000000000005,-0.524003067081125,5.013103067081126,1.6423107600213693,1.4132084089983883,0.22910235102298104,0.10712525641300019,1.4939680924748744
2020-03-21,12.74,15.97,9.21,87.18,1.07,0.8003076504297002,8.61,8.61,37.637621477728665,30.322373367317322,6.6297,0.1967854899982137,6.432914510001786,1.4896275222105777,1.2986572738631819,0.19097024834739584,0.0976406498687445,1.7583500856228598
2020-03-22,12.88,19.01,7.56,81.49,1.37,1.0246929729800835,21.54,21.54,37.65557194474503,30.336834981564383,16.5858,3.607178299016625,12.978621700983375,1.6199031384029183,1.320059067484538,0.2998440709183803,0.10606102611915502,3.556217632475733
2020-03-23,13.54,18.18,10.66,85.57,2.16,1.6155743223627594,17.76,17.76,37.6715598173174,30.34971545122359,13.675200000000002,2.5385760716485755,11.136623928351426,1.6854021454082742,1.4421986158258602,0.24320352958241398,0.10976955719141057,3.0269204564267636
2020-03-24,13.57,17.34,10.92,88.16,2.46,1.8399596449131423,14.14,14.14,37.68558437533883,30.361014196147973,10.8878,1.5979542856546258,9.289845714345375,1.6428132204303398,1.4483041351313874,0.1945090852989524,0.10697016940656724,2.48034144265086
2020-03-25,14.15,19.33,10.81,86.83,2.24,1.675410408376195,18.31,18.31,37.69764726782896,30.370732544853727,14.0987,2.616429495174851,11.482270504825149,1.7696343916603716,1.5365735422787006,0.23306084938167104,0.11469704367718261,3.1329837579060826
2020-03-26,14.77,19.7,10.93,84.51,1.64,1.2266397632754282,18.25,18.25,37.70775250252634,30.37887372613532,14.0525,2.622183481707343,11.430316518292656,1.800913451234606,1.5219519576383658,0.27896149359624034,0.11615087161862934,3.216614631616496
2020-03-27,14.65,19.04,11.52,85.37,2.07,1.548258725597644,19.45,19.45,37.715906432217835,30.385442858051977,14.9765,2.9235892827847145,12.052910717215285,1.7808332269410323,1.5202973258395593,0.26053590110147296,0.11496522109099884,3.3215727420686583
2020-03-28,14.32,19.99,9.57,81.28,2.57,1.9222342631816163,19.06,19.06,37.72211773783801,30.390446934311818,14.6762,2.8902327889283987,11.7859672110716,1.7649293935778518,1.4345346111000778,0.330394782477774,0.11423757462946105,3.3271949309264675
2020-03-29,13.9,18.9,9.58,85.14,3.33,2.490677080309254,19.47,19.47,37.726397408376876,30.39389480808475,14.9919,2.9687752191258325,12.023124780874166,1.6887744514105731,1.437822567930962,0.25095188347961117,0.1096741643594905,3.1836693455923633
2020-03-30,14.24,19.65,10.53,87.91,3.28,2.4532795265508565,14.17,14.17,37.728758717640964,30.39579717328027,10.9109,1.5611930327516215,9.349706967248379,1.7801793992097799,1.5649557098453175,0.21522368936446234,0.11529795696739265,2.550843030742843
2020-03-31,14.49,19.73,10.4,89.52,2.71,2.026947413705128,12.91,12.91,37.72921719791769,30.39616654333041,9.9407,1.2358944874830067,8.704805512516993,1.7803758985193505,1.5937925043545227,0.18658339416482783,0.1150818155767333,2.3706443417071856
2020-04-01,14.61,18.74,11.56,89.54,1.87,1.3986685105640555,13.89,13.89,37.72779061059955,30.39501722752342,10.695300000000001,1.4856449659245654,9.209655034075436,1.7621938910888448,1.5778684100809517,0.18432548100789314,0.11379805246248359,2.522888057474769
2020-04-02,14.91,19.68,11.61,87.96,2.51,1.8773571986715394,13.61,13.61,37.72449891382885,30.392365304937076,10.4797,1.411648107444893,9.068051892555106,1.8296307082650576,1.6093431709899446,0.22028753727511297,0.11787203747585834,2.5323071063014786
2020-04-03,14.33,18.45,10.35,88.69,2.82,2.1092220319736024,15.36,15.36,37.71936422723057,30.38822859602604,11.8272,1.8808821409717562,9.946317859028243,1.690089223452219,1.498940132279773,0.19114909117244583,0.10938474316328013,2.6271785844235063
2020-04-04,14.86,19.87,10.28,88.17,2.7,2.019467902953449,14.71,14.71,37.71241079380439,30.38262663192057,11.3267,1.6914402844201195,9.635259715579881,1.7853620242991846,1.574153696824591,0.2112083274745935,0.11506569243604006,2.631227149463299
2020-04-05,15.32,19.24,12.57,89.53,3.23,2.415881972792459,17.49,17.49,37.703664939052835,30.37558062149853,13.4673,2.3445786441114875,11.122721355888512,1.8433345674649462,1.6503374382513665,0.1929971292135797,0.11836973076777098,2.946154645803796
2020-04-06,14.36,17.59,12.22,90.37,3.06,2.288730290013909,13.28,13.28,37.69315502742681,30.36711341629614,10.2256,1.3446064604928394,8.88099353950716,1.7172089789482885,1.5518417542755685,0.16536722467272003,0.11111347246874073,2.3361058897670874
2020-04-07,13.97,17.83,9.63,82.68,2.97,2.221414693248794,16.22,16.22,37.68091141617381,30.357249473326267,12.4894,2.1976354911788785,10.291764508821121,1.619938357000915,1.3393650335683567,0.28057332343255825,0.10514513025119453,2.8235723243522544
2020-04-08,14.38,19.08,10.55,89.5,2.45,1.8324801341614632,14.68,14.68,37.66696640667881,30.346014815876718,11.3036,1.6907817088663728,9.612818291133626,1.7411722689494529,1.5583491807097605,0.1828230882396924,0.11264613239202391,2.579785188348954
2020-04-09,14.65,18.89,11.65,88.82,2.81,2.101742521221923,13.9,13.9,37.65135419339127,30.333436992363744,10.703000000000001,1.4976232334260076,9.205376766573993,1.7764396753378597,1.577833719635087,0.19860595570277284,0.11468158665303348,2.5020489303414277
2020-04-10,14.42,18.83,10.57,86.25,2.41,1.8025620911547453,15.53,15.53,37.63411081043527,30.31954503331907,11.9581,1.9480064439681797,10.010093556031821,1.724928554108049,1.4877508779181923,0.23717767618985675,0.11155977235328686,2.748002778812846
2020-04-11,13.91,16.55,11.1,92.4,2.36,1.765164537396348,12.74,12.74,37.61527407600342,30.304369406591398,9.809800000000001,1.2281040675294999,8.5816959324705,1.6023105694830102,1.4805349662023017,0.12177560328070847,0.1040506516628203,2.1904408175685526
2020-04-12,14.12,20.12,9.59,82.01,3.15,2.356045886779024,17.52,17.52,37.59488353463788,30.28794197084566,13.4904,2.4921414157549973,10.998258584245002,1.7751686724665663,1.455815828289831,0.31935284417673526,0.11508320148711453,3.1211472500048454
2020-04-13,14.34,20.67,9.03,78.38,2.27,1.697848940631233,21.64,21.64,37.57298039750464,30.270295927445638,16.6628,3.6195452038832747,13.043254796116726,1.7937136083478205,1.4059127262230218,0.3878008821247987,0.11608221971369592,3.7334030069544064
2020-04-14,14.96,21.04,9.91,78.8,1.41,1.0546110159868012,18.66,18.66,37.54960748076981,30.25146577080739,14.3682,2.8095238899547406,11.558676110045258,1.8568494738553394,1.4631973853980074,0.393652088457332,0.11957816103165007,3.385449292858578
2020-04-15,13.76,17.76,11.07,86.88,1.9,1.4211070428190937,14.31,14.31,37.52480914218857,30.231487237312802,11.0187,1.6592388619487022,9.359461138051298,1.6759412695990952,1.4560577750276937,0.21988349457140144,0.10896215917713852,2.568026783405522
2020-04-16,13.53,17.87,10.12,87.07,2.39,1.7876030696513863,19.0,19.0,37.49863121601945,30.210397252873907,14.63,2.874230411182487,11.755769588817515,1.6425252231397218,1.4301467117877555,0.21237851135196628,0.10698553066986412,3.093421749481525
2020-04-17,14.09,18.5,10.49,88.24,2.54,1.8997957309265778,13.88,13.88,37.471120946378065,30.188233879240023,10.687600000000002,1.5336260165976248,9.153973983402377,1.6993235157947093,1.4994830703372515,0.19984044545745783,0.11019249726723235,2.4743830297632456
2020-04-18,13.62,16.71,11.26,90.36,2.96,2.2139351824971145,12.92,12.92,37.44232691914562,30.16503625914048,9.9484,1.2989923080768229,8.649407691923177,1.6189888271359916,1.4629183042000822,0.1560705229359094,0.10537685868218082,2.23434610023789
2020-04-19,13.45,18.67,9.74,89.73,2.12,1.5856562793560416,14.7,14.7,37.41229899254882,30.14084456035703,11.318999999999999,1.7361706526746703,9.58282934732533,1.6796454521561606,1.5071458642197229,0.17249958793643771,0.10947316873604028,2.556302616112022
2020-04-20,13.57,18.98,8.49,86.68,1.89,1.4136275320674143,17.85,17.85,37.38108822652764,30.115699918819725,13.744500000000002,2.5841879406735844,11.160312059326419,1.651876673388755,1.431846700493373,0.22002997289538206,0.1075603272445448,3.000688655567568
2020-04-21,14.01,19.23,10.07,88.19,2.02,1.510861171839247,13.63,13.63,37.348746811008944,30.089644380821245,10.4951,1.471556630798471,9.02354336920153,1.7314284102864028,1.5269467150315785,0.2044816952548243,0.11234582897120705,2.4842786576859477
2020-04-22,14.05,18.03,10.7,91.07,2.52,1.8848367094232192,15.16,15.16,37.31532799320294,30.06272084444402,11.6732,1.8524983892187028,9.820701610781297,1.677325300037291,1.5275401507439608,0.1497851492933302,0.10880064567275155,2.547582601264165
2020-04-23,14.3,18.15,11.26,88.99,2.94,2.1989761609937557,13.83,13.83,37.28088600403992,30.034973000294723,10.6491,1.5314767339748516,9.117623266025149,1.709555277238716,1.5213332412147331,0.1882220360239828,0.11067099855241647,2.4331279022078816
2020-04-24,14.88,19.89,11.07,87.41,2.52,1.8848367094232192,22.08,22.08,37.2454759838639,30.00644527164011,17.0016,3.582531521041042,13.419068478958957,1.8206206162532843,1.5914044806669958,0.2292161355862885,0.11731948004889092,3.602164808568888
2020-04-25,14.46,19.94,10.14,86.98,2.85,2.131660564228641,22.82,22.82,37.209153907499456,29.977182754037862,17.5714,3.8020277060348913,13.769372293965109,1.7845704509096665,1.5522193782012281,0.23235107270843836,0.11538044028677784,3.6421246252385537
2020-04-26,14.15,18.88,10.76,87.6,3.16,2.363525397530703,20.52,20.52,37.171976508806544,29.947231154554906,15.8004,3.2485969062630864,12.551803093736913,1.7364574294727015,1.5211367082180864,0.2153207212546151,0.11254671279581617,3.2750924383669004
2020-04-27,13.43,19.12,7.77,82.85,3.01,2.251332736255512,20.44,20.44,37.13400120483719,29.916636730665036,15.738800000000001,3.3605150728583597,12.378284927141642,1.6349887554299085,1.354588183873679,0.28040057155622944,0.10657960905874647,3.3073257435316203
2020-04-28,14.71,19.99,11.26,87.15,2.41,1.8025620911547453,16.47,16.47,37.09528601970649,29.88544622891634,12.681899999999999,2.1915866580125565,10.490313341987441,1.8362042683064588,1.600252019829079,0.23595224847737972,0.11848336992137702,2.9114449729585474
2020-04-29,14.45,18.4,11.23,90.09,2.73,2.041906435208487,15.07,15.07,37.055889508288324,29.853706823457408,11.603900000000001,1.8514087020832637,9.752491297916738,1.7246968490455705,1.5537793913051545,0.170917457740416,0.11151820375368444,2.569877814533544
2020-04-30,14.92,19.02,11.79,90.56,3.2,2.393443440537421,14.41,14.41,37.015870679844795,29.82146605451016,11.0957,1.6632375801554085,9.432462419844592,1.791698226872211,1.6225619142554744,0.16913631261673667,0.11541912438468328,2.4907310361180386
2020-05-01,13.9,17.02,11.27,89.72,2.43,1.8175211126581043,10.02,10.02,36.975288921695714,29.788771766874937,7.7154,0.5924601105407337,7.122939889459266,1.6383235938728111,1.4699039284226862,0.16841966545012488,0.1063977317742793,1.9281911318489604
2020-05-02,14.4,19.19,10.14,88.15,2.81,2.101742521221923,13.25,13.25,36.934203923032555,29.755672048551947,10.2025,1.4136903379564685,8.788809662043532,1.7315529457402699,1.526363921670048,0.20518902407022188,0.11200600275131292,2.3980091870724474
2020-05-03,14.47,18.65,11.69,89.86,2.81,2.101742521221923,13.92,13.92,36.89267559897884,29.722215169561313,10.7184,1.5683848516087935,9.150015148391207,1.7620090208868624,1.5833413061689345,0.17866771471792786,0.11391269370539168,2.452086179238459
2020-05-04,14.16,18.58,10.92,87.66,2.39,1.7876030696513863,16.99,16.99,36.850764014995754,29.68844952104118,13.082299999999998,2.3933172860666088,10.68898271393339,1.7231108454782844,1.510478967146264,0.21263187833202046,0.11167278511879251,2.878340997625268
2020-05-05,14.31,17.46,11.7,88.03,3.1,2.3186483330206267,16.49,16.49,36.80852931172983,29.65442355470202,12.697299999999998,2.2839729606188808,10.413327039381118,1.6850005656525586,1.4833059979439474,0.20169456770861127,0.10907273660222158,2.735042161775325
2020-05-06,13.62,17.55,10.05,88.45,2.44,1.8250006234097835,16.85,16.85,36.76603163039567,29.62018572271197,12.9745,2.3989476967322556,10.575552303267745,1.6191955052704765,1.4321784244117364,0.18701708085874014,0.1053903109631387,2.7599698526080996
2020-05-07,13.7,17.99,11.17,90.73,3.11,2.326127843772306,13.92,13.92,36.72333103878469,29.5857844180865,10.7184,1.595968914006132,9.122431085993869,1.695156856160454,1.5380158155943802,0.1571410405660738,0.11026416718060889,2.3692243829139072
2020-05-08,13.39,17.47,9.49,90.08,3.23,2.415881972792459,11.33,11.33,36.68048745798639,29.551267915652154,8.7241,0.9572962191378899,7.76680378086211,1.5914122889694875,1.4335441899037145,0.15786809906577304,0.10377210843020346,2.0183745957727055
2020-05-09,13.51,17.72,10.37,90.69,2.98,2.2288942040004733,14.1,14.1,36.63756058990696,29.516684313652647,10.857,1.6650604848749537,9.191939515125046,1.6433365292254778,1.490341898354586,0.15299463087089182,0.10705544643013441,2.3629387686425987
2020-05-10,14.99,19.67,10.92,90.13,2.82,2.1092220319736024,19.21,19.21,36.59460984566527,29.48208147606177,14.7917,2.9122485962952394,11.879451403704762,1.7983446287621412,1.620848013903318,0.1774966148588233,0.11578300119460584,3.110750993883749
2020-05-11,15.4,19.69,11.71,88.28,2.36,1.765164537396348,16.67,16.67,36.55169427494382,29.44750697566574,12.835900000000002,2.290720999244782,10.54517900075522,1.8348761111269138,1.6198286309028396,0.21504748022407427,0.1177519795061471,2.8929174719843203
2020-05-12,15.51,19.87,11.74,88.57,2.46,1.8399596449131423,17.29,17.29,36.508872496368426,29.413008037974258,13.3133,2.441789377253573,10.871510622746428,1.8491142789163955,1.6377605168362512,0.21135376208014423,0.11856246199739004,2.96787129725583
2020-05-13,13.94,16.65,11.95,93.28,2.0,1.4959021503358882,15.7,15.7,36.46620262898712,29.378631486017184,12.089,2.071286937314445,10.017713062685555,1.646555841981791,1.5359072894006147,0.11064855258117623,0.10689831231933392,2.572155974588492
2020-05-14,14.06,18.31,10.74,89.47,2.33,1.7427260051413098,16.97,16.97,36.4237422249149,29.344423686080443,13.066899999999999,2.425003971579798,10.6418960284202,1.6973816595721614,1.5186473708192127,0.1787342887529486,0.11009285237712821,2.8104314783707514
2020-05-15,13.84,18.2,10.12,88.88,3.01,2.251332736255512,18.22,18.22,36.381548203207984,29.31043049443248,14.029399999999999,2.777857380569455,11.251542619430545,1.6639798719436931,1.4789453101835546,0.18503456176013855,0.1081155701320804,2.8951729513671056
2020-05-16,14.1,18.42,10.39,88.93,3.02,2.258812247007191,18.13,18.13,36.3396767850272,29.276697205089317,13.960099999999999,2.7469260555427306,11.213173944457267,1.6897774304848703,1.5027190689301952,0.18705836155467503,0.10956476524030263,2.9014866716508734
2020-05-17,14.05,18.35,9.95,89.22,2.92,2.1840171394903964,14.27,14.27,36.29818343014713,29.24326849866373,10.9879,1.7483740032361204,9.239525996763879,1.6668526174638778,1.4871659053012718,0.179686712162606,0.10812132924803192,2.430553932931653
2020-05-18,14.24,18.13,9.96,89.84,2.91,2.1765376287387173,15.91,15.91,36.25712277486371,29.210188392341202,12.2507,2.18014323477875,10.07055676522125,1.652797835232859,1.4848735751732005,0.16792426005965844,0.10704775808947636,2.5932052343502026
2020-05-19,14.35,17.97,11.79,89.15,3.0,2.243853225503832,15.59,15.59,36.21654857135004,29.177500191022446,12.0043,2.0887339871783923,9.915566012821609,1.721679493720202,1.5348772686515602,0.18680222506864186,0.11141159490245979,2.617580670435277
2020-05-20,13.97,18.4,9.87,88.42,3.1,2.3186483330206267,19.39,19.39,36.17651362850627,29.145246439669794,14.9303,3.117311823146642,11.81298817685336,1.666890550614689,1.4738646248535079,0.19302592576118105,0.10819265023352234,3.030874330796454
2020-05-21,14.11,18.01,10.49,88.07,3.15,2.356045886779024,16.0,16.0,36.13706975434686,29.113468876892007,12.32,2.236111818161114,10.083888181838887,1.6670785263084302,1.4681960581198346,0.19888246818859567,0.10808437494290202,2.645177684082293
2020-05-22,14.46,18.42,10.61,88.61,3.05,2.281250779262229,14.45,14.45,36.09826769996437,29.082208389799295,11.1265,1.8139137370145704,9.31258626298543,1.6990990125079921,1.505571634983332,0.1935273775246602,0.10985433052198684,2.47680528230496
2020-05-23,14.21,18.09,10.17,88.36,2.75,2.0568654567118463,17.17,17.17,36.060157105106626,29.051504970158103,13.220900000000002,2.553464924215099,10.667435075784903,1.6588597937254614,1.4657685137358178,0.1930912799896436,0.10746600903390627,2.7869038040899374
2020-05-24,14.13,18.29,11.62,89.38,3.35,2.505636101812613,16.7,16.7,36.0227864454006,29.02139767187254,12.859,2.3909723988228166,10.468027601177184,1.7348651272397138,1.5506224507268562,0.18424267651285753,0.11246139870464503,2.727091997821309
2020-05-25,13.68,18.61,9.38,86.93,2.37,1.7726440481480275,16.95,16.95,35.986202981253406,28.991924569816995,13.051499999999999,2.51920084377309,10.532299156226909,1.6611809779872129,1.4440646241642845,0.21711635382292838,0.1080713741235734,2.820456232366088
2020-05-26,13.65,18.49,8.89,89.73,2.82,2.1092220319736024,14.26,14.26,35.95045270845821,28.96312272004227,10.9802,1.783778932582713,9.196421067417287,1.634000357609731,1.4661885208832117,0.16781183672651934,0.10632850343803611,2.3933592161916977
2020-05-27,13.43,17.34,11.18,89.31,2.33,1.7427260051413098,12.76,12.76,35.915580310529855,28.93502812137527,9.8252,1.3951245567657042,8.430075443234296,1.6541900680675568,1.477357149791135,0.17683291827642167,0.10783128029351116,2.2622761158194904
2020-05-28,13.61,17.93,10.19,87.44,1.93,1.4435455750741322,10.71,10.71,35.88162911279248,28.907675678430135,8.2467,0.8621106561865608,7.38458934381344,1.6493035628917299,1.4421510353925284,0.20715252749920143,0.10735854335828056,2.057609455690836
2020-05-29,13.7,17.38,10.59,90.42,2.35,1.7576850266446689,14.4,14.4,35.848641038239016,28.88109916604688,11.088000000000001,1.8321793736818335,9.255820626318167,1.6311256687205802,1.4748638296571486,0.1562618390634316,0.10609915700412592,2.4154270819185713
2020-05-30,13.08,16.73,10.65,91.55,2.32,1.7352464943896302,12.45,12.45,35.816656565179876,28.855331195171516,9.5865,1.3197184168809613,8.266781583119037,1.5936527448079667,1.4589890878716936,0.13466365693627314,0.10417568839134858,2.139467343224204
2020-05-31,12.94,16.91,9.66,89.32,2.12,1.5856562793560416,15.73,15.73,35.785714686696174,28.830403180189908,12.1121,2.2294841230767073,9.882615876923293,1.5634845432185462,1.3965043940028052,0.166980149215741,0.10231800965493845,2.565237851571957
2020-06-01,13.08,16.46,10.36,93.32,2.7,2.019467902953449,17.71,17.71,35.75585287191024,28.806345307725767,13.636700000000001,2.712635282528188,10.924064717471813,1.5651528566790587,1.4606006458528975,0.10455221082616117,0.10231267558973403,2.658302603171614
2020-06-02,13.89,18.27,10.19,89.01,2.52,1.8848367094232192,16.44,16.44,35.72710702908498,28.783186506912028,12.658800000000001,2.386232781030038,10.272567218969963,1.6714875506739193,1.4877910688548557,0.18369648181906362,0.108560143444688,2.7040065304478773
2020-06-03,13.72,17.81,10.38,91.22,2.66,1.9895498599467312,13.15,13.15,35.699511470561,28.760954421142763,10.1255,1.5027093568263383,8.622790643173662,1.6495219555349334,1.5046939278389664,0.14482802769596703,0.10727867578238173,2.2386673110390873
2020-06-04,13.31,17.29,9.67,90.39,3.18,2.3784844190340624,16.53,16.53,35.67309887953911,28.73967538131189,12.728100000000001,2.4347335205840035,10.293366479415997,1.5873496776598746,1.4348053736367605,0.15254430402311403,0.10357328937869895,2.5687987591468144
2020-06-05,13.28,17.4,9.37,89.29,3.32,2.483197569557574,15.61,15.61,35.647900278714445,28.719374380543506,12.0197,2.20473995611274,9.814960043887261,1.5822358021279297,1.4127783477200284,0.16945745440790128,0.10326433475072536,2.4840682465760473
2020-06-06,13.09,17.12,10.0,90.65,3.29,2.460759037302536,9.81,9.81,35.62394500076645,28.70007505041748,7.553700000000001,0.635411576732457,6.918288423267544,1.590238436162097,1.4415511423809408,0.14868729378115608,0.10394419493548485,1.8128024460528045
2020-06-07,12.56,16.5,8.71,86.51,2.37,1.7726440481480275,17.38,17.38,35.60126066070826,28.681799638693008,13.3826,2.764434910477116,10.618165089522885,1.501468705605253,1.2989205772191044,0.20254812838614855,0.09855865487459059,2.739173381945751
2020-06-08,12.78,16.7,9.26,88.02,2.03,1.5183406825909262,17.02,17.02,35.57987313009743,28.664568988531695,13.1054,2.6339696577963703,10.471430342203629,1.5347886672136357,1.350920984881442,0.18386768233219364,0.10056864909821113,2.718616921607002
2020-06-09,12.8,17.13,8.26,84.62,2.43,1.8175211126581043,18.81,18.81,35.55980651310906,28.648402519221182,14.483699999999999,3.184256229937332,11.299443770062666,1.5228324298531497,1.2886208021417354,0.23421162771141435,0.09976924540121107,2.951362862393648
2020-06-10,12.81,16.86,9.63,88.74,1.46,1.0920085697451982,15.29,15.29,35.541083124471584,28.633318208399288,11.773299999999999,2.1472156348788083,9.62608436512119,1.5592254378141712,1.3836566535162955,0.1755687842978757,0.10214538579175614,2.5577232191741177
2020-06-11,13.48,17.41,10.1,88.38,1.74,1.3014348707922228,16.41,16.41,35.52372346926438,28.61933257577816,12.6357,2.4381904223473,10.1975095776527,1.6124342795344844,1.4250694162525772,0.18736486328190716,0.10506744720142216,2.715503792710568
2020-06-12,13.73,17.65,10.82,89.98,1.93,1.4435455750741322,15.24,15.24,35.50774622457585,28.606460668367287,11.7348,2.088820966118604,9.645979033881396,1.6580462855611287,1.4919100477479037,0.16613623781322495,0.1078244749225432,2.5638768888176577
2020-06-13,13.38,16.81,10.24,90.58,2.62,1.9596318169400135,15.36,15.36,35.4931682230202,28.594716047193995,11.8272,2.1444818341424234,9.682718165857576,1.581185974694235,1.4322382558780378,0.14894771881619717,0.10311350166476455,2.4620985622011644
2020-06-14,12.58,15.2,9.31,92.6,3.85,2.8796116393965847,14.08,14.08,35.48000443811007,28.584110775518997,10.8416,1.8231555003743807,9.01844449962562,1.4498774745368577,1.3425865414211302,0.10729093311572746,0.09515689494543168,2.084051426255766
2020-06-15,11.82,16.14,7.82,89.54,2.45,1.8324801341614632,14.81,14.81,35.46826797148256,28.574655408545212,11.4037,2.0499249579864527,9.353775042013549,1.4471491324073307,1.295777333157524,0.1513717992498067,0.09555822017917394,2.3417811697807616
2020-06-16,13.05,17.56,8.44,89.49,2.42,1.8100416019064245,16.58,16.58,35.457970041975166,28.566358984616873,12.766599999999999,2.494958845727531,10.271641154272467,1.5564591831583074,1.3928753230083692,0.1635838601499382,0.10176876371614181,2.624535204063843
2020-06-17,13.67,18.07,10.17,89.8,2.51,1.8773571986715394,14.06,14.06,35.44911997654829,28.559229017906365,10.8262,1.7797058540883295,9.046494145911671,1.6575563039780157,1.488485560972258,0.16907074300575764,0.10784415754757595,2.3881215725094846
2020-06-18,13.9,17.72,10.44,92.53,3.74,2.797337021128111,13.36,13.36,35.44172520305091,28.553271492585935,10.2872,1.5734247470825469,8.713775252917454,1.6462859797164509,1.523308417031632,0.12297756268481885,0.10691483339965006,2.1505486057073933
2020-06-19,13.13,16.9,10.07,89.78,3.43,2.5654721878260482,17.17,17.17,35.43579124482528,28.548490858481042,13.220900000000002,2.6517526251143253,10.569147374885677,1.5796090742343036,1.4181730268475579,0.16143604738674577,0.10321643787758611,2.625550962358098
2020-06-20,12.93,16.99,9.26,91.11,3.71,2.774898488873072,14.8,14.8,35.43132171714735,28.54489002820259,11.396,2.00185357607188,9.39414642392812,1.552441870249063,1.4144297879839212,0.13801208226514183,0.10160347216253264,2.2920063116831955
2020-06-21,12.61,16.36,10.18,90.27,3.66,2.7375009351146753,14.19,14.19,35.42831832549871,28.542470375754778,10.9263,1.8487344664388572,9.077565533561142,1.5516868562925294,1.4007077251752662,0.15097913111726324,0.10181429689201793,2.257360839406208
2020-06-22,12.08,15.9,8.31,89.97,3.35,2.505636101812613,15.3,15.3,35.426780865666586,28.54123173661563,11.781,2.1866311313469304,9.59436886865307,1.4511676368895885,1.305615522909563,0.14555211398002554,0.09562386586524352,2.3250206097262325
2020-06-23,11.79,16.14,7.69,90.14,3.31,2.475718058805895,15.8,15.8,35.426707225667904,28.541172409287093,12.166,2.3236778342141147,9.842322165785886,1.4424693101936037,1.3002418362085144,0.14222747398508928,0.0952721466404828,2.3704448903759103
2020-06-24,12.12,17.25,7.17,83.94,3.07,2.2962098007655882,21.09,21.09,35.428093389493796,28.54228915831178,16.2393,3.868056638348741,12.37124336165126,1.4911281558775544,1.2516529740436193,0.23947518183393512,0.09822552868860901,3.148572349367163
2020-06-25,12.51,17.07,8.06,90.46,3.56,2.6627058275978808,17.19,17.19,35.4309334426709,28.544577218753382,13.236300000000002,2.6710570200459527,10.56524297995405,1.5117512244993336,1.367530157682097,0.14422106681723657,0.09927334242818056,2.544783578529234
2020-06-26,12.59,16.9,9.81,91.49,3.68,2.7524599566180346,15.72,15.72,35.43521957963588,28.54803030213785,12.1044,2.2411055138756404,9.86329448612436,1.568949541298836,1.435431935334305,0.13351760596453088,0.10296347144502561,2.3957918239572056
2020-06-27,12.35,16.27,8.27,89.24,3.24,2.4233614835441393,17.67,17.67,35.44094211291941,28.552640603852392,13.605900000000002,2.840433012743404,10.765466987256598,1.4712694453809783,1.312960853057985,0.1583085923229932,0.0967388742344028,2.617258873886409
2020-06-28,12.84,16.31,10.04,93.01,2.99,2.236373714752153,12.8,12.8,35.44808948413629,28.55839881199956,9.856000000000002,1.4494208582671004,8.406579141732902,1.5429309857683509,1.4350801098631434,0.10785087590520748,0.10105368705492145,2.0615617792104635
2020-06-29,12.51,15.99,9.77,90.13,2.65,1.9820703491950518,16.51,16.51,35.45664827677786,28.565294117703317,12.712700000000002,2.49443002994993,10.218269970050072,1.5131450749512498,1.3637976560535614,0.14934741889768843,0.09936487348895584,2.5509195890948337
2020-06-30,12.52,17.0,7.57,87.09,2.79,2.086783499718564,21.04,21.04,35.46660323080322,28.57331422686431,16.2008,3.7910327386339255,12.409767261366076,1.4897414194471224,1.297415802196499,0.19232561725062336,0.09782017573338588,3.0869261834116957
2020-07-01,12.96,16.68,9.45,91.81,2.87,2.1466195857319996,15.76,15.76,35.47793725902534,28.582445373361175,12.1352,2.253419985627954,9.881780014372046,1.541106569223499,1.4148899412040945,0.1262166280194046,0.1008374246218744,2.4303290129466353
2020-07-02,12.36,16.4,9.18,89.1,2.89,2.1615786072353584,13.21,13.21,35.49063146528806,28.592672333694676,10.171700000000001,1.5933572164709582,8.578342783529044,1.5136809583655046,1.3486897339036645,0.1649912244618401,0.09951954216144333,2.1981258824373633
2020-07-03,12.69,16.64,9.07,88.82,3.08,2.303689311517268,15.28,15.28,35.50466516442995,28.603978443071348,11.7656,2.1593742650747454,9.606225734925253,1.5237310968559568,1.3533779602274607,0.17035313662849605,0.09991599367828004,2.4277434086937433
2020-07-04,12.82,16.7,9.46,90.68,2.92,2.1840171394903964,13.4,13.4,35.52001590403027,28.616345612922945,10.318000000000001,1.6213180510461405,8.696681948953861,1.5427119688294866,1.3989312133345786,0.14378075549490799,0.10105550180728916,2.195513684247074
2020-07-05,12.79,17.3,9.29,87.16,2.26,1.6903694298795535,17.69,17.69,35.53665948793217,28.629754349857674,13.621300000000002,2.8176866208965037,10.803613379103497,1.572811958617755,1.370862903131235,0.20194905548651998,0.10305192376201099,2.8281526305556066
2020-07-06,11.91,15.86,8.69,89.73,2.31,1.727766983637951,13.52,13.52,35.55457000153769,28.644183776038826,10.4104,1.6801716622331946,8.730228337766805,1.4631642551673165,1.3128972861616333,0.15026696900568326,0.09654596028245473,2.2157686932494127
2020-07-07,11.88,15.43,8.9,91.67,2.57,1.9222342631816163,13.91,13.91,35.57371983886859,28.659611650986093,10.710700000000001,1.7745435888305647,8.936156411169437,1.4467305922439897,1.3262179339100655,0.12051265833392422,0.0954845830758932,2.188824559462479
2020-07-08,12.85,17.17,8.71,87.62,2.64,1.9745908384433726,17.45,17.45,35.594079731386074,28.676014394793878,13.4365,2.749099936041692,10.687400063958309,1.5422326532028554,1.351304250736342,0.19092840246651344,0.10099987439597487,2.7410954985784652
2020-07-09,13.19,16.96,9.22,91.15,3.51,2.6253082738394835,16.95,16.95,35.615618778562215,28.693367112760864,13.051499999999999,2.560704037115062,10.490795962884937,1.5490290381611487,1.4119399682838871,0.13708906987726155,0.10116976185392566,2.5346042980756627
2020-07-10,12.69,15.8,10.48,91.32,3.28,2.4532795265508565,15.93,15.93,35.63830448019442,28.711643621423836,12.2661,2.293938229067694,9.972161770932306,1.5316056719638116,1.3986622996373526,0.13294337232645903,0.10043235512704159,2.426431572830998
2020-07-11,12.59,16.0,10.34,92.26,2.12,1.5856562793560416,12.99,12.99,35.66210277045354,28.73081647598819,10.0023,1.48767535492304,8.51462464507696,1.5372542276993812,1.4182707504754493,0.11898347722393199,0.10088344310068705,2.1658056532895738
2020-07-12,12.68,16.84,8.6,88.67,2.29,1.712807962134592,14.08,14.08,35.68697805365516,28.750856999146745,10.8416,1.8117050188945307,9.02989498110547,1.5177861729703275,1.3458209995727892,0.17196517339753825,0.09953412861287805,2.3405212248587364
2020-07-13,12.35,15.57,9.19,90.28,3.43,2.5654721878260482,16.48,16.48,35.7128932417422,28.771735311277187,12.6896,2.4704571436920526,10.219142856307947,1.465911683477001,1.3234250678430366,0.14248661563396436,0.09638659079873849,2.4513800915268518
2020-07-14,11.68,16.11,7.13,85.45,3.22,2.40840246204078,17.49,17.49,35.739809793465476,28.793420362007527,13.4673,2.819421463732898,10.647878536267102,1.4209691743180786,1.2142181594547983,0.2067510148632803,0.09393505317512763,2.665210241656593
2020-07-15,11.48,15.38,7.52,89.29,2.38,1.7801235588997069,16.44,16.44,35.767687755247806,28.815879963137842,12.658800000000001,2.488452251118422,10.170347748881579,1.392857993247658,1.2436829021708338,0.14917509107682414,0.09222483097253971,2.495493358115805
2020-07-16,12.24,16.48,8.71,88.81,2.5,1.8698776879198602,17.78,17.78,35.796485803715065,28.839080822905007,13.690600000000002,2.8160169013808707,10.87458309861913,1.5002750756187933,1.3323942946570504,0.16788078096174286,0.0987330394728547,2.7360404331779518
2020-07-17,12.47,16.95,8.44,88.65,2.73,2.041906435208487,15.01,15.01,35.826161289876296,28.86298858157594,11.5577,2.0492841130600663,9.508415886939934,1.5184710112627462,1.3461245514844244,0.17234645977832175,0.09974655650495944,2.428120018924399
2020-07-18,12.66,16.34,8.75,90.57,2.53,1.8923162201748984,17.03,17.03,35.85667028493292,28.887567848353356,13.113100000000001,2.5834241735313195,10.529675826468681,1.4934832763010633,1.352647803345873,0.14083547295519017,0.09795605489039803,2.604058467542848
2020-07-19,12.35,16.48,9.05,89.15,2.57,1.9222342631816163,16.11,16.11,35.887967627694984,28.912782239576188,12.4047,2.340347364513512,10.064352635486488,1.5133663569414346,1.349166107213289,0.16420024972814562,0.09950682938081667,2.5480596618422364
2020-07-20,12.16,16.77,7.63,88.19,2.71,2.026947413705128,13.33,13.33,35.92000697358067,28.93859441819553,10.264100000000001,1.5948533148042012,8.6692466851958,1.4778493746353416,1.3033153634909078,0.1745340111444338,0.09731959438955336,2.227196585964001
2020-07-21,12.61,16.7,8.21,89.23,2.56,1.9147547524299369,14.06,14.06,35.952740845172656,28.9649661345049,10.8262,1.7786750324308946,9.047524967569105,1.494702214714264,1.3337227861895378,0.16097942852472613,0.09807523627395145,2.301629590214066
2020-07-22,12.95,16.84,9.59,89.98,2.35,1.7576850266446689,13.44,13.44,35.986120684302755,28.991858268101673,10.3488,1.5871495065559071,8.761650493444094,1.5563993738863493,1.4004481566229372,0.1559512172634121,0.1018461999009783,2.268378022123183
2020-07-23,12.74,17.0,8.42,87.42,2.65,1.9820703491950518,13.59,13.59,36.02009690563397,29.01923087105495,10.4643,1.6524638102695643,8.811836189730435,1.5207870177566287,1.3294720109228448,0.19131500683378388,0.09968306204852469,2.306394477833429
2020-07-24,12.35,16.23,9.17,88.86,2.55,1.9072752416782572,13.1,13.1,36.054618951706345,29.0470432122527,10.087,1.5114580538554596,8.57554194614454,1.5032418013067566,1.3357806646411838,0.16746113666557272,0.0988411198350246,2.212165875562139
2020-07-25,12.11,15.63,8.8,91.26,2.2,1.645492365369477,11.94,11.94,36.089635349410486,29.075253822899064,9.1938,1.1888566508230782,8.004943349176921,1.4541990246540668,1.3271020298993015,0.12709699475476532,0.09580056675275425,2.0164444372723622
2020-07-26,11.38,14.98,8.63,89.75,2.48,1.8549186664165014,15.67,15.67,36.12509376784987,29.10382054313057,12.065900000000001,2.224499526598344,9.841400473401658,1.4114146329069903,1.2667446330340237,0.14466999987296658,0.0935286901886006,2.419884543804173
2020-07-27,12.53,17.01,7.55,87.67,2.38,1.7801235588997069,18.34,18.34,36.16094107755042,29.13270056971772,14.1218,2.9335123971489394,11.18828760285106,1.489644000686794,1.305970895402112,0.18367310528468184,0.09780594870179546,2.832511924205875
2020-07-28,13.42,17.94,9.26,87.55,2.56,1.9147547524299369,17.11,17.11,36.197123410972644,29.161850504816,13.1747,2.5488822691908344,10.625817730809166,1.6122987437246072,1.4115675501308937,0.2007311935937135,0.10510890492088976,2.7827849577249806
2020-07-29,13.48,17.79,9.13,90.57,2.82,2.1092220319736024,17.62,17.62,36.23358622427908,29.191226405728198,13.567400000000001,2.643173207442059,10.924226792557942,1.597537593293219,1.4468897982456683,0.15064779504755066,0.10409676776660999,2.7407308608496495
2020-07-30,13.03,16.54,9.97,91.12,3.21,2.4009229512891004,15.11,15.11,36.27027436030655,29.22078383563737,11.6347,1.993281973433471,9.64141802656653,1.5537272797001496,1.4157562972627764,0.13797098243737316,0.10160637241326508,2.3789184232119025
2020-07-31,12.81,17.38,9.64,87.77,2.84,2.124181053476961,15.11,15.11,36.30713211268993,29.250477915267513,11.6347,2.0096070569619098,9.62509294303809,1.5917697312718242,1.3970962931372801,0.19467343813454407,0.10427737346328375,2.5218434003183066
2020-08-01,11.19,15.92,7.42,81.53,2.25,1.6828899191278741,18.94,18.94,36.34410329108076,29.28026337542631,14.583800000000002,3.2017059880367755,11.382094011963225,1.420068862462061,1.1577821435653184,0.2622867188967426,0.0942461301768258,2.9707150420727304
2020-08-02,11.74,17.38,6.47,81.98,2.33,1.7427260051413098,18.31,18.31,36.381131287401445,29.3100946103821,14.0987,2.978797235665264,11.119902764334736,1.4754321598818574,1.2095592846711467,0.2658728752107107,0.09748840931760439,2.943715387362909
2020-08-03,11.9,16.75,7.85,89.17,2.7,2.019467902953449,16.92,16.92,36.418159143072074,29.339925732024586,13.028400000000001,2.4998935017318655,10.528506498268136,1.4845502599889508,1.3237734668321475,0.16077679315680338,0.09796496405567993,2.6236272341501596
2020-08-04,11.46,15.69,8.14,88.81,2.53,1.8923162201748984,13.75,13.75,36.455129617144635,29.369710624756404,10.5875,1.664545627903216,8.922954372096784,1.432817439450301,1.2724851679758125,0.16033227147448859,0.09488590772940543,2.250173627391421
2020-08-05,11.89,16.45,8.14,89.92,2.64,1.9745908384433726,11.69,11.69,36.491985255275345,29.39940300106003,9.0013,1.087776848916414,7.913523151083586,1.4771267171127178,1.328232344027756,0.1488943730849619,0.0974829105111576,2.019464834552547
2020-08-06,12.38,16.72,8.47,89.18,2.87,2.1466195857319996,13.35,13.35,36.528668459463745,29.42895645768237,10.2795,1.5269563845525878,8.752543615447413,1.5056042242719738,1.3426978472057465,0.16290637706622735,0.09897266564429878,2.2299493382223186
2020-08-07,12.38,16.58,8.55,90.41,2.84,2.124181053476961,11.51,11.51,36.565121558483455,29.45832453237661,8.8627,1.0274608362021742,7.8352391637978265,1.5001870730781128,1.3563191327699218,0.14386794030819106,0.09861656283506691,1.9916966081468688
2020-08-08,12.78,16.58,9.01,89.91,2.68,2.00450888145009,13.65,13.65,36.60128687892702,29.487460761138767,10.5105,1.5920573314641318,8.918442668535869,1.5177939077460831,1.3646485024545032,0.15314540529157994,0.09945504952720069,2.2632713245130254
2020-08-09,13.01,17.36,9.52,90.43,3.06,2.288730290013909,11.1,11.1,36.63710681678419,29.516318735874016,8.547,0.9000460887093679,7.646953911290633,1.5857000332404447,1.4339485400593344,0.15175149318111036,0.10371381006020582,1.9865701722251343
2020-08-10,13.62,18.51,8.84,88.77,2.66,1.9895498599467312,8.77,8.77,36.67252390947004,29.544852162425443,6.7528999999999995,0.28910217842303876,6.463797821576961,1.6334108138878156,1.4499787794882137,0.18343203439960187,0.10631555797052097,1.7937236960294296
2020-08-11,14.25,18.7,10.17,89.44,2.77,2.071824478215205,11.86,11.86,36.70748090821707,29.573014918896003,9.1322,1.0761702825098978,8.056029717490102,1.6993117571833753,1.519864435624811,0.17944732155856435,0.1100516030337603,2.1742946397847427
2020-08-12,14.11,18.6,10.13,89.41,2.64,1.9745908384433726,15.49,15.49,36.741920850742154,29.60076111419191,11.9273,2.0075905622631107,9.91970943773689,1.6909268995057083,1.5118577408480536,0.17906915865765471,0.10963057475878037,2.6141000051215664
2020-08-13,13.73,17.04,10.76,91.44,3.35,2.505636101812613,13.54,13.54,36.77578713409737,29.628045146714207,10.425799999999999,1.5097352209747863,8.916064779025213,1.617282541997548,1.4788431564025577,0.13843938559499036,0.10517356626945167,2.237872623596
2020-08-14,13.73,18.19,9.04,87.56,2.9,2.1690581179870376,14.52,14.52,36.80902358761094,29.654821763122875,11.1804,1.7896213561447958,9.390778643855205,1.6199712639447963,1.4184468387100637,0.20152442523473257,0.1053484166549321,2.484540005391361
2020-08-15,13.47,17.68,10.36,88.52,2.5,1.8698776879198602,17.51,17.51,36.8415745458223,29.681046117096276,13.482700000000001,2.5526808593014785,10.930019140698523,1.6403631993235543,1.4520495040412102,0.1883136952823441,0.10689584181097743,2.8538552155411363
2020-08-16,13.53,18.32,9.48,84.89,2.49,1.8623981771681808,17.94,17.94,36.87338492131364,29.70667382800712,13.8138,2.707168765668843,11.106631234331157,1.645854430700294,1.3971658262214797,0.24868860447881436,0.10720237789544101,2.990275747248057
2020-08-17,13.3,17.18,9.49,87.23,1.52,1.136885634255275,9.37,9.37,36.90440027733773,29.731661039434368,7.214899999999999,0.4391206777562178,6.775779322243781,1.573282767788155,1.3723745583416076,0.2009082094465473,0.10266362776257744,1.8788357180318687
2020-08-18,14.1,18.35,10.76,88.68,2.51,1.8773571986715394,17.17,17.17,36.93456690014071,29.755964477429362,13.220900000000002,2.424776930003745,10.796123069996257,1.70088461742835,1.5083444787354607,0.19254013869288933,0.11028495259041615,2.8557645545842565
2020-08-19,13.99,17.8,10.54,91.17,1.93,1.4435455750741322,15.42,15.42,36.963831870876525,29.779541508452965,11.8734,1.961430853232022,9.911969146767978,1.6556434262951303,1.5094501117532704,0.1461933145418599,0.10744552950909474,2.601570165446431
2020-08-20,13.85,18.03,10.0,88.57,2.59,1.9371932846849749,16.48,16.48,36.99214313700857,29.802350196899585,12.6896,2.2618688239530536,10.427731176046947,1.6479241656250578,1.4595664334941136,0.1883577321309442,0.10706383890296532,2.7310656920132046
2020-08-21,13.09,16.23,10.47,91.34,2.41,1.8025620911547453,16.44,16.44,37.01944958309306,29.824349362123098,12.658800000000001,2.2553836938500456,10.403416306149955,1.5561741866435075,1.4214095020801798,0.13476468456332769,0.1017176225474871,2.611405473147979
2020-08-22,12.41,15.8,9.73,90.85,2.24,1.675410408376195,12.84,12.84,37.04570110083742,29.84549863487866,9.886800000000001,1.3360463517931596,8.550753648206841,1.5005547799978443,1.3632540176280414,0.13730076236980282,0.09861703463617276,2.1750332001333805
2020-08-23,12.51,17.43,8.07,87.03,2.3,1.7202874728862712,14.72,14.72,37.07084865832645,29.86575851309412,11.3344,1.8443392117375839,9.490060788262417,1.5345304203089247,1.3355018247948574,0.19902859551406737,0.10076920158092775,2.49625075155654
2020-08-24,13.18,17.83,8.6,89.14,2.57,1.9222342631816163,20.21,20.21,37.09484436830881,29.885090416884314,15.561700000000002,3.2326965635287808,12.329003436471222,1.5797168816762603,1.4081596283262183,0.17155725335004202,0.10318227618605165,3.111714854863547
2020-08-25,13.48,17.64,10.39,90.18,2.51,1.8773571986715394,19.37,19.37,37.11764155543567,29.903456742721193,14.914900000000001,2.972305696691645,11.942594303308356,1.63907768501713,1.478120256348448,0.16095742866868212,0.10680355181935558,3.0480092803996484
2020-08-26,13.39,17.82,10.06,89.44,2.33,1.7427260051413098,15.2,15.2,37.13919482234378,29.920820916673044,11.703999999999999,1.910561684875761,9.793438315124238,1.636826683594106,1.4639777858065686,0.17284889778753754,0.10673347018161337,2.573138760130563
2020-08-27,13.22,17.17,9.18,87.37,2.65,1.9820703491950518,16.78,16.78,37.1594601144754,29.937147446625964,12.9206,2.3689382463388773,10.551661753661122,1.56039976664941,1.3633212761215896,0.19707849052782045,0.1018879970238191,2.727120774877928
2020-08-28,13.11,18.31,9.23,86.6,2.69,2.01198839220177,22.78,22.78,37.17839478352809,29.95240197340157,17.5406,3.905459455202037,13.635140544797965,1.6352929937855416,1.416163732618279,0.2191292611672626,0.10687206320611313,3.5175771130216233
2020-08-29,13.33,18.36,8.02,84.4,1.33,0.9947749299733656,21.81,21.81,37.19595764942797,29.96655132068515,16.793699999999998,3.7122272467625836,13.081472753237414,1.592702589056893,1.3442409851640178,0.2484616038928753,0.10390597738872437,3.515728535230613
2020-08-30,13.98,18.56,10.95,84.43,1.16,0.8676232471948151,15.18,15.18,37.2121090607216,29.979563543679753,11.6886,1.9253291965104025,9.763270803489597,1.7230757322687826,1.4547928407545334,0.2682828915142492,0.11183055317800354,2.7586745403083275
2020-08-31,13.12,17.35,10.48,89.88,2.12,1.5856562793560416,17.34,17.34,37.22681095328254,29.991407976402545,13.3518,2.4511575273148396,10.900642472685162,1.6245757121168047,1.4601686500505842,0.16440706206622058,0.10616317239787998,2.8374799078436572
2020-09-01,13.06,17.34,9.44,88.43,1.89,1.4136275320674143,17.24,17.24,37.24002690723034,30.00205527754105,13.274799999999999,2.4579953661699534,10.816804633830046,1.5812560917678158,1.3983047619502795,0.18295132981753626,0.1033818453378646,2.8356341812183206
2020-09-02,12.92,16.5,10.28,92.0,1.84,1.3762299783090173,12.86,12.86,37.25172220196196,30.011477474788634,9.9022,1.300422414387201,8.6017775856128,1.5641847730756964,1.4390499912296406,0.12513478184605575,0.10238019876796971,2.2264651121740635
2020-09-03,12.84,16.93,9.39,88.65,2.12,1.5856562793560416,14.32,14.32,37.26186386919718,30.019648007580017,11.0264,1.7036002720343824,9.322799727965618,1.553905567996666,1.3775372860290447,0.17636828196762133,0.10177246320776821,2.441481175431834
2020-09-04,12.71,17.23,8.15,88.94,2.71,2.026947413705128,18.23,18.23,37.27042074394258,30.0265417681499,14.0371,2.7244962072001706,11.31260379279983,1.5249657762533557,1.3563045613997347,0.16866121485362107,0.09998095738082001,2.8303975955980403
2020-09-05,13.42,17.19,9.98,91.32,2.78,2.0793039889668843,21.73,21.73,37.27736351328091,30.032135140839635,16.7321,3.5583350527736917,13.173764947226307,1.5937510959887566,1.4554135008569324,0.1383375951318242,0.10389974752995236,3.2339793876544194
2020-09-06,13.55,18.37,9.44,88.4,2.21,1.6529718761211565,17.69,17.69,37.2826647628958,30.036406039579372,13.621300000000002,2.538409759993948,11.082890240006053,1.6475668853658598,1.45644912666342,0.19111775870243974,0.10729680690164968,2.9194889608821826
2020-09-07,13.64,18.77,9.4,86.57,2.01,1.5033816610875674,18.52,18.52,37.286299021245064,30.039333943475874,14.2604,2.765821278584497,11.494578721415504,1.6727575657628226,1.4481062246808756,0.22465134108194706,0.10885920782118495,3.091391304402666
2020-09-08,13.32,18.63,9.08,83.21,1.91,1.4285865535707731,14.97,14.97,37.288242801298885,30.040899930438435,11.526900000000001,1.8921738360144602,9.63472616398554,1.65072989327864,1.3735723441971563,0.2771575490814837,0.10770020224005931,2.695848530170154
2020-09-09,12.25,16.54,8.7,87.65,2.07,1.548258725597644,16.26,16.26,37.2884746397636,30.041086708779147,12.5202,2.2346452635717577,10.285554736428242,1.5034789202622314,1.317799273609846,0.18567964665238534,0.09893595472828248,2.6604624951912386
2020-09-10,12.43,17.68,7.41,87.13,2.19,1.6380128546177974,19.38,19.38,37.286975133714705,30.039878646725917,14.9226,3.0443044335032563,11.878295566496742,1.5266203701153844,1.3301443284815344,0.19647604163385002,0.10031400567372455,3.05162500884479
2020-09-11,13.28,17.95,9.58,89.23,2.04,1.525820193342606,16.36,16.36,37.2837269745678,30.0372617997908,12.597199999999999,2.197066295499912,10.400133704500087,1.6256681819784804,1.450583718779398,0.17508446319908244,0.1060989412018473,2.736897537186569
2020-09-12,13.26,17.82,8.99,88.16,2.28,1.7053284513829126,17.64,17.64,37.27871497932,30.033223935939365,13.5828,2.552363238005472,11.03043676199453,1.59401498466932,1.4052836104844724,0.18873137418484753,0.10404970973535999,2.8696140677572575
2020-09-13,13.12,17.24,10.4,89.47,2.99,2.236373714752153,15.26,15.26,37.271926118998934,30.027754558510303,11.7502,1.921103215661396,9.829096784338603,1.614332728006555,1.4443434917474647,0.16998923625909024,0.10549381135803759,2.525680143885066
2020-09-14,13.45,18.6,9.39,85.81,3.07,2.2962098007655882,17.47,17.47,37.26334954426144,30.020844926838784,13.4519,2.514166193065438,10.937733806934562,1.6609069305395554,1.4252242370959924,0.23568269344356296,0.10825186019371355,2.911622492055069
2020-09-15,13.47,18.13,9.27,85.11,2.37,1.7726440481480275,19.52,19.52,37.252976608088645,30.012488074540535,15.0304,3.078512966933558,11.951887033066441,1.6250452627011716,1.383076023084967,0.24196923961620453,0.10589763377343303,3.174518059834563
2020-09-16,14.24,19.52,9.65,86.67,1.85,1.3837094890606967,15.21,15.21,37.24080088552957,30.002678825418048,11.7117,1.895430769090891,9.816269230909109,1.73457839327012,1.503359093447213,0.231219299822907,0.11234448900633512,2.7197183404679794
2020-09-17,13.84,18.66,9.95,86.68,1.71,1.2789963385371843,18.77,18.77,37.22681819045029,29.99141380695437,14.4529,2.8319587527437746,11.620941247256225,1.6875339412974717,1.4627544203166485,0.2247795209808232,0.10964597424336311,3.150919491214943
2020-09-18,14.31,19.1,10.84,86.48,1.85,1.3837094890606967,19.2,19.2,37.211026589251105,29.97869146136426,14.783999999999999,2.9168673204984934,11.867132679501506,1.7549787583068883,1.517705630183797,0.23727312812309131,0.11360253506690594,3.2506132421277174
2020-09-19,14.06,18.17,11.21,90.26,1.79,1.3388324245506198,17.26,17.26,37.193426411520086,29.964512054177042,13.290200000000002,2.393517027878811,10.89668297212119,1.7086529324023272,1.5422301367863407,0.1664227956159865,0.11082391163465934,2.9090299248356204
2020-09-20,13.11,17.14,9.79,85.97,2.24,1.675410408376195,15.11,15.11,37.174020257596155,29.948877680329765,11.6347,1.9378432505042964,9.696856749495705,1.5828885189417474,1.36080925973422,0.22207925920752736,0.10344724920087217,2.600328967594869
2020-09-21,12.87,17.62,9.45,85.89,2.42,1.8100416019064245,17.86,17.86,37.15281300302123,29.931792267754023,13.7522,2.6576354975772825,11.094564502422717,1.5993093454064076,1.3736467967695634,0.2256625486368442,0.10472104611388072,2.9359873375053884
2020-09-22,13.36,18.85,7.55,83.24,2.78,2.0793039889668843,23.84,23.84,37.12981179986646,29.913261578444416,18.3568,4.26994504776729,14.08685495223271,1.6086221918342822,1.3390171124828563,0.26960507935142597,0.10491943401609789,3.6753645825179255
2020-09-23,12.5,15.88,9.64,88.6,3.27,2.4458000157991773,14.12,14.12,37.105026074923146,29.893293207001083,10.872399999999999,1.6839754583357334,9.188424541664265,1.5015242394319708,1.330350476136726,0.1711737632952448,0.09860965366676393,2.3186354256911246
2020-09-24,12.41,17.34,8.1,85.98,3.12,2.333607354523986,14.99,14.99,37.07846752475522,29.871896576643795,11.542300000000001,1.9270896322774502,9.61521036772255,1.529986901669362,1.3154827380553176,0.21450416361404434,0.10055132494065619,2.516604316903541
2020-09-25,12.44,17.93,7.25,82.71,2.7,2.019467902953449,18.09,18.09,37.05015010761545,29.849082932699314,13.9293,2.793435579443511,11.135864420556489,1.5370548993924176,1.2712981072874685,0.26575679210494907,0.10099156887413935,2.9649081265036776
2020-09-26,13.11,17.91,9.22,88.48,2.56,1.9147547524299369,15.22,15.22,37.02009003223409,29.824865333569072,11.7194,1.945303066638702,9.774096933361298,1.6087866990342023,1.4234544713054624,0.18533222772873992,0.10513978500349734,2.5613669428536703
2020-09-27,12.56,17.21,9.69,86.71,2.65,1.9820703491950518,17.85,17.85,36.98830574349357,29.79925863918816,13.744500000000002,2.673020178774316,11.071479821225687,1.583176670282415,1.372772490801882,0.21040417948053314,0.10392208806574418,2.8863917366860843
2020-09-28,12.72,17.78,7.35,86.02,2.83,2.1167015427252815,17.0,17.0,36.954817905009854,29.77227949699214,13.09,2.471346390236953,10.618653609763047,1.5309016550440675,1.3168816036689068,0.21402005137516067,0.10036210113942966,2.748372604125464
2020-09-29,12.51,16.17,9.51,90.02,3.32,2.483197569557574,16.12,16.12,36.919649378645246,29.743946325411756,12.412400000000002,2.2127819513880937,10.199618048611908,1.513172191121106,1.3621576064472196,0.1510145846738864,0.09936665414755352,2.499390973865666
2020-09-30,12.07,17.05,7.97,83.98,2.63,1.9671113276916927,14.56,14.56,36.882825200984904,29.71427929492148,11.2112,1.8589927612702826,9.352207238729717,1.5072283274845486,1.265770349421524,0.2414579780630246,0.09932591884818669,2.5106283352731364
2020-10-01,12.92,18.13,8.41,85.22,2.01,1.5033816610875674,17.35,17.35,36.84437255681331,29.68330030667108,13.3595,2.568225091908281,10.791274908091719,1.5920081484527548,1.3567093441114377,0.2352988043413171,0.10420131526937758,2.8948603763172556
2020-10-02,12.44,17.38,8.07,86.09,2.48,1.8549186664165014,17.32,17.32,36.804320749633284,29.651032968734558,13.336400000000001,2.5788248256863806,10.75757517431362,1.5313908001567356,1.3183743398549337,0.21301646030180188,0.1006194115307052,2.79954846529197
2020-10-03,12.8,17.27,8.94,88.55,2.63,1.9671113276916927,14.1,14.1,36.76270116927547,29.617502570015095,10.857,1.6944237162142466,9.162576283785754,1.5572747736769919,1.3789668120909764,0.17830796158601547,0.10202575543198653,2.3823438028376245
2020-10-04,12.41,17.3,8.88,86.78,2.85,2.131660564228641,16.81,16.81,36.719547256651076,29.582736051848375,12.9437,2.4373131489311723,10.506386851068827,1.5568317555440245,1.3510185974611044,0.2058131580829201,0.10231557901498223,2.7248440977355033
2020-10-05,12.16,18.25,7.78,83.82,1.94,1.4510250858258114,16.86,16.86,36.67489446570586,29.54676197735127,12.9822,2.4799478291205843,10.502252170879416,1.5767289255106103,1.3216141853629935,0.2551147401476168,0.10383102779390609,2.851188245914991
2020-10-06,12.71,18.17,8.1,85.5,1.88,1.406148021315735,18.19,18.19,36.628780222638646,29.509610498566598,14.006300000000001,2.818210040223163,11.188089959776839,1.5831259088296223,1.353572652049327,0.22955325678029537,0.10379409589639839,2.987093116355506
2020-10-07,12.71,17.81,7.66,85.09,2.18,1.6305333438661183,15.94,15.94,36.58124388245171,29.471313321458396,12.2738,2.239989497722047,10.033810502277952,1.5438195790502518,1.3136360798138593,0.23018349923639247,0.10121706463204902,2.6762720490118146
2020-10-08,12.56,17.35,8.5,87.31,2.45,1.8324801341614632,16.52,16.52,36.53232668290549,29.43190366881598,12.7204,2.378730740239103,10.341669259760897,1.5454906264408708,1.3493678659455242,0.1961227604953466,0.10144831969834409,2.686439872290565
2020-10-09,13.01,17.86,8.8,84.45,2.44,1.8250006234097835,17.6,17.6,36.48207169595421,29.391416241128553,13.552000000000001,2.69618115875669,10.85581884124331,1.5892655666124043,1.3421347710041756,0.2471307956082287,0.10394701624242872,2.9049270869184225
2020-10-10,12.85,17.54,8.62,86.24,2.75,2.0568654567118463,19.93,19.93,36.43052377674291,29.34988717549516,15.3461,3.315959558181088,12.030140441818912,1.561980787541068,1.347052231175417,0.2149285563656511,0.10229316765077145,3.0902854655989755
2020-10-11,13.03,18.71,8.08,84.04,2.45,1.8324801341614632,21.43,21.43,36.3777295102509,29.307354002638537,16.5011,3.7302862767348364,12.770813723265164,1.6182894455467853,1.3600104500375183,0.25827899550926703,0.10582843091254447,3.386197808360507
2020-10-12,12.65,17.52,9.61,88.14,3.19,2.3859639297857416,16.54,16.54,36.32373715566943,29.263855602093518,12.7358,2.3811550802620856,10.354644919737915,1.5993753148031686,1.4096894024675128,0.1896859123356558,0.10490980036476803,2.663717207527944
2020-10-13,11.66,15.56,8.35,84.76,2.41,1.8025620911547453,14.05,14.05,36.26859658860579,29.21943215564437,10.8185,1.8015005228167211,9.01699947718328,1.4332105040532368,1.2147892232355235,0.21842128081771328,0.09475950554580453,2.3690074303342614
2020-10-14,12.7,17.8,7.78,85.44,2.16,1.6155743223627594,14.06,14.06,36.212359241208254,29.174125099087018,10.8262,1.7673688389986213,9.058831161001379,1.547488388444806,1.3221740790872423,0.2253143093575638,0.10146571865354904,2.4430839476136934
2020-10-15,13.38,18.44,8.71,85.66,2.76,2.0643449674635255,18.57,18.57,36.15507804031012,29.12797707239545,14.2989,2.965044328071613,11.333855671928386,1.623774315125887,1.3909250783368348,0.23284923678905223,0.10589080489302517,2.993429784014188
2020-10-16,12.78,16.31,8.9,87.48,3.03,2.2662917577588706,16.07,16.07,36.09680734369299,29.08103186837282,12.3739,2.3298874690199587,10.044012530980043,1.4974658603685584,1.309983134650415,0.1874827257181435,0.09812303274389099,2.543559897063925
2020-10-17,12.61,18.27,7.36,80.3,2.21,1.6529718761211565,14.94,14.94,36.03760287457232,29.033334379870446,11.5038,2.074698977811185,9.429101022188815,1.5630929014138295,1.255163599835305,0.3079293015785245,0.1025627072169713,2.653419641686505
2020-10-18,12.7,17.32,9.27,88.42,2.34,1.750205515892989,14.68,14.68,35.977521654410346,28.98493054565915,11.3036,1.9290246976601486,9.374575302339851,1.5732726430953692,1.3910876710249256,0.1821849720704436,0.10315634066247716,2.460667278823205
2020-10-19,13.57,19.29,9.38,78.07,1.62,1.2116807417720696,17.36,17.36,35.916621934162904,28.935867295039003,13.3672,2.752479804653886,10.614720195346115,1.7076662308146915,1.3331750263970295,0.37449120441766204,0.11119300948422542,3.069954908384992
2020-10-20,13.57,17.91,10.52,87.47,2.1,1.5706972578526825,18.61,18.61,35.85496312406901,28.886192491274958,14.3297,2.978477832219391,11.351222167780609,1.6618754607157868,1.4536424654880986,0.20823299522768823,0.10821138846132308,3.0234421015014488
2020-10-21,12.87,16.57,9.76,86.23,2.7,2.019467902953449,16.14,16.14,35.792605722092695,28.83595487394676,12.427800000000001,2.3853389182754947,10.042461081724507,1.5469526203948032,1.333937244566439,0.21301537582836416,0.10129278438949323,2.630817842951147
2020-10-22,13.45,18.07,9.58,84.89,2.7,2.019467902953449,16.91,16.91,35.72961124112793,28.785204000302304,13.0207,2.5841905922411446,10.436509407758855,1.6334590675104312,1.386643402409605,0.2468156651008262,0.10646290852121995,2.8167206405807956
2020-10-23,13.25,17.46,9.68,86.57,2.68,2.00450888145009,17.99,17.99,35.66604213507833,28.733990185704506,13.8523,2.88036814115455,10.97193185884545,1.5984103300286296,1.3837438227057846,0.2146665073228451,0.10434494572857414,2.8715427412145087
2020-10-24,13.49,18.64,9.67,85.27,2.01,1.5033816610875674,14.18,14.18,35.601961723923694,28.682364443261886,10.9186,1.8341569165778344,9.084443083422165,1.6747972148864065,1.4280995851336389,0.24669762975276766,0.10912236081308704,2.5316382087907394
2020-10-25,13.77,19.02,9.36,87.58,2.08,1.5557382363493237,19.32,19.32,35.53743411788558,28.63037842273334,14.8764,3.1889752561120357,11.687424743887965,1.6882092215034286,1.4785336361927028,0.20967558531072572,0.10975102301538507,3.122147920641091
2020-10-26,14.95,20.53,10.45,84.38,1.51,1.1294061235035955,19.44,19.44,35.47252414080444,28.578084348797688,14.968800000000002,3.20763308128479,11.761166918715212,1.8407960997150397,1.5532637489395504,0.2875323507754892,0.11855374834233791,3.335079518418986
2020-10-27,14.93,19.3,12.03,87.13,1.12,0.8377052041880975,18.32,18.32,35.407297252840344,28.525534958778294,14.1064,2.888675454458068,11.217724545541932,1.822099469639145,1.587595267896587,0.23450420174255804,0.11736823023043468,3.1613809560002126
2020-10-28,14.16,18.72,11.74,90.76,1.68,1.2565578062821459,17.24,17.24,35.34181947260871,28.472783439912483,13.274799999999999,2.5798859881007252,10.694914011899273,1.768999429519242,1.6055438822316639,0.16345554728757805,0.1146467702216424,2.8965751042565584
2020-10-29,14.55,19.32,10.25,85.79,1.04,0.7778691181746619,16.7,16.7,35.27615729886215,28.419883366255306,12.859,2.524260735540674,10.334739264459326,1.745166470729636,1.4971783152389548,0.2479881554906811,0.11275216874659065,2.904875956219349
2020-10-30,14.5,19.47,11.0,85.11,0.82,0.6133198816377141,14.31,14.31,35.21037763182792,28.366888635305845,11.0187,1.880865087973211,9.13783491202679,1.7876857431350022,1.5214993359822002,0.26618640715280195,0.11554513894506399,2.6206212027349554
2020-10-31,13.34,16.41,11.28,89.62,0.83,0.6207993923893935,13.2,13.2,35.14454769431013,28.31385340444401,10.164,1.601720483138729,8.56227951686127,1.6019006560725342,1.4356233679722052,0.16627728810032893,0.10449770911053156,2.3376143676746737
2020-11-01,13.21,16.29,10.95,89.16,1.46,1.0920085697451982,13.49,13.49,35.078734952663446,28.260832027263778,10.3873,1.6979633289474345,8.689336671052565,1.58029976248362,1.4089952682303954,0.17130449425322447,0.10319562720859274,2.328809199898204
2020-11-02,14.17,18.37,10.58,86.51,1.09,0.8152666719330591,18.9,18.9,35.01300703774454,28.207878989888513,14.552999999999999,3.176482651490893,11.376517348509106,1.6945051890412737,1.465916439039606,0.22858875000166767,0.10981015222476788,3.1388178079742612
2020-11-03,14.68,20.02,10.85,87.12,1.33,0.9947749299733656,17.64,17.64,34.94743166594474,28.155048847351722,13.5828,2.764524929975021,10.81827507002498,1.8204301791135222,1.5859587720437005,0.23447140706982172,0.11749349901549334,3.0430517766051226
2020-11-04,12.67,16.52,9.21,89.56,1.65,1.2341192740271076,17.35,17.35,34.882076560406,28.10239616012549,13.3595,2.8037052532783013,10.555794746721698,1.522007699290532,1.3631100954846005,0.15889760380593154,0.09981895593911402,2.732496715992847
2020-11-05,14.03,18.4,11.23,84.86,1.34,1.002254440725045,13.54,13.54,34.81700937252021,28.049975430877183,10.425799999999999,1.7372245335796717,8.688575466420327,1.7246968490455705,1.4635777461000712,0.26111910294549934,0.11189123348350888,2.471382759000209
2020-11-06,13.79,17.17,11.72,88.86,0.95,0.7105535214095469,15.05,15.05,34.752297603809076,27.997841041532745,11.588500000000002,2.1381775276344093,9.450322472365592,1.6677904982610663,1.4819986367547835,0.1857918615062828,0.1084063234883165,2.603242847831038
2020-11-07,12.73,16.51,9.64,86.1,0.81,0.6058403708860348,14.18,14.18,34.68800852827993,27.946047190723444,10.9186,1.973809009014408,8.944790990985592,1.5385111741440771,1.3246581209380504,0.21385305320602677,0.10085289451931252,2.439086285217145
2020-11-08,13.68,18.65,10.84,88.0,1.19,0.8900617794498534,14.11,14.11,34.62420911535006,27.894647831690627,10.8647,1.8807983276102365,8.983901672389763,1.7243430633846506,1.5174218957784924,0.2069211676061582,0.11218050699462422,2.5096202055360237
2020-11-09,14.18,18.25,10.46,87.95,1.41,1.0546110159868012,11.64,11.64,34.56096595342947,27.843696610720922,8.962800000000001,1.2205018126570304,7.742298187342971,1.6814943145866086,1.4788742496789222,0.20262006490768636,0.10895833394752122,2.158302455764962
2020-11-10,14.07,17.84,11.62,90.81,2.07,1.548258725597644,16.3,16.3,34.498345174249344,27.793246806182243,12.551,2.4679606828432528,10.083039317156747,1.7055601650568428,1.548819185888119,0.15674097916872376,0.110614512052311,2.6699846967459218
2020-11-11,13.72,17.21,11.42,89.16,1.47,1.0994880804968779,14.03,14.03,34.43641237802044,27.74335126822839,10.8031,1.8933967318161093,8.909703268183891,1.656741520491385,1.4771507396701187,0.17959078082126623,0.10774820901026885,2.423445409104905
2020-11-12,13.93,18.43,11.09,88.79,1.97,1.4734636180808498,15.22,15.22,34.37523255950329,27.69406235923823,11.7194,2.206975703558405,9.512424296441594,1.7205229804315516,1.5276523543251748,0.19287062610637684,0.11170932692335887,2.589223680781668
2020-11-13,13.61,17.73,10.94,88.14,1.48,1.1069675912485573,15.54,15.54,34.31487003506808,27.64543189505225,11.9658,2.3332408447606316,9.632559155239369,1.6683483249747906,1.4704822136327804,0.19786611134201015,0.10859822898186436,2.629468031489887
2020-11-14,13.92,18.59,10.19,88.27,1.55,1.1593241665103133,13.8,13.8,34.255388370820285,27.597511087067655,10.626000000000001,1.8423979567957178,8.783602043204283,1.6927484228953928,1.4941890328897631,0.19855939000562972,0.10991474314564446,2.42074433992586
2020-11-15,13.71,17.0,10.62,89.26,0.96,0.7180330321612264,16.58,16.58,34.196850311864154,27.550350485250238,12.766599999999999,2.6503119420251284,10.11628805797487,1.6088255247288543,1.4360376633729754,0.17278786135587887,0.10464027072135038,2.738123419742386
2020-11-16,13.15,18.06,9.25,86.49,1.57,1.1742831880136722,15.99,15.99,34.139317712773526,27.503999922118865,12.3123,2.5183465507692366,9.793953449230763,1.6196916373084964,1.4008712971081183,0.2188203402003781,0.10581865127801249,2.6655678768588014
2020-11-17,13.83,18.14,10.32,87.54,1.39,1.0396519944834421,10.45,10.45,34.08285146933632,27.458508457756114,8.0465,0.9366710964929468,7.109828903507053,1.6683859223854245,1.4605050364562007,0.20788088592922382,0.10841048252739759,1.9994206721657484
2020-11-18,13.49,18.09,9.82,86.25,0.82,0.6133198816377141,14.92,14.92,34.02751145163569,27.413924325895778,11.4884,2.223853314288405,9.264546685711595,1.6444637335327408,1.418349970171989,0.22611376336075173,0.10714596566054538,2.575891986268135
2020-11-19,13.38,16.37,11.11,90.17,1.59,1.1892422095170312,14.95,14.95,33.973356438528285,27.370294881135926,11.5115,2.2178649150770857,9.293635084922915,1.5920247897664075,1.4355287529323697,0.1564960368340378,0.10382033071199581,2.4599332314846087
2020-11-20,14.14,18.98,9.9,86.73,3.18,2.3784844190340624,19.11,19.11,33.92044405357661,27.32766654732346,14.7147,3.3855147218674375,11.329185278132563,1.7072056270383875,1.4806594403303937,0.22654618670799387,0.11065958867257579,2.997225463943897
2020-11-21,13.86,18.85,9.97,85.64,2.45,1.8324801341614632,18.69,18.69,33.86883070248946,27.28608476715361,14.391300000000001,3.3001779566311047,11.091122043368896,1.701205133448176,1.4569120762850178,0.24429305716315808,0.11051664435120458,3.00856333186222
2020-11-22,13.88,19.13,9.54,86.19,2.25,1.6828899191278741,20.4,20.4,33.818571512121935,27.245593953025917,15.707999999999998,3.777629654826961,11.930370345173039,1.702949089608166,1.4677718203332781,0.2351772692748879,0.11061232132854724,3.210022934549465
2020-11-23,14.26,19.28,10.76,87.38,2.34,1.750205515892989,18.58,18.58,33.76972027108286,27.206237439195196,14.3066,3.218449468210811,11.08815053178919,1.7639955149765734,1.5413792809865297,0.2226162339900437,0.11423159965791829,3.012200041501354
2020-11-24,13.88,19.0,10.71,87.95,1.6,1.1967217202687106,14.77,14.77,33.7223293719956,27.168057435254536,11.3729,2.161798345050092,9.211101654949907,1.7425079339923784,1.532535727946297,0.20997220604608136,0.11318180249102833,2.56026566337347
2020-11-25,14.88,19.13,12.16,88.02,2.06,1.540779214845965,17.98,17.98,33.676449755454335,27.13109498098423,13.8446,3.0305422146067773,10.814057785393222,1.8163541396589973,1.5987549137278492,0.2175992259311481,0.11704455137280431,2.9764153176873265
2020-11-26,14.96,20.42,10.74,84.37,1.3,0.9723363977183274,17.18,17.18,33.63213085571644,27.095389902599393,13.2286,2.855634857667811,10.37296514233219,1.844984358227229,1.556613303036313,0.288371055190916,0.11881406640404868,2.9796830283356677
2020-11-27,13.3,16.52,11.09,90.59,1.61,1.20420123102039,14.51,14.51,33.58942054816783,27.06098077042593,11.1727,2.1323258315132585,9.040374168486743,1.6000769095919734,1.4495096723993686,0.15056723719260479,0.10441206348988934,2.3942279867248693
2020-11-28,13.48,18.67,9.26,86.32,2.25,1.6828899191278741,16.13,16.13,33.548365098596555,27.02790485803333,12.4201,2.6218364706712105,9.79826352932879,1.6604707764717763,1.4333183742504372,0.22715240222133914,0.1081975419716458,2.6659451263177827
2020-11-29,13.34,18.24,9.35,86.63,2.45,1.8324801341614632,16.58,16.58,33.50900911430707,26.996198102850347,12.766599999999999,2.7652537734511995,10.0013462265488,1.635415903240858,1.416760796977555,0.21865510626330287,0.1066840285530554,2.6827488265566473
2020-11-30,14.03,18.9,10.73,87.4,2.65,1.9820703491950518,15.6,15.6,33.471395497105284,26.965895068287903,12.012,2.437527857785595,9.574472142214406,1.73653060246769,1.5177277465567613,0.21880285591092874,0.11265895870308784,2.615481096550934
2020-12-01,13.87,18.37,10.72,88.44,2.4,1.795082580403066,16.3,16.3,33.43556539818266,26.93702890739188,12.551,2.642751212147303,9.908248787852697,1.700489483166208,1.5039128989121944,0.1965765842540137,0.11046135676410945,2.658225757973546
2020-12-02,14.33,18.75,11.15,87.59,3.05,2.281250779262229,14.49,14.49,33.401558174925114,26.909631328046668,11.157300000000001,2.1279685286533585,9.029331471346643,1.744607269466218,1.5281015073254605,0.21650576214075756,0.11291322105560353,2.4714575204900955
2020-12-03,14.64,19.56,11.29,86.52,2.6,1.9446727954366547,17.77,17.77,33.36941134967072,26.88373255974872,13.6829,3.046077208784933,10.636822791215067,1.8067903605039257,1.5632350199079965,0.2435553405959292,0.1166501949373156,2.936792785061019
2020-12-04,13.88,20.08,8.31,81.28,2.52,1.8848367094232192,20.74,20.74,33.3391605704385,26.859361321968073,15.9698,4.045644499728368,11.924155500271631,1.7227581084053576,1.4002577905118747,0.3225003178934829,0.1118989843097068,3.331974996381911
2020-12-05,14.26,19.14,10.02,86.83,2.6,1.9446727954366547,14.63,14.63,33.310839573648586,26.836544794114246,11.2651,2.192329987350454,9.072770012649546,1.7231342503472116,1.4961974695764837,0.22693678077072788,0.11158553418721358,2.5031598959779813
2020-12-06,14.19,18.42,11.68,87.77,2.98,2.2288942040004733,15.52,15.52,33.28448014885229,26.815308587121358,11.9504,2.434247223619327,9.516152776380673,1.7461855846568828,1.5326270876533459,0.2135584970035369,0.113141233948461,2.583676421938597
2020-12-07,14.17,19.02,10.19,86.48,2.26,1.6903694298795535,17.27,17.27,33.26011210548971,26.79567671666673,13.2979,2.962078675625678,10.335821324374322,1.7219106904452248,1.4891083650970305,0.23280232534819434,0.11158612924769258,2.827146031121633
2020-12-08,14.26,18.78,11.53,87.07,2.49,1.8623981771681808,17.68,17.68,33.23776324169026,26.777671578035342,13.6136,3.056834284688312,10.556765715311688,1.7635488251990996,1.5355219621008558,0.22802686309824383,0.1142026732307259,2.8823481398302313
2020-12-09,14.31,19.93,9.4,84.86,2.22,1.6604513868728359,16.93,16.93,33.217459315130924,26.761313922642078,13.0361,2.875663215290439,10.16043678470956,1.7538115639052352,1.4882844931299826,0.2655270707752526,0.1135269807376492,2.843455076012384
2020-12-10,14.88,19.74,11.47,84.97,2.16,1.6155743223627594,20.1,20.1,33.199224015965136,26.74662283622215,15.477000000000002,3.754736055928582,11.72226394407142,1.8276019957161216,1.5529134157599884,0.27468857995613316,0.11776935510868765,3.2746054926343535
2020-12-11,14.75,20.28,10.65,82.19,2.28,1.7053284513829126,20.51,20.51,33.183078941834914,26.73361571869988,15.792700000000002,3.932444858710508,11.860255141289494,1.8308014011072742,1.5047356715700686,0.3260657295372056,0.11809725050047037,3.3738663068582317
2020-12-12,13.73,18.81,10.14,80.36,2.25,1.6828899191278741,22.03,22.03,33.16904357497679,26.722308265744303,16.9631,4.51520861424769,12.44789138575231,1.705505756963937,1.3705444262962196,0.33496133066771727,0.1109108137230173,3.474358621025628
2020-12-13,12.69,18.96,8.45,72.32,2.13,1.5931357901077208,24.05,24.05,33.15713526143225,26.71271445202028,18.5185,5.387468958142174,13.131031041857826,1.6490050846693887,1.1925604772329017,0.45644460743648696,0.1081306156678469,3.7808655256296926
2020-12-14,13.2,19.55,7.21,79.53,2.19,1.6380128546177974,18.13,18.13,33.14736919237164,26.70484651614229,13.960099999999999,3.377224873524849,10.58287512647515,1.645165274273848,1.3083999426299915,0.3367653316438566,0.10744000691589642,3.0006092924428773
2020-12-15,14.31,19.12,10.51,83.86,2.38,1.7801235588997069,16.86,16.86,33.1397583875402,26.698714947337887,12.9822,2.8976148341361463,10.084585165863855,1.7422312286374795,1.4610351083353903,0.2811961203020892,0.11277736742346248,2.8380134707358255
2020-12-16,14.61,19.39,11.34,85.02,2.47,1.8474391556648222,17.86,17.86,33.13431368083398,26.694328473827092,13.7522,3.141909680964357,10.610290319035643,1.7970542755480592,1.5278555450709599,0.2691987304770993,0.11604924847423506,2.9684567680329224
2020-12-17,14.49,19.22,11.8,85.05,2.95,2.2064556717454353,16.73,16.73,33.131043708012946,26.691694052923552,12.882100000000001,2.815248019644476,10.066851980355526,1.8059541249385687,1.5359639832602525,0.26999014167831614,0.1167351679603532,2.831508466396663
2020-12-18,14.18,18.69,11.64,87.0,2.44,1.8250006234097835,15.87,15.87,33.12995489655739,26.690816862862498,12.219899999999999,2.5583931522782413,9.661506847721757,1.7624341598873128,1.533317719101962,0.22911644078535076,0.11420311569755823,2.6695533562872864
2020-12-19,14.15,19.7,10.42,84.42,2.19,1.6380128546177974,17.6,17.6,33.13105145767406,26.691700296360533,13.552000000000001,3.0829836022170296,10.469016397782973,1.7790809291617022,1.5019001203983091,0.2771808087633931,0.11530931134642229,2.9480293179651884
2020-12-20,13.47,18.36,9.58,85.86,2.42,1.8100416019064245,18.79,18.79,33.134335380457046,26.694345955911416,14.4683,3.470310112034265,10.997989887965733,1.6525006325015037,1.4188370430657913,0.23366358943571242,0.10768678928987503,2.9496605873343658
2020-12-21,14.19,20.02,10.15,83.69,2.68,2.00450888145009,19.26,19.26,33.13980642820849,26.698753650821885,14.830200000000001,3.566543441867802,11.2636565581322,1.7907689976745802,1.4986945741538562,0.292074423520724,0.11602994314797448,3.154620359813747
2020-12-22,13.96,19.19,11.01,88.81,2.49,1.8623981771681808,17.99,17.99,33.14746213692327,26.704921395990862,13.8523,3.1200036912219353,10.732296308778064,1.7685812771419023,1.5706770322297234,0.19790424491217884,0.11480221469557206,2.8857847333763615
2020-12-23,14.09,18.68,11.0,90.91,1.66,1.241598784778787,18.4,18.4,33.15729781594176,26.71284541243532,14.168,3.2164039776292226,10.951596022370776,1.7333102066685726,1.5757523088823993,0.15755789778617335,0.11239636151464083,2.9391990523442972
2020-12-24,14.36,19.41,11.03,87.31,2.25,1.6828899191278741,17.67,17.67,33.16930655077375,26.722520129565364,13.605900000000002,3.0444936551240493,10.561406344875952,1.7847833298020646,1.5582943252501826,0.22648900455188192,0.11548592850946247,2.902916229795389
2020-12-25,13.14,16.19,11.18,88.41,1.22,0.9125003117048918,18.39,18.39,33.183479208096415,26.733938189210797,14.160300000000001,3.349371249687618,10.810928750312383,1.5844872264646084,1.4008451569173601,0.18364206954724827,0.10352692301083659,2.892338948495144
2020-12-26,12.46,17.89,7.55,88.69,0.92,0.6881149891545086,17.16,17.16,33.19980444292863,26.74709045140102,13.2132,2.9825841047788004,10.2306158952212,1.5450436337869073,1.3702991988056081,0.1747444349812992,0.10150020783659465,2.745674678475792
2020-12-27,13.23,18.3,9.64,87.04,0.91,0.6806354784028291,15.9,15.9,33.21826870798305,26.761966001899467,12.243,2.5974523896816226,9.645547610318378,1.650948485313068,1.4369855616164946,0.21396292369657344,0.10779186830362697,2.6702225153753636
2020-12-28,12.96,16.87,10.96,90.63,1.28,0.9573773762149684,20.07,20.07,33.2388562651973,26.778552161493554,15.4539,3.7619823739625713,11.69191762603743,1.6155255015697252,1.4641507620726417,0.15137473949708347,0.10570679162787193,3.1032198575534236
2020-12-29,13.34,18.55,9.68,85.84,1.66,1.241598784778787,17.49,17.49,33.26154919944421,26.796834497040233,13.4673,3.062399990585908,10.404900009414092,1.6691669517090768,1.4328129113470716,0.23635404036200525,0.10888573015773198,2.8559972976411903
2020-12-30,13.84,18.21,11.05,89.49,1.91,1.4285865535707731,15.42,15.42,33.28632743442086,26.816796834266825,11.8734,2.3979531481959255,9.475446851804074,1.7042418554907464,1.5251260364786687,0.17911581901207763,0.1107315556852911,2.5601759754914557
2020-12-31,13.21,17.35,10.53,92.29,1.65,1.2341192740271076,14.1,14.1,33.31316875071523,26.838421272326215,10.857,2.017697469904278,8.839302530095722,1.6266948631295406,1.501276689182253,0.1254181739472875,0.10622528754533608,2.3280721358004532
2021-01-01,13.3,18.23,9.08,87.38,2.42,1.8100416019064245,14.04,14.04,33.31316875071523,26.838421272326215,10.8108,2.0504652551597466,8.760334744840254,1.6241536404586943,1.419185451032807,0.20496818942588724,0.10598317618879459,2.366444628280999
2021-01-02,13.9,19.0,10.22,89.02,2.98,2.2288942040004733,13.42,13.42,33.34204880604794,26.861688200104464,10.333400000000001,1.8208509518848108,8.51254904811519,1.7217883375086602,1.5327359780502092,0.189052359458451,0.11181818682918311,2.300301197071248
2021-01-03,14.07,18.97,10.54,89.97,1.6,1.1967217202687106,16.88,16.88,33.37294115768645,26.88657631427851,12.9976,2.7724913453030022,10.225108654696998,1.7331972777038733,1.5593575907501747,0.17383968695369867,0.1124069235969862,2.7768005924574544
2021-01-04,13.62,17.79,10.95,89.69,1.24,0.9274593332082507,21.06,21.06,33.405817287026835,26.9130626391203,16.2162,3.992826716418747,12.223373283581253,1.6726253672495566,1.5001776918861274,0.1724476753634292,0.10886795757861162,3.2925902798962134
2021-01-05,12.74,17.42,10.09,85.2,1.4,1.0471315052351216,22.58,22.58,33.44064662633835,26.94112254804323,17.386599999999998,4.571597894075908,12.81500210592409,1.612648811283569,1.3739767872136008,0.23867202406996824,0.10570432916687682,3.452959561301942
2021-01-06,12.74,17.61,9.26,81.92,1.95,1.4585045965774908,19.4,19.4,33.47739658766349,26.970729786885215,14.937999999999999,3.7058004543760914,11.232199545623907,1.5911491877764958,1.3034694146265053,0.2876797731499905,0.10429509284446466,3.07095257906771
2021-01-07,12.23,15.49,10.35,89.45,2.24,1.675410408376195,15.96,15.96,33.51603259386599,27.001856498922194,12.289200000000001,2.610592218266339,9.678607781733662,1.5084777237234857,1.349333323870658,0.1591443998528277,0.09928081234541712,2.4731452608672146
2021-01-08,12.08,15.57,9.53,90.76,2.33,1.7427260051413098,11.9,11.9,33.556518111816544,27.03447325160388,9.163,1.4195368472181178,7.7434631527818825,1.4793814233966605,1.342686579874809,0.13669484352185135,0.0974829972763364,1.9757942857483928
2021-01-09,12.35,17.05,9.28,86.97,2.76,2.0643449674635255,11.48,11.48,33.59881468770561,27.06854906500315,8.8396,1.300154535006406,7.5394454649935945,1.5569180071182362,1.35405159079073,0.20286641632750624,0.10237043646678003,2.0531357828258168
2021-01-10,12.38,16.87,9.24,89.94,2.94,2.1989761609937557,13.09,13.09,33.64288198446984,27.10405144196828,10.0793,1.7407317864333098,8.33856821356669,1.544315396826879,1.388957267906095,0.15535812892078393,0.10151739013179019,2.1391026549454617
2021-01-11,12.56,17.1,9.1,90.37,2.94,2.1989761609937557,12.08,12.08,33.68867782131741,27.14094639996616,9.3016,1.440030352540091,7.861569647459909,1.5529413090475432,1.4033930609862648,0.14954824806127842,0.10193739366496742,2.024779121872234
2021-01-12,12.56,18.36,8.55,86.84,2.77,2.071824478215205,22.37,22.37,33.736158215335536,27.179198504602923,17.2249,4.398121683091051,12.82677831690895,1.612398410886016,1.4002067800134166,0.2121916308725995,0.10584024688998965,3.301958852888343
2021-01-13,12.69,19.24,7.8,81.29,2.1,1.5706972578526825,21.92,21.92,33.78527742516088,27.21877090480661,16.878400000000003,4.35935286686489,12.519047133135112,1.6443771267140948,1.3367141663058877,0.30766296040820706,0.1078271454435018,3.434006883005968
2021-01-14,13.2,19.81,7.59,82.77,1.86,1.391188999812376,22.28,22.28,33.835987996691884,27.25962536965485,17.1556,4.390546101540184,12.765053898459815,1.6770494292196314,1.3880938125650888,0.2889556166545426,0.10952224988652713,3.4976437626672703
2021-01-15,13.57,20.15,9.53,79.57,1.42,1.0620905267384806,22.52,22.52,33.888240810819255,27.301722326828425,17.3404,4.480872410881095,12.859527589118905,1.7749504913985406,1.4123281060058188,0.36262238539272174,0.11557415803084144,3.668958505771077
2021-01-16,13.87,20.3,8.9,80.49,1.31,0.9798159084700068,22.33,22.33,33.941985133148535,27.345020902669788,17.1941,4.394316982067904,12.799783017932095,1.7611935175637732,1.417584662287081,0.34360885527669227,0.1144046037332851,3.629348878540115
2021-01-17,13.68,19.42,9.59,80.09,2.17,1.6230538331144386,20.91,20.91,33.99716866568607,27.389478963823326,16.1007,4.016130309815821,12.084569690184178,1.7251323617639058,1.3816585085367123,0.3434738532271935,0.11223185634281081,3.4099842146716983
2021-01-18,13.63,20.46,9.48,75.51,1.75,1.3089143815439022,23.37,23.37,34.053737600456905,27.4350531604321,17.9949,4.794533578963532,13.20036642103647,1.7957614857874633,1.3559794979181137,0.43978198786934963,0.11687333415405883,3.842019125912472
2021-01-19,12.83,19.98,6.74,79.56,1.82,1.3612709568056582,22.99,22.99,34.111636675020314,27.481698970863366,17.702299999999997,4.627568623491751,13.074731376508247,1.6597499714411998,1.3204970772786186,0.3392528941625812,0.10871339480076182,3.627230073363427
2021-01-20,12.49,19.22,6.52,77.93,2.47,1.8474391556648222,21.47,21.47,34.17080922984577,27.529370747932948,16.5319,4.25077735340818,12.28112264659182,1.5985236047135862,1.2457294451532979,0.35279415956028837,0.10498830198144335,3.4074997076734075
2021-01-21,13.27,19.18,8.96,83.52,2.06,1.540779214845965,20.51,20.51,34.231197267509145,27.57802176659607,15.792700000000002,3.8045731783624084,11.988126821637593,1.6835763191260358,1.406122941734065,0.27745337739197073,0.10988707578987926,3.2852651762210217
2021-01-22,13.62,19.37,9.85,86.53,2.44,1.8250006234097835,17.91,17.91,34.292741513665604,27.627604273069558,13.790700000000001,2.9820148700046802,10.808685129995322,1.7321526253395676,1.498831666706328,0.23332095863323965,0.11274247194112605,2.9430747877803305
2021-01-23,13.62,18.59,9.63,88.9,2.96,2.2139351824971145,13.99,13.99,34.355381479752744,27.678069535348,10.7723,1.882987044120973,8.889312955879026,1.6698293064723475,1.484478253453917,0.18535105301843058,0.10868596737803193,2.362389977831038
2021-01-24,13.69,18.59,9.82,87.93,3.33,2.490677080309254,13.35,13.35,34.41905552737408,27.72936789507365,10.2795,1.7069048663208364,8.572595133679163,1.67752073371484,1.4750439811554588,0.20247675255938113,0.10912569271643753,2.3116118323588126
2021-01-25,13.14,18.36,9.54,86.75,3.26,2.4383205050474976,18.79,18.79,34.48370093430949,27.7814488207171,14.4683,3.2398039166609176,11.228496083339081,1.6508971063249347,1.4321532397368808,0.2187438665880539,0.10786599902522595,2.9336855101314194
2021-01-26,12.75,18.81,7.61,86.45,2.55,1.9072752416782572,19.51,19.51,34.54925396209621,27.83426096202319,15.022700000000002,3.447283236330493,11.575416763669509,1.608043071146078,1.3901532350057846,0.21788983614029345,0.10539400627063752,3.0343327196734666
2021-01-27,13.61,19.79,9.2,83.6,2.47,1.8474391556648222,20.21,20.21,34.61564992512003,27.887752205673703,15.561700000000002,3.6216229103082096,11.940077089691792,1.7358606687043001,1.4511795190367949,0.28468114966750524,0.11299282743213127,3.29093129390518
2021-01-28,14.17,20.58,9.3,80.92,1.86,1.391188999812376,21.97,21.97,34.68282326115342,27.941869732115645,16.9169,4.122602538048631,12.794297461951366,1.7975500070492694,1.4545774657042687,0.34297254134500066,0.11648783443229985,3.628052568719986
2021-01-29,13.37,19.24,9.3,81.05,2.31,1.727766983637951,23.8,23.8,34.75070760327318,27.996560073501005,18.326,4.69612972504665,13.629870274953351,1.70102358875935,1.3786796186894532,0.3223439700698967,0.1109372939760412,3.741500065665227
2021-01-30,12.09,18.43,5.99,79.79,2.92,2.1840171394903964,25.78,25.78,34.81923585308732,28.05176917268127,19.8506,5.385922931846558,14.464677068153442,1.527460053030795,1.2187603763132713,0.30869967671752363,0.10064303960198023,3.7729158581371935
2021-01-31,13.6,19.53,9.06,84.48,3.25,2.4308409942958185,19.31,19.31,34.8883402551969,28.10744244319683,14.868699999999999,3.324583697706657,11.544116302293341,1.7119160019829094,1.4462266384751619,0.2656893635077475,0.11144307398309826,3.1216697022808435
2021-02-01,13.63,19.59,9.49,87.15,2.57,1.9222342631816163,16.12,16.12,34.95795247281538,28.163524830198984,12.412400000000002,2.3890063350197743,10.023393664980228,1.733105800493007,1.5104017051296557,0.22270409536335145,0.11279552153694537,2.7331349747342983
2021-02-02,13.46,18.6,9.69,81.99,2.8,2.094263010470243,19.4,19.4,35.02800366446434,28.219960872239053,14.937999999999999,3.4044140977019497,11.53358590229805,1.6729192895019784,1.371626525462672,0.3012927640393064,0.10902608579694577,3.177556847355705
2021-02-03,13.64,19.7,8.89,81.13,3.12,2.333607354523986,23.52,23.52,35.0984245616613,28.276694763856806,18.1104,4.530998578624254,13.579401421375746,1.7173826586176517,1.3933125509365007,0.32407010768115097,0.11176330603395149,3.7018460639538158
2021-02-04,13.88,19.36,9.17,85.28,2.85,2.131660564228641,19.29,19.29,35.16914554751167,28.333670418897302,14.853299999999999,3.266793451364862,11.586506548635137,1.7042724231887867,1.4534035224953974,0.2508689006933893,0.11069827633456457,3.1172589756038533
2021-02-05,14.0,16.9,12.33,91.94,2.67,1.9970293706984108,16.1,16.1,35.24009673611402,28.3908315344829,12.397000000000002,2.321008091348309,10.075991908651693,1.6794302751478707,1.5440681949709523,0.13536208017691842,0.108980539832837,2.574576637657842
2021-02-06,13.88,16.56,11.28,89.66,2.35,1.7576850266446689,16.35,16.35,35.31120805268428,28.448121655564563,12.589500000000001,2.4371606089058506,10.15233939109415,1.6108504077304695,1.444288475571139,0.16656193215933057,0.10463019945775462,2.630079307165431
2021-02-07,14.38,18.87,11.78,88.52,2.68,2.00450888145009,18.73,18.73,35.382409314301675,28.505484239974002,14.4221,2.9975737814015813,11.42452621859842,1.7809907068336566,1.5765329736891527,0.20445773314450388,0.11522220892708948,3.051880120450491
2021-02-08,14.72,20.03,10.32,81.94,2.03,1.5183406825909262,19.38,19.38,35.45363031117611,28.562862723895925,14.9226,3.2669808442164,11.655619155783599,1.7985854844769316,1.4737609459803978,0.3248245384965338,0.11604676111135925,3.3113475649765878
2021-02-09,14.29,18.51,10.83,85.79,1.77,1.323873403047261,14.09,14.09,35.52480088833401,28.620200587677417,10.8493,1.8039777625309634,9.045322237469037,1.714532622155102,1.470897536546862,0.2436350856082401,0.11100203904473811,2.5340082145529834
2021-02-10,13.74,17.94,11.39,89.2,1.32,0.9872954192216863,16.39,16.39,35.59585102761679,28.677441421889192,12.6203,2.3781195203158316,10.24218047968417,1.7016752581271652,1.5178943302494314,0.1837809278777338,0.11065289631279704,2.798887167356189
2021-02-11,13.67,18.43,10.76,84.72,1.04,0.7778691181746619,19.92,19.92,35.666710929883784,28.734528993551574,15.338400000000002,3.3848839246643543,11.953516075335648,1.7061881318373753,1.4454825852926243,0.260705546544751,0.11100824825924865,3.327211733841021
2021-02-12,13.74,19.37,9.18,83.37,2.08,1.5557382363493237,18.21,18.21,35.73731109730915,28.791407312436146,14.021700000000001,2.9238392604784087,11.097860739521593,1.7053634777965425,1.4217615314389775,0.28360194635756497,0.11089272596696008,3.082077043821995
2021-02-13,14.05,19.62,9.7,85.38,2.43,1.8175211126581043,16.79,16.79,35.80758241565982,28.84802069735218,12.9283,2.4847200952120088,10.443579904787992,1.743666989276731,1.4887428754444727,0.2549241138322582,0.11310393652760935,2.8887174374099227
2021-02-14,14.3,19.64,10.71,86.17,1.95,1.4585045965774908,15.6,15.6,35.87745623644001,28.904313842325532,12.012,2.1363409590811067,9.875659040918894,1.7871500526879147,1.539987200401176,0.24716285228673862,0.11569422967910102,2.772370290517967
2021-02-15,12.98,18.46,8.85,81.43,1.11,0.8302256934364179,15.78,15.78,35.946864458785925,28.96023188257629,12.150599999999999,2.289911144052877,9.86068885594712,1.6304630354673968,1.3276860497811012,0.30277698568629563,0.10666713213030385,2.773813478287617
2021-02-16,13.51,20.0,7.61,84.23,1.26,0.9424183547116096,19.1,19.1,36.01573961099268,29.015720460200146,14.707,3.10515902255819,11.60184097744181,1.6914431068045983,1.4247025288615132,0.26674057794308514,0.11018935786420075,3.2197532604172565
2021-02-17,13.85,17.53,10.25,85.31,0.78,0.5834018386309965,19.09,19.09,36.08401493155438,29.07072578945747,14.699300000000001,3.1302319046117684,11.569068095388232,1.6262319127154408,1.3873384447375425,0.23889346797789823,0.10565451684834473,3.181081197584175
2021-02-18,13.51,17.52,10.38,87.31,0.75,0.560963306375958,17.75,17.75,36.15162444959715,29.12519472157345,13.6675,2.726192880128166,10.941307119871833,1.6310484864979578,1.4240684335613671,0.2069800529365906,0.1062549397313834,3.006190830319797
2021-02-19,12.47,16.51,9.41,82.09,1.43,1.06957003749016,16.75,16.75,36.21850306458432,29.17907480895171,12.8975,2.5596198840807496,10.337880115919251,1.529309910521958,1.2554105055474754,0.27389940497448273,0.10045855091867661,2.817807724974881
2021-02-20,12.51,17.35,9.54,85.32,0.9,0.6731559676511497,17.38,17.38,36.28458662517211,29.23231436870366,13.3826,2.6556671654555917,10.726932834544408,1.5858741854977434,1.3530678550666746,0.2328063304310688,0.10414083250838393,2.9358717779897496
2021-02-21,13.09,18.8,8.51,84.58,1.05,0.7853486289263413,13.49,13.49,36.34981200709474,29.284862545395807,10.3873,1.5825241257445997,8.8047758742554,1.6403653890772478,1.3874210460815362,0.25294434299571167,0.10722068835109438,2.4679521222634735
2021-02-22,13.78,18.85,10.43,86.17,2.05,1.5332997040942853,11.59,11.59,36.41411718995662,29.336669372916653,8.9243,1.0469490838967666,7.877350916103234,1.7203556148632575,1.4824304333276688,0.23792518153558873,0.11183196175300507,2.2393734658814513
2021-02-23,13.98,19.66,9.88,84.1,2.69,2.01198839220177,15.84,15.84,36.47744133281127,29.38768583536607,12.1968,2.1668617946269944,10.029938205373005,1.7538205966121043,1.4749631217507797,0.2788574748613246,0.11382594729940367,2.8239011649266046
2021-02-24,14.29,19.11,11.28,88.52,3.49,2.610349252336125,14.5,14.5,36.53972484840583,29.437863926869674,11.165000000000001,1.7583813017162084,9.406618698283793,1.7749328039676637,1.571170518072176,0.20376228589548773,0.11491245944341207,2.5323354015642
2021-02-25,14.23,19.38,10.54,87.22,3.22,2.40840246204078,13.31,13.31,36.60090947597185,29.48715671022196,10.248700000000001,1.4608547409343646,8.787845259065637,1.7615704287762677,1.5364417279786609,0.22512870079760683,0.11410177058864102,2.4336301276564662
2021-02-26,14.33,20.38,9.9,86.45,2.59,1.9371932846849749,19.83,19.83,36.66093835244384,29.535518374262857,15.2691,3.1162663598466502,12.15283364015335,1.806806012769609,1.5619837980393272,0.24482221473028187,0.11693880353190797,3.3089748935885503
2021-02-27,14.12,19.89,10.34,87.66,2.43,1.8175211126581043,14.5,14.5,36.719756081989004,29.582904289893623,11.165000000000001,1.7407574491986737,9.424242550801328,1.7893141417625351,1.5685127766690383,0.2208013650934968,0.11600024442414193,2.612099247148146
2021-02-28,13.78,18.68,10.1,86.69,1.77,1.323873403047261,18.15,18.15,36.77730880373283,29.62927106463932,13.975499999999998,2.726320396098315,11.249179603901684,1.6950608983315787,1.4694482927636454,0.22561260556793328,0.11018767510245192,3.0594675825803557
2021-03-01,13.34,18.69,9.43,85.77,1.4,1.0471315052351216,17.48,17.48,36.83354425756801,29.67457659566709,13.4596,2.566938434632286,10.892661565367714,1.6685467056924081,1.4311125094723784,0.2374341962200297,0.10884526929170942,2.993287626544804
2021-03-02,13.23,18.27,10.02,85.61,1.47,1.0994880804968779,18.15,18.15,36.888411847936126,29.71878012117126,13.975499999999998,2.7436935598887437,11.231806440111255,1.6644498111949246,1.4249354833639751,0.2395143278309495,0.1086733816605416,3.0760047914242294
2021-03-03,12.46,17.97,8.4,76.23,2.05,1.5332997040942853,16.92,16.92,36.9418627054746,29.761842270038557,13.028400000000001,2.5680172113382045,10.460382788661796,1.5812231171542432,1.2053663822066796,0.37585673494756366,0.1038769854245548,2.996252560241647
2021-03-04,12.39,16.76,8.78,85.35,1.29,0.9648568869666478,10.15,10.15,36.99384974642405,29.80372510970907,7.8155,0.6501973087992449,7.165302691200755,1.519781168169208,1.297133227032419,0.22264794113678898,0.0998966016054856,1.9811395008111892
2021-03-05,13.35,18.1,9.58,85.71,2.13,1.5931357901077208,13.13,13.13,37.044327729694935,29.844392192151428,10.110100000000001,1.4157886395007833,8.694311360499217,1.6354148400435775,1.4017140594013504,0.2337007806422271,0.10667544678268708,2.4027025448014863
2021-03-06,13.76,19.08,9.09,83.57,2.7,2.019467902953449,15.31,15.31,37.09325331149572,29.883808597873415,11.7887,1.9880938004052384,9.800606199594762,1.6817218777229797,1.405414973213094,0.2763069045098856,0.10933798830311142,2.7364587993730556
2021-03-07,14.46,19.65,10.48,87.7,3.72,2.782377999624752,11.01,11.01,37.1405850974287,29.921940977892458,8.4777,0.8213916433870652,7.656308356612936,1.7780602481970438,1.5593588376688075,0.21870141052823633,0.11495952664060843,2.1602713951590555
2021-03-08,13.72,20.05,9.08,79.75,3.07,2.2962098007655882,17.47,17.47,37.186283691963666,29.95875759359361,13.4519,2.5710341773965704,10.880865822603429,1.7499041321407587,1.395548545382255,0.35435558675850376,0.11380715328599507,3.147649827295316
2021-03-09,13.75,19.57,9.24,86.4,2.18,1.6305333438661183,22.68,22.68,37.230311745204304,29.994228354406395,17.4636,3.813744763898171,13.649855236101828,1.7217838413056588,1.4876212388880894,0.23416260241756937,0.11195155501913813,3.6458172870633327
2021-03-10,13.64,17.85,10.75,86.85,1.73,1.2939553600405433,15.86,15.86,37.27263399686626,30.028324853235336,12.2122,2.0863271752608283,10.12587282473917,1.667830552434157,1.4485108347890654,0.21931971764509162,0.10853856914714113,2.7615883284675875
2021-03-11,12.89,16.0,11.08,86.73,1.14,0.8526642256914563,11.02,11.02,37.31321731739134,30.06102039958316,8.4854,0.8484272052966095,7.636972794703391,1.5689989088317096,1.360792753629742,0.2082061552019676,0.10271992683445942,2.1045997416909588
2021-03-12,13.05,17.15,10.31,85.1,0.86,0.643237924644432,10.27,10.27,37.35203074612688,30.09229005030966,7.9079,0.6492748353589266,7.258625164641073,1.604965703584939,1.3658258137507828,0.23913988983415613,0.10494035258233567,2.041409686859346
2021-03-13,12.15,16.25,9.34,83.34,1.14,0.8526642256914563,14.0,14.0,37.38904552650468,30.122110637973233,10.780000000000001,1.6649533900048519,9.115046609995149,1.5111119034067737,1.2593606602992053,0.25175124310756836,0.09951798273959309,2.4911441994063477
2021-03-14,12.77,16.51,9.03,83.61,1.22,0.9125003117048918,13.83,13.83,37.424235138159645,30.150460796706938,10.6491,1.611664294546639,9.037435705453362,1.5143798763874368,1.2661730146475358,0.24820686173990092,0.09923927795895504,2.465263572346637
2021-03-15,12.73,16.44,9.6,88.01,1.9,1.4211070428190937,13.18,13.18,37.45757532593354,30.177320985585098,10.1486,1.399113804319589,8.749486195680412,1.5327277337745964,1.3489536784950225,0.1837740552795739,0.10047377689485558,2.3165513178890396
2021-03-16,13.08,16.45,10.5,88.63,1.84,1.3762299783090173,14.64,14.64,37.489044125715324,30.202673509441293,11.2728,1.7623371207030678,9.510462879296933,1.5704647814278816,1.3919029357795312,0.17856184564835043,0.10265991147232797,2.5122395559055426
2021-03-17,13.82,19.33,9.49,86.73,2.71,2.026947413705128,13.44,13.44,37.51862188707525,30.226502537103304,10.3488,1.4228847900078707,8.92591520999213,1.7148319282824942,1.4872737313994073,0.22755819688308687,0.11143738431726566,2.466273070391558
2021-03-18,13.8,19.64,9.35,84.92,2.52,1.8848367094232192,14.62,14.62,37.54629129265618,30.248794117015525,11.2574,1.7321941964808243,9.525205803519176,1.731083662072056,1.4700362458315899,0.2610474162404661,0.11251141488277995,2.670757928040635
2021-03-19,13.82,18.12,11.3,86.08,1.35,1.0097339514767245,20.08,20.08,37.57203737429163,30.26953619022431,15.461599999999999,3.1286074141803604,12.332992585819639,1.7093680312969606,1.4714240013404236,0.23794402995653696,0.11108231605768602,3.3859297334116247
2021-03-20,13.85,18.57,11.08,83.48,1.11,0.8302256934364179,17.9,17.9,37.59584752582616,30.288718600706588,13.783,2.5969726647563633,11.186027335243637,1.729421835539049,1.443721348307998,0.2857004872310509,0.11235865378865457,3.1505598909261305
2021-03-21,13.34,18.21,9.13,82.11,2.2,1.645492365369477,20.72,20.72,37.61771151262036,30.30633310302747,15.9544,3.3953647366362634,12.559035263363736,1.6247911607223366,1.3341160220691106,0.29067513865322603,0.10599093859840314,3.398304406932996
2021-03-22,13.94,18.66,10.66,84.96,2.36,1.765164537396348,16.18,16.18,37.637621477728665,30.322373367317322,12.4586,2.1320741123009754,10.326525887699026,1.7172764005255352,1.4589980298864946,0.2582783706390406,0.11148965879046716,2.856067879437528
2021-03-23,13.5,18.59,9.83,83.92,1.78,1.3313529137989404,14.11,14.11,37.65557194474503,30.336834981564383,10.8647,1.6178804541450507,9.24681954585495,1.6779279408432712,1.4081171279556732,0.269810812887598,0.10931762699991168,2.6032368564495574
2021-03-24,13.42,18.09,9.2,85.42,2.5,1.8698776879198602,12.28,12.28,37.6715598173174,30.34971545122359,9.4556,1.14301970441034,8.31258029558966,1.6196813083294321,1.383531773575001,0.23614953475443112,0.10559018873019686,2.304501743185696
2021-03-25,12.78,16.81,9.29,91.07,2.48,1.8549186664165014,13.18,13.18,37.68558437533883,30.361014196147973,10.1486,1.3531719549698284,8.795428045030171,1.5426337502907836,1.4048765563898167,0.13775719390096697,0.10108270645606507,2.2349072450087304
2021-03-26,13.6,18.91,10.34,87.84,2.96,2.2139351824971145,12.63,12.63,37.69764726782896,30.370732544853727,9.725100000000001,1.1952301206753697,8.529869879324632,1.720653703611536,1.5114222132523734,0.20923149035916255,0.11201188479385846,2.3409246398265458
2021-03-27,12.95,16.94,10.41,90.46,2.09,1.5632177471010031,9.69,9.69,37.70775250252634,30.37887372613532,7.4613,0.45990849760035946,7.00139150239964,1.5962420180106187,1.4439605294924056,0.1522814885182131,0.10445338541270942,1.8764883528657694
2021-03-28,13.52,18.48,8.84,86.9,3.19,2.3859639297857416,14.18,14.18,37.715906432217835,30.385442858051977,10.9186,1.612930580739554,9.305669419260445,1.63141051236975,1.4176957352493127,0.2137147771204373,0.10627004965362974,2.483449877897893
2021-03-29,13.7,18.04,10.72,88.76,3.65,2.730021424362996,13.91,13.91,37.72211773783801,30.390446934311818,10.710700000000001,1.5198748750417599,9.190825124958241,1.678833340490372,1.4901324730192542,0.1887008674711177,0.1092023782055768,2.4116098058757083
2021-03-30,13.98,19.28,10.59,87.7,3.57,2.6701853383495604,12.16,12.16,37.726397408376876,30.39389480808475,9.3632,1.0688178764493668,8.294382123550633,1.7567182127945333,1.5406418726208058,0.21607634017372757,0.1140140075305996,2.296852057914973
2021-03-31,13.44,17.8,10.58,90.44,3.11,2.326127843772306,16.59,16.59,37.728758717640964,30.39579717328027,12.7743,2.1821785572925556,10.592121442707445,1.6573442246836607,1.4989021168039027,0.158442107879758,0.10802827225181734,2.6896280135273107
2021-04-01,13.88,19.5,10.27,87.5,2.57,1.9222342631816163,15.86,15.86,37.72921719791769,30.39616654333041,12.2122,1.9926946506075667,10.219505349392433,1.7586187625093324,1.5387914171956658,0.21982734531366654,0.11422825546584772,2.7856909787694275
2021-04-02,14.3,18.07,11.97,87.27,3.54,2.647746806094522,14.52,14.52,37.72779061059955,30.39501722752342,11.1804,1.673096204485606,9.507303795514394,1.7364414129658283,1.5153924210952783,0.22104899187055005,0.11241151874954129,2.570857145474156
2021-04-03,13.92,18.06,10.19,85.77,3.03,2.2662917577588706,16.53,16.53,37.72449891382885,30.392365304937076,12.728100000000001,2.223391954837016,10.504708045162985,1.6577367256698636,1.421840789607042,0.23589593606282167,0.10764133874863742,2.8097112254907466
2021-04-04,14.04,19.34,10.94,86.39,3.3,2.4682385480542153,15.63,15.63,37.71936422723057,30.38822859602604,12.035100000000002,1.9456175120555461,10.089482487944455,1.7759629790578249,1.5342544176080548,0.24170856144977004,0.1152080009607795,2.768929892534264
2021-04-05,13.92,17.66,11.34,87.63,3.59,2.685144359852919,17.74,17.74,37.71241079380439,30.38262663192057,13.659799999999999,2.503862630135895,11.155937369864104,1.681477087832531,1.4734783720676468,0.20799871576488416,0.10918286481004165,2.887272396086155
2021-04-06,12.98,16.3,9.95,88.51,3.42,2.5579926770743686,14.02,14.02,37.703664939052835,30.37558062149853,10.7954,1.5898013878689483,9.205598612131052,1.5386385071599324,1.3618489426872562,0.17678956447267624,0.10065984531624411,2.341490624512759
2021-04-07,13.16,18.51,7.82,84.09,2.54,1.8997957309265778,13.18,13.18,37.69315502742681,30.36711341629614,10.1486,1.3855639018676522,8.763036098132348,1.5953998453345017,1.3415717299417826,0.2538281153927191,0.1042232825208705,2.42851601435688
2021-04-08,14.2,19.36,9.8,85.31,2.74,2.049385945960167,15.31,15.31,37.68091141617381,30.357249473326267,11.7887,1.8928767232753883,9.895823276724613,1.7294173754015743,1.475365962955083,0.2540514124464912,0.11204585456478863,2.739871523403871
2021-04-09,14.53,18.03,12.1,86.87,2.92,2.1840171394903964,11.77,11.77,37.66696640667881,30.346014815876718,9.062899999999999,0.9868496179892612,8.076050382010738,1.7398624221972874,1.5114184861627837,0.22844393603450364,0.11242733893005032,2.2694430234722938
2021-04-10,14.24,19.28,9.75,85.13,2.99,2.236373714752153,16.61,16.61,37.65135419339127,30.333436992363744,12.7897,2.2321718837545705,10.557528116245429,1.7218073094976574,1.4657745625753558,0.2560327469223016,0.11151733649132568,2.8868509326464826
2021-04-11,14.09,18.49,10.09,85.4,3.03,2.2662917577588706,19.96,19.96,37.63411081043527,30.31954503331907,15.369200000000001,3.1096131671139284,12.259586832886072,1.6819159061835705,1.4363561838807692,0.2455597223028012,0.10906370221633387,3.2390261745355424
2021-04-12,13.72,17.4,11.26,89.26,3.12,2.333607354523986,11.43,11.43,37.61527407600342,30.304369406591398,8.8011,0.9043545644457329,7.8967454355542674,1.661485762585504,1.483042191683821,0.17844357090168295,0.10805675659142734,2.114069291077065
2021-04-13,13.63,18.47,8.59,83.55,2.97,2.221414693248794,17.99,17.99,37.59488353463788,30.28794197084566,13.8523,2.654663011310955,11.197636988689045,1.6212127004217383,1.3545232112023624,0.26668948921937585,0.10551319602898496,3.0074266980079627
2021-04-14,13.74,17.71,10.49,87.35,2.92,2.1840171394903964,15.03,15.03,37.57298039750464,30.270295927445638,11.5731,1.841508931494393,9.731591068505606,1.6477613922189975,1.4393195761032942,0.20844181611570334,0.10714710084114853,2.5863191598770654
2021-04-15,13.53,17.64,10.09,87.51,2.42,1.8100416019064245,16.5,16.5,37.54960748076981,30.25146577080739,12.705,2.2259778639255576,10.479022136074443,1.6265590126377343,1.4234017919592814,0.20315722067845288,0.1059455749484678,2.7674869545378624
2021-04-16,14.3,19.64,9.83,84.33,2.92,2.1840171394903964,20.2,20.2,37.52480914218857,30.231487237312802,15.554,3.164749009831912,12.389250990168089,1.7503606947195545,1.4760791738570003,0.2742815208625542,0.1133126073726044,3.3617379539216223
2021-04-17,14.1,18.43,11.07,87.64,3.08,2.303689311517268,17.08,17.08,37.49863121601945,30.210397252873907,13.151599999999998,2.3429920843656094,10.80860791563439,1.719646311263195,1.5070980271910641,0.2125482840721309,0.11150145634022382,2.8652240186527065
2021-04-18,14.03,18.96,9.56,89.07,3.13,2.341086865275665,17.41,17.41,37.471120946378065,30.188233879240023,13.405700000000001,2.4148219847901857,10.990878015209816,1.6920691788430018,1.5071260175954615,0.1849431612475403,0.10977448452169637,2.8407495533069693
2021-04-19,13.54,18.16,9.96,86.63,2.99,2.236373714752153,20.31,20.31,37.44232691914562,30.16503625914048,15.6387,3.2188971020424657,12.419802897957535,1.6547600712413382,1.4335186497163712,0.22124142152496695,0.10777385134643189,3.224370465966658
2021-04-20,13.42,18.3,9.25,88.98,2.56,1.9147547524299369,25.04,25.04,37.41229899254882,30.14084456035703,19.2808,4.394295478076845,14.886504521923154,1.6354198501943382,1.455196582702922,0.18022326749141615,0.10661621502148474,3.7589488595055136
2021-04-21,14.06,18.7,10.57,85.56,2.34,1.750205515892989,21.97,21.97,37.38108822652764,30.115699918819725,16.9169,3.6420340823637094,13.274865917636289,1.7161314734809459,1.4683220887102975,0.2478093847706484,0.11130897279596125,3.5521012650097705
2021-04-22,14.64,19.58,10.59,84.18,2.29,1.712807962134592,25.34,25.34,37.348746811008944,30.089644380821245,19.5118,4.500563955269782,15.011236044730218,1.7777691282439847,1.4965260521557864,0.2812430760881983,0.11477652299703636,4.060192717684916
2021-04-23,14.73,18.96,12.25,87.26,2.59,1.9371932846849749,19.41,19.41,37.31532799320294,30.06272084444402,14.9457,2.920703782351707,12.024996217648294,1.8088844025643604,1.578432529677661,0.23045187288669955,0.11670199739349271,3.2541862855804786
2021-04-24,15.38,20.12,12.23,85.7,2.59,1.9371932846849749,21.33,21.33,37.28088600403992,30.034973000294723,16.4241,3.388746160985505,13.035353839014494,1.8898424091248653,1.6195949446200097,0.2702474645048556,0.1212986055371129,3.5972806657216103
2021-04-25,14.92,19.11,12.12,86.85,2.8,2.094263010470243,19.97,19.97,37.2454759838639,30.00644527164011,15.3769,3.075473281828801,12.301426718171198,1.8131095146187108,1.5746856134463503,0.23842390117236056,0.11679841473982508,3.3188180805848697
2021-04-26,15.1,20.25,10.7,82.37,2.34,1.750205515892989,18.6,18.6,37.209153907499456,29.977182754037862,14.322000000000001,2.7937261611985633,11.528273838801438,1.8307392495222645,1.5079799198314894,0.32275932969077514,0.11776595153314613,3.282986485627379
2021-04-27,14.16,17.51,12.04,89.08,2.77,2.071824478215205,12.61,12.61,37.171976508806544,29.947231154554906,9.7097,1.2339862095286993,8.4757137904713,1.7037586602017862,1.5177082145077512,0.18605044569403506,0.11041859277612777,2.2854320161003767
2021-04-28,13.77,17.64,11.32,89.49,2.0,1.4959021503358882,11.96,11.96,37.13400120483719,29.916636730665036,9.209200000000001,1.072795340859287,8.136404659140714,1.6793145781445031,1.5028186159815158,0.17649596216298735,0.10917277939749409,2.2123176879611
2021-04-29,13.39,16.77,10.79,88.5,1.46,1.0920085697451982,10.54,10.54,37.09528601970649,29.88544622891634,8.1158,0.7269063632379182,7.388893636762082,1.6020837015652893,1.417844075885281,0.1842396256800083,0.10446796518126077,2.0253079937421403
2021-04-30,12.72,15.33,10.45,89.04,1.01,0.7554305859196235,9.0,9.0,37.055889508288324,29.853706823457408,6.93,0.33312668579156146,6.596873314208438,1.5037013480220776,1.3388956802788579,0.1648056677432197,0.09857891672952977,1.7860043799736907
2021-05-01,13.54,18.29,10.01,85.83,1.0,0.7479510751679441,14.96,14.96,37.015870679844795,29.82146605451016,11.519200000000001,1.8895246465890283,9.629675353410974,1.6653559130520184,1.4293749801725475,0.23598093287947086,0.10846395421997891,2.6811843255539607
2021-05-02,12.89,16.53,10.34,88.2,1.8,1.3463119353022994,14.35,14.35,36.975288921695714,29.788771766874937,11.0495,1.743026089847194,9.306473910152807,1.568491746331195,1.383409720264114,0.1850820260670809,0.102686723691581,2.47330777709937
2021-05-03,13.53,18.12,10.72,84.92,1.33,0.9947749299733656,14.38,14.38,36.934203923032555,29.755672048551947,11.072600000000001,1.7519291422824526,9.320670857717548,1.6840473028225411,1.4300929695569018,0.2539543332656393,0.10969006248879797,2.6144768576205943
2021-05-04,13.95,17.84,10.9,86.61,1.46,1.0920085697451982,14.21,14.21,36.89267559897884,29.722215169561313,10.9417,1.69880417730226,9.24289582269774,1.6736649652772972,1.449561226426667,0.22410373885063017,0.10864965168515811,2.5566753842430727
2021-05-05,13.85,18.38,10.73,86.86,1.92,1.4360660643224528,15.93,15.93,36.850764014995754,29.68844952104118,12.2661,2.1380076216777786,10.128092378322222,1.701581207162277,1.4779934365411538,0.22358777062112312,0.11054987847382844,2.772741743188256
2021-05-06,13.18,16.2,8.41,89.16,1.79,1.3388324245506198,14.94,14.94,36.80852931172983,29.65442355470202,11.5038,1.9325922121454597,9.57120778785454,1.4723704022842827,1.3127654506766664,0.15960495160761634,0.09617073240076897,2.4531520769763957
2021-05-07,13.33,18.86,7.72,83.7,1.1,0.8227461826847385,18.57,18.57,36.76603163039567,29.62018572271197,14.2989,2.9102547089478654,11.388645291052134,1.6153780168301193,1.35207140008681,0.26330661674330935,0.10538529468353686,3.127772154598573
2021-05-08,12.35,15.23,10.04,88.27,2.09,1.5632177471010031,14.74,14.74,36.72333103878469,29.5857844180865,11.3498,1.8995104742693487,9.450289525730652,1.4810103683316536,1.3072878521263505,0.1737225162053031,0.09737935917291002,2.4345949513593634
2021-05-09,13.19,17.86,9.26,87.81,3.35,2.505636101812613,15.54,15.54,36.68048745798639,29.551267915652154,11.9658,2.07420277461823,9.89159722538177,1.607136188817508,1.4112262874006538,0.19590990141685416,0.10496484022178676,2.5643674007210304
2021-05-10,12.99,17.07,9.51,87.03,3.62,2.7075828921079577,13.91,13.91,36.63756058990696,29.516684313652647,10.710700000000001,1.6691965640204431,9.041503435979557,1.5672808042547806,1.3640044839429357,0.20327632031184484,0.10252547072302662,2.366705118523941
2021-05-11,12.95,16.75,9.15,87.98,3.54,2.647746806094522,15.53,15.53,36.59460984566527,29.48208147606177,11.9581,2.1068311302662863,9.851268869733714,1.5334941172248002,1.3491681243343794,0.18432599289042084,0.10034734723637571,2.4873393807925543
2021-05-12,13.44,17.61,9.44,85.55,3.21,2.4009229512891004,16.81,16.81,36.55169427494382,29.44750697566574,12.9437,2.459018696991791,10.484681303008209,1.5982759284249843,1.3673250567675739,0.23095087165741046,0.10417810890334261,2.7626850509644383
2021-05-13,13.98,19.11,9.83,86.96,3.43,2.5654721878260482,17.7,17.7,36.508872496368426,29.413008037974258,13.629,2.628294083765365,11.000705916234635,1.7132811110168173,1.4898692541402243,0.22341185687659304,0.11119486555716168,2.9079421248324224
2021-05-14,14.51,19.28,10.39,84.59,3.04,2.27377126851055,17.4,17.4,36.46620262898712,29.378631486017184,13.398,2.5776151376615024,10.820384862338496,1.7482490264930375,1.4788438515104605,0.269405174982577,0.11298721478044516,2.979512241632182
2021-05-15,14.88,19.54,11.36,85.96,2.97,2.221414693248794,18.01,18.01,36.4237422249149,29.344423686080443,13.867700000000001,2.6965887684006917,11.171111231599308,1.8084902912381755,1.5545782543483355,0.25391203688984,0.11653781064951584,3.0635415572860873
2021-05-16,14.76,18.53,11.82,87.81,3.63,2.715062402859637,14.34,14.34,36.381548203207984,29.31043049443248,11.0418,1.7476301932749918,9.294169806725009,1.7598927524462415,1.5453618259230446,0.21453092652319694,0.11351422620107651,2.513482300721636
2021-05-17,13.49,16.43,9.9,88.45,3.76,2.81229604263147,13.58,13.58,36.3396767850272,29.276697205089317,10.4566,1.6065777408213293,8.85002225917867,1.5442951298040786,1.3659290423117076,0.17836608749237093,0.1006194235687235,2.2539726133811
2021-05-18,13.29,18.17,8.24,84.84,2.5,1.8698776879198602,19.09,19.09,36.29818343014713,29.24326849866373,14.699300000000001,3.114648349246539,11.584651650753461,1.588292729645569,1.3475075518313009,0.240785177814268,0.10365136595345255,3.0586595496314426
2021-05-19,14.16,19.84,8.68,81.52,2.62,1.9596318169400135,20.0,20.0,36.25712277486371,29.210188392341202,15.4,3.356292513835328,12.043707486164672,1.7193493062070004,1.4016135544199466,0.3177357517870538,0.11142900418742624,3.346449328751165
2021-05-20,14.72,19.47,11.64,84.94,3.29,2.460759037302536,17.36,17.36,36.21654857135004,29.177500191022446,13.3672,2.5676843299491687,10.799515670050832,1.8161359542964775,1.542625879579428,0.27351007471704936,0.117179137190294,3.0035254010899726
2021-05-21,14.81,19.18,10.86,85.75,3.1,2.3186483330206267,18.41,18.41,36.17651362850627,29.145246439669794,14.1757,2.8587274853811224,11.316972514618879,1.76136930234368,1.5103741767597056,0.2509951255839744,0.11356440564729789,3.0643267533665934
2021-05-22,14.6,18.48,11.51,85.59,3.48,2.6028697415844455,15.84,15.84,36.13706975434686,29.113468876892007,12.1968,2.1989124557441038,9.997887544255896,1.7424976983623137,1.4914037800283042,0.2510939183340095,0.11253505620702686,2.741884914780252
2021-05-23,14.37,18.75,10.83,85.2,3.71,2.774898488873072,16.93,16.93,36.09826769996437,29.082208389799295,13.0361,2.500618483178121,10.535481516821879,1.7306539202909967,1.4745171400879291,0.2561367802030676,0.11197453982092677,2.862458804936934
2021-05-24,14.18,19.03,8.67,82.14,3.91,2.9244887039066616,11.99,11.99,36.060157105106626,29.051504970158103,9.2323,1.2183119916485639,8.013988008351436,1.6621126586043355,1.3652593377776012,0.2968533208267343,0.10770243142875972,2.3712236399207596
2021-05-25,13.95,19.0,10.43,86.21,4.39,3.2835052199872745,14.22,14.22,36.0227864454006,29.02139767187254,10.9494,1.7748406974481084,9.174559302551891,1.730595250452066,1.4919461654147261,0.23864908503733995,0.11234540667967731,2.5147026831631556
2021-05-26,13.24,17.99,9.35,78.98,3.56,2.6627058275978808,18.34,18.34,35.986202981253406,28.991924569816995,14.1218,3.042967466911996,11.078832533088004,1.6190907791010352,1.2787578973339977,0.34033288176703747,0.10570341229314985,3.1142123155906707
2021-05-27,13.81,18.18,9.89,83.93,2.48,1.8549186664165014,11.65,11.65,35.95045270845821,28.96312272004227,8.970500000000001,1.1286744584208117,7.8418255415791895,1.6532027123259554,1.3875330364551743,0.26566967587078105,0.10744100130130935,2.248565432609204
2021-05-28,14.17,18.04,11.24,85.41,1.94,1.4510250858258114,13.95,13.95,35.915580310529855,28.93502812137527,10.7415,1.7342945862035049,9.007205413796495,1.7014947512451544,1.4532466670384863,0.2482480842066681,0.1102631014954791,2.5222716731534778
2021-05-29,13.83,17.69,10.43,90.0,2.94,2.1989761609937557,14.03,14.03,35.88162911279248,28.907675678430135,10.8031,1.72995063879001,9.07314936120999,1.6439486323847476,1.479553769146273,0.16439486323847463,0.10682256550826603,2.3561248722587615
2021-05-30,14.25,18.8,10.16,86.82,3.27,2.4458000157991773,13.28,13.28,35.848641038239016,28.88109916604688,10.2256,1.5435831472898052,8.682016852710195,1.705657740230147,1.4808520500678133,0.22480569016233365,0.11046258448208492,2.3867987669877406
2021-05-31,13.73,17.9,10.46,82.78,3.82,2.8571731071415463,15.79,15.79,35.816656565179876,28.855331195171516,12.158299999999999,2.288393347524102,9.869906652475898,1.6586892194434326,1.3730629358552735,0.2856262835881591,0.10786628558179502,2.7496739538328447
2021-06-01,13.19,18.12,8.21,80.19,2.31,1.727766983637951,16.07,16.07,35.785714686696174,28.830403180189908,12.3739,2.4211685510609042,9.952731448939097,1.5839115118743323,1.270138641372027,0.3137728705023053,0.10344799645863517,2.7910743823666775
2021-06-02,14.51,19.19,11.01,83.33,2.32,1.7352464943896302,19.57,19.57,35.75585287191024,28.806345307725767,15.068900000000001,3.2686758218343286,11.800224178165672,1.7685812771419023,1.4737587782423471,0.29482249889955514,0.11430126348644756,3.2866500953450495
2021-06-03,14.38,19.31,10.45,85.51,2.98,2.2288942040004733,17.19,17.19,35.72710702908498,28.783186506912028,13.236300000000002,2.599865847136077,10.636434152863924,1.752869017763594,1.4988782970896493,0.2539907206739447,0.11340286022359508,2.915448684175289
2021-06-04,13.72,16.73,11.61,88.32,3.21,2.4009229512891004,15.67,15.67,35.699511470561,28.760954421142763,12.065900000000001,2.213459871597753,9.852440128402248,1.6358605449067265,1.4447920332616206,0.19106851164510585,0.1063901892505137,2.563327493059467
2021-06-05,13.91,18.65,10.02,83.87,2.78,2.0793039889668843,17.09,17.09,35.67309887953911,28.73967538131189,13.1593,2.632338768924934,10.526961231075067,1.6897387787351401,1.417183913725162,0.27255486500997805,0.10972805423361699,2.901080863461176
2021-06-06,13.96,18.01,11.17,85.61,3.56,2.6627058275978808,13.94,13.94,35.647900278714445,28.719374380543506,10.7338,1.7590969775296157,8.974703022470385,1.6964546206479767,1.452334800736733,0.24411981991124376,0.11012032644361075,2.483357802169724
2021-06-07,13.98,18.98,9.94,81.18,3.44,2.572951698577728,16.37,16.37,35.62394500076645,28.70007505041748,12.6049,2.4714317850058705,10.13346821499413,1.7088436092029018,1.3872392419509156,0.32160436725198616,0.11090686412270055,2.8998730000740256
2021-06-08,14.13,18.1,10.82,84.24,3.01,2.251332736255512,14.29,14.29,35.60126066070826,28.681799638693008,11.0033,1.8755469417808055,9.127753058219193,1.6870462964332575,1.421167800115376,0.2658784963178815,0.1093615769879729,2.5597060477427047
2021-06-09,13.34,17.7,10.38,83.26,2.64,1.9745908384433726,13.06,13.06,35.57987313009743,28.664568988531695,10.0562,1.5602978904289728,8.495902109571027,1.6424799486531372,1.367528805248602,0.2749511434045351,0.10714484150037372,2.417023478279266
2021-06-10,13.74,18.98,10.21,82.65,2.02,1.510861171839247,11.34,11.34,35.55980651310906,28.648402519221182,8.7318,1.0742430121366633,7.6575569878633365,1.7200015302567484,1.4215812647572026,0.2984202654995458,0.11184457791013466,2.260096104377183
2021-06-11,14.21,19.69,10.21,82.43,2.46,1.8399596449131423,15.69,15.69,35.541083124471584,28.633318208399288,12.0813,2.2540691848008354,9.827230815199165,1.7695673238798986,1.4586543450742004,0.3109129788056981,0.11463798130106172,2.8296112254496895
2021-06-12,13.48,17.15,11.24,87.47,3.89,2.909529682403303,16.45,16.45,35.52372346926438,28.61933257577816,12.6665,2.451737887596812,10.214762112403188,1.6450147018591206,1.4388943597161727,0.20612034214294783,0.10719041236399736,2.6473031029049667
2021-06-13,14.08,19.22,10.0,83.49,3.23,2.415881972792459,15.34,15.34,35.50774622457585,28.606460668367287,11.8118,2.163952842523951,9.647847157476049,1.727848543016112,1.4425807485641515,0.2852677944519604,0.11205111471968908,2.7284075465318107
2021-06-14,14.45,19.67,11.01,82.83,2.73,2.041906435208487,16.74,16.74,35.4931682230202,28.594716047193995,12.8898,2.5301787431180025,10.359621256881997,1.8022632352348276,1.4928146377450076,0.30944859748982,0.11653361505003917,2.966550033409088
2021-06-15,14.8,20.11,10.03,80.24,3.32,2.483197569557574,16.47,16.47,35.48000443811007,28.584110775518997,12.681899999999999,2.4964094950797184,10.185490504920281,1.7923421130568518,1.4381753115168179,0.3541668015400339,0.11557054780788582,2.9974725523507253
2021-06-16,12.89,16.82,10.28,86.1,3.44,2.572951698577728,19.77,19.77,35.46826797148256,28.574655408545212,15.2229,3.4184361775765195,11.804463822423479,1.5834647880874964,1.3633631825433343,0.22010160554416203,0.10366698552926563,3.016365991255435
2021-06-17,12.38,17.55,8.79,82.27,3.2,2.393443440537421,15.35,15.35,35.457970041975166,28.566358984616873,11.8195,2.241691205854393,9.577808794145607,1.5690913092982801,1.2908914201596948,0.2781998891385853,0.1031460638971352,2.6464087593739407
2021-06-18,13.0,18.19,8.39,81.26,3.47,2.595390230832766,14.59,14.59,35.44911997654829,28.559229017906365,11.2343,2.0286664206724767,9.205633579327522,1.5951875203785537,1.2962493790596128,0.2989381413189409,0.1043426826443715,2.6124190594153935
2021-06-19,13.67,18.39,9.84,82.63,3.96,2.9618862576650584,17.09,17.09,35.44172520305091,28.553271492585935,13.1593,2.692155488557331,10.467144511442669,1.6650036440241451,1.3757925110571512,0.28921113296699397,0.1083286974158855,2.8883166431026432
2021-06-20,11.87,15.66,8.47,83.13,3.57,2.6701853383495604,11.98,11.98,35.43579124482528,28.548490858481042,9.2246,1.312562318267144,7.912037681732857,1.4433846313302858,1.1998856440248666,0.2434989873054192,0.0952713954534458,2.1715998008060464
2021-06-21,12.77,17.63,8.4,81.05,3.33,2.490677080309254,16.69,16.69,35.43132171714735,28.54489002820259,12.851300000000002,2.642294487121957,10.209005512878045,1.5594025906626987,1.2638957997321172,0.2955067909305815,0.10218967483499371,2.810669215620577
2021-06-22,12.94,17.02,9.5,85.29,2.34,1.750205515892989,14.79,14.79,35.42831832549871,28.542470375754778,11.3883,2.058760868321023,9.329539131678976,1.563803603736054,1.3337680936264806,0.23003551010957346,0.1023388897060093,2.5146034619508577
2021-06-23,13.76,19.19,9.33,82.07,3.09,2.311168822268947,17.92,17.92,35.426780865666586,28.54123173661563,13.7984,2.9138857071784097,10.884514292821592,1.6987412822071977,1.394156970307447,0.30458431189975066,0.11044451339092258,3.0379157680996816
2021-06-24,13.52,19.38,9.07,76.34,2.66,1.9895498599467312,18.01,18.01,35.426707225667904,28.541172409287093,13.867700000000001,3.0342928356649264,10.833407164335075,1.7017655889687533,1.2991278506187465,0.4026377383500068,0.1108529780011372,3.1895472183689875
2021-06-25,13.28,19.88,7.67,77.19,2.43,1.8175211126581043,17.72,17.72,35.428093389493796,28.54228915831178,13.6444,2.933552582729388,10.71084741727061,1.684931522230539,1.300598642009753,0.38433288022078593,0.1099667524332733,3.120208421074681
2021-06-26,13.25,18.17,9.51,84.97,2.78,2.0793039889668843,17.14,17.14,35.4309334426709,28.544577218753382,13.1978,2.683254322002334,10.514545677997667,1.6371871929547053,1.391117957853613,0.24606923510109224,0.10687631679239429,2.83412966559466
2021-06-27,13.96,19.52,9.41,79.97,3.31,2.475718058805895,16.54,16.54,35.43521957963588,28.54803030213785,12.7358,2.550711029685826,10.185088970314172,1.7249742283961895,1.3794618904484326,0.34551233794775693,0.11197159229950339,2.962249785064392
2021-06-28,13.82,19.94,8.99,81.01,3.76,2.81229604263147,18.54,18.54,35.44094211291941,28.552640603852392,14.2758,3.078798595020262,11.197001404979739,1.7384478584828544,1.4083166101569606,0.3301312483258938,0.11297205220298848,3.167853688376607
2021-06-29,13.5,17.79,10.1,84.27,4.02,3.006763322175135,18.44,18.44,35.44808948413629,28.55839881199956,14.198800000000002,3.0549270541833797,11.143872945816621,1.6365543334670105,1.3791243368126496,0.25742999665436095,0.10662212115087873,2.9497365314543207
2021-06-30,12.33,16.71,9.52,85.55,3.68,2.7524599566180346,14.45,14.45,35.45664827677786,28.565294117703317,11.1265,1.9642932430098075,9.162206756990193,1.5457113221297796,1.3223560360820263,0.22335528604775323,0.10164986090382536,2.428715032952936
2021-07-01,12.68,18.28,8.88,85.3,2.74,2.049385945960167,13.7,13.7,35.46660323080322,28.57331422686431,10.549,1.7314769954938412,8.817523004506159,1.6196972483718282,1.3816017528611693,0.2380954955106589,0.10621730326997646,2.426860279447284
2021-07-02,13.29,19.31,7.59,79.16,2.48,1.8549186664165014,17.67,17.67,35.47793725902534,28.582445373361175,13.605900000000002,2.899513166585835,10.706386833414166,1.6417151747285834,1.2995817323151464,0.342133442413437,0.10713769394707336,3.0376823180330006
2021-07-03,12.63,17.87,8.57,81.21,3.45,2.580431209329407,14.74,14.74,35.49063146528806,28.592672333694676,11.3498,2.07235592442015,9.27744407557985,1.581156082323103,1.284056854454592,0.29709922786851095,0.1037313234143375,2.6213450909763787
2021-07-04,11.57,16.61,7.45,79.27,2.81,2.101742521221923,12.86,12.86,35.50466516442995,28.603978443071348,9.9022,1.5799699096180564,8.322230090381945,1.4617968142121378,1.1587663346259616,0.30303047958617624,0.0967194614282884,2.3724421119730423
2021-07-05,12.85,19.06,7.6,80.34,3.14,2.3485663760273443,15.74,15.74,35.52001590403027,28.616345612922945,12.1198,2.3400353601174673,9.779764639882533,1.624761771880038,1.3053336075284228,0.31942816435161525,0.10640465596579522,2.7886019711769543
2021-07-06,13.63,19.3,8.94,81.77,3.61,2.700103381356278,15.78,15.78,35.53665948793217,28.629754349857674,12.150599999999999,2.312443486399251,9.838156513600747,1.6911367089554346,1.3828424869128588,0.3082942220425757,0.1100640520749739,2.803863492180303
2021-07-07,14.4,20.01,9.65,79.89,3.77,2.819775553383149,16.36,16.36,35.55457000153769,28.644183776038826,12.597199999999999,2.469121494231345,10.128078505768654,1.769593406652215,1.4137281725744546,0.3558652340777604,0.1144666609599148,2.9898398362007
2021-07-08,14.51,19.5,10.47,80.77,4.27,3.1937510909671207,17.37,17.37,35.57371983886859,28.659611650986093,13.3749,2.7377466268438675,10.637153373156133,1.767028496913464,1.4272289169570047,0.33979957995645926,0.11420090918307389,3.0707624628471972
2021-07-09,14.32,19.42,10.82,82.32,4.04,3.021722343678494,12.99,12.99,35.594079731386074,28.676014394793878,10.0023,1.5138387719899362,8.488461228010063,1.776362343529847,1.46230148119377,0.314060862336077,0.11497758863689297,2.5459479145673103
2021-07-10,13.18,16.71,10.54,85.47,3.86,2.8870911501482643,16.0,16.0,35.615618778562215,28.693367112760864,12.32,2.3649258142243146,9.955074185775686,1.587756917713595,1.3570558375698096,0.23070108014378543,0.10370742675484838,2.621388483983136
2021-07-11,13.65,18.64,9.7,81.32,3.71,2.774898488873072,14.24,14.24,35.63830448019442,28.711643621423836,10.9648,1.8881945975694532,9.076605402430546,1.6760087792246399,1.362930339265477,0.31307843995916285,0.10906209684351205,2.6408349163148563
2021-07-12,13.78,18.44,9.68,82.36,4.25,3.1787920694637624,15.76,15.76,35.66210277045354,28.73081647598819,12.1352,2.2994127436382894,9.83578725636171,1.6618325040969384,1.3686852503742384,0.2931472537227,0.10802765860292288,2.757831946589504
2021-07-13,12.32,17.55,8.81,81.17,3.69,2.7599394673697137,13.51,13.51,35.68697805365516,28.750856999146745,10.4027,1.7078754447128868,8.694824555287113,1.5698577155960458,1.2742535077493105,0.29560420784673536,0.10324606017944961,2.4931403819947695
2021-07-14,12.78,18.67,6.9,76.77,3.44,2.572951698577728,17.16,17.16,35.7128932417422,28.771735311277187,13.2132,2.7838458576605736,10.429354142339427,1.5737796687516494,1.208190651700641,0.3655890170510083,0.10312357567242364,3.0060363286532223
2021-07-15,14.21,19.65,9.99,78.02,3.27,2.4458000157991773,19.24,19.24,35.739809793465476,28.793420362007527,14.8148,3.2832152514792043,11.531584748520796,1.757618716956118,1.371294122969163,0.38632459398695485,0.11386391401432022,3.3563860448974117
2021-07-16,14.11,18.51,10.13,79.41,3.35,2.505636101812613,15.92,15.92,35.767687755247806,28.815879963137842,12.2584,2.363365547306537,9.895034452693462,1.6849062265991033,1.3379840345423477,0.34692219205675556,0.10924022681921026,2.8835920426047434
2021-07-17,14.26,18.57,10.41,81.32,3.72,2.782377999624752,16.33,16.33,35.796485803715065,28.839080822905007,12.5741,2.4424804368562523,10.131619563143747,1.7006214132895217,1.382945333287039,0.3176760800024827,0.1101276634794345,2.8871285043903736
2021-07-18,13.72,18.71,9.57,81.29,4.83,3.6126036930611702,14.26,14.26,35.826161289876296,28.86298858157594,10.9802,1.8729074205016834,9.107292579498317,1.6754877632872027,1.3620040027761673,0.31348376051103544,0.10896739381486162,2.663383889992599
2021-07-19,12.95,17.56,9.85,83.83,4.72,3.530329074792696,14.54,14.54,35.85667028493292,28.887567848353356,11.1958,1.9414928154740358,9.254307184525965,1.6116242099394757,1.3510245751922625,0.26059963474721326,0.10545995083568933,2.5426175643794613
2021-07-20,13.62,19.51,8.64,78.95,4.55,3.4031773920141455,14.41,14.41,35.887967627694984,28.912782239576188,11.0957,1.9227880318333175,9.172911968166684,1.6943628734157055,1.3376994885616995,0.35666338485400595,0.11028280990926387,2.7839834369632253
2021-07-21,13.79,18.26,10.44,82.63,4.79,3.582685650054452,13.32,13.32,35.92000697358067,28.93859441819553,10.256400000000001,1.5927380606373596,8.663661939362642,1.6813074299421973,1.3892643293612374,0.29204310058095984,0.10928492357023445,2.518972555394926
2021-07-22,14.02,17.99,11.09,83.68,4.6,3.4405749457725423,14.21,14.21,35.952740845172656,28.9649661345049,10.9417,1.8209416952783375,9.120758304721663,1.6916399287829902,1.4155642924056062,0.27607563637738397,0.10975537033558296,2.5754963353208016
2021-07-23,14.09,19.74,10.15,81.56,3.35,2.505636101812613,14.83,14.83,35.986120684302755,28.991858268101673,11.4191,1.9792235504276603,9.43987644957234,1.7706356306415039,1.4441304203512106,0.3265052102902932,0.1148167256424285,2.7727987092260373
2021-07-24,13.9,18.71,9.89,82.3,2.63,1.9671113276916927,12.01,12.01,36.02009690563397,29.01923087105495,9.2477,1.2243203134924834,8.023379686507516,1.688445678584181,1.3895907934747809,0.29885488510940017,0.10965281284924676,2.356117924234952
2021-07-25,13.51,17.74,9.59,81.25,2.83,2.1167015427252815,11.94,11.94,36.054618951706345,29.0470432122527,9.1938,1.2238408654081268,7.969959134591873,1.6125589027323444,1.3102041084700298,0.3023547942623146,0.10505043255398376,2.3333564405388643
2021-07-26,14.21,19.59,9.69,82.64,3.47,2.595390230832766,12.78,12.78,36.089635349410486,29.075253822899064,9.8406,1.4112179933525653,8.429382006647435,1.7411377072386436,1.438876201262015,0.3022615059766285,0.11279622381778567,2.488337831650661
2021-07-27,14.81,20.39,10.48,78.2,4.14,3.096517451195288,13.55,13.55,36.12509376784987,29.10382054313057,10.4335,1.636447140507256,8.797052859492744,1.8316773902593915,1.4323717191828442,0.39930567107654724,0.11809752440082763,2.8117394232484485
2021-07-28,14.38,20.16,9.43,76.46,3.74,2.797337021128111,15.01,15.01,36.16094107755042,29.13270056971772,11.5577,2.0667869089523636,9.490913091047638,1.7716904274102747,1.354634500797896,0.4170559266123788,0.11462052204871921,2.9712102364558
2021-07-29,14.16,19.69,9.68,78.32,3.96,2.9618862576650584,17.99,17.99,36.197123410972644,29.161850504816,13.8523,2.8686165871246194,10.98368341287538,1.7478312972768182,1.368901472027204,0.37892982524961427,0.11327488849419716,3.2246249767076236
2021-07-30,14.37,19.48,11.03,80.71,4.4,3.290984730738954,15.41,15.41,36.23358622427908,29.191226405728198,11.8657,2.1157566047365344,9.749943395263466,1.7896991750004927,1.4444662041428975,0.3452329708575952,0.1157948098051149,2.9008633826269796
2021-07-31,13.94,18.89,10.19,81.53,3.38,2.528074634067651,22.16,22.16,36.27027436030655,29.22078383563737,17.063200000000002,3.9560421371292254,13.107157862870777,1.7130217938554901,1.396626668530381,0.31639512532510916,0.11121343962983245,3.5636078559362283
2021-08-01,14.16,18.9,10.31,81.85,4.51,3.3732593490074274,15.45,15.45,36.30713211268993,29.250477915267513,11.8965,2.1261934652468355,9.770306534753164,1.7187136844387183,1.4067671507130908,0.31194653372562753,0.11138781028899977,2.806496545766851
2021-08-02,12.69,16.19,9.82,84.0,5.04,3.7696734188464385,14.23,14.23,36.34410329108076,29.28026337542631,10.9571,1.8275010518965127,9.129598948103489,1.5268502036925349,1.2825541711017294,0.24429603259080546,0.10012052363741027,2.4408255405161476
2021-08-03,12.28,17.57,8.75,79.57,3.6,2.692623870604599,10.63,10.63,36.381131287401445,29.3100946103821,8.1851,0.8457232702540228,7.339376729745977,1.5688278873101111,1.2483163499326553,0.32051153737745586,0.10321140593521957,2.2518316371000786
2021-08-04,13.16,19.34,8.36,79.13,3.26,2.4383205050474976,12.53,12.53,36.418159143072074,29.339925732024586,9.6481,1.3518277795902056,8.296272220409794,1.671897741799951,1.3229726830863013,0.34892505871364965,0.10922068922044254,2.5266166169645348
2021-08-05,13.69,19.4,9.1,80.23,3.5,2.6178287630878043,13.86,13.86,36.455129617144635,29.369710624756404,10.6722,1.6964635769455283,8.975736423054471,1.7043351785680803,1.3673881137651707,0.3369470648029096,0.11087001981213707,2.671280681938457
2021-08-06,14.05,20.86,8.43,77.7,2.93,2.1914966502420765,14.31,14.31,36.491985255275345,29.39940300106003,11.0187,1.8141976083036973,9.204502391696304,1.7851464612804069,1.3870588004148763,0.3980876608655306,0.11579452572701178,2.8349658035341414
2021-08-07,14.99,21.11,9.87,76.2,2.9,2.1690581179870376,17.41,17.41,36.528668459463745,29.42895645768237,13.405700000000001,2.6524584589360884,10.753241541063913,1.8605826554098877,1.4177639834223346,0.4428186719875531,0.11979007825784156,3.293166837019304
2021-08-08,14.41,18.2,12.05,85.88,2.43,1.8175211126581043,14.72,14.72,36.565121558483455,29.45832453237661,11.3344,1.8526998222243334,9.481700177775668,1.7486412958978872,1.5017331449171056,0.24690815098078156,0.1131023803633355,2.644427350578078
2021-08-09,14.98,20.68,11.4,80.9,3.5,2.6178287630878043,17.19,17.19,36.60128687892702,29.487460761138767,13.236300000000002,2.5028213519184788,10.733478648081523,1.8932835354711743,1.53166638019618,0.3616171552749943,0.12190512597036499,3.17596776646976
2021-08-10,13.64,18.47,10.26,81.41,4.31,3.223669133973839,15.81,15.81,36.63710681678419,29.516318735874016,12.1737,2.2018946417781233,9.971805358221877,1.6876502600740229,1.3739160767262621,0.3137341833477607,0.10982839004951402,2.845237221331659
2021-08-11,14.14,20.13,8.54,75.94,3.69,2.7599394673697137,17.21,17.21,36.67252390947004,29.544852162425443,13.251700000000001,2.627163202105256,10.624536797894745,1.7350161955394423,1.3175712988926527,0.41744489664678963,0.11246224561227672,3.213339148841416
2021-08-12,14.86,20.73,10.23,75.45,3.45,2.580431209329407,17.79,17.79,36.70748090821707,29.573014918896003,13.6983,2.7536896161852584,10.94461038381474,1.8465371406812348,1.3932122726439917,0.45332486803724303,0.11900839819014003,3.378311996333808
2021-08-13,14.77,21.12,10.39,77.96,3.14,2.3485663760273443,14.49,14.49,36.741920850742154,29.60076111419191,11.157300000000001,1.8130089765357869,9.344291023464214,1.8829107443303146,1.467917216279913,0.41499352805040157,0.12143933068194834,2.930608857668171
2021-08-14,14.1,19.96,9.65,77.17,3.26,2.4383205050474976,12.67,12.67,36.77578713409737,29.628045146714207,9.7559,1.3557325709942467,8.400167429005753,1.7659776871713877,1.36280498119016,0.4031727059812278,0.11450557169474405,2.6694693142638544
2021-08-15,13.74,18.38,8.99,77.5,2.59,1.9371932846849749,17.52,17.52,36.80902358761094,29.654821763122875,13.4904,2.7174852461452255,10.772914753854774,1.630554090159122,1.2636794198733197,0.36687467028580234,0.10602818123438999,3.0842662658952804
2021-08-16,14.01,19.87,9.38,80.15,3.23,2.415881972792459,16.58,16.58,36.8415745458223,29.681046117096276,12.766599999999999,2.372986395948594,10.393613604051405,1.748698891280125,1.4015821613610202,0.3471167299191047,0.1134664450431417,3.0207920609989944
2021-08-17,14.75,21.22,9.77,77.17,3.36,2.5131156125642917,14.65,14.65,36.87338492131364,29.70667382800712,11.2805,1.8535447908186915,9.426955209181308,1.864988451373144,1.4392115879246552,0.42577686344848886,0.12030251243476799,2.9761131514811603
2021-08-18,14.52,20.05,9.98,79.45,3.35,2.505636101812613,14.62,14.62,36.90440027733773,29.731661039434368,11.2574,1.841710420633272,9.41568957936673,1.7859231242208136,1.4189159221934364,0.36700720202737713,0.1154128791899679,2.8442674673431187
2021-08-19,14.15,18.39,11.21,83.28,3.19,2.3859639297857416,15.35,15.35,36.93456690014071,29.755964477429362,11.8195,2.0139616854820686,9.805538314517932,1.7231498693514091,1.4350392111958536,0.2881106581555555,0.11168419689328755,2.767560204688055
2021-08-20,15.01,21.74,10.36,73.39,2.26,1.6903694298795535,16.36,16.36,36.963831870876525,29.779541508452965,12.597199999999999,2.3345855131594817,10.262614486840517,1.9301111596071103,1.416508580035658,0.5136025795714523,0.12424683903090386,3.2527917298947386
2021-08-21,14.7,19.32,11.94,81.16,3.62,2.7075828921079577,18.55,18.55,36.99214313700857,29.802350196899585,14.2835,2.8432003151431777,11.440299684856821,1.8193355322054474,1.476572717937941,0.3427628142675063,0.11740421093124723,3.2765057917062825
2021-08-22,14.85,20.36,10.17,77.39,3.77,2.819775553383149,14.93,14.93,37.01944958309306,29.824349362123098,11.4961,1.9272535077091226,9.568846492290877,1.816460980115457,1.4057591525113522,0.4107018276041048,0.11707929056221028,2.986670222296892
2021-08-23,15.69,22.32,11.09,76.63,2.92,2.1840171394903964,19.62,19.62,37.04570110083742,29.84549863487866,15.107400000000002,3.1012251528126864,12.006174847187316,2.008264608269238,1.538933169316717,0.46933143895252116,0.1285837770585523,3.6878475091950778
2021-08-24,15.54,22.26,10.41,72.63,3.08,2.303689311517268,17.5,17.5,37.07084865832645,29.86575851309412,13.475,2.6244339357496598,10.85056606425034,1.9741160375349236,1.433800478061615,0.5403155594733087,0.12654735359015956,3.51717725589515
2021-08-25,15.18,21.37,10.2,78.04,3.26,2.4383205050474976,17.23,17.23,37.09484436830881,29.885090416884314,13.267100000000001,2.4909237591917286,10.776176240808272,1.894304658923406,1.4783153558238262,0.4159893030995798,0.12177771431775929,3.277875815505708
2021-08-26,15.46,22.48,9.89,71.39,3.63,2.715062402859637,15.2,15.2,37.11764155543567,29.903456742721193,11.703999999999999,2.0154989879953944,9.688501012004604,1.970609988499152,1.4068184707895446,0.5637915177096073,0.12640258059755108,3.33131599872009
2021-08-27,14.13,19.8,10.44,80.35,3.59,2.685144359852919,19.56,19.56,37.13919482234378,29.920820916673044,15.0612,3.110864093177693,11.950335906822307,1.7870648058502847,1.4359065715007038,0.35115823434958093,0.11584520576624527,3.3998751620622216
2021-08-28,13.85,19.27,9.8,75.87,3.3,2.4682385480542153,18.19,18.19,37.1594601144754,29.937147446625964,14.006300000000001,2.846648518278387,11.159651481721614,1.7231415494083309,1.307347493536101,0.41579405587222995,0.11195063043625189,3.3149236387062624
2021-08-29,13.23,18.35,9.72,82.03,3.86,2.8870911501482643,13.68,13.68,37.17839478352809,29.95240197340157,10.5336,1.5738189709721657,8.959781029027834,1.6574812639091523,1.3596318807846777,0.2978493831244746,0.10821839912294101,2.581653684761407
2021-08-30,13.38,18.43,9.22,78.46,3.16,2.363525397530703,14.47,14.47,37.19595764942797,29.96655132068515,11.141900000000001,1.8205644369481728,9.321335563051829,1.6428465421466771,1.2889773969682827,0.3538691451783944,0.1071345574585887,2.752500194662922
2021-08-31,14.52,20.68,8.93,73.72,2.99,2.236373714752153,15.53,15.53,37.2121090607216,29.979563543679753,11.9581,2.115213512077103,9.842886487922897,1.7905909027008673,1.3200236134710792,0.4705672892297881,0.11571452809439037,3.1087716730267068
2021-09-01,14.74,20.24,11.32,78.19,3.84,2.8721321286449055,16.13,16.13,37.22681095328254,29.991407976402545,12.4201,2.2045610513506,10.2155389486494,1.8570730094713763,1.4520453861056692,0.4050276233657071,0.11980142675056886,3.1373240155378213
2021-09-02,15.14,21.84,9.92,74.87,3.19,2.3859639297857416,20.34,20.34,37.24002690723034,30.00205527754105,15.6618,3.3384616252079744,12.323338374792025,1.9198258375004933,1.4373736045366194,0.48245223296387385,0.12345749004338197,3.7677538049118393
2021-09-03,15.19,21.16,10.33,77.23,3.56,2.6627058275978808,17.06,17.06,37.25172220196196,30.011477474788634,13.136199999999999,2.445308020323574,10.690891979676424,1.8834676105007344,1.4546020355897173,0.42886557491101707,0.12107145050955691,3.2879622400469213
2021-09-04,15.51,22.15,10.32,75.84,3.2,2.393443440537421,20.45,20.45,37.26186386919718,30.019648007580017,15.7465,3.3239297719626784,12.422570228037321,1.9613722420790496,1.4875047083927513,0.4738675336862983,0.12576027591464356,3.790101795314105
2021-09-05,15.02,21.51,10.11,74.79,2.82,2.1092220319736024,17.44,17.44,37.27042074394258,30.0265417681499,13.4288,2.574188858730687,10.854611141269313,1.901516364520569,1.4221440890249337,0.4793722754956353,0.12239640709053984,3.384551080537732
2021-09-06,14.09,19.93,10.78,80.13,2.45,1.8324801341614632,11.78,11.78,37.27736351328091,30.032135140839635,9.070599999999999,1.0467208708684437,8.023879129131554,1.8109042139036995,1.4510775466010344,0.3598266673026651,0.11742793869858376,2.4741673026886537
2021-09-07,14.74,22.08,10.3,73.22,2.84,2.124181053476961,13.36,13.36,37.2826647628958,30.036406039579372,10.2872,1.4886587246571261,8.798541275342874,1.9548592939439646,1.431347975025771,0.5235113189181937,0.1261097066817859,2.966638292204279
2021-09-08,14.88,20.81,10.04,75.75,3.81,2.849693596389867,16.2,16.2,37.286299021245064,30.039333943475874,12.474,2.248114889076761,10.22588511092324,1.844692991800291,1.3973549412887203,0.4473380505115707,0.11887068657566771,3.218751519636224
2021-09-09,14.72,21.18,9.7,75.41,3.8,2.8422140856381874,17.69,17.69,37.288242801298885,30.040899930438435,13.621300000000002,2.643273836700433,10.978026163299567,1.8590648939585788,1.4019208365341642,0.45714405742441455,0.11994896072591574,3.414538666239376
2021-09-10,13.03,18.25,9.11,80.57,3.35,2.505636101812613,16.62,16.62,37.2884746397636,30.041086708779147,12.797400000000001,2.3711071828325814,10.42629281716742,1.626638598195232,1.3105827185658985,0.31605587962933357,0.10637442577561787,2.92715393460523
2021-09-11,14.07,20.08,9.81,74.92,4.0,2.9918043006717765,14.39,14.39,37.286975133714705,30.039878646725917,11.080300000000001,1.7901354853230995,9.290164514676901,1.781150776097968,1.3344381614525975,0.4467126146453704,0.11551695919393465,3.007530145846317
2021-09-12,14.02,20.13,8.94,71.57,4.12,3.08155842969193,15.53,15.53,37.2837269745678,30.0372617997908,11.9581,2.1474036302895976,9.810696369710403,1.750289955895429,1.2526825214343584,0.4976074344610706,0.11356064552233548,3.2334800988010044
2021-09-13,14.78,21.44,9.09,73.04,3.18,2.3784844190340624,22.2,22.2,37.27871497932,30.033223935939365,17.094,3.902640753345058,13.191359246654944,1.8550397959469715,1.354921066959668,0.5001187289873035,0.11963228685339701,3.9806064745818
2021-09-14,14.87,21.51,9.32,76.38,3.64,2.7225419136113165,17.44,17.44,37.271926118998934,30.027754558510303,13.4288,2.555779130078198,10.873020869921803,1.8695527714365228,1.4279644068232158,0.44158836461330697,0.12048218791809676,3.35535025264785
2021-09-15,14.48,20.91,10.21,78.14,3.81,2.849693596389867,17.31,17.31,37.26334954426144,30.020844926838784,13.3287,2.504692863930664,10.824007136069335,1.8593199542483467,1.4528726122496582,0.4064473419986885,0.12019423172591771,3.2805129111475257
2021-09-16,13.77,20.09,7.94,73.67,3.79,2.834734574886508,13.46,13.46,37.252976608088645,30.012488074540535,10.3642,1.5619313278482734,8.802268672151726,1.7098665466173202,1.2596586848929798,0.45020786172434035,0.11115897266804108,2.8777773954801735
2021-09-17,14.82,21.25,10.2,74.8,3.74,2.797337021128111,17.46,17.46,37.24080088552957,30.002678825418048,13.4442,2.5905026221733523,10.853697377826649,1.8849852622744119,1.4099689761812602,0.4750162860931517,0.12152491225983132,3.4256603792211444
2021-09-18,14.44,21.98,9.75,76.62,2.76,2.0643449674635255,20.3,20.3,37.22681819045029,29.99141380695437,15.631,3.288106703361631,12.342893296638369,1.9241259127277415,1.4742652743319957,0.44986063839574575,0.12442309116312891,3.714094568009017
2021-09-19,14.32,21.37,8.78,76.05,2.3,1.7202874728862712,15.37,15.37,37.211026589251105,29.97869146136426,11.8349,2.026218962421703,9.808681037578296,1.8376005216945832,1.3974951967487306,0.44010532494585264,0.11894131714281618,3.022232130076559
2021-09-20,14.2,19.14,10.7,82.18,2.62,1.9596318169400135,17.51,17.51,37.193426411520086,29.964512054177042,13.482700000000001,2.5527941719550276,10.929905828044973,1.751712037774752,1.4395569526432914,0.3121550851314605,0.1134902858127724,3.0883868170245092
2021-09-21,14.4,21.25,8.96,76.44,3.11,2.326127843772306,14.38,14.38,37.174020257596155,29.948877680329765,11.072600000000001,1.7633170769116258,9.309282923088375,1.8352076082764017,1.4028326957664814,0.43237491250992033,0.11871093455589309,2.9396837706237378
2021-09-22,14.23,20.43,10.43,82.49,3.4,2.54303365557101,15.63,15.63,37.15281300302123,29.931792267754023,12.035100000000002,2.030090008246901,10.0050099917531,1.8325242266138293,1.5116492345337478,0.3208749920800815,0.11869764358412402,2.914148484853099
2021-09-23,13.57,19.36,9.73,79.18,3.04,2.27377126851055,14.33,14.33,37.12981179986646,29.913261578444416,11.0341,1.7603466905347214,9.27375330946528,1.7265770012567843,1.3671036695951218,0.3594733316616625,0.11242436572889301,2.775042713185108
2021-09-24,13.62,18.64,9.86,80.05,3.99,2.984324789920097,14.19,14.19,37.105026074923146,29.893293207001083,10.9263,1.7297134976637645,9.196586502336235,1.6825068316710596,1.3468467187526831,0.3356601129183765,0.10951112303007415,2.7226780785378195
2021-09-25,13.82,20.11,9.47,78.14,3.94,2.9469272361616996,16.26,16.26,37.07846752475522,29.871896576643795,12.5202,2.2795742848487355,10.240625715151266,1.7696383676566243,1.3827954204868862,0.3868429471697381,0.11499894982515359,3.0873080336225853
2021-09-26,14.12,21.12,8.02,72.71,3.63,2.715062402859637,23.58,23.58,37.05015010761545,29.849082932699314,18.156599999999997,4.354318350348577,13.80228164965142,1.789813537525664,1.3013734231349101,0.48844011439075397,0.11603261997477066,4.09069269491915
2021-09-27,14.59,20.35,9.66,76.42,3.13,2.341086865275665,20.41,20.41,37.02009003223409,29.824865333569072,15.7157,3.4223190809124,12.2933809190876,1.7948444445872407,1.3716201245535695,0.42322432003367116,0.11592494977390534,3.609794326964088
2021-09-28,14.39,19.89,9.46,75.87,3.16,2.363525397530703,13.15,13.15,36.98830574349357,29.79925863918816,10.1255,1.479346872926544,8.646153127073458,1.7533175686984477,1.3302420393715124,0.42307552932693526,0.11342286604275846,2.7504964537871546
2021-09-29,14.62,21.22,9.61,74.7,2.29,1.712807962134592,18.34,18.34,36.954817905009854,29.77227949699214,14.1218,2.87336488237753,11.24843511762247,1.858524845943236,1.3883180599195972,0.47020678602363875,0.12000933527043553,3.4251311784137037
2021-09-30,14.5,21.25,10.0,73.09,2.63,1.9671113276916927,14.82,14.82,36.919649378645246,29.743946325411756,11.4114,1.9411662655846171,9.470233734415384,1.8767079942495202,1.3716858729969743,0.5050221212525459,0.12129899608339469,3.0664288250978986
2021-10-01,14.42,20.19,9.41,76.92,3.27,2.4458000157991773,17.14,17.14,36.882825200984904,29.71427929492148,13.1978,2.556361087744258,10.641438912255744,1.7730871234730725,1.3638586153754875,0.40922850809758504,0.11467442833276313,3.1976766049642222
2021-10-02,15.18,22.17,9.2,76.47,3.29,2.460759037302536,22.15,22.15,36.84437255681331,29.68330030667108,17.0555,3.836181642766258,13.21931835723374,1.9175579267589593,1.4663565465925763,0.451201380166383,0.1232725793565444,3.928529079976922
2021-10-03,15.82,22.55,10.77,76.63,3.2,2.393443440537421,21.8,21.8,36.804320749633284,29.651032968734558,16.786,3.701174846989041,13.08482515301096,2.0133260624786438,1.5428117616773847,0.4705143008012591,0.12877547068522704,3.9624718159286227
2021-10-04,15.84,22.64,10.56,79.74,3.77,2.819775553383149,20.32,20.32,36.76270116927547,29.617502570015095,15.6464,3.2483043893640438,12.398095610635956,2.0118263502156397,1.604230331661951,0.40759601855368865,0.12865921421562682,3.6915968348458685
2021-10-05,15.07,19.37,12.07,81.55,4.04,3.021722343678494,15.94,15.94,36.719547256651076,29.582736051848375,12.2738,2.1803451630959425,10.093454836904057,1.8288410331281906,1.4914198625160393,0.33742117061215127,0.11767181601532463,2.9628345289785654
2021-10-06,15.04,21.31,10.67,80.28,3.94,2.9469272361616996,12.62,12.62,36.67489446570586,29.54676197735127,9.7174,1.297058003729483,8.420341996270517,1.9094763641716046,1.5329276251569641,0.3765487390146405,0.12288929241033003,2.6863238078857234
2021-10-07,15.13,23.33,8.65,76.64,3.57,2.6701853383495604,17.13,17.13,36.628780222638646,29.509610498566598,13.1901,2.490939399646228,10.699160600353771,1.9936001009572486,1.5278951173736355,0.4657049835836131,0.12821182038365567,3.392539002738206
2021-10-08,14.37,19.3,10.44,75.88,3.24,2.4233614835441393,16.34,16.34,36.58124388245171,29.471313321458396,12.5818,2.404952016842137,10.176847983157863,1.7517497434425744,1.3292277053242254,0.422522038118349,0.11333945458629151,3.1065669424226563
2021-10-09,15.23,21.62,11.46,81.19,3.19,2.3859639297857416,17.98,17.98,36.53232668290549,29.43190366881598,13.8446,2.6774736300338495,11.16712636996615,1.9683529134766558,1.5981057304516968,0.37024718302495896,0.12648789466105856,3.317794502432351
2021-10-10,14.35,19.08,11.56,87.27,1.68,1.2565578062821459,18.85,18.85,36.48207169595421,29.391416241128553,14.514500000000002,2.8972901060819334,11.61720989391807,1.7853849506700752,1.5581054464497746,0.22727950422030063,0.11553403847495017,3.2050835995665543
2021-10-11,14.52,18.56,12.45,85.67,2.3,1.7202874728862712,11.07,11.07,36.43052377674291,29.34988717549516,8.523900000000001,0.903294767078965,7.6206052329210365,1.7912610331406351,1.534573327091582,0.2566877060490531,0.11575783437249244,2.2199937469770563
2021-10-12,14.69,19.52,11.07,81.91,3.11,2.326127843772306,14.51,14.51,36.3777295102509,29.307354002638537,11.1727,1.8426280176039895,9.330071982396012,1.7942669110749243,1.4696840268614704,0.32458288421345394,0.1157956884649051,2.7443756233888066
2021-10-13,15.27,21.75,10.1,76.49,2.52,1.8848367094232192,17.5,17.5,36.32373715566943,29.263855602093518,13.475,2.673865267097878,10.80113473290212,1.9200629341484767,1.4686561383301697,0.451406795818307,0.12334566462899033,3.3178479879664247
2021-10-14,15.97,22.49,11.31,78.95,2.05,1.5332997040942853,19.64,19.64,36.26859658860579,29.21943215564437,15.122800000000002,3.154155822508891,11.968644177491111,2.031971776313549,1.604241717399547,0.42773005891400206,0.12981417711574714,3.6054440043562437
2021-10-15,15.54,22.68,9.76,79.06,2.69,2.01198839220177,21.32,21.32,36.212359241208254,29.174125099087018,16.4164,3.6166302148809693,12.79976978511903,1.9819356757307505,1.5669183452327315,0.4150173304980189,0.12704861820728414,3.7896409195672
2021-10-16,15.11,20.74,11.88,83.17,2.94,2.1989761609937557,16.36,16.36,36.15507804031012,29.12797707239545,12.597199999999999,2.2954920074719483,10.301707992528051,1.9195336842953197,1.5964761652284174,0.3230575190669023,0.12346804683273542,3.01368844064511
2021-10-17,14.84,20.32,10.63,79.75,2.82,2.1092220319736024,15.65,15.65,36.09680734369299,29.08103186837282,12.050500000000001,2.191239397256432,9.85926060274357,1.832889264421485,1.4617291883761343,0.3711600760453506,0.11814754030397465,2.9529226688509826
2021-10-18,14.57,20.9,9.8,76.35,3.08,2.303689311517268,18.1,18.1,36.03760287457232,29.033334379870446,13.937000000000001,2.912162358460857,11.024837641539143,1.8416860356105964,1.4061272881886901,0.43555874742190626,0.11896923386802728,3.3502743275643962
2021-10-19,14.98,20.87,10.49,78.37,3.54,2.647746806094522,15.64,15.64,35.977521654410346,28.98493054565915,12.042800000000002,2.2076660691196794,9.835133930880321,1.8680425513254535,1.4639849474737578,0.40405760385169565,0.12027990434124733,3.0388516277658266
2021-10-20,15.21,21.32,10.73,78.98,3.49,2.610349252336125,17.98,17.98,35.916621934162904,28.935867295039003,13.8446,2.820503121089161,11.02409687891084,1.9128254029365237,1.5107495032392666,0.4020758996972571,0.12293912591085754,3.3236188236694493
2021-10-21,15.36,21.19,12.18,79.14,3.23,2.415881972792459,17.28,17.28,35.85496312406901,28.886192491274958,13.305600000000002,2.6210735938749026,10.6845264061251,1.9677384424809907,1.557268203379456,0.4104702391015347,0.12631831990259745,3.2688014425615814
2021-10-22,15.56,22.97,9.62,75.23,2.5,1.8698776879198602,18.87,18.87,35.792605722092695,28.83595487394676,14.529900000000001,3.098728605609137,11.431171394390864,2.0006927859106667,1.5051211828405946,0.4955716030700721,0.12823072361387514,3.561089038181394
2021-10-23,14.93,20.24,11.56,82.2,2.39,1.7876030696513863,18.93,18.93,35.72961124112793,28.785204000302304,14.5761,3.0697794407107812,11.506320559289218,1.867816188400178,1.5353449068649465,0.33247128153523153,0.12031301478382,3.308328213857812
2021-10-24,15.5,22.02,10.74,79.88,2.53,1.8923162201748984,19.33,19.33,35.66604213507833,28.733990185704506,14.884099999999998,3.1699511860888823,11.714148813911116,1.968677236126097,1.572579376217526,0.39609785990857094,0.12623864792871647,3.4855115051835086
2021-10-25,14.76,20.24,11.6,86.33,2.36,1.765164537396348,15.34,15.34,35.601961723923694,28.682364443261886,11.8118,2.068017085896553,9.743782914103447,1.8696213450915768,1.6140441072175582,0.25557723787401865,0.12059179173395057,2.7688946225577675
2021-10-26,14.92,20.84,11.89,85.77,3.42,2.5579926770743686,16.88,16.88,35.53743411788558,28.63037842273334,12.9976,2.461465615291189,10.536134384708811,1.9275454926676532,1.653255769061046,0.2742897236066071,0.12417024789030563,2.984455436876142
2021-10-27,13.76,18.27,10.71,83.3,2.46,1.8399596449131423,12.31,12.31,35.47252414080444,28.578084348797688,9.4787,1.351434241080434,8.127265758919567,1.6934564265901582,1.4106492033496016,0.2828072232405565,0.11010091586192934,2.355147936633646
2021-10-28,13.85,18.89,10.46,85.34,2.58,1.9297137739332957,16.68,16.68,35.407297252840344,28.525534958778294,12.8436,2.5196126955873295,10.323987304412672,1.724345007659827,1.4715560295368966,0.25278897812293044,0.11202881780861544,2.8443993401322705
2021-10-29,14.28,18.81,11.1,81.13,2.26,1.6903694298795535,14.25,14.25,35.34181947260871,28.472783439912483,10.9725,1.909262028055069,9.06323797194493,1.746473349460268,1.4169138284171154,0.32955952104315256,0.11307893025512228,2.6579495073040955
2021-10-30,14.48,19.54,10.67,80.64,1.08,0.8077871611813797,12.49,12.49,35.27615729886215,28.419883366255306,9.6173,1.4216385437526204,8.195661456247379,1.7783580468089195,1.4340679289467126,0.34429011786220687,0.11496051482769794,2.4173054046432263
2021-10-31,14.28,18.21,11.62,82.92,0.62,0.46372966660412535,13.65,13.65,35.21037763182792,28.366888635305845,10.5105,1.7448994901302213,8.76560050986978,1.7296022157552382,1.4341861573042436,0.2954160584509946,0.11198657476504538,2.5105134674366005
2021-11-01,14.44,19.49,10.82,80.34,1.25,0.9349388439599301,17.17,17.17,35.14454769431013,28.31385340444401,13.220900000000002,2.742977563605077,10.477922436394925,1.7812808626248926,1.4310810450328386,0.350199817592054,0.11518605393309014,3.032203032932998
2021-11-02,14.15,19.49,10.58,80.25,0.81,0.6058403708860348,17.47,17.47,35.078734952663446,28.260832027263778,13.4519,2.840827365183122,10.611072634816878,1.770991932657823,1.421221025957903,0.34977090669991995,0.11478503130887198,3.0593342575302733
2021-11-03,14.09,18.22,10.44,81.86,1.53,1.1443651450069545,15.23,15.23,35.01300703774454,28.207878989888513,11.7271,2.2344710856304766,9.492628914369524,1.678677420595709,1.3741653364996471,0.3045120840960618,0.10885370287778913,2.697755049183042
2021-11-04,12.75,17.37,8.48,83.91,2.0,1.4959021503358882,13.52,13.52,34.94743166594474,28.155048847351722,10.4104,1.7711767458933072,8.639223254106692,1.545990979514567,1.2972410309106732,0.24874994860389377,0.10132700169105463,2.376926942791906
2021-11-05,15.34,22.89,9.84,76.27,3.21,2.4009229512891004,19.93,19.93,34.882076560406,28.10239616012549,15.3461,3.504629452194385,11.841470547805615,2.0028293115507947,1.527557915919791,0.47527139563100373,0.12859132385842045,3.6689016310867286
2021-11-06,14.64,20.54,9.68,82.01,3.05,2.281250779262229,19.77,19.77,34.81700937252021,28.049975430877183,15.2229,3.458132511906624,11.764767488093375,1.8097370041534084,1.4841653171062104,0.3255716870471981,0.11684043646374653,3.324200184722495
2021-11-07,15.02,22.04,9.1,75.31,2.94,2.1989761609937557,19.37,19.37,34.752297603809076,27.997841041532745,14.914900000000001,3.4408145108610384,11.474085489138963,1.9031117436980516,1.4332334541790026,0.469878289519049,0.12249909812329367,3.5269079999914226
2021-11-08,15.05,20.5,11.81,81.97,3.1,2.3186483330206267,14.61,14.61,34.68800852827993,27.946047190723444,11.2497,2.0236338196226424,9.226066180377359,1.898364756042842,1.5560895905283174,0.34227516551452464,0.12216449339377775,2.7807882950165355
2021-11-09,15.02,20.77,10.64,79.62,3.07,2.2962098007655882,17.14,17.14,34.62420911535006,27.894647831690627,13.1978,2.776766398027008,10.421033601972994,1.8668577815203085,1.4863921656464698,0.38046561587383865,0.12016551067900634,3.119201371378758
2021-11-10,14.77,20.55,10.53,79.34,2.03,1.5183406825909262,17.51,17.51,34.56096595342947,27.843696610720922,13.482700000000001,2.9043552297517246,10.578344770248277,1.845674058747579,1.4643577982103293,0.38131626053724976,0.11903773082513205,3.1286892563712962
2021-11-11,15.25,23.47,9.07,68.45,2.32,1.7352464943896302,20.48,20.48,34.498345174249344,27.793246806182243,15.7696,3.9033205668485156,11.866279433151485,2.0219009250791213,1.3839911832166587,0.6379097418624626,0.1299083537734822,3.85179790605742
2021-11-12,14.97,21.91,10.64,70.73,2.89,2.1615786072353584,22.8,22.8,34.43641237802044,27.74335126822839,17.556,4.592599058275752,12.963400941724249,1.9555458592670787,1.3831575862596048,0.5723882730074739,0.12592406784233995,4.068052066516351
2021-11-13,15.22,22.56,9.38,69.93,2.67,1.9970293706984108,22.59,22.59,34.37523255950329,27.69406235923823,17.3943,4.5501841265363385,12.844115873463663,1.9567001320549045,1.3683204023459947,0.5883797297089097,0.1257490367703559,4.0443640448813465
2021-11-14,15.08,19.94,12.37,80.3,2.45,1.8324801341614632,18.81,18.81,34.31487003506808,27.64543189505225,14.483699999999999,3.2811531317660307,11.202546868233968,1.8833812748467698,1.5123551637019559,0.3710261111448139,0.12117145706893767,3.291147748911781
2021-11-15,15.65,22.34,11.42,79.58,2.72,2.034426924456808,16.43,16.43,34.255388370820285,27.597511087067655,12.6511,2.5604289108844145,10.090671089115585,2.024518300994365,1.6111116639313154,0.4134066370630496,0.1296654565664578,3.12619625869599
2021-11-16,15.41,22.19,11.25,76.76,3.0,2.243853225503832,19.0,19.0,34.196850311864154,27.550350485250238,14.63,3.352977072412833,11.277022927587169,2.0046970049168658,1.5388054209741862,0.4658915839426796,0.12863994333319995,3.5070988586283076
2021-11-17,15.71,22.91,10.31,66.01,1.99,1.4884226395842086,22.12,22.12,34.139317712773526,27.503999922118865,17.032400000000003,4.544488051968973,12.48791194803103,2.023943026556368,1.3360047918298585,0.6879382347265093,0.12956713743623324,4.026772144713859
2021-11-18,15.27,22.0,11.23,73.23,1.74,1.3014348707922228,22.22,22.22,34.08285146933632,27.458508457756114,17.1094,4.3997143212159235,12.709685678784076,1.9884250419667184,1.4561236582322281,0.5323013837344903,0.12773727569252002,3.8865956730535447
2021-11-19,14.18,17.85,12.3,83.69,2.04,1.525820193342606,21.14,21.14,34.02751145163569,27.413924325895778,16.2778,4.005288676672012,12.272511323327986,1.7375771573827838,1.4541783230136516,0.28339883436913227,0.11259241885705856,3.386202357750002
2021-11-20,14.98,21.12,11.66,77.47,2.57,1.9222342631816163,18.57,18.57,33.973356438528285,27.370294881135926,14.2989,3.2905120038355737,11.008387996164426,1.9384115880375563,1.5016874572526948,0.4367241307848615,0.12481084021222731,3.3595997606017027
2021-11-21,14.74,20.7,10.6,78.93,3.17,2.3710049082823828,17.7,17.7,33.92044405357661,27.32766654732346,13.629,3.053263231308093,10.575736768691907,1.8598798890317703,1.4680031964127764,0.3918766926189938,0.11998250104023717,3.1773541835343666
2021-11-22,14.85,20.91,10.93,83.58,2.48,1.8549186664165014,16.49,16.49,33.86883070248946,27.28608476715361,12.697299999999998,2.621322834970755,10.075977165029244,1.8899542158189502,1.5796237335814787,0.3103304822374715,0.12181626867045423,2.931837219923551
2021-11-23,14.23,17.96,12.06,88.2,2.9,2.1690581179870376,13.79,13.79,33.818571512121935,27.245593953025917,10.6183,1.881821261958092,8.736478738041907,1.7334632200196038,1.5289145600572907,0.2045486599623132,0.11228118922950239,2.383719482579533
2021-11-24,14.27,19.01,10.8,82.54,2.46,1.8399596449131423,13.7,13.7,33.76972027108286,27.206237439195196,10.549,1.916209322094446,8.632790677905554,1.7470643341687082,1.4420269014228517,0.3050374327458565,0.1131261878278105,2.523722326105312
2021-11-25,14.09,19.7,10.56,80.03,2.48,1.8549186664165014,14.19,14.19,33.7223293719956,27.168057435254536,10.9263,2.079767920957145,8.846532079042854,1.7850093447752386,1.4285429786236237,0.356466366151615,0.11574878798410733,2.663935588622524
2021-11-26,14.72,21.2,9.94,78.03,2.4,1.795082580403066,14.36,14.36,33.676449755454335,27.13109498098423,11.0572,2.1272388494612557,8.929961150538745,1.8703783291224167,1.4594562102142217,0.4109221189081951,0.12067891630441781,2.7783260755301384
2021-11-27,15.49,22.31,10.5,71.81,2.47,1.8474391556648222,22.19,22.19,33.63213085571644,27.095389902599393,17.0863,4.516564029620818,12.569735970379185,1.9820096549893977,1.4232811332478865,0.5587285217415112,0.12710362593022845,3.9260123081481466
2021-11-28,15.56,21.81,11.49,78.83,2.86,2.13914007498032,18.1,18.1,33.58942054816783,27.06098077042593,13.937000000000001,3.1594340936396708,10.77756590636033,1.9847772098543344,1.564599874528172,0.4201773353261624,0.1272106440450341,3.300011595198476
2021-11-29,14.64,19.95,11.04,83.58,3.25,2.4308409942958185,17.02,17.02,33.548365098596555,27.02790485803333,13.1054,2.8497234163623713,10.255676583637628,1.8236311490217014,1.524190914352338,0.2994402346693634,0.1177374717495235,2.9278424113567567
2021-11-30,13.89,19.0,10.63,86.5,2.96,2.2139351824971145,15.97,15.97,33.50900911430707,26.996198102850347,12.2969,2.5489412789286066,9.747958721071395,1.739084333549994,1.504307948520745,0.23477638502924902,0.11295043426226985,2.673647749136455
2021-12-01,13.98,19.73,9.4,80.1,2.34,1.750205515892989,20.39,20.39,33.471395497105284,26.965895068287903,15.7003,3.946426005563171,11.75387399443683,1.7394695606876003,1.3933151181107677,0.3461544425768326,0.11289454059680823,3.335637239620759
2021-12-02,13.56,19.56,9.66,84.18,2.79,2.086783499718564,18.09,18.09,33.43556539818266,26.93702890739188,13.9293,3.199829653574516,10.729470346425483,1.7378051300092845,1.4628843584418159,0.27492077156746864,0.11316449588935146,2.9775116457900115
2021-12-03,13.26,18.88,8.07,82.09,2.47,1.8474391556648222,16.19,16.19,33.401558174925114,26.909631328046668,12.466300000000002,2.730068939501685,9.736231060498318,1.629445258726817,1.337611612888844,0.2918336458379729,0.10636242935655701,2.7280984948588705
2021-12-04,13.91,19.67,9.29,84.65,3.08,2.303689311517268,17.89,17.89,33.36941134967072,26.88373255974872,13.775300000000001,3.1448664743645884,10.630433525635413,1.7308432761931303,1.4651588332974848,0.2656844428956455,0.11239729316159623,2.9245416623104803
2021-12-05,14.77,20.72,10.46,82.67,3.06,2.288730290013909,16.72,16.72,33.3391605704385,26.859361321968073,12.8744,2.7899823359528346,10.084417664047166,1.8554415494440333,1.5338935289253823,0.32154802051865095,0.11966769033659123,2.9377911128500673
2021-12-06,14.68,21.31,9.74,80.48,2.73,2.041906435208487,20.04,20.04,33.310839573648586,26.836544794114246,15.4308,3.778928071628772,11.651871928371229,1.8707445864587566,1.5055752431820073,0.3651693432767493,0.1207408719923362,3.3916765998034357
2021-12-07,14.65,20.91,10.27,80.33,2.99,2.236373714752153,18.84,18.84,33.28448014885229,26.815308587121358,14.5068,3.450075403847354,11.056724596152646,1.861823662136338,1.4956029477941204,0.3662207143422176,0.12019371927242503,3.246984556950375
2021-12-08,15.28,21.78,10.95,80.44,2.23,1.6679308976245155,18.76,18.76,33.26011210548971,26.79567671666673,14.445200000000002,3.3753764748417745,11.069823525158228,1.9585211619763672,1.5754344226937897,0.3830867392825774,0.12580627535488131,3.299894381897817
2021-12-09,15.5,21.48,11.21,79.96,2.15,1.6080948116110796,17.48,17.48,33.23776324169026,26.777671578035342,13.4596,3.0312570332616007,10.428342966738398,1.946217185742602,1.5561952617197843,0.39002192402281777,0.12479842891221457,3.1368636717944747
2021-12-10,15.06,21.4,11.53,80.31,1.97,1.4734636180808498,16.91,16.91,33.217459315130924,26.761313922642078,13.0207,2.861715434862908,10.158984565137091,1.9542269498705873,1.5694396634410688,0.38478728642951854,0.12574939803270074,3.0623460486369694
2021-12-11,13.99,19.81,9.04,74.98,1.81,1.3537914460539788,14.49,14.49,33.199224015965136,26.74662283622215,11.157300000000001,2.313454552518201,8.843845447481801,1.7310434927455383,1.2979364108606046,0.43310708188493363,0.11233873292241284,2.7035811702696377
2021-12-12,14.78,20.38,10.96,77.7,1.46,1.0920085697451982,18.87,18.87,33.183078941834914,26.73361571869988,14.529900000000001,3.5456633640797994,10.984236635920201,1.8515408527912989,1.4386472426188393,0.4128936101724596,0.11940663855614878,3.251397920093098
2021-12-13,14.58,20.78,10.18,79.28,2.21,1.6529718761211565,20.95,20.95,33.16904357497679,26.722308265744303,16.1315,4.119473148477851,12.012026851522148,1.8482241322539412,1.4652720920509248,0.38295204020301643,0.11938210198416452,3.4962606164354697
2021-12-14,14.54,21.1,9.64,80.22,2.55,1.9072752416782572,19.39,19.39,33.15713526143225,26.71271445202028,14.9303,3.635153683401956,11.295146316598045,1.850487320635247,1.4844609286135952,0.36602639202165177,0.1195662604293903,3.298032311394691
2021-12-15,15.13,20.78,11.15,82.35,2.84,2.124181053476961,15.34,15.34,33.14736919237164,26.70484651614229,11.8118,2.414441828777968,9.39735817122203,1.8897278599315892,1.5561908926536636,0.3335369672779256,0.1215316195234957,2.7997869329322578
2021-12-16,15.3,21.09,12.07,80.77,3.14,2.3485663760273443,16.72,16.72,33.1397583875402,26.698714947337887,12.8744,2.812973396969008,10.061426603030991,1.9549191167362263,1.57898817058785,0.3759309461483764,0.1255550123589578,3.0545209246450917
2021-12-17,14.74,20.07,11.32,80.87,3.12,2.333607354523986,15.46,15.46,33.13431368083398,26.694328473827092,11.904200000000001,2.4946843848179934,9.409515615182007,1.844665948843586,1.491781352829808,0.35288459601377786,0.11900103626650642,2.8282338866719314
2021-12-18,14.37,20.08,10.69,81.47,2.34,1.750205515892989,14.31,14.31,33.131043708012946,26.691694052923552,11.0187,2.1581801206900573,8.860519879309944,1.817896903229133,1.4810406070607747,0.3368562961683583,0.11761922288122353,2.6438821261220355
2021-12-19,14.74,21.03,10.14,84.15,2.13,1.5931357901077208,17.14,17.14,33.12995489655739,26.690816862862498,13.1978,2.9058460620926208,10.29195393790738,1.8655611457664776,1.5698697041624912,0.2956914416039864,0.12034900395050668,2.9612418070149285
2021-12-20,14.94,20.84,11.39,84.12,2.02,1.510861171839247,17.29,17.29,33.13105145767406,26.691700296360533,13.3133,2.9358459188301205,10.37745408116988,1.9049015477383673,1.6024031819575146,0.30249836578085265,0.12269209246759924,3.0072855102812053
2021-12-21,14.63,19.31,11.38,87.9,1.96,1.4659841073291702,16.28,16.28,33.134335380457046,26.694345955911416,12.5356,2.643487395200277,9.892112604799724,1.7932473248585012,1.5762643985506228,0.2169829263078784,0.11578501929649035,2.7409711423795065
2021-12-22,14.71,18.96,12.33,90.01,1.57,1.1742831880136722,16.54,16.54,33.13980642820849,26.698753650821885,12.7358,2.6757885233348446,10.060011476665155,1.8126463593923465,1.6315629880890512,0.18108337130329533,0.11696326647503265,2.7774661494298845
2021-12-23,14.89,19.73,11.97,86.47,1.6,1.1967217202687106,17.37,17.37,33.14746213692327,26.704921395990862,13.3749,2.9467384279577544,10.428161572042246,1.849637978135599,1.5993819596938526,0.2502560184417464,0.11917988577324518,2.953342028127059
2021-12-24,14.59,18.92,11.57,86.73,1.66,1.241598784778787,16.99,16.99,33.15729781594176,26.71284541243532,13.082299999999998,2.8720759002321876,10.21022409976781,1.7748687460174197,1.5393436634209081,0.23552508259651161,0.11463476451000204,2.84798797796543
2021-12-25,14.82,20.15,11.27,83.59,2.48,1.8549186664165014,17.12,17.12,33.16930655077375,26.722520129565364,13.182400000000001,2.9219142207501654,10.260485779249835,1.8482710343864812,1.5449697576436596,0.3033012767428216,0.11915794769407935,2.9514601462699965
2021-12-26,14.38,20.32,9.87,82.66,2.38,1.7801235588997069,20.84,20.84,33.183479208096415,26.733938189210797,16.0468,4.030204656652444,12.016595343347557,1.8011547402448027,1.4888345082863537,0.31232023195844905,0.11652673256193903,3.379506267639077
2021-12-27,14.37,19.78,11.38,83.8,2.11,1.578176768604362,14.77,14.77,33.19980444292863,26.74709045140102,11.3729,2.250920595294832,9.121979404705169,1.8264343657996551,1.530551998540111,0.2958823672595441,0.11817160278304231,2.654758729142934
2021-12-28,13.79,18.54,10.71,82.72,2.35,1.7576850266446689,16.82,16.82,33.21826870798305,26.761966001899467,12.951400000000001,2.9105862534563482,10.040813746543654,1.7113706495618017,1.4156458013175226,0.29572484824427914,0.11123903178381477,2.838743411784924
2021-12-29,14.12,19.65,10.39,83.67,2.65,1.9820703491950518,16.33,16.33,33.2388562651973,26.778552161493554,12.5741,2.715520283848358,9.858579716151642,1.7742614111145913,1.4845245226795785,0.2897368884350129,0.11502438423634266,2.8076388299452795
2021-12-30,14.38,19.5,10.68,80.51,2.15,1.6080948116110796,17.46,17.46,33.26154919944421,26.796834497040233,13.4442,3.0984076250164048,10.345792374983596,1.7759655917596513,1.4298298979256954,0.3461356938339559,0.1148971062431069,3.0037214559511725
2021-12-31,14.63,20.22,10.83,81.12,2.76,2.0643449674635255,18.49,18.49,33.28632743442086,26.816796834266825,14.2373,3.3524884894746028,10.884811510525397,1.834134681921119,1.4878500539744117,0.34628462794670734,0.11842500283967018,3.161735899071322
2022-01-01,14.35,19.52,10.67,76.89,2.42,1.8100416019064245,19.27,19.27,33.31316875071523,26.838421272326215,14.8379,3.702325718213133,11.135574281786866,1.776947015301469,1.3662945600652996,0.41065245523616944,0.11498801127271584,3.2910664720976546
2022-01-02,14.28,21.67,8.85,69.31,2.38,1.7801235588997069,18.96,18.96,33.34204880604794,26.861688200104464,14.599200000000002,3.7107816402866463,10.888418359713356,1.8638472323271655,1.2918325167259583,0.5720147156012072,0.12067853841323162,3.483481997492135
2022-01-03,14.0,21.84,8.39,70.76,1.9,1.4211070428190937,22.6,22.6,33.37294115768645,26.88657631427851,17.402,4.782412486591832,12.61958751340817,1.8599277268776557,1.3160848595386292,0.5438428673390265,0.12069326766622766,3.841624892627885
2022-01-04,14.01,21.28,8.22,70.25,1.86,1.391188999812376,22.34,22.34,33.405817287026835,26.9130626391203,17.2018,4.743509455948516,12.458290544051483,1.8095255359587246,1.271191689011004,0.5383338469477206,0.11741325553750337,3.7686272093172755
2022-01-05,14.02,21.81,8.18,66.83,2.14,1.6006153008594004,22.06,22.06,33.44064662633835,26.94112254804323,16.9862,4.723154128119,12.263045871881001,1.849729112679678,1.2361739660038287,0.6135551466758493,0.12001236216310142,3.851682361982505
2022-01-06,13.5,19.57,9.15,69.79,2.42,1.8100416019064245,20.75,20.75,33.47739658766349,26.970729786885215,15.977500000000001,4.316137424738934,11.661362575261066,1.7182530816891135,1.1991688257108324,0.5190842559782811,0.11194482486604247,3.5558132960400504
2022-01-07,13.58,19.79,9.14,74.18,2.11,1.578176768604362,19.18,19.18,33.51603259386599,27.001856498922194,14.7686,3.7109973858026644,11.057602614197336,1.7335103196999164,1.2859179551533981,0.4475923645465183,0.1128668237378766,3.2962530833719477
2022-01-08,14.65,22.05,8.67,70.68,1.53,1.1443651450069545,18.02,18.02,33.556518111816544,27.03447325160388,13.8754,3.341695416836791,10.53370458316321,1.8873577440497677,1.3339844534943759,0.5533732905553919,0.12184212257494852,3.2796670561336394
2022-01-09,14.6,20.0,10.64,75.47,1.13,0.8451847149397768,18.99,18.99,33.59881468770561,27.06854906500315,14.6223,3.5817171998168553,11.040582800183143,1.809955380090673,1.3659733253544308,0.4439820547362421,0.11689164962579084,3.259102334813579
2022-01-10,14.55,19.95,10.3,75.96,0.83,0.6207993923893935,13.61,13.61,33.64288198446984,27.10405144196828,10.4797,1.9649424694264008,8.514757530573599,1.7919607547084833,1.3611733892765638,0.4307873654319194,0.11577546600335777,2.5414201259459985
2022-01-11,14.92,21.26,10.32,75.95,0.87,0.6507174353961114,12.04,12.04,33.68867782131741,27.14094639996616,9.2708,1.468169036427166,7.802630963572834,1.890772907531339,1.436042023270052,0.45473088426128716,0.12180140055087177,2.3931810337916755
2022-01-12,14.75,20.91,10.61,77.42,1.08,0.8077871611813797,16.41,16.41,33.736158215335536,27.179198504602923,12.6357,2.726582023174388,9.909117976825613,1.876179226178353,1.452537956907281,0.42364126927107204,0.12102438195849995,2.9645791472360856
2022-01-13,13.8,19.47,10.52,81.19,1.74,1.3014348707922228,10.66,10.66,33.78527742516088,27.21877090480661,8.2082,1.0424941711342701,7.16570582886573,1.76703502809451,1.4346557393099326,0.33237928878457734,0.11484806628027124,2.1761333658871393
2022-01-14,13.25,17.74,10.65,83.68,2.45,1.8324801341614632,15.99,15.99,33.835987996691884,27.25962536965485,12.3123,2.5900374366423433,9.722262563357656,1.6564859654085167,1.386147455853847,0.27033850955466976,0.10813614934382994,2.704665200249769
2022-01-15,13.87,20.25,9.15,75.9,3.33,2.490677080309254,17.48,17.48,33.888240810819255,27.301722326828425,13.4596,3.0865937656107123,10.373006234389287,1.7672298820153953,1.341327480449685,0.42590240156571024,0.11479671730637661,3.17098225360102
2022-01-16,13.78,19.29,10.14,83.1,2.96,2.2139351824971145,16.52,16.52,33.941985133148535,27.345020902669788,12.7204,2.696282118365131,10.024117881634869,1.7384976649650588,1.4446915595859635,0.29380610537909524,0.11301128830361885,2.8387649199224643
2022-01-17,14.21,19.43,11.43,85.27,2.26,1.6903694298795535,17.57,17.57,33.99716866568607,27.389478963823326,13.5289,2.9228994459481354,10.606000554051864,1.8038737774939704,1.5381631700691085,0.26571060742486186,0.11686045825056411,2.975551909328424
2022-01-18,14.0,19.82,10.77,84.38,2.81,2.101742521221923,14.24,14.24,34.053737600456905,27.4350531604321,10.9648,1.9950804740979313,8.969719525902068,1.8025662846634454,1.521005430999015,0.2815608536644303,0.11697100480685155,2.5927900371657655
2022-01-19,13.92,20.32,9.9,77.12,3.52,2.6327877845911636,19.7,19.7,34.111636675020314,27.481698970863366,15.169,3.666130967721119,11.50286903227888,1.8023806937270086,1.389995991002269,0.4123847027247396,0.11703346363945492,3.4238381980136627
2022-01-20,13.69,19.66,9.7,77.61,3.74,2.797337021128111,19.29,19.29,34.17080922984577,27.529370747932948,14.853299999999999,3.556688081390895,11.296611918609104,1.746505964708811,1.3554632792105081,0.3910426854983029,0.11361330408726678,3.319002535869745
2022-01-21,14.66,20.84,9.59,76.89,2.9,2.1690581179870376,19.06,19.06,34.231197267509145,27.57802176659607,14.6762,3.4474694165517565,11.228730583448243,1.8286490258608397,1.4060482359843995,0.4226007898764401,0.11804269431574096,3.365247070178339
2022-01-22,14.97,21.68,9.9,78.25,2.09,1.5632177471010031,18.35,18.35,34.292741513665604,27.627604273069558,14.129500000000002,3.165696372310769,10.963803627689233,1.906278991558775,1.4916633108947415,0.41461568066403354,0.12275161123014616,3.2903274242902327
2022-01-23,14.74,20.44,11.5,83.66,2.08,1.5557382363493237,17.53,17.53,34.355381479752744,27.678069535348,13.4981,2.8493996645655306,10.64870033543447,1.8798594714053949,1.5726904337777532,0.3071690376276417,0.121271401617669,3.0722074313007854
2022-01-24,14.06,19.07,10.85,80.39,2.4,1.795082580403066,15.5,15.5,34.41905552737408,27.72936789507365,11.935,2.378739907536516,9.556260092463484,1.7533452293585765,1.4095142298813597,0.34383099947721685,0.11372267186542519,2.8050012807229225
2022-01-25,14.61,20.71,10.49,75.46,2.08,1.5557382363493237,16.08,16.08,34.48370093430949,27.7814488207171,12.381599999999999,2.5682473507191936,9.813352649280805,1.8559585994505716,1.4005063591454012,0.4554522403051704,0.11985314166420828,3.0317109710226418
2022-01-26,14.95,20.28,11.47,78.82,1.98,1.4809431288325292,15.95,15.95,34.54925396209621,27.83426096202319,12.2815,2.4702134320115943,9.811286567988406,1.8667058143893058,1.4713375229016505,0.3953682914876553,0.12022242516840802,2.9554934219170765
2022-01-27,15.12,22.0,10.42,72.87,2.37,1.7726440481480275,18.96,18.96,34.61564992512003,27.887752205673703,14.599200000000002,3.384489908281845,11.214710091718157,1.9534423397341025,1.4234734329642407,0.5299689067698619,0.12563916049365617,3.5308031273101785
2022-01-28,15.11,23.28,8.43,66.75,1.84,1.3762299783090173,22.86,22.86,34.68282326115342,27.941869732115645,17.6022,4.638575840131826,12.963624159868175,1.9809821818458029,1.3223056063820735,0.6586765754637294,0.12742053072787973,4.089757656262172
2022-01-29,15.31,22.94,9.22,70.0,1.16,0.8676232471948151,21.54,21.54,34.75070760327318,27.996560073501005,16.5858,4.1516300489532165,12.434169951046783,1.982246676607017,1.387572673624912,0.5946740029821049,0.12730005015381085,3.8135121825605296
2022-01-30,15.19,21.82,9.94,70.89,1.4,1.0471315052351216,21.05,21.05,34.81923585308732,28.05176917268127,16.2085,4.019653710044163,12.188846289955837,1.919048322803357,1.3604133560352998,0.5586349667680572,0.12335861935951473,3.717539149852065
2022-01-31,14.43,20.48,10.58,74.88,1.32,0.9872954192216863,19.33,19.33,34.8883402551969,28.10744244319683,14.884099999999998,3.464225201500903,11.419874798499094,1.842590409710266,1.379731698791047,0.46285871091921904,0.11916008624272947,3.4010078559743246
2022-02-01,13.56,19.21,9.83,72.44,2.49,1.8623981771681808,20.75,20.75,34.95795247281538,28.163524830198984,15.977500000000001,3.983476991029527,11.994023008970474,1.7201956214470506,1.2461097081762436,0.47408591327080707,0.11201777861657314,3.5749099477054997
2022-02-02,14.5,22.13,8.39,67.95,2.74,2.049385945960167,22.02,22.02,35.02800366446434,28.219960872239053,16.9554,4.349360754916317,12.606039245083684,1.8832762813250197,1.279686233160351,0.6035900481646688,0.12172353023078836,3.9936668782617613
2022-02-03,15.17,22.15,10.07,74.57,2.52,1.8848367094232192,19.66,19.66,35.0984245616613,28.276694763856806,15.138200000000001,3.4672613553617477,11.670938644638253,1.950967623185544,1.45483655660946,0.49613106657608386,0.12543029861309407,3.6088748133461035
2022-02-04,13.94,17.31,11.81,83.29,1.94,1.4510250858258114,14.66,14.66,35.16914554751167,28.333670418897302,11.2882,2.042838284711437,9.245361715288563,1.6806070033416998,1.3997775730833018,0.280829430258398,0.1091089945136933,2.613179158425511
2022-02-05,13.74,18.04,11.49,85.37,1.09,0.8152666719330591,9.78,9.78,35.24009673611402,28.3908315344829,7.5306,0.6623065645942067,6.868293435405793,1.7126368153710472,1.462078049282263,0.25055876608878425,0.11136568099444598,1.9835560358627482
2022-02-06,13.37,18.4,10.32,84.24,1.98,1.4809431288325292,13.18,13.18,35.31120805268428,28.448121655564563,10.1486,1.600262048586497,8.548337951413503,1.6855092950789359,1.4198730301744957,0.26563626490444014,0.10992548334024042,2.428895386473222
2022-02-07,13.95,19.22,10.49,85.69,2.89,2.1615786072353584,10.49,10.49,35.382409314301675,28.505484239974002,8.077300000000001,0.8363976057147077,7.2409023942852935,1.7483020975000516,1.4981200673477943,0.25018203015225726,0.11349488569974346,2.1158880231200494
2022-02-08,14.06,18.12,12.08,88.33,2.54,1.8997957309265778,9.72,9.72,35.45363031117611,28.562862723895925,7.484400000000001,0.615969697894794,6.868430302105207,1.7447968429772898,1.54117905140184,0.2036177915754498,0.11316822011049409,1.951261071530397
2022-02-09,13.28,17.61,10.14,87.14,1.78,1.3313529137989404,12.19,12.19,35.52480088833401,28.620200587677417,9.3863,1.2991400098709411,8.08715999012906,1.6267233321585626,1.4175267116429715,0.20919662051559107,0.10616780538837484,2.2280256009667534
2022-02-10,13.98,19.51,9.85,81.15,2.1,1.5706972578526825,16.83,16.83,35.59585102761679,28.677441421889192,12.9591,2.587673587835066,10.371426412164933,1.741981657834832,1.413618115332966,0.32836354250186583,0.11305757998524063,2.9755150184147636
2022-02-11,14.19,20.05,9.92,81.65,2.03,1.5183406825909262,18.03,18.03,35.666710929883784,28.734528993551574,13.8831,2.879265013974354,11.003834986025646,1.7834618009129835,1.4561965604454512,0.32726524046753225,0.11555648530616455,3.1483655244759907
2022-02-12,14.45,20.2,10.76,80.63,2.22,1.6604513868728359,18.28,18.28,35.73731109730915,28.791407312436146,14.075600000000001,2.9379285803420108,11.137671419657991,1.8296530312731694,1.4752492391155565,0.35440379215761286,0.11830462823248104,3.233876562065547
2022-02-13,14.33,19.6,10.71,76.9,2.57,1.9222342631816163,18.58,18.58,35.80758241565982,28.84802069735218,14.3066,3.1020841451702155,11.204515854829785,1.784314158540842,1.3721375879179076,0.41217657062293434,0.11548310186601946,3.317828238825596
2022-02-14,13.82,19.31,10.44,77.7,2.02,1.510861171839247,15.49,15.49,35.87745623644001,28.904313842325532,11.9273,2.229435284590226,9.697864715409775,1.7524466773288312,1.3616510682845018,0.3907956090443294,0.11388175753911976,2.889818703316768
2022-02-15,13.83,19.49,10.6,81.44,2.44,1.8250006234097835,16.39,16.39,35.946864458785925,28.96023188257629,12.6203,2.409948635045243,10.210351364954757,1.7718438288419722,1.442989614208902,0.3288542146330702,0.11513310072366743,2.951941185042886
2022-02-16,13.59,18.7,10.68,82.2,2.52,1.8848367094232192,19.68,19.68,36.01573961099268,29.015720460200146,15.1536,3.307162495216916,11.846437504783085,1.7208265313072566,1.414519408734565,0.30630712257269166,0.11203206584633855,3.2907712032491334
2022-02-17,14.49,20.61,9.78,80.55,2.66,1.9895498599467312,17.72,17.72,36.08401493155438,29.07072578945747,13.6444,2.739457637605955,10.904942362394044,1.8190121987658823,1.465214326105918,0.3537978726599642,0.11757922951231649,3.172617052565676
2022-02-18,14.67,20.62,10.46,76.98,1.65,1.2341192740271076,15.04,15.04,36.15162444959715,29.12519472157345,11.5808,2.0494873315043383,9.531312668495662,1.847937694950291,1.422542437572734,0.425395257377557,0.11927834553949893,2.893143061947357
2022-02-19,13.47,17.44,10.92,84.76,1.49,1.1144471020002367,11.62,11.62,36.21850306458432,29.17907480895171,8.9474,1.0949418025001698,7.85245819749983,1.649087257294235,1.3977663592825937,0.25132089801164126,0.10746435341936283,2.2235725821134364
2022-02-20,13.89,19.61,9.49,75.88,1.5,1.121926612751916,16.03,16.03,36.28458662517211,29.23231436870366,12.343100000000002,2.35650703750196,9.986592962498042,1.734522208162713,1.3161554515538665,0.4183667566088465,0.11265413233273637,2.9570722916221652
2022-02-21,14.01,19.75,10.02,73.1,1.91,1.4285865535707731,18.04,18.04,36.34981200709474,29.284862545395807,13.8908,2.9462739651310397,10.94452603486896,1.7659739706760933,1.290926972564224,0.47504699811186923,0.11458735948797424,3.2991096449385466
2022-02-22,14.21,20.67,9.09,73.25,2.42,1.8100416019064245,18.8,18.8,36.41411718995662,29.336669372916653,14.476,3.1268860016332,11.3491139983668,1.7960486563607998,1.315605640784286,0.4804430155765138,0.11635352297998276,3.4505770039532955
2022-02-23,14.99,22.32,9.56,73.29,2.07,1.548258725597644,18.55,18.55,36.47744133281127,29.38768583536607,14.2835,2.9820401094030253,11.301459890596975,1.9440818705190392,1.4248176029034039,0.5192642676156354,0.12516601653358028,3.5135751535457564
2022-02-24,14.57,20.54,11.7,81.32,1.97,1.4734636180808498,14.59,14.59,36.53972484840583,29.437863926869674,11.2343,1.8228218102890021,9.411478189710998,1.8963272397773376,1.5420933113869308,0.3542339283904068,0.12249894635519853,2.8184205095557946
2022-02-25,14.35,20.19,10.52,80.15,2.45,1.8324801341614632,17.03,17.03,36.60090947597185,29.48715671022196,13.113100000000001,2.4999842036519584,10.613115796348042,1.818668798716874,1.4576630421715746,0.3610057565452993,0.11768786943414472,3.1110964555487786
2022-02-26,14.26,19.76,10.97,86.44,3.13,2.341086865275665,14.75,14.75,36.66093835244384,29.535518374262857,11.3575,1.8204037367304449,9.537096263269556,1.8069328421075572,1.5619127487177724,0.2450200933897848,0.11701210534603665,2.6622697549591043
2022-02-27,14.1,18.8,10.85,88.87,3.36,2.5131156125642917,12.37,12.37,36.719756081989004,29.582904289893623,9.524899999999999,1.2033573871580463,8.321542612841952,1.7349037183810414,1.5418089345252315,0.19309478385580991,0.11249074297577967,2.2553055611809
2022-02-28,13.57,18.4,10.25,88.18,2.91,2.1765376287387173,9.68,9.68,36.77730880373283,29.62927106463932,7.4536,0.5173924287189776,6.936207571281022,1.6825805642737857,1.483699541576624,0.19888102269716157,0.10955958094458022,1.9418450812888546
2022-03-01,13.7,18.65,10.22,86.69,2.9,2.1690581179870376,11.78,11.78,36.83354425756801,29.67457659566709,9.070599999999999,1.0623555509579532,8.008244449042046,1.6980257976466555,1.4720185639798857,0.22600723366676978,0.11045078203133274,2.2404732864782155
2022-03-02,13.92,18.62,10.7,87.49,2.4,1.795082580403066,10.06,10.06,36.888411847936126,29.71878012117126,7.746200000000001,0.6070356346860359,7.139164365313965,1.7163008642469644,1.501591626129669,0.21470923811729548,0.11144406699944126,2.025348464348453
2022-03-03,13.61,16.61,11.11,91.35,2.71,2.026947413705128,14.08,14.08,36.9418627054746,29.761842270038557,10.8416,1.6377389616329283,9.203861038367071,1.6063484396356484,1.4673992996071648,0.1389491400284837,0.10456245441122052,2.3407128021601413
2022-03-04,14.11,20.26,10.51,84.99,2.19,1.6380128546177974,12.8,12.8,36.99384974642405,29.80372510970907,9.856000000000002,1.296490481543002,8.559509518457,1.8233728605601596,1.5496845941900796,0.2736882663700799,0.11821765610400177,2.486903603921946
2022-03-05,13.94,18.65,11.5,89.03,2.21,1.6529718761211565,16.24,16.24,37.044327729694935,29.844392192151428,12.5048,2.150622852783989,10.35417714721601,1.7534270122702913,1.5610760690242405,0.19235094324605084,0.11383664228552717,2.797209240521898
2022-03-06,13.75,17.91,11.09,88.21,1.7,1.271516827785505,12.78,12.78,37.09325331149572,29.883808597873415,9.8406,1.292790104480694,8.547809895519306,1.6864631373190768,1.4876291334291576,0.19883400388991923,0.1096549788515572,2.3543752132013984
2022-03-07,12.25,16.9,7.17,86.71,0.95,0.7105535214095469,15.07,15.07,37.1405850974287,29.921940977892458,11.603900000000001,1.9506590090479294,9.65324099095207,1.469548638657723,1.2742456245801115,0.19530301407761153,0.09670318328100737,2.567998707787855
2022-03-08,13.4,17.75,10.61,85.65,1.26,0.9424183547116096,15.04,15.04,37.186283691963666,29.95875759359361,11.5808,1.9000094055846195,9.680790594415381,1.6554180020945533,1.417865518793985,0.23755248330056822,0.10793715327570999,2.6825698024742373
2022-03-09,13.74,18.68,10.39,83.77,1.75,1.3089143815439022,20.04,20.04,37.230311745204304,29.994228354406395,15.4308,3.2035958649774163,12.227204135022584,1.7071658311536582,1.4300928167574194,0.27707301439623877,0.11100992554319616,3.3694111245587144
2022-03-10,13.61,17.19,10.74,88.13,1.86,1.391188999812376,13.67,13.67,37.27263399686626,30.028324853235336,10.5259,1.5213011995105967,9.004598800489404,1.6256914272976504,1.4327218548774192,0.19296957242023116,0.10582155250954073,2.4287362380362865
2022-03-11,13.61,17.05,11.3,90.34,1.87,1.3986685105640555,16.91,16.91,37.31321731739134,30.06102039958316,13.0207,2.320791454824356,10.699908545175644,1.641499963286466,1.4829310668329934,0.1585688964534726,0.10685058163102673,2.8099068923656083
2022-03-12,12.71,15.37,10.44,91.27,1.18,0.882582268698174,14.77,14.77,37.35203074612688,30.09229005030966,11.3729,1.8061773044012666,9.566722695598733,1.5055185877637096,1.3740868150519379,0.13143177271177175,0.09870594612887107,2.496926312757052
2022-03-13,12.82,16.46,9.42,87.38,1.3,0.9723363977183274,17.79,17.79,37.38904552650468,30.122110637973233,13.6983,2.622276445082116,11.076023554917883,1.526724122431357,1.3340515381805196,0.19267258425083744,0.10000821633000936,2.926862819090316
2022-03-14,12.9,16.32,10.7,92.53,1.28,0.9573773762149684,14.92,14.92,37.424235138159645,30.150460796706938,11.4884,1.8039185691192696,9.68448143088073,1.571275472245997,1.453901194469221,0.11737427777677589,0.10286074713792666,2.539889793709553
2022-03-15,13.9,19.52,10.0,85.56,2.07,1.548258725597644,19.62,19.62,37.45757532593354,30.177320985585098,15.107400000000002,3.0053487461823187,12.102051253817683,1.7488308587972585,1.4962996827869344,0.25253117601032415,0.11357441065292906,3.3127176477711866
2022-03-16,14.28,19.93,9.92,84.39,2.59,1.9371932846849749,18.34,18.34,37.489044125715324,30.202673509441293,14.1218,2.680606896274115,11.441193103725885,1.7747817143070241,1.4977382887036976,0.2770434256033265,0.11491181228285673,3.168993249423263
2022-03-17,14.3,19.56,10.84,86.62,3.09,2.311168822268947,17.25,17.25,37.51862188707525,30.226502537103304,13.2825,2.366570888856863,10.915929111143138,1.7870820877272724,1.5479705043893635,0.23911158333790894,0.11568982985058363,2.9675331365096884
2022-03-18,14.08,19.27,10.07,86.51,2.86,2.13914007498032,19.64,19.64,37.54629129265618,30.248794117015525,15.122800000000002,2.990530073753934,12.132269926246067,1.7342078091103459,1.5002631756613605,0.23394463344898542,0.1124635136290369,3.2310126682463336
2022-03-19,14.2,19.15,10.15,87.12,3.25,2.4308409942958185,20.9,20.9,37.57203737429163,30.26953619022431,16.093,3.2981930423979904,12.79480695760201,1.7292005950295133,1.506479558389712,0.22272103663980136,0.11203180975271149,3.3322639377871988
2022-03-20,14.38,19.82,10.58,87.45,2.9,2.1690581179870376,20.14,20.14,37.59584752582616,30.288718600706588,15.507800000000001,3.0610738648013514,12.44672613519865,1.7944328221422792,1.5692315029634232,0.225201319178856,0.11609185423886416,3.3194116030475587
2022-03-21,14.47,19.39,11.37,88.96,3.16,2.363525397530703,19.5,19.5,37.61771151262036,30.30633310302747,15.015,2.874905592707636,12.140094407292365,1.7983905349101479,1.5998482198560675,0.19854231505408038,0.11626473402660809,3.1828838286658585
2022-03-22,14.75,19.73,11.35,85.43,3.27,2.4458000157991773,17.6,17.6,37.637621477728665,30.322373367317322,13.552000000000001,2.4450595652663956,11.106940434733605,1.8215263928609584,1.556129997421117,0.2653963954398415,0.1174989589699982,3.063328335307102
2022-03-23,13.97,19.14,10.95,85.34,2.83,2.1167015427252815,16.22,16.22,37.65557194474503,30.336834981564383,12.4894,2.119252216836234,10.370147783163766,1.762508388691296,1.504124658909152,0.2583837297821441,0.11439890493170454,2.872710464016978
2022-03-24,13.63,18.55,9.98,83.52,3.19,2.3859639297857416,17.32,17.32,37.6715598173174,30.34971545122359,13.336400000000001,2.4525044855996736,10.883895514400328,1.681386906576019,1.404294344372291,0.2770925622037279,0.10942950683027186,2.978926687147892
2022-03-25,14.31,19.95,10.33,85.8,3.02,2.258812247007191,18.1,18.1,37.68558437533883,30.361014196147973,13.937000000000001,2.566898961163645,11.370101038836356,1.7932181393980229,1.5385811636035036,0.25463697579451927,0.11607783034371792,3.106811302891762
2022-03-26,14.45,19.39,10.68,87.77,2.88,2.154099096483679,14.66,14.66,37.69764726782896,30.370732544853727,11.2882,1.6917460196995473,9.596453980300453,1.768240686360742,1.5519848504188232,0.21625583594191888,0.11433373074013302,2.618369293193014
2022-03-27,14.22,18.22,11.36,88.94,2.94,2.1989761609937557,12.92,12.92,37.70775250252634,30.37887372613532,9.9484,1.2622024578433169,8.686197542156682,1.7185864500939716,1.5285107887135783,0.19007566138039333,0.11132643161393446,2.340461787895834
2022-03-28,13.92,17.89,11.16,89.49,3.21,2.4009229512891004,15.33,15.33,37.715906432217835,30.385442858051977,11.8041,1.868720930018304,9.935379069981696,1.6882489126014804,1.5108139518870647,0.17743496071441567,0.10962257774673029,2.5806838039894067
2022-03-29,13.87,18.62,10.39,89.06,2.6,1.9446727954366547,16.2,16.2,37.72211773783801,30.390446934311818,12.474,2.0822414585071716,10.391758541492829,1.7031311142030416,1.5168085703092289,0.18632254389381275,0.11063295332573918,2.747270090841193
2022-03-30,13.85,19.48,9.42,85.28,2.69,2.01198839220177,15.63,15.63,37.726397408376876,30.39389480808475,12.035100000000002,1.9705487589229507,10.064551241077051,1.7225542184868852,1.4689942375256158,0.2535599809612694,0.11191247218572793,2.779858437107392
2022-03-31,13.17,18.3,10.04,83.51,3.36,2.5131156125642917,16.75,16.75,37.728758717640964,30.39579717328027,12.8975,2.304100707268011,10.59339929273199,1.6672515167469344,1.392321741635365,0.27492977511156935,0.10890846668922684,2.9022675390454626
2022-04-01,13.64,18.74,9.16,83.18,2.75,2.0568654567118463,15.68,15.68,37.72921719791769,30.39616654333041,12.0736,2.027963758731289,10.045636241268712,1.6612655776442606,1.381840707484496,0.2794248701597646,0.10811133571557792,2.789893523928589
2022-04-02,14.23,18.7,9.92,85.88,2.94,2.1989761609937557,16.53,16.53,37.72779061059955,30.39501722752342,12.728100000000001,2.2077884166145405,10.52031158338546,1.6889985991249783,1.4505119969285312,0.23848660219644713,0.10940109321417935,2.834339175860761
2022-04-03,14.5,19.02,11.14,88.05,2.78,2.0793039889668843,14.05,14.05,37.72449891382885,30.392365304937076,10.8185,1.5377876081272195,9.28071239187278,1.762558480799437,1.5519327423439042,0.21062573845553278,0.11392106545842282,2.5356847929366855
2022-04-04,13.99,17.84,10.52,88.53,2.53,1.8923162201748984,15.55,15.55,37.71936422723057,30.38822859602604,11.973500000000001,1.9430967687582699,10.030403231241731,1.6573644434942345,1.4672647418254459,0.19009970166878865,0.10755721757025281,2.6481569245552916
2022-04-05,13.8,18.36,10.18,88.26,3.09,2.311168822268947,15.38,15.38,37.71241079380439,30.38262663192057,11.842600000000001,1.8953100759606665,9.947289924039335,1.6770135611481805,1.4801321690693843,0.19688139207879618,0.10899714015932829,2.620766158408856
2022-04-06,13.49,18.36,9.63,88.86,2.64,1.9745908384433726,17.29,17.29,37.703664939052835,30.37558062149853,13.3133,2.378114045945231,10.93518595405477,1.6545103815338753,1.4701979250310016,0.18431245650287376,0.10780056069951327,2.846258582137675
2022-04-07,13.82,18.3,9.96,88.31,2.53,1.8923162201748984,13.81,13.81,37.69315502742681,30.36711341629614,10.633700000000001,1.5030911245062728,9.130608875493728,1.6639600662778191,1.4694431345299421,0.194516931747877,0.1081315050974708,2.447580960298427
2022-04-08,14.22,18.97,10.27,88.29,2.91,2.1765376287387173,14.14,14.14,37.68091141617381,30.357249473326267,10.8878,1.5715491666006876,9.316250833399312,1.7218207310109404,1.5201955234095592,0.20162520760138114,0.11153594155933379,2.5090356933698623
2022-04-09,14.48,19.82,10.5,86.32,3.13,2.341086865275665,18.09,18.09,37.66696640667881,30.346014815876718,13.9293,2.5606101453899175,11.368689854610082,1.7910352106888008,1.5460215938665727,0.2450136168222281,0.11578001981366032,3.0820971940508204
2022-04-10,14.53,19.16,11.09,87.47,2.89,2.1615786072353584,19.2,19.2,37.65135419339127,30.333436992363744,14.783999999999999,2.8360348235622377,11.947965176437762,1.7700057718505495,1.5482240486376755,0.22178172321287404,0.1143751576453223,3.1815401679649935
2022-04-11,14.61,18.73,11.2,89.15,3.29,2.460759037302536,14.93,14.93,37.63411081043527,30.31954503331907,11.4961,1.7605696890204034,9.735530310979597,1.745459580988738,1.55607721645146,0.18938236453727808,0.1127173927755301,2.5743086420254793
2022-04-12,14.15,18.19,10.49,84.25,3.93,2.9394477254100204,15.48,15.48,37.61527407600342,30.304369406591398,11.9196,1.9758358523150858,9.943764147684915,1.678822886067873,1.4144082815121832,0.2644146045556899,0.10881118879528194,2.723993752411849
2022-04-13,14.11,18.22,11.68,87.57,3.51,2.6253082738394835,16.35,16.35,37.59488353463788,30.28794197084566,12.589500000000001,2.1453287903456792,10.444171209654321,1.732977587700828,1.517568473549615,0.2154091141512129,0.11235691444690105,2.771760009246018
2022-04-14,13.69,18.72,10.23,81.25,2.74,2.049385945960167,19.19,19.19,37.57298039750464,30.270295927445638,14.7763,2.979991014405481,11.79630898559452,1.703158910996498,1.3838166151846545,0.3193422958118435,0.11079350152476869,3.283432089442713
2022-04-15,14.4,19.09,10.83,88.47,2.64,1.9745908384433726,14.18,14.18,37.54960748076981,30.25146577080739,10.9186,1.5843399648724974,9.334260035127503,1.75385765076802,1.5516378636344672,0.2022197871335527,0.1134487890425732,2.5378925294663945
2022-04-16,13.48,17.93,10.96,88.93,2.98,2.2288942040004733,13.2,13.2,37.52480914218857,30.231487237312802,10.164,1.35690112564374,8.80709887435626,1.6820751076927976,1.4958693932712048,0.18620571442159273,0.10960529666819195,2.3502718602548693
2022-04-17,13.67,17.97,10.21,85.72,2.04,1.525820193342606,11.76,11.76,37.49863121601945,30.210397252873907,9.0552,1.0168303144608637,8.038369685539136,1.6527245652909548,1.4167154973674065,0.23600906792354825,0.10752979429671952,2.25296142313258
2022-04-18,13.62,17.89,10.45,90.27,2.34,1.750205515892989,11.03,11.03,37.471120946378065,30.188233879240023,8.4931,0.8086566429508116,7.684443357049188,1.6576214898462356,1.4963349188841968,0.1612865709620388,0.10789138415060877,2.0621313258755123
2022-04-19,13.13,17.28,9.86,88.07,1.22,0.9125003117048918,10.21,10.21,37.44232691914562,30.16503625914048,7.861700000000001,0.6176112859811864,7.244088714018814,1.5944355271519808,1.4042193687627493,0.19021615838923145,0.1041852431861174,1.9975933720068322
2022-04-20,13.7,17.48,11.58,89.08,0.78,0.5834018386309965,12.82,12.82,37.41229899254882,30.14084456035703,9.871400000000001,1.271074922597427,8.600325077402575,1.6808265426180888,1.4972802841641937,0.18354625845389516,0.10933202920031314,2.393161413485118
2022-04-21,12.79,15.58,10.97,89.4,0.95,0.7105535214095469,13.82,13.82,37.38108822652764,30.115699918819725,10.6414,1.5636745670673882,9.077725432932613,1.5400880731396165,1.3768387373868172,0.16324933575279932,0.1009078280657565,2.434687512670858
2022-04-22,13.15,18.07,9.73,87.38,0.78,0.5834018386309965,16.09,16.09,37.348746811008944,30.089644380821245,12.3893,2.1376587413970647,10.251641258602936,1.6395061759869565,1.4326004965774024,0.20690567940955407,0.10711318642924343,2.8286146487672155
2022-04-23,13.36,17.89,9.42,86.77,1.0,0.7479510751679441,16.47,16.47,37.31532799320294,30.06272084444402,12.681899999999999,2.2554517053061565,10.426448294693841,1.6154006034802384,1.4016831036398028,0.21371749984043564,0.10536154349154339,2.8493112129934413
2022-04-24,13.75,16.94,10.9,92.04,2.48,1.8549186664165014,13.89,13.89,37.28088600403992,30.034973000294723,10.695300000000001,1.5467268305830997,9.148573169416903,1.6171937479666962,1.4884651256285475,0.12872862233814875,0.10515103609917051,2.332845285149216
2022-04-25,13.08,16.58,10.94,88.92,2.41,1.8025620911547453,13.24,13.24,37.2454759838639,30.00644527164011,10.1948,1.414372053019941,8.78042794698006,1.5971196673120853,1.4201588081739063,0.17696085913817905,0.10440231808821492,2.3191922105329112
2022-04-26,13.7,18.41,8.78,85.65,1.74,1.3014348707922228,17.53,17.53,37.209153907499456,29.977182754037862,13.4981,2.5518002431068822,10.946299756893119,1.6244553282584686,1.3913459886533783,0.23310933960509028,0.1056652741258584,2.9559661055797672
2022-04-27,12.21,15.12,10.21,88.57,1.76,1.3163938922955818,13.23,13.23,37.171976508806544,29.947231154554906,10.187100000000001,1.4488176955918124,8.73828230440819,1.4819579575149198,1.3125701629709645,0.16938779454395525,0.0975510447014747,2.2814768907236167
2022-04-28,13.25,17.69,9.61,90.5,2.29,1.712807962134592,15.25,15.25,37.13400120483719,29.916636730665036,11.7425,1.9207715730987562,9.821728426901243,1.6101687109588654,1.4572026834177731,0.15296602754109223,0.10511253812770444,2.54142286652223
2022-04-29,13.15,17.09,9.7,89.57,3.22,2.40840246204078,14.48,14.48,37.09528601970649,29.88544622891634,11.149600000000001,1.7475462256022622,9.40205377439774,1.5761513234315303,1.4117587403976217,0.16439258303390858,0.10297404975970242,2.387089260115575
2022-04-30,12.68,16.08,10.56,90.09,2.97,2.221414693248794,14.88,14.88,37.055889508288324,29.853706823457408,11.457600000000001,1.8617290920020488,9.595870907997952,1.5512045171409996,1.3974801494923268,0.1537243676486728,0.1017256532333742,2.4159827402019456
2022-05-01,13.06,17.77,9.15,88.04,2.47,1.8474391556648222,20.18,20.18,37.015870679844795,29.82146605451016,15.5386,3.2488625696843805,12.28973743031562,1.5970375190257213,1.4060318317502452,0.19100568727547618,0.10441362828591544,3.1556006332190942
2022-05-02,13.87,18.6,9.37,88.78,2.62,1.9596318169400135,17.68,17.68,36.975288921695714,29.788771766874937,13.6136,2.561485268220718,11.052114731779282,1.6601136649115058,1.4738489117084348,0.186264753203071,0.10783860154625811,2.8781104302436735
2022-05-03,13.86,18.51,9.57,86.57,3.03,2.2662917577588706,23.29,23.29,36.934203923032555,29.755672048551947,17.9333,4.061961172252737,13.871338827747262,1.6620680777338683,1.43885233489421,0.2232157428396584,0.1079741549228048,3.557178782384286
2022-05-04,13.46,17.97,8.71,84.59,2.77,2.071824478215205,21.71,21.71,36.89267559897884,29.722215169561313,16.7167,3.7352623843910537,12.981437615608947,1.592930349716823,1.3474597828254609,0.24547056689136215,0.10381311403760927,3.3711404363420536
2022-05-05,13.4,17.59,10.51,92.02,2.68,2.00450888145009,11.77,11.77,36.850764014995754,29.68844952104118,9.062899999999999,1.038799735706991,8.024100264293008,1.6409709938991917,1.5100215085860362,0.13094948531315542,0.10699517430968139,2.0744166685762075
2022-05-06,13.3,16.95,9.85,88.87,2.1,1.5706972578526825,12.28,12.28,36.80852931172983,29.65442355470202,9.4556,1.2066922290019397,8.248907770998061,1.5736360380439145,1.3984903470096268,0.17514569103428768,0.10268668020221478,2.192862618713579
2022-05-07,13.04,17.35,9.2,90.14,2.67,1.9970293706984108,10.31,10.31,36.76603163039567,29.62018572271197,7.938700000000001,0.6867096474860692,7.251990352513932,1.5723964627458673,1.4173581715191248,0.1550382912267425,0.10281903332459409,1.9113968719453853
2022-05-08,14.09,18.41,10.96,89.88,1.89,1.4136275320674143,17.28,17.28,36.72333103878469,29.5857844180865,13.305600000000002,2.4562539522181988,10.849346047781804,1.7135148287271553,1.5401071280599672,0.17340770066718814,0.11111273181762381,2.8986251013222444
2022-05-09,13.56,17.86,10.23,89.71,2.12,1.5856562793560416,13.91,13.91,36.68048745798639,29.551267915652154,10.710700000000001,1.6192030379502236,9.091496962049778,1.646453768162734,1.4770336754187887,0.16942009274394532,0.10721576744238491,2.4167976455817617
2022-05-10,13.68,17.88,10.14,89.15,1.76,1.3163938922955818,17.71,17.71,36.63756058990696,29.516684313652647,13.636700000000001,2.618200964253162,11.018499035746839,1.643998839598713,1.4656249655022529,0.17837387409646022,0.10695355654040044,2.922026796045064
2022-05-11,13.38,16.02,11.35,94.22,2.03,1.5183406825909262,15.9,15.9,36.59460984566527,29.48208147606177,12.243,2.122584000343714,10.120415999656286,1.5820896820515769,1.4906448984289957,0.09144478362258113,0.10317243491587295,2.5366473447556714
2022-05-12,13.42,17.66,10.23,91.4,2.37,1.7726440481480275,18.4,18.4,36.55169427494382,29.44750697566574,14.168,2.7802205143415932,11.387779485658406,1.6336465494976822,1.4931529462408815,0.14049360325680071,0.10650061008471579,2.898512323214536
2022-05-13,13.67,17.48,9.86,91.33,2.79,2.086783499718564,15.45,15.45,36.508872496368426,29.413008037974258,11.8965,2.032924899418836,9.863575100581164,1.6069767009384668,1.4676518209671017,0.1393248799713651,0.10455334041768417,2.4862357941046542
2022-05-14,14.13,18.11,10.75,89.7,2.7,2.019467902953449,15.79,15.79,36.46620262898712,29.378631486017184,12.158299999999999,2.1170553611177096,10.04124463888229,1.6846830482397093,1.5111606942710194,0.17352235396868987,0.10920838110365909,2.626733828922162
2022-05-15,13.36,16.36,10.75,92.62,2.14,1.6006153008594004,16.32,16.32,36.4237422249149,29.344423686080443,12.5664,2.2704150921378567,10.295984907862143,1.57578949422537,1.459496229551538,0.11629326467383216,0.10277798149366268,2.5957885527733042
2022-05-16,13.62,18.22,9.98,91.72,2.68,2.00450888145009,14.7,14.7,36.381548203207984,29.31043049443248,11.318999999999999,1.828794576338447,9.490205423661552,1.659515671885793,1.5221077742536493,0.13740789763214378,0.10801467280446184,2.4328740394535355
2022-05-17,13.76,17.35,10.56,92.03,2.6,1.9446727954366547,14.89,14.89,36.3396767850272,29.276697205089317,11.465300000000001,1.8928800251602607,9.57241997483974,1.6279693402387037,1.4982201838216789,0.12974915641702478,0.10584324021630177,2.4290770917577875
2022-05-18,13.59,17.08,11.03,90.83,2.3,1.7202874728862712,9.08,9.08,36.29818343014713,29.24326849866373,6.9916,0.3916366604241529,6.599963339575847,1.6314545979178556,1.4818502112887881,0.1496043866290675,0.10621362793633622,1.779777528991411
2022-05-19,13.01,16.22,10.4,92.33,2.75,2.0568654567118463,11.21,11.21,36.25712277486371,29.210188392341202,8.6317,0.957343675127876,7.674356324872124,1.552631483310555,1.4335446485406353,0.11908683476991966,0.10155093862519275,1.9359136833260835
2022-05-20,12.97,17.24,8.27,90.89,2.95,2.2064556717454353,15.97,15.97,36.21654857135004,29.177500191022446,12.2969,2.2320211777494,10.0648788222506,1.5300271350760988,1.3906416630706662,0.1393854720054326,0.10010447676100417,2.481686371625215
2022-05-21,13.12,17.36,8.43,88.74,2.9,2.1690581179870376,17.15,17.15,36.17651362850627,29.145246439669794,13.205499999999999,2.573603363824409,10.63189663617559,1.5434874404588816,1.3696907546632116,0.1737966857956701,0.10086419611794452,2.6799023108109767
2022-05-22,13.03,17.71,7.93,87.46,2.51,1.8773571986715394,20.9,20.9,36.13706975434686,29.113468876892007,16.093,3.6031609325940623,12.489839067405939,1.5471590743367591,1.3531453264149294,0.1940137479218298,0.10117684302998217,3.16906858754177
2022-05-23,13.75,18.11,9.74,89.6,2.15,1.6080948116110796,18.27,18.27,36.09826769996437,29.082208389799295,14.0679,2.826378680601875,11.241521319398124,1.642519639443284,1.4716975969411823,0.17082204250210165,0.10679774276758708,2.9304777918026503
2022-05-24,12.57,16.8,8.73,90.45,2.71,2.026947413705128,14.82,14.82,36.060157105106626,29.051504970158103,11.4114,1.9537127106112244,9.457687289388776,1.5202963990634184,1.375108092952862,0.14518830611055633,0.09978654531863974,2.371921452961738
2022-05-25,12.78,16.04,10.19,92.0,3.12,2.333607354523986,13.94,13.94,36.0227864454006,29.02139767187254,10.7338,1.7084232880732504,9.02537671192675,1.5333111397605523,1.4106462485797082,0.12266489118084412,0.1004718325506718,2.2120847129550176
2022-05-26,12.22,15.6,10.19,91.36,3.39,2.53555414481933,13.3,13.3,35.986202981253406,28.991924569816995,10.241000000000001,1.553999938673965,8.687000061326037,1.5080161319704846,1.377723538168235,0.13029259380224967,0.09925838804501189,2.127348057270321
2022-05-27,11.9,15.33,9.19,91.06,3.17,2.3710049082823828,14.79,14.79,35.95045270845821,28.96312272004227,11.3883,1.9780072484105438,9.410292751589456,1.4523983020010052,1.3225538938021153,0.12984440819888987,0.0958432673415301,2.2684893721845567
2022-05-28,11.74,14.48,8.78,90.98,3.24,2.4233614835441393,15.73,15.73,35.915580310529855,28.93502812137527,12.1121,2.261733074223506,9.850366925776495,1.39009733091539,1.2647105516668218,0.12538677924856811,0.09184995506566718,2.311270208311977
2022-05-29,12.39,16.65,7.74,87.65,2.73,2.041906435208487,14.03,14.03,35.88162911279248,28.907675678430135,10.8031,1.7969172730563425,9.006182726943658,1.47454251453237,1.2924365139876224,0.18210600054474768,0.09692302366270075,2.310986550013646
2022-05-30,12.93,16.81,9.36,90.53,2.88,2.154099096483679,13.79,13.79,35.848641038239016,28.88109916604688,10.6183,1.692915841556882,8.925384158443117,1.5454011479636947,1.3990516592515327,0.1463494887121619,0.10114267434173516,2.254014040720228
2022-05-31,12.92,16.61,9.92,90.65,2.62,1.9596318169400135,17.14,17.14,35.816656565179876,28.855331195171516,13.1978,2.5929196712890703,10.60488032871093,1.555874324388372,1.4104000750580594,0.1454742493303125,0.10183625702713157,2.6567599549582126
2022-06-01,12.86,17.53,8.96,85.28,2.14,1.6006153008594004,19.21,19.21,35.785714686696174,28.830403180189908,14.7917,3.2272483220979202,11.564451677902081,1.5743696753223655,1.3426224591149134,0.2317472162074521,0.10309626542356436,3.0574729688535807
2022-06-02,13.25,18.12,9.9,87.24,2.03,1.5183406825909262,18.68,18.68,35.75585287191024,28.806345307725767,14.3836,3.0179813705735445,11.365618629426455,1.6496860525097912,1.4391861122095417,0.21049994030024943,0.10769224796941637,3.0307244810612346
2022-06-03,12.95,16.61,10.04,91.62,2.15,1.6080948116110796,13.27,13.27,35.72710702908498,28.783186506912028,10.2179,1.5538544733798223,8.664045526620178,1.5608056896258304,1.430010172835186,0.1307955167906445,0.1021345362503495,2.2242017309652047
2022-06-04,12.24,15.85,8.42,91.58,2.22,1.6604513868728359,13.04,13.04,35.699511470561,28.760954421142763,10.040799999999999,1.5214038494293238,8.519396150570675,1.4523916601085003,1.3301002823273647,0.12229137778113564,0.0955818339169516,2.123810172236173
2022-06-05,13.06,16.54,10.03,91.93,2.59,1.9371932846849749,16.25,16.25,35.67309887953911,28.73967538131189,12.512500000000001,2.355909246644807,10.156590753355195,1.5561958666987272,1.43061086025614,0.1255850064425872,0.10174341856707621,2.5238530502917547
2022-06-06,13.58,17.56,10.03,92.07,2.3,1.7202874728862712,17.1,17.1,35.647900278714445,28.719374380543506,13.167000000000002,2.553383403771444,10.613616596228557,1.6190038544857122,1.4906168488249951,0.12838700566071704,0.10541144208868278,2.6949785278306844
2022-06-07,14.15,18.06,10.93,90.54,2.18,1.6305333438661183,15.46,15.46,35.62394500076645,28.70007505041748,11.904200000000001,2.1149216116256095,9.789278388374392,1.6892035952382054,1.5294049351286714,0.15979866010953403,0.10948400384607479,2.585035542814594
2022-06-08,13.41,17.44,9.9,88.29,2.7,2.019467902953449,16.97,16.97,35.60126066070826,28.681799638693008,13.066899999999999,2.5833195721082034,10.483580427891795,1.606091476119309,1.418018164265738,0.18807331185357112,0.10471259380349043,2.717446599420456
2022-06-09,12.81,17.05,9.49,89.97,2.39,1.7876030696513863,12.65,12.65,35.57987313009743,28.664568988531695,9.7405,1.4116397588223708,8.32886024117763,1.56524980910824,1.4082552532546837,0.15699455585355637,0.10254004439279082,2.17226986985034
2022-06-10,13.43,17.03,9.67,90.88,2.96,2.2139351824971145,18.33,18.33,35.55980651310906,28.648402519221182,14.114099999999999,2.934401648602764,11.179698351397235,1.571243538157256,1.4279461274773144,0.14329741067994162,0.10242426529034378,2.7569796189868403
2022-06-11,12.76,16.3,9.14,89.43,2.83,2.1167015427252815,15.6,15.6,35.541083124471584,28.633318208399288,12.012,2.2432388926158504,9.768761107384151,1.5061932573480008,1.3469886300463174,0.1592046273016834,0.09871069267957162,2.4484259176985437
2022-06-12,12.14,16.03,9.0,90.72,2.68,2.00450888145009,14.48,14.48,35.52372346926438,28.61933257577816,11.149600000000001,1.932208161426635,9.217391838573366,1.4849171436362363,1.3471168327067935,0.13780031092944278,0.09780070370171352,2.291678231978333
2022-06-13,12.11,15.19,8.81,92.13,3.06,2.288730290013909,13.66,13.66,35.50774622457585,28.606460668367287,10.5182,1.7141821288543229,8.804017871145678,1.4298631107541524,1.3173328839378005,0.11253022681635194,0.09419735130250827,2.0988435875825036
2022-06-14,12.42,16.53,8.89,90.8,2.36,1.765164537396348,14.97,14.97,35.4931682230202,28.594716047193995,11.526900000000001,2.0589045567232422,9.46799544327676,1.5101593319593534,1.3712246734190927,0.13893465854026066,0.09924030086481465,2.38524315252173
2022-06-15,12.43,16.5,7.75,88.79,2.41,1.8025620911547453,16.79,16.79,35.48000443811007,28.584110775518997,12.9283,2.597249913073622,10.331050086926378,1.465907532129797,1.3015792977780467,0.16432823435175026,0.09632457379309672,2.59146615665805
2022-06-16,13.15,17.34,9.22,90.27,2.44,1.8250006234097835,16.18,16.18,35.46826797148256,28.574655408545212,12.4586,2.371922233037504,10.086677766962497,1.572555931173497,1.4195462390703155,0.15300969210318138,0.10273915346784238,2.5722964604607275
2022-06-17,13.18,16.85,10.42,91.96,2.11,1.578176768604362,11.47,11.47,35.457970041975166,28.566358984616873,8.831900000000001,1.0879373342167036,7.743962665783298,1.5911698377689754,1.4632397828123496,0.1279300549566258,0.10393034825669464,2.0170053136254795
2022-06-18,12.45,15.66,9.76,93.3,3.14,2.3485663760273443,12.62,12.62,35.44911997654829,28.559229017906365,9.7174,1.4114671993739663,8.305932800626033,1.4937629118244793,1.393680796732239,0.10008211509224019,0.09813922691711477,1.9928890488359243
2022-06-19,12.17,15.83,9.36,89.94,2.83,2.1167015427252815,13.55,13.55,35.44172520305091,28.553271492585935,10.4335,1.6932630225740037,8.740236977425997,1.4874592073219206,1.3378208110653353,0.14963839625658526,0.0979445700807503,2.1981450348726925
2022-06-20,11.82,16.0,8.17,89.88,2.77,2.071824478215205,14.73,14.73,35.43579124482528,28.548490858481042,11.3421,2.0279308291297253,9.314169170870276,1.4517699009796585,1.304850787000517,0.14691911397914148,0.09586333898879999,2.3071170764667945
2022-06-21,12.15,15.94,8.19,90.87,2.76,2.0643449674635255,15.5,15.5,35.43132171714735,28.54489002820259,11.935,2.2318233869910817,9.70317661300892,1.4490301021167815,1.3167336537935193,0.13229644832326226,0.09542943336393697,2.363303787710451
2022-06-22,12.27,16.08,8.59,90.3,2.91,2.1765376287387173,17.53,17.53,35.42831832549871,28.542470375754778,13.4981,2.790005106448086,10.708094893551914,1.472122611993949,1.329326718630536,0.14279589336341303,0.09685703708894669,2.603254700407595
2022-06-23,12.85,16.81,9.44,90.89,2.92,2.1840171394903964,14.43,14.43,35.426780865666586,28.54123173661563,11.1111,1.9065404988293617,9.204559501170639,1.5485779741972703,1.407502520747899,0.14107545344937122,0.1014154255919031,2.306637851101683
2022-06-24,12.81,16.43,10.04,91.38,3.08,2.303689311517268,13.28,13.28,35.426707225667904,28.541172409287093,10.2256,1.5919142094470737,8.633685790552926,1.55004500321593,1.4164311239387168,0.13361387927721324,0.10154397241622276,2.1571346290105264
2022-06-25,12.33,16.43,9.45,87.18,2.65,1.9820703491950518,16.83,16.83,35.428093389493796,28.54228915831178,12.9591,2.6179344894411676,10.341165510558831,1.5261319449011062,1.3304818295647847,0.19565011533632148,0.10036227185444459,2.664847756520248
2022-06-26,11.46,14.62,8.41,90.94,2.06,1.540779214845965,11.1,11.1,35.4309334426709,28.544577218753382,8.547,1.0315413663559179,7.515458633644083,1.3835829933803576,1.258230374180097,0.12535261920026053,0.09162543994176228,1.8805940295115506
2022-06-27,12.77,16.63,9.39,88.26,1.64,1.2266397632754282,14.53,14.53,35.43521957963588,28.54803030213785,11.1881,1.9639709034334716,9.224129096566529,1.5357094955132924,1.355417200740032,0.18029229477326036,0.10063703557195167,2.440853245683159
2022-06-28,12.86,16.83,10.18,90.44,2.28,1.7053284513829126,16.26,16.26,35.44094211291941,28.552640603852392,12.5202,2.395943967152056,10.124256032847946,1.5799024406024145,1.4288637672808235,0.15103867332159093,0.10345857387422822,2.5973249383400416
2022-06-29,12.62,16.59,8.72,90.4,2.59,1.9371932846849749,13.49,13.49,35.44808948413629,28.55839881199956,10.3873,1.6640593469494989,8.723240653050501,1.5072378033475378,1.362542974226174,0.14469482912136367,0.09888984766607722,2.206328752191127
2022-06-30,12.34,16.17,9.56,90.79,2.14,1.6006153008594004,14.9,14.9,35.45664827677786,28.565294117703317,11.473,2.0448390375267396,9.42816096247326,1.5151736370348334,1.3756261450639256,0.13954749197090788,0.09963364332555474,2.397177283482376
2022-07-01,12.66,16.58,9.07,89.45,2.31,1.727766983637951,17.62,17.62,35.46660323080322,28.57331422686431,13.567400000000001,2.799801525857456,10.767598474142545,1.520126182920166,1.3597528706220885,0.1603733122980775,0.099703536140864,2.7247311129236995
2022-07-02,13.13,16.71,9.97,92.07,2.9,2.1690581179870376,15.8,15.8,35.47793725902534,28.582445373361175,12.166,2.253421653855268,9.912578346144732,1.563949766095777,1.4399285496443819,0.12402121645139519,0.10219321128814043,2.442404748347928
2022-07-03,12.97,15.99,10.55,91.93,3.99,2.984324789920097,15.55,15.55,35.49063146528806,28.592672333694676,11.973500000000001,2.1962045243878014,9.777295475612199,1.5455428868114724,1.4208175758457866,0.12472531096568584,0.10111961967802569,2.32005963272926
2022-07-04,12.0,16.28,7.39,90.29,3.24,2.4233614835441393,14.26,14.26,35.50466516442995,28.603978443071348,10.9802,1.887201179732788,9.092998820267212,1.440034226130786,1.3002069027734868,0.13982732335729908,0.09495114614034354,2.208654106810364
2022-07-05,12.34,16.85,7.81,89.78,2.49,1.8623981771681808,17.14,17.14,35.52001590403027,28.616345612922945,13.1978,2.664533806830408,10.533266193169593,1.4891758698725965,1.336982095971617,0.15219377390097955,0.09792410179355436,2.626624885074968
2022-07-06,12.62,17.09,8.52,88.77,2.62,1.9596318169400135,16.79,16.79,35.53665948793217,28.629754349857674,12.9283,2.5645574440093646,10.363742555990635,1.5300841137578005,1.3582556677827995,0.17182844597500102,0.10038879371903917,2.632366743781788
2022-07-07,12.53,16.78,9.52,90.97,3.2,2.393443440537421,15.44,15.44,35.55457000153769,28.644183776038826,11.8888,2.1642539141359123,9.724546085864088,1.5499487760217798,1.409988401547013,0.13996037447476684,0.10176539522738653,2.4034722746000323
2022-07-08,11.79,15.31,8.97,92.11,3.34,2.498156591060933,9.33,9.33,35.57371983886859,28.659611650986093,7.1841,0.5195856050643375,6.6645143949356624,1.4427083332581982,1.3288786457641266,0.11382968749407163,0.09528793362485714,1.6399250687035678
2022-07-09,12.15,15.87,8.9,92.27,2.61,1.952152306188334,15.46,15.46,35.594079731386074,28.676014394793878,11.904200000000001,2.179942646556005,9.724257353443996,1.4717854963739367,1.3580164775042314,0.11376901886970536,0.0969280456955656,2.362235476290551
2022-07-10,12.83,16.69,8.5,91.62,2.86,2.13914007498032,16.09,16.09,35.615618778562215,28.693367112760864,12.3893,2.3395619384436874,10.049738061556313,1.5049204313384168,1.3788080991922576,0.12611233214615925,0.09857208122363396,2.4482960766981203
2022-07-11,12.45,16.15,9.89,90.98,2.84,2.124181053476961,11.75,11.75,35.63830448019442,28.711643621423836,9.0475,1.1658959638346214,7.881604036165378,1.5273607100888047,1.3895927740387948,0.13776793605000992,0.10034657985222735,2.0026229404906513
2022-07-12,12.22,16.2,8.82,87.64,2.58,1.9297137739332957,15.85,15.85,35.66210277045354,28.73081647598819,12.2045,2.324188189289048,9.880311810710952,1.4879098185022512,1.304004164935373,0.18390565356687816,0.09793498027630533,2.5248503120299177
2022-07-13,12.78,16.85,9.54,88.99,2.77,2.071824478215205,16.6,16.6,35.68697805365516,28.750856999146745,12.782000000000002,2.4844626041610147,10.297537395838987,1.5550030986415515,1.3837972574811166,0.1712058411604349,0.10189322107637452,2.618843479217766
2022-07-14,13.31,17.77,8.41,88.62,2.26,1.6903694298795535,20.13,20.13,35.7128932417422,28.771735311277187,15.5001,3.4290483421859372,12.071051657814063,1.5687122795260549,1.3901928221159898,0.17851945741006503,0.10235721414502649,3.084781518144417
2022-07-15,13.45,18.24,8.68,84.88,1.97,1.4734636180808498,18.56,18.56,35.739809793465476,28.793420362007527,14.2912,3.04092081370233,11.25027918629767,1.6094093685346706,1.3660666720122285,0.24334269652244211,0.10489543679637188,3.0231708445252483
2022-07-16,12.41,16.33,9.18,89.27,2.27,1.697848940631233,18.82,18.82,35.767687755247806,28.815879963137842,14.4914,3.094841748134356,11.396558251865645,1.5095322769237498,1.3475594636098314,0.16197281331391844,0.09920703917122174,2.871332773371579
2022-07-17,12.01,15.78,9.26,90.62,3.21,2.4009229512891004,15.22,15.22,35.796485803715065,28.839080822905007,11.7194,2.10670601386711,9.61269398613289,1.4806373376045185,1.3417535553372146,0.1388837822673039,0.09762055075792939,2.34203835948648
2022-07-18,11.36,15.23,8.05,89.31,2.91,2.1765376287387173,13.45,13.45,35.826161289876296,28.86298858157594,10.3565,1.6513369654813967,8.705163034518604,1.403595137321976,1.2535508171422567,0.15004432017971925,0.09302548659520825,2.14964974302012
2022-07-19,11.9,15.8,8.27,89.8,2.44,1.8250006234097835,16.2,16.2,35.85667028493292,28.887567848353356,12.474,2.386874564372066,10.087125435627934,1.4439223444300118,1.2966422652981504,0.14728007913186136,0.09528394179954003,2.497931309049803
2022-07-20,12.12,15.75,8.95,89.7,2.51,1.8773571986715394,14.93,14.93,35.887967627694984,28.912782239576188,11.4961,2.030673872268066,9.465426127731934,1.4668211832105449,1.3157386013398586,0.15108258187068624,0.09662434824571713,2.3711614635201417
2022-07-21,12.34,16.91,8.33,90.88,3.01,2.251332736255512,13.46,13.46,35.92000697358067,28.93859441819553,10.3642,1.6008081800220377,8.763391819977963,1.5119124010986305,1.3740259901184353,0.13788641098019516,0.09941919343669316,2.1825346598609188
2022-07-22,13.09,17.61,8.73,89.23,2.48,1.8549186664165014,15.83,15.83,35.952740845172656,28.9649661345049,12.1891,2.2303702893634565,9.958729710636543,1.5706017268086856,1.4014479208313901,0.16915380597729546,0.1026606629200919,2.564025278325813
2022-07-23,13.17,17.25,8.84,90.12,2.47,1.8474391556648222,16.71,16.71,35.986120684302755,28.991858268101673,12.866700000000002,2.459636489869531,10.40706351013047,1.5521763480126216,1.3988213248289747,0.1533550231836469,0.10139150835692241,2.632585653703543
2022-07-24,12.45,16.83,9.65,88.08,2.5,1.8698776879198602,17.31,17.31,36.02009690563397,29.01923087105495,13.3287,2.6455636891611403,10.68313631083886,1.558204825420329,1.3724668102302258,0.18573801519010313,0.10237301765545338,2.7538786990481103
2022-07-25,12.54,16.79,8.22,89.3,2.61,1.952152306188334,13.72,13.72,36.054618951706345,29.0470432122527,10.564400000000001,1.6734890840111896,8.890910915988812,1.500520424705147,1.3399647392616962,0.16055568544345067,0.09851217844488823,2.266384524867539
2022-07-26,13.09,16.68,9.86,89.95,2.58,1.9297137739332957,14.43,14.43,36.089635349410486,29.075253822899064,11.1111,1.842124816376715,9.268975183623285,1.5576356313393571,1.401093250389752,0.15654238094960515,0.10181314828054601,2.372210682161497
2022-07-27,12.49,15.85,9.3,91.17,2.64,1.9745908384433726,14.83,14.83,36.12509376784987,29.10382054313057,11.4191,1.9565948065831558,9.462505193416845,1.4862374876901985,1.355002717527154,0.13123477016304452,0.09761354146641964,2.336378534324587
2022-07-28,12.88,17.55,9.04,86.8,2.18,1.6305333438661183,15.6,15.6,36.16094107755042,29.13270056971772,12.012,2.170932367949787,9.841067632050214,1.5787372498291594,1.3703439328517104,0.208393316977449,0.10336574374100972,2.617335111704778
2022-07-29,12.46,16.53,8.49,88.31,2.46,1.8399596449131423,17.78,17.78,36.197123410972644,29.161850504816,13.690600000000002,2.770651941743901,10.9199480582561,1.4949310061377112,1.3201735715202128,0.17475743461749849,0.09820810526395443,2.7552337757911602
2022-07-30,13.05,17.04,9.13,90.56,2.95,2.2064556717454353,18.17,18.17,36.23358622427908,29.191226405728198,13.990900000000002,2.8131947855290673,11.177705214470935,1.5504143805181414,1.4040552629972287,0.14635911752091268,0.10137352553819648,2.7531293353094757
2022-07-31,12.97,16.56,9.7,90.78,2.93,2.1914966502420765,15.8,15.8,36.27027436030655,29.22078383563737,12.166,2.182667899648052,9.983332100351948,1.5439237263775882,1.4015739588055747,0.14234976757201356,0.10101368351237851,2.478410072179784
2022-08-01,12.77,16.65,9.94,91.23,2.69,2.01198839220177,14.31,14.31,36.30713211268993,29.250477915267513,11.0187,1.774857153029112,9.243842846970889,1.5590997518424012,1.4223667036058227,0.1367330482365785,0.10216982941421597,2.329743942779374
2022-08-02,12.04,15.75,9.31,90.68,2.92,2.1840171394903964,12.02,12.02,36.34410329108076,29.28026337542631,9.2554,1.1864938686607167,8.068906131339283,1.4808900563067475,1.3428711030589588,0.13801895324778868,0.09761371932135941,2.022354396650937
2022-08-03,11.9,15.47,9.07,91.58,2.83,2.1167015427252815,15.68,15.68,36.381131287401445,29.3100946103821,12.0736,2.162097082060943,9.911502917939057,1.4555693783518466,1.333010436694621,0.1225589416572257,0.09605252558566009,2.3917234645150716
2022-08-04,12.26,16.4,8.75,89.26,2.62,1.9596318169400135,16.54,16.54,36.418159143072074,29.339925732024586,12.7358,2.396035782130262,10.339764217869737,1.497040280794461,1.336258154637136,0.160782126157325,0.09850436737717047,2.5921102338936564
2022-08-05,12.02,16.57,7.26,89.36,2.67,1.9970293706984108,16.13,16.13,36.455129617144635,29.369710624756404,12.4201,2.291366273396521,10.128733726603478,1.452719157081482,1.2981498387680122,0.15456931831346976,0.09577218179959858,2.5060155665018704
2022-08-06,11.92,16.35,8.94,88.62,2.56,1.9147547524299369,13.84,13.84,36.491985255275345,29.39940300106003,10.6568,1.6691257167664926,8.987674283233508,1.501375705783372,1.3305191504652245,0.17085655531814758,0.09905936845243105,2.312494670712122
2022-08-07,12.06,16.94,7.47,84.74,2.91,2.1765376287387173,18.01,18.01,36.528668459463745,29.42895645768237,13.867700000000001,2.839198201546213,11.028501798453789,1.482514277016635,1.2562825983438966,0.22623167867273852,0.09770510593764518,2.834223260366319
2022-08-08,12.17,17.14,6.94,90.87,3.33,2.490677080309254,22.2,22.2,36.565121558483455,29.45832453237661,17.094,3.8574146208162485,13.236585379183753,1.4763631311456888,1.3415711772720875,0.13479195387360132,0.09721392791905971,3.093727871034765
2022-08-09,12.0,15.94,8.45,88.8,2.93,2.1914966502420765,12.19,12.19,36.60128687892702,29.487460761138767,9.3863,1.2233743873715162,8.162925612628484,1.458712183130957,1.2953364186202898,0.16337576451066727,0.09618270952442469,2.079178957907311
2022-08-10,11.76,15.83,8.7,88.76,2.96,2.2139351824971145,12.77,12.77,36.63710681678419,29.516318735874016,9.8329,1.376326616387872,8.456573383612128,1.461818027786644,1.2975096814634253,0.16430834632321867,0.09657335072798587,2.146645815832413
2022-08-11,12.36,17.18,8.07,88.46,2.66,1.9895498599467312,17.21,17.21,36.67252390947004,29.544852162425443,13.251700000000001,2.5402673558636337,10.711432644136368,1.5189188540421075,1.3436356182856484,0.1752832357564591,0.09986391656659394,2.7093744383618144
2022-08-12,13.09,17.12,9.51,91.09,2.36,1.765164537396348,17.04,17.04,36.70748090821707,29.573014918896003,13.1208,2.4407144337250997,10.680085566274899,1.5703669739441928,1.4304472765657652,0.13991969737842758,0.10264531855603076,2.6966198044743646
2022-08-13,12.83,16.63,9.69,89.45,1.79,1.3388324245506198,15.28,15.28,36.741920850742154,29.60076111419191,11.7656,2.005109317960679,9.76049068203932,1.5477218544757156,1.3844371988285278,0.16328465564718786,0.10137556855101691,2.547458526669551
2022-08-14,12.13,15.56,9.15,91.17,2.59,1.9371932846849749,12.48,12.48,36.77578713409737,29.628045146714207,9.6096,1.2709645930763653,8.338635406923634,1.4637780790568087,1.3345264746760923,0.12925160438071637,0.0964161575563001,2.0761648265264294
2022-08-15,11.99,16.45,6.91,87.11,2.49,1.8623981771681808,15.12,15.12,36.80902358761094,29.654821763122875,11.6424,2.007691256569483,9.634708743430517,1.433448238553697,1.2486767606041256,0.1847714779495715,0.09452447070250815,2.4473786461764075
2022-08-16,12.71,17.21,8.51,87.66,2.09,1.5632177471010031,17.28,17.28,36.8415745458223,29.681046117096276,13.305600000000002,2.542506000101359,10.763093999898643,1.5371368063355138,1.3474541244337113,0.18968268190180249,0.10077892364266926,2.7928726566417748
2022-08-17,13.09,17.59,8.84,88.34,2.62,1.9596318169400135,23.43,23.43,36.87338492131364,29.70667382800712,18.0411,4.12910395515893,13.91199604484107,1.5735437477337537,1.390068546747998,0.18347520098575565,0.10285296489794978,3.485299245209168
2022-08-18,13.28,18.77,8.86,85.17,2.51,1.8773571986715394,25.01,25.01,36.90440027733773,29.731661039434368,19.257700000000003,4.552522379515369,14.705177620484633,1.6516538273777082,1.4067135647775941,0.24494026260011403,0.10779488967021758,3.8364146683162677
2022-08-19,12.73,16.58,8.66,87.26,2.97,2.221414693248794,22.45,22.45,36.93456690014071,29.755964477429362,17.2865,3.9311026205313127,13.355397379468688,1.504353616874683,1.3126989660848483,0.19165465078983468,0.09861378922178742,3.285983226862388
2022-08-20,11.82,14.68,9.37,91.11,3.07,2.2962098007655882,13.14,13.14,36.963831870876525,29.779541508452965,10.1178,1.43928617996015,8.67851382003985,1.4238015695517752,1.2972256100186224,0.12657595953315282,0.0940165328008407,2.0973826479175712
2022-08-21,12.01,16.09,8.59,91.07,2.74,2.049385945960167,14.69,14.69,36.99214313700857,29.802350196899585,11.3113,1.8295217619593758,9.481778238040624,1.4727060809238897,1.3411934278973863,0.1315126530265034,0.09709763158947309,2.3294494862602426
2022-08-22,11.64,15.5,8.66,90.21,2.5,1.8698776879198602,11.37,11.37,37.01944958309306,29.824349362123098,8.7549,0.9647129726357293,7.79018702736427,1.4414893019190886,1.30036749926121,0.14112180265787866,0.09532218904716494,1.9706791333078735
2022-08-23,11.72,17.11,7.08,84.3,2.37,1.7726440481480275,19.91,19.91,37.04570110083742,29.84549863487866,15.3307,3.288802585680611,12.04189741431939,1.4793268401473636,1.2470725262442275,0.2322543139031361,0.0977614497795118,3.103196993711277
2022-08-24,11.65,16.05,7.58,86.83,2.69,2.01198839220177,17.84,17.84,37.07084865832645,29.86575851309412,13.7368,2.7164857589274782,11.020314241072523,1.4332837621205383,1.2445202906492634,0.18876347147127492,0.09477196242164414,2.7511765871844354
2022-08-25,12.62,17.1,8.27,88.18,2.49,1.8623981771681808,14.03,14.03,37.09484436830881,29.885090416884314,10.8031,1.6543512005133938,9.148748799486606,1.5213498351157972,1.3415262846051101,0.1798235505106871,0.0998157378399586,2.3720040665146467
2022-08-26,12.5,16.78,8.19,88.63,2.34,1.750205515892989,13.91,13.91,37.11764155543567,29.903456742721193,10.710700000000001,1.6230791257777726,9.087620874222228,1.4988042310712797,1.3283901899984754,0.17041404107280433,0.09843102246296802,2.340491231911462
2022-08-27,12.25,16.54,9.0,89.31,2.6,1.9446727954366547,16.11,16.11,37.13919482234378,29.920820916673044,12.4047,2.190212900240103,10.214487099759896,1.5150094115949835,1.35305490549548,0.16195450609950357,0.09969471506280918,2.577969124218924
2022-08-28,11.31,15.52,8.15,86.41,2.87,2.1466195857319996,15.7,15.7,37.1594601144754,29.937147446625964,12.089,2.14112278480536,9.94787721519464,1.4235302493218878,1.2300724884390433,0.1934577608828445,0.09438467116087608,2.511722482141356
2022-08-29,11.29,14.99,8.55,91.94,3.44,2.572951698577728,11.04,11.04,37.17839478352809,29.95240197340157,8.5008,0.8623106468399409,7.638489353160059,1.4089356232789325,1.2953754120426504,0.11356021123628213,0.09343203223519343,1.8270350644608198
2022-08-30,12.15,16.75,7.8,89.06,2.57,1.9222342631816163,18.19,18.19,37.19595764942797,29.96655132068515,14.006300000000001,2.7407958776519905,11.26550412234801,1.4827427480075968,1.3205306913755657,0.1622120566320311,0.0976496623915188,2.798523896513995
2022-08-31,13.08,17.41,8.82,89.28,2.29,1.712807962134592,15.32,15.32,37.2121090607216,29.979563543679753,11.7964,1.9579233087352441,9.838476691264756,1.5614137716119192,1.3940302152951216,0.16738355631679758,0.1020682548637684,2.5414339478640633
2022-09-01,13.56,17.37,10.23,89.9,1.87,1.3986685105640555,14.87,14.87,37.22681095328254,29.991407976402545,11.4499,1.8202917050365435,9.629608294963456,1.6153254979747929,1.452177622679339,0.16314787529545383,0.10518871910255922,2.540209114839972
2022-09-02,13.69,18.28,10.4,89.62,2.45,1.8324801341614632,16.15,16.15,37.24002690723034,30.00205527754105,12.4355,2.1244148145450814,10.311085185454917,1.6809377184439978,1.5064563832695108,0.17448133517448694,0.10934797362067714,2.7106008802615316
2022-09-03,12.54,15.83,10.35,93.09,3.64,2.7225419136113165,15.82,15.82,37.25172220196196,30.011477474788634,12.1814,2.0610272450388054,10.120372754961195,1.5278490352071525,1.4222746668743382,0.1055743683328143,0.10030635659141593,2.3710230338678686
2022-09-04,12.05,15.73,8.52,89.99,2.93,2.1914966502420765,11.23,11.23,37.26186386919718,30.019648007580017,8.6471,0.9076890901870576,7.739410909812943,1.4492621274720896,1.3041909885121334,0.14507113895995616,0.09552128412767316,1.9486421787271277
2022-09-05,12.11,16.13,8.62,89.26,2.83,2.1167015427252815,12.94,12.94,37.27042074394258,30.0265417681499,9.963799999999999,1.3558346427334718,8.607965357266528,1.4761795512565157,1.317637867451566,0.1585416838049496,0.09724861263253987,2.179692094365862
2022-09-06,12.26,16.13,8.44,89.75,2.74,2.049385945960167,14.46,14.46,37.27736351328091,30.032135140839635,11.134200000000002,1.7520779819639987,9.382122018036004,1.469391991411677,1.3187793122919802,0.1506126791196969,0.09668512624541765,2.3370073756790353
2022-09-07,13.22,17.76,9.64,89.5,2.56,1.9147547524299369,14.67,14.67,37.2826647628958,30.036406039579372,11.2959,1.764943692534451,9.530956307465548,1.6158498505424794,1.446185616235519,0.16966423430696054,0.10550867045854984,2.4829796352759534
2022-09-08,13.17,17.69,9.37,87.69,2.24,1.675410408376195,19.07,19.07,37.286299021245064,30.039333943475874,14.683900000000001,2.928116903418027,11.755783096581974,1.6005872515523063,1.4035549608862175,0.19703229066608885,0.10455381303776283,3.0607363519352515
2022-09-09,13.29,17.59,9.58,89.58,3.09,2.311168822268947,15.07,15.07,37.288242801298885,30.040899930438435,11.603900000000001,1.8705831366662982,9.733316863333703,1.602602248851937,1.435611094521565,0.16699115433037193,0.1045851996128235,2.485347990685271
2022-09-10,13.09,16.92,10.29,91.37,3.61,2.700103381356278,15.42,15.42,37.2884746397636,30.041086708779147,11.8734,1.9489250990825484,9.924474900917453,1.5899789032947167,1.4527637239403828,0.13721517935433392,0.10392723085365556,2.429277393193924
2022-09-11,12.97,17.43,8.61,87.12,2.7,2.019467902953449,19.23,19.23,37.286975133714705,30.039878646725917,14.8071,2.9985522497637422,11.808547750236258,1.5546639890522282,1.3544232672623013,0.2002407217899269,0.10171638240619067,3.0132491620757955
2022-09-12,13.62,17.72,9.64,88.01,2.6,1.9446727954366547,15.98,15.98,37.2837269745678,30.0372617997908,12.3046,2.118975954365967,10.185624045634034,1.613291241502297,1.4198576216461718,0.19343361985612528,0.10500601382760974,2.66572543518363
2022-09-13,12.72,17.54,9.53,83.36,2.71,2.026947413705128,18.6,18.6,37.27871497932,30.033223935939365,14.322000000000001,2.8764688864893646,11.445531113510636,1.597430920369078,1.3316184152196635,0.26581250514941446,0.10472359414146605,3.066984292698919
2022-09-14,12.54,17.04,8.77,86.88,2.51,1.8773571986715394,17.16,17.16,37.271926118998934,30.027754558510303,13.2132,2.4698437742102106,10.743356225789789,1.5364951668298696,1.3349070009417907,0.20158816588807893,0.10087399249110218,2.7786201653200813
2022-09-15,13.55,17.15,10.47,89.73,2.69,2.01198839220177,17.84,17.84,37.26334954426144,30.020844926838784,13.7368,2.583154894356512,11.153645105643488,1.6117013863020722,1.4461796539288494,0.16552173237322276,0.10496108775017865,2.8373115893057506
2022-09-16,13.29,17.35,9.93,90.92,3.0,2.243853225503832,13.5,13.5,37.252976608088645,30.012488074540535,10.395,1.461173043709242,8.933826956290758,1.6016714062908395,1.4562396425996311,0.14543176369120836,0.10452445318923011,2.2717252270325243
2022-09-17,13.17,17.04,9.71,87.44,2.55,1.9072752416782572,18.95,18.95,37.24080088552957,30.002678825418048,14.5915,2.923254933893209,11.668245066106792,1.5734746173600893,1.375846205419662,0.19762841194042724,0.10278275726836002,2.998853395954052
2022-09-18,13.42,17.62,9.59,88.88,2.21,1.6529718761211565,17.55,17.55,37.22681819045029,29.99141380695437,13.5135,2.523663853207806,10.989836146792195,1.604908434698324,1.4264426167598703,0.17846581793845373,0.1046271162376181,2.8561468348128813
2022-09-19,12.95,18.12,8.47,85.92,2.01,1.5033816610875674,15.69,15.69,37.211026589251105,29.97869146136426,12.0813,2.077336321168355,10.003963678831646,1.593605176122662,1.3692255673245912,0.22437960879807073,0.10428083823071105,2.6922986109059255
2022-09-20,13.77,18.08,9.83,86.34,1.79,1.3388324245506198,18.95,18.95,37.193426411520086,29.964512054177042,14.5915,2.910564988457197,11.680935011542804,1.6442190165391741,1.4196186988799229,0.22460031765925126,0.10689120567995797,3.1348449415349826
2022-09-21,13.1,16.84,10.75,90.42,1.92,1.4360660643224528,14.12,14.12,37.174020257596155,29.948877680329765,10.872399999999999,1.633187376877709,9.23921262312229,1.604613465842128,1.450891495814452,0.15372197002767596,0.10487542588441626,2.428266784193407
2022-09-22,13.1,17.38,9.82,85.02,1.37,1.0246929729800835,14.71,14.71,37.15281300302123,29.931792267754023,11.3267,1.8388997859584986,9.487800214041503,1.5990584953339086,1.3595195327328888,0.2395389626010198,0.10451236031739564,2.6065839797350954
2022-09-23,13.5,18.32,10.34,84.47,2.1,1.5706972578526825,18.08,18.08,37.12981179986646,29.913261578444416,13.9216,2.705695872540547,11.215904127459453,1.6810534991277026,1.4199858907131704,0.26106760841453225,0.1095212582801276,3.0705037125472727
2022-09-24,12.81,17.23,9.39,88.7,2.49,1.8623981771681808,18.26,18.26,37.105026074923146,29.893293207001083,14.060200000000002,2.740456491688123,11.319743508311879,1.5724073625081885,1.394725330544763,0.17768203196342536,0.10300893813684604,2.8945430457385446
2022-09-25,13.23,18.16,9.19,86.09,2.5,1.8698776879198602,17.74,17.74,37.07846752475522,29.871896576643795,13.659799999999999,2.6194995093473006,11.040300490652697,1.6238625229044317,1.3979832459684252,0.2258792769360065,0.10602340216503932,2.929902924294667
2022-09-26,12.91,17.65,9.6,86.43,2.64,1.9745908384433726,20.74,20.74,37.05015010761545,29.849082932699314,15.9698,3.4167790359101673,12.553020964089832,1.6072180158903768,1.3891185311340528,0.218099484756324,0.10520525181003368,3.252647812976068
2022-09-27,12.96,17.91,8.25,86.36,2.42,1.8100416019064245,18.82,18.82,37.02009003223409,29.824865333569072,14.4914,2.927016709447533,11.564383290552467,1.5717552082785455,1.357367797869352,0.21438741040919362,0.10284282119352971,3.011322261940283
2022-09-28,13.37,17.83,9.65,85.19,2.44,1.8250006234097835,13.64,13.64,36.98830574349357,29.79925863918816,10.5028,1.5638923809774938,8.938907619022507,1.6207439214331343,1.3807117466688872,0.2400321747642471,0.10570161757900616,2.4585212624663284
2022-09-29,13.35,17.77,9.3,85.04,2.11,1.578176768604362,18.21,18.21,36.954817905009854,29.77227949699214,14.021700000000001,2.7855839339407793,11.236116066059221,1.602932611853773,1.3631338931204489,0.23979871873332415,0.10455668393438598,3.0047476923101533
2022-09-30,12.17,15.85,8.44,90.24,2.86,2.13914007498032,13.9,13.9,36.919649378645246,29.743946325411756,10.703000000000001,1.641239515727851,9.06176048427215,1.4531413410524887,1.311314746165766,0.14182659488672278,0.09568484514758732,2.2351596271889997
2022-10-01,11.16,15.58,8.42,88.62,3.22,2.40840246204078,12.12,12.12,36.882825200984904,29.71427929492148,9.3324,1.1851149198719912,8.14728508012801,1.4369610737299325,1.2734349035394663,0.16352617019046622,0.09539025194595412,2.0607981492978578
2022-10-02,11.42,15.99,7.6,88.58,2.62,1.9596318169400135,17.06,17.06,36.84437255681331,29.68330030667108,13.136199999999999,2.5145922745654055,10.621607725434593,1.430508520075072,1.2671444470824986,0.16336407299257338,0.09476347647571592,2.624816858992805
2022-10-03,12.49,17.5,7.5,88.02,2.3,1.7202874728862712,18.2,18.2,36.804320749633284,29.651032968734558,14.014,2.7890355099102013,11.224964490089798,1.5183834512730123,1.3364811138105055,0.18190233746250684,0.09972483348748533,2.8635629978519836
2022-10-04,13.45,17.38,10.01,89.94,2.29,1.712807962134592,15.56,15.56,36.76270116927547,29.617502570015095,11.981200000000001,2.049715819881754,9.931484180118247,1.6068366502684197,1.4451888832514166,0.16164776701700312,0.10472775639661251,2.5765066860001284
2022-10-05,14.35,18.82,11.12,88.26,1.6,1.1967217202687106,17.27,17.27,36.719547256651076,29.582736051848375,13.2979,2.4617907154907246,10.836109284509275,1.748030104998592,1.5428113706717574,0.20521873432683457,0.11311676920458066,2.9693060680796095
2022-10-06,14.24,18.89,11.71,87.54,1.78,1.3313529137989404,17.25,17.25,36.67489446570586,29.54676197735127,13.2825,2.4607178383368002,10.8217821616632,1.779163189100244,1.5574794557383538,0.22168373336189018,0.11523213947195869,2.9873558540558776
2022-10-07,12.38,16.57,9.3,88.73,2.71,2.026947413705128,17.29,17.29,36.628780222638646,29.509610498566598,13.3133,2.565721735211435,10.747578264788565,1.5285442847780888,1.3562773438835982,0.17226694089449057,0.10048065752007182,2.7143754674876592
2022-10-08,12.15,16.85,7.81,86.22,2.29,1.712807962134592,15.11,15.11,36.58124388245171,29.471313321458396,11.6347,2.0241372976955865,9.610562702304414,1.4891758698725965,1.2839674350041528,0.20520843486844376,0.0980733314191265,2.512703216636424
2022-10-09,12.92,17.14,9.1,87.83,2.95,2.2064556717454353,15.57,15.57,36.53232668290549,29.43190366881598,11.988900000000001,2.1176992084442614,9.87120079155574,1.555413669927892,1.3661198262976675,0.1892938436302245,0.10180610592475603,2.5430943137533335
2022-10-10,12.36,16.8,9.49,85.69,3.04,2.27377126851055,19.67,19.67,36.48207169595421,29.391416241128553,15.145900000000001,3.2607624676718463,11.885137532328155,1.549963772776259,1.3281639568919763,0.22179981588428266,0.10190501781833865,3.046826314100198
2022-10-11,12.05,16.17,7.08,88.19,2.78,2.0793039889668843,14.27,14.27,36.43052377674291,29.34988717549516,10.9879,1.8126873575111917,9.175212642488809,1.422749976094544,1.2547232039177783,0.16802677217676565,0.09377386059637054,2.2962549078421577
2022-10-12,13.23,17.78,8.99,85.87,2.29,1.712807962134592,14.79,14.79,36.3777295102509,29.307354002638537,11.3883,1.9336995594593642,9.454600440540634,1.5914478953273004,1.366576307717553,0.22487158760974735,0.10390702282432193,2.5488132962092
2022-10-13,13.2,17.01,10.05,90.15,1.99,1.4884226395842086,17.27,17.27,36.32373715566943,29.263855602093518,13.2979,2.5562834805277292,10.74161651947227,1.5855203326783356,1.4293465799095195,0.15617375276881607,0.10354480377872309,2.776701233028974
2022-10-14,14.02,18.65,10.46,88.24,2.29,1.712807962134592,17.09,17.09,36.26859658860579,29.21943215564437,13.1593,2.486103042950862,10.673196957049138,1.7080997320184719,1.5072272035330994,0.20087252848537251,0.11082329960884196,2.857682765176522
2022-10-15,13.96,18.4,9.5,89.65,3.14,2.3485663760273443,16.54,16.54,36.212359241208254,29.174125099087018,12.7358,2.3507706939772293,10.38502930602277,1.6519476714735668,1.4809710874760527,0.17097658399751414,0.10723128967690773,2.656285659815698
2022-10-16,14.0,18.05,11.23,91.82,2.94,2.1989761609937557,17.26,17.26,36.15507804031012,29.12797707239545,13.290200000000002,2.499429346516229,10.790770653483772,1.7017029262643706,1.562503626895945,0.13919929936842568,0.11042584278950239,2.7354500659815586
2022-10-17,13.52,17.21,10.94,87.16,1.33,0.9947749299733656,17.13,17.13,36.09680734369299,29.08103186837282,13.1901,2.5700387392103163,10.620061260789683,1.6355777413115251,1.4255695593271254,0.21000818198439974,0.10654150286739947,2.8841837931276264
2022-10-18,14.0,17.74,10.57,90.04,1.7,1.271516827785505,15.27,15.27,36.03760287457232,29.033334379870446,11.7579,2.0372011446366165,9.720698855363382,1.6530743808737607,1.4884281725387343,0.1646462083350264,0.10727026961306453,2.5927895390367497
2022-10-19,13.86,16.7,11.69,92.44,2.09,1.5632177471010031,16.93,16.93,35.977521654410346,28.98493054565915,13.0361,2.4602800150541313,10.575819984945868,1.6376725532430723,1.5138645082178959,0.1238080450251764,0.10638933046460107,2.710130395080157
2022-10-20,13.59,17.22,10.63,90.92,1.97,1.4734636180808498,11.16,11.16,35.916621934162904,28.935867295039003,8.5932,0.9667244133101925,7.626475586689807,1.6228428630396659,1.4754887310756641,0.1473541319640017,0.10565297267482555,2.0317479791501687
2022-10-21,13.23,16.08,10.88,92.2,1.25,0.9349388439599301,15.93,15.93,35.85496312406901,28.886192491274958,12.2661,2.2447359666217204,10.02136403337828,1.5649392428066553,1.4428739818677363,0.122065260938919,0.10217624975245947,2.6259443875982433
2022-10-22,13.88,17.43,11.88,93.93,2.16,1.6155743223627594,17.78,17.78,35.792605722092695,28.83595487394676,13.690600000000002,2.6557599303867474,11.034840069613255,1.691335530188363,1.5886714635059294,0.10266406668243366,0.10985798124043164,2.8165215057747592
2022-10-23,13.88,16.99,11.34,93.15,2.73,2.041906435208487,13.96,13.96,35.72961124112793,28.785204000302304,10.7492,1.7012574117297448,9.047942588270255,1.6395899879291376,1.527278073755992,0.11231191417314568,0.10649693270256,2.2739515979784684
2022-10-24,13.47,16.72,10.57,91.27,2.35,1.7576850266446689,14.85,14.85,35.66604213507833,28.733990185704506,11.4345,1.9780294425176792,9.456470557482321,1.5896364831894632,1.4508612182070229,0.1387752649824403,0.10359018668185953,2.417899130015886
2022-10-25,13.19,16.27,10.56,88.86,0.74,0.5534837956242786,19.33,19.33,35.601961723923694,28.682364443261886,14.884099999999998,3.242349590761692,11.641750409238306,1.562346401036677,1.3883010119611914,0.1740453890754856,0.10203954182411842,3.134299941395874
2022-10-26,13.09,16.35,10.38,90.49,1.06,0.7928281396780208,13.82,13.82,35.53743411788558,28.63037842273334,10.6414,1.7325123997767684,8.908887600223233,1.5594598979438288,1.4111552616493706,0.14830463629445823,0.10193238947056976,2.380846762792007
2022-10-27,14.08,19.67,8.51,86.39,1.01,0.7554305859196235,14.7,14.7,35.47252414080444,28.578084348797688,11.318999999999999,1.9623555652496556,9.356644434750343,1.700772714994894,1.4692975484840889,0.23147516651080502,0.11029524513030935,2.6189803602066597
2022-10-28,13.54,16.62,10.62,91.81,1.25,0.9349388439599301,13.18,13.18,35.407297252840344,28.525534958778294,10.1486,1.5541720960422634,8.594427903957737,1.5857385501713468,1.4558665629123135,0.12987198725903326,0.10327850771276441,2.2816017946321674
2022-10-29,13.39,18.07,9.96,85.83,1.44,1.0770495482418394,16.59,16.59,35.34181947260871,28.472783439912483,12.7743,2.5282559879518636,10.246044012048136,1.6488830606879619,1.4152363309884777,0.2336467296994842,0.10751963708489223,2.812698590965141
2022-10-30,13.45,19.34,8.38,84.14,0.86,0.643237924644432,23.04,23.04,35.27615729886215,28.419883366255306,17.7408,4.317460922487654,13.423339077512345,1.6726447401323816,1.407363284347386,0.2652814557849956,0.10901688784195768,3.713429161913776
2022-10-31,14.25,19.0,10.54,89.28,1.93,1.4435455750741322,22.95,22.95,35.21037763182792,28.366888635305845,17.671499999999998,4.150836217504753,13.520663782495244,1.7352519206548025,1.5492329147606076,0.18601900589419484,0.11237917629193739,3.5853687910208802
2022-11-01,13.97,17.98,10.68,89.7,2.59,1.9371932846849749,18.26,18.26,35.14454769431013,28.31385340444401,14.060200000000002,2.9408123123364924,11.11938768766351,1.6732230922687452,1.5008811137650644,0.17234197850368083,0.10860367569887991,2.881082050343843
2022-11-02,12.79,16.71,10.42,92.2,3.36,2.5131156125642917,10.32,10.32,35.078734952663446,28.260832027263778,7.946400000000001,0.8102265397462751,7.136173460253725,1.5826784026303704,1.4592294872252014,0.123448915405169,0.1036983812298724,1.8077796964701143
2022-11-03,12.7,16.8,9.32,92.14,2.4,1.795082580403066,15.11,15.11,35.01300703774454,28.207878989888513,11.6347,2.127067524202193,9.507632475797807,1.5432109985926639,1.4219146141032806,0.12129638448938329,0.10118525875572379,2.380375498013569
2022-11-04,12.91,16.82,9.73,90.15,2.0,1.4959021503358882,17.13,17.13,34.94743166594474,28.155048847351722,13.1901,2.7083028745718085,10.48179712542819,1.5608285712145546,1.4070869569499211,0.1537416142646335,0.10216869226416285,2.6982409949753663
2022-11-05,13.16,16.02,11.14,93.17,1.3,0.9723363977183274,13.71,13.71,34.882076560406,28.10239616012549,10.556700000000001,1.7450350589773045,8.811664941022697,1.5727955776804494,1.4653736397248747,0.10742193795557475,0.10274660507178142,2.3086282682980093
2022-11-06,13.24,17.62,9.42,88.94,0.8,0.5983608601343553,15.48,15.48,34.81700937252021,28.049975430877183,11.9196,2.2671744643503273,9.652425535649673,1.5981155645702847,1.4213639831288112,0.17675158144147352,0.10433403154063133,2.6300312942383637
2022-11-07,13.64,18.21,9.98,89.86,1.67,1.2490782955304665,14.63,14.63,34.752297603809076,27.997841041532745,11.2651,2.008579045906117,9.256520954093883,1.6588590720751855,1.4906507621667617,0.16820830990842373,0.10795472587848697,2.488612351306618
2022-11-08,12.69,17.07,9.0,87.62,1.47,1.0994880804968779,17.38,17.38,34.68800852827993,27.946047190723444,13.3826,2.853725977348557,10.528874022651443,1.5472011957920513,1.3556576877529956,0.19154350803905573,0.10145500424370471,2.790278366208647
2022-11-09,13.47,16.36,11.78,92.51,1.31,0.9798159084700068,15.06,15.06,34.62420911535006,27.894647831690627,11.596200000000001,2.131606754968321,9.464593245031681,1.6214336355539785,1.4999882562509856,0.12144537930299282,0.1056622786250331,2.507573789996963
2022-11-10,13.33,17.43,10.5,90.02,0.68,0.508606731114202,14.31,14.31,34.56096595342947,27.843696610720922,11.0187,1.9538946005610849,9.064805399438916,1.6304418541803658,1.4677237571331654,0.16271809704720042,0.10636804108820552,2.4921282223420502
2022-11-11,13.46,17.68,10.03,89.96,1.35,1.0097339514767245,15.36,15.36,34.498345174249344,27.793246806182243,11.8272,2.251235258345588,9.575964741654412,1.626629023994993,1.4633154699858955,0.16331355400909753,0.10600929563235247,2.5720501926917394
2022-11-12,13.19,16.73,10.77,92.4,1.28,0.9573773762149684,15.7,15.7,34.43641237802044,27.74335126822839,12.089,2.3373703574316647,9.751629642568336,1.5988001964518324,1.4772913815214932,0.12150881493033916,0.1044204021630576,2.573430474111464
2022-11-13,13.83,17.65,11.48,89.64,1.6,1.1967217202687106,16.35,16.35,34.37523255950329,27.69406235923823,12.589500000000001,2.522721643084146,10.066778356915854,1.6870963216662729,1.512313142741647,0.17478317892462591,0.10962627042580952,2.716130619556701
2022-11-14,13.29,17.9,9.31,89.23,1.65,1.2341192740271076,14.43,14.43,34.31487003506808,27.64543189505225,11.1111,2.026582103742934,9.084517896257067,1.6116866528091434,1.4381080003015987,0.17357865250754467,0.10517804428273994,2.4328108064088987
2022-11-15,14.05,18.0,10.96,91.45,3.03,2.2662917577588706,15.33,15.33,34.255388370820285,27.597511087067655,11.8041,2.2317781886470764,9.572321811352923,1.686608542264687,1.5424035119010562,0.14420503036363086,0.10940280838278447,2.4479127181841327
2022-11-16,14.0,18.29,10.73,89.72,2.69,2.01198839220177,15.51,15.51,34.196850311864154,27.550350485250238,11.9427,2.305866520451696,9.636833479548304,1.6956327328997605,1.5213216879576652,0.17431104494209526,0.11003193959533338,2.5401391539341094
2022-11-17,13.68,17.07,11.54,92.19,2.19,1.6380128546177974,14.32,14.32,34.139317712773526,27.503999922118865,11.0264,1.9759594781889902,9.05044052181101,1.6534627174162169,1.52432727918601,0.1291354382302068,0.10756924760225842,2.350665263454487
2022-11-18,13.39,16.53,11.29,92.87,2.37,1.7726440481480275,10.68,10.68,34.08285146933632,27.458508457756114,8.2236,0.9847840007594403,7.238815999240559,1.6094980729551347,1.4947408603534336,0.11475721260170113,0.10495143823041451,1.8705487486763013
2022-11-19,13.66,18.08,9.99,89.65,1.81,1.3537914460539788,15.34,15.34,34.02751145163569,27.413924325895778,11.8118,2.2974201892612283,9.514379810738772,1.6507671023374453,1.4799127072455198,0.17085439509192546,0.10741099706897352,2.542248292482002
2022-11-20,14.31,18.87,9.9,90.83,2.18,1.6305333438661183,14.74,14.74,33.973356438528285,27.370294881135926,11.3498,2.1014944480991344,9.248305551900867,1.6996965691603254,1.5438343937683234,0.15586217539200198,0.11002403202157192,2.4524710064047186
2022-11-21,14.76,18.63,12.46,90.0,0.79,0.5908813493826758,14.7,14.7,33.92044405357661,27.32766654732346,11.318999999999999,2.077102030202387,9.241897969797613,1.7964287939628896,1.6167859145666006,0.17964287939628898,0.11587082462188818,2.606892716454204
2022-11-22,13.55,16.29,11.55,92.73,1.4,1.0471315052351216,17.73,17.73,33.86883070248946,27.28608476715361,13.6521,2.970224283726655,10.681875716273346,1.6068630998749955,1.4900441525140835,0.11681894736091203,0.10464599724361894,2.7918933474663405
2022-11-23,13.17,16.43,10.76,90.91,1.14,0.8526642256914563,18.39,18.39,33.818571512121935,27.245593953025917,14.160300000000001,3.2055223806591857,10.954777619340815,1.5803752114128595,1.4367191046954306,0.1436561067174289,0.10323351896207157,2.902098140172351
2022-11-24,13.19,16.01,10.96,93.86,1.81,1.3537914460539788,16.01,16.01,33.76972027108286,27.206237439195196,12.327700000000002,2.507315211300868,9.820384788699133,1.564338144044028,1.4682877819997247,0.0960503620443034,0.10216962599992388,2.4868774620603413
2022-11-25,13.47,17.61,10.65,90.25,1.84,1.3762299783090173,14.54,14.54,33.7223293719956,27.168057435254536,11.1958,2.107601788790316,9.088198211209685,1.648200242977699,1.4875007192873733,0.1606995236903257,0.1074065502803363,2.423639763935245
2022-11-26,13.29,16.13,11.0,94.0,1.39,1.0396519944834421,12.34,12.34,33.676449755454335,27.13109498098423,9.5018,1.4859265365193326,8.015873463480666,1.5730770381991963,1.4786924159072443,0.09438462229195199,0.10265839584605004,2.088489353585603
2022-11-27,12.84,17.26,8.82,90.66,2.22,1.6604513868728359,12.53,12.53,33.63213085571644,27.095389902599393,9.6481,1.5714582358561662,8.076641764143833,1.5520313035487896,1.4070715797973328,0.14495972375145683,0.10164970895970342,2.0983222423411196
2022-11-28,13.22,16.71,10.74,91.6,1.16,0.8676232471948151,12.51,12.51,33.58942054816783,27.06098077042593,9.6327,1.5549854413546573,8.077714558645342,1.5963009227054266,1.4622116451981706,0.13408927750725597,0.10423220198947449,2.167340798956883
2022-11-29,13.2,16.63,10.96,92.63,1.01,0.7554305859196235,14.64,14.64,33.548365098596555,27.02790485803333,11.2728,2.1496626328043824,9.123137367195618,1.6009929631428255,1.482999781759199,0.11799318138362636,0.10455526731701147,2.43880877509842
2022-11-30,12.9,17.12,8.86,90.25,1.49,1.1144471020002367,16.0,16.0,33.50900911430707,26.996198102850347,12.32,2.5880261071304576,9.731973892869544,1.5448808467926516,1.394254964230368,0.1506258825622835,0.10113287004539111,2.548259597318907
2022-12-01,13.38,19.1,8.23,87.05,1.02,0.762910096671303,21.21,21.21,33.471395497105284,26.965895068287903,16.3317,4.076282771880503,12.255417228119498,1.650414704944043,1.4366860006537894,0.2137287042902536,0.10762809824360375,3.3441290627500373
2022-12-02,13.6,17.43,10.77,89.21,1.1,0.8227461826847385,20.55,20.55,33.43556539818266,26.93702890739188,15.823500000000001,3.8746654574709676,11.948834542529033,1.6419729281550102,1.4648040492070846,0.17716887894792555,0.10688988846337691,3.2224679754407575
2022-12-03,13.54,18.63,8.86,82.16,1.55,1.1593241665103133,15.84,15.84,33.401558174925114,26.909631328046668,12.1968,2.624837363899325,9.571962636100675,1.6422136732639612,1.3492427539536704,0.29297091931029073,0.10695670954198125,2.6939470650823005
2022-12-04,12.53,15.94,9.58,89.75,1.22,0.9125003117048918,15.81,15.81,33.36941134967072,26.88373255974872,12.1737,2.5826843611407244,9.591015638859275,1.5025785146170176,1.3485642168687733,0.15401429774824438,0.09865519349139544,2.5180688700008056
2022-12-05,12.98,18.4,7.37,82.08,1.07,0.8003076504297002,12.45,12.45,33.3391605704385,26.859361321968073,9.5865,1.6417418290948693,7.94475817090513,1.5720367844173748,1.2903277926497814,0.28170899176759345,0.10284480650558066,2.239271516689739
2022-12-06,13.24,17.75,9.99,89.25,1.45,1.0845290589935188,16.06,16.06,33.310839573648586,26.836544794114246,12.3662,2.6111577996950377,9.755042200304961,1.629453725912958,1.4542874503773149,0.17516627553564312,0.10637996412926175,2.623885999106301
2022-12-07,12.28,16.58,8.73,89.54,1.73,1.2939553600405433,14.39,14.39,33.28448014885229,26.815308587121358,11.080300000000001,2.175594092296746,8.904705907703255,1.5070193158244982,1.3493850953892559,0.15763422043524233,0.0991450901758691,2.321346031091906
2022-12-08,12.83,17.04,9.7,86.72,1.88,1.406148021315735,15.73,15.73,33.26011210548971,26.79567671666673,12.1121,2.5833552076926902,9.52874479230731,1.573070285155233,1.3641665512866181,0.20890373386861483,0.10303588727339005,2.55452080809997
2022-12-09,12.81,17.25,8.81,87.95,2.37,1.7726440481480275,16.61,16.61,33.23776324169026,26.777671578035342,12.7897,2.8329392589666114,9.956760741033388,1.5510250262502836,1.3641265105871243,0.1868985156631593,0.10160817405666622,2.5892118420681274
2022-12-10,13.09,17.49,8.71,89.49,2.22,1.6604513868728359,16.81,16.81,33.217459315130924,26.761313922642078,12.9437,2.8645195015253,10.079180498474699,1.5622432193160614,1.3980514569659435,0.1641917623501179,0.10211431822584602,2.598576009695818
2022-12-11,13.22,16.55,10.73,91.7,2.3,1.7202874728862712,15.44,15.44,33.199224015965136,26.74662283622215,11.8888,2.438938237009981,9.449861762990018,1.5862475015630217,1.454588958933291,0.13165854262973076,0.10357575294011578,2.4099649118001136
2022-12-12,13.43,17.39,10.4,89.8,2.08,1.5557382363493237,16.7,16.7,33.183078941834914,26.73361571869988,12.859,2.809972178406034,10.049027821593967,1.6237048143766435,1.4580869233102256,0.1656178910664179,0.1058440455742241,2.634702620839931
2022-12-13,12.8,16.54,9.89,91.23,2.79,2.086783499718564,15.22,15.22,33.16904357497679,26.722308265744303,11.7194,2.3986160692535967,9.320783930746403,1.5504493813087352,1.4144749705679593,0.13597441074077588,0.10157858591234752,2.334031940269192
2022-12-14,12.86,16.75,10.12,90.52,3.18,2.3784844190340624,14.36,14.36,33.15713526143225,26.71271445202028,11.0572,2.1513611688865275,8.905838831113472,1.5725570120494559,1.4234786073071675,0.1490784047422884,0.10297756470362755,2.250948001175852
2022-12-15,13.33,17.9,9.7,89.34,2.79,2.086783499718564,18.68,18.68,33.14736919237164,26.70484651614229,14.3836,3.3868575049686056,10.996742495031395,1.6272705351849392,1.4538034961342248,0.17346703905071448,0.10616114809883306,2.8172001385753966
2022-12-16,12.8,18.26,7.78,87.85,2.22,1.6604513868728359,20.76,20.76,33.1397583875402,26.698714947337887,15.9852,4.039577298122175,11.945622701877825,1.5773869696990195,1.3857344528805884,0.1916525168184311,0.1033434175602303,3.0882404309486566
2022-12-17,12.71,17.85,8.54,88.87,2.66,1.9895498599467312,19.21,19.21,33.13431368083398,26.694328473827092,14.7917,3.5742519921918197,11.21744800780818,1.5787353414384466,1.4030220979363475,0.17571324350209916,0.10350623820276984,2.858511483930707
2022-12-18,12.16,17.63,7.9,85.19,2.1,1.5706972578526825,16.41,16.41,33.131043708012946,26.691694052923552,12.6357,2.8296817801365406,9.806018219863459,1.5409711996220308,1.3127533649580079,0.2282178346640229,0.10147630380139633,2.625560819139482
2022-12-19,12.23,17.88,6.16,86.43,2.57,1.9222342631816163,22.25,22.25,33.12995489655739,26.690816862862498,17.1325,4.556612790993506,12.575887209006495,1.4969928810762512,1.2938509471142041,0.20314193396204705,0.09852493475455536,3.1699989923417227
2022-12-20,12.07,16.83,8.69,86.46,2.58,1.9297137739332957,20.4,20.4,33.13105145767406,26.691700296360533,15.707999999999998,4.014367045771864,11.693632954228136,1.5205949150294535,1.3147063635344653,0.2058885514949882,0.1002067731723475,2.9917261153875754
2022-12-21,12.45,18.81,6.44,84.27,2.05,1.5332997040942853,18.47,18.47,33.134335380457046,26.694345955911416,14.2219,3.4305392120912797,10.79136078790872,1.5677306009077232,1.3211265773849383,0.24660402352278488,0.10299885475096478,2.8980521329097875
2022-12-22,13.27,18.63,8.54,87.81,2.42,1.8100416019064245,19.76,19.76,33.13980642820849,26.698753650821885,15.215200000000001,3.7187858816106085,11.496414118389392,1.6300238392254842,1.4313239332238976,0.1986999060015866,0.10639170385412838,3.0044947093451686
2022-12-23,13.02,18.33,8.69,86.66,2.24,1.675410408376195,21.4,21.4,33.14746213692327,26.704921395990862,16.477999999999998,4.2318199167636426,12.246180083236355,1.615722123751015,1.4001847924426294,0.2155373313083857,0.10566898248687921,3.2140994377823984
2022-12-24,12.07,18.39,6.47,79.3,1.94,1.4510250858258114,21.49,21.49,33.15729781594176,26.71284541243532,16.5473,4.459181970973309,12.088118029026692,1.5405626539527746,1.2216661845845502,0.31889646936822436,0.10152264149814359,3.2920234565703606
2022-12-25,11.38,18.43,5.0,74.59,2.06,1.540779214845965,23.38,23.38,33.16930655077375,26.722520129565364,18.0026,5.172599726790174,12.830000273209826,1.496384429490696,1.1161531459571103,0.3802312835335857,0.09915929199389557,3.525209190328365
2022-12-26,10.98,17.27,5.1,80.87,2.5,1.8698776879198602,22.62,22.62,33.183479208096415,26.733938189210797,17.4174,4.830804840153592,12.586595159846409,1.4247765537035222,1.1522167989800385,0.2725597547234837,0.09471859347161107,3.251410399394536
2022-12-27,12.64,18.73,6.55,84.14,1.78,1.3313529137989404,22.97,22.97,33.19980444292863,26.74709045140102,17.686899999999998,4.760009798317512,12.926890201682486,1.5659851426330222,1.317619899011425,0.2483652436215973,0.10272781726732805,3.427473070670686
2022-12-28,13.58,17.96,10.27,90.18,2.11,1.578176768604362,18.85,18.85,33.21826870798305,26.761966001899467,14.514500000000002,3.394416066071958,11.120083933928044,1.6545806400014804,1.492100821153335,0.16247981884814533,0.10772780486676162,2.902409459332703
2022-12-29,13.47,18.55,10.75,89.55,1.67,1.2490782955304665,16.75,16.75,33.2388562651973,26.778552161493554,12.8975,2.7736383319950053,10.123861668004995,1.713757071438519,1.5346694574731938,0.17908761396532524,0.11167862390870534,2.7458836178582846
2022-12-30,13.36,18.08,10.21,87.58,2.13,1.5931357901077208,20.29,20.29,33.26154919944421,26.796834497040233,15.6233,3.848793397082807,11.774506602917192,1.6598721065890343,1.453715990950676,0.20615611563835823,0.1082621157699225,3.1215530257721387
2022-12-31,13.21,17.84,9.63,87.25,2.04,1.525820193342606,16.38,16.38,33.28632743442086,26.816796834266825,12.612599999999999,2.7388928394715086,9.87370716052849,1.6205813686921444,1.413957244183896,0.20662412450824852,0.1058260684174968,2.6484151479721536
2023-01-01,13.69,18.04,10.85,89.75,2.09,1.5632177471010031,15.26,15.26,33.31316875071523,26.838421272326215,11.7502,2.353777217618676,9.396422782381324,1.6844342868890942,1.511779772482962,0.17265451440613222,0.10957543158649113,2.5135527248897187
2023-01-02,13.39,17.26,11.19,91.24,1.41,1.0546110159868012,16.52,16.52,33.34204880604794,26.861688200104464,12.7204,2.7040554014686804,10.016344598531319,1.6496368083733413,1.5051286239598367,0.14450818441350455,0.1075687871304702,2.6739457511250824
2023-01-03,11.44,15.83,7.53,89.76,0.89,0.6656764568994702,13.08,13.08,33.37294115768645,26.88657631427851,10.0716,1.8043232640495181,8.267276735950482,1.4187727236586984,1.2734903967560478,0.14528232690265064,0.09397092990633629,2.167195043593302
2023-01-04,13.14,18.14,9.27,86.48,1.04,0.7778691181746619,16.6,16.6,33.405817287026835,26.9130626391203,12.782000000000002,2.7925836413051663,9.989416358694836,1.6256989818144318,1.4059044794731208,0.21979450234131104,0.10621960879080485,2.745049651689676
2023-01-05,12.63,17.21,9.94,89.19,2.28,1.7053284513829126,13.28,13.28,33.44064662633835,26.94112254804323,10.2256,1.8115337320350842,8.414066267964916,1.5933509210923493,1.4211096865222663,0.172241234570083,0.10453136256195902,2.2332504966750473
2023-01-06,12.75,17.43,9.25,86.11,2.2,1.645492365369477,12.28,12.28,33.47739658766349,26.970729786885215,9.4556,1.547061821524476,7.908538178475524,1.5793807163052835,1.3600047348104798,0.21937598149480375,0.10351542449628934,2.1762007165081654
2023-01-07,12.97,17.09,9.7,90.74,2.1,1.5706972578526825,11.78,11.78,33.51603259386599,27.001856498922194,9.070599999999999,1.3646560708447815,7.705943929155217,1.5761513234315303,1.4301997108817703,0.14595161254975997,0.10312222568551382,2.0277044165256366
2023-01-08,12.39,15.69,10.3,92.59,2.7,2.019467902953449,9.85,9.85,33.556518111816544,27.03447325160388,7.5845,0.8121573459773656,6.772342654022634,1.5177309398659564,1.4052670772218891,0.11246386264406727,0.0997618382301393,1.713326098470285
2023-01-09,12.44,16.85,8.68,89.09,1.93,1.4435455750741322,12.52,12.52,33.59881468770561,27.06854906500315,9.6404,1.593675989356005,8.046724010643995,1.52143144086773,1.3554432706690607,0.1659881701986694,0.09996503586723637,2.122220823040849
2023-01-10,13.08,17.17,9.91,91.47,2.23,1.6679308976245155,12.36,12.36,33.64288198446984,27.10405144196828,9.517199999999999,1.507729083849674,8.009470916150326,1.589640098979599,1.454043798536639,0.1355963004429599,0.10391338523728771,2.0836689717955794
2023-01-11,13.24,17.04,10.67,90.64,2.67,1.9970293706984108,15.27,15.27,33.68867782131741,27.14094639996616,11.7579,2.327666843586933,9.430233156413067,1.6134208256499125,1.4624046363690806,0.15101618928083194,0.10533324563229113,2.4214835721658408
2023-01-12,12.17,15.89,9.33,90.24,2.9,2.1690581179870376,12.38,12.38,33.736158215335536,27.179198504602923,9.5326,1.5403327404238396,7.992267259576161,1.4897287624713749,1.3443312352541688,0.1453975272172061,0.09809401324012815,2.023108796037667
2023-01-13,12.95,17.4,9.1,89.85,2.3,1.7202874728862712,16.64,16.64,33.78527742516088,27.21877090480661,12.812800000000001,2.726336386596593,10.086463613403408,1.5716182719694665,1.4120990173645653,0.15951925460490113,0.10284207985470471,2.5938389462030096
2023-01-14,13.03,17.31,9.47,91.2,1.62,1.2116807417720696,18.55,18.55,33.835987996691884,27.25962536965485,14.2835,3.2353267499383063,11.048173250061694,1.5805758362217739,1.441485162634258,0.13909067358751592,0.10336214028085458,2.867447148381065
2023-01-15,13.19,17.45,9.79,88.77,1.99,1.4884226395842086,19.29,19.29,33.888240810819255,27.301722326828425,14.853299999999999,3.4688007503869263,11.384499249613073,1.6022362163401866,1.4223050892451838,0.1799311270950028,0.10464481455641263,2.9717981377886935
2023-01-16,12.74,16.68,9.2,89.01,1.95,1.4585045965774908,18.7,18.7,33.941985133148535,27.345020902669788,14.399,3.327908272154249,11.07109172784575,1.5312229349632323,1.362941534410773,0.16828140055245933,0.1003671053565572,2.8449983781163137
2023-01-17,11.78,14.78,9.53,91.1,2.07,1.548258725597644,13.71,13.71,33.99716866568607,27.389478963823326,10.556700000000001,1.9049812724716582,8.651718727528342,1.435580516532265,1.3078138505608934,0.12776666597137165,0.09482476945622749,2.166873867450756
2023-01-18,12.4,16.6,9.27,90.69,2.06,1.540779214845965,16.93,16.93,34.053737600456905,27.4350531604321,13.0361,2.781722338963407,10.254377661036592,1.529161015144567,1.3867961246346079,0.14236489050995904,0.10050509694633053,2.6091953797397243
2023-01-19,12.49,16.54,9.99,89.17,2.04,1.525820193342606,18.05,18.05,34.111636675020314,27.481698970863366,13.8985,3.1046945170962013,10.7938054829038,1.554549172485454,1.3861914971052796,0.16835767538017454,0.10210013632870227,2.7878349082040628
2023-01-20,12.11,16.87,8.38,87.51,2.18,1.6305333438661183,15.52,15.52,34.17080922984577,27.529370747932948,11.9504,2.409688979978994,9.540711020021007,1.5113372250062822,1.3225712056029977,0.18876601940328452,0.09956475025458049,2.4898410395666235
2023-01-21,11.79,16.54,8.62,87.18,2.75,2.0568654567118463,17.81,17.81,34.231197267509145,27.57802176659607,13.7137,3.071586757084069,10.64211324291593,1.500438755216161,1.3080825067974493,0.1923562484187118,0.0991009098785133,2.7104362764679086
2023-01-22,11.84,16.36,8.8,88.79,3.27,2.4458000157991773,14.85,14.85,34.292741513665604,27.627604273069558,11.4345,2.1952610898062095,9.23923891019379,1.4965807875394568,1.3288140812562839,0.16776670628317292,0.09880642806673909,2.3250964104788405
2023-01-23,11.73,15.46,9.21,90.53,3.5,2.6178287630878043,12.94,12.94,34.355381479752744,27.678069535348,9.963799999999999,1.6406151024525464,8.323184897547453,1.4604802511727386,1.3221727713866804,0.13830747978605817,0.0965082200229245,2.0411189131443117
2023-01-24,12.22,16.62,8.96,87.0,3.38,2.528074634067651,16.5,16.5,34.41905552737408,27.72936789507365,12.705,2.6641995544379045,10.040800445562095,1.5182586250742856,1.3208850038146283,0.1973736212596573,0.09993255414542156,2.5602528387935566
2023-01-25,12.47,18.36,8.72,86.37,2.51,1.8773571986715394,20.91,20.91,34.48370093430949,27.7814488207171,16.1007,3.8559308775217747,12.244769122478225,1.6188491583928366,1.398200018103893,0.22064914028894367,0.10634027772209911,3.206959896977049
2023-01-26,11.08,17.34,5.75,75.76,2.48,1.8549186664165014,26.09,26.09,34.54925396209621,27.83426096202319,20.0893,5.714096845520471,14.37520315447953,1.4494620706753902,1.0981124647436757,0.3513496059317145,0.09628210217018662,3.7985191712210478
2023-01-27,10.95,18.03,5.59,79.19,2.13,1.5931357901077208,26.22,26.22,34.61564992512003,27.887752205673703,20.1894,5.604222451913853,14.585177548086147,1.4883908049324472,1.1786566784260049,0.3097341265064424,0.09897156053888874,3.8343070010838756
2023-01-28,10.57,17.96,4.41,74.7,2.69,2.01198839220177,25.54,25.54,34.68282326115342,27.941869732115645,19.6658,5.526476632529273,14.139323367470727,1.4479172988810507,1.0815942222641448,0.3663230766169059,0.09657568058288124,3.769055318608067
2023-01-29,10.49,17.93,4.29,75.54,2.47,1.8474391556648222,26.0,26.0,34.75070760327318,27.996560073501005,20.02,5.628697094130152,14.391302905869846,1.4424667430227565,1.0896393776793902,0.35282736534336623,0.0962742650015402,3.80598424070238
2023-01-30,12.24,19.3,6.36,79.42,1.74,1.3014348707922228,22.44,22.44,34.81923585308732,28.05176917268127,17.2788,4.376561344606211,12.90223865539379,1.5987656259494898,1.2697396601290847,0.3290259658204051,0.10521469843762356,3.542597706210052
2023-01-31,12.73,18.68,8.68,79.77,2.2,1.645492365369477,23.2,23.2,34.8883402551969,28.10744244319683,17.864,4.572869480623847,13.291130519376154,1.6386914838432283,1.307184196661743,0.33150728718148526,0.10741994087997445,3.6442702149991297
2023-02-01,11.55,18.47,5.18,76.48,2.59,1.9371932846849749,23.78,23.78,34.95795247281538,28.163524830198984,18.3106,4.864873111731325,13.445726888268677,1.5045555890451605,1.1506841145017388,0.3538714745434217,0.09956458828807518,3.6252001636472793
2023-02-02,11.73,18.36,6.33,80.23,2.84,2.124181053476961,23.77,23.77,35.02800366446434,28.219960872239053,18.3029,4.748501044050374,13.554398955949626,1.5339319496355497,1.2306736031926016,0.30325834644294813,0.10136189241638165,3.57296357610559
2023-02-03,12.0,18.43,5.63,78.5,2.44,1.8250006234097835,24.26,24.26,35.0984245616613,28.276694763856806,18.680200000000003,4.924144770222003,13.756055229778,1.5159411886980299,1.1900138331279535,0.32592735557007635,0.09995620294038753,3.6593595637481844
2023-02-04,12.52,18.07,8.77,82.93,2.98,2.2288942040004733,21.84,21.84,35.16914554751167,28.333670418897302,16.8168,4.086514689533402,12.730285310466599,1.6017173441863282,1.328304193533722,0.2734131506526061,0.10517279712989817,3.364478319085027
2023-02-05,12.18,17.2,8.05,87.26,3.39,2.53555414481933,17.53,17.53,35.24009673611402,28.3908315344829,13.4981,2.832021765629947,10.666078234370055,1.5194265721043632,1.3258516268182674,0.19357494528609576,0.100041501305619,2.687494467058504
2023-02-06,12.62,17.92,8.74,85.21,3.24,2.4233614835441393,17.28,17.28,35.31120805268428,28.448121655564563,13.305600000000002,2.7520590162000027,10.5535409838,1.590840232956897,1.3555549625025716,0.23528527045432535,0.1043750017076105,2.787847535923105
2023-02-07,13.05,18.49,8.81,83.57,3.24,2.4233614835441393,19.29,19.29,35.382409314301675,28.505484239974002,14.853299999999999,3.3067604056789066,11.546539594321093,1.6309255923224053,1.362964517503834,0.26796107481857123,0.10663773457063791,3.0886491088830605
2023-02-08,13.25,18.49,9.59,84.37,3.1,2.3186483330206267,21.84,21.84,35.45363031117611,28.562862723895925,16.8168,3.9711694657259304,12.84563053427407,1.6615368898266651,1.4018386739467577,0.2596982158799075,0.10846587596307757,3.3893759295088692
2023-02-09,13.4,18.08,9.91,87.23,2.82,2.1092220319736024,18.3,18.3,35.52480088833401,28.620200587677417,14.091000000000001,2.9491560258457774,11.141843974154224,1.6474853367916458,1.4371014592833526,0.21038387750829313,0.10741992481159915,2.921278839215169
2023-02-10,13.6,18.66,9.86,86.36,3.25,2.4308409942958185,21.39,21.39,35.59585102761679,28.677441421889192,16.4703,3.76797031132172,12.702329688678281,1.6838517368660488,1.4541743599575199,0.22967737690852896,0.10961613389370316,3.3020706340205224
2023-02-11,13.3,17.92,10.23,88.61,2.86,2.13914007498032,18.12,18.12,35.666710929883784,28.734528993551574,13.9524,2.859045953277981,11.09335404672202,1.6503235506874394,1.46235169826414,0.1879718524232994,0.10769087805734116,2.8720059188806117
2023-02-12,13.24,17.66,9.89,87.99,2.76,2.0643449674635255,15.65,15.65,35.73731109730915,28.791407312436146,12.050500000000001,2.207582726016838,9.842917273983163,1.6196081660785961,1.4250932253325568,0.19451494074603937,0.10573719024415183,2.5858247351769106
2023-02-13,13.62,18.81,9.99,87.64,2.77,2.071824478215205,15.08,15.08,35.80758241565982,28.84802069735218,11.611600000000001,2.0199538065552893,9.591646193444712,1.699310599684729,1.4892758095636967,0.21003479012103243,0.11060484786475201,2.587431865524205
2023-02-14,13.86,17.89,10.25,89.5,2.95,2.2064556717454353,16.14,16.14,35.87745623644001,28.904313842325532,12.427800000000001,2.29224619064512,10.135553809354882,1.6492216293962252,1.4760533583096216,0.1731682710866036,0.10713960162044688,2.6156167174798655
2023-02-15,14.11,17.82,11.54,88.71,3.45,2.580431209329407,14.71,14.71,35.946864458785925,28.96023188257629,11.3267,1.9000513962201515,9.42664860377985,1.7006641805506195,1.5086591945664545,0.19200498598416504,0.11026188751266314,2.485592466741873
2023-02-16,13.88,17.16,11.8,91.64,3.22,2.40840246204078,12.13,12.13,36.01573961099268,29.015720460200146,9.340100000000001,1.2004589328939477,8.139641067106053,1.6708191221626352,1.5311386435498389,0.1396804786127963,0.10852537092876839,2.09650157509327
2023-02-17,13.87,19.37,10.35,85.98,1.78,1.3313529137989404,18.41,18.41,36.08401493155438,29.07072578945747,14.1757,2.8686044815734295,11.307095518426571,1.7528463308698168,1.5070972752818685,0.24574905558794824,0.1138623824631712,3.125998576938531
2023-02-18,12.94,17.87,9.39,83.25,2.1,1.5706972578526825,16.26,16.26,36.15162444959715,29.12519472157345,12.5202,2.38333020117456,10.13686979882544,1.612919725044925,1.3427556710999,0.27016405394502496,0.10555316118447808,2.7910408999242553
2023-02-19,12.9,19.17,7.9,74.42,2.41,1.8025620911547453,23.22,23.22,36.21850306458432,29.17907480895171,17.8794,4.453201779686378,13.426198220313623,1.6431455444923215,1.2228289142111857,0.42031663028113586,0.10756559327006072,3.8004656614186394
2023-02-20,12.9,18.42,8.65,82.16,2.26,1.6903694298795535,19.09,19.09,36.28458662517211,29.23231436870366,14.699300000000001,3.1482612685545917,11.55103873144541,1.6201626822306698,1.3311256597207182,0.28903702250995167,0.10606106117154693,3.154671112416603
2023-02-21,12.71,17.3,9.43,86.26,1.76,1.3163938922955818,14.25,14.25,36.34981200709474,29.284862545395807,10.9725,1.793542894847705,9.178957105152294,1.57835825561857,1.3614918312965787,0.21686642432199132,0.10348151541759455,2.487246461698701
2023-02-22,12.54,17.29,9.67,83.12,1.9,1.4211070428190937,13.21,13.21,36.41411718995662,29.336669372916653,10.171700000000001,1.531142781725918,8.640557218274083,1.5873496776598746,1.319405052070888,0.2679446255889866,0.10421269322661357,2.4204173520241272
2023-02-23,12.61,18.85,7.89,81.08,2.58,1.9297137739332957,21.39,21.39,36.47744133281127,29.38768583536607,16.4703,3.761059592071775,12.709240407928228,1.6208361668246005,1.314173964061386,0.30666220276321443,0.10635154511567843,3.4452013374614956
2023-02-24,13.06,19.55,7.68,78.68,2.5,1.8698776879198602,22.85,22.85,36.53972484840583,29.437863926869674,17.5945,4.174430489976166,13.420069510023833,1.6617724361966988,1.3074825527995628,0.35428988339713596,0.10864596941634388,3.7090232157913126
2023-02-25,13.14,19.44,7.64,80.59,2.51,1.8773571986715394,25.63,25.63,36.60090947597185,29.48715671022196,19.7351,4.879401201959062,14.855698798040937,1.6525947586900156,1.3318261160282836,0.320768642661732,0.10797691991039525,3.9896050316181317
2023-02-26,13.25,18.48,8.8,84.64,2.32,1.7352464943896302,23.23,23.23,36.66093835244384,29.535518374262857,17.8871,4.15250825895347,13.734591741046529,1.6298758733815373,1.3795269392301333,0.250348934151404,0.10639903056010824,3.617488619298415
2023-02-27,13.15,18.31,9.67,85.51,2.83,2.1167015427252815,19.26,19.26,36.719756081989004,29.582904289893623,14.830200000000001,3.0643220331920857,11.765877966807915,1.652817757209277,1.4133244641896527,0.2394932930196243,0.10798286652073569,3.1187416528177634
2023-02-28,13.49,17.41,9.6,91.07,2.89,2.1615786072353584,18.44,18.44,36.77730880373283,29.62927106463932,14.198800000000002,2.7853258174708735,11.413474182529129,1.5920432357154524,1.4498737747660624,0.14216946094938998,0.10373047844455563,2.8269143840873325
2023-03-01,14.05,18.14,11.29,90.86,2.77,2.071824478215205,14.11,14.11,36.83354425756801,29.67457659566709,10.8647,1.627980100821813,9.236719899178187,1.7102312445711743,1.5539161088173687,0.1563151357538055,0.11093510820764484,2.418887282773629
2023-03-02,14.59,19.24,11.06,85.95,3.2,2.393443440537421,12.0,12.0,36.888411847936126,29.71878012117126,9.24,1.1059112580308268,8.134088741969173,1.7742348304198936,1.5249548367458985,0.24927999367399511,0.11459382133298984,2.328196004753993
2023-03-03,14.32,19.19,10.74,88.36,3.57,2.6701853383495604,15.44,15.44,36.9418627054746,29.761842270038557,11.8888,1.9626129177123883,9.926187082287612,1.7568870522854065,1.5523853993993852,0.2045016528860213,0.11371702260798394,2.6402530162361644
2023-03-04,13.99,18.58,11.07,89.81,3.47,2.595390230832766,11.97,11.97,36.99384974642405,29.80372510970907,9.2169,1.07388159168072,8.14301840831928,1.7296533253379593,1.5534016514860212,0.17625167385193818,0.11224851586791829,2.1781014000525816
2023-03-05,13.59,17.7,10.83,90.92,2.83,2.1167015427252815,12.25,12.25,37.044327729694935,29.844392192151428,9.432500000000001,1.1479684126007257,8.284531587399275,1.66166494770199,1.5107857704506495,0.15087917725134048,0.10818043158253869,2.1669810143947106
2023-03-06,14.05,19.15,10.49,88.96,2.53,1.8923162201748984,18.54,18.54,37.09325331149572,29.883808597873415,14.2758,2.7270662608072547,11.548733739192745,1.7434553429978576,1.550977873130894,0.19247746986696357,0.11309020797310944,3.057549461838528
2023-03-07,14.19,18.72,10.68,88.92,2.21,1.6529718761211565,13.65,13.65,37.1405850974287,29.921940977892458,10.5105,1.4941993849954076,9.016300615004592,1.7221758601440298,1.5313587748400712,0.19081708530395858,0.11158556318699347,2.4517615223905618
2023-03-08,13.79,16.27,12.19,93.08,1.71,1.2789963385371843,11.07,11.07,37.186283691963666,29.95875759359361,8.523900000000001,0.8330127322505764,7.690887267749424,1.635057682922774,1.5219116912645179,0.11314599165825623,0.10627869164729926,2.02587528102808
2023-03-09,13.35,15.69,11.79,92.48,1.08,0.8077871611813797,7.04,7.04,37.230311745204304,29.994228354406395,5.4208,-0.18786859646025955,5.60866859646026,1.5829269906787355,1.4638908809796947,0.11903610969904088,0.10325174984380658,1.5232703498707532
2023-03-10,12.52,15.57,9.35,89.49,1.21,0.9050208009532122,14.11,14.11,37.27263399686626,30.028324853235336,10.8647,1.6648440306572525,9.199855969342746,1.472216589392174,1.3174866258470563,0.1547299635451176,0.09666945122959314,2.405561162692597
2023-03-11,12.74,15.12,10.83,93.08,1.67,1.2490782955304665,7.55,7.55,37.31321731739134,30.06102039958316,5.8135,-0.06262448928265581,5.876124489282656,1.5082597912108673,1.4038882136590751,0.10437157755179216,0.09886193963856414,1.5330630255795212
2023-03-12,13.08,16.43,10.61,91.49,1.92,1.4360660643224528,10.79,10.79,37.35203074612688,30.09229005030966,8.3083,0.7640984273987974,7.544201572601201,1.573950304952446,1.4400071340009928,0.13394317095145314,0.10288775710165891,1.9808247369243146
2023-03-13,13.55,18.31,9.58,87.81,2.5,1.8698776879198602,11.21,11.21,37.38904552650468,30.122110637973233,8.6317,0.8720731207735702,7.75962687922643,1.64919592654625,1.4481589431002622,0.20103698344598775,0.10740289723310735,2.1314451176222753
2023-03-14,13.38,18.46,10.2,86.62,2.15,1.6080948116110796,15.3,15.3,37.424235138159645,30.150460796706938,11.781,1.9201443417484907,9.86085565825151,1.6844823525993413,1.4590986138215496,0.22538373877779172,0.10984974357782734,2.694631037677356
2023-03-15,13.31,18.79,8.84,84.97,1.88,1.406148021315735,14.73,14.73,37.45757532593354,30.177320985585098,11.3421,1.7920968769353058,9.550003123064695,1.6522396419602463,1.4039080237736212,0.24833161818662508,0.10780730734263237,2.6417644736621835
2023-03-16,12.65,17.49,9.57,82.83,1.57,1.1742831880136722,17.26,17.26,37.489044125715324,30.202673509441293,13.290200000000002,2.5023109612304526,10.78788903876955,1.595874724164907,1.3218630340257922,0.27401169013911475,0.10468018179955715,2.9609919966206997
2023-03-17,13.71,19.28,9.09,81.17,1.64,1.2266397632754282,16.28,16.28,37.51862188707525,30.226502537103304,12.5356,2.219624102941655,10.315975897058346,1.6955660256021163,1.376290942981238,0.31927508262087834,0.11028199467113257,2.931214988960876
2023-03-18,13.52,18.44,10.03,87.35,1.83,1.3687504675573376,18.43,18.43,37.54629129265618,30.248794117015525,14.1911,2.6998896611676297,11.49121033883237,1.676110220661703,1.4640822777479974,0.21202794291370552,0.10918178779903896,3.0914611028227927
2023-03-19,13.67,19.16,9.32,82.62,1.18,0.882582268698174,18.7,18.7,37.57203737429163,30.26953619022431,14.399,2.8263760144926304,11.572623985507368,1.6962698920729404,1.4014581848306633,0.2948117072422771,0.11036294637165465,3.2394959199980327
2023-03-20,13.84,19.76,9.7,79.66,1.52,1.136885634255275,21.12,21.12,37.59584752582616,30.288718600706588,16.2624,3.4823522256826727,12.780047774317326,1.753630426555687,1.39694199779426,0.3566884287614269,0.11394053291435911,3.6261243599750013
2023-03-21,13.54,18.82,8.61,81.9,1.8,1.3463119353022994,20.72,20.72,37.61771151262036,30.30633310302747,15.9544,3.3832295691822605,12.57117043081774,1.645499730236279,1.3476642790635125,0.29783545117276655,0.10717072909793102,3.4404098551079443
2023-03-22,13.36,18.57,9.3,85.59,2.44,1.8250006234097835,17.92,17.92,37.637621477728665,30.322373367317322,13.7984,2.5899951635998884,11.208404836400113,1.6553344363532192,1.4168007440747203,0.23853369227849885,0.10796615454589481,3.0081149436557846
2023-03-23,13.66,18.77,9.89,85.59,1.95,1.4585045965774908,15.71,15.71,37.65557194474503,30.336834981564383,12.0967,2.008097301037784,10.088602698962216,1.692500315780272,1.4486110202763347,0.24388929550393734,0.11012646556870255,2.7831766647830447
2023-03-24,13.52,18.21,10.52,85.18,2.18,1.6305333438661183,19.61,19.61,37.6715598173174,30.34971545122359,15.0997,3.0214051512030835,12.078294848796917,1.6814064941926299,1.4322220517532822,0.24918444243934768,0.10952678695580746,3.260085117204596
2023-03-25,12.63,17.17,9.98,84.35,2.36,1.765164537396348,14.5,14.5,37.68558437533883,30.361014196147973,11.165000000000001,1.7378811062113875,9.427118893788613,1.5925107970408492,1.3432828573039561,0.24922793973689306,0.10447624644744724,2.580891987410057
2023-03-26,13.09,18.11,9.34,88.84,3.02,2.258812247007191,16.75,16.75,37.69764726782896,30.370732544853727,12.8975,2.2531848045055574,10.644315195494443,1.6265030212669056,1.4449852840935191,0.18151773717338648,0.10631458985090778,2.735506843571907
2023-03-27,12.99,16.65,10.89,86.96,3.0,2.243853225503832,16.76,16.76,37.70775250252634,30.37887372613532,12.9052,2.2961566509072333,10.609043349092767,1.599155922629497,1.3906259903186104,0.20852993231088646,0.10461061813684559,2.7630809713319593
2023-03-28,13.21,17.6,10.17,87.69,2.35,1.7576850266446689,16.4,16.4,37.715906432217835,30.385442858051977,12.627999999999998,2.179539322479411,10.448460677520588,1.6273340384592134,1.4270092183248844,0.20032482013432906,0.10626702652461567,2.763283516050414
2023-03-29,12.6,15.84,10.57,89.92,2.09,1.5632177471010031,10.69,10.69,37.72211773783801,30.390446934311818,8.2313,0.7224154984943452,7.508884501505654,1.5377241213529662,1.3827215299205873,0.15500259143237893,0.1009062040070843,1.9801340472044258
2023-03-30,13.41,18.64,9.57,87.89,2.82,2.1092220319736024,14.44,14.44,37.726397408376876,30.39389480808475,11.1188,1.6597361311713503,9.45906386882865,1.670774146951249,1.4684433977554527,0.2023307491957962,0.10892971987486165,2.530450325424615
2023-03-31,13.97,18.68,9.98,85.76,2.91,2.1765376287387173,14.49,14.49,37.728758717640964,30.39579717328027,11.157300000000001,1.688041284850997,9.469258715149005,1.690112069510636,1.4494401108123216,0.24067195869831437,0.10969988636901656,2.598818542931829
2023-04-01,13.9,16.69,12.09,92.45,3.21,2.4009229512891004,14.02,14.02,37.72921719791769,30.39616654333041,10.7954,1.52523167096788,9.27016832903212,1.655448580198866,1.5304622123938518,0.12498636780501426,0.10750988062483126,2.317540691641825
2023-04-02,13.62,17.8,10.85,89.57,3.19,2.3859639297857416,12.83,12.83,37.72779061059955,30.39501722752342,9.879100000000001,1.2441481669037409,8.63495183309626,1.668929465207317,1.4948601219861937,0.17406934322112333,0.10862739844646663,2.2743166938241997
2023-04-03,13.99,19.21,9.67,86.53,3.12,2.333607354523986,16.92,16.92,37.72449891382885,30.392365304937076,13.028400000000001,2.2872291723059397,10.741170827694061,1.7137090687067824,1.482872457151979,0.2308366115548035,0.11121378878287244,2.878022960044908
2023-04-04,13.86,18.46,10.56,86.76,2.7,2.019467902953449,16.25,16.25,37.71936422723057,30.38822859602604,12.512500000000001,2.1251985453217253,10.387301454678276,1.6996289341471118,1.4745980632660343,0.22503087088107754,0.1104142485529805,2.7996090280795665
2023-04-05,13.58,17.77,10.57,89.7,2.31,1.727766983637951,14.43,14.43,37.71241079380439,30.38262663192057,11.1111,1.6501180522718133,9.460981947728188,1.6549949258937833,1.4845304485267237,0.1704644773670596,0.10775477853530704,2.4994459933763666
2023-04-06,13.39,17.21,10.42,89.03,1.73,1.2939553600405433,12.76,12.76,37.703664939052835,30.37558062149853,9.8252,1.2443198040869667,8.580880195913034,1.6133105816438955,1.43633041083756,0.17698017080633544,0.1052000426101742,2.3082518527183145
2023-04-07,13.64,17.74,11.3,90.33,1.61,1.20420123102039,11.63,11.63,37.69315502742681,30.36711341629614,8.955100000000002,0.93901405641821,8.01608594358179,1.68480497713057,1.5218843358420437,0.16292064128852624,0.10964322559197939,2.186786138470364
2023-04-08,12.89,15.76,10.56,89.72,1.62,1.2116807417720696,13.3,13.3,37.68091141617381,30.357249473326267,10.241000000000001,1.3996136393018745,8.841386360698127,1.5327049547648812,1.3751428854150516,0.15756206934982964,0.10034381791220796,2.3217162669441533
2023-04-09,13.44,18.36,9.26,88.88,2.87,2.1466195857319996,14.43,14.43,37.66696640667881,30.346014815876718,11.1111,1.6623616279787825,9.448738372021218,1.6397781146002117,1.457434788256668,0.18234332634354367,0.10688328589699872,2.4774793322690303
2023-04-10,12.01,14.83,9.85,90.01,2.33,1.7427260051413098,16.22,16.22,37.65135419339127,30.333436992363744,12.4894,2.1814122887583673,10.307987711241633,1.4512225603970568,1.306245426613391,0.14497713378366583,0.09568119215978685,2.55686613133287
2023-04-11,13.66,18.51,9.42,88.38,2.59,1.9371932846849749,15.88,15.88,37.63411081043527,30.31954503331907,12.2276,2.033277439862237,10.194322560137763,1.656077919501698,1.4636416652556006,0.19243625424609734,0.10775655772744293,2.688574756244511
2023-04-12,13.58,18.01,9.75,87.02,2.71,2.026947413705128,14.03,14.03,37.61527407600342,30.304369406591398,10.8031,1.5848986994168655,9.218201300583136,1.6364146391974206,1.4240080190295954,0.2124066201678252,0.10654503786071988,2.478861849814157
2023-04-13,14.17,18.63,9.84,85.65,2.48,1.8549186664165014,16.15,16.15,37.59488353463788,30.28794197084566,12.4355,2.1308927987605637,10.304607201239435,1.6810193145358605,1.4397930428999646,0.24122627163589594,0.10893621808641248,2.802895786457263
2023-04-14,14.18,18.63,10.94,87.82,2.83,2.1167015427252815,18.3,18.3,37.57298039750464,30.270295927445638,14.091000000000001,2.635622503813627,11.455377496186374,1.7273338562601617,1.5169445925676737,0.210389263692488,0.11192866815938338,3.0308419513674196
2023-04-15,14.44,18.73,10.37,87.59,2.85,2.131660564228641,15.61,15.61,37.54960748076981,30.25146577080739,12.0197,1.9666646111810466,10.053035388818953,1.709696767802563,1.497523398918265,0.21217336888429794,0.11055708745174268,2.6938445482655373
2023-04-16,13.95,18.19,11.28,90.91,2.11,1.578176768604362,11.15,11.15,37.52480914218857,30.231487237312802,8.5855,0.8241553492342327,7.761344650765767,1.7130616289463454,1.5573443268751226,0.1557173020712228,0.11120717297765301,2.101476507943344
2023-04-17,13.95,18.33,10.51,85.27,1.5,1.121926612751916,13.6,13.6,37.49863121601945,30.210397252873907,10.472,1.488222981465154,8.983777018534845,1.688885465724554,1.440112636623327,0.248772829101227,0.10963772403319477,2.520080453240278
2023-04-18,14.27,18.07,11.69,85.45,0.8,0.5983608601343553,12.01,12.01,37.471120946378065,30.188233879240023,9.2477,1.0747638057730935,8.172936194226907,1.7236204356385756,1.4728336622531628,0.2507867733854128,0.11160814477887045,2.327991987052624
2023-04-19,14.13,17.14,11.01,91.99,2.19,1.6380128546177974,17.92,17.92,37.44232691914562,30.16503625914048,13.7984,2.5411419057920352,11.257258094207966,1.63428748096986,1.503381053744174,0.1309064272256859,0.1059415242773312,2.8678562556371476
2023-04-20,14.14,18.27,10.77,89.34,2.83,2.1167015427252815,13.14,13.14,37.41229899254882,30.14084456035703,10.1178,1.3444554624551428,8.773344537544858,1.6960346741622792,1.5152373778965802,0.18079729626569896,0.10993549719187035,2.3408724447028395
2023-04-21,13.9,18.25,10.57,90.04,1.48,1.1069675912485573,9.62,9.62,37.38108822652764,30.115699918819725,7.4074,0.4567330309469467,6.950666969053053,1.6861591880920095,1.5182177329580455,0.16794145513396397,0.10950432118191049,1.9260202193318292
2023-04-22,13.53,15.85,11.94,93.64,0.99,0.7404715644162646,11.57,11.57,37.348746811008944,30.089644380821245,8.908900000000001,0.9498947824092822,7.959005217590719,1.5989815408525514,1.4972863148543292,0.10169522599822223,0.10414932219575132,2.125672482247
2023-04-23,13.88,17.92,10.84,89.46,0.57,0.42633211284572814,14.94,14.94,37.31532799320294,30.06272084444402,11.5038,1.8145717224287539,9.689228277571246,1.6762238998694383,1.4995499008231994,0.17667399904623893,0.10887642957876703,2.6931365336496644
2023-04-24,13.83,16.96,11.29,88.93,0.8,0.5983608601343553,15.5,15.5,37.28088600403992,30.034973000294723,11.935,1.982907302300057,9.952092697699943,1.635528659410857,1.454475636814075,0.1810530225967819,0.10627544189572558,2.7267636885263293
2023-04-25,13.7,17.28,11.47,91.72,1.41,1.0546110159868012,16.17,16.17,37.2454759838639,30.00644527164011,12.4509,2.1150454576426156,10.335854542357385,1.6633370302862431,1.5256127241785422,0.13772430610770092,0.1081943961224905,2.7538790333702154
2023-04-26,13.56,17.75,10.08,88.87,1.91,1.4285865535707731,14.28,14.28,37.209153907499456,29.977182754037862,10.9956,1.6740109791614834,9.321589020838516,1.6331642516612646,1.4513930704513658,0.18177118120989877,0.10635036463655134,2.493944580610462
2023-04-27,13.64,18.13,9.56,89.86,2.67,1.9970293706984108,15.36,15.36,37.171976508806544,29.947231154554906,11.8272,1.9416684438255638,9.885531556174435,1.636571604742881,1.4706232440219529,0.16594836072092822,0.10650430886182335,2.559697961766975
2023-04-28,13.79,18.03,10.12,90.28,2.81,2.101742521221923,14.86,14.86,37.13400120483719,29.916636730665036,11.4422,1.8099095543517145,9.632290445648286,1.6528788273550772,1.4922190053361637,0.1606598220189135,0.10743706540603849,2.490261684227668
2023-04-29,13.76,17.9,9.99,89.59,2.75,2.0568654567118463,16.02,16.02,37.09528601970649,29.88544622891634,12.3354,2.122931066826731,10.21246893317327,1.6390936093852453,1.4684639646482411,0.17062964473700415,0.10656649013410155,2.6378848124421075
2023-04-30,13.79,17.91,9.93,89.68,2.68,2.00450888145009,14.03,14.03,37.055889508288324,29.853706823457408,10.8031,1.6155944074150177,9.187505592584984,1.6372763314978522,1.468309414087274,0.16896691741057834,0.10642290372632693,2.401435074760697
2023-05-01,13.8,18.37,9.91,89.11,2.87,2.1466195857319996,18.5,18.5,37.015870679844795,29.82146605451016,14.245000000000001,2.761994239598972,11.48300576040103,1.6665373662744307,1.4850514470871452,0.18148591918728552,0.10831624209896393,2.9549802495236253
2023-05-02,13.86,18.06,10.33,88.1,3.37,2.5205951233159714,22.5,22.5,36.975288921695714,29.788771766874937,17.325,3.8214698308336854,13.503530169166314,1.6635855959736099,1.4656189100527501,0.19796668592085975,0.10807273857994322,3.3958514892381166
2023-05-03,13.31,17.85,7.29,89.46,3.18,2.3784844190340624,23.77,23.77,36.934203923032555,29.755672048551947,18.3029,4.19912817572943,14.10377182427057,1.5332936896051945,1.371684534720807,0.16160915488438743,0.10004617964841397,3.3863856217902413
2023-05-04,14.02,18.18,10.66,89.75,3.12,2.333607354523986,18.86,18.86,36.89267559897884,29.722215169561313,14.5222,2.8540623146234463,11.668137685376553,1.6854021454082742,1.512648425503926,0.17275371990434807,0.10935065641702606,2.9703069458079785
2023-05-05,14.42,18.73,10.53,89.12,3.7,2.7674189781213934,17.06,17.06,36.850764014995754,29.68844952104118,13.136199999999999,2.3920521342184093,10.744147865781589,1.716456219321831,1.5297057826596157,0.18675043666221525,0.1110118240120061,2.7604680809761293
2023-05-06,13.4,18.17,9.24,83.75,3.26,2.4383205050474976,22.21,22.21,36.80852931172983,29.65442355470202,17.1017,3.8820888369244098,13.21961116307559,1.6264811816945182,1.362177989669159,0.2643031920253591,0.10605040442141557,3.448198348108956
2023-05-07,13.74,18.4,9.06,84.13,2.39,1.7876030696513863,22.99,22.99,36.76603163039567,29.62018572271197,17.702299999999997,4.081624583189982,13.620675416810016,1.634598531982669,1.3751877449570193,0.2594107870256497,0.10629117454031409,3.596061368487725
2023-05-08,14.42,18.07,10.54,90.54,3.44,2.572951698577728,16.08,16.08,36.72333103878469,29.5857844180865,12.381599999999999,2.156669121242914,10.224930878757085,1.673100795544511,1.5148254602860005,0.15827533525851045,0.10820781152386039,2.5831107517130145
2023-05-09,14.16,17.14,11.79,92.47,4.03,3.014242832926815,14.73,14.73,36.68048745798639,29.551267915652154,11.3421,1.800426390086985,9.541673609913015,1.669123924969856,1.5434388934196257,0.12568503155023025,0.10817395636440112,2.324941486829568
2023-05-10,13.13,16.27,10.81,91.17,2.06,1.540779214845965,14.73,14.73,36.63756058990696,29.516684313652647,11.3421,1.8490391224689449,9.493060877531056,1.573054630693901,1.4341539068036298,0.1389007238902713,0.10278815069846994,2.4433360147368983
2023-05-11,14.09,18.61,10.44,89.45,2.22,1.6604513868728359,20.78,20.78,36.59460984566527,29.48208147606177,16.000600000000002,3.38033353131084,12.620266468689163,1.704567936083739,1.5247360188269043,0.17983191725683456,0.11053257128080053,3.3038149124284573
2023-05-12,13.95,18.72,10.02,85.52,1.89,1.4136275320674143,14.79,14.79,36.55169427494382,29.44750697566574,11.3883,1.8875649581324132,9.500735041867586,1.6944549755289862,1.4490978950723887,0.24535708045659743,0.10999928104302821,2.6403447901235673
2023-05-13,14.26,17.72,11.48,91.49,3.2,2.393443440537421,13.19,13.19,36.508872496368426,29.413008037974258,10.1563,1.424890532372627,8.731409467627373,1.6915603217843418,1.5476085384004943,0.1439517833838475,0.10954089159226381,2.2456135385138447
2023-05-14,13.98,17.1,11.32,92.79,3.15,2.356045886779024,13.32,13.32,36.46620262898712,29.378631486017184,10.256400000000001,1.464402474669601,8.7919975253304,1.6454712186945173,1.5268327438266427,0.1186384748678746,0.10679388791739258,2.197175662191175
2023-05-15,13.42,17.11,11.05,88.96,2.71,2.026947413705128,12.3,12.3,36.4237422249149,29.344423686080443,9.471,1.2342855049012824,8.236714495098717,1.6341809235326787,1.4537673495746708,0.18041357395800794,0.10653544697202048,2.1997312809475607
2023-05-16,13.75,18.24,9.32,86.28,2.22,1.6604513868728359,16.33,16.33,36.381548203207984,29.31043049443248,12.5741,2.3258239758490777,10.248276024150922,1.6342291731452039,1.410012930589682,0.22421624255552186,0.10625869101693294,2.755927637189369
2023-05-17,14.43,18.15,11.22,88.71,1.63,1.2191602525237488,15.93,15.93,36.3396767850272,29.276697205089317,12.2661,2.172324274140165,10.093775725859835,1.7077854966481167,1.514976514076544,0.19280898257157264,0.11044226974820251,2.7452156566684796
2023-05-18,14.98,19.37,11.54,88.08,2.6,1.9446727954366547,17.21,17.21,36.29818343014713,29.24326849866373,13.251700000000001,2.475042051123862,10.776657948876139,1.8046073364062263,1.589498141906604,0.21510919449962218,0.11619542480038392,2.924443847260599
2023-05-19,14.89,18.39,12.14,92.74,3.15,2.356045886779024,15.99,15.99,36.25712277486371,29.210188392341202,12.3123,2.124809254609623,10.187490745390377,1.7653564292177135,1.6371915524565075,0.12816487676120603,0.11374927422030194,2.5845423831289605
2023-05-20,14.77,18.77,11.85,90.93,2.64,1.9745908384433726,13.03,13.03,36.21654857135004,29.177500191022446,10.0331,1.392247389530413,8.640852610469587,1.7774057742801266,1.6161950705529193,0.16121070372720725,0.11463473148090084,2.3165199605122107
2023-05-21,13.83,16.94,11.0,89.82,1.67,1.2490782955304665,11.32,11.32,36.17651362850627,29.145246439669794,8.7164,0.9943813186404579,7.722018681359542,1.6215439412241257,1.4564707680075097,0.16507317321661596,0.10536672525751184,2.086839934561071
2023-05-22,14.04,19.08,9.38,86.37,2.03,1.5183406825909262,12.13,12.13,36.13706975434686,29.113468876892007,9.340100000000001,1.2151427196298388,8.124957280370163,1.6931259075842684,1.4623528463805326,0.23077306120373575,0.10983430031360912,2.280213786756237
2023-05-23,13.81,18.22,9.72,89.56,2.41,1.8025620911547453,14.87,14.87,36.09826769996437,29.082208389799295,11.4499,1.9287713048727937,9.521128695127206,1.6489125684931532,1.476766096342468,0.17214647215068513,0.10716218652216203,2.505456689244289
2023-05-24,13.96,18.25,10.82,91.49,2.0,1.4959021503358882,15.17,15.17,36.060157105106626,29.051504970158103,11.6809,1.9757853594791868,9.705114640520813,1.6968736917165343,1.5524697405514574,0.14440395116507698,0.11014752920064942,2.5639723337785525
2023-05-25,12.48,15.85,9.96,92.39,1.82,1.3612709568056582,17.0,17.0,36.0227864454006,29.02139767187254,13.09,2.5269536993975863,10.563046300602414,1.5128068421425844,1.3976822414555337,0.11512460068705077,0.09936652716397494,2.6614175353897633
2023-05-26,13.13,16.62,8.92,88.39,2.05,1.5332997040942853,13.03,13.03,35.986202981253406,28.991924569816995,10.0331,1.4984439446123776,8.534656055387622,1.516712990049303,1.340622611904579,0.17609037814472406,0.09910661737078039,2.238980030186297
2023-05-27,13.05,16.57,9.41,90.65,2.34,1.750205515892989,16.08,16.08,35.95045270845821,28.96312272004227,12.381599999999999,2.2999821634328197,10.08161783656718,1.5329007946436048,1.389574570344428,0.14332622429917685,0.10022840332620796,2.542826038181425
2023-05-28,13.53,17.58,9.3,89.04,2.42,1.8100416019064245,16.95,16.95,35.915580310529855,28.93502812137527,13.051499999999999,2.531451308191021,10.520048691808977,1.5908226848197469,1.4164685185635029,0.174354166256244,0.10361789684530215,2.7142170440729934
2023-05-29,14.14,18.43,10.28,89.6,2.53,1.8923162201748984,19.03,19.03,35.88162911279248,28.907675678430135,14.653100000000002,3.0347746494204135,11.618325350579589,1.6858258053432666,1.5104999215875667,0.1753258837556999,0.10927376716566138,3.014409978001489
2023-05-30,13.56,16.78,10.91,91.39,3.04,2.27377126851055,15.41,15.41,35.848641038239016,28.88109916604688,11.8657,2.09921207357306,9.76648792642694,1.6078798652213266,1.4694414088257703,0.1384384563955563,0.10470386538531952,2.4448039121235445
2023-05-31,13.07,17.06,9.33,91.22,2.99,2.236373714752153,17.93,17.93,35.816656565179876,28.855331195171516,13.8061,2.7914594568192346,11.014640543180766,1.5595082429342635,1.4225834192046352,0.13692482372962833,0.10195183572367074,2.7015959418754223
2023-06-01,12.95,16.65,10.42,91.11,2.84,2.124181053476961,12.79,12.79,35.785714686696174,28.830403180189908,9.8483,1.4196973646876205,8.42860263531238,1.5790594123939474,1.4386810306321254,0.14037838176182205,0.10332900621041931,2.1499101672707743
2023-06-02,12.2,16.25,9.14,88.87,2.62,1.9596318169400135,20.92,20.92,35.75585287191024,28.806345307725767,16.108400000000003,3.6807803751896433,12.42761962481036,1.5032447658672314,1.3359336234262087,0.16731114244102274,0.0989601977586261,3.0774448997316783
2023-06-03,12.5,17.12,7.69,87.39,2.5,1.8698776879198602,21.68,21.68,35.72710702908498,28.783186506912028,16.6936,3.912064927194782,12.781535072805218,1.5014213652851436,1.3120921311226867,0.18932923416245684,0.09860289760933676,3.2012822131205385
2023-06-04,12.59,16.59,7.89,88.59,2.9,2.1690581179870376,17.87,17.87,35.699511470561,28.760954421142763,13.759900000000002,2.8642934230922306,10.89560657690777,1.476354887248891,1.3079027946137924,0.16845209263509853,0.09688687894330561,2.691951053520345
2023-06-05,12.39,16.24,9.27,89.69,2.41,1.8025620911547453,17.24,17.24,35.67309887953911,28.73967538131189,13.274799999999999,2.672013902779842,10.602786097220157,1.507759073601664,1.3523091131133325,0.15544996048833148,0.09910637837030488,2.6654320908388778
2023-06-06,12.23,16.65,7.73,88.43,2.94,2.1989761609937557,16.1,16.1,35.647900278714445,28.719374380543506,12.397000000000002,2.3858295679250983,10.011170432074904,1.4741829613391724,1.3036199927122303,0.1705629686269421,0.09702369458016213,2.501321129036386
2023-06-07,12.92,17.14,7.85,89.81,2.89,2.1615786072353584,16.01,16.01,35.62394500076645,28.70007505041748,12.327700000000002,2.333505649006665,9.994194350993336,1.5084232117486969,1.3547148864715046,0.15370832527719225,0.09873045109714625,2.4844283073953517
2023-06-08,13.54,17.07,10.94,92.53,3.03,2.2662917577588706,13.09,13.09,35.60126066070826,28.681799638693008,10.0793,1.4937058577989226,8.585594142201078,1.6269148600994399,1.5053843200500117,0.1215305400494282,0.10596030405430648,2.1584570856606486
2023-06-09,13.36,17.56,9.14,88.18,2.69,2.01198839220177,16.62,16.62,35.57987313009743,28.664568988531695,12.797400000000001,2.4992279787800484,10.298172021219953,1.583269093138044,1.396126686329127,0.18714240680891692,0.10326582462337254,2.6620158682039707
2023-06-10,13.83,17.78,10.67,90.31,2.69,2.01198839220177,18.27,18.27,35.55980651310906,28.648402519221182,14.0679,2.8834721227635907,11.18442787723641,1.659902796769278,1.4990582157623351,0.160844581006943,0.10785925530290025,2.862963359926719
2023-06-11,13.7,17.3,9.72,89.93,3.02,2.258812247007191,16.28,16.28,35.541083124471584,28.633318208399288,12.5356,2.3888641655674747,10.146735834432526,1.5899942581014228,1.4298818363106096,0.1601124217908132,0.10342369914286488,2.5600755951014884
2023-06-12,13.29,17.22,9.8,88.28,2.99,2.236373714752153,16.5,16.5,35.52372346926438,28.61933257577816,12.705,2.4734637561529778,10.231536243847023,1.5882562047317101,1.402112577537154,0.18614362719455624,0.10364898235177628,2.630301067703724
2023-06-13,12.93,16.43,8.85,90.56,3.37,2.5205951233159714,19.98,19.98,35.50774622457585,28.606460668367287,15.3846,3.4304354849603143,11.954164515039686,1.5026552894539602,1.3608046301295065,0.14185065932445373,0.09834506386214883,2.8424844606673862
2023-06-14,12.32,15.71,9.9,92.53,4.15,3.1039969619469683,13.35,13.35,35.4931682230202,28.594716047193995,10.2795,1.60859195309026,8.67090804690974,1.5023181944919402,1.3900950253633924,0.1122231691285478,0.09880413567181479,2.0343997448718096
2023-06-15,11.64,15.3,9.1,88.89,3.81,2.849693596389867,14.28,14.28,35.48000443811007,28.584110775518997,10.9956,1.9127109325466478,9.082889067453351,1.4472016252490372,1.2864175246838692,0.160784100565168,0.09569993112518867,2.227278265626479
2023-06-16,12.0,16.13,8.1,91.4,2.98,2.2288942040004733,12.7,12.7,35.46826797148256,28.574655408545212,9.779,1.450478505995954,8.328521494004047,1.4567685319729846,1.331486438223308,0.12528209374967658,0.09605455152526216,2.040815584487523
2023-06-17,11.84,15.21,9.19,91.05,3.65,2.730021424362996,15.14,15.14,35.457970041975166,28.566358984616873,11.6578,2.1328874629323415,9.524912537067658,1.4457097479194085,1.3163187254806215,0.12939102243878708,0.09544784845730653,2.2547842958658206
2023-06-18,11.75,15.15,8.89,92.31,4.1,3.0665994081885706,14.8,14.8,35.44911997654829,28.559229017906365,11.396,2.032080324384717,9.363919675615284,1.4307208888464757,1.3206984524941818,0.11002243635229392,0.09452654401107435,2.13796036419034
2023-06-19,12.48,16.63,8.77,90.39,3.5,2.6178287630878043,18.61,18.61,35.44172520305091,28.553271492585935,14.3297,3.062931408856926,11.266768591143075,1.511550829562238,1.366290794841307,0.14526003472093096,0.09928402779610684,2.7010344318513724
2023-06-20,13.01,17.56,8.96,91.46,3.59,2.685144359852919,16.8,16.8,35.43579124482528,28.548490858481042,12.936000000000002,2.524398321312067,10.411601678687935,1.5762680840894832,1.4416547897082412,0.13461329438124192,0.10309690688669619,2.5234321438021508
2023-06-21,13.38,17.4,10.01,92.28,3.37,2.5205951233159714,16.61,16.61,35.43132171714735,28.54489002820259,12.7897,2.4530174089256933,10.336682591074307,1.6080914563384026,1.483946795909078,0.1241446604293246,0.10486808238500125,2.519473666236737
2023-06-22,13.33,17.32,10.16,91.66,2.75,2.0568654567118463,12.93,12.93,35.42831832549871,28.542470375754778,9.9561,1.4781840326914872,8.477915967308512,1.6092830112448988,1.4750688081070742,0.13421420313782462,0.10498766394137984,2.1670865375724637
2023-06-23,13.55,17.4,10.08,89.84,2.52,1.8848367094232192,17.53,17.53,35.426780865666586,28.54123173661563,13.4981,2.7336899270212234,10.764410072978777,1.6109791200789005,1.4473036414788842,0.1636754786000163,0.10491405059486338,2.758262990432571
2023-06-24,12.79,16.45,9.97,89.96,2.57,1.9222342631816163,16.92,16.92,35.426707225667904,28.541172409287093,13.028400000000001,2.597120059373613,10.43127994062639,1.5483544428750116,1.3928996568103602,0.15545478606465135,0.10144944736048082,2.6341318176345743
2023-06-25,12.15,15.82,8.47,89.53,2.39,1.7876030696513863,15.41,15.41,35.428093389493796,28.54228915831178,11.8657,2.2219096061278694,9.64379039387213,1.4525414693206737,1.3004603774827992,0.15208109183787455,0.09566068306821202,2.4128417884290068
2023-06-26,12.5,16.68,8.21,88.8,2.53,1.8923162201748984,14.13,14.13,35.4309334426709,28.544577218753382,10.8801,1.858648548933057,9.021451451066943,1.493495213491013,1.3262237495800195,0.16727146391099357,0.09808236316653275,2.3077813062025347
2023-06-27,13.1,17.08,9.25,90.9,2.67,1.9970293706984108,16.04,16.04,35.43521957963588,28.54803030213785,12.3508,2.3370959641917994,10.0137040358082,1.5575848140025987,1.4158445959283623,0.14174021807423642,0.10180169504802937,2.511316960746233
2023-06-28,13.41,17.66,9.42,90.0,2.95,2.2064556717454353,17.77,17.77,35.44094211291941,28.552640603852392,13.6829,2.7958342201362467,10.887065779863754,1.6006600925494474,1.4405940832945026,0.16006600925494485,0.10435848305077287,2.740080199423776
2023-06-29,13.15,16.51,10.56,93.01,4.36,3.2610666877322365,17.14,17.14,35.44808948413629,28.55839881199956,13.1978,2.600424817366886,10.597375182633115,1.576590390495689,1.4663867222000406,0.11020366829564843,0.1030027351486244,2.442764890052272
2023-06-30,12.07,15.97,8.94,89.85,3.31,2.475718058805895,16.4,16.4,35.45664827677786,28.565294117703317,12.627999999999998,2.479324004333622,10.148675995666377,1.479110348014061,1.3289806476906338,0.1501297003234272,0.09747295198435282,2.4710140213854412
2023-07-01,12.38,16.7,7.92,89.53,2.81,2.101742521221923,15.3,15.3,35.46660323080322,28.57331422686431,11.781,2.1718273535882515,9.60917264641175,1.484066522179255,1.328684757307087,0.15538176487216804,0.09755685944928102,2.3982490996074124
2023-07-02,13.42,17.07,9.54,91.09,2.64,1.9745908384433726,16.26,16.26,35.47793725902534,28.582445373361175,12.5202,2.385345914750279,10.13485408524972,1.5684809613043864,1.4287293076521654,0.13975165365222098,0.10225233808166265,2.5417507127853396
2023-07-03,13.94,18.14,10.07,89.81,2.19,1.6380128546177974,14.43,14.43,35.49063146528806,28.592672333694676,11.1111,1.873481754184265,9.237618245815735,1.6579813034919189,1.4890330086660923,0.16894829482582652,0.10764008039167099,2.4499884537602226
2023-07-04,13.59,17.79,10.97,90.27,2.47,1.8474391556648222,17.02,17.02,35.50466516442995,28.603978443071348,13.1054,2.553341590567246,10.552058409432753,1.6734959134821807,1.5106647611003645,0.16283115238181622,0.10895067048413513,2.7458618244893445
2023-07-05,12.92,16.97,9.7,91.91,2.65,1.9820703491950518,14.84,14.84,35.52001590403027,28.616345612922945,11.4268,1.9896796884944696,9.43712031150553,1.5687711680095093,1.44185758051754,0.12691358749196935,0.10268039094029784,2.3645474179255017
2023-07-06,13.41,17.6,9.41,90.73,2.86,2.13914007498032,17.35,17.35,35.53665948793217,28.629754349857674,13.3595,2.661519219518187,10.697980780481814,1.5964479505822893,1.448457225563311,0.14799072501897825,0.10408386338096716,2.681259826307141
2023-07-07,13.89,17.8,10.79,89.9,2.68,2.00450888145009,16.8,16.8,35.55457000153769,28.644183776038826,12.936000000000002,2.4964286803526736,10.439571319647328,1.666339117416677,1.4980388665575928,0.1683002508590843,0.1082257618618301,2.705240473161802
2023-07-08,13.03,16.14,10.74,92.61,3.16,2.363525397530703,14.14,14.14,35.57371983886859,28.659611650986093,10.8878,1.7950323018944991,9.0927676981055,1.562404335104739,1.4469426547404987,0.11546168036424032,0.1021738105566305,2.2235332211453973
2023-07-09,12.51,16.21,8.91,89.78,3.39,2.53555414481933,17.98,17.98,35.594079731386074,28.676014394793878,13.8446,2.889859439952167,10.954740560047833,1.4919594159231508,1.3394811636158048,0.15247825230734602,0.09797365835436272,2.6458513837202307
2023-07-10,13.04,16.99,8.76,89.66,3.46,2.5879107200810867,14.24,14.24,35.615618778562215,28.693367112760864,10.9648,1.849174556562801,9.1156254434372,1.5330402595204524,1.3745238966860376,0.15851636283441484,0.10024553047920041,2.279677860770601
2023-07-11,12.76,16.65,9.82,87.93,3.21,2.4009229512891004,15.41,15.41,35.63830448019442,28.711643621423836,11.8657,2.1805564543612093,9.685143545638791,1.5541973757179561,1.366605752468799,0.18759162324915724,0.10185671644023676,2.486289710909959
2023-07-12,12.74,17.01,8.23,86.18,2.87,2.1466195857319996,17.29,17.29,35.66210277045354,28.73081647598819,13.3133,2.7269206417184333,10.586379358281567,1.514323723147513,1.305044184608527,0.20927953853898607,0.09925941232635073,2.7211111224602713
2023-07-13,12.86,17.18,8.68,89.35,3.22,2.40840246204078,20.25,20.25,35.68697805365516,28.750856999146745,15.592500000000001,3.47170003246865,12.120799967531351,1.5417101889940263,1.3775180538661624,0.1641921351278639,0.10095758660887345,2.9653175940386576
2023-07-14,12.98,16.92,9.86,90.79,3.4,2.54303365557101,12.43,12.43,35.7128932417422,28.771735311277187,9.5711,1.3329807802268583,8.238119219773141,1.5722086355245435,1.4274082201927332,0.14480041533181032,0.10285604924114493,2.0838016943163242
2023-07-15,12.79,16.77,10.14,88.96,3.61,2.700103381356278,17.28,17.28,35.739809793465476,28.793420362007527,13.305600000000002,2.6561193485749057,10.649480651425096,1.574597908890437,1.4007622997489326,0.1738356091415043,0.10316894068214232,2.656040143448731
2023-07-16,12.96,16.68,9.18,90.21,3.72,2.782377999624752,15.96,15.96,35.767687755247806,28.815879963137842,12.289200000000001,2.2949282359657537,9.994271764034247,1.5304385552172555,1.3806086206614863,0.1498299345557692,0.1001393969320945,2.431864813196199
2023-07-17,12.61,15.71,10.36,90.53,3.75,2.80481653187979,14.28,14.28,35.796485803715065,28.839080822905007,10.9956,1.841486480366833,9.154113519633167,1.5213899630005463,1.3773143335043947,0.1440756294961516,0.09982635913510093,2.238575101166327
2023-07-18,12.16,15.97,8.9,89.17,4.09,3.059119897436891,16.51,16.51,35.826161289876296,28.86298858157594,12.712700000000002,2.4716336898531797,10.241066310146822,1.4775665503211206,1.3175460929213432,0.16002045739977744,0.09730096979355873,2.4590849477809362
2023-07-19,11.74,15.52,8.67,90.14,4.3,3.216189623222159,11.01,11.01,35.85667028493292,28.887567848353356,8.4777,0.9640170948060197,7.51368290519398,1.442999348740312,1.3007196129545173,0.14227973578579478,0.09534542826170771,1.844775606294989
2023-07-20,12.28,16.09,8.85,89.79,4.53,3.388218370510787,17.57,17.57,35.887967627694984,28.912782239576188,13.5289,2.742249325249916,10.786650674750085,1.4826220873912253,1.3312463722685812,0.15137571512264403,0.09754002421045063,2.520638296628369
2023-07-21,12.47,15.63,10.03,92.51,3.92,2.9319682146583403,14.89,14.89,35.92000697358067,28.93859441819553,11.465300000000001,1.9782560754787548,9.487043924521245,1.5030953281753021,1.3905134880949719,0.11258184008033023,0.09873654615210542,2.2175641300889524
2023-07-22,12.46,16.33,9.59,90.28,3.46,2.5879107200810867,13.75,13.75,35.952740845172656,28.9649661345049,10.5875,1.6805048886776563,8.906995111322344,1.52579938022191,1.3774916804643405,0.14830769975756963,0.1002359744558714,2.214520910708723
2023-07-23,12.67,17.23,7.76,90.01,3.05,2.281250779262229,15.76,15.76,35.986120684302755,28.991858268101673,12.1352,2.2185138155382655,9.916686184461733,1.5107564898312398,1.3598319164970991,0.15092457333414067,0.09908105955278014,2.4542445819992533
2023-07-24,13.16,17.02,9.89,89.37,2.8,2.094263010470243,18.04,18.04,36.02009690563397,29.01923087105495,13.8908,2.8137356210112516,11.077064378988748,1.5795635441494351,1.4116559394063504,0.16790760474308475,0.10318873854913611,2.7985600029161004
2023-07-25,13.82,17.89,10.28,89.84,2.72,2.034426924456808,15.15,15.15,36.054618951706345,29.0470432122527,11.6655,2.005865753051627,9.659634246948373,1.6504753243340062,1.4827870313816711,0.16768829295233512,0.10725520675847446,2.512524139478825
2023-07-26,13.99,17.62,10.43,90.18,2.21,1.6529718761211565,17.11,17.11,36.089635349410486,29.075253822899064,13.1747,2.5187666114243874,10.655933388575612,1.639492017905929,1.4784939017475667,0.16099811615836224,0.1063973589917396,2.767713264481985
2023-07-27,14.01,17.44,10.43,90.76,3.26,2.4383205050474976,12.63,12.63,36.12509376784987,29.10382054313057,9.725100000000001,1.3352735853502833,8.389826414649718,1.6281109637158577,1.4776735106685126,0.15043745304734513,0.10564195134438893,2.152219933405122
2023-07-28,13.82,17.4,11.26,90.42,3.9,2.9170091931549815,17.36,17.36,36.16094107755042,29.13270056971772,13.3672,2.565036122660644,10.802163877339357,1.661485762585504,1.5023154265298126,0.1591703360556913,0.10797071386951977,2.6774917565639256
2023-07-29,13.36,17.37,10.44,90.01,3.77,2.819775553383149,15.84,15.84,36.197123410972644,29.161850504816,12.1968,2.1806766680013046,10.016123331998696,1.6241375869577928,1.4618862420207095,0.16225134493708326,0.1059313972248353,2.5070049086383492
2023-07-30,12.55,16.14,8.34,90.04,3.12,2.333607354523986,14.23,14.23,36.23358622427908,29.191226405728198,10.9571,1.7973662085840147,9.159733791415986,1.46623763148611,1.3202003633900936,0.14603726809601647,0.09625373885656313,2.252556099577604
2023-07-31,11.75,14.66,9.03,90.68,3.79,2.834734574886508,13.26,13.26,36.27027436030655,29.22078383563737,10.2102,1.5447829064509486,8.665417093549053,1.409381386005341,1.2780270408296435,0.13135434517569755,0.09311666073460015,2.055592383749152
2023-08-01,11.22,15.49,7.86,89.16,3.51,2.6253082738394835,13.89,13.89,36.30713211268993,29.250477915267513,10.695300000000001,1.7204746530926425,8.974825346907359,1.4112383419719163,1.2582601057021605,0.15297823626975582,0.09363746149457991,2.186599892965969
2023-08-02,10.99,16.24,6.18,87.38,2.94,2.1989761609937557,14.96,14.96,36.34410329108076,29.28026337542631,11.519200000000001,2.0227664204075295,9.496433579592471,1.3965874589964304,1.220338121671081,0.17624933732534953,0.09283711480184895,2.3659508181711346
2023-08-03,11.72,16.58,7.19,84.71,2.7,2.019467902953449,16.35,16.35,36.381131287401445,29.3100946103821,12.589500000000001,2.414829296251287,10.174670703748713,1.4508780638683962,1.2290388079029184,0.22183925596547782,0.09588140979239998,2.632025133381945
2023-08-04,12.06,16.42,6.99,87.77,2.9,2.1690581179870376,17.73,17.73,36.418159143072074,29.339925732024586,13.6521,2.7553568879813044,10.896743112018697,1.4344067209938312,1.2589787790162856,0.17542794197754552,0.09453457737648482,2.6825499430158573
2023-08-05,13.24,17.52,9.13,89.82,3.0,2.243853225503832,15.99,15.99,36.455129617144635,29.369710624756404,12.3123,2.2051203841119773,10.107179615888024,1.580347668761876,1.4194682760819168,0.1608793926799592,0.10317404271204894,2.5523871126199733
2023-08-06,13.29,17.28,9.76,90.56,2.83,2.1167015427252815,14.29,14.29,36.491985255275345,29.39940300106003,11.0033,1.7457400947264385,9.257559905273562,1.5903670540461594,1.4402364041442022,0.15013064990195724,0.10378673555726592,2.3581609732359845
2023-08-07,13.62,17.91,10.07,90.2,3.12,2.333607354523986,14.41,14.41,36.528668459463745,29.42895645768237,11.0957,1.7600645134489954,9.335635486551006,1.6430363792046552,1.482018814042599,0.16101756516205623,0.10694206744305579,2.4006707165288037
2023-08-08,13.11,17.83,9.73,85.72,3.17,2.3710049082823828,19.32,19.32,36.565121558483455,29.45832453237661,14.8764,3.1145994483493973,11.761800551650603,1.6239757164450686,1.3920719841367128,0.2319037323083557,0.10613243991912509,3.068176334109164
2023-08-09,12.99,17.7,9.52,89.29,2.08,1.5557382363493237,14.04,14.04,36.60128687892702,29.487460761138767,10.8108,1.6746554980541237,9.136144501945877,1.607197773003151,1.4350668915145135,0.17213088148863753,0.10513668499914923,2.418835555254704
2023-08-10,12.85,17.65,8.3,82.37,2.48,1.8549186664165014,16.83,16.83,36.63710681678419,29.516318735874016,12.9591,2.5073475934944978,10.451752406505502,1.5569443201656838,1.2824550365204737,0.2744892836452102,0.10196333247884924,2.8362531496548176
2023-08-11,12.46,16.67,8.93,87.8,2.98,2.2288942040004733,15.82,15.82,36.67252390947004,29.544852162425443,12.1814,2.1815857603046624,9.999814239695338,1.5201090090492948,1.334655709945281,0.18545329910401387,0.09986215080192568,2.547790477328386
2023-08-12,11.9,15.27,8.38,90.47,2.89,2.1615786072353584,16.74,16.74,36.70748090821707,29.573014918896003,12.8898,2.4323309271095024,10.457469072890497,1.4180340628754926,1.282895416683458,0.13513864619203453,0.09357558295154073,2.5044374217358207
2023-08-13,12.77,16.8,8.87,89.16,3.38,2.528074634067651,17.45,17.45,36.741920850742154,29.60076111419191,13.4365,2.587340106733169,10.849159893266831,1.5256612561434575,1.3602795759775066,0.1653816801659509,0.09997856141010533,2.669047518138809
2023-08-14,13.3,17.09,10.42,91.01,3.67,2.744980445866355,17.16,17.16,36.77578713409737,29.628045146714207,13.2132,2.4522482082503863,10.760951791749614,1.6058811413811247,1.4615124267709618,0.14436871461016287,0.10479081517016539,2.627523910740318
2023-08-15,13.23,16.87,10.69,92.42,3.12,2.333607354523986,14.25,14.25,36.80902358761094,29.654821763122875,10.9725,1.6845498058237673,9.287950194176233,1.6038654278322686,1.482292428402583,0.12157299942968569,0.1047177743652325,2.3010632241196465
2023-08-16,13.01,18.13,8.88,87.25,2.47,1.8474391556648222,15.7,15.7,36.8415745458223,29.681046117096276,12.089,2.101810249302494,9.987189750697507,1.6098536378223074,1.404597298999963,0.2052563388223443,0.10529359331388553,2.6479372267218393
2023-08-17,13.94,18.58,9.15,86.88,2.37,1.7726440481480275,19.31,19.31,36.87338492131364,29.70667382800712,14.868699999999999,3.03081631714315,11.837883682856848,1.650109039965657,1.4336147339221628,0.2164943060434943,0.10712899436371243,3.121258915805872
2023-08-18,14.82,18.99,11.33,90.32,2.12,1.5856562793560416,17.65,17.65,36.90440027733773,29.731661039434368,13.590499999999999,2.4963012057866525,11.094198794213346,1.7689056363201798,1.5976755707243862,0.17123006559579368,0.1140412641690122,2.960146562137925
2023-08-19,15.32,19.5,11.3,90.03,3.0,2.243853225503832,17.96,17.96,36.93456690014071,29.755964477429362,13.8292,2.5571076561366146,11.272092343863385,1.8030011301901498,1.6232419175101918,0.1797592126799581,0.11577971905995485,2.954995448678727
2023-08-20,14.72,18.19,12.44,91.47,3.05,2.281250779262229,16.7,16.7,36.963831870876525,29.779541508452965,12.859,2.2411228612045955,10.617877138795404,1.7662776464764818,1.6156141632320378,0.150663483244444,0.11396222301693942,2.7340567885130302
2023-08-21,14.26,18.49,10.25,88.66,2.8,2.094263010470243,16.19,16.19,36.99214313700857,29.802350196899585,12.466300000000002,2.1701134925315166,10.296186507468486,1.6885650456146122,1.4970817694419152,0.191483276172697,0.10934692557286041,2.7099940583373336
2023-08-22,13.35,17.39,10.09,87.92,2.55,1.9072752416782572,13.65,13.65,37.01944958309306,29.824349362123098,10.5105,1.5444096473938955,8.966090352606106,1.6107650395181388,1.4161846227443475,0.19458041677379123,0.1050675804360143,2.3878689249426723
2023-08-23,13.19,18.17,7.71,86.02,2.63,1.9671113276916927,23.38,23.38,37.04570110083742,29.84549863487866,18.0026,4.130552893140033,13.872047106859968,1.5689591796098616,1.349618686300403,0.2193404933094587,0.10247143381384897,3.5287495221623026
2023-08-24,13.29,17.48,9.87,88.7,2.66,1.9895498599467312,16.12,16.12,37.07084865832645,29.86575851309412,12.412400000000002,2.1743339691797567,10.238066030820246,1.6073848702433755,1.4257503799058742,0.18163449033750134,0.10489731162517997,2.654669712327859
2023-08-25,13.46,17.37,10.59,89.08,2.65,1.9820703491950518,18.93,18.93,37.09484436830881,29.885090416884314,14.5761,2.8859842944936025,11.690115705506397,1.6304987861923947,1.4524483187401853,0.17805046745220943,0.10626149251237844,2.997289841402868
2023-08-26,13.11,17.78,9.43,85.6,2.56,1.9147547524299369,25.13,25.13,37.11764155543567,29.903456742721193,19.3501,4.57628809902065,14.77381190097935,1.6087251571148626,1.3770687344903223,0.23165642262454034,0.10513576302583433,3.795349377487384
2023-08-27,11.81,17.35,7.59,71.19,2.41,1.8025620911547453,23.35,23.35,37.13919482234378,29.920820916673044,17.9795,4.479022157609601,13.5004778423904,1.512153359500998,1.0765019766287605,0.4356513828722375,0.09985859913365104,3.7708841372816937
2023-08-28,12.73,17.72,7.74,85.7,2.63,1.9671113276916927,17.14,17.14,37.1594601144754,29.937147446625964,13.1978,2.485685076294655,10.712114923705347,1.5409251443787952,1.3205728487326274,0.22035229564616787,0.10101113573949101,2.796020317535488
2023-08-29,13.18,17.62,8.97,86.24,2.92,2.1840171394903964,21.08,21.08,37.17839478352809,29.95240197340157,16.2316,3.502576877933338,12.729023122066662,1.5804613365992037,1.362989856683153,0.21747147991605065,0.10323090170519258,3.248454769926663
2023-08-30,13.09,17.7,9.81,88.79,3.29,2.460759037302536,16.5,16.5,37.19595764942797,29.96655132068515,12.705,2.2523289023611337,10.452671097638866,1.6188958499407495,1.4374176251623916,0.18147822477835795,0.10581735542287951,2.670758349649757
2023-08-31,13.06,17.44,8.39,87.05,3.04,2.27377126851055,20.15,20.15,37.2121090607216,29.979563543679753,15.5155,3.2543153093130135,12.261184690686985,1.547011873670864,1.346673836030487,0.20033803764037694,0.10114297304042587,3.0819818199430395
2023-09-01,13.74,18.25,9.71,88.15,3.0,2.243853225503832,20.25,20.25,37.22681095328254,29.991407976402545,15.592500000000001,3.207045295128535,12.385454704871467,1.6504799625329714,1.4548980869728143,0.19558187556015705,0.10732387821252683,3.16592053256342
2023-09-02,14.06,18.4,11.31,91.08,2.17,1.6230538331144386,16.84,16.84,37.24002690723034,30.00205527754105,12.966800000000001,2.263003570396618,10.703796429603383,1.7282426072028363,1.5740833666403433,0.15415924056249297,0.11209450576637159,2.8219341029172704
2023-09-03,14.15,18.44,11.09,87.89,2.67,1.9970293706984108,17.02,17.02,37.25172220196196,30.011477474788634,13.1054,2.352341966336133,10.753058033663866,1.7211875576846152,1.5127517444490084,0.20843581323560678,0.11155701166903152,2.869668126116355
2023-09-04,13.78,17.98,10.24,89.46,3.36,2.5131156125642917,14.66,14.66,37.26186386919718,30.019648007580017,11.2882,1.7540222853279772,9.534177714672023,1.6546233049214405,1.4802260085827206,0.17439729633871992,0.10755902358380322,2.461333418880638
2023-09-05,13.48,17.77,9.58,89.65,3.34,2.498156591060933,17.63,17.63,37.27042074394258,30.0265417681499,13.575099999999999,2.523915709576827,11.051184290423173,1.6140779731286283,1.4470209029098156,0.16705707021881278,0.10517455152940004,2.765998174820103
2023-09-06,13.22,18.44,8.3,86.45,3.1,2.3186483330206267,19.38,19.38,37.27736351328091,30.032135140839635,14.9226,3.0183484386450314,11.904251561354968,1.6083365482410987,1.39040694595443,0.2179296022866688,0.10501808122694165,3.068312144841112
2023-09-07,13.62,17.58,9.77,90.24,2.73,2.041906435208487,14.86,14.86,37.2826647628958,30.036406039579372,11.4422,1.8089702252545248,9.633229774745475,1.6096367879299716,1.4525362374280062,0.15710055050196536,0.10476815249639056,2.4694199566236428
2023-09-08,14.08,18.65,9.59,87.21,2.94,2.1989761609937557,15.12,15.12,37.286299021245064,30.039333943475874,11.6424,1.8837420331845278,9.758657966815473,1.6722491273824565,1.4583684639902401,0.21388066339221634,0.10844548821689422,2.609973232737587
2023-09-09,14.0,18.12,10.89,90.04,3.31,2.475718058805895,14.01,14.01,37.288242801298885,30.040899930438435,10.787700000000001,1.571309413728085,9.216390586271917,1.6913802054614013,1.522918736997446,0.16846146846395538,0.10975598724247637,2.396643931323007
2023-09-10,13.42,18.77,9.82,87.03,3.16,2.363525397530703,13.04,13.04,37.2884746397636,30.041086708779147,10.040799999999999,1.3468416789174096,8.69395832108259,1.689644814030288,1.4704978816505596,0.21914693237972838,0.1101512463488707,2.3807557677479023
2023-09-11,13.29,17.88,9.9,88.72,2.21,1.6529718761211565,20.81,20.81,37.286975133714705,30.039878646725917,16.023699999999998,3.3434279314382116,12.680272068561786,1.6341127833527334,1.4497848613905449,0.1843279219621885,0.10664156484195843,3.2866841150330957
2023-09-12,13.49,18.79,8.23,87.6,2.34,1.750205515892989,17.24,17.24,37.2837269745678,30.0372617997908,13.274799999999999,2.4350623093958386,10.83973769060416,1.6292295003415167,1.4272050422991684,0.20202445804234825,0.10615337057128485,2.8577363761080745
2023-09-13,14.17,18.48,9.98,89.41,2.58,1.9297137739332957,20.32,20.32,37.27871497932,30.033223935939365,15.6464,3.1808489504447883,12.465551049555211,1.6767144152049505,1.4991503586347463,0.17756405657020413,0.10865724481805265,3.206951636220189
2023-09-14,13.45,17.15,10.4,88.69,3.06,2.288730290013909,14.28,14.28,37.271926118998934,30.027754558510303,10.9956,1.678113654595763,9.317486345404237,1.6087467363959425,1.4267974805095613,0.1819492558863811,0.10485224884867746,2.422913918083732
2023-09-15,12.58,17.61,8.75,84.53,2.78,2.0793039889668843,17.62,17.62,37.26334954426144,30.020844926838784,13.567400000000001,2.6084287429621447,10.958971257037856,1.5713653994323227,1.3282751721401425,0.24309022729218022,0.10313026780585842,2.9014935490939147
2023-09-16,13.29,17.96,8.69,89.0,2.42,1.8100416019064245,18.0,18.0,37.252976608088645,30.012488074540535,13.86,2.6362556712106207,11.22374432878938,1.5915208617340495,1.4164535669433043,0.17506729479074523,0.10386203259833723,2.881748129738652
2023-09-17,14.06,18.41,10.53,87.45,3.07,2.2962098007655882,13.86,13.86,37.24080088552957,30.002678825418048,10.6722,1.5587328604204918,9.113467139579509,1.695031569925899,1.4823051079001988,0.21272646202570034,0.1099404246240416,2.4653890153120237
2023-09-18,13.85,17.53,9.73,87.44,3.23,2.415881972792459,13.35,13.35,37.22681819045029,29.99141380695437,10.2795,1.4510294643143105,8.82847053568569,1.60484939078028,1.4032803072982771,0.20156908348200298,0.10426531767792245,2.33915729924635
2023-09-19,13.47,17.66,9.34,85.11,3.52,2.6327877845911636,15.61,15.61,37.211026589251105,29.97869146136426,12.0197,2.0680708408131325,9.951629159186869,1.597487027660462,1.3596212092418194,0.23786581841864263,0.10410177494490273,2.648074687456075
2023-09-20,13.29,17.88,9.19,84.31,3.2,2.393443440537421,16.3,16.3,37.193426411520086,29.964512054177042,12.551,2.2580312457111047,10.292968754288896,1.6056736579585627,1.3537434610248642,0.25193019693369845,0.10478563857685168,2.765032532975334
2023-09-21,13.36,18.15,8.53,85.93,2.84,2.124181053476961,22.13,22.13,37.174020257596155,29.948877680329765,17.0401,3.7702248864249217,13.269875113575077,1.5978247977186417,1.3730108486796289,0.22481394903901286,0.10421519377546688,3.4003879388713893
2023-09-22,14.09,18.86,9.93,81.98,2.19,1.6380128546177974,20.62,20.62,37.15281300302123,29.931792267754023,15.877400000000002,3.4020324517134797,12.475367548286522,1.7002442867336784,1.3938602662642696,0.3063840204694088,0.11025220458501678,3.4381160854392214
2023-09-23,14.14,17.81,11.99,92.33,2.52,1.8848367094232192,17.94,17.94,37.12981179986646,29.913261578444416,13.8138,2.5393143571667602,11.274485642833241,1.720549765505456,1.5885835984911876,0.13196616701426844,0.1115245441592311,2.888838384609368
2023-09-24,13.46,17.9,8.87,85.84,2.85,2.131660564228641,16.21,16.21,37.105026074923146,29.893293207001083,12.481700000000002,2.2286037525983353,10.253096247401666,1.5945320183946152,1.3687462845899379,0.22578573380467737,0.10391749663859849,2.713955693481039
2023-09-25,13.12,17.59,8.48,88.49,2.81,2.101742521221923,17.53,17.53,37.07846752475522,29.871896576643795,13.4981,2.5570689181764577,10.941031081823542,1.5598627918356445,1.3803225844953615,0.17954020734028298,0.10193429659914767,2.7754998021477304
2023-09-26,14.92,20.2,9.82,85.75,2.3,1.7202874728862712,20.37,20.37,37.05015010761545,29.849082932699314,15.6849,3.2230153268884814,12.46188467311152,1.790308555704458,1.5351895865165728,0.25511896918788524,0.11532960337776423,3.4037570191217803
2023-09-27,15.54,20.04,11.38,87.68,1.92,1.4360660643224528,17.71,17.71,37.02009003223409,29.824865333569072,13.636700000000001,2.5001243916568785,11.136575608343122,1.8451600246023299,1.6178363095713229,0.227323715031007,0.11828084754093275,3.0869674788360375
2023-09-28,15.2,18.63,12.59,87.9,2.2,1.645492365369477,20.92,20.92,36.98830574349357,29.79925863918816,16.108400000000003,3.339703933560158,12.768696066439844,1.8026254596241142,1.5845077790095965,0.21811768061451775,0.11586564663918629,3.442910552388275
2023-09-29,14.4,18.69,11.47,88.71,2.57,1.9222342631816163,16.22,16.22,36.954817905009854,29.77227949699214,12.4894,2.1589234466848723,10.330476553315128,1.754773360432826,1.5566594480399598,0.19811391239286613,0.11350802198690099,2.7739353502002784
2023-09-30,13.73,18.58,9.09,80.33,3.01,2.251332736255512,21.62,21.62,36.919649378645246,29.743946325411756,16.6474,3.763335482720935,12.884064517279066,1.6477656565376826,1.3236501518967205,0.32411550464096206,0.10715591492154697,3.5045020939210256
2023-10-01,14.27,19.42,9.94,81.78,2.22,1.6604513868728359,19.27,19.27,36.882825200984904,29.71427929492148,14.8379,3.0651546194394306,11.772745380560568,1.739334439539476,1.4224277046553835,0.3169067348840926,0.11262566046049305,3.2998184580744927
2023-10-02,14.86,19.97,10.78,86.97,2.01,1.5033816610875674,21.24,21.24,36.84437255681331,29.68330030667108,16.3548,3.4417139277562576,12.913086072243743,1.8137913128176888,1.577454304757544,0.2363370080601448,0.11689794590862622,3.5285484373754454
2023-10-03,13.36,17.78,10.3,83.76,1.82,1.3612709568056582,18.46,18.46,36.804320749633284,29.651032968734558,14.214200000000002,2.877660200763742,11.33653979923626,1.6442392123429619,1.3772147642584651,0.26702444808449677,0.10724248889628034,3.1006669084688188
2023-10-04,14.24,20.2,8.78,79.83,1.59,1.1892422095170312,19.31,19.31,36.76270116927547,29.617502570015095,14.868699999999999,3.113939450282142,11.754760549717856,1.749248289217392,1.3964249092822438,0.3528233799351481,0.11329462303911604,3.35264717895189
2023-10-05,14.55,19.67,10.38,85.1,1.86,1.391188999812376,19.61,19.61,36.719547256651076,29.582736051848375,15.0997,3.099182874616841,12.000517125383158,1.7752615854526712,1.510747609220223,0.2645139762324482,0.11469656173752463,3.32346193211516
2023-10-06,14.69,18.74,11.38,87.74,2.33,1.7427260051413098,17.38,17.38,36.67489446570586,29.54676197735127,13.3826,2.501486289798977,10.881113710201022,1.754122453629234,1.53906704081429,0.215055412814944,0.11320490609062117,2.9433853862071087
2023-10-07,15.13,19.19,11.94,87.71,2.37,1.7726440481480275,19.12,19.12,36.628780222638646,29.509610498566598,14.7224,2.927326930659679,11.795073069340322,1.810300011146993,1.5878141397770273,0.22248587136996556,0.11642347919136938,3.1997824748909864
2023-10-08,14.08,16.84,11.89,90.59,2.66,1.9895498599467312,15.09,15.09,36.58124388245171,29.471313321458396,11.6193,1.9282675783030638,9.691032421696937,1.6552958406931628,1.4995325020839363,0.15576333860922653,0.10734606623377187,2.5050013240819173
2023-10-09,14.35,18.87,10.35,86.58,2.62,1.9596318169400135,20.86,20.86,36.53232668290549,29.43190366881598,16.0622,3.457565300421128,12.604634699578872,1.7183482233243832,1.487745891754251,0.2306023315701322,0.11119602507706355,3.342541680990608
2023-10-10,14.3,17.27,11.38,90.1,2.81,2.101742521221923,15.86,15.86,36.48207169595421,29.391416241128553,12.2122,2.141617149608304,10.070582850391695,1.6586884556938017,1.4944782985801153,0.16421015711368647,0.10737804745073813,2.596329866892694
2023-10-11,12.99,17.43,9.78,86.02,2.71,2.026947413705128,16.42,16.42,36.43052377674291,29.34988717549516,12.643400000000002,2.363797896899157,10.279602103100844,1.6005716881771554,1.376811766169989,0.22375992200716643,0.1047032320633437,2.729295084324462
2023-10-12,13.72,18.49,8.92,86.44,2.44,1.8250006234097835,22.35,22.35,36.3777295102509,29.307354002638537,17.209500000000002,3.9223032231750214,13.287196776824981,1.6351571731965548,1.413429860511102,0.22172731268545287,0.10634444461195536,3.4578095916451095
2023-10-13,13.95,18.9,9.81,83.38,2.26,1.6903694298795535,19.65,19.65,36.32373715566943,29.263855602093518,15.1305,3.2381787835660254,11.892321216433974,1.6980686607984359,1.4158496493737358,0.2822190114247001,0.11023387139054167,3.261264739390174
2023-10-14,14.14,19.12,10.41,84.72,1.93,1.4435455750741322,17.6,17.6,36.26859658860579,29.21943215564437,13.552000000000001,2.65861266157268,10.89338733842732,1.7380040992516719,1.4724370728860163,0.26556702636565555,0.11265591894052257,3.027795720891619
2023-10-15,13.35,18.19,9.79,87.48,2.54,1.8997957309265778,17.41,17.41,36.212359241208254,29.174125099087018,13.405700000000001,2.6128694236345114,10.792830576365489,1.649782548446498,1.4432297733809967,0.2065527750655014,0.10761262900434533,2.8530628232012805
2023-10-16,12.52,17.54,8.06,85.43,2.38,1.7801235588997069,15.29,15.29,36.15507804031012,29.12797707239545,11.773299999999999,2.112503806227202,9.660796193772796,1.5411014726271732,1.3165629880653942,0.22453848456177905,0.10119260625197425,2.5740410410988517
2023-10-17,13.72,18.11,9.6,86.74,2.19,1.6380128546177974,15.9,15.9,36.09680734369299,29.08103186837282,12.243,2.2392791478173617,10.003720852182639,1.63687066837912,1.4198216177520486,0.21704905062707147,0.10645588386472085,2.6905824562154725
2023-10-18,13.74,17.78,11.1,90.04,2.74,2.049385945960167,18.35,18.35,36.03760287457232,29.033334379870446,14.129500000000002,2.8363917173323228,11.29310828266768,1.6785380802504435,1.5113556874574994,0.1671823927929441,0.10914838143409959,2.905743724674898
2023-10-19,13.08,17.73,9.65,88.4,2.57,1.9222342631816163,16.49,16.49,35.977521654410346,28.98493054565915,12.697299999999998,2.40018976659415,10.29711023340585,1.614333265820897,1.4270706069856731,0.18726265883522397,0.10552755599226271,2.688448827933567
2023-10-20,13.93,18.79,10.22,84.86,1.79,1.3388324245506198,13.52,13.52,35.916621934162904,28.935867295039003,10.4104,1.6186509809994354,8.791749019000564,1.707476287966367,1.4489643779682588,0.25851190999810814,0.11086223725908931,2.4863233322627267
2023-10-21,13.32,17.5,10.21,88.5,1.46,1.0920085697451982,13.58,13.58,35.85496312406901,28.886192491274958,10.4566,1.6328264706478626,8.823773529352138,1.6226684915810905,1.436061615049265,0.1866068765318254,0.10586936446928207,2.3961535787531387
2023-10-22,13.24,16.43,10.6,88.13,2.07,1.548258725597644,12.56,12.56,35.792605722092695,28.83595487394676,9.6712,1.381246511116179,8.289953488883821,1.5735239821760438,1.3867466854917472,0.18677729668429666,0.10272855382047368,2.219623035357098
2023-10-23,13.77,18.7,9.15,87.07,2.0,1.4959021503358882,21.15,21.15,35.72961124112793,28.785204000302304,16.2855,3.6785372950031183,12.606962704996882,1.658174066612884,1.4437721597998379,0.21440190681304605,0.10779842796159948,3.3407793154308916
2023-10-24,14.06,19.36,9.76,87.32,2.16,1.6155743223627594,15.98,15.98,35.66604213507833,28.733990185704506,12.3046,2.2666563153912485,10.037943684608752,1.7277928671221177,1.5087087315710328,0.21908413555108486,0.11206533544510917,2.744425678562605
2023-10-25,14.05,18.51,11.14,89.57,1.99,1.4884226395842086,17.49,17.49,35.601961723923694,28.682364443261886,13.4673,2.6489089597583204,10.818391040241679,1.7280459708156277,1.5478107760595576,0.18023519475607008,0.11209067041006124,2.8987689974424447
2023-10-26,14.42,18.5,11.3,87.93,1.38,1.0321724837317627,15.79,15.79,35.53743411788558,28.63037842273334,12.158299999999999,2.227858708638682,9.930441291361317,1.7344497313410043,1.5251016487681452,0.20934808257285908,0.112175554590826,2.747761662300813
2023-10-27,14.29,17.69,12.21,91.36,1.35,1.0097339514767245,14.53,14.53,35.47252414080444,28.578084348797688,11.1881,1.8686145400384657,9.319485459961534,1.7231020942047786,1.5742260732654856,0.14887602093929297,0.1115568426447159,2.53494686958064
2023-10-28,14.12,17.07,12.42,91.92,1.04,0.7778691181746619,14.1,14.1,35.407297252840344,28.525534958778294,10.857,1.767483470768088,9.089516529231911,1.6941124596734323,1.557228172931819,0.13688428674161335,0.10982837212169243,2.4794554689810235
2023-10-29,13.56,16.71,11.3,92.1,1.33,0.9947749299733656,14.42,14.42,35.34181947260871,28.472783439912483,11.1034,1.8808158175629446,9.222584182437057,1.6207627387014796,1.4927224823440626,0.128040256357417,0.10554278791915966,2.449138082439874
2023-10-30,14.29,19.3,10.31,86.81,1.83,1.3687504675573376,17.29,17.29,35.27615729886215,28.419883366255306,13.3133,2.6674963881552958,10.645803611844704,1.746281826043786,1.5159472531886107,0.23033457285517533,0.11305754170718453,2.9327901545566397
2023-10-31,14.73,18.87,11.68,89.49,1.34,1.002254440725045,15.54,15.54,35.21037763182792,28.366888635305845,11.9658,2.16321927828544,9.802580721714559,1.7764383164575832,1.5897346493978912,0.186703667059692,0.11460870549993987,2.7150672281194916
2023-11-01,13.35,16.73,10.99,87.51,1.58,1.1817626987653516,14.84,14.84,35.14454769431013,28.31385340444401,11.4268,2.0703990952816995,9.356400904718301,1.6083315822435815,1.4074509676213582,0.20088061462222329,0.104908849980821,2.5307173461230237
2023-11-02,13.21,17.06,10.69,90.46,1.7,1.271516827785505,14.85,14.85,35.078734952663446,28.260832027263778,11.4345,2.043840435182005,9.390659564817994,1.615508616505589,1.4613890944909556,0.15411952201463341,0.10549481111050167,2.4862949090805784
2023-11-03,13.19,17.24,10.29,87.43,1.85,1.3837094890606967,15.78,15.78,35.01300703774454,28.207878989888513,12.150599999999999,2.3438910029004387,9.80670899709956,1.6097141773852597,1.4073731052879328,0.20234107209732688,0.10513321310766319,2.6313218121076405
2023-11-04,13.08,16.42,10.46,91.96,2.16,1.6155743223627594,12.78,12.78,34.94743166594474,28.155048847351722,9.8406,1.4956511554777037,8.344948844522296,1.566986983102283,1.4410012296608594,0.1259857534414235,0.102432570832508,2.1436647892376395
2023-11-05,13.4,17.61,9.88,88.62,1.91,1.4285865535707731,14.72,14.72,34.882076560406,28.10239616012549,11.3344,2.0483346283139747,9.286065371686025,1.6160197325823416,1.432116687014471,0.18390304556787052,0.10536829329608145,2.4807783539151047
2023-11-06,13.93,18.66,10.4,87.9,2.04,1.525820193342606,14.52,14.52,34.81700937252021,28.049975430877183,11.1804,1.9770959588983184,9.203304041101681,1.7062405552575173,1.499785448071358,0.20645510718615934,0.11078200417256107,2.520015022637181
2023-11-07,13.31,18.05,10.11,89.25,2.56,1.9147547524299369,13.98,13.98,34.752297603809076,27.997841041532745,10.7646,1.8400526719298163,8.924547328070183,1.6537652248250894,1.4759854631563922,0.17777976166869713,0.10790685039716874,2.371016922902492
2023-11-08,13.84,18.5,9.45,87.65,2.33,1.7427260051413098,16.33,16.33,34.68800852827993,27.946047190723444,12.5741,2.5092125245303007,10.0648874754697,1.656604567650862,1.4520139035459807,0.20459066410488136,0.10763636648186702,2.68973439214062
2023-11-09,14.41,18.37,10.99,90.43,2.99,2.236373714752153,17.55,17.55,34.62420911535006,27.894647831690627,13.5135,2.7891999776345364,10.724300022365464,1.7121700373541895,1.548315364779394,0.16385467257479558,0.11074341390988642,2.7604507002360252
2023-11-10,13.94,17.28,11.51,92.24,3.59,2.685144359852919,15.43,15.43,34.56096595342947,27.843696610720922,11.8811,2.2234417508477518,9.657658249152249,1.665132764578681,1.5359184620473751,0.12921430253130595,0.10810437021488897,2.3886845547811184
2023-11-11,13.7,17.82,11.02,90.91,2.98,2.2288942040004733,14.81,14.81,34.498345174249344,27.793246806182243,11.4037,2.071621996982462,9.33207800301754,1.6776025825002092,1.52510850775094,0.15249407474926913,0.10912232159943266,2.408876699204459
2023-11-12,14.32,18.39,10.76,91.35,2.93,2.1914966502420765,14.78,14.78,34.43641237802044,27.74335126822839,11.3806,2.0538427570386495,9.32675724296135,1.7035334649735372,1.556177820253326,0.14735564472021112,0.1102636355011301,2.4097072124080627
2023-11-13,15.21,19.51,11.65,90.02,2.77,2.071824478215205,17.33,17.33,34.37523255950329,27.69406235923823,13.3441,2.71492784641888,10.62917215358112,1.8194048859040155,1.6378282782907947,0.1815766076132208,0.11693489955099982,2.831870549892279
2023-11-14,14.67,18.56,11.79,91.92,2.88,2.154099096483679,17.74,17.74,34.31487003506808,27.64543189505225,13.659799999999999,2.8350621619053573,10.824737838094642,1.760526869830679,1.61827629874836,0.14225057108231898,0.11363626213430585,2.7804995114309614
2023-11-15,13.97,18.43,11.22,88.53,2.89,2.1615786072353584,16.36,16.36,34.255388370820285,27.597511087067655,12.597199999999999,2.5373058159146633,10.059894184085335,1.7262463368596768,1.5282458820218718,0.19800045483780493,0.11204524860488603,2.681217553143954
2023-11-16,13.84,18.95,10.69,78.1,2.14,1.6006153008594004,22.69,22.69,34.196850311864154,27.550350485250238,17.471300000000003,4.549753867297452,12.921546132702552,1.738227992606876,1.3575560622259701,0.38067193038090585,0.1129397738571884,3.6698587172612296
2023-11-17,14.26,19.74,9.65,71.31,1.59,1.1892422095170312,23.26,23.26,34.139317712773526,27.503999922118865,17.910200000000003,4.902036709126867,13.008163290873135,1.7501843585987702,1.2480564661167832,0.502127892481987,0.11333722636004567,3.8212621457383813
2023-11-18,14.26,17.46,11.89,90.05,1.13,0.8451847149397768,16.35,16.35,34.08285146933632,27.458508457756114,12.589500000000001,2.5537452901763125,10.035754709823689,1.6936828246091065,1.5251613835605002,0.16852144104860622,0.10967833915995477,2.74061834630348
2023-11-19,14.28,17.37,12.25,93.91,1.29,0.9648568869666478,14.48,14.48,34.02751145163569,27.413924325895778,11.149600000000001,1.9946328083880422,9.15496719161196,1.7047434229397709,1.6009245484827388,0.10381887445703208,0.11037704221771194,2.451154606914607
2023-11-20,14.02,17.97,10.65,90.01,1.05,0.7853486289263413,16.78,16.78,33.973356438528285,27.370294881135926,12.9206,2.6941232107184057,10.226476789281595,1.6712916291377105,1.5043295953868534,0.16696203375085705,0.10843515134260033,2.7863482055271196
2023-11-21,14.73,19.05,11.76,85.24,1.7,1.271516827785505,19.79,19.79,33.92044405357661,27.32766654732346,15.238299999999999,3.565758948072567,11.672541051927432,1.7923891972142254,1.5278325517054057,0.26455664550881974,0.11563779262228258,3.256984182712118
2023-11-22,14.61,19.22,11.27,87.33,1.8,1.3463119353022994,19.98,19.98,33.86883070248946,27.28608476715361,15.3846,3.5854457300020637,11.799154269997937,1.782097491772606,1.5563057395650168,0.22579175220758918,0.11508337696976778,3.236776181607424
2023-11-23,14.59,19.42,10.2,86.93,2.0,1.4959021503358882,18.88,18.88,33.818571512121935,27.245593953025917,14.5376,3.3081621904994307,11.229437809500569,1.7500759341567882,1.521341009562496,0.22873492459429223,0.1130334527760715,3.0662045925249912
2023-11-24,12.66,15.05,11.0,93.85,2.35,1.7576850266446689,15.98,15.98,33.76972027108286,27.206237439195196,12.3046,2.524517989579558,9.780082010420443,1.5117788463814876,1.4188044473290262,0.09297439905246141,0.09915604279484103,2.3871768509645954
2023-11-25,13.62,17.88,9.56,88.24,2.42,1.8100416019064245,18.63,18.63,33.7223293719956,27.168057435254536,14.3451,3.3042079998440292,11.04089200015597,1.6203449758054917,1.429792406650766,0.19055256915472585,0.10546512778219107,2.876504319553291
2023-11-26,13.31,16.47,10.83,91.63,2.56,1.9147547524299369,17.94,17.94,33.676449755454335,27.13109498098423,13.8138,3.0848240559108655,10.728975944089136,1.585774808792685,1.4530454572967373,0.13272935149594778,0.10347053045216212,2.685047937935075
2023-11-27,13.64,18.15,10.05,90.49,3.8,2.8422140856381874,16.28,16.28,33.63213085571644,27.095389902599393,12.5356,2.597629392739492,9.937970607260509,1.6578096065761492,1.5001519129907572,0.15765769358539194,0.1078864290821077,2.493356047471739
2023-11-28,13.18,17.71,9.63,89.93,3.24,2.4233614835441393,14.51,14.51,33.58942054816783,27.06098077042593,11.1727,2.1294265914894885,9.043273408510512,1.6122498077757,1.449896252132687,0.1623535556430129,0.10530722743831074,2.3197892711208414
2023-11-29,13.62,18.25,8.66,88.53,2.65,1.9820703491950518,17.97,17.97,33.548365098596555,27.02790485803333,13.8369,3.1376690065946162,10.699230993405383,1.6093065575079368,1.4247190953617765,0.18458746214616029,0.10474665843544828,2.7648166096766444
2023-11-30,14.29,18.71,10.82,90.31,2.72,2.034426924456808,19.63,19.63,33.50900911430707,26.996198102850347,15.1151,3.518608231005235,11.596491768994765,1.727520456949013,1.5601237246706539,0.16739673227835916,0.11184289568769203,3.002615521786298
2023-12-01,13.86,18.8,9.95,87.85,2.74,2.049385945960167,22.98,22.98,33.471395497105284,26.965895068287903,17.6946,4.541753224358712,13.15284677564129,1.6969896033138774,1.490805366511241,0.2061842368026363,0.11024278775657993,3.413934085162141
2023-12-02,13.24,18.93,7.85,85.14,2.29,1.712807962134592,21.08,21.08,33.43556539818266,26.93702890739188,16.2316,4.103898214964154,12.127701785035846,1.6248369442635946,1.3833861743460245,0.24145076991757008,0.10607855448599206,3.222527153737935
2023-12-03,14.45,19.97,9.81,85.26,2.15,1.6080948116110796,20.25,20.25,33.401558174925114,26.909631328046668,15.592500000000001,3.780110162872318,11.812389837127682,1.7731789441996888,1.5118123678246547,0.26136657637503413,0.11465303650344824,3.2559759336983753
2023-12-04,14.28,19.19,10.09,87.33,2.56,1.9147547524299369,20.19,20.19,33.36941134967072,26.88373255974872,15.546300000000002,3.755976384445472,11.79032361555453,1.7294818102401393,1.5103564648827137,0.21912534535742556,0.1119787788677599,3.143097248746113
2023-12-05,14.19,19.6,9.22,85.56,2.55,1.9072752416782572,21.13,21.13,33.3391605704385,26.859361321968073,16.2701,4.066869687219759,12.20323031278024,1.7231204793220638,1.4743018821079579,0.24881859721410593,0.11164676823893825,3.284214140822498
2023-12-06,14.06,18.3,10.15,87.67,2.66,1.9895498599467312,18.12,18.12,33.310839573648586,26.836544794114246,13.9524,3.2059272656128863,10.746472734387115,1.6718026586076133,1.4656693908012945,0.2061332678063188,0.10843378815826878,2.8401388652072863
2023-12-07,14.35,18.4,11.63,87.84,2.67,1.9970293706984108,17.78,17.78,33.28448014885229,26.815308587121358,13.690600000000002,3.076890004259177,10.613709995740825,1.7425919500950322,1.5306927689634764,0.2118991811315558,0.1127648607841446,2.851192689019335
2023-12-08,14.19,18.8,10.84,89.54,3.02,2.258812247007191,18.45,18.45,33.26011210548971,26.79567671666673,14.2065,3.238658336311369,10.967841663688631,1.7344713620607073,1.5530456575891574,0.18142570447154993,0.11238223008831937,2.85859008735496
2023-12-09,14.56,18.34,11.23,92.51,3.32,2.483197569557574,13.38,13.38,33.23776324169026,26.777671578035342,10.3026,1.7887206551533363,8.513879344846664,1.7207235768831035,1.5918413809745593,0.12888219590854422,0.11116412793078935,2.171726239210867
2023-12-10,14.46,18.55,11.04,90.99,3.56,2.6627058275978808,12.67,12.67,33.217459315130924,26.761313922642078,9.7559,1.6054204467165398,8.15047955328346,1.7263322502418437,1.5707897144950536,0.1555425357467901,0.11161508082386737,2.1317496336498665
2023-12-11,13.87,18.0,10.73,89.99,2.84,2.124181053476961,16.81,16.81,33.199224015965136,26.74662283622215,12.9437,2.809340098499149,10.13435990150085,1.6766642830653193,1.5088301883304809,0.16783409473483846,0.10891370595275579,2.6276018749799683
2023-12-12,13.9,19.46,8.69,85.87,2.97,2.221414693248794,21.28,21.28,33.183078941834914,26.73361571869988,16.3856,4.14913155694218,12.23646844305782,1.69274457993952,1.453559770794066,0.23918480914545404,0.10993199661675157,3.2345254485484167
2023-12-13,14.59,19.73,9.79,86.88,2.45,1.8324801341614632,20.98,20.98,33.16904357497679,26.722308265744303,16.154600000000002,4.004539549302039,12.150060450697964,1.755136628534496,1.5248627028707702,0.23027392566372584,0.11336031159847589,3.265624371433031
2023-12-14,15.25,19.75,11.56,89.46,1.88,1.406148021315735,16.88,16.88,33.15713526143225,26.71271445202028,12.9976,2.7622443563988774,10.235355643601123,1.8323620801158857,1.6392311168716713,0.19313096324421442,0.1177303686804007,2.8181929141872453
2023-12-15,14.2,16.58,11.85,93.57,2.48,1.8549186664165014,10.15,10.15,33.14736919237164,26.70484651614229,7.8155,0.9095476334779791,6.905952366522021,1.637751431218303,1.5324440141909659,0.10530741702733715,0.10610698220431061,1.778561873497506
2023-12-16,14.39,17.29,11.78,92.15,1.6,1.1967217202687106,9.62,9.62,33.1397583875402,26.698714947337887,7.4074,0.760693586545609,6.646706413454391,1.6779875549049732,1.546265531844933,0.13172202306004022,0.10854973511882718,1.8042303768475665
2023-12-17,14.19,17.52,11.0,91.41,1.33,0.9947749299733656,12.21,12.21,33.13431368083398,26.694328473827092,9.401700000000002,1.5018383440732097,7.899861655926792,1.6576137172726615,1.5152246989589397,0.14238901831372175,0.1074023649204365,2.1384288817526325
2023-12-18,13.89,16.68,11.49,91.71,1.28,0.9573773762149684,15.96,15.96,33.131043708012946,26.691694052923552,12.289200000000001,2.5798873681387917,9.70931263186121,1.627434479319897,1.4925201609842773,0.13491431833561962,0.10569897481471911,2.584451145223247
2023-12-19,13.78,16.27,11.46,91.14,1.49,1.1144471020002367,14.81,14.81,33.12995489655739,26.690816862862498,11.4037,2.269882265241225,9.133817734758775,1.6016394420324684,1.4597341874683918,0.14190525456407665,0.10411480003087403,2.415076666696722
2023-12-20,14.62,18.88,11.11,90.92,1.55,1.1593241665103133,14.92,14.92,33.13105145767406,26.691700296360533,11.4884,2.236283166213138,9.252116833786863,1.7516699712855899,1.5926183378928584,0.15905163339273143,0.11310946384495475,2.522505082028515
2023-12-21,14.05,18.01,10.83,91.14,2.19,1.6380128546177974,18.96,18.96,33.134335380457046,26.694345955911416,14.599200000000002,3.4064491286569805,11.192750871343021,1.6816204999818642,1.5326289236834711,0.1489915762983931,0.10907925622447502,2.9060232016939014
2023-12-22,14.8,19.0,11.62,89.52,2.33,1.7427260051413098,14.81,14.81,33.13980642820849,26.698753650821885,11.4037,2.2114767145571963,9.192223285442804,1.782598738017793,1.5957823902735282,0.1868163477442648,0.11494229320037609,2.5049367959708637
2023-12-23,15.24,19.34,12.23,90.43,2.64,1.9745908384433726,16.51,16.51,33.14746213692327,26.704921395990862,12.712700000000002,2.647341342198457,10.065358657801545,1.8342078177213779,1.658674129565442,0.17553368815593595,0.1178582917118927,2.7024881457200385
2023-12-24,15.3,19.17,12.32,91.39,3.19,2.3859639297857416,16.59,16.59,33.15729781594176,26.71284541243532,12.7743,2.6567525680799453,10.117547431920055,1.8266206575187227,1.6693486189063607,0.15727203861236205,0.11731502202136145,2.6429482726348272
2023-12-25,14.33,17.12,12.09,93.27,2.13,1.5931357901077208,14.45,14.45,33.16930655077375,26.722520129565364,11.1265,2.1047167783540326,9.021783221645968,1.6817117207973755,1.568532521987712,0.11317919880966354,0.1088425404419481,2.336361400812518
2023-12-26,14.24,18.52,10.62,89.43,2.02,1.510861171839247,11.28,11.28,33.183479208096415,26.733938189210797,8.685599999999999,1.2343468808935922,7.451253119106407,1.7061841315492627,1.5258404688445057,0.180343662704757,0.11050546066600857,2.0556120856802416
2023-12-27,14.56,17.25,12.69,93.04,1.84,1.3762299783090173,15.46,15.46,33.19980444292863,26.74709045140102,11.904200000000001,2.370961773508356,9.533238226491646,1.7181551821038625,1.5985715814294337,0.11958360067442886,0.11099820159046832,2.5122730047726702
2023-12-28,14.53,17.82,11.99,93.3,1.78,1.3313529137989404,15.68,15.68,33.21826870798305,26.761966001899467,12.0736,2.42209293287506,9.65150706712494,1.7211920686861306,1.6058722000841599,0.11531986860197074,0.11122088827316919,2.5445967864727996
2023-12-29,14.78,18.83,11.85,91.38,1.14,0.8526642256914563,18.27,18.27,33.2388562651973,26.778552161493554,14.0679,3.1328440373179083,10.935055962682092,1.7814737378675964,1.6279107016634093,0.1535630362041871,0.11488798121528926,3.0066637346820655
2023-12-30,15.35,19.47,12.87,91.47,1.4,1.0471315052351216,17.88,17.88,33.26154919944421,26.796834497040233,13.7676,2.967904771436564,10.799695228563436,1.8738694917121104,1.7140284240690673,0.15984106764304307,0.12030195623264525,2.991012359572647
2023-12-31,14.64,18.1,12.28,93.09,1.84,1.3762299783090173,16.89,16.89,33.28632743442086,26.816796834266825,13.0053,2.7345391911565198,10.27076080884348,1.752836523033105,1.6317155192915174,0.12112100374158774,0.11316682143911291,2.7153849686353437
2024-01-01,14.81,19.6,11.28,88.65,2.22,1.6604513868728359,17.06,17.06,33.31316875071523,26.838421272326215,13.136199999999999,2.8155047192174902,10.320695280782509,1.8091764935233279,1.6038349615084302,0.2053415320148977,0.11664677755236025,2.8253100458494345
2024-01-02,14.61,19.75,9.93,84.23,1.81,1.3537914460539788,18.75,18.75,33.34204880604794,26.861688200104464,14.4375,3.391132937563991,11.046367062436008,1.7622765393161985,1.4843655290660343,0.2779110102501643,0.11380338967728151,3.093019315209333
2024-01-03,14.63,19.57,10.93,85.2,1.99,1.4884226395842086,20.0,20.0,33.37294115768645,26.88657631427851,15.4,3.7118984548827876,11.688101545117213,1.7916892708157794,1.526519258735044,0.26517001208073543,0.11568442005683123,3.24656187163708
2024-01-04,14.25,19.39,9.75,81.81,1.85,1.3837094890606967,21.64,21.64,33.405817287026835,26.9130626391203,16.6628,4.294770384042937,12.368029615957063,1.7294861221339362,1.4148925965177732,0.31459352561616294,0.1120057690184876,3.4502853034896646
2024-01-05,13.76,18.7,9.8,82.92,1.85,1.3837094890606967,20.52,20.52,33.44064662633835,26.94112254804323,15.8004,3.966632040764976,11.833767959235024,1.6841020033371061,1.3964573811671284,0.28764462216997777,0.10949273335935679,3.2650611652730577
2024-01-06,12.68,18.78,7.78,80.08,2.49,1.8623981771681808,23.75,23.75,33.47739658766349,26.970729786885215,18.2875,5.020194240842676,13.267305759157326,1.6121073954262564,1.2909756022573462,0.32113179316891016,0.10571957215824881,3.5954389404784197
2024-01-07,12.58,18.71,7.55,85.26,2.76,2.0643449674635255,21.51,21.51,33.51603259386599,27.001856498922194,16.562700000000003,4.227480272702102,12.3352197272979,1.5991406353617013,1.3634273057093866,0.23571332965231462,0.10495318405487508,3.2204974929074544
2024-01-08,12.74,19.23,7.13,83.84,2.47,1.8474391556648222,22.04,22.04,33.556518111816544,27.03447325160388,16.9708,4.386747886395069,12.584052113604931,1.6199795673955246,1.3581908693044078,0.2617886980911168,0.1061848384083672,3.350302435794632
2024-01-09,12.04,18.68,6.7,77.76,2.65,1.9820703491950518,21.84,21.84,33.59881468770561,27.06854906500315,16.8168,4.498983861281441,12.317816138718559,1.567656406564193,1.2190096217443165,0.34864678481987643,0.10333297317447238,3.3939628631811947
2024-01-10,13.51,19.6,8.2,83.84,2.29,1.712807962134592,20.88,20.88,33.64288198446984,27.10405144196828,16.0776,3.9982192886079315,12.07938071139207,1.6842376150798222,1.412064816482923,0.27217279859689913,0.1097199548419798,3.2871953994510603
2024-01-11,14.62,19.87,10.49,86.8,2.15,1.6080948116110796,20.68,20.68,33.68867782131741,27.14094639996616,15.9236,3.807538486372385,12.116061513627615,1.7942000324253868,1.5573656281452357,0.23683440428015112,0.11585573026024588,3.3098093897929726
2024-01-12,14.41,20.14,10.25,85.66,1.75,1.3089143815439022,20.26,20.26,33.736158215335536,27.179198504602923,15.600200000000001,3.6992638681917636,11.900936131808237,1.8036545065723626,1.5450104503298858,0.25864405624247677,0.11666064305180639,3.314942291495714
2024-01-13,14.0,19.64,9.93,82.43,2.31,1.727766983637951,19.14,19.14,33.78527742516088,27.21877090480661,14.7378,3.4730191411354414,11.264780858864558,1.7544460059327864,1.446189842690396,0.30825616324239036,0.11384841375286328,3.1718569780320283
2024-01-14,13.22,19.46,8.3,80.13,2.6,1.9446727954366547,22.13,22.13,33.835987996691884,27.25962536965485,17.0401,4.420962477851862,12.619137522148137,1.6780686678600394,1.3446364235562496,0.3334322443037898,0.10957131569162966,3.493307988265331
2024-01-15,12.96,19.17,8.2,80.82,3.01,2.251332736255512,24.02,24.02,33.888240810819255,27.301722326828425,18.4954,4.964050684072618,13.531349315927383,1.654138108127181,1.3368744189883877,0.31726368913879344,0.10823328517539692,3.6515742588502467
2024-01-16,12.26,18.36,6.42,79.25,3.17,2.3710049082823828,23.95,23.95,33.941985133148535,27.345020902669788,18.4415,5.0463748067684495,13.395125193231552,1.5369125332076563,1.2180031825670676,0.3189093506405887,0.10112793806544904,3.5483075520839464
2024-01-17,14.0,20.17,8.32,85.94,3.12,2.333607354523986,22.97,22.97,33.99716866568607,27.389478963823326,17.686899999999998,4.441468231232791,13.245431768767208,1.7296881660545356,1.4864940099072677,0.24319415614726791,0.11224184348022177,3.485012820799139
2024-01-18,14.5,19.62,10.8,87.03,3.3,2.4682385480542153,21.75,21.75,34.053737600456905,27.4350531604321,16.7475,4.041845383008111,12.705654616991888,1.7896021067943835,1.557490713543152,0.23211139325123153,0.11566900104227139,3.3581353428698226
2024-01-19,13.85,19.17,8.64,85.17,3.04,2.27377126851055,22.26,22.26,34.111636675020314,27.481698970863366,17.1402,4.29127601893035,12.84892398106965,1.670621644666022,1.422868454762051,0.2477531899039711,0.10853846940492382,3.372431997626647
2024-01-20,14.02,19.15,10.49,85.35,3.47,2.595390230832766,16.58,16.58,34.17080922984577,27.529370747932948,12.766599999999999,2.6459989408099482,10.12060105919005,1.7434553429978576,1.4880391352486715,0.25541620774918616,0.1131172086792403,2.783039779019256
2024-01-21,14.02,18.71,10.49,88.15,3.31,2.475718058805895,15.73,15.73,34.231197267509145,27.57802176659607,12.1121,2.37434837384478,9.73775162615522,1.7134103340350024,1.5103712094518549,0.20303912458314755,0.11116785702978704,2.589239488638343
2024-01-22,13.96,19.37,10.08,84.04,3.93,2.9394477254100204,23.94,23.94,34.292741513665604,27.627604273069558,18.4338,4.718189398077962,13.71561060192204,1.7415961014208374,1.4636373636340718,0.2779587377867656,0.113050551949411,3.6109482632482575
2024-01-23,12.69,19.63,7.58,79.01,3.37,2.5205951233159714,25.07,25.07,34.355381479752744,27.678069535348,19.303900000000002,5.207664422652616,14.096235577347386,1.6638620833706153,1.314617432071123,0.3492446512994922,0.10910483729486034,3.832721520620634
2024-01-24,12.96,19.96,6.52,81.48,3.08,2.303689311517268,25.24,25.24,34.41905552737408,27.72936789507365,19.4348,5.166391639523102,14.268408360476897,1.6509052143960006,1.3451575686898614,0.3057476457061392,0.10802175101907138,3.793121304686287
2024-01-25,12.55,19.85,6.25,76.95,2.91,2.1765376287387173,24.33,24.33,34.48370093430949,27.7814488207171,18.734099999999998,5.028312188339655,13.705787811660343,1.6340377451436887,1.2573920448880684,0.3766457002556203,0.10726927138230243,3.790170164814994
2024-01-26,12.31,19.66,6.16,71.09,2.7,2.019467902953449,23.82,23.82,34.54925396209621,27.83426096202319,18.3414,5.037598955592529,13.303801044407471,1.617518237665863,1.1498937151566622,0.46762452250920084,0.1063891109248204,3.8421635534776355
2024-01-27,13.96,21.84,7.52,71.81,1.6,1.1967217202687106,21.85,21.85,34.61564992512003,27.887752205673703,16.8245,4.293558143622236,12.530941856377765,1.8282276317202808,1.3128502623383338,0.515377369381947,0.11867398111796748,3.7537637284186016
2024-01-28,14.53,21.26,9.26,80.74,1.98,1.4809431288325292,20.61,20.61,34.68282326115342,27.941869732115645,15.8697,3.7124365910442907,12.157263408955709,1.8476920284132112,1.4918265437408267,0.35586548467238455,0.11939512875645583,3.5013548325067148
2024-01-29,13.97,20.57,8.85,80.34,2.25,1.6828899191278741,21.52,21.52,34.75070760327318,27.996560073501005,16.5704,4.006858337118715,12.563541662881285,1.7792745425042997,1.4294691674479545,0.34980537505634524,0.11548714351736503,3.560611688287798
2024-01-30,13.42,20.21,8.05,75.56,2.57,1.9222342631816163,19.53,19.53,34.81923585308732,28.05176917268127,15.038100000000002,3.5613573167572263,11.476742683242776,1.722639391969508,1.3016263245721604,0.42101306739734756,0.1123022273435633,3.377404556117777
2024-01-31,14.19,20.01,8.87,86.72,2.07,1.548258725597644,17.67,17.67,34.8883402551969,28.10744244319683,13.605900000000002,2.818027461126362,10.78787253887364,1.7388729713985605,1.5079506407968315,0.23092233060172895,0.11266742515362031,2.95294356274449
2024-02-01,15.05,20.16,10.84,88.78,2.38,1.7801235588997069,14.44,14.44,34.95795247281538,28.163524830198984,11.1188,1.8846062951818192,9.234193704818182,1.8301795421946827,1.6248333975604394,0.20534614463424328,0.11777660530209702,2.556121542230302
2024-02-02,14.89,18.78,12.47,92.06,3.14,2.3485663760273443,12.14,12.14,35.02800366446434,28.219960872239053,9.347800000000001,1.2554540194942543,8.092345980505748,1.8070210346478945,1.663543564496852,0.14347747015104262,0.11643389844117867,2.1427758905137915
2024-02-03,14.36,17.5,12.02,90.44,1.63,1.2191602525237488,13.93,13.93,35.0984245616613,28.276694763856806,10.7261,1.7662268565092702,8.95987314349073,1.7022008031176261,1.539470406339581,0.16273039677804513,0.11014235564346786,2.426132259306131
2024-02-04,14.2,17.53,11.71,89.93,2.2,1.645492365369477,14.4,14.4,35.16914554751167,28.333670418897302,11.088000000000001,1.893395900516537,9.194604099483463,1.6898725430039256,1.5197023779234307,0.17017016508049498,0.10948381569398855,2.4535996460217606
2024-02-05,13.24,17.05,10.8,88.64,1.8,1.3463119353022994,13.42,13.42,35.24009673611402,28.3908315344829,10.333400000000001,1.6541338850629368,8.679266114937064,1.6196209267834147,1.435631989500819,0.1839889372825958,0.10573802333520516,2.3409708102847793
2024-02-06,14.14,19.71,9.49,82.97,2.02,1.510861171839247,11.6,11.6,35.31120805268428,28.448121655564563,8.932,1.159455762425357,7.772544237574643,1.7416273632398607,1.4450282232801124,0.2965991399597483,0.11289077577102674,2.290714950940981
2024-02-07,14.82,20.61,10.67,86.85,2.26,1.6903694298795535,15.39,15.39,35.382409314301675,28.505484239974002,11.8503,2.1002825906757683,9.750017409324233,1.8561213852959006,1.6120414231294895,0.24407996216641115,0.11966405945238826,2.7523009850451725
2024-02-08,15.22,20.36,10.39,86.16,2.26,1.6903694298795535,14.57,14.57,35.45363031117611,28.562862723895925,11.2189,1.895428379334282,9.323471620665718,1.8256629070079127,1.5729911606780176,0.2526717463298951,0.11732781546987242,2.642659756020168
2024-02-09,15.42,20.54,11.63,87.98,3.26,2.4383205050474976,14.78,14.78,35.52480088833401,28.620200587677417,11.3806,1.9008423861169677,9.47975761388303,1.8931525735362655,1.6655956341972067,0.22755693933905885,0.12147260481415846,2.639513750812142
2024-02-10,14.86,20.05,11.62,87.1,3.7,2.7674189781213934,16.91,16.91,35.59585102761679,28.677441421889192,13.0207,2.4738728217370567,10.546827178262943,1.8566662679008663,1.6171563193416545,0.23950994855921182,0.11966121538992175,2.8837538821074427
2024-02-11,14.54,20.03,10.54,84.29,2.95,2.2064556717454353,21.83,21.83,35.666710929883784,28.734528993551574,16.8091,3.8396799735575566,12.969420026442444,1.8078688512941756,1.5238526547558606,0.284016196538315,0.11681253661431047,3.54286407974289
2024-02-12,14.38,20.27,9.97,81.51,2.53,1.8923162201748984,24.53,24.53,35.73731109730915,28.791407312436146,18.8881,4.624650107513949,14.263449892486053,1.8015728677651324,1.4684620445153596,0.3331108232497728,0.11655378356019563,3.9511880817867464
2024-02-13,14.44,20.37,9.75,78.47,2.73,2.041906435208487,23.25,23.25,35.80758241565982,28.84802069735218,17.9025,4.344159977724198,13.558340022275802,1.7999593402370966,1.4124280942840497,0.3875312459530469,0.11639389272750512,3.854214434059106
2024-02-14,14.16,19.7,8.2,85.28,3.36,2.5131156125642917,19.68,19.68,35.87745623644001,28.904313842325532,15.1536,3.266784693451121,11.886815306548879,1.691338914121483,1.4423738259628007,0.24896508815868224,0.10961368365557103,3.146680090362778
2024-02-15,15.49,20.57,11.47,87.83,3.33,2.490677080309254,15.6,15.6,35.946864458785925,28.96023188257629,12.012,2.068656503228568,9.943343496771433,1.8881817632015658,1.6583900426199352,0.22979172058163067,0.12108656883386111,2.7479125934508977
2024-02-16,15.25,19.4,13.1,90.21,3.77,2.819775553383149,11.64,11.64,36.01573961099268,29.015720460200146,8.962800000000001,1.0396730185289127,7.923126981471089,1.8802137734307316,1.696140845011863,0.1840729284188687,0.12080486883354837,2.177689722985501
2024-02-17,14.82,19.03,11.59,89.32,3.63,2.715062402859637,16.41,16.41,36.08401493155438,29.07072578945747,12.6357,2.2869829967601394,10.34871700323986,1.7833009122076215,1.5928443747838474,0.1904565374237741,0.11496932693649858,2.7131599955934393
2024-02-18,14.81,20.88,10.41,85.73,3.02,2.258812247007191,21.05,21.05,36.15162444959715,29.12519472157345,16.2085,3.4847518973784863,12.723748102621514,1.8654215373633556,1.599225883981605,0.26619565338175066,0.12027318058198036,3.479805792066732
2024-02-19,15.12,22.27,9.1,76.06,2.15,1.6080948116110796,22.46,22.46,36.21850306458432,29.17907480895171,17.2942,4.02816828035625,13.266031719643749,1.9217977635383887,1.4617193789472984,0.4600783845910903,0.12360388261186922,3.9386021894534937
2024-02-20,15.88,22.3,10.88,75.19,1.77,1.323873403047261,21.24,21.24,36.28458662517211,29.23231436870366,16.3548,3.680779497643157,12.674020502356843,1.9974721614263262,1.5018993181764546,0.4955728432498716,0.12770088243285332,3.840736418477666
2024-02-21,15.15,20.29,11.72,81.58,1.13,0.8451847149397768,14.8,14.8,36.34981200709474,29.284862545395807,11.396,1.900987259115075,9.495012740884926,1.8787329360068488,1.5326703291943873,0.3460626068124615,0.12080537367596038,2.8003979289293017
2024-02-22,15.17,20.36,11.57,83.74,1.28,0.9573773762149684,14.51,14.51,36.41411718995662,29.336669372916653,11.1727,1.7928493276463073,9.379850672353694,1.8770938748259407,1.5718784107792427,0.30521546404669797,0.12068085725574132,2.7408126297352635
2024-02-23,14.62,19.47,11.63,83.72,1.56,1.166803677261993,23.32,23.32,36.47744133281127,29.38768583536607,17.956400000000002,4.11734330317068,13.839056696829322,1.8156832204929803,1.5200899921967232,0.295593228296257,0.1172429504123516,3.868993135006687
2024-02-24,14.57,20.74,10.14,75.52,2.0,1.4959021503358882,20.33,20.33,36.53972484840583,29.437863926869674,15.6541,3.469370621201759,12.184729378798242,1.8435467197989648,1.392246482792178,0.4513002370067867,0.11908943034456035,3.6178984843842206
2024-02-25,13.93,19.41,9.47,78.39,2.58,1.9297137739332957,18.9,18.9,36.60090947597185,29.48715671022196,14.552999999999999,3.0728019331209624,11.480198066879037,1.7196291868073703,1.3480173195382976,0.3716118672690727,0.11165129510088322,3.2977185331265373
2024-02-26,14.32,19.66,10.36,84.02,2.16,1.6155743223627594,16.88,16.88,36.66093835244384,29.535518374262857,12.9976,2.41381697997121,10.58378302002879,1.7737099084509516,1.4902710650804893,0.2834388433704622,0.11480590598976971,2.9814930881321295
2024-02-27,14.32,18.19,11.49,88.56,1.51,1.1294061235035955,16.56,16.56,36.719756081989004,29.582904289893623,12.751199999999999,2.2884913584873834,10.462708641512616,1.7224318480204237,1.5253856446068872,0.1970462034135365,0.11148686032335277,2.859577469419663
2024-02-28,14.92,20.54,10.8,84.05,2.01,1.5033816610875674,17.99,17.99,36.77730880373283,29.62927106463932,13.8523,2.650759941667893,11.201540058332107,1.8564800698222461,1.5603714986855979,0.29610857113664824,0.1195922956683162,3.1891568833452735
2024-02-29,14.87,21.1,10.32,79.69,2.37,1.7726440481480275,19.86,19.86,36.83354425756801,29.67457659566709,15.2922,3.194781750796789,12.09741824920321,1.8784332696393033,1.496923472575561,0.38150979706374244,0.12105448620762382,3.527199411144977
2024-03-01,13.9,19.63,7.33,74.46,2.16,1.6155743223627594,20.82,20.82,36.888411847936126,29.71878012117126,16.0314,3.6498917732499616,12.38150822675004,1.655023344506196,1.2323303823193132,0.4226929621868827,0.1074822645217984,3.547849128846067
2024-03-02,14.55,20.04,10.56,83.3,2.09,1.5632177471010031,20.49,20.49,36.9418627054746,29.761842270038557,15.777299999999999,3.3122931793983135,12.465006820601685,1.8094438552101177,1.507266731390028,0.30217712382008965,0.1169050187027915,3.491283436046249
2024-03-03,14.81,20.62,10.57,82.25,2.17,1.6230538331144386,18.41,18.41,36.99384974642405,29.80372510970907,14.1757,2.7626170255671596,11.413082974432841,1.8526025684556922,1.523765612554807,0.32883695590088524,0.11944667668920049,3.27784245589396
2024-03-04,15.16,20.57,11.05,82.32,2.05,1.5332997040942853,15.25,15.25,37.044327729694935,29.844392192151428,11.7425,1.9354433833773126,9.807056616622686,1.8695769977522017,1.5390357845496123,0.33054121320258933,0.12020710954722086,2.8797019434859803
2024-03-05,14.82,19.62,11.3,84.57,2.55,1.9072752416782572,15.43,15.43,37.09325331149572,29.883808597873415,11.8811,1.9709841489121338,9.910115851087866,1.8114811432974345,1.5319696028866403,0.2795115404107942,0.11678610512526764,2.815901465831277
2024-03-06,15.2,20.63,10.7,84.12,2.72,2.034426924456808,19.87,19.87,37.1405850974287,29.921940977892458,15.299900000000001,3.0807215899066773,12.219178410093324,1.8589030979901515,1.5637092860293154,0.29519381196083616,0.119482951013644,3.41318223322917
2024-03-07,16.12,20.98,11.98,85.33,3.16,2.363525397530703,16.2,16.2,37.186283691963666,29.95875759359361,12.474,2.0979350260114895,10.37606497398851,1.9423335177643004,1.6573931907082775,0.2849403270560229,0.1239407116595273,2.9676119723061336
2024-03-08,15.46,20.23,12.27,85.66,3.37,2.5205951233159714,14.91,14.91,37.230311745204304,29.994228354406395,11.4807,1.7846016405559433,9.696098359444058,1.899755812028134,1.6273308285832995,0.27242498344483446,0.12185771844607478,2.7695268410572758
2024-03-09,15.84,20.11,12.13,88.65,3.33,2.490677080309254,14.42,14.42,37.27263399686626,30.028324853235336,11.1034,1.6307979112680677,9.472602088731932,1.8844415164169221,1.6705574043036016,0.2138841121133206,0.12051276926138185,2.6049544948899133
2024-03-10,15.6,20.21,12.32,87.8,2.91,2.1765376287387173,18.29,18.29,37.31321731739134,30.06102039958316,14.0833,2.5838010854740285,11.49949891452597,1.900642926634717,1.6687644895852813,0.23187843704943556,0.12177968016010825,3.1475357048460193
2024-03-11,15.86,20.73,11.82,87.05,4.0,2.9918043006717765,13.26,13.26,37.35203074612688,30.09229005030966,10.2102,1.3432114921837,8.8669885078163,1.9160301539118736,1.667904248980286,0.2481259049315876,0.12251354868038629,2.524522442677914
2024-03-12,15.89,20.58,12.38,86.19,4.01,2.9992838114234557,15.14,15.14,37.38904552650468,30.122110637973233,11.6578,1.8091714883309402,9.848628511669059,1.930830377067749,1.6641827019946929,0.2666476750730562,0.1234306395614696,2.7905879696810536
2024-03-13,15.53,20.57,11.48,84.11,3.89,2.909529682403303,16.67,16.67,37.424235138159645,30.150460796706938,12.835900000000002,2.2263606050292895,10.609539394970714,1.8886303051144477,1.588526949631762,0.30010335548268574,0.12107701316855574,3.021012319620183
2024-03-14,15.1,19.78,11.65,86.14,3.67,2.744980445866355,13.36,13.36,37.45757532593354,30.177320985585098,10.2872,1.3868762473386322,8.900323752661368,1.838573314780838,1.583747053352214,0.2548262614286241,0.11826989339695303,2.529354030338035
2024-03-15,15.21,20.37,9.93,84.87,3.33,2.490677080309254,17.06,17.06,37.489044125715324,30.202673509441293,13.136199999999999,2.333106537811483,10.803093462188516,1.8072955884889643,1.533851765950584,0.2734438225383804,0.1161566233751839,2.995224511918955
2024-03-16,15.88,21.57,11.79,84.82,2.86,2.13914007498032,19.16,19.16,37.51862188707525,30.226502537103304,14.7532,2.780133582779562,11.973066417220437,1.9793419296233288,1.6788778247065073,0.3004641049168215,0.12654179413882588,3.4067769614075387
2024-03-17,15.68,20.34,12.52,83.94,2.86,2.13914007498032,16.03,16.03,37.54629129265618,30.248794117015525,12.343100000000002,2.0470871439231892,10.296012856076812,1.9196681766543602,1.61136946748367,0.30829870917069013,0.1229209032839513,2.98536047872062
2024-03-18,16.11,20.93,12.34,84.19,3.58,2.6776648491012396,15.09,15.09,37.57203737429163,30.26953619022431,11.6193,1.793659357667735,9.825640642332266,1.955325973040504,1.6461889367028002,0.30913703633770373,0.12477961043114912,2.8795969735136526
2024-03-19,16.0,21.32,12.32,85.42,3.13,2.341086865275665,13.66,13.66,37.59584752582616,30.288718600706588,10.5182,1.417433945178674,9.100766054821326,1.9843729991815842,1.6950514159009091,0.28932158328067503,0.12674326292303817,2.6830711832817413
2024-03-20,15.86,20.53,12.35,85.35,1.79,1.3388324245506198,19.19,19.19,37.61771151262036,30.30633310302747,14.7763,2.7979202695482774,11.978379730451724,1.9256847607244003,1.6435719432782756,0.2821128174461247,0.12313087724345799,3.407343836474052
2024-03-21,16.09,21.6,12.76,86.86,2.32,1.7352464943896302,16.62,16.62,37.637621477728665,30.322373367317322,12.797400000000001,2.098192403109627,10.699207596890375,2.0272855538632744,1.7609002320856402,0.2663853217776342,0.1293921522264833,3.078439470888683
2024-03-22,15.38,21.39,11.64,80.87,2.63,1.9671113276916927,21.1,21.1,37.65557194474503,30.336834981564383,16.247,3.336381882113602,12.910618117886397,1.958412423342108,1.583768126756763,0.37464429658534515,0.12569973817444383,3.7501703665468322
2024-03-23,15.17,20.77,11.35,82.42,2.04,1.525820193342606,18.26,18.26,37.6715598173174,30.34971545122359,14.060200000000002,2.6191499945459937,11.441050005454008,1.8978273277520747,1.56418928353326,0.3336380442188147,0.1220138384702421,3.310339509762361
2024-03-24,16.13,21.28,13.08,84.56,1.03,0.7703896074229825,18.28,18.28,37.68558437533883,30.361014196147973,14.075600000000001,2.5366606653023913,11.53893933469761,2.017864373764943,1.7063061144556357,0.31155825930930714,0.12875019030716794,3.3876125720033134
2024-03-25,15.16,17.94,12.82,91.1,1.41,1.0546110159868012,16.45,16.45,37.69764726782896,30.370732544853727,12.6665,2.1038425176084226,10.562657482391577,1.7682209002851628,1.6108492401597831,0.15737166012537962,0.11369027524398133,2.8742718463336177
2024-03-26,15.07,19.88,11.34,86.27,0.87,0.6507174353961114,14.51,14.51,37.70775250252634,30.37887372613532,11.1727,1.6505725916030511,9.52212740839695,1.8318231469426132,1.5803138288673924,0.2515093180752208,0.11786369204049629,2.730715265384134
2024-03-27,15.15,18.53,12.48,86.9,0.97,0.7255125429129057,17.13,17.13,37.715906432217835,30.385442858051977,13.1901,2.3156295659385506,10.874470434061449,1.7906803003511813,1.5561011810051766,0.23457911934600473,0.11514345582182141,3.061857421222548
2024-03-28,15.21,20.27,11.6,86.32,1.42,1.0620905267384806,16.3,16.3,37.72211773783801,30.390446934311818,12.551,2.0787343995104535,10.472265600489546,1.8718226834564837,1.6157573403596366,0.25606534309684714,0.12030384174686347,2.985351333192016
2024-03-29,14.71,18.37,12.61,90.18,2.1,1.5706972578526825,15.8,15.8,37.726397408376876,30.39389480808475,12.166,1.9446502026894263,10.221349797310573,1.7862420999905368,1.610833125771466,0.17540897421907076,0.1152594987144392,2.7603645962437198
2024-03-30,14.76,19.02,11.82,86.94,2.52,1.8848367094232192,8.82,8.82,37.728758717640964,30.39579717328027,6.7914,0.23464669647284453,6.556753303527156,1.7930698996643808,1.5588949707682127,0.2341749288961681,0.11565417375685311,1.930540604295978
2024-03-31,14.53,20.33,10.59,80.47,2.51,1.8773571986715394,11.21,11.21,37.72921719791769,30.39616654333041,8.6317,0.856848436013931,7.774851563986069,1.8319200314446633,1.4741460493035206,0.35777398214114275,0.11837596561679374,2.4164603782106227
2024-04-01,14.66,20.69,10.8,82.08,2.23,1.6679308976245155,13.02,13.02,37.72779061059955,30.39501722752342,10.0254,1.3018258810001238,8.723574118999876,1.867702583869428,1.5330102808400263,0.33469230302940156,0.12056367409084005,2.617744060719552
2024-04-02,14.74,19.44,11.58,89.85,3.05,2.281250779262229,10.97,10.97,37.72449891382885,30.392365304937076,8.446900000000001,0.7551782932800616,7.69172170671994,1.811315557511651,1.6274670284242183,0.18384852908743277,0.11684957294552857,2.1239828604954
2024-04-03,15.03,20.16,11.44,87.2,3.16,2.363525397530703,10.76,10.76,37.71936422723057,30.38822859602604,8.2852,0.7092900954812984,7.575909904518701,1.856573021241472,1.6189316745225637,0.23764134671890824,0.11949403156992949,2.199221282394946
2024-04-04,14.49,19.45,10.96,85.06,3.46,2.5879107200810867,9.42,9.42,37.71241079380439,30.38262663192057,7.2534,0.38987794515593127,6.8635220548440685,1.7845369418890105,1.5179271227707922,0.26660981911821824,0.11535078148784918,2.0739587137942452
2024-04-05,13.91,18.33,9.88,85.53,2.52,1.8848367094232192,16.74,16.74,37.703664939052835,30.37558062149853,12.8898,2.279319189421061,10.610480810578938,1.6626647475818528,1.4220771586067587,0.24058758897509414,0.107969924044444,2.865539312178166
2024-04-06,14.13,19.38,10.64,88.27,2.71,2.026947413705128,16.38,16.38,37.69315502742681,30.36711341629614,12.612599999999999,2.115480842808368,10.49711915719163,1.765829914691178,1.5586980656979028,0.2071318489932752,0.11446866904094163,2.8268109893492444
2024-04-07,14.28,19.11,8.9,81.55,2.99,2.236373714752153,17.78,17.78,37.68091141617381,30.357249473326267,13.690600000000002,2.5954113613408785,11.095188638659124,1.6764230458603757,1.3671229938991363,0.30930005196123944,0.1085433824338112,3.0810748297340695
2024-04-08,14.85,19.33,11.06,87.45,3.64,2.7225419136113165,13.96,13.96,37.66696640667881,30.346014815876718,10.7492,1.5206302204937043,9.228569779506296,1.7805004138244445,1.557047611889477,0.22345280193496753,0.11476146615769184,2.523546549854803
2024-04-09,14.44,19.23,11.15,86.7,3.21,2.4009229512891004,18.07,18.07,37.65135419339127,30.333436992363744,13.9139,2.5618338321115095,11.352066167888491,1.7774913242873973,1.5410849781571736,0.2364063461302237,0.11494100444287049,3.05245875142041
2024-04-10,14.35,20.61,9.81,78.5,3.0,2.243853225503832,24.86,24.86,37.63411081043527,30.31954503331907,19.1422,4.4400233540640155,14.702176645935984,1.8202316591878234,1.4288818524624416,0.3913498067253818,0.11778900369189338,4.138827545742973
2024-04-11,14.52,21.1,8.49,73.57,2.39,1.7876030696513863,23.21,23.21,37.61527407600342,30.304369406591398,17.8717,4.130581484109558,13.741118515890442,1.8057115250076299,1.3284619689481132,0.4772495560595167,0.1166916779682568,4.032166697911264
2024-04-12,15.2,21.33,9.7,81.67,2.81,2.101742521221923,22.43,22.43,37.59488353463788,30.28794197084566,17.2711,3.70257030008921,13.56852969991079,1.8706798861005587,1.5277842629783263,0.34289562312223243,0.12023991645117285,3.815920982622117
2024-04-13,15.64,21.9,10.77,82.38,2.76,2.0643449674635255,21.19,21.19,37.57298039750464,30.270295927445638,16.316300000000002,3.3287787511615754,12.987521248838426,1.9603189417582467,1.6149107442204436,0.34540819753780316,0.12556357201866805,3.7215765118948796
2024-04-14,15.27,20.86,10.14,80.22,2.89,2.1615786072353584,20.01,20.01,37.54960748076981,30.25146577080739,15.407700000000002,3.1362226263276884,12.271477373672314,1.8526145480924798,1.4861673904797874,0.3664471576126924,0.11901275144251748,3.529094009689366
2024-04-15,15.81,21.29,11.63,80.2,2.61,1.952152306188334,21.52,21.52,37.52480914218857,30.231487237312802,16.5704,3.4816638615362305,13.08873613846377,1.9501810457968218,1.5640451987290513,0.3861358470677705,0.12474647358220656,3.803364446196434
2024-04-16,15.3,20.03,11.14,81.47,3.05,2.281250779262229,20.58,20.58,37.49863121601945,30.210397252873907,15.846599999999999,3.2833775798392706,12.563222420160727,1.8338037790697248,1.4939999388081049,0.3398038402616199,0.1177763592231878,3.542444870652868
2024-04-17,15.76,20.9,12.52,83.61,2.18,1.6305333438661183,13.47,13.47,37.471120946378065,30.188233879240023,10.3719,1.405711421856953,8.966188578143047,1.9615780918586956,1.6400754426030553,0.3215026492556403,0.12552509220183652,2.683954433323815
2024-04-18,13.64,16.73,11.0,88.91,2.68,2.00450888145009,10.19,10.19,37.44232691914562,30.16503625914048,7.846299999999999,0.6092901105617192,7.23700988943828,1.60876774638301,1.430355403309134,0.178412343073876,0.10469489782858271,1.95585332275317
2024-04-19,14.56,19.8,10.48,87.6,2.17,1.6230538331144386,12.09,12.09,37.41229899254882,30.14084456035703,9.3093,1.0703727583929583,8.238927241607042,1.788755655865844,1.5669499545384793,0.22180570132736466,0.1155592131339188,2.326129700659018
2024-04-20,14.04,16.89,12.17,92.15,1.93,1.4435455750741322,18.2,18.2,37.38108822652764,30.115699918819725,14.014,2.602366150464264,11.411633849535736,1.6713132953318812,1.5401152016483286,0.13119809368355262,0.1084193004048479,2.959214932581194
2024-04-21,15.08,19.49,11.82,87.75,2.79,2.086783499718564,14.69,14.69,37.348746811008944,30.089644380821245,11.3113,1.7183772688519572,9.592922731148041,1.8257374809097855,1.6020846394983368,0.2236528414114487,0.11746281740281683,2.65217363934045
2024-04-22,14.13,17.56,11.28,90.71,2.2,1.645492365369477,9.05,9.05,37.31532799320294,30.06272084444402,6.968500000000001,0.31714932797425577,6.651350672025745,1.672460767425014,1.5170891621312301,0.1553716052937839,0.10841608043763064,1.8131990577512678
2024-04-23,14.59,20.14,9.31,84.45,2.76,2.0643449674635255,15.78,15.78,37.28088600403992,30.034973000294723,12.150599999999999,2.04979123034699,10.100808769653009,1.7654743887861413,1.4909431213298965,0.2745312674562448,0.11402800418964205,2.833115311047892
2024-04-24,14.87,19.54,11.48,83.76,3.28,2.4532795265508565,20.78,20.78,37.2454759838639,30.00644527164011,16.000600000000002,3.3381700418653395,12.662429958134663,1.8138556038078038,1.5192854537494165,0.29457015005838727,0.11689281792583232,3.4723508350804386
2024-04-25,14.7,19.28,10.37,87.8,3.13,2.341086865275665,15.44,15.44,37.209153907499456,29.977182754037862,11.8888,1.9428895863737878,9.945910413626212,1.747407563068958,1.5342238403745452,0.21318372269441288,0.11276260067801383,2.6734058062470414
2024-04-26,14.36,18.23,10.99,88.5,2.92,2.1840171394903964,14.39,14.39,37.171976508806544,29.947231154554906,11.080300000000001,1.6901488577530477,9.390151142246953,1.7029346055572572,1.5070971259181727,0.1958374796390845,0.11018983695655964,2.506787302588902
2024-04-27,14.83,19.26,11.34,88.06,2.11,1.578176768604362,16.81,16.81,37.13400120483719,29.916636730665036,12.9437,2.2817276607941075,10.661972339205892,1.7879842490504194,1.5744989297137995,0.21348531933661996,0.11526211783066517,2.9168378073723806
2024-04-28,14.7,18.69,12.34,90.71,1.91,1.4285865535707731,14.6,14.6,37.09528601970649,29.88544622891634,11.241999999999999,1.7018230924675093,9.54017690753249,1.7947868212327691,1.6280511255402448,0.16673569569252433,0.11582004902702016,2.5971104771931754
2024-04-29,14.29,17.38,12.06,89.3,1.77,1.323873403047261,15.26,15.26,37.055889508288324,29.853706823457408,11.7502,1.9212240948645132,9.828975905135486,1.696505080418315,1.5149790368135552,0.18152604360475988,0.1098349023767684,2.6528460232281628
2024-04-30,15.26,19.75,12.15,87.72,2.8,2.094263010470243,17.67,17.67,37.015870679844795,29.82146605451016,13.605900000000002,2.486893579832595,11.119006420167407,1.8594177797762383,1.6310812764197165,0.2283365033565219,0.1194592532668676,3.0396775276166137
2024-05-01,15.21,19.81,12.1,90.21,2.73,2.041906435208487,15.7,15.7,36.975288921695714,29.788771766874937,12.089,1.9660287191916452,10.122971280808356,1.8613798169569047,1.6791507328768236,0.1822290840800811,0.11963266868658774,2.7331124855748605
2024-05-02,15.22,18.92,12.82,90.98,2.04,1.525820193342606,14.82,14.82,36.934203923032555,29.755672048551947,11.4114,1.7571236383785278,9.654276361621474,1.8333382534986153,1.6679711430330402,0.16536711046557517,0.11782107829143262,2.6285239187197296
2024-05-03,15.43,19.5,12.5,90.42,2.42,1.8100416019064245,14.76,14.76,36.89267559897884,29.722215169561313,11.3652,1.7426547547323612,9.622545245267638,1.8581806129044516,1.6801669101882053,0.17801370271624628,0.11921922215206551,2.621065061436544
2024-05-04,14.54,18.74,11.24,89.0,2.54,1.8997957309265778,12.07,12.07,36.850764014995754,29.68844952104118,9.2939,1.1127527163142314,8.18114728368577,1.7479028869749573,1.555633569407712,0.1922693175672454,0.11293793232670592,2.247459792383559
2024-05-05,13.8,17.43,11.32,91.42,2.89,2.1615786072353584,14.92,14.92,36.80852931172983,29.65442355470202,11.4884,1.846298101648127,9.642101898351873,1.6660329956986466,1.5230873646677028,0.14294563103094382,0.10828346064053414,2.4635413677643103
2024-05-06,14.66,18.76,10.98,89.96,2.87,2.1466195857319996,18.11,18.11,36.76603163039567,29.62018572271197,13.9447,2.6491359082594657,11.295564091740534,1.7378384057829068,1.5633594298423028,0.17447897594060402,0.11218069996095434,2.9328000378907126
2024-05-07,14.97,19.96,11.51,85.36,3.16,2.363525397530703,18.5,18.5,36.72333103878469,29.5857844180865,14.245000000000001,2.7763592767608367,11.468640723239165,1.8451910585811773,1.5750550876048928,0.2701359709762845,0.11881795711502233,3.1698989394943786
2024-05-08,14.66,18.05,12.01,92.07,3.13,2.341086865275665,15.73,15.73,36.68048745798639,29.551267915652154,12.1121,2.032745256770385,10.079354743229615,1.736987972522002,1.5992448263010073,0.13774314622099482,0.11212580291289688,2.5657278506078143
2024-05-09,13.94,17.32,10.3,88.22,2.21,1.6529718761211565,8.79,8.79,36.63756058990696,29.516684313652647,6.768299999999999,0.29935307572985365,6.468946924270146,1.61512157351915,1.424860252158594,0.19026132136055596,0.10485752502140372,1.8003571204713997
2024-05-10,14.23,18.8,10.13,87.86,2.14,1.6006153008594004,13.84,13.84,36.59460984566527,29.48208147606177,10.6568,1.6082087793583097,9.04859122064169,1.704412863027879,1.4974971414562943,0.20691572157158467,0.11039951756038237,2.4759907427050947
2024-05-11,14.92,19.36,10.66,89.27,2.56,1.9147547524299369,16.69,16.69,36.55169427494382,29.44750697566574,12.851300000000002,2.3086548537909963,10.542645146209006,1.7652860038874256,1.5758708156703047,0.1894151882171209,0.11371767957425966,2.8135185343479523
2024-05-12,15.62,19.77,12.02,89.35,2.97,2.221414693248794,15.56,15.56,36.508872496368426,29.413008037974258,11.981200000000001,1.993695199254943,9.987504800745057,1.8548053908659514,1.6572686167387274,0.19753677412722404,0.11882394232812384,2.704646091148297
2024-05-13,15.35,19.51,12.38,85.41,3.56,2.6627058275978808,21.55,21.55,36.46620262898712,29.378631486017184,16.593500000000002,3.5968841837632866,12.996615816236716,1.853193147709853,1.5828122674589855,0.2703808802508676,0.11897454008001983,3.50672108684072
2024-05-14,14.44,18.77,10.56,89.84,2.89,2.1615786072353584,16.02,16.02,36.4237422249149,29.344423686080443,12.3354,2.1636727059269383,10.171727294073062,1.7204352663198157,1.5456390432617224,0.17479622305809328,0.11125148960657522,2.6620920294294312
2024-05-15,14.94,19.8,11.06,83.91,2.22,1.6604513868728359,16.06,16.06,36.381548203207984,29.31043049443248,12.3662,2.220160057694442,10.146039942305556,1.8137235358090398,1.5218954188973652,0.29182811691167454,0.11681944194457,2.89565044224709
2024-05-16,14.8,19.25,11.9,91.23,3.05,2.281250779262229,13.57,13.57,36.3396767850272,29.276697205089317,10.4489,1.504555673283264,8.944344326716736,1.8126211686666853,1.653654292174617,0.15896687649206842,0.11687814502874112,2.3768819904947414
2024-05-17,14.79,19.21,11.22,90.23,3.18,2.3784844190340624,16.6,16.6,36.29818343014713,29.24326849866373,12.782000000000002,2.2982271074967007,10.483772892503302,1.7791910949096321,1.605364124936961,0.1738269699726711,0.11473166964408686,2.7394743271581534
2024-05-18,14.81,18.58,11.06,91.4,3.45,2.580431209329407,14.45,14.45,36.25712277486371,29.210188392341202,11.1265,1.7594736683387935,9.367026331661206,1.7292153744542524,1.5805028522511868,0.14871252220306563,0.11149127895823265,2.396193830393706
2024-05-19,14.58,18.61,11.05,90.0,3.36,2.5131156125642917,16.69,16.69,36.21654857135004,29.177500191022446,12.851300000000002,2.3558668737250072,10.495433126274994,1.730788970789384,1.5577100737104457,0.1730788970789383,0.11179662781042814,2.706001283673434
2024-05-20,13.82,17.41,11.71,91.66,3.32,2.483197569557574,16.31,16.31,36.17651362850627,29.145246439669794,12.5587,2.264987420995829,10.293712579004172,1.6823103096966951,1.5420056298679907,0.14030467982870443,0.1093239853017744,2.582469991276036
2024-05-21,13.37,17.06,10.9,91.06,2.78,2.0793039889668843,13.39,13.39,36.13706975434686,29.113468876892007,10.3103,1.5334838663465724,8.776816133653428,1.6245616256040858,1.4793258162750806,0.14523580932900515,0.10595060046949935,2.2589509081575465
2024-05-22,13.91,18.45,10.54,85.48,2.88,2.154099096483679,16.45,16.45,36.09826769996437,29.082208389799295,12.6665,2.381561977040866,10.284938022959134,1.6981137270874465,1.4515476139143493,0.24656611317309718,0.11027190562566086,2.8026740232875365
2024-05-23,14.64,19.64,10.18,86.11,2.02,1.510861171839247,16.23,16.23,36.060157105106626,29.051504970158103,12.497100000000001,2.2884752349921613,10.20862476500784,1.7647652399629359,1.519639348132084,0.24512589183085187,0.11393696455346333,2.8382668901165027
2024-05-24,15.35,20.27,11.8,88.3,2.42,1.8100416019064245,18.0,18.0,36.0227864454006,29.02139767187254,13.86,2.6703070076671445,11.189692992332855,1.8809116522630567,1.660844988948279,0.22006666331477764,0.12075406119199819,3.0776473977185224
2024-05-25,14.19,17.6,11.82,92.05,2.6,1.9446727954366547,11.07,11.07,35.986202981253406,28.991924569816995,8.523900000000001,0.9193088795736731,7.604591120426328,1.6993248766662017,1.5642285489712386,0.13509632769496305,0.11010497115236996,2.0052240531897225
2024-05-26,13.78,17.89,10.97,89.6,2.79,2.086783499718564,16.36,16.36,35.95045270845821,28.96312272004227,12.597199999999999,2.329918138171334,10.267281861828664,1.6799278095376697,1.505215317345752,0.17471249219191765,0.10920394651018656,2.6756664328023394
2024-05-27,13.39,16.5,10.59,91.54,2.85,2.131660564228641,16.96,16.96,35.915580310529855,28.93502812137527,13.0592,2.5128568793962875,10.546343120603712,1.577269797387765,1.44383277252876,0.13343702485900488,0.10284991109638615,2.6114914381172465
2024-05-28,13.97,17.81,9.83,90.54,3.16,2.363525397530703,17.39,17.39,35.88162911279248,28.907675678430135,13.3903,2.61706984877769,10.77323015122231,1.6267520308379781,1.4728612887207055,0.1538907421172726,0.10558738450117322,2.696576677822234
2024-05-29,13.83,16.74,11.24,92.32,3.33,2.490677080309254,13.4,13.4,35.848641038239016,28.88109916604688,10.318000000000001,1.5558464759759174,8.762153524024084,1.6199174523918924,1.495507792048195,0.12440966034369749,0.10526103721689609,2.178394528115881
2024-05-30,14.08,18.37,10.92,91.86,2.89,2.1615786072353584,13.87,13.87,35.816656565179876,28.855331195171516,10.6799,1.656568938440964,9.023331061559036,1.7091240140283839,1.5700013192864732,0.13912269474191064,0.11083682753337493,2.3322834668398054
2024-05-31,13.83,17.68,10.71,92.66,3.09,2.311168822268947,14.17,14.17,35.785714686696174,28.830403180189908,10.9109,1.7478589927109445,9.163041007289056,1.655223601951809,1.5337301895685462,0.12149341238326272,0.1075552046865559,2.2961959471847844
2024-06-01,14.34,18.26,10.74,90.08,2.96,2.2139351824971145,19.27,19.27,35.75585287191024,28.806345307725767,14.8379,3.1050742671281224,11.732825732871877,1.6940860125411752,1.5260326800970907,0.1680533324440845,0.109634706346929,2.993322192863535
2024-06-02,14.51,18.28,10.94,90.17,2.55,1.9072752416782572,21.5,21.5,35.72710702908498,28.783186506912028,16.555,3.688652185638383,12.866347814361617,1.7040478252233338,1.53653992400388,0.1675079012194538,0.11013054473760124,3.304024106170811
2024-06-03,13.85,17.2,11.04,91.76,3.56,2.6627058275978808,14.39,14.39,35.699511470561,28.760954421142763,11.080300000000001,1.8303367714441312,9.24996322855587,1.6393171048502366,1.5042373754105773,0.1350797294396593,0.10650464753515504,2.301040705595602
2024-06-04,13.45,15.83,10.93,93.35,3.9,2.9170091931549815,12.79,12.79,35.67309887953911,28.73967538131189,9.8483,1.4218384608095458,8.426461539190454,1.5526275458320589,1.4493778140342268,0.10324973179783203,0.10119460454639713,1.995776576157158
2024-06-05,13.4,17.49,9.77,91.18,2.68,2.00450888145009,13.77,13.77,35.647900278714445,28.719374380543506,10.6029,1.684902100337129,8.917997899662872,1.603944703272407,1.4624767804437808,0.1414679228286262,0.10458097294086845,2.2815160687925347
2024-06-06,13.31,17.1,9.84,89.48,2.86,2.13914007498032,14.74,14.74,35.62394500076645,28.70007505041748,11.3498,1.972249118084928,9.377550881915072,1.5824509931012876,1.415977148627032,0.1664738444742555,0.10325365415244592,2.407676532231639
2024-06-07,13.84,17.97,9.87,90.61,3.11,2.326127843772306,14.37,14.37,35.60126066070826,28.681799638693008,11.0649,1.8434362307829002,9.221463769217099,1.638702708590388,1.4848285242537507,0.15387418433663735,0.10647320956429776,2.3588392000513316
2024-06-08,13.65,17.31,10.3,90.04,3.11,2.326127843772306,16.7,16.7,35.57987313009743,28.664568988531695,12.859,2.486984856258861,10.37201514374114,1.6144967692767853,1.4536928910568176,0.16080387821996767,0.1050593560052,2.6191319794943193
2024-06-09,14.02,17.49,10.79,92.61,2.88,2.154099096483679,14.66,14.66,35.55980651310906,28.648402519221182,11.2882,1.904182820090001,9.384017179909998,1.6466133805926644,1.5249286517668665,0.12168472882579784,0.1068340007299852,2.357419211852484
2024-06-10,14.27,17.95,11.07,92.15,3.34,2.498156591060933,14.14,14.14,35.541083124471584,28.633318208399288,10.8878,1.7600065383256167,9.127793461674383,1.6881720132478757,1.5556505102079174,0.13252150303995824,0.10931278289027806,2.303514714462608
2024-06-11,13.36,16.94,10.82,90.84,3.38,2.528074634067651,14.0,14.0,35.52372346926438,28.61933257577816,10.780000000000001,1.7625890857467046,9.017410914253297,1.6137318587388516,1.4659140204783727,0.1478178382604789,0.10525270267443144,2.277743457652235
2024-06-12,13.33,16.82,9.37,91.76,2.98,2.2288942040004733,15.8,15.8,35.50774622457585,28.606460668367287,12.166,2.258579526685599,9.907420473314401,1.5464051397369314,1.4189813562226083,0.12742378351432304,0.10088558817403483,2.429164642167536
2024-06-13,13.86,17.31,10.88,92.09,2.6,1.9446727954366547,16.92,16.92,35.4931682230202,28.594716047193995,13.028400000000001,2.5189312328440585,10.509468767155942,1.6392027724372087,1.5095418331374255,0.12966093929978317,0.10648873922321149,2.6522349402935292
2024-06-14,13.89,17.8,10.68,91.38,2.71,2.026947413705128,14.79,14.79,35.48000443811007,28.584110775518997,11.3883,1.9544181794777058,9.433881820522293,1.6616137088525158,1.5183826071494289,0.14323110170308695,0.10791885498037994,2.426000738136724
2024-06-15,14.15,17.69,10.94,91.3,2.83,2.1167015427252815,12.67,12.67,35.46826797148256,28.574655408545212,9.7559,1.3941923955351638,8.361707604464836,1.6657939471718888,1.5208698737679345,0.1449240734039543,0.10796673144258666,2.1729679850802164
2024-06-16,13.1,15.84,11.25,91.21,3.5,2.6178287630878043,14.99,14.99,35.457970041975166,28.566358984616873,11.542300000000001,2.0503127379933734,9.491987262006628,1.5672379739384064,1.4294777560292204,0.1377602179091859,0.10243261288646774,2.332543714907995
2024-06-17,13.64,17.39,10.41,90.49,2.79,2.086783499718564,17.23,17.23,35.44911997654829,28.559229017906365,13.267100000000001,2.635416886088516,10.631683113911485,1.624126164198942,1.4696717659836225,0.15445439821531948,0.10569438826942654,2.697116773258621
2024-06-18,14.02,18.09,11.19,91.43,2.24,1.675410408376195,17.44,17.44,35.44172520305091,28.553271492585935,13.4288,2.641451730361231,10.78734826963877,1.7025417846978237,1.5566339537492204,0.14590783094860327,0.11046269416550612,2.8109697400903664
2024-06-19,13.53,16.96,11.04,92.71,2.43,1.8175211126581043,16.44,16.44,35.43579124482528,28.548490858481042,12.658800000000001,2.398162142935517,10.260637857064484,1.6245157213911132,1.506088525301701,0.11842719608941232,0.10581248560819273,2.587670709262113
2024-06-20,12.99,17.12,10.09,91.04,3.05,2.281250779262229,15.43,15.43,35.43132171714735,28.54489002820259,11.8811,2.1594291311001377,9.721670868899862,1.5939511481510114,1.4511331252766808,0.14281802287433054,0.10427014184697765,2.4389714186597797
2024-06-21,12.42,15.07,10.28,91.25,2.39,1.7876030696513863,14.93,14.93,35.42831832549871,28.542470375754778,11.4961,2.066254907977129,9.429845092022871,1.482120270671908,1.3524347469881162,0.12968552368379194,0.09739771060347929,2.3443317953944747
2024-06-22,13.23,17.76,8.52,88.09,2.6,1.9446727954366547,15.92,15.92,35.426780865666586,28.54123173661563,12.2584,2.330163459788623,9.928236540211376,1.5722036236572303,1.3849541720796543,0.187249451577576,0.10265054752184388,2.577961639252258
2024-06-23,13.47,17.01,10.21,90.79,2.58,1.9297137739332957,12.42,12.42,35.426707225667904,28.541172409287093,9.5634,1.3529517538982765,8.210448246101723,1.5921538393375814,1.44551647073459,0.14663736860299137,0.10375423261065267,2.1268999776986877
2024-06-24,13.83,17.76,9.96,91.05,3.25,2.4308409942958185,15.24,15.24,35.428093389493796,28.54228915831178,11.7348,2.0938456470291733,9.640954352970827,1.6288614315072305,1.4830783333873334,0.1457830981198971,0.10584221036071069,2.424081549803296
2024-06-25,12.91,15.5,10.2,92.67,3.36,2.5131156125642917,15.74,15.74,35.4309334426709,28.544577218753382,12.1198,2.26293896004535,9.85686103995465,1.5027700267546273,1.3926169837935132,0.11015304296111417,0.09836829696667304,2.331001756586324
2024-06-26,12.21,16.52,8.7,88.83,2.95,2.2064556717454353,14.96,14.96,35.43521957963588,28.54803030213785,11.519200000000001,2.085945096242011,9.433254903757991,1.502282626132565,1.3344776567935575,0.16780496933900757,0.09888893195179004,2.38453516900087
2024-06-27,12.51,16.82,8.05,89.96,2.38,1.7801235588997069,16.85,16.85,35.44094211291941,28.552640603852392,12.9745,2.591094531324722,10.383405468675278,1.496081675374998,1.345875075167348,0.15020660020764987,0.09824435796915983,2.601587786396254
2024-06-28,13.6,16.87,10.33,91.46,1.94,1.4510250858258114,13.24,13.24,35.44808948413629,28.55839881199956,10.1948,1.5675127493983823,8.627287250601618,1.588602827072404,1.4529361456404206,0.13566668143198335,0.10341557773986881,2.2455285415305193
2024-06-29,13.34,17.37,10.55,92.21,2.56,1.9147547524299369,17.88,17.88,35.45664827677786,28.565294117703317,13.7676,2.780407220232264,10.987192779767735,1.6287969902264512,1.5019137046878106,0.1268832855386406,0.10625225318409888,2.761484355701752
2024-06-30,13.52,17.59,10.42,86.13,2.39,1.7876030696513863,19.15,19.15,35.46660323080322,28.57331422686431,14.7455,3.21697291601847,11.52852708398153,1.637165461802792,1.4100906122507448,0.22707484955204715,0.10664492694991193,3.058175741084722
2024-07-01,13.25,17.03,10.41,89.43,2.54,1.8997957309265778,19.64,19.64,35.47793725902534,28.582445373361175,15.122800000000002,3.3105543480637087,11.812245651936292,1.601763323155676,1.432456939898121,0.16930638325755498,0.10456383062896368,3.0056914450149366
2024-07-02,12.94,16.44,9.56,90.66,2.99,2.236373714752153,16.82,16.82,35.49063146528806,28.592672333694676,12.951400000000001,2.558474141241958,10.392925858758044,1.5311223097432212,1.3881154860132043,0.14300682373001683,0.10020015097092022,2.5585190659044383
2024-07-03,13.34,17.72,10.06,91.11,2.61,1.952152306188334,16.75,16.75,35.50466516442995,28.603978443071348,12.8975,2.486389276704844,10.411110723295156,1.630419562268266,1.4854752631826171,0.14494429908564888,0.10635809936163411,2.6518480692707063
2024-07-04,13.88,17.99,10.09,90.32,2.37,1.7726440481480275,15.88,15.88,35.52001590403027,28.616345612922945,12.2276,2.2546651885067712,9.972934811493229,1.6490399193258822,1.4894128551351367,0.15962706419074557,0.10711073780957582,2.5963603677061124
2024-07-05,12.76,15.87,9.92,91.77,2.54,1.8997957309265778,10.0,10.0,35.53665948793217,28.629754349857674,7.7,0.6989772672926043,7.001022732707396,1.5123192565362704,1.3878553817233352,0.1244638748129352,0.09911216946236727,1.7878517606523452
2024-07-06,12.5,16.41,9.35,90.07,2.79,2.086783499718564,16.91,16.91,35.55457000153769,28.644183776038826,13.0207,2.5863946086353815,10.434305391364617,1.5209719304741895,1.3699394177781026,0.15103251269608697,0.09988684255784497,2.595822542142628
2024-07-07,12.22,15.83,9.34,91.84,3.23,2.415881972792459,17.1,17.1,35.57371983886859,28.659611650986093,13.167000000000002,2.6285658533150364,10.538434146684965,1.4866673504150136,1.3653552946211485,0.12131205579386517,0.09785320039549235,2.506770536196552
2024-07-08,11.88,16.27,6.15,87.51,3.1,2.3186483330206267,18.66,18.66,35.594079731386074,28.676014394793878,14.3682,3.1437413952175475,11.224458604782452,1.397373670164308,1.222841698760786,0.17453197140352206,0.09222701380076105,2.712838934744456
2024-07-09,12.92,15.95,10.32,93.48,3.01,2.251332736255512,15.84,15.84,35.615618778562215,28.693367112760864,12.1968,2.2455994953453287,9.951200504654672,1.5335157906445995,1.4335305610945717,0.09998522955002787,0.1003728294524297,2.381703861259183
2024-07-10,13.56,17.5,9.82,90.38,3.27,2.4458000157991773,18.79,18.79,35.63830448019442,28.711643621423836,14.4683,3.0356204097823785,11.43267959021762,1.606608194402799,1.4520524861012496,0.1545557083015494,0.10462105518719614,2.8267822078594267
2024-07-11,13.48,17.32,10.27,87.44,3.2,2.393443440537421,21.57,21.57,35.66210277045354,28.73081647598819,16.608900000000002,3.8348280001997113,12.774071999800292,1.613866403790673,1.4111647834745644,0.2027016203161085,0.10516076551000862,3.2277268144128737
2024-07-12,12.76,16.39,10.55,93.77,3.22,2.40840246204078,14.85,14.85,35.68697805365516,28.750856999146745,11.4345,1.957159461074339,9.477340538925661,1.5690194793458319,1.4712695657825865,0.09774991356324536,0.10282810580806075,2.2751110314206784
2024-07-13,12.08,15.57,9.76,90.55,4.04,3.021722343678494,15.66,15.66,35.7128932417422,28.771735311277187,12.058200000000001,2.235844123080864,9.822355876919136,1.488648212978236,1.3479709568517924,0.14067725612644355,0.0980936271039484,2.3381900870761503
2024-07-14,12.21,16.38,7.78,89.7,2.87,2.1466195857319996,15.38,15.38,35.739809793465476,28.793420362007527,11.842600000000001,2.1685279563100748,9.674072043689925,1.459846285576258,1.3094821181619034,0.15036416741435454,0.09609552655618951,2.3871530571367963
2024-07-15,12.68,17.53,8.44,89.46,2.69,2.01198839220177,13.75,13.75,35.767687755247806,28.815879963137842,10.5875,1.6937967856846594,8.893703214315341,1.5545607743911898,1.3907100687703584,0.16385070562083137,0.10194575152307239,2.293743903980855
2024-07-16,12.93,17.46,10.13,92.22,3.03,2.2662917577588706,15.99,15.99,35.796485803715065,28.839080822905007,12.3123,2.24181506324446,10.070484936755541,1.616821794771659,1.4910330591384238,0.12578873563323523,0.10581697863540825,2.500986636085288
2024-07-17,12.7,17.15,9.38,90.65,3.52,2.6327877845911636,15.37,15.37,35.826161289876296,28.86298858157594,11.8349,2.110017100715214,9.724882899284786,1.567046662887201,1.4205277999072479,0.1465188629799532,0.102748115592188,2.4024538199801166
2024-07-18,12.47,16.71,9.23,90.37,3.01,2.251332736255512,15.66,15.66,35.85667028493292,28.887567848353356,12.058200000000001,2.2001619740169196,9.858038025983081,1.5342122569188072,1.3864676165775263,0.14774464034128099,0.10078058022858985,2.452951975038318
2024-07-19,12.81,16.99,8.92,89.94,2.83,2.1167015427252815,13.3,13.3,35.887967627694984,28.912782239576188,10.241000000000001,1.56260610323721,8.678393896762792,1.5391861461439833,1.3843440198418986,0.15484212630208471,0.1008326050167616,2.214311382877379
2024-07-20,13.08,17.72,9.37,90.2,3.4,2.54303365557101,14.14,14.14,35.92000697358067,28.93859441819553,10.8878,1.7633327483552803,9.12446725164472,1.6025025062884195,1.4454572606721543,0.1570452456162652,0.10475418957194078,2.3150836412262366
2024-07-21,13.03,17.2,9.28,90.59,3.03,2.2662917577588706,14.16,14.16,35.952740845172656,28.9649661345049,10.9032,1.7734561282732255,9.129743871726774,1.566191952321129,1.4188132896077108,0.14737866271341815,0.10242150270342842,2.301941300890364
2024-07-22,13.15,16.91,9.81,92.41,3.4,2.54303365557101,13.45,13.45,35.986120684302755,28.991858268101673,10.3565,1.5662067860155917,8.790293213984409,1.5695602996984643,1.4504306729513508,0.11912962674711358,0.10254344110191284,2.150207305195006
2024-07-23,14.04,18.16,11.26,91.42,3.69,2.7599394673697137,13.63,13.63,36.02009690563397,29.01923087105495,10.4951,1.5790721878862652,8.916027812113736,1.7102097155202838,1.5634737219286436,0.14673599359164013,0.11094253927146758,2.2744410419470165
2024-07-24,13.82,17.89,10.75,91.71,2.99,2.236373714752153,14.41,14.41,36.054618951706345,29.0470432122527,11.0957,1.786725429617735,9.308974570382265,1.6704075655640567,1.5319307783787963,0.13847678718526035,0.10855049219702016,2.374192961498031
2024-07-25,13.78,17.73,10.64,90.66,2.95,2.2064556717454353,13.9,13.9,36.089635349410486,29.075253822899064,10.703000000000001,1.665131548095654,9.037868451904348,1.6554191663052962,1.5008030161723815,0.15461615013291463,0.10761075866640536,2.336096649078134
2024-07-26,13.85,17.76,10.77,92.08,3.09,2.311168822268947,14.14,14.14,36.12509376784987,29.10382054313057,10.8878,1.7084794163483157,9.179320583651684,1.6629134272734765,1.5312106838334172,0.13170274344005928,0.10803767491306593,2.321842823603525
2024-07-27,13.41,17.22,9.82,90.95,3.36,2.5131156125642917,15.63,15.63,36.16094107755042,29.13270056971772,12.035100000000002,2.130327930024052,9.90477206997595,1.589069898385259,1.4452590725813932,0.14381082580386573,0.10360283537337489,2.453352894461266
2024-07-28,13.81,17.5,10.15,91.31,3.64,2.7225419136113165,13.65,13.65,36.197123410972644,29.161850504816,10.5105,1.5927815619087806,8.91771843809122,1.6201736036352599,1.479380517479356,0.1407930861559039,0.1052944523733649,2.226678028103805
2024-07-29,13.57,17.63,9.59,90.44,3.48,2.6028697415844455,18.98,18.98,36.23358622427908,29.191226405728198,14.614600000000001,3.0012430498064306,11.61335695019357,1.6055440399699932,1.4520540297488618,0.1534900102211314,0.10454342332374543,2.844910902101379
2024-07-30,12.45,15.39,9.35,90.4,3.48,2.6028697415844455,9.87,9.87,36.27027436030655,29.22078383563737,7.5999,0.6188872358942948,6.981012764105705,1.4620644702530767,1.3217062811087814,0.14035818914429532,0.09605666044979287,1.7609695895062187
2024-07-31,11.97,15.5,9.32,90.01,3.46,2.5879107200810867,13.1,13.1,36.30713211268993,29.250477915267513,10.087,1.4880996942335345,8.598900305766465,1.4670696003981494,1.3205093473183742,0.14656025307977516,0.09675705577527309,2.1200984077887766
2024-08-01,12.36,16.24,8.75,89.01,3.06,2.288730290013909,16.85,16.85,36.34410329108076,29.28026337542631,12.9745,2.495793453756569,10.478706546243432,1.4875813467103556,1.3240961567068876,0.16348519000346795,0.09780357857733599,2.5888054348016754
2024-08-02,13.11,17.22,9.07,88.13,2.58,1.9297137739332957,20.98,20.98,36.381131287401445,29.3100946103821,16.154600000000002,3.5755935577042943,12.579006442295707,1.5592056103369603,1.374127904389963,0.18507770594699724,0.10189948906557292,3.176178038721613
2024-08-03,13.5,17.36,10.29,90.41,2.91,2.1765376287387173,16.63,16.63,36.418159143072074,29.339925732024586,12.8051,2.359434018166021,10.44566598183398,1.617205616008034,1.4621155974328632,0.15509001857517069,0.10536154503993794,2.6433293910744964
2024-08-04,13.28,17.7,10.2,89.15,2.87,2.1466195857319996,20.49,20.49,36.455129617144635,29.369710624756404,15.777299999999999,3.374776565198708,12.40252343480129,1.6349466875695078,1.4575549719682164,0.1773917156012914,0.10670450119868831,3.1444965967345264
2024-08-05,13.37,17.2,8.92,90.91,2.93,2.1914966502420765,14.45,14.45,36.491985255275345,29.39940300106003,11.1265,1.7942506235118822,9.332249376488118,1.552148117461023,1.4110578535838159,0.14109026387720713,0.10122793895334567,2.3325357078354743
2024-08-06,13.92,17.86,11.36,89.31,2.66,1.9895498599467312,15.29,15.29,36.528668459463745,29.42895645768237,11.773299999999999,1.9834211457972906,9.789878854202708,1.6951748866439962,1.513960691261753,0.18121419538224326,0.11007230001355975,2.5891960646426866
2024-08-07,13.74,18.46,10.26,84.43,2.4,1.795082580403066,21.17,21.17,36.565121558483455,29.45832453237661,16.300900000000002,3.5975798473960494,12.703320152603952,1.6869845886523458,1.4243210881991757,0.2626635004531701,0.10969762290302094,3.4164408437762095
2024-08-08,13.61,17.72,9.37,90.27,2.32,1.7352464943896302,14.46,14.46,36.60128687892702,29.487460761138767,11.134200000000002,1.7761655337955995,9.358034466204401,1.6025025062884195,1.446579012426556,0.15592349386186344,0.10431211007722321,2.4275850896598703
2024-08-09,13.89,18.04,10.54,88.49,2.97,2.221414693248794,17.46,17.46,36.63710681678419,29.516318735874016,13.4442,2.5515492783607536,10.892650721639246,1.671148247976907,1.4787990846347652,0.19234916334214192,0.10853810633801378,2.8322613957970595
2024-08-10,12.81,16.77,9.72,89.92,2.97,2.221414693248794,12.38,12.38,36.67252390947004,29.544852162425443,9.5326,1.2415242351863305,8.29107576481367,1.5573885807340402,1.4004038117960491,0.15698476893799107,0.10202505266317574,2.1330846125431098
2024-08-11,12.76,17.21,8.82,88.19,2.39,1.7876030696513863,16.47,16.47,36.70748090821707,29.573014918896003,12.681899999999999,2.333714914247733,10.348185085752267,1.5489210913084355,1.3659935104249092,0.18292758088352623,0.10151092702291109,2.671843107513056
2024-08-12,12.74,16.81,8.21,88.26,2.75,2.0568654567118463,19.68,19.68,36.741920850742154,29.60076111419191,15.1536,3.201829943561802,11.9517700564382,1.50136478104941,1.3251045557542094,0.17626022529520058,0.09840999224703284,2.9668663421121053
2024-08-13,12.46,15.49,9.69,89.95,3.12,2.333607354523986,14.62,14.62,36.77578713409737,29.628045146714207,11.2574,1.8448857460743169,9.412514253925684,1.4812898009140079,1.3324201759221501,0.14886962499185774,0.09731195894480231,2.3212866702363097
2024-08-14,12.59,17.43,7.41,85.12,3.07,2.2962098007655882,15.35,15.35,36.80902358761094,29.654821763122875,11.8195,2.065324529607752,9.754175470392248,1.5107914487464649,1.285985681172991,0.2248057675734738,0.09914680370384639,2.5572304707709494
2024-08-15,13.19,17.75,9.01,90.14,3.2,2.393443440537421,20.03,20.03,36.8415745458223,29.681046117096276,15.423100000000002,3.200998153168271,12.22210184683173,1.590301869763874,1.4334981054051559,0.15680376435871812,0.10386536176936799,3.005346398779044
2024-08-16,13.45,17.09,10.57,91.45,3.23,2.415881972792459,18.92,18.92,36.87338492131364,29.70667382800712,14.568400000000002,2.8849246364538157,11.683475363546187,1.6122348811954248,1.474388798853216,0.13784608234220874,0.1050795934134005,2.8588856419163093
2024-08-17,12.7,18.0,8.3,83.82,2.8,2.094263010470243,24.27,24.27,36.90440027733773,29.731661039434368,18.6879,4.440435318224537,14.247464681775462,1.5794376230024376,1.3238846156006432,0.25555300740179443,0.10356056606502383,3.6721995709466406
2024-08-18,12.69,17.53,7.97,83.5,2.88,2.154099096483679,21.1,21.1,36.93456690014071,29.755964477429362,16.247,3.6150303548481255,12.631969645151875,1.5371781955238015,1.283543793262374,0.2536344022614274,0.1007977635839149,3.2692325560244044
2024-08-19,13.74,17.96,9.69,88.97,3.53,2.6402672953428423,12.83,12.83,36.963831870876525,29.779541508452965,9.879100000000001,1.321752297120586,8.557347702879415,1.6307447602497083,1.4508736131941655,0.17987114705554275,0.10604057972091839,2.238476038691116
2024-08-20,13.71,18.15,10.02,88.62,3.54,2.647746806094522,15.76,15.76,36.99214313700857,29.802350196899585,12.1352,2.0719349524846096,10.06326504751539,1.6565727657586617,1.468054785015326,0.1885179807433357,0.10774581830917765,2.598405482824571
2024-08-21,14.27,18.99,10.27,89.1,2.86,2.13914007498032,17.56,17.56,37.01944958309306,29.824349362123098,13.521199999999999,2.494955263674652,11.026244736325346,1.7231901190707697,1.5353623960920557,0.18782772297871397,0.11158028085198295,2.888052641113643
2024-08-22,14.68,18.83,10.55,88.89,2.94,2.1989761609937557,18.59,18.59,37.04570110083742,29.84549863487866,14.3143,2.757663118101092,11.556636881898907,1.724078155038486,1.5325330720137103,0.1915450830247758,0.1112747840240105,3.0087614173250414
2024-08-23,14.79,18.82,11.46,88.77,2.87,2.1466195857319996,14.16,14.16,37.07084865832645,29.86575851309412,10.9032,1.6212749802739674,9.281925019726032,1.7631173499554675,1.5651192715554685,0.19799807839999906,0.11369514939547457,2.5101202257209634
2024-08-24,14.32,18.49,10.69,89.01,3.33,2.490677080309254,14.0,14.0,37.09484436830881,29.885090416884314,10.780000000000001,1.5911536490868443,9.188846350913156,1.7071757517219543,1.5195571366077116,0.18761861511424271,0.1104993877106849,2.4302119518455148
2024-08-25,13.04,17.1,8.96,89.26,3.24,2.4233614835441393,13.47,13.47,37.11764155543567,29.903456742721193,10.3719,1.4913638692116131,8.880536130788387,1.5475025552257153,1.3813007807944737,0.16620177443124162,0.10119122025865515,2.2620660998316335
2024-08-26,12.71,16.89,9.54,86.12,3.27,2.4458000157991773,13.23,13.23,37.13919482234378,29.920820916673044,10.187100000000001,1.4497038248589988,8.737396175141003,1.5574413865415146,1.3412685220895526,0.21617286445196204,0.10211014785754917,2.3337363597674656
2024-08-27,12.63,17.82,7.53,85.31,3.03,2.2662917577588706,15.8,15.8,37.1594601144754,29.937147446625964,12.166,2.134175167564232,10.031824832435769,1.539826863465756,1.3136262972226365,0.22620056624311946,0.10101993102513417,2.636708314460142
2024-08-28,12.79,16.9,9.37,89.59,3.04,2.27377126851055,16.25,16.25,37.17839478352809,29.95240197340157,12.512500000000001,2.2060986506721583,10.306401349327842,1.5512790089098751,1.3897908640823573,0.16148814482751783,0.10164106731505353,2.5824726609146498
2024-08-29,12.27,16.94,8.79,85.44,3.07,2.2962098007655882,17.58,17.58,37.19595764942797,29.96655132068515,13.536599999999998,2.6120330908063254,10.924566909193672,1.531124173170885,1.3081924935572042,0.22293167961368066,0.10073899389924242,2.8242133144239348
2024-08-30,12.4,17.9,7.14,83.04,2.29,1.712807962134592,19.18,19.18,37.2121090607216,29.979563543679753,14.7686,3.0618584126516835,11.706741587348315,1.5312888270228542,1.2715822419597782,0.259706585063076,0.10064494875852874,3.0997027921701967
2024-08-31,13.0,18.38,9.05,81.96,2.03,1.5183406825909262,20.58,20.58,37.22681095328254,29.991407976402545,15.846599999999999,3.4130111360464754,12.433588863953524,1.6328835953068248,1.3383113947134735,0.2945722005933513,0.1068084175707867,3.389421237369848
2024-09-01,12.06,16.17,8.92,88.23,2.46,1.8399596449131423,11.24,11.24,37.24002690723034,30.00205527754105,8.6548,0.9141966679738041,7.740603332026196,1.4899976323409088,1.314624911014384,0.17537272132652482,0.09819829648296564,2.0349108032547236
2024-09-02,12.24,17.42,7.38,85.51,2.45,1.8324801341614632,14.94,14.94,37.25172220196196,30.011477474788634,11.5038,1.903535830265621,9.600264169734379,1.5091060172627966,1.2904365553614177,0.21866946190137893,0.09931420337012214,2.534509313046164
2024-09-03,13.19,18.79,8.04,82.99,2.14,1.6006153008594004,20.59,20.59,37.26186386919718,30.019648007580017,15.8543,3.3888463727920413,12.465453627207959,1.6222320509193904,1.346290379058002,0.2759416718613883,0.10595077704814874,3.3587812519911227
2024-09-04,13.91,18.33,9.54,88.06,3.06,2.288730290013909,18.58,18.58,37.27042074394258,30.0265417681499,14.3066,2.77329249743689,11.53330750256311,1.6489131945007305,1.4520329590773435,0.19688023542338695,0.10707692733911221,2.9673011958049487
2024-09-05,13.8,18.11,10.3,88.18,3.62,2.7075828921079577,15.08,15.08,37.27736351328091,30.032135140839635,11.611600000000001,1.869323446634109,9.742276553365892,1.6655878327298157,1.4687153509011517,0.19687248182866401,0.1082545273679408,2.5443439284705445
2024-09-06,13.68,18.83,9.09,87.65,2.67,1.9970293706984108,15.75,15.75,37.2826647628958,30.036406039579372,12.1275,2.041450014964577,10.086049985035423,1.6646277638120126,1.459046234981229,0.20558152883078362,0.10829561150970524,2.6837237537850345
2024-09-07,13.22,17.53,9.95,87.72,2.69,2.01198839220177,14.57,14.57,37.286299021245064,30.039333943475874,11.2189,1.7577551491769785,9.461144850823022,1.613815934182858,1.415639337465203,0.19817659671765497,0.10537586368145015,2.5046817461063045
2024-09-08,13.24,17.73,9.23,86.99,3.7,2.7674189781213934,9.95,9.95,37.288242801298885,30.040899930438435,7.661499999999999,0.5632629815197003,7.098237018480299,1.5976150195955978,1.3897653055462103,0.20784971404938757,0.10430135313092538,1.9674602157978658
2024-09-09,12.93,17.99,7.51,85.07,3.2,2.393443440537421,20.46,20.46,37.2884746397636,30.041086708779147,15.7542,3.35059668942918,12.403603310570821,1.550090474442436,1.3186619666081802,0.23142850783425573,0.10144957913570815,3.163503481963698
2024-09-10,13.51,18.57,8.99,86.48,2.6,1.9446727954366547,13.87,13.87,37.286975133714705,30.039878646725917,10.6799,1.5752366429744427,9.104663357025558,1.6432088316820366,1.4210469976386253,0.22216183404341128,0.10704712755126937,2.474951388899378
2024-09-11,14.15,19.55,8.78,86.76,3.04,2.27377126851055,16.98,16.98,37.2837269745678,30.0372617997908,13.0746,2.349867438601582,10.724732561398419,1.7025211121216286,1.477107316876725,0.22541379524490357,0.1103471650859603,2.861596489049077
2024-09-12,14.28,18.04,11.29,89.91,3.32,2.483197569557574,13.57,13.57,37.27871497932,30.033223935939365,10.4489,1.4597274422676647,8.989172557732335,1.703710203345413,1.5318058438278606,0.17190435951755245,0.1103101443366279,2.3547466182103887
2024-09-13,13.46,17.55,9.48,85.91,2.92,2.1840171394903964,15.05,15.05,37.271926118998934,30.027754558510303,11.588500000000002,1.9065794504209157,9.681920549579086,1.5960658268278043,1.3711801518277666,0.22488567500003764,0.10401745670892724,2.581341023274974
2024-09-14,14.32,19.07,9.97,84.66,2.67,1.9970293706984108,19.74,19.74,37.26334954426144,30.020844926838784,15.1998,3.0966725751364677,12.103127424863532,1.7162520388285714,1.4529789760722684,0.2632730627563029,0.11108686335105523,3.2705678423495192
2024-09-15,14.21,18.92,9.91,86.94,3.23,2.415881972792459,24.5,24.5,37.252976608088645,30.012488074540535,18.865000000000002,4.283829627137709,14.581170372862292,1.7035133184951188,1.4810344790996561,0.22247883939546265,0.1103588008867456,3.7234227394947848
2024-09-16,14.01,17.96,9.37,89.18,3.66,2.7375009351146753,19.14,19.14,37.24080088552957,30.002678825418048,14.7378,2.9189645597524456,11.818835440247554,1.6179391356592356,1.4428781211809065,0.1750610144783291,0.10498193996396762,2.922221479123016
2024-09-17,13.28,16.48,9.57,88.24,3.66,2.7375009351146753,13.53,13.53,37.22681819045029,29.99141380695437,10.418099999999999,1.5102332531560247,8.907866746843974,1.5339065804676393,1.3535191666046447,0.18038741386299462,0.10011013680054731,2.2710923200300748
2024-09-18,13.28,18.34,8.62,81.69,2.92,2.1840171394903964,20.69,20.69,37.211026589251105,29.97869146136426,15.931300000000002,3.4573712597067416,12.47392874029326,1.6137237136319067,1.3182509016659045,0.29547281196600217,0.10531938762576135,3.34820562268845
2024-09-19,13.83,18.64,9.38,85.59,3.22,2.40840246204078,21.66,21.66,37.193426411520086,29.964512054177042,16.6782,3.615121903715006,13.063078096284993,1.663195576553787,1.4235290939723861,0.23966648258140077,0.10807321769643607,3.388981249535106
2024-09-20,13.21,17.58,9.08,85.92,3.21,2.4009229512891004,14.27,14.27,37.174020257596155,29.948877680329765,10.9879,1.7143875165500628,9.273512483449936,1.5821944557315648,1.3594214763645605,0.22277297936700435,0.10331935313878098,2.4730955736114355
2024-09-21,13.79,18.41,9.61,86.73,2.88,2.154099096483679,16.41,16.41,37.15281300302123,29.931792267754023,12.6357,2.2428107854804518,10.392889214519549,1.6570195548761317,1.437133059944069,0.2198864949320627,0.10770621254867568,2.763505218398529
2024-09-22,13.96,19.32,9.58,85.52,2.76,2.0643449674635255,15.23,15.23,37.12981179986646,29.913261578444416,11.7271,1.9308334550387862,9.796266544961213,1.71773684031795,1.4690085458399107,0.24872829447803935,0.11150179869107171,2.7040735389425836
2024-09-23,13.24,18.65,8.71,80.84,2.82,2.1092220319736024,20.1,20.1,37.105026074923146,29.893293207001083,15.477000000000002,3.3178401855359594,12.159159814464044,1.6378149106377418,1.3240095737595505,0.31380533687819123,0.10692582960365703,3.3254889315392244
2024-09-24,13.38,19.22,8.45,81.81,3.0,2.243853225503832,19.0,19.0,37.07846752475522,29.871896576643795,14.63,2.992824881108961,11.63717511889104,1.6669144325383218,1.363702697259601,0.3032117352787209,0.1087040910211705,3.197276499118324
2024-09-25,13.44,17.4,9.16,87.51,2.71,2.026947413705128,16.33,16.33,37.05015010761545,29.849082932699314,12.5741,2.2560863434784535,10.318013656521547,1.573963047100658,1.377375062517786,0.19658798458287197,0.10259335751385273,2.6753283628300073
2024-09-26,13.4,17.13,10.51,83.37,2.2,1.645492365369477,15.19,15.19,37.02009003223409,29.824865333569072,11.696299999999999,1.9963731913102452,9.699926808689753,1.6121576637263293,1.3440558442486408,0.2681018194776885,0.10511647730909492,2.678401970802274
2024-09-27,13.52,17.57,10.79,88.01,2.38,1.7801235588997069,15.43,15.43,36.98830574349357,29.79925863918816,11.8811,1.9988880017914155,9.882211998208584,1.6516716127112034,1.45363618634713,0.19803542636407334,0.10758985734335452,2.6341448808029018
2024-09-28,12.82,16.14,9.41,87.72,2.11,1.578176768604362,15.61,15.61,36.954817905009854,29.77227949699214,12.0197,2.101067457161037,9.918632542838964,1.507429750669488,1.322317377287275,0.1851123733822131,0.09874433657808687,2.5692449350569064
2024-09-29,13.27,16.64,10.89,90.74,2.23,1.6679308976245155,10.09,10.09,36.919649378645246,29.743946325411756,7.7693,0.6152231199598478,7.154076880040153,1.598553931815796,1.450527837729653,0.14802609408614287,0.10433766207334112,1.9013276876804783
2024-09-30,12.27,15.85,9.17,86.72,2.18,1.6305333438661183,14.53,14.53,36.882825200984904,29.71427929492148,11.1881,1.8378489030741607,9.35025109692584,1.4811253793735815,1.28443192899277,0.19669345038081154,0.0974493664009808,2.439934367732078
2024-10-01,13.82,20.02,8.64,77.31,2.18,1.6305333438661183,20.79,20.79,36.84437255681331,29.68330030667108,16.0083,3.5598284408093397,12.448471559190658,1.7308071466167325,1.338087005049396,0.3927201415673365,0.11247552485786533,3.5655036537167
2024-10-02,14.55,18.91,11.24,88.47,2.15,1.6080948116110796,18.34,18.34,36.804320749633284,29.651032968734558,14.1218,2.7165621574087115,11.405237842591289,1.7594445781352168,1.556580618276226,0.20286395985899075,0.11367465241939632,3.07200964599694
2024-10-03,14.62,19.56,10.71,85.71,2.36,1.765164537396348,22.94,22.94,36.76270116927547,29.617502570015095,17.663800000000002,3.940318866432926,13.723481133567077,1.7814844184729954,1.5269102950732043,0.25457412339979113,0.11503465305952247,3.7049160008388395
2024-10-04,13.85,17.79,11.15,89.57,2.35,1.7576850266446689,19.48,19.48,36.719547256651076,29.582736051848375,14.999600000000001,3.0444767881202615,11.955123211879739,1.681376759253375,1.5060091632632477,0.1753675959901273,0.10923721749029251,3.111551718456331
2024-10-05,13.24,16.85,10.11,87.8,0.97,0.7255125429129057,15.94,15.94,36.67489446570586,29.54676197735127,12.2738,2.195543780883249,10.078256219116751,1.5782148385623098,1.3856726282577079,0.19254221030460195,0.10303479948193112,2.727290699884705
2024-10-06,13.87,17.12,11.14,91.94,1.24,0.9274593332082507,14.78,14.78,36.628780222638646,29.509610498566598,11.3806,1.8329784735512333,9.547621526448767,1.6387473129799965,1.5066642795538088,0.13208303342618777,0.1064506739837427,2.5507318759940723
2024-10-07,14.48,18.17,10.81,88.02,1.41,1.0546110159868012,15.29,15.29,36.58124388245171,29.471313321458396,11.773299999999999,1.991929679063782,9.781370320936217,1.6911907344024955,1.4885860844210765,0.20260464998141892,0.10932565455399175,2.680558755061571
2024-10-08,14.16,17.77,11.73,92.23,2.27,1.697848940631233,13.72,13.72,36.53232668290549,29.43190366881598,10.564400000000001,1.5478746593385224,9.01652534066148,1.7060581824444667,1.5734974616685318,0.13256072077593495,0.11056762210523714,2.3623551894072135
2024-10-09,13.68,17.82,9.73,89.32,2.47,1.8474391556648222,15.36,15.36,36.48207169595421,29.391416241128553,11.8272,2.0278194642709053,9.799380535729094,1.6233330590918829,1.4499610883808698,0.17337197071101307,0.1056091038129105,2.5572759920612476
2024-10-10,13.41,17.78,10.16,84.96,2.7,2.019467902953449,16.9,16.9,36.43052377674291,29.34988717549516,13.013,2.4923920668344715,10.520607933165529,1.6384006500687107,1.3919851922983764,0.24641545777033436,0.10681906000307738,2.8383419551897537
2024-10-11,13.51,19.42,8.13,84.96,2.95,2.2064556717454353,21.44,21.44,36.3777295102509,29.307354002638537,16.5088,3.680685143477451,12.82811485652255,1.6689694526755745,1.417956446993168,0.2510130056824065,0.10872530772418895,3.38181191413286
2024-10-12,13.07,17.52,9.43,88.36,3.73,2.7898575103764314,21.67,21.67,36.32373715566943,29.263855602093518,16.6859,3.7446351456641698,12.94126485433583,1.5921764742392321,1.4068471326377854,0.18532934160144676,0.10408750006945224,3.1719024276662897
2024-10-13,12.23,16.71,8.44,84.59,3.95,2.9544067469133797,18.41,18.41,36.26859658860579,29.21943215564437,14.1757,2.9828808639616478,11.192819136038352,1.5038736817669502,1.2721267474066633,0.23174693436028693,0.09897779625288315,2.843556329888011
2024-10-14,12.15,17.16,7.31,79.91,3.2,2.393443440537421,17.86,17.86,36.212359241208254,29.174125099087018,13.7522,2.9065622223361745,10.845637777663825,1.4904249824899234,1.1909986035076978,0.29942637898222557,0.09815559479592254,2.928199948474363
2024-10-15,13.17,17.57,9.27,88.36,2.7,2.019467902953449,15.2,15.2,36.15507804031012,29.12797707239545,11.703999999999999,2.0436440124341577,9.660355987565842,1.5890056142014197,1.4040453607083745,0.18496025349304523,0.10379727549500696,2.516463497852668
2024-10-16,13.72,17.61,10.65,90.02,2.46,1.8399596449131423,19.66,19.66,36.09680734369299,29.08103186837282,15.138200000000001,3.1875773397676412,11.95062266023236,1.648200242977699,1.4837098587285247,0.16449038424917428,0.10719271659133896,3.0639810045094844
2024-10-17,13.47,18.48,9.01,83.91,2.83,2.1167015427252815,22.92,22.92,36.03760287457232,29.033334379870446,17.648400000000002,4.188616022740506,13.459783977259496,1.6379736265404157,1.3744236700300627,0.26354995651035296,0.10674012300777119,3.536997688403235
2024-10-18,14.56,19.6,10.14,86.9,2.57,1.9222342631816163,22.7,22.7,35.977521654410346,28.98493054565915,17.479,3.9886284351024868,13.490371564897512,1.760268043649961,1.5296729299318161,0.23059511371814478,0.11371882423511295,3.58211701194239
2024-10-19,14.83,18.42,11.99,89.96,2.47,1.8474391556648222,19.53,19.53,35.916621934162904,28.935867295039003,15.038100000000002,3.1190152002340454,11.919084799765956,1.7603843851956034,1.5836417929219646,0.17674259227363875,0.11348289703415444,3.1316112158526184
2024-10-20,14.88,18.67,11.79,88.07,1.62,1.2116807417720696,20.39,20.39,35.85496312406901,28.886192491274958,15.7003,3.3830979365318234,12.317202063468176,1.7679096962554715,1.5569980694921934,0.21091162676327802,0.11392282636287018,3.3579552114781226
2024-10-21,15.55,20.69,11.69,86.3,1.6,1.1967217202687106,19.52,19.52,35.792605722092695,28.83595487394676,15.0304,3.1127605538528695,11.917639446147131,1.9070954394786594,1.645823364270083,0.2612720752085764,0.12224144239136052,3.3751099907725286
2024-10-22,15.04,17.92,12.97,92.12,2.56,1.9147547524299369,15.95,15.95,35.72961124112793,28.785204000302304,12.2815,2.181070459065423,10.100429540934577,1.7742320552777198,1.6344225693218355,0.13980948595588427,0.11418529495095119,2.636842651465401
2024-10-23,14.07,18.03,11.55,90.02,3.1,2.3186483330206267,18.22,18.22,35.66604213507833,28.733990185704506,14.029399999999999,2.8346981436512557,11.194701856348743,1.7146849883452102,1.5435594265083583,0.1711255618368519,0.11120630464707572,2.8770740157268215
2024-10-24,13.79,18.18,10.73,88.49,2.94,2.1989761609937557,17.52,17.52,35.601961723923694,28.682364443261886,13.4904,2.6918759137283317,10.798524086271668,1.6884021853582245,1.4940670938234928,0.19433509153473172,0.10974608242172225,2.826094608699371
2024-10-25,13.97,18.89,8.34,87.66,3.38,2.528074634067651,22.04,22.04,35.53743411788558,28.63037842273334,16.9708,3.9422660352885526,13.028533964711448,1.6401119578073553,1.4377221422139277,0.2023898155934276,0.10645453555989762,3.2806679313149267
2024-10-26,14.31,18.16,11.3,89.41,3.51,2.6253082738394835,18.7,18.7,35.47252414080444,28.578084348797688,14.399,2.9987348210117544,11.400265178988246,1.7119836270857718,1.5306845609773885,0.1812990661083833,0.11081939260484829,2.907211981501746
2024-10-27,14.17,18.11,11.52,92.29,3.62,2.7075828921079577,11.33,11.33,35.407297252840344,28.525534958778294,8.7241,1.0285444676770308,7.695555532322969,1.718545753306381,1.5860458757264593,0.13249987757992177,0.11136806897745388,1.9805190915770117
2024-10-28,13.45,18.0,10.22,83.66,3.75,2.80481653187979,15.69,15.69,35.34181947260871,28.472783439912483,12.0813,2.3077783979925353,9.773521602007465,1.6550862768961399,1.3846451792513106,0.27044109764482926,0.10787249120388198,2.6978591271644596
2024-10-29,13.12,17.85,8.14,88.65,2.59,1.9371932846849749,14.88,14.88,35.27615729886215,28.419883366255306,11.457600000000001,2.058322262782766,9.399277737217234,1.563821836508608,1.3863280580648811,0.17749377844372694,0.10219301322220925,2.4381141212852624
2024-10-30,13.0,17.59,9.21,86.21,2.3,1.7202874728862712,17.39,17.39,35.21037763182792,28.366888635305845,13.3903,2.785782671220722,10.604517328779277,1.5879135389882475,1.368940261961768,0.2189732770264794,0.10386688483246932,2.810302563605706
2024-10-31,14.11,19.26,9.6,79.89,1.64,1.2266397632754282,18.31,18.31,35.14454769431013,28.31385340444401,14.0987,3.095352308353043,11.003347691646956,1.714361835990565,1.3696036707728623,0.34475816521770275,0.11114996956941434,3.136975396550189
2024-11-01,14.36,17.38,12.86,92.17,0.81,0.6058403708860348,16.38,16.38,35.078734952663446,28.260832027263778,12.612599999999999,2.3876737733548135,10.224926226645184,1.7344985182628063,1.5986872842828286,0.13581123397997774,0.11223220686517829,2.821522204346405
2024-11-02,14.56,18.32,12.11,90.05,0.67,0.5011272203625226,14.59,14.59,35.01300703774454,28.207878989888513,11.2343,1.9354171875185986,9.2988828124814,1.759327418994844,1.5842743408048572,0.17505307818998683,0.11365805693878424,2.6135566736906335
2024-11-03,13.29,15.9,9.93,92.66,2.03,1.5183406825909262,15.04,15.04,34.94743166594474,28.155048847351722,11.5808,2.1239747313995636,9.456825268600436,1.5144597898108634,1.4032984412387461,0.11116134857211724,0.09883305700864356,2.3671942063872753
2024-11-04,11.68,14.8,8.64,87.35,1.6,1.1967217202687106,11.21,11.21,34.882076560406,28.10239616012549,8.6317,1.1274470388683138,7.504252961131686,1.4019740291439815,1.2246243144572677,0.1773497146867138,0.09267935389308349,1.9697855261227162
2024-11-05,13.7,18.69,8.66,85.81,2.21,1.6529718761211565,13.58,13.58,34.81700937252021,28.049975430877183,10.4566,1.7562602667824454,8.700339733217554,1.6386047320319657,1.4060867205566296,0.23251801147533602,0.10658564454321352,2.4002536298161554
2024-11-06,14.21,17.97,11.0,91.17,1.92,1.4360660643224528,16.85,16.85,34.752297603809076,27.997841041532745,12.9745,2.5853942462567354,10.389105753743266,1.6864066307127534,1.5374969252208175,0.14890970549193594,0.10925057735229533,2.737455518885072
2024-11-07,14.73,19.72,11.12,88.41,1.8,1.3463119353022994,15.71,15.71,34.68800852827993,27.946047190723444,12.0967,2.267616476540469,9.82908352345953,1.8106400317633633,1.6007868520819895,0.20985317968137385,0.11681526357784121,2.7320270358485885
2024-11-08,14.48,17.9,11.2,88.4,2.07,1.548258725597644,13.25,13.25,34.62420911535006,27.894647831690627,10.2025,1.6534830264591427,8.549016973540859,1.6906576533058144,1.4945413655223398,0.19611628778347456,0.10929119395848381,2.335430361906135
2024-11-09,14.41,18.27,11.67,91.35,1.61,1.20420123102039,15.19,15.19,34.56096595342947,27.843696610720922,11.696299999999999,2.139736511257517,9.556563488742482,1.7358122157737452,1.585664459109316,0.15014775666442914,0.112272593543525,2.5809045190971074
2024-11-10,13.31,17.55,10.8,90.28,1.81,1.3537914460539788,12.29,12.29,34.498345174249344,27.793246806182243,9.4633,1.3967358066066708,8.06656419339333,1.6508360509954798,1.4903747868387192,0.16046126415676065,0.10771572416142847,2.1755080570251457
2024-11-11,13.96,18.05,10.23,88.47,1.67,1.2490782955304665,13.45,13.45,34.43641237802044,27.74335126822839,10.3565,1.7351050490361302,8.62139495096387,1.658752072524834,1.4674979585627204,0.19125411396211356,0.10767297721508225,2.3527827585978485
2024-11-12,14.45,17.77,11.89,91.88,1.55,1.1593241665103133,13.95,13.95,34.37523255950329,27.69406235923823,10.7415,1.8303508790029477,8.911149120997052,1.7133759145591805,1.5742497902969748,0.13912612426220572,0.11078619668853906,2.400063679702963
2024-11-13,13.87,16.79,11.19,92.88,0.96,0.7180330321612264,15.73,15.73,34.31487003506808,27.64543189505225,12.1121,2.346223754561343,9.765876245438657,1.6207385694660248,1.5053419833200437,0.11539658614598114,0.10528085184613896,2.6146472084180483
2024-11-14,13.34,16.26,11.05,94.81,2.16,1.6155743223627594,11.52,11.52,34.255388370820285,27.597511087067655,8.8704,1.1943291342851976,7.676070865714802,1.582893588719461,1.5007414114649211,0.08215217725453994,0.10325781012692331,1.9306820870368686
2024-11-15,14.32,18.67,11.32,88.93,2.16,1.6155743223627594,14.0,14.0,34.196850311864154,27.550350485250238,10.780000000000001,1.8818330975918747,8.898166902408127,1.7467293508604813,1.5533664117202262,0.19336293914025515,0.11305955088202364,2.437822124912118
2024-11-16,13.71,17.3,10.9,93.37,2.35,1.7576850266446689,12.73,12.73,34.139317712773526,27.503999922118865,9.802100000000001,1.531519421489716,8.270580578510286,1.63944530539457,1.53075008164691,0.10869522374765994,0.1066318242422512,2.117047547167553
2024-11-17,14.23,17.96,11.63,91.02,2.44,1.8250006234097835,15.49,15.49,34.08285146933632,27.458508457756114,11.9273,2.29291921335367,9.63438078664633,1.7137564748932659,1.5598611434478504,0.15389533144541545,0.11100472904674587,2.5318642014427697
2024-11-18,14.76,18.61,11.48,90.52,2.25,1.6828899191278741,17.53,17.53,34.02751145163569,27.413924325895778,13.4981,2.8466180569850437,10.651481943014957,1.7498422781516298,1.5839572301828553,0.16588504796877457,0.11286596407776199,2.823464981890481
2024-11-19,14.7,18.32,12.58,90.68,2.53,1.8923162201748984,18.31,18.31,33.973356438528285,27.370294881135926,14.0987,3.0510701058758576,11.047629894124142,1.7814998012685606,1.6154640197903307,0.16603578147822984,0.1149626194507206,2.912953993534508
2024-11-20,14.2,17.72,11.94,91.49,2.37,1.7726440481480275,13.57,13.57,33.92044405357661,27.32766654732346,10.4489,1.7812976007835672,8.667602399216433,1.7124775211770151,1.566745684124851,0.14573183705216408,0.11094835174690873,2.2923645171565443
2024-11-21,14.14,18.26,11.43,88.78,1.91,1.4285865535707731,15.47,15.47,33.86883070248946,27.28608476715361,11.911900000000001,2.338994308408583,9.572905691591417,1.72434167006376,1.5308705346826061,0.1934711353811538,0.11177033212528621,2.6084834731181834
2024-11-22,13.2,16.03,11.18,93.73,2.1,1.5706972578526825,13.52,13.52,33.818571512121935,27.245593953025917,10.4104,1.8027966447530814,8.607603355246917,1.5751386343720777,1.4763774419969484,0.09876119237512926,0.10286681126619854,2.1764627870253137
2024-11-23,12.87,16.15,9.9,90.25,2.54,1.8997957309265778,10.43,10.43,33.76972027108286,27.206237439195196,8.0311,0.9683678962103935,7.062732103789607,1.5277696022987515,1.3788120660746233,0.14895753622412822,0.1000367011130402,1.8466867461027507
2024-11-24,12.86,17.34,9.58,87.11,2.85,2.131660564228641,15.61,15.61,33.7223293719956,27.168057435254536,12.0197,2.4732576675954467,9.546442332404553,1.5868518690206193,1.3823066631038614,0.20454520591675784,0.10391365131123398,2.5178203972231636
2024-11-25,12.89,18.06,7.4,86.99,2.82,2.1092220319736024,16.22,16.22,33.676449755454335,27.13109498098423,12.4894,2.66132378788146,9.828076212118539,1.550749886554883,1.3489973263140924,0.20175256024079058,0.1015251916294032,2.559638700128047
2024-11-26,13.87,18.19,9.79,89.47,2.54,1.8997957309265778,17.8,17.8,33.63213085571644,27.095389902599393,13.706000000000001,3.044657256844168,10.661342743155833,1.649782548446498,1.476060446095082,0.17372210235141616,0.10716750704499255,2.7673908228641415
2024-11-27,13.97,18.24,9.79,90.6,2.52,1.8848367094232192,18.65,18.65,33.58942054816783,27.06098077042593,14.3605,3.268680792602177,11.091819207397823,1.6530655483393553,1.4976773867954558,0.15538816154389945,0.107295312591827,2.8430139336126428
2024-11-28,14.2,17.79,11.58,91.69,3.31,2.475718058805895,11.17,11.17,33.548365098596555,27.02790485803333,8.6009,1.1568299739970958,7.444070026002904,1.7005413920563524,1.5592264023764693,0.1413149896798831,0.11017503131741452,1.9477731140718655
2024-11-29,13.4,17.4,10.11,88.63,2.99,2.236373714752153,14.3,14.3,33.50900911430707,26.996198102850347,11.011000000000001,2.0963788653498163,8.914621134650185,1.6122203388732168,1.428910886343332,0.18330945252988484,0.10512056387631094,2.339724488599863
2024-11-30,13.3,17.33,9.11,89.73,3.27,2.4458000157991773,15.66,15.66,33.471395497105284,26.965895068287903,12.058200000000001,2.4928361856334718,9.56536381436653,1.5676227355349055,1.4066278805954706,0.16099485493943488,0.10229428573692956,2.408131267013942
2024-12-01,14.37,18.72,9.89,91.09,3.06,2.288730290013909,12.96,12.96,33.43556539818266,26.93702890739188,9.9792,1.6704651955053162,8.308734804494684,1.689120527577412,1.5386198885702647,0.15050063900714727,0.10928729976572064,2.166825619805209
2024-12-02,14.64,18.77,11.07,90.68,2.99,2.236373714752153,17.8,17.8,33.401558174925114,26.909631328046668,13.706000000000001,3.0106955787209464,10.695304421279054,1.7424474690248195,1.5800513649117065,0.162396104113113,0.1124960822090548,2.7653353223855692
2024-12-03,14.39,19.36,10.2,85.93,2.2,1.645492365369477,18.28,18.28,33.36941134967072,26.88373255974872,14.075600000000001,3.2307178905695575,10.844882109430444,1.74587493979688,1.5002303357674591,0.2456446040294209,0.11294139918474076,2.981260997819101
2024-12-04,14.8,19.63,10.68,89.6,2.78,2.0793039889668843,18.6,18.6,33.3391605704385,26.859361321968073,14.322000000000001,3.2332958185392044,11.088704181460797,1.7851547708070417,1.5994986746431092,0.18565609616393242,0.11510710666289334,2.9334494102824835
2024-12-05,14.76,19.12,11.38,88.09,2.41,1.8025620911547453,19.01,19.01,33.310839573648586,26.836544794114246,14.637700000000002,3.3909061649098153,11.246793835090187,1.7800702815468283,1.5680639110146013,0.21200637053222704,0.11481568994045444,3.035588713981617
2024-12-06,14.38,18.91,10.41,88.08,1.84,1.3762299783090173,16.78,16.78,33.28448014885229,26.815308587121358,12.9206,2.792183088249222,10.12841691175078,1.723597962494337,1.518145085365012,0.20545287712932492,0.11150915261871552,2.7626585201205764
2024-12-07,13.25,17.51,10.5,86.06,1.88,1.406148021315735,16.77,16.77,33.26011210548971,26.79567671666673,12.9129,2.8721331479848993,10.040766852015102,1.6354833386961054,1.4074969612818682,0.22798637741423722,0.10676508841955226,2.730238335867616
2024-12-08,13.22,18.8,7.58,85.24,2.7,2.019467902953449,19.47,19.47,33.23776324169026,26.777671578035342,14.9919,3.6765520958014375,11.315347904198562,1.6062952745898138,1.3692060920603573,0.23708918252945654,0.10488479404749435,2.9908672279266924
2024-12-09,13.19,17.77,9.51,87.46,3.28,2.4532795265508565,17.09,17.09,33.217459315130924,26.761313922642078,13.1593,2.956337996808628,10.202962003191372,1.6112742899024537,1.4092204939486859,0.20205379595376782,0.10523510675067535,2.6506004085328754
2024-12-10,12.96,18.15,8.92,86.46,2.89,2.1615786072353584,18.32,18.32,33.199224015965136,26.74662283622215,14.1064,3.3303990634994873,10.776000936500512,1.612703397775868,1.3943433577170155,0.21836004005885257,0.10552213620931021,2.831647302243479
2024-12-11,13.92,19.66,7.8,84.95,1.71,1.2789963385371843,20.19,20.19,33.183078941834914,26.73361571869988,15.546300000000002,3.858423697560685,11.687876302439317,1.6738807463874403,1.4219616940561306,0.25191905233130973,0.10868961377079059,3.1884924921759605
2024-12-12,13.89,16.16,11.73,94.95,1.49,1.1144471020002367,18.09,18.09,33.16904357497679,26.722308265744303,13.9293,3.1391691537244806,10.790130846275519,1.6073699987508123,1.5261978138138963,0.08117218493691603,0.10439582248920837,2.7702464763070695
2024-12-13,14.05,17.45,11.15,91.48,1.09,0.8152666719330591,16.82,16.82,33.15713526143225,26.71271445202028,12.951400000000001,2.8059567076054086,10.145443292394592,1.659771876810217,1.5183593129059867,0.1414125639042303,0.10766203303700923,2.736756666632521
2024-12-14,13.89,17.56,11.31,91.06,1.72,1.286475849288864,17.27,17.27,33.14736919237164,26.70484651614229,13.2979,2.93472113155575,10.363178868444251,1.6737923644116088,1.524155327033211,0.14963703737839773,0.1087098369975212,2.74620544998614
2024-12-15,14.17,18.28,11.0,88.73,1.76,1.3163938922955818,15.94,15.94,33.1397583875402,26.698714947337887,12.2738,2.5750367293061758,9.698763270693824,1.7066609914798032,1.5143202977400296,0.19234069373977358,0.11059789281406898,2.638679053193636
2024-12-16,13.6,18.06,10.63,88.55,2.71,2.026947413705128,14.48,14.48,33.13431368083398,26.694328473827092,11.149600000000001,2.1720453416421277,8.977554658357874,1.6762820011437176,1.484347712012762,0.19193428913095567,0.10912335585017817,2.4069946356839567
2024-12-17,13.5,17.52,10.79,91.85,3.05,2.281250779262229,13.78,13.78,33.131043708012946,26.691694052923552,10.6106,1.9459737900065868,8.664626209993413,1.6485075975533343,1.5141542283527374,0.13435336920059693,0.10740088073465649,2.208103624203997
2024-12-18,14.17,18.37,11.03,91.33,3.29,2.460759037302536,15.14,15.14,33.12995489655739,26.690816862862498,11.6578,2.3095690549874552,9.348230945012546,1.7139162236279701,1.565319687039425,0.1485965365885451,0.11106805847173037,2.399406133305639
2024-12-19,14.21,18.22,10.52,91.84,2.57,1.9222342631816163,17.18,17.18,33.13105145767406,26.691700296360533,13.2286,2.8897140181743666,10.338885981825634,1.6820630940032375,1.5448067455325734,0.13725634847066415,0.10896918976485152,2.6478181921350976
2024-12-20,14.18,18.39,11.21,90.15,2.84,2.124181053476961,18.06,18.06,33.134335380457046,26.694345955911416,13.9062,3.146210806827638,10.759989193172363,1.7231498693514091,1.5534196072202955,0.16973026213111364,0.1116575520224561,2.798104441576135
2024-12-21,14.06,17.52,11.85,90.27,2.51,1.8773571986715394,11.23,11.23,33.13980642820849,26.698753650821885,8.6471,1.2236456047797912,7.423454395220209,1.6956323149224097,1.5306472906804591,0.1649850242419506,0.10997938918445392,2.0108697821639656
2024-12-22,14.11,18.02,11.0,90.78,3.12,2.333607354523986,15.72,15.72,33.14746213692327,26.704921395990862,12.1044,2.489912676579219,9.61448732342078,1.6896501498605192,1.5338644060433793,0.15578574381713994,0.109547797202006,2.4730917998029667
2024-12-23,13.63,17.59,11.4,87.95,2.82,2.1092220319736024,12.93,12.93,33.15729781594176,26.71284541243532,9.9561,1.731303112230522,8.224796887769477,1.6797027037557206,1.4772985279531563,0.2024041758025643,0.10931989405565908,2.2463760959091155
2024-12-24,13.51,18.91,9.61,83.77,1.55,1.1593241665103133,17.72,17.72,33.16930655077375,26.722520129565364,13.6444,3.1680474816448636,10.476352518355135,1.690661483238351,1.4162671245087666,0.2743943587295845,0.11013843885988438,2.9265271644368984
2024-12-25,13.84,19.15,10.36,83.66,2.27,1.697848940631233,16.84,16.84,33.183479208096415,26.733938189210797,12.966800000000001,2.889974534157937,10.076825465842063,1.7379713482655892,1.4539868299589918,0.28398451830659743,0.11292309862586665,2.843283643785616
2024-12-26,13.86,18.49,9.88,88.13,2.34,1.750205515892989,16.78,16.78,33.19980444292863,26.74709045140102,12.9206,2.82736711516713,10.09323288483287,1.67328344210748,1.474664697529322,0.19861874457815798,0.10870274691408059,2.69558594372823
2024-12-27,14.2,17.8,11.63,91.53,2.06,1.540779214845965,14.52,14.52,33.21826870798305,26.761966001899467,11.1804,2.1288055255193035,9.051594474480698,1.7034427144939825,1.5591611165763422,0.1442815979176404,0.110363002802214,2.4002617977934815
2024-12-28,14.13,18.21,10.74,90.4,2.26,1.6903694298795535,14.02,14.02,33.2388562651973,26.778552161493554,10.7954,2.0007172003157123,8.794682799684288,1.6907994033840792,1.5284826606592077,0.1623167427248715,0.10960486947829408,2.3437666104842387
2024-12-29,13.79,16.14,12.32,94.79,1.71,1.2789963385371843,16.52,16.52,33.26154919944421,26.796834497040233,12.7204,2.67489475479377,10.045505245206229,1.6335223493810052,1.5484158349782549,0.0851065144027503,0.10617889502130518,2.576139239932431
2024-12-30,13.81,18.18,10.93,88.12,1.98,1.4809431288325292,13.46,13.46,33.28632743442086,26.816796834266825,10.3642,1.8596480790739867,8.504551920926014,1.6970417693248665,1.4954332071290724,0.20160856219579415,0.11029008456553974,2.3412677339720327
2024-12-31,13.11,18.24,9.02,86.98,2.22,1.6604513868728359,20.32,20.32,33.31316875071523,26.838421272326215,15.6464,3.877947578050636,11.768452421949364,1.622477300880202,1.4112307563056,0.21124654457460212,0.10603451327016006,3.0993716215390132
2025-01-01,13.0,18.87,7.6,85.32,2.26,1.6903694298795535,21.12,21.12,33.31316875071523,26.838421272326215,16.2624,4.1410713173127,12.121328682687299,1.6117631858847226,1.3751563501968451,0.23660683568787744,0.10542691216813244,3.210258023916822
2025-01-02,13.63,17.66,10.2,89.49,2.28,1.7053284513829126,15.6,15.6,33.34204880604794,26.861688200104464,12.012,2.4713835789252836,9.540616421074716,1.6323965350703693,1.4608316592344734,0.17156487583589586,0.10624107222766621,2.510459739134982
2025-01-03,13.56,16.9,11.34,93.26,2.24,1.675410408376195,10.2,10.2,33.37294115768645,26.88657631427851,7.853999999999999,0.9057607897767421,6.948239210223257,1.634080931689756,1.5239438768938667,0.11013705479588931,0.10641005811513805,1.8104826946822448
2025-01-04,13.6,17.2,10.7,91.42,2.35,1.7576850266446689,12.76,12.76,33.405817287026835,26.9130626391203,9.8252,1.6381326783467245,8.187067321653275,1.6245952728713569,1.4852049984589946,0.1393902744123623,0.10575863008318431,2.136054219366402
2025-01-05,13.23,15.79,11.14,94.03,2.4,1.795082580403066,9.84,9.84,33.44064662633835,26.94112254804323,7.5768,0.8074083174616563,6.769391682538344,1.5595102584078178,1.466407495980871,0.0931027624269467,0.10182178662017646,1.708577042103189
2025-01-06,12.69,15.97,10.02,92.84,2.65,1.9820703491950518,16.01,16.01,33.47739658766349,26.970729786885215,12.327700000000002,2.577235477026318,9.750464522973683,1.5222073580506892,1.4132173112142599,0.10899004683642932,0.0998160771791362,2.3819642460360746
2025-01-07,13.9,19.16,10.15,86.98,2.04,1.525820193342606,20.36,20.36,33.51603259386599,27.001856498922194,15.6772,3.786954955947406,11.890245044052593,1.7298918569201223,1.5046599371491223,0.225231919771,0.11234445409896604,3.2176264077629457
2025-01-08,13.34,18.66,9.18,86.94,2.13,1.5931357901077208,17.64,17.64,33.556518111816544,27.03447325160388,13.5828,3.0455161674447555,10.537283832555245,1.6566546607439467,1.4402955620507873,0.2163590986931594,0.1080695086669523,2.8341402232281534
2025-01-09,13.47,18.68,9.49,84.83,2.1,1.5706972578526825,17.66,17.66,33.59881468770561,27.06854906500315,13.5982,3.075905029007784,10.522294970992217,1.6702640626373566,1.4168850043352696,0.25337905830208696,0.1088443602586736,2.8864225447783327
2025-01-10,13.43,18.69,9.67,84.02,2.6,1.9446727954366547,18.72,18.72,33.64288198446984,27.10405144196828,14.414399999999999,3.3873740057812993,11.0270259942187,1.6781622405139105,1.4099919144797874,0.26817032603412305,0.10939394839085194,3.0148347484315545
2025-01-11,12.82,18.71,8.37,83.56,2.49,1.8623981771681808,21.14,21.14,33.68867782131741,27.14094639996616,16.2778,4.113323495850356,12.164476504149643,1.6290275234817972,1.3612153986213897,0.2678121248604075,0.10670961084734669,3.2646713183822764
2025-01-12,11.74,18.58,6.46,76.41,2.65,1.9820703491950518,23.58,23.58,33.736158215335536,27.179198504602923,18.156599999999997,5.042122991744937,13.114477008255061,1.5528913425090112,1.1865642748111354,0.3663270676978758,0.10260648435127297,3.5992062796534485
2025-01-13,13.6,19.99,7.66,86.46,2.08,1.5557382363493237,21.85,21.85,33.78527742516088,27.21877090480661,16.8245,4.175612351713406,12.648887648286594,1.692506562465551,1.4633411739077153,0.22916538855783575,0.11017954960363223,3.3861850399363456
2025-01-14,12.86,19.61,6.73,78.71,1.91,1.4285865535707731,22.71,22.71,33.835987996691884,27.25962536965485,17.486700000000003,4.64221464392441,12.844485356075593,1.632928803636854,1.2852782613425677,0.3476505422942864,0.10693096036866796,3.5610675825208076
2025-01-15,12.82,19.25,8.19,78.28,2.0,1.4959021503358882,21.97,21.97,33.888240810819255,27.301722326828425,16.9169,4.422406549319824,12.494493450680174,1.659315197911988,1.2989119369255042,0.3604032609864838,0.10869360799001553,3.5057584677795064
2025-01-16,12.78,19.52,6.53,80.7,1.84,1.3762299783090173,22.2,22.2,33.941985133148535,27.345020902669788,17.094,4.428299471938799,12.665700528061201,1.6198401287964372,1.307210983938725,0.3126291448577123,0.10614173598498064,3.470221511738072
2025-01-17,12.61,18.24,9.07,85.2,2.29,1.712807962134592,21.73,21.73,33.99716866568607,27.389478963823326,16.7321,4.200283925011285,12.531816074988715,1.6244214407116264,1.3840070674863056,0.24041437322532078,0.10658679370239715,3.3227261218588917
2025-01-18,11.5,18.25,4.95,84.25,2.85,2.131660564228641,24.43,24.43,34.053737600456905,27.4350531604321,18.8111,5.057889680615585,13.753210319384415,1.482964245029657,1.249397376437486,0.23356686859217102,0.0981752197708411,3.4575028411768955
2025-01-19,11.88,18.49,6.49,81.3,2.57,1.9222342631816163,24.77,24.77,34.111636675020314,27.481698970863366,19.0729,5.190283346800018,13.882616653199982,1.5478768480654397,1.2584238774772023,0.2894529705882374,0.1021602614078338,3.648032115940487
2025-01-20,12.26,18.67,6.07,86.07,2.36,1.765164537396348,22.7,22.7,34.17080922984577,27.529370747932948,17.479,4.452429577083675,13.026570422916325,1.5461051868321523,1.3307327343064332,0.21537245252571902,0.10173280925122492,3.3465816651239253
2025-01-21,11.86,18.51,6.43,80.46,2.76,2.0643449674635255,22.25,22.25,34.231197267509145,27.57802176659607,17.1325,4.445573611529018,12.686926388470983,1.5472133995867217,1.244887901307476,0.3023254982792456,0.10213286801795603,3.387033181640162
2025-01-22,11.08,18.09,5.04,74.11,3.03,2.2662917577588706,25.35,25.35,34.292741513665604,27.627604273069558,19.5195,5.561976362472054,13.957523637527947,1.4752238310799946,1.093288381213384,0.38193544986661054,0.09799335526024106,3.7651472895634135
2025-01-23,11.51,16.96,6.2,84.7,3.36,2.5131156125642917,21.04,21.04,34.355381479752744,27.678069535348,16.2008,4.0484878826936725,12.152312117306328,1.4404797175569732,1.2200863207707564,0.22039339678621683,0.09535499314017754,3.016639360307067
2025-01-24,12.82,17.46,9.08,89.16,2.74,2.049385945960167,9.96,9.96,34.41905552737408,27.72936789507365,7.669200000000001,0.7761608933716063,6.893039106628395,1.5746112928155171,1.403923428674315,0.17068786414120218,0.10314507021529697,1.8558548703670925
2025-01-25,13.39,17.57,10.14,89.58,3.26,2.4383205050474976,12.99,12.99,34.48370093430949,27.7814488207171,10.0023,1.602899823614513,8.399400176385488,1.624185820036351,1.454945657588563,0.16924016244778795,0.10590919034359844,2.1924981916165907
2025-01-26,12.54,17.34,9.37,85.55,3.65,2.730021424362996,18.41,18.41,34.54925396209621,27.83426096202319,14.1757,3.1843447194652987,10.991355280534702,1.5784755460195212,1.3503858296197004,0.22808971639982079,0.1036300886680187,2.8457160120640936
2025-01-27,12.69,17.96,9.09,85.05,3.3,2.4682385480542153,17.76,17.76,34.61564992512003,27.887752205673703,13.675200000000002,2.9811106698595795,10.694089330140422,1.6069316211294522,1.366695343770599,0.2402362773588531,0.10537172210338944,2.8339436269778036
2025-01-28,13.36,18.41,9.29,88.41,3.39,2.53555414481933,14.05,14.05,34.68282326115342,27.941869732115645,10.8185,1.8757534667698867,8.942746533230114,1.6442744173113804,1.4537030123449912,0.19057140496638914,0.10724478507581818,2.358109271099379
2025-01-29,13.57,18.48,10.32,86.24,3.46,2.5879107200810867,19.02,19.02,34.75070760327318,27.996560073501005,14.6454,3.254237043942547,11.391162956057453,1.690827374704769,1.4581695279453928,0.23265784675937629,0.11009656390642604,3.0038065569690238
2025-01-30,13.14,17.64,9.42,89.12,3.58,2.6776648491012396,17.97,17.97,34.81923585308732,28.05176917268127,13.8369,2.951064130599357,10.885835869400644,1.5993871261527894,1.425373806827366,0.1740133193254234,0.10450044980368381,2.7206353312051164
2025-01-31,13.89,18.96,10.45,89.54,3.8,2.8422140856381874,13.45,13.45,34.8883402551969,28.10744244319683,10.3565,1.6547089601791438,8.701791039820856,1.7287009070171453,1.547878792143152,0.18082211487399324,0.11227604917732026,2.3007162805132406
2025-02-01,13.38,18.46,9.83,85.85,3.4,2.54303365557101,21.54,21.54,34.95795247281538,28.163524830198984,16.5858,3.9362333330221317,12.649566666977867,1.6692456889860159,1.4330474239944946,0.2361982649915213,0.10885611868866026,3.285141717452888
2025-02-02,13.73,19.66,9.07,83.03,2.43,1.8175211126581043,17.48,17.48,35.02800366446434,28.219960872239053,13.4596,2.818196828313655,10.641403171686346,1.7215094579341161,1.4293693029226966,0.29214015501141954,0.11195155104679048,2.982249284483678
2025-02-03,13.33,18.08,9.44,84.48,2.38,1.7801235588997069,15.21,15.21,35.0984245616613,28.276694763856806,11.7117,2.200214515340043,9.511485484659957,1.628514855883075,1.375769350250022,0.2527455056330532,0.10624232606590185,2.616890688342845
2025-02-04,13.67,18.92,10.18,85.69,2.5,1.8698776879198602,17.06,17.06,35.16914554751167,28.333670418897302,13.136199999999999,2.6517794630698823,10.484420536930116,1.7146515434860286,1.469284907613178,0.24536663587285057,0.11155889591871994,2.87122207264697
2025-02-05,13.96,18.12,11.45,87.65,2.66,1.9895498599467312,16.7,16.7,35.24009673611402,28.3908315344829,12.859,2.5212117017016444,10.337788298298356,1.7160571315752018,1.5041240758256647,0.21193305574953714,0.11139276537368714,2.776452583903695
2025-02-06,13.81,18.53,10.68,86.75,2.84,2.124181053476961,15.96,15.96,35.31120805268428,28.448121655564563,12.289200000000001,2.3243638801284483,9.964836119871553,1.709416688363134,1.4829189771550189,0.22649771120811524,0.11109432574091471,2.7020848391184846
2025-02-07,13.88,19.15,10.15,87.42,3.08,2.303689311517268,15.19,15.19,35.382409314301675,28.505484239974002,11.696299999999999,2.0891911454801684,9.607108854519831,1.7292005950295133,1.5116671601748004,0.21753343485471288,0.11231744567474382,2.6028883793164357
2025-02-08,12.47,15.39,10.53,90.39,2.1,1.5706972578526825,14.74,14.74,35.45363031117611,28.562862723895925,11.3498,2.010486554129978,9.339313445870022,1.5104502709525083,1.3652959999139722,0.14515427103853606,0.09921968360410541,2.383698602192882
2025-02-09,13.49,18.47,10.05,89.02,1.86,1.391188999812376,14.45,14.45,35.52480088833401,28.620200587677417,11.1265,1.8758207565221325,9.250679243477867,1.6789309437983073,1.494584326169253,0.18434661762905424,0.10939169626087647,2.5043012800216085
2025-02-10,13.74,18.42,10.54,87.52,2.01,1.5033816610875674,13.66,13.66,35.59585102761679,28.677441421889192,10.5182,1.6682872872852297,8.84991271271477,1.6961199951589103,1.4844442197630783,0.21167577539583204,0.11029166056333145,2.437748450839587
2025-02-11,13.66,18.2,10.48,86.28,2.15,1.6080948116110796,11.77,11.77,35.666710929883784,28.734528993551574,9.062899999999999,1.167281956051397,7.895618043948602,1.679055431664437,1.4486890264400762,0.2303664052243608,0.10925164294453359,2.219958381431086
2025-02-12,13.75,18.77,10.06,83.64,2.29,1.712807962134592,15.49,15.49,35.73731109730915,28.791407312436146,11.9273,2.1871118752946344,9.740188124705366,1.6994843707341727,1.421448727682062,0.2780356430521107,0.1105016282939063,2.737149619107638
2025-02-13,13.53,18.38,10.05,86.51,2.42,1.8100416019064245,14.28,14.28,35.80758241565982,28.84802069735218,10.9956,1.8282912347022071,9.167308765297793,1.6729530228990694,1.447271660109985,0.22568136278908435,0.10896743892826366,2.5127309594305562
2025-02-14,13.81,18.42,10.01,85.32,1.85,1.3837094890606967,12.78,12.78,35.87745623644001,28.904313842325532,9.8406,1.4275815848317503,8.41301841516825,1.6739575983342054,1.428220622898744,0.24573697543546147,0.10878985327088031,2.364881368199302
2025-02-15,13.25,18.4,10.3,86.72,1.76,1.3163938922955818,16.05,16.05,35.946864458785925,28.96023188257629,12.358500000000001,2.280943752730208,10.077556247269793,1.6846712849317238,1.4609469382927909,0.22372434663893292,0.10997609968745597,2.764194480485601
2025-02-16,13.32,18.31,9.39,83.16,1.6,1.1967217202687106,16.19,16.19,36.01573961099268,29.015720460200146,12.466300000000002,2.3704184953572054,10.095881504642797,1.6416128691732015,1.3651652620044343,0.27644760716876715,0.10710537122380323,2.8090347188923412
2025-02-17,13.91,18.22,10.87,87.93,2.58,1.9297137739332957,15.21,15.21,36.08401493155438,29.07072578945747,11.7117,2.0247173752700975,9.686982624729904,1.6970635087908734,1.4922279432798151,0.2048355655110583,0.11020370667582688,2.606821876814698
2025-02-18,13.72,18.83,9.6,86.05,2.82,2.1092220319736024,18.6,18.6,36.15162444959715,29.12519472157345,14.322000000000001,2.9403953924485986,11.381604607551402,1.6848147880618223,1.4497831251271982,0.23503166293462407,0.10957398826694104,3.035708460151797
2025-02-19,14.14,19.47,10.03,87.32,2.62,1.9596318169400135,18.42,18.42,36.21850306458432,29.17907480895171,14.183400000000002,2.8319153498861236,11.351484650113878,1.7465453676748877,1.5250834150537118,0.22146195262117585,0.11320955655481206,3.048414934297483
2025-02-20,14.49,20.0,10.62,86.84,2.81,2.101742521221923,17.78,17.78,36.28458662517211,29.23231436870366,13.690600000000002,2.6357503795593,11.054849620440702,1.809101484257355,1.5710237289290871,0.2380777553282678,0.11693861029237956,3.021297050171388
2025-02-21,14.12,18.84,9.78,88.48,3.26,2.4383205050474976,14.91,14.91,36.34981200709474,29.284862545395807,11.4807,1.9079260628528594,9.572773937147142,1.6927656424637325,1.4977590404519106,0.19500660201182196,0.10974105870820433,2.529067845815078
2025-02-22,13.94,18.27,10.72,90.2,3.2,2.393443440537421,12.69,12.69,36.41411718995662,29.336669372916653,9.7713,1.3125870241747577,8.458712975825243,1.6938855057660471,1.5278847262009745,0.16600077956507264,0.10997106639920097,2.2271950688678297
2025-02-23,14.03,19.14,10.79,87.83,2.68,2.00450888145009,12.39,12.39,36.47744133281127,29.38768583536607,9.5403,1.2320360958381738,8.308263904161826,1.7555805435264165,1.5419263913792514,0.2136541521471651,0.11389484047792184,2.3126721836785835
2025-02-24,14.54,19.59,10.44,88.55,2.45,1.8324801341614632,15.79,15.79,36.53972484840583,29.437863926869674,12.158299999999999,2.0856795950400238,10.072620404959975,1.7721155560762023,1.569208324905477,0.2029072311707254,0.11450239497779628,2.7328387820535247
2025-02-25,14.81,19.41,11.74,90.32,3.13,2.341086865275665,14.1,14.1,36.60090947597185,29.48715671022196,10.857,1.6198874890797306,9.23711251092027,1.8164653487594355,1.6406315029995222,0.17583384575991334,0.11711672698978734,2.4718671283762492
2025-02-26,15.23,20.01,11.92,88.26,2.39,1.7876030696513863,16.65,16.65,36.66093835244384,29.535518374262857,12.8205,2.259574494319048,10.56092550568095,1.8674556847277657,1.6482163873407263,0.2192392973870394,0.12000415998410949,2.917067907729278
2025-02-27,14.6,19.84,11.19,88.19,2.26,1.6903694298795535,16.83,16.83,36.719756081989004,29.582904289893623,12.9591,2.316310696519379,10.64278930348062,1.8223037175973373,1.6070896485490918,0.21521406904824558,0.11768913754022645,2.9234968307017946
2025-02-28,14.61,18.89,11.14,86.88,2.15,1.6080948116110796,16.82,16.82,36.77730880373283,29.62927106463932,12.951400000000001,2.3564355851521968,10.594964414847805,1.7536695842097023,1.523588134761389,0.2300814494483132,0.11324757414886306,2.9041250832545535
2025-03-01,14.58,19.59,11.0,86.8,2.53,1.8923162201748984,17.86,17.86,36.83354425756801,29.67457659566709,13.7522,2.596971062405349,11.155228937594652,1.796151944524223,1.5590598878470256,0.23709205667719746,0.11601860990676877,3.0516446396214265
2025-03-02,13.82,18.42,11.18,88.55,2.13,1.5931357901077208,15.55,15.55,36.888411847936126,29.71878012117126,11.973500000000001,2.008642767016985,9.964857232983016,1.7238164661717676,1.5264394807951,0.1973769853766676,0.11202123943750639,2.6997766791091156
2025-03-03,13.7,18.29,10.35,87.64,2.17,1.6230538331144386,15.14,15.14,36.9418627054746,29.761842270038557,11.6578,1.9210035739768025,9.736796426023197,1.6794938062414957,1.471908371790047,0.20758543445144872,0.1092453392482286,2.6353234968950874
2025-03-04,14.2,18.71,10.98,90.22,1.95,1.4585045965774908,11.06,11.06,36.99384974642405,29.80372510970907,8.516200000000001,0.8405898838822131,7.675610116117788,1.7344604658965395,1.5648302323318577,0.16963023356468176,0.11237258736636276,2.1104139951769163
2025-03-05,13.46,16.9,10.64,92.86,2.09,1.5632177471010031,13.39,13.39,37.044327729694935,29.844392192151428,10.3103,1.4384509904465197,8.87184900955348,1.6035565458599632,1.4890626084855618,0.11449393737440139,0.1045056355356082,2.2735587898551484
2025-03-06,13.47,16.12,11.56,93.42,1.98,1.4809431288325292,11.81,11.81,37.09325331149572,29.883808597873415,9.0937,1.0319670830648613,8.061732916935139,1.5973279590611313,1.492223779354909,0.10510417970622243,0.10409140908700117,2.072864283789142
2025-03-07,13.15,16.75,10.62,88.06,2.51,1.8773571986715394,14.13,14.13,37.1405850974287,29.921940977892458,10.8801,1.663157645611829,9.216942354388172,1.5935818894433793,1.4033082118438398,0.1902736775995395,0.10411283379976281,2.4345491758450994
2025-03-08,13.11,19.37,8.24,83.54,2.59,1.9371932846849749,16.97,16.97,37.186283691963666,29.95875759359361,13.066899999999999,2.4137400080839706,10.653159991916027,1.6695309599356534,1.3947261639302448,0.2748047960054085,0.10910963292380213,2.935675531526227
2025-03-09,13.47,19.11,8.3,83.13,2.5,1.8698776879198602,19.94,19.94,37.230311745204304,29.994228354406395,15.353800000000001,3.2033622109648934,12.150437789035108,1.6537022186077577,1.3747226543286288,0.27897956427912884,0.10776509180140989,3.286473868160033
2025-03-10,13.62,19.05,9.12,85.83,2.45,1.8324801341614632,18.95,18.95,37.27263399686626,30.028324853235336,14.5915,2.884321521485088,11.707178478514912,1.6808288932765572,1.442655439099269,0.2381734541772882,0.10940190925780391,3.137383444166528
2025-03-11,13.91,19.17,9.72,85.75,2.61,1.952152306188334,18.16,18.16,37.31321731739134,30.06102039958316,13.9832,2.664318512518945,11.318881487481056,1.7129592085409229,1.4688625213238413,0.24409668721708155,0.11123593972048738,3.060173179472459
2025-03-12,14.22,19.43,9.11,85.2,2.08,1.5557382363493237,13.96,13.96,37.35203074612688,30.09229005030966,10.7492,1.5856330798762164,9.163566920123785,1.7068287498138517,1.4542180948414016,0.25261065497245005,0.11056479240974992,2.5657726683746245
2025-03-13,14.21,17.18,12.46,94.36,2.63,1.9671113276916927,14.04,14.04,37.38904552650468,30.122110637973233,10.8108,1.5311474235112255,9.279652576488775,1.702810683265629,1.6067721607294474,0.0960385225361815,0.11031328202842769,2.3394050007036844
2025-03-14,14.76,19.69,10.58,88.53,1.74,1.3014348707922228,12.28,12.28,37.424235138159645,30.150460796706938,9.4556,1.111716690275237,8.343883309724763,1.7851483768493535,1.5803918580247327,0.20475651882462076,0.11514323038747329,2.340341274438329
2025-03-15,14.53,18.7,11.19,89.81,2.85,2.131660564228641,15.74,15.74,37.45757532593354,30.177320985585098,12.1198,1.9739635642832474,10.145836435716753,1.7429937481557376,1.565382685218668,0.17761106293706952,0.1126296805866892,2.6736593396589847
2025-03-16,14.16,18.3,11.36,92.31,3.02,2.258812247007191,16.87,16.87,37.489044125715324,30.202673509441293,12.9899,2.228590877749673,10.761309122250328,1.7238522530254845,1.5912880147678248,0.13256423825765973,0.11172083486899935,2.720739308898984
2025-03-17,14.02,18.3,11.2,92.12,2.51,1.8773571986715394,14.27,14.27,37.51862188707525,30.226502537103304,10.9879,1.5884164815329092,9.39948351846709,1.716756586222424,1.5814761672280973,0.13528041899432686,0.11138496537643795,2.445977803808101
2025-03-18,13.43,16.17,11.16,92.36,1.58,1.1817626987653516,13.43,13.43,37.54629129265618,30.248794117015525,10.3411,1.413662525404887,8.927437474595115,1.5824327879642217,1.461534922963755,0.12089786500046662,0.1031536561599302,2.3278294233596744
2025-03-19,14.58,19.39,10.07,87.86,2.86,2.13914007498032,10.51,10.51,37.57203737429163,30.26953619022431,8.0927,0.6679796160045044,7.4247203839954965,1.7425824180926068,1.5310329125361646,0.21154950555644225,0.11255840042454353,2.090078593422205
2025-03-20,14.06,18.27,10.85,88.37,3.52,2.6327877845911636,15.14,15.14,37.59584752582616,30.288718600706588,11.6578,1.8400105607242083,9.817789439275792,1.6994864521647695,1.501836177778007,0.19765027438676253,0.1102293700653427,2.580815226912578
2025-03-21,13.96,17.76,11.4,90.28,3.36,2.5131156125642917,14.64,14.64,37.61771151262036,30.30633310302747,11.2728,1.697542986165602,9.575257013834399,1.6905378932334836,1.526217610011189,0.16432028322229453,0.1097362596100912,2.4667627506806955
2025-03-22,13.84,18.5,10.54,87.61,3.72,2.782377999624752,12.92,12.92,37.637621477728665,30.322373367317322,9.9484,1.2801915133018151,8.668208486698184,1.7014439103531198,1.4906350098603682,0.21080890049275158,0.11054976175926276,2.347581153099306
2025-03-23,13.56,18.21,9.69,87.36,3.27,2.4458000157991773,21.25,21.25,37.65557194474503,30.336834981564383,16.3625,3.4190367693811496,12.943463230618852,1.6470429719475426,1.4388567402933732,0.20818623165416938,0.10725413592693622,3.291217824656011
2025-03-24,13.59,19.26,9.12,87.46,2.92,2.1840171394903964,19.43,19.43,37.6715598173174,30.34971545122359,14.9611,2.9197465913258953,12.041353408674105,1.6953454599420739,1.4827491392653378,0.21259632067673606,0.11037315542562881,3.151768365831258
2025-03-25,13.88,20.01,8.04,83.31,2.31,1.727766983637951,22.24,22.24,37.68558437533883,30.361014196147973,17.1248,3.6961492017667124,13.428650798233289,1.7077120010285847,1.422694868056914,0.28501713297167064,0.11092168858544861,3.63993953272276
2025-03-26,13.9,18.79,9.35,86.52,2.48,1.8549186664165014,20.71,20.71,37.69764726782896,30.370732544853727,15.946700000000002,3.272907631810611,12.67379236818939,1.6721294938342264,1.4467264380653726,0.22540305576885378,0.10859319004023774,3.33779711317889
2025-03-27,14.39,19.81,11.11,89.18,2.4,1.795082580403066,18.42,18.42,37.70775250252634,30.37887372613532,14.183400000000002,2.5829658937124553,11.600434106287548,1.8166319750494093,1.6200723953490634,0.19655957970034588,0.11751870216413654,3.1236255530220447
2025-03-28,14.59,19.56,11.3,87.51,2.96,2.2139351824971145,15.2,15.2,37.715906432217835,30.385442858051977,11.703999999999999,1.8160045054376315,9.887995494562368,1.8072342261233039,1.5815106712805034,0.2257235548428005,0.11672517778620425,2.715282524427693
2025-03-29,14.73,18.77,12.29,89.98,2.12,1.5856562793560416,17.79,17.79,37.72211773783801,30.390446934311818,13.6983,2.429821960578774,11.268478039421225,1.7978354291766911,1.6176923191731867,0.18014311000350447,0.11598916175752805,3.030834449623446
2025-03-30,13.83,17.62,11.13,90.18,2.15,1.6080948116110796,13.09,13.09,37.726397408376876,30.39389480808475,10.0793,1.3055838820430727,8.773716117956926,1.6696438720197537,1.505684843787414,0.16395902823233977,0.10849222316367543,2.3397776590412898
2025-03-31,13.37,15.81,11.4,93.35,2.09,1.5632177471010031,10.17,10.17,37.728758717640964,30.39579717328027,7.8309,0.5747258211294033,7.256174178870596,1.5721825173322634,1.467632379929668,0.10455013740259544,0.10253454170879035,1.8618899473858492
2025-04-01,13.34,16.74,10.55,91.95,2.55,1.9072752416782572,12.8,12.8,37.72921719791769,30.39616654333041,9.856000000000002,1.2383324615197748,8.617667538480227,1.5899957747851574,1.462001114914952,0.1279946598702053,0.10372111112547688,2.1930210568362263
2025-04-02,13.84,17.29,10.86,91.8,2.56,1.9147547524299369,12.33,12.33,37.72779061059955,30.39501722752342,9.4941,1.1114327446316308,8.382667255368368,1.6370882232331025,1.502846988927988,0.13424123430511448,0.10636830985498281,2.165716304689698
2025-04-03,14.13,19.04,11.03,90.0,2.76,2.0643449674635255,15.64,15.64,37.72449891382885,30.392365304937076,12.042800000000002,1.9125023764152607,10.130297623584742,1.7591085163041498,1.583197664673735,0.17591085163041487,0.11403295916817531,2.6839955718425803
2025-04-04,13.91,18.25,11.44,90.4,3.4,2.54303365557101,14.11,14.11,37.71936422723057,30.38822859602604,10.8647,1.5442179606404085,9.320482039359591,1.7241311249995763,1.5586145369996172,0.16551658799995916,0.11196142029209752,2.4249934777033046
2025-04-05,14.1,19.17,10.79,90.62,3.21,2.4009229512891004,13.97,13.97,37.71241079380439,30.38262663192057,10.7569,1.4961888061056212,9.260711193894378,1.7576543293721723,1.5927863532770627,0.1648679760951095,0.11396588716184057,2.433917186621586
2025-04-06,13.48,17.38,11.24,91.7,2.71,2.026947413705128,13.9,13.9,37.703664939052835,30.37558062149853,10.703000000000001,1.5010390769475805,9.20196092305242,1.6593455503613717,1.5216198696813779,0.1377256806799938,0.10812422138026098,2.3649751988471195
2025-04-07,13.65,17.45,11.12,90.11,1.36,1.017213462228404,15.86,15.86,37.69315502742681,30.36711341629614,12.2122,2.008284122272226,10.203915877727773,1.6584526450891999,1.494431678489878,0.16402096659932197,0.10791967514202024,2.7466281524415974
2025-04-08,13.44,16.04,11.58,91.6,1.7,1.271516827785505,15.56,15.56,37.68091141617381,30.357249473326267,11.981200000000001,1.9434206884139764,10.037779311586025,1.5935635634324377,1.459704224104113,0.13385933932832472,0.10387094962961844,2.60959126012134
2025-04-09,14.35,17.93,11.15,90.89,3.01,2.251332736255512,15.3,15.3,37.66696640667881,30.346014815876718,11.781,1.850467555561822,9.930532444438178,1.6903913537606376,1.5363967014330435,0.15399465232759413,0.10938690820139778,2.5482585481491697
2025-04-10,14.07,17.8,11.36,89.51,3.04,2.27377126851055,13.07,13.07,37.65135419339127,30.333436992363744,10.0639,1.3071683079069152,8.756731692093085,1.6913178781862463,1.5138986327645092,0.17741924542173715,0.10969082513409105,2.3207496169551947
2025-04-11,13.12,17.66,10.01,87.42,2.11,1.578176768604362,18.59,18.59,37.63411081043527,30.31954503331907,14.3143,2.7545945789123993,11.5597054210876,1.6245308192631231,1.4201648421998223,0.20436597706330084,0.10616023872865836,3.049805104106786
2025-04-12,13.66,19.12,8.16,84.93,2.64,1.9745908384433726,22.53,22.53,37.61527407600342,30.304369406591398,17.348100000000002,3.787982549616671,13.56011745038333,1.6492065663930053,1.4006711368375795,0.24853542955542585,0.10730945717184512,3.5558076733461665
2025-04-13,13.72,18.18,10.0,87.15,3.11,2.326127843772306,22.63,22.63,37.59488353463788,30.28794197084566,17.4251,3.7803639792877837,13.644736020712216,1.6577138132928368,1.4446975882847073,0.21301622500812956,0.10781144326056938,3.4782127111358347
2025-04-14,13.74,18.61,9.41,87.23,2.9,2.1690581179870376,22.11,22.11,37.57298039750464,30.270295927445638,17.0247,3.6410868556222558,13.383613144377744,1.6623719342474659,1.4500870382440647,0.21228489600340117,0.10809716389485315,3.440287353954294
2025-04-15,13.61,18.15,8.66,87.92,2.99,2.236373714752153,19.61,19.61,37.54960748076981,30.25146577080739,15.0997,3.022719617077017,12.076980382922983,1.602745961963322,1.4091342497581527,0.19361171220516926,0.10432795740043155,3.0641245503099492
2025-04-16,13.52,18.08,8.25,89.28,3.02,2.258812247007191,20.37,20.37,37.52480914218857,30.231487237312802,15.6849,3.2066957696625034,12.478204230337496,1.5827832045330994,1.413108845007151,0.16967435952594845,0.10310246774880505,3.095789979906369
2025-04-17,14.13,18.33,9.78,87.81,2.94,2.1989761609937557,13.77,13.77,37.49863121601945,30.210397252873907,10.6029,1.5162566132175122,9.086643386782487,1.6585914696432211,1.4564091694937125,0.20218230014950866,0.10751701306743493,2.4292458416827793
2025-04-18,14.37,17.59,11.34,91.39,2.86,2.13914007498032,13.2,13.2,37.471120946378065,30.188233879240023,10.164,1.3449543371039945,8.819045662896006,1.6770278486307195,1.5326357508636148,0.1443920977671047,0.10850489483520141,2.27935300674554
2025-04-19,14.25,18.09,11.21,89.28,3.62,2.7075828921079577,16.94,16.94,37.44232691914562,30.16503625914048,13.043800000000001,2.299752398676683,10.744047601323318,1.7034246134793243,1.5208174949143407,0.18260711856498357,0.11031796170897297,2.751796049603953
2025-04-20,13.6,17.56,10.66,89.32,2.73,2.041906435208487,15.54,15.54,37.41229899254882,30.14084456035703,11.9658,1.9690934233008939,9.996706576699106,1.6454568021780391,1.4697220157054245,0.17573478647261465,0.107116683253569,2.602276078232003
2025-04-21,13.94,18.22,11.24,92.06,2.25,1.6828899191278741,13.3,13.3,37.38108822652764,30.115699918819725,10.241000000000001,1.3625526151905174,8.878447384809483,1.7132585014711026,1.5772257764542972,0.1360327250168054,0.11122880724991366,2.3398537094724134
2025-04-22,13.85,17.43,10.89,90.27,1.41,1.0546110159868012,15.37,15.37,37.348746811008944,30.089644380821245,11.8349,1.9223826639242256,9.912517336075773,1.6471566623976384,1.4868883191463482,0.16026834325129014,0.10701397505388051,2.6574719602132624
2025-04-23,13.89,16.39,11.83,91.69,1.26,0.9424183547116096,16.34,16.34,37.31532799320294,30.06272084444402,12.5818,2.1674865178465947,10.414313482153405,1.6254987553156965,1.4904198087489622,0.13507894656673436,0.10557325298359892,2.7649846857939324
2025-04-24,13.38,15.96,10.33,94.51,1.77,1.323873403047261,14.84,14.84,37.28088600403992,30.034973000294723,11.4268,1.79116386552961,9.63563613447039,1.534514404287937,1.4502695634925293,0.08424484079540773,0.10006991973967343,2.4143225153901984
2025-04-25,13.14,16.88,9.46,91.23,2.33,1.7427260051413098,12.5,12.5,37.2454759838639,30.00644527164011,9.625,1.2143356830279741,8.410664316972026,1.553635616286656,1.4173817727383164,0.13625384354833958,0.10151114641238473,2.156162197780917
2025-04-26,13.96,17.31,11.64,92.56,2.02,1.510861171839247,11.59,11.59,37.209153907499456,29.977182754037862,8.9243,0.9572759249439157,7.967024075056085,1.6728701682435911,1.5484086277262679,0.12446154051732328,0.10858941157789347,2.1010351473983784
2025-04-27,14.28,18.04,11.32,89.99,2.72,2.034426924456808,16.2,16.2,37.171976508806544,29.947231154554906,12.474,2.1338289756346747,10.340171024365326,1.7050425764302402,1.534367814529573,0.17067476190066722,0.11039641151223613,2.699979638789491
2025-04-28,13.76,17.83,11.01,89.21,2.92,2.1840171394903964,17.65,17.65,37.13400120483719,29.916636730665036,13.590499999999999,2.5282250092199754,11.062274990780024,1.6778085658509503,1.4967730215956325,0.18103554425531776,0.10908356237611469,2.8600707110215673
2025-04-29,14.09,18.03,10.23,88.08,2.39,1.7876030696513863,15.44,15.44,37.09528601970649,29.88544622891634,11.8888,1.9848732499359603,9.90392675006404,1.6574514480772624,1.4598832354664526,0.1975682126108098,0.10747730639001415,2.6366523818143
2025-04-30,13.31,16.39,11.41,91.86,3.01,2.251332736255512,15.49,15.49,37.055889508288324,29.853706823457408,11.9273,1.9836286967669805,9.943671303233021,1.6065000989433735,1.4757309908893828,0.13076910805399078,0.1048228389601396,2.474376272472894
2025-05-01,13.41,16.97,10.77,91.38,2.47,1.8474391556648222,15.89,15.89,37.015870679844795,29.82146605451016,12.2353,2.0910375114108466,10.144262488589154,1.6134137619520255,1.4743374956717608,0.1390762662802647,0.10518998600282325,2.5825964641010017
2025-05-02,13.67,17.36,10.18,92.66,3.07,2.2962098007655882,15.53,15.53,36.975288921695714,29.788771766874937,11.9581,1.9873606142779776,9.970739385722023,1.612616829436857,1.4942507541561918,0.11836607528066523,0.10492029923827398,2.453493773928533
2025-05-03,12.77,15.89,10.18,92.63,2.21,1.6529718761211565,14.57,14.57,36.934203923032555,29.755672048551947,11.2189,1.777662254119732,9.441237745880267,1.5242017281703495,1.4118680608041947,0.1123336673661548,0.09988291664852962,2.357607064355362
2025-05-04,13.65,17.36,10.13,90.65,2.5,1.8698776879198602,15.67,15.67,36.89267559897884,29.722215169561313,12.065900000000001,2.0550115187998754,10.010888481200126,1.610540812383285,1.4599552464254477,0.15058556595783723,0.10480193196352684,2.5632037642804932
2025-05-05,13.38,16.72,10.81,92.3,2.7,2.019467902953449,13.21,13.21,36.850764014995754,29.68844952104118,10.171700000000001,1.4160064394487157,8.755693560551286,1.5999193886459238,1.4767255957201877,0.12319379292573607,0.10433515929492898,2.2111153549516565
2025-05-06,12.95,16.81,9.9,89.15,1.84,1.3762299783090173,14.54,14.54,36.80852931172983,29.65442355470202,11.1958,1.8002305677821135,9.395569432217886,1.5671393216848686,1.3971047052820602,0.17003461640280837,0.10254899051421452,2.473448581159701
2025-05-07,13.06,16.98,9.1,90.01,1.84,1.3762299783090173,14.43,14.43,36.76603163039567,29.62018572271197,11.1111,1.7719567006749477,9.339143299325052,1.5455570571759432,1.3911559071640665,0.1544011500118767,0.10104785776172061,2.428954866376941
2025-05-08,13.33,17.09,10.27,90.77,2.45,1.8324801341614632,17.46,17.46,36.72333103878469,29.5857844180865,13.4442,2.541994769221145,10.902205230778856,1.5995831097714166,1.4519415887395146,0.14764152103190198,0.10435485418135222,2.767066609317558
2025-05-09,12.98,16.88,10.08,92.19,3.35,2.505636101812613,15.85,15.85,36.68048745798639,29.551267915652154,12.2045,2.1202481997995184,10.08425180020048,1.5788018275219704,1.4554974047925047,0.12330442272946573,0.10328738492104178,2.4507085304817458
2025-05-10,12.69,16.17,10.13,91.09,4.11,3.0740789189402506,15.74,15.74,36.63756058990696,29.516684313652647,12.1198,2.125218376826786,9.994581623173215,1.538412785940385,1.401340206713097,0.13707257922728822,0.10087871968470798,2.3834709414898114
2025-05-11,12.82,16.75,9.68,90.87,3.44,2.572951698577728,16.26,16.26,36.59460984566527,29.48208147606177,12.5202,2.2608205678748066,10.259379432125193,1.5545600181777823,1.412628688518151,0.1419313296596314,0.1018316094647918,2.506434057692239
2025-05-12,12.9,16.77,9.45,91.42,3.2,2.393443440537421,16.16,16.16,36.55169427494382,29.44750697566574,12.443200000000001,2.235496436910331,10.20770356308967,1.5465486677414846,1.4138547920492652,0.13269387569221935,0.101242050970009,2.490597879256704
2025-05-13,13.81,17.6,10.91,93.16,2.99,2.236373714752153,16.18,16.18,36.508872496368426,29.413008037974258,12.4586,2.1819996540703377,10.276600345929662,1.65876402364144,1.5453045644243657,0.11345945921707434,0.1078024287607667,2.5456999318107507
2025-05-14,13.58,17.33,11.01,91.51,2.06,1.540779214845965,13.86,13.86,36.46620262898712,29.378631486017184,10.6722,1.6135221133015103,9.05867788669849,1.646106330548935,1.5063519030853305,0.13975442746360445,0.10717605251754789,2.373721661943696
2025-05-15,13.77,17.62,10.55,92.37,2.54,1.8997957309265778,11.47,11.47,36.4237422249149,29.344423686080443,8.831900000000001,0.9940025688514533,7.837897431148548,1.6445735137701776,1.5190925546695133,0.12548095910066426,0.10691425165865728,2.0295418637319598
2025-05-16,13.81,17.09,11.33,92.99,2.35,1.7576850266446689,15.63,15.63,36.381548203207984,29.31043049443248,12.035100000000002,2.0646614924920534,9.970438507507948,1.6452986270208267,1.5299631932666669,0.11533543375415989,0.10692731787142967,2.5318471275413525
2025-05-17,13.78,17.88,10.76,90.21,1.91,1.4285865535707731,14.71,14.71,36.3396767850272,29.276697205089317,11.3267,1.850444032238455,9.476255967761546,1.670192864961514,1.5066809834817818,0.16351188147973228,0.10857112505158666,2.526050500138242
2025-05-18,13.49,17.85,9.44,89.3,2.41,1.8025620911547453,15.98,15.98,36.29818343014713,29.24326849866373,12.3046,2.2144218089936496,10.090178191006352,1.613619208601836,1.4409619532814395,0.17265725532039644,0.10513627317437371,2.624719588635095
2025-05-19,13.85,17.45,11.03,93.58,2.79,2.086783499718564,15.68,15.68,36.25712277486371,29.210188392341202,12.0736,2.0795584540279117,9.994041545972088,1.654508781495199,1.548289317723207,0.10621946377199198,0.10749163422720666,2.4850217157522723
2025-05-20,13.13,16.8,10.39,92.98,3.45,2.580431209329407,16.26,16.26,36.21654857135004,29.177500191022446,12.5202,2.2683737222764835,10.251826277723517,1.5868655412925605,1.4754675802938229,0.11139796099873767,0.1036905973981576,2.4583000827289117
2025-05-21,13.11,16.99,9.45,89.89,2.81,2.101742521221923,16.63,16.63,36.17651362850627,29.145246439669794,12.8051,2.4172947995011724,10.387805200498827,1.559966773482177,1.4022541326831288,0.15771264079904812,0.10194923371443701,2.6132931530657832
2025-05-22,13.92,17.5,10.05,91.89,3.5,2.6178287630878043,13.46,13.46,36.13706975434686,29.113468876892007,10.3642,1.5449651641280941,8.819234835871907,1.6160349849218447,1.484974547644683,0.13106043727716177,0.10493353169293532,2.1909266350047836
2025-05-23,13.19,16.23,10.49,92.14,3.37,2.5205951233159714,16.76,16.76,36.09826769996437,29.082208389799295,12.9052,2.4384080676969977,10.466791932303003,1.5570206043738983,1.4346387848701099,0.12238181950378846,0.10169170484573913,2.516142970237801
2025-05-24,13.06,17.15,10.22,90.73,3.57,2.6701853383495604,16.59,16.59,36.060157105106626,29.051504970158103,12.7743,2.394869832439714,10.379430167560287,1.6012046154447312,1.4527729475930047,0.14843166785172657,0.10468607126320473,2.5603751865067093
2025-05-25,12.28,15.64,8.33,90.32,2.95,2.2064556717454353,15.77,15.77,36.0227864454006,29.02139767187254,12.1429,2.2464422214495454,9.896457778550454,1.4370074135331348,1.2979050959031273,0.13910231763000747,0.09453908659437969,2.394914246342406
2025-05-26,13.65,16.69,10.79,92.85,2.96,2.2139351824971145,14.26,14.26,35.986202981253406,28.991924569816995,10.9802,1.7692771737532367,9.210922826246764,1.597244935727485,1.4830419228229699,0.11420301290451507,0.1039367359064244,2.276380143526324
2025-05-27,12.83,16.29,10.46,91.68,3.25,2.4308409942958185,12.49,12.49,35.95045270845821,28.96312272004227,9.6173,1.3253114196140696,8.291988580385931,1.5592865774228675,1.4295539341812848,0.12973264324158262,0.10213305631311849,2.0688588533170833
2025-05-28,12.31,16.26,8.59,89.65,3.58,2.6776648491012396,17.72,17.72,35.915580310529855,28.93502812137527,13.6444,2.7798650396947666,10.864534960305232,1.4826751270042235,1.3292182513592865,0.15345687564493704,0.09752006801478152,2.6097529371639583
2025-05-29,12.26,16.11,9.36,86.89,3.28,2.4532795265508565,19.08,19.08,35.88162911279248,28.907675678430135,14.6916,3.1922110196467095,11.49938898035329,1.503691671399247,1.3065576932788057,0.1971339781204413,0.0989420249553321,2.8706975975121014
2025-05-30,12.7,16.5,8.63,90.84,2.98,2.2288942040004733,12.4,12.4,35.848641038239016,28.88109916604688,9.548,1.3270895656963737,8.220910434303626,1.498426727822932,1.3611708395543514,0.1372558882685806,0.09824884368989399,2.0550894143045464
2025-05-31,13.49,16.81,11.58,92.58,3.26,2.4383205050474976,13.35,13.35,35.816656565179876,28.855331195171516,10.2795,1.5385313433744268,8.740968656625574,1.6393550405773762,1.517714896566535,0.12164014401084122,0.10681310587847537,2.1843462988726596
2025-06-01,13.49,17.13,10.28,92.06,3.47,2.595390230832766,11.31,11.31,35.785714686696174,28.830403180189908,8.7087,1.0143363287219673,7.694363671278033,1.6024722440285415,1.4752359478526753,0.12723629617586618,0.1044099863861429,1.9361025501951918
2025-06-02,12.74,15.41,10.5,92.99,3.59,2.685144359852919,14.94,14.94,35.75585287191024,28.806345307725767,11.5038,2.0037765352417525,9.500023464758247,1.510300979617273,1.4044288809461023,0.10587209867117076,0.09899573346254655,2.2328424245290233
2025-06-03,12.57,16.34,9.42,91.53,3.26,2.4383205050474976,16.2,16.2,35.72710702908498,28.783186506912028,12.474,2.3545394975317224,10.119460502468279,1.5195981870422277,1.3908882205997513,0.12870996644247645,0.09974071730409109,2.4456164793884203
2025-06-04,12.39,15.54,10.34,91.79,2.56,1.9147547524299369,14.91,14.91,35.699511470561,28.760954421142763,11.4807,2.0137132043296084,9.466986795670392,1.510883433797709,1.3868399038829173,0.12404352991479173,0.09931174541413548,2.3463790753457467
2025-06-05,12.55,16.49,8.55,91.13,2.99,2.236373714752153,13.95,13.95,35.67309887953911,28.73967538131189,10.7415,1.762677587697367,8.978822412302634,1.4948022447660414,1.3622132856552935,0.13258895911074786,0.09812891295395587,2.211042577312633
2025-06-06,12.1,15.31,8.82,92.04,3.25,2.4308409942958185,11.47,11.47,35.647900278714445,28.719374380543506,8.831900000000001,1.099607203276048,7.732292796723953,1.4369276793489751,1.322548236072797,0.11437944327617822,0.09467034644127623,1.8664219582185293
2025-06-07,11.72,16.23,7.63,90.49,3.5,2.6178287630878043,15.96,15.96,35.62394500076645,28.70007505041748,12.289200000000001,2.3378159678493304,9.95138403215067,1.445602363123908,1.3081255783908246,0.13747678473308356,0.09553276462529638,2.372365653842146
2025-06-08,12.21,15.98,9.06,88.91,3.59,2.685144359852919,14.81,14.81,35.60126066070826,28.681799638693008,11.4037,2.03261278284751,9.37108721715249,1.4843437183390926,1.3197299999752872,0.16461371836380545,0.09770808927863409,2.3213554349457213
2025-06-09,12.67,16.43,9.53,90.98,3.29,2.460759037302536,14.23,14.23,35.57987313009743,28.664568988531695,10.9571,1.8418084531245251,9.115291546875476,1.5293257443295674,1.3913805621910404,0.1379451821385269,0.10029890069606395,2.2486833005326483
2025-06-10,12.77,15.27,10.75,92.83,3.02,2.258812247007191,12.98,12.98,35.55980651310906,28.648402519221182,9.9946,1.4982703790997185,8.496329620900282,1.5131374957619685,1.4046455373158355,0.10849195844613302,0.09915786314478318,2.066308226849223
2025-06-11,12.64,15.78,10.47,92.84,3.04,2.27377126851055,15.97,15.97,35.541083124471584,28.633318208399288,12.2969,2.2989858081098786,9.997914191890121,1.5300347712510889,1.420484281629511,0.10955048962157798,0.10036949145600757,2.4070417407887605
2025-06-12,13.5,17.23,10.39,94.09,3.02,2.258812247007191,16.2,16.2,35.52372346926438,28.61933257577816,12.474,2.3088947534819297,10.16510524651807,1.6132895832412766,1.517944168871717,0.09534541436955957,0.10510641405433634,2.4620185689917955
2025-06-13,13.96,17.7,11.43,91.47,2.37,1.7726440481480275,16.37,16.37,35.50774622457585,28.606460668367287,12.6049,2.359103735434918,10.245796264565083,1.6880430311013832,1.5440529605484352,0.143990070552948,0.10957431302509281,2.6585961620130614
2025-06-14,13.89,17.69,10.78,90.67,2.65,1.9820703491950518,15.02,15.02,35.4931682230202,28.594716047193995,11.5654,2.0233900885315403,9.54200991146846,1.658870152559267,1.5040975673254875,0.15477258523377957,0.10774066587892742,2.47254857700204
2025-06-15,13.18,16.11,11.15,92.35,3.16,2.363525397530703,16.21,16.21,35.48000443811007,28.584110775518997,12.481700000000002,2.3576955925805936,10.124004407419408,1.5784809312099513,1.45772713997239,0.12075379123756136,0.10310154768093391,2.468955785399525
2025-06-16,13.15,17.07,9.66,90.63,3.11,2.326127843772306,16.98,16.98,35.46826797148256,28.574655408545212,13.0746,2.585231952253958,10.489368047746042,1.5733029403888996,1.4258844548744596,0.14741848551444003,0.10278795751538164,2.601354960684442
2025-06-17,12.65,16.23,10.22,92.19,3.55,2.655226316846201,13.79,13.79,35.457970041975166,28.566358984616873,10.6183,1.72130976486656,8.89699023513344,1.5456774157861666,1.424960009613267,0.1207174061728995,0.10138752775386779,2.1582397449409703
2025-06-18,12.45,16.0,10.01,93.02,4.33,3.2386281554771976,16.63,16.63,35.44911997654829,28.559229017906365,12.8051,2.487084440807099,10.3180155591929,1.52353620213011,1.4171933752214283,0.10634282690868169,0.10009531223041565,2.352760587838566
2025-06-19,12.53,15.97,9.08,91.4,3.87,2.894570660899944,14.83,14.83,35.44172520305091,28.553271492585935,11.4191,2.0308561867368136,9.388243813263188,1.4845426417112297,1.356871974524064,0.1276706671871657,0.09747100743123455,2.224405245873132
2025-06-20,12.31,15.31,9.47,92.56,3.33,2.490677080309254,15.76,15.76,35.43579124482528,28.548490858481042,12.1352,2.283564576846562,9.851635423153438,1.4623533747481923,1.3535542836669268,0.10879909108126551,0.09618344434983075,2.3102543428760485
2025-06-21,11.73,15.95,7.42,91.71,2.79,2.086783499718564,13.46,13.46,35.43132171714735,28.54489002820259,10.3642,1.6684601813112463,8.695739818688754,1.4218046346400928,1.303937030428429,0.11786760421166376,0.09395254362342667,2.102900101604114
2025-06-22,13.24,17.19,9.5,91.36,2.26,1.6903694298795535,12.71,12.71,35.42831832549871,28.542470375754778,9.786700000000002,1.4295064238761481,8.357193576123853,1.574302431883206,1.438282701768497,0.13601973011470903,0.10277937542443051,2.156561654818017
2025-06-23,13.68,17.62,10.74,90.89,2.61,1.952152306188334,14.63,14.63,35.426780865666586,28.54123173661563,11.2651,1.9267356190737208,9.33836438092628,1.652692693100497,1.5021323887590419,0.15056030434145518,0.10751915216593262,2.419552141191668
2025-06-24,12.21,15.64,9.95,92.83,3.37,2.5205951233159714,8.15,8.15,35.426707225667904,28.541172409287093,6.2755,0.20350233155426406,6.071997668445736,1.5003747546242092,1.3927978847176532,0.10757686990655602,0.09876334481360403,1.5188058223341188
2025-06-25,11.52,15.16,7.82,85.51,3.02,2.258812247007191,19.8,19.8,35.428093389493796,28.54228915831178,15.246,3.5394653736637176,11.706534626336282,1.391340254979482,1.1897350520329553,0.20160520294652673,0.0920947202748733,2.8726569509522397
2025-06-26,11.96,16.32,7.55,88.93,3.45,2.580431209329407,16.46,16.46,35.4309334426709,28.544577218753382,12.6742,2.517333771097346,10.156866228902654,1.4480581936444028,1.2877581516079675,0.16030004203643533,0.09551086714636911,2.466778272603861
2025-06-27,12.45,16.42,8.64,91.47,3.14,2.3485663760273443,14.33,14.33,35.43521957963588,28.54803030213785,11.0341,1.8891962335726775,9.144903766427323,1.4940396382920058,1.3665980571456975,0.12744158114630832,0.09815740766144547,2.2276416739010303
2025-06-28,12.47,15.18,9.61,91.87,2.21,1.6529718761211565,14.03,14.03,35.44094211291941,28.552640603852392,10.8031,1.8175349073341573,8.985565092665844,1.4607233545043004,1.3419665457831007,0.11875680872119965,0.09595318154741234,2.228711385302967
2025-06-29,12.2,16.89,8.71,90.5,2.61,1.952152306188334,16.42,16.42,35.44808948413629,28.55839881199956,12.643400000000002,2.4557118553668276,10.187688144633174,1.5250121705971074,1.380136014390382,0.14487615620672534,0.10039316910545654,2.549279243332063
2025-06-30,12.48,16.25,9.28,92.04,3.37,2.5205951233159714,16.56,16.56,35.45664827677786,28.565294117703317,12.751199999999999,2.483514762416928,10.267685237583072,1.5087419566537945,1.3886460969041525,0.12009585974964199,0.09909953104583984,2.44531351614997
2025-07-01,12.62,16.26,9.4,91.77,3.65,2.730021424362996,14.05,14.05,35.46660323080322,28.57331422686431,10.8185,1.8025692201288885,9.015930779871113,1.514079331594281,1.3894706026040717,0.12460872899020936,0.09933872022263134,2.169421955157791
2025-07-02,12.81,16.31,9.83,92.01,4.02,3.006763322175135,17.08,17.08,35.47793725902534,28.582445373361175,13.151599999999998,2.612149350564962,10.539450649435036,1.534323925525,1.4117314438755526,0.12259248164944747,0.10051407929951386,2.465926350891022
2025-07-03,11.78,14.17,8.82,91.66,4.33,3.2386281554771976,13.58,13.58,35.49063146528806,28.592672333694676,10.4566,1.7145096428148414,8.742090357185159,1.3752503743173152,1.2605544930992512,0.11469588121806407,0.09083976704019235,1.981290204371616
2025-07-04,11.07,14.85,8.51,91.03,2.45,1.8324801341614632,14.02,14.02,35.50466516442995,28.603978443071348,10.7954,1.8319091709671784,8.963490829032823,1.3997765137490266,1.274216560465739,0.12555995328328762,0.09298917225276408,2.1916323591019573
2025-07-05,11.67,16.04,6.9,89.88,2.95,2.2064556717454353,14.93,14.93,35.52001590403027,28.616345612922945,11.4961,2.083632334390563,9.412467665609437,1.4089686486837163,1.266381021436924,0.1425876272467923,0.09314922481718578,2.2855743062627107
2025-07-06,12.28,16.66,8.77,90.21,2.93,2.1914966502420765,14.26,14.26,35.53665948793217,28.629754349857674,10.9802,1.8647726238936337,9.115427376106366,1.5133568021616695,1.365199171230042,0.14815763093162748,0.09956202620833356,2.284990939470721
2025-07-07,12.11,16.26,8.38,88.84,3.26,2.4383205050474976,20.94,20.94,35.55457000153769,28.644183776038826,16.123800000000003,3.73253918180799,12.391260818192013,1.4747775372799241,1.3101923641194846,0.16458517316043952,0.09715624994264967,2.9803850421655462
2025-07-08,12.53,16.37,8.96,91.75,3.47,2.595390230832766,11.93,11.93,35.57371983886859,28.659611650986093,9.1861,1.219049849969492,7.9670501500305075,1.5033339891285544,1.3793089350254488,0.1240250541031056,0.09870479588048088,1.952043047579737
2025-07-09,12.31,15.96,9.19,91.12,3.03,2.2662917577588706,14.94,14.94,35.594079731386074,28.676014394793878,11.5038,2.045349508883032,9.458450491116968,1.4882631133693978,1.3561053489021953,0.1321577644672025,0.09788760693175151,2.3104614951579596
2025-07-10,12.43,15.38,9.43,93.27,3.17,2.3710049082823828,15.0,15.0,35.615618778562215,28.693367112760864,11.55,2.046976287135193,9.503023712864808,1.4646784164602078,1.3661055590324358,0.098572857427772,0.09624380877864622,2.2298499338134135
2025-07-11,12.03,16.06,9.36,91.03,3.51,2.6253082738394835,13.65,13.65,35.63830448019442,28.711643621423836,10.5105,1.686587854642284,8.823912145357717,1.5007743259746027,1.3661548689346807,0.13461945703992195,0.09893233776429662,2.156156647209412
2025-07-12,11.81,15.4,9.02,92.51,3.52,2.6327877845911636,12.98,12.98,35.66210277045354,28.73081647598819,9.9946,1.504310597415062,8.490289402584938,1.4496871825185926,1.3411056125479501,0.1085815699706425,0.09573349840394982,2.0056221744138285
2025-07-13,12.35,16.09,9.28,92.42,3.53,2.6402672953428423,16.44,16.44,35.68697805365516,28.750856999146745,12.658800000000001,2.4217780132571773,10.237021986742825,1.4993619503602835,1.385710314522974,0.11365163583730942,0.09858601196614482,2.4068781283980023
2025-07-14,12.48,16.42,9.03,91.74,3.31,2.475718058805895,14.22,14.22,35.7128932417422,28.771735311277187,10.9494,1.8228217152473163,9.126578284752684,1.5090160182986683,1.384371295187198,0.12464472311147023,0.09911753238819322,2.214158283107708
2025-07-15,13.03,16.92,10.05,90.24,3.35,2.505636101812613,17.28,17.28,35.739809793465476,28.793420362007527,13.305600000000002,2.6349147014307723,10.670685298569229,1.580005154870773,1.4257966517553853,0.1542085031153877,0.10332482043545012,2.6403454285967367
2025-07-16,12.97,17.43,8.39,88.17,3.0,2.243853225503832,12.9,12.9,35.767687755247806,28.815879963137842,9.933,1.4765580369135485,8.456441963086451,1.5463829069975834,1.3634458090997694,0.18293709789781398,0.10117457934460385,2.2099954885793545
2025-07-17,12.21,15.65,8.82,90.48,4.19,3.1339150049536864,14.81,14.81,35.796485803715065,28.839080822905007,11.4037,2.003827233326207,9.399872766673793,1.456104082883754,1.3174829741932206,0.13862110869053335,0.09584919312932862,2.2195693371526084
2025-07-18,11.68,14.91,8.75,91.74,4.63,3.463013478027581,14.33,14.33,35.826161289876296,28.86298858157594,11.0341,1.8724879200849693,9.161612079915031,1.4121522627069583,1.2955084858073636,0.11664377689959471,0.09335219953129088,2.0702929311823213
2025-07-19,11.82,15.73,8.71,90.93,3.36,2.5131156125642917,14.16,14.16,35.85667028493292,28.887567848353356,10.9032,1.8151719885751294,9.088028011424871,1.4564632000235829,1.3243619877814439,0.132101212242139,0.09617324713396813,2.194527694858924
2025-07-20,12.26,16.55,8.68,91.73,3.02,2.258812247007191,16.29,16.29,35.887967627694984,28.912782239576188,12.5433,2.3605079091896046,10.182792090810395,1.5033161665555146,1.3789919195813736,0.12432424697414102,0.09891731695812357,2.4640599926607285
2025-07-21,12.79,17.21,9.44,88.6,3.02,2.258812247007191,14.46,14.46,35.92000697358067,28.93859441819553,11.134200000000002,1.8749300311695,9.259269968830502,1.5731515914402368,1.3938123100160495,0.1793392814241872,0.10307417678185721,2.3948312298179535
2025-07-22,12.3,15.36,9.42,92.5,2.38,1.7801235588997069,14.23,14.23,35.952740845172656,28.9649661345049,10.9571,1.8097875436994142,9.147312456300586,1.4631596739964317,1.353422698446699,0.10973697554973261,0.09624418852274819,2.2402299136659876
2025-07-23,12.67,16.39,9.46,92.61,3.16,2.363525397530703,14.8,14.8,35.986120684302755,28.991858268101673,11.396,1.9362068180434002,9.4597931819566,1.5241537093647985,1.41151875024274,0.11263495912205856,0.09995969930404441,2.2808775468498887
2025-07-24,13.11,17.08,10.19,91.76,3.78,2.8272550641348286,16.48,16.48,36.02009690563397,29.01923087105495,12.6896,2.3598352449674094,10.329764755032592,1.595629902363966,1.4641499984091753,0.1314799039547907,0.10427994275463129,2.49436010333427
2025-07-25,13.01,16.69,10.35,91.05,3.14,2.3485663760273443,17.88,17.88,36.054618951706345,29.0470432122527,13.7676,2.7443919555514507,11.023208044448548,1.5785247409707104,1.437246776653832,0.14127796431687845,0.10324450509458194,2.7100285149062486
2025-07-26,13.05,16.99,10.07,92.41,3.36,2.5131156125642917,15.94,15.94,36.089635349410486,29.075253822899064,12.2738,2.205757232524048,10.068042767475951,1.5851181304736852,1.4648076643707324,0.12031046610295282,0.10364262309469217,2.443418063217798
2025-07-27,12.67,16.26,9.91,90.77,3.66,2.7375009351146753,18.04,18.04,36.12509376784987,29.10382054313057,13.8908,2.8024396524548383,11.088360347545162,1.5346401072426499,1.392992825344153,0.14164728189849685,0.10064743648711989,2.654887099750685
2025-07-28,12.45,16.29,9.63,89.53,3.6,2.692623870604599,16.33,16.33,36.16094107755042,29.13270056971772,12.5741,2.359590926685799,10.2145090733142,1.5250442471954853,1.365372114514118,0.15967213268136726,0.10019438978529438,2.508572506681341
2025-07-29,11.83,15.71,8.07,89.76,3.38,2.528074634067651,12.6,12.6,36.197123410972644,29.161850504816,9.702,1.3707079801671227,8.331292019832878,1.4313861053548362,1.2848121681665012,0.146573937188335,0.09450976758722357,2.051324493176104
2025-07-30,11.93,16.25,8.42,87.1,3.04,2.27377126851055,16.52,16.52,36.23358622427908,29.191226405728198,12.7204,2.447317902564471,10.273082097435529,1.4756851749435067,1.285321787375794,0.19036338756771265,0.09735651813956185,2.5927880770315936
2025-07-31,12.51,17.04,7.8,90.83,2.88,2.154099096483679,19.31,19.31,36.27027436030655,29.22078383563737,14.868699999999999,3.126431703449515,11.742268296550485,1.500445066833862,1.362854254205197,0.13759081262866513,0.09853089218684334,2.840925442844687
2025-08-01,13.57,17.43,9.91,91.37,3.45,2.580431209329407,17.98,17.98,36.30713211268993,29.250477915267513,13.8446,2.7164860059625915,11.128113994037408,1.6058716428670008,1.4672849200875788,0.13858672277942197,0.10456475486463832,2.7118182266644597
2025-08-02,12.78,15.98,9.73,93.54,3.15,2.356045886779024,16.88,16.88,36.34410329108076,29.28026337542631,12.9976,2.440640068579302,10.556959931420698,1.5109432286950488,1.4133362961213487,0.09760693257370012,0.09900615154385896,2.483135687291647
2025-08-03,12.46,16.11,10.18,91.12,3.34,2.498156591060933,16.01,16.01,36.381131287401445,29.3100946103821,12.327700000000002,2.2262517843846097,10.101448215615392,1.5369772035323033,1.4004936278586348,0.13648357567366842,0.10097029118606293,2.461760226166243
2025-08-04,11.85,15.8,8.47,89.14,4.21,3.1488740264570447,15.64,15.64,36.418159143072074,29.339925732024586,12.042800000000002,2.1723921702130213,9.87040782978698,1.4513923653689846,1.293771154489913,0.15762121087907155,0.0958153312397145,2.359166752141527
2025-08-05,11.59,16.23,7.15,85.04,3.3,2.4682385480542153,21.13,21.13,36.455129617144635,29.369710624756404,16.2701,3.729357736876744,12.540742263123256,1.428697954686493,1.2149647406653938,0.21373321402109924,0.09451429118164634,3.0795893142478215
2025-08-06,12.2,16.4,8.46,91.22,2.61,1.952152306188334,17.18,17.18,36.491985255275345,29.39940300106003,13.2286,2.5366868604951542,10.691913139504846,1.4860556561024807,1.3555799694966828,0.1304756866057979,0.09782862042655195,2.615175135565192
2025-08-07,12.89,17.14,9.48,91.21,1.92,1.4360660643224528,13.61,13.61,36.528668459463745,29.42895645768237,10.4797,1.5637830008006366,8.915916999199363,1.5704058114386907,1.4323671406132297,0.13803867082546106,0.1028120345676381,2.3152683867795814
2025-08-08,12.8,15.94,10.72,91.37,2.31,1.727766983637951,14.31,14.31,36.565121558483455,29.45832453237661,11.0187,1.7521949773948062,9.266505022605195,1.5499053351645622,1.4161485047398605,0.13375683042470166,0.101542942415267,2.3533443713175703
2025-08-09,12.0,15.4,10.09,94.27,3.05,2.281250779262229,13.22,13.22,36.60128687892702,29.487460761138767,10.179400000000001,1.4551416304827605,8.72425836951724,1.4925749251040954,1.4070503818956306,0.08552454320846481,0.09841550795619765,2.065501513459248
2025-08-10,12.28,15.96,8.77,91.4,3.27,2.4458000157991773,15.52,15.52,36.63710681678419,29.516318735874016,11.9504,2.084674942672186,9.865725057327815,1.4719949452046706,1.345403379917069,0.12659156528760152,0.09684087658882821,2.360261950012891
2025-08-11,12.62,15.95,9.38,91.02,3.5,2.6178287630878043,15.8,15.8,36.67252390947004,29.544852162425443,12.166,2.1521833412439824,10.013816658756017,1.4951776217581711,1.3609106713242871,0.13426695043388404,0.09809857934892854,2.400810187384856
2025-08-12,13.01,17.29,9.55,90.09,3.26,2.4383205050474976,19.78,19.78,36.70748090821707,29.573014918896003,15.2306,3.164045818942109,12.066554181057892,1.582524846756153,1.4256966344426183,0.15682821231353472,0.10350613478680332,2.961626527894666
2025-08-13,12.28,15.52,9.66,92.38,2.54,1.8997957309265778,13.47,13.47,36.741920850742154,29.60076111419191,10.3719,1.5234603004253375,8.848439699574662,1.4817733458577136,1.3688622169033555,0.11291112895435806,0.09748418646836438,2.1751007077693583
2025-08-14,12.22,15.91,8.65,90.33,2.79,2.086783499718564,17.51,17.51,36.77578713409737,29.628045146714207,13.482700000000001,2.6113197492999665,10.871380250700035,1.464528129490887,1.3229082593691184,0.14161987012176858,0.09639598562509744,2.643095394060019
2025-08-15,12.74,16.89,9.19,90.96,2.83,2.1167015427252815,12.5,12.5,36.80902358761094,29.654821763122875,9.625,1.2559634444769725,8.369036555523028,1.5435713575587076,1.4040325068354003,0.1395388507233073,0.10117650769982678,2.120754600907388
2025-08-16,12.74,17.0,9.65,90.56,1.83,1.3687504675573376,12.47,12.47,36.8415745458223,29.681046117096276,9.6019,1.2431293647591666,8.358770635240834,1.5685935200777732,1.4205182917824315,0.1480752282953417,0.10281663596884351,2.1992413963827593
2025-08-17,12.85,17.45,8.88,89.19,2.45,1.8324801341614632,14.77,14.77,36.87338492131364,29.70667382800712,11.3729,1.8499057035173543,9.522994296482645,1.5662350162528713,1.396925010995936,0.1693100052569354,0.10257177449044091,2.464906747794387
2025-08-18,12.87,16.87,9.57,90.1,3.4,2.54303365557101,15.56,15.56,36.90440027733773,29.731661039434368,11.981200000000001,2.049666318692887,9.931533681307114,1.5574238540411103,1.4032388924910402,0.1541849615500701,0.1019784294428994,2.464247761816614
2025-08-19,12.76,16.9,9.5,88.91,2.53,1.8923162201748984,16.95,16.95,36.93456690014071,29.755964477429362,13.051499999999999,2.4242018808097034,10.627298119190296,1.55645206952244,1.3838415350124011,0.17261053451003883,0.10200448126798059,2.7145705502649915
2025-08-20,13.29,18.1,9.17,88.51,2.71,2.026947413705128,22.56,22.56,36.963831870876525,29.779541508452965,17.371199999999998,3.852593675018696,13.518606324981302,1.619157370452105,1.433116188587158,0.186041181864947,0.10566558041124588,3.421036489502941
2025-08-21,13.02,17.17,9.65,90.05,2.98,2.2288942040004733,18.93,18.93,36.99214313700857,29.802350196899585,14.5761,2.907061563223613,11.669038436776386,1.5790807087884229,1.4219621782639749,0.15711853052444802,0.10327261681294277,2.8981604651560144
2025-08-22,13.29,17.32,9.29,89.22,2.75,2.0568654567118463,15.77,15.77,37.01944958309306,29.824349362123098,12.1429,2.0937940415172873,10.049105958482713,1.5740612212902358,1.4043774216351483,0.1696837996550875,0.10272262325188682,2.5678390298963523
2025-08-23,12.74,16.43,9.55,88.24,3.11,2.326127843772306,19.38,19.38,37.04570110083742,29.84549863487866,14.9226,3.072365285854241,11.850234714145758,1.5301265593285893,1.350183675951547,0.17994288337704223,0.1002952411973156,2.9393208603500995
2025-08-24,12.71,17.61,7.82,88.47,3.39,2.53555414481933,19.83,19.83,37.07084865832645,29.86575851309412,15.2691,3.168004617806702,12.101095382193298,1.536802236006291,1.3596089381947656,0.17719329781152537,0.10075698829018606,2.9696206594402033
2025-08-25,12.88,16.66,10.39,91.01,3.4,2.54303365557101,14.23,14.23,37.09484436830881,29.885090416884314,10.9571,1.6711922411955715,9.285907758804429,1.5783976888458122,1.4364997366185739,0.14189795222723833,0.10334351143250307,2.310012495641892
2025-08-26,12.64,16.74,9.29,92.24,4.35,3.2535871769805564,12.75,12.75,37.11764155543567,29.903456742721193,9.8175,1.2864529477970597,8.531047052202942,1.538389219930275,1.4190102164636857,0.11937900346658936,0.1009175389782476,2.0267756438642848
2025-08-27,12.02,15.9,8.95,90.78,3.87,2.894570660899944,14.63,14.63,37.13919482234378,29.920820916673044,11.2651,1.8015085521421401,9.46359144785786,1.475446734723598,1.3394105457820822,0.1360361889415158,0.0972705235039774,2.2578619837137333
2025-08-28,11.44,15.68,7.86,87.25,4.41,3.2984642414906333,15.62,15.62,37.1594601144754,29.937147446625964,12.0274,2.1101996658662086,9.917200334133792,1.4220178942413444,1.240710612725573,0.18130728151577147,0.094185870391356,2.4045509690734455
2025-08-29,12.18,17.42,6.94,88.31,3.06,2.288730290013909,19.01,19.01,37.17839478352809,29.95240197340157,14.637700000000002,2.9578499722340843,11.679850027765918,1.493823928361161,1.3191959111357412,0.17462801722541976,0.09835578186087117,2.877043483493267
2025-08-30,12.59,17.32,8.82,87.93,2.64,1.9745908384433726,20.49,20.49,37.19595764942797,29.96655132068515,15.777299999999999,3.3285182194164094,12.44878178058359,1.555774945064921,1.367992909195585,0.18778203586933606,0.10209887884505743,3.1477099947409597
2025-08-31,12.34,16.62,8.97,89.23,3.61,2.700103381356278,16.56,16.56,37.2121090607216,29.979563543679753,12.751199999999999,2.298987657587147,10.452212342412853,1.5186456085802928,1.3550874765361953,0.16355813204409753,0.09986195060740116,2.56384234493962
2025-09-01,12.86,17.23,9.14,90.87,3.33,2.490677080309254,14.3,14.3,37.22681095328254,29.991407976402545,11.011000000000001,1.6784580173096901,9.33254198269031,1.5625588219484081,1.4198972015045186,0.14266162044388953,0.10232284168871568,2.3182942637908446
2025-09-02,13.09,17.29,9.41,89.13,3.38,2.528074634067651,15.82,15.82,37.24002690723034,30.00205527754105,12.1814,2.0828150271179977,10.098584972882001,1.576938995587508,1.405525726767146,0.171413268820362,0.10307489155796477,2.5450925784490077
2025-09-03,12.66,16.8,9.93,88.95,3.2,2.393443440537421,17.64,17.64,37.25172220196196,30.011477474788634,13.5828,2.5621529414120796,11.02064705858792,1.5677600725490481,1.3945225845323785,0.1732374880166696,0.10282779469880805,2.7615041384093195
2025-09-04,12.52,16.6,9.1,90.51,3.23,2.415881972792459,13.66,13.66,37.26186386919718,30.019648007580017,10.5182,1.524720926216359,8.993479073783641,1.5224957413391627,1.3780108954860761,0.14448484585308652,0.09997090704935907,2.2363730012560037
2025-09-05,12.58,16.82,8.85,90.4,2.98,2.2288942040004733,12.5,12.5,37.27042074394258,30.0265417681499,9.625,1.2222806822182097,8.40271931778179,1.5261071926227059,1.3796009021309263,0.14650629049177954,0.10015992685882288,2.125752013047327
2025-09-06,13.01,16.94,9.08,88.07,2.74,2.049385945960167,14.21,14.21,37.27736351328091,30.032135140839635,10.9417,1.6809718691782682,9.260728130821732,1.5423268119861344,1.3583272233161885,0.18399958866994592,0.1008769544528586,2.4000003093202666
2025-09-07,13.09,17.55,9.7,90.78,2.93,2.1914966502420765,14.64,14.64,37.2826647628958,30.036406039579372,11.2728,1.7488935933163268,9.523906406683674,1.6049009334778273,1.4569290674111715,0.1479718660666558,0.10490259302508552,2.416958228803255
2025-09-08,12.62,16.78,9.65,89.53,3.0,2.243853225503832,15.81,15.81,37.286299021245064,30.039333943475874,12.1737,2.0800960662725116,10.093603933727488,1.5551679570361068,1.3923418719344263,0.1628260851016805,0.10203454426693695,2.54397032783257
2025-09-09,12.43,17.33,7.3,87.78,3.47,2.595390230832766,18.8,18.8,37.288242801298885,30.040899930438435,14.476,2.894905514815192,11.58109448518481,1.500655229522282,1.317275160474659,0.18338006904762283,0.09860784000754869,2.8431464234797748
2025-09-10,12.99,16.92,9.54,90.05,3.56,2.6627058275978808,16.74,16.74,37.2884746397636,30.041086708779147,12.8898,2.312365016516365,10.577434983483634,1.5592736619002943,1.404125932541215,0.15514772935907928,0.10200167432559014,2.59451830977298
2025-09-11,13.0,17.38,8.69,89.97,3.63,2.715062402859637,16.43,16.43,37.286975133714705,30.039878646725917,12.6511,2.231392902573554,10.419707097426446,1.5545627221327605,1.3986400811028445,0.15592264102991593,0.10168537723249961,2.554564410619455
2025-09-12,12.88,17.1,9.73,89.48,3.02,2.258812247007191,16.7,16.7,37.2837269745678,30.0372617997908,12.859,2.302385565288042,10.556614434711959,1.5779822706836297,1.4119785358077117,0.16600373487591802,0.10331631247504378,2.6623720568122238
2025-09-13,12.55,17.18,9.03,86.32,2.95,2.2064556717454353,18.67,18.67,37.27871497932,30.033223935939365,14.375900000000001,2.8673429324212547,11.508557067578746,1.5551664874005557,1.3424197119241597,0.2127467754763961,0.1020916294482309,2.953804399467399
2025-09-14,12.38,16.91,7.71,89.88,3.66,2.7375009351146753,14.64,14.64,37.271926118998934,30.027754558510303,11.2728,1.7893166941994936,9.483483305800506,1.4892343937395833,1.3385238730931375,0.15071052064644586,0.09789657556842274,2.312280655661949
2025-09-15,12.55,16.36,9.8,88.6,3.45,2.580431209329407,15.03,15.03,37.26334954426144,30.020844926838784,11.5731,1.8965388439816662,9.676561156018334,1.536061410267168,1.3609504094967106,0.17511100077045727,0.10083744317873258,2.4398433978730965
2025-09-16,12.99,17.42,9.08,89.26,2.91,2.1765376287387173,17.56,17.56,37.252976608088645,30.012488074540535,13.521199999999999,2.5306632378024663,10.990536762197532,1.572094729939888,1.403251755944344,0.16884297399554393,0.1028403791909613,2.7687389607571804
2025-09-17,12.83,15.81,10.51,92.38,2.81,2.101742521221923,16.51,16.51,37.24080088552957,30.002678825418048,12.712700000000002,2.245592369658549,10.467107630341452,1.5334508074757345,1.4166018559460836,0.11684895152965091,0.10044081693575885,2.5467430360091297
2025-09-18,12.81,16.61,10.11,89.61,2.49,1.8623981771681808,14.14,14.14,37.22681819045029,29.99141380695437,10.8878,1.651028167905185,9.236771832094815,1.5636984597233738,1.4012301897581154,0.16246826996525843,0.10243841496989153,2.3847539888415605
2025-09-19,13.19,17.72,9.3,87.94,2.98,2.2288942040004733,18.18,18.18,37.211026589251105,29.97869146136426,13.9986,2.7030174888926872,11.295582511107312,1.5997334680146622,1.406805611772094,0.19292785624256825,0.10448135574070559,2.8896744333193753
2025-09-20,13.29,16.88,10.62,88.62,3.36,2.5131156125642917,18.19,18.19,37.193426411520086,29.964512054177042,14.006300000000001,2.703931463281494,11.302368536718507,1.6014821506877694,1.4192334819395014,0.18224866874826806,0.1045121024421629,2.843792471236785
2025-09-21,13.6,18.46,9.08,85.5,2.57,1.9222342631816163,21.26,21.26,37.174020257596155,29.948877680329765,16.3702,3.5284190600632788,12.841780939936722,1.6393637152196834,1.4016559765128291,0.23770773870685424,0.1067200327520847,3.37074197303572
2025-09-22,14.34,19.71,10.06,86.82,2.38,1.7801235588997069,21.12,21.12,37.15281300302123,29.931792267754023,16.2624,3.396182474629482,12.866217525370518,1.7647707013748708,1.5321739229336626,0.23259677844120819,0.11420914651474659,3.4560001465153696
2025-09-23,13.23,17.78,9.88,87.88,3.45,2.580431209329407,16.7,16.7,37.12981179986646,29.913261578444416,12.859,2.3200938608243895,10.53890613917561,1.6268668881778918,1.4296906213307312,0.1971762668471606,0.10621955979731784,2.71416257400352
2025-09-24,12.83,16.89,10.08,90.27,3.41,2.5505131663226894,16.58,16.58,37.105026074923146,29.893293207001083,12.766599999999999,2.2832408351241993,10.4833591648758,1.5794119076679567,1.4257351290518645,0.1536767786160922,0.10345126267556856,2.5951275168800723
2025-09-25,12.64,18.44,8.68,83.35,3.07,2.2962098007655882,21.28,21.28,37.07846752475522,29.871896576643795,16.3856,3.5976712488847946,12.787928751115206,1.622631873296473,1.3524636663926102,0.2701682069038629,0.10644381356765197,3.378743577987229
2025-09-26,12.76,17.44,8.76,88.06,2.78,2.0793039889668843,16.57,16.57,37.05015010761545,29.849082932699314,12.7589,2.3157713421053416,10.44312865789466,1.5610017772546119,1.3746181650504112,0.18638361220420063,0.10230265336478246,2.6805680115126647
2025-09-27,12.62,16.28,9.92,93.24,2.55,1.9072752416782572,17.49,17.49,37.02009003223409,29.824865333569072,13.4673,2.5094377773009504,10.957862222699049,1.5362285490215113,1.432379499107657,0.10384904991385424,0.10079193001635928,2.667221749920331
2025-09-28,12.81,17.0,9.3,87.79,2.68,2.00450888145009,15.6,15.6,36.98830574349357,29.79925863918816,12.012,2.0759938001300617,9.936006199869938,1.5546328453383267,1.364812174922517,0.18982067041580963,0.10184452350535893,2.5734325575786707
2025-09-29,12.98,16.19,9.72,90.94,3.1,2.3186483330206267,15.81,15.81,36.954817905009854,29.77227949699214,12.1737,2.1142339668238237,10.059466033176177,1.5227913257420487,1.384826431629819,0.13796489411222956,0.09962310093294705,2.4618078920110142
2025-09-30,12.58,15.47,9.93,90.91,2.7,2.019467902953449,13.01,13.01,36.919649378645246,29.743946325411756,10.0177,1.3949155774503434,8.622784422549657,1.4899261847418086,1.3544918945487783,0.13543429019303033,0.09778533146962134,2.1532611340837144
2025-10-01,12.51,15.98,9.74,89.43,3.33,2.490677080309254,13.48,13.48,36.882825200984904,29.71427929492148,10.3796,1.527332024580739,8.852267975419261,1.5113482780016154,1.3515987650168446,0.1597495129847708,0.09924688182738861,2.225334639941129
2025-10-02,12.54,16.95,9.28,88.92,3.43,2.5654721878260482,17.94,17.94,36.84437255681331,29.68330030667108,13.8138,2.6970678983152983,11.116732101684702,1.5507781120290458,1.3789518972162276,0.17182621481281823,0.1018116965189939,2.7534239236048696
2025-10-03,12.68,16.85,9.04,88.66,3.1,2.3186483330206267,12.8,12.8,36.804320749633284,29.651032968734558,9.856000000000002,1.352501456749518,8.503498543250483,1.535276336170713,1.3611759996489539,0.17410033652175905,0.10068110714282505,2.197380697862475
2025-10-04,13.1,18.24,8.35,87.44,2.77,2.071824478215205,15.79,15.79,36.76270116927547,29.617502570015095,12.158299999999999,2.1345010178482995,10.0237989821517,1.5969765233785822,1.3963962720422323,0.20058025133634994,0.10437628536841739,2.6265475349661602
2025-10-05,13.27,17.12,10.4,90.57,3.03,2.2662917577588706,15.79,15.79,36.719547256651076,29.582736051848375,12.158299999999999,2.108634803312209,10.04966519668779,1.6068909230095163,1.4553611089697187,0.1515298140397976,0.10488181773338241,2.5345914962090097
2025-10-06,12.91,17.97,8.3,87.5,2.6,1.9446727954366547,15.95,15.95,36.67489446570586,29.54676197735127,12.2815,2.19355163446244,10.08794836553756,1.5774925828320345,1.3803060099780302,0.19718657285400432,0.10325948487664553,2.6358891167817307
2025-10-07,12.84,17.35,9.74,88.69,2.7,2.019467902953449,14.75,14.75,36.628780222638646,29.509610498566598,11.3575,1.8692195190684624,9.488280480931538,1.5939298694574042,1.4136564012217718,0.1802734682356324,0.1043938398420518,2.474184280593993
2025-10-08,12.34,15.31,10.08,91.88,2.88,2.154099096483679,15.74,15.74,36.58124388245171,29.471313321458396,12.1198,2.1430077806507715,9.976792219349228,1.487120951683453,1.3663667304067564,0.12075422127669655,0.09778897603574287,2.4140850135936254
2025-10-09,12.85,17.16,8.26,87.65,3.01,2.251332736255512,15.44,15.44,36.53232668290549,29.43190366881598,11.8888,2.0927069745573825,9.796093025442618,1.5246892724225236,1.336390147278342,0.18829912514418168,0.09985096910492523,2.5059583727943786
2025-10-10,13.18,16.87,10.01,90.63,2.9,2.1690581179870376,14.43,14.43,36.48207169595421,29.391416241128553,11.1111,1.7887132783844588,9.322386721615542,1.5753044225226156,1.4276983981322464,0.14760602439036918,0.10289406784673966,2.357153299099362
2025-10-11,13.14,18.37,8.18,88.15,2.14,1.6006153008594004,14.64,14.64,36.43052377674291,29.34988717549516,11.2728,1.8582628976309317,9.414537102369069,1.599244860872227,1.4097343448588682,0.18951051601335878,0.10449115450202287,2.500506617492975
2025-10-12,13.41,17.93,10.64,88.86,1.89,1.4136275320674143,15.83,15.83,36.3777295102509,29.307354002638537,12.1891,2.1539277580948486,10.035172241905151,1.668275911385303,1.4824299748569802,0.1858459365283227,0.10876684202516754,2.6933922878977588
2025-10-13,13.14,17.14,10.05,89.87,2.83,2.1167015427252815,15.55,15.55,36.32373715566943,29.263855602093518,11.973500000000001,2.1022168464628135,9.871283153537188,1.5935354898813627,1.4321103447563808,0.16142514512498196,0.10411811671343159,2.5196208107180422
2025-10-14,11.86,15.62,9.08,89.59,2.95,2.2064556717454353,13.24,13.24,36.26859658860579,29.21943215564437,10.1948,1.532933794256152,8.661866205743848,1.4644499557990498,1.3120007154003688,0.15244924039868102,0.09666958293825359,2.1703772484478545
2025-10-15,12.54,17.02,8.19,87.8,2.45,1.8324801341614632,16.7,16.7,36.212359241208254,29.174125099087018,12.859,2.4725664936062084,10.386433506393791,1.5134584536243514,1.3288165222821806,0.18464193134217077,0.09936158601883996,2.6606720401837696
2025-10-16,12.62,15.51,10.2,91.92,1.58,1.1817626987653516,14.41,14.41,36.15507804031012,29.12797707239545,11.0957,1.8305261769944468,9.265173823005554,1.503334824579145,1.38186537075315,0.12146945382599483,0.09863377329281438,2.374848681693928
2025-10-17,13.62,17.72,10.26,90.58,2.41,1.8025620911547453,15.41,15.41,36.09680734369299,29.08103186837282,11.8657,2.065651539307768,9.800048460692231,1.638726112359143,1.4843581125749117,0.15436799978423132,0.10666152049137266,2.541414911921538
2025-10-18,13.32,16.95,10.36,90.32,3.2,2.393443440537421,13.63,13.63,36.03760287457232,29.033334379870446,10.4951,1.6205209811698504,8.87457901883015,1.5947498579187123,1.440378071672181,0.15437178624653125,0.10404784145455544,2.260200820017744
2025-10-19,12.63,17.04,7.47,89.97,3.04,2.27377126851055,16.52,16.52,35.977521654410346,28.98493054565915,12.7204,2.4329421077068654,10.287457892293133,1.488650764821436,1.3393390931098461,0.14931167171158988,0.09766253671162756,2.5203065430028606
2025-10-20,12.86,16.94,9.59,88.0,2.86,2.13914007498032,16.62,16.62,35.916621934162904,28.935867295039003,12.797400000000001,2.470828264936191,10.32657173506381,1.5625018769729102,1.375001651736161,0.18750022523674925,0.10231911269520133,2.65128271855776
2025-10-21,13.0,16.96,9.08,90.22,2.21,1.6529718761211565,15.44,15.44,35.85496312406901,28.886192491274958,11.8888,2.138406652021714,9.750393347978285,1.5435513856452339,1.3925920601291297,0.15095932551610414,0.10096511558681188,2.493855247081316
2025-10-22,13.67,17.56,10.57,92.56,2.8,2.094263010470243,16.54,16.54,35.792605722092695,28.83595487394676,12.7358,2.3728972627183746,10.362902737281624,1.6416176438360275,1.519481291134627,0.12213635270140055,0.10680715423654234,2.589951014841307
2025-10-23,13.18,16.76,10.66,92.19,2.52,1.8848367094232192,16.53,16.53,35.72961124112793,28.785204000302304,12.728100000000001,2.4046844976446953,10.323415502355306,1.5958963694885764,1.4712568630315186,0.12463950645705779,0.10423907085563053,2.5894329950606543
2025-10-24,12.94,17.31,9.31,89.9,1.92,1.4360660643224528,14.67,14.67,35.66604213507833,28.733990185704506,11.2959,1.9452058094866869,9.350694190513313,1.574225930832626,1.415229111818531,0.15899681901409513,0.10302095066345165,2.447530272117228
2025-10-25,13.83,18.25,9.77,90.35,2.02,1.510861171839247,15.48,15.48,35.601961723923694,28.682364443261886,11.9196,2.1351622934592545,9.784437706540746,1.652910977162224,1.493405067866069,0.15950590929615482,0.10740493203921464,2.5795588993766585
2025-10-26,14.26,17.49,11.34,92.16,2.66,1.9895498599467312,15.75,15.75,35.53743411788558,28.63037842273334,12.1275,2.1908709724679767,9.936629027532023,1.6707015612158203,1.5397185588164999,0.13098300239932037,0.10819013442400911,2.529300959801731
2025-10-27,14.06,17.61,10.25,91.68,2.54,1.8997957309265778,14.59,14.59,35.47252414080444,28.578084348797688,11.2343,1.908899228783441,9.325400771216557,1.6313013360894737,1.4955770649268296,0.13572427116264407,0.10580685620344142,2.3851254916506663
2025-10-28,13.63,18.36,8.68,89.58,2.87,2.1466195857319996,14.28,14.28,35.407297252840344,28.525534958778294,10.9956,1.853521935444283,9.142078064555717,1.6173254485511133,1.4488001368120873,0.16852531173902596,0.1052602024714261,2.3717974922772216
2025-10-29,13.2,16.5,10.46,92.3,3.03,2.2662917577588706,15.81,15.81,35.34181947260871,28.472783439912483,12.1737,2.268211418949339,9.905488581050662,1.5717535269859833,1.4507285054080625,0.12102502157792072,0.10264574170761964,2.4281768120494283
2025-10-30,13.05,17.36,8.94,89.88,2.13,1.5931357901077208,17.64,17.64,35.27615729886215,28.419883366255306,13.5828,2.8019248666596903,10.78087513334031,1.5628980167299742,1.4047327374369007,0.15816527929307345,0.10218976552553899,2.763532773662396
2025-10-31,13.04,17.08,10.65,89.66,2.72,2.034426924456808,13.8,13.8,35.21037763182792,28.366888635305845,10.626000000000001,1.7522634671200277,8.873736532879974,1.6150295742084602,1.4480355162353051,0.16699405797315503,0.10560681325927329,2.3185809924921084
2025-11-01,13.04,17.26,10.25,89.47,3.0,2.243853225503832,17.98,17.98,35.14454769431013,28.31385340444401,13.8446,2.9018032678345658,10.942796732165434,1.6092872113450802,1.4398292679904432,0.16945794335463704,0.10523132004709655,2.773581502907341
2025-11-02,13.32,17.62,10.12,90.22,2.94,2.1989761609937557,13.45,13.45,35.078734952663446,28.260832027263778,10.3565,1.6604354872460163,8.696064512753985,1.626529400796334,1.4674548253984525,0.1590745753978815,0.10612126558587621,2.256586831104716
2025-11-03,13.52,18.2,9.91,87.59,2.33,1.7427260051413098,16.87,16.87,35.01300703774454,28.207878989888513,12.9899,2.6192697188775385,10.370630281122462,1.6553321348777117,1.449905416939388,0.2054267179383238,0.10782830368744972,2.7656079397796263
2025-11-04,13.72,17.72,10.41,89.15,2.46,1.8399596449131423,18.78,18.78,34.94743166594474,28.155048847351722,14.460600000000001,3.1342442011634493,11.326355798836552,1.6450204449509647,1.466535726673785,0.1784847182771796,0.10698591454155791,2.9359303015993183
2025-11-05,13.04,16.76,9.87,90.06,2.51,1.8773571986715394,18.53,18.53,34.882076560406,28.10239616012549,14.2681,3.1046742546053254,11.163425745394676,1.5628798751339987,1.4075296155456791,0.1553502595883196,0.10219674348740353,2.8138257530332065
2025-11-06,13.5,18.32,10.11,88.04,2.43,1.8175211126581043,13.58,13.58,34.81700937252021,28.049975430877183,10.4566,1.7296097583417906,8.726990241658209,1.6714643560932458,1.4715572191044939,0.19990713698875195,0.10889652205875998,2.3693756223307334
2025-11-07,13.72,18.67,9.35,87.94,1.96,1.4659841073291702,19.33,19.33,34.752297603809076,27.997841041532745,14.884099999999998,3.317092458586531,11.567007541413467,1.6640246451288654,1.4633432729263243,0.20068137220254112,0.10822187591966963,3.077388568980978
2025-11-08,14.24,19.04,10.03,89.26,2.41,1.8025620911547453,17.94,17.94,34.68800852827993,27.946047190723444,13.8138,2.8970005545322564,10.916799445467744,1.7166581187096828,1.532289036760263,0.1843690819494197,0.11118383573395689,2.8872176564887497
2025-11-09,13.52,17.31,10.68,91.22,3.53,2.6402672953428423,14.34,14.34,34.62420911535006,27.894647831690627,11.0418,1.9425958830394228,9.099204116960578,1.6305884287986272,1.487422764750108,0.14316566404851927,0.10621649914548954,2.2844626293735537
2025-11-10,13.6,17.18,11.27,89.73,3.14,2.3485663760273443,14.18,14.18,34.56096595342947,27.843696610720922,10.9186,1.917270653236266,9.001329346763734,1.6482021006926404,1.4789317449515063,0.16927035574113414,0.10729539792479938,2.341769127873996
2025-11-11,13.73,17.16,10.81,92.24,2.13,1.5931357901077208,16.59,16.59,34.498345174249344,27.793246806182243,12.7743,2.56204650605535,10.212253493944651,1.6268456194700642,1.5006023993991873,0.12624322007087696,0.10579546314657576,2.6167589734148886
2025-11-12,14.35,17.58,11.88,91.89,2.02,1.510861171839247,15.52,15.52,34.43641237802044,27.74335126822839,11.9504,2.252841922494263,9.697558077505738,1.7008066370717316,1.5628712188052143,0.13793541826651734,0.11006089155851066,2.551503164314793
2025-11-13,14.25,17.47,12.31,92.84,3.06,2.288730290013909,13.92,13.92,34.37523255950329,27.69406235923823,10.7184,1.813071366716358,8.905328633283643,1.7138477175696116,1.5911362209916273,0.1227114965779843,0.1109929875297942,2.266091181299141
2025-11-14,14.16,18.34,10.62,90.75,2.79,2.086783499718564,13.64,13.64,34.31487003506808,27.64543189505225,10.5028,1.7672106101197327,8.735589389880268,1.694224979815305,1.5375091691823894,0.15671581063291562,0.10980072617515745,2.293410418032056
2025-11-15,13.26,15.67,11.3,93.14,2.0,1.4959021503358882,12.15,12.15,34.255388370820285,27.597511087067655,9.355500000000001,1.3856476064849421,7.969852393515059,1.559717383562313,1.4527207710499384,0.10699661251237469,0.10181092561217085,2.0361078692450154
2025-11-16,13.4,16.89,10.68,91.94,2.09,1.5632177471010031,12.7,12.7,34.196850311864154,27.550350485250238,9.779,1.5394293154997423,8.239570684500258,1.6046569233095491,1.4753215752907993,0.1293353480187498,0.10462741136501134,2.142923763675657
2025-11-17,12.75,16.34,10.16,91.5,2.17,1.6230538331144386,14.37,14.37,34.139317712773526,27.503999922118865,11.0649,2.032969823809723,9.031930176190276,1.549671371341901,1.4179493047778393,0.1317220665640617,0.10156822112496693,2.306457375525074
2025-11-18,13.08,17.24,9.78,88.21,2.6,1.9446727954366547,15.37,15.37,34.08285146933632,27.458508457756114,11.8349,2.343256343240904,9.491643656759095,1.588687211133328,1.4013809889407085,0.1873062221926194,0.10385109579081422,2.4872292696337674
2025-11-19,13.7,17.83,10.3,89.46,2.56,1.9147547524299369,16.52,16.52,34.02751145163569,27.413924325895778,12.7204,2.6328363110615207,10.087563688938479,1.6474489590381671,1.4738078387555442,0.1736411202826229,0.10716093132074743,2.631482878038706
2025-11-20,13.58,18.34,9.31,89.32,2.08,1.5557382363493237,16.32,16.32,33.973356438528285,27.370294881135926,12.5664,2.5842191681164,9.9821808318836,1.6404271743250973,1.4652295521071768,0.17519762221792057,0.10680628931671117,2.638757500310599
2025-11-21,13.98,18.17,10.38,87.72,1.59,1.1892422095170312,15.07,15.07,33.92044405357661,27.32766654732346,11.603900000000001,2.252135806659789,9.351764193340212,1.6728691842811303,1.4674408484514074,0.20542833582972286,0.1085720626024185,2.5600145166118917
2025-11-22,13.81,18.44,9.56,89.85,2.16,1.6155743223627594,17.93,17.93,33.86883070248946,27.28608476715361,13.8061,3.0337127062165288,10.772387293783472,1.657004819934416,1.4888188307110726,0.1681859892233435,0.10768809879604646,2.821032609497353
2025-11-23,13.85,17.8,10.18,89.95,2.99,2.236373714752153,15.63,15.63,33.818571512121935,27.245593953025917,12.035100000000002,2.406949363967301,9.6281506360327,1.640514626907727,1.4756429069035004,0.16487172000422667,0.10658244923945694,2.4786649800711915
2025-11-24,13.09,16.29,10.57,91.37,2.8,2.094263010470243,13.49,13.49,33.76972027108286,27.206237439195196,10.3873,1.8248783040491885,8.56242169595081,1.5639514509282686,1.428982440713159,0.13496901021510954,0.1022259749155955,2.165270554787136
2025-11-25,13.07,17.05,10.21,91.5,2.88,2.154099096483679,12.48,12.48,33.7223293719956,27.168057435254536,9.6096,1.5324870823080319,8.077112917691968,1.5946138877176574,1.4590717072616564,0.13554218045600108,0.10424684438819434,2.065838504335987
2025-11-26,13.17,17.9,9.36,88.46,2.83,2.1167015427252815,14.92,14.92,33.676449755454335,27.13109498098423,11.4884,2.251108786421679,9.23729121357832,1.6136645366972993,1.4274476491624306,0.18621688753486865,0.10540804952175649,2.4273392440917374
2025-11-27,13.23,17.35,9.69,88.4,2.18,1.6305333438661183,14.93,14.93,33.63213085571644,27.095389902599393,11.4961,2.271041218831497,9.225058781168503,1.5919070132636868,1.4072457997250993,0.18466121353858744,0.10393699903531521,2.442592689066953
2025-11-28,12.64,15.11,10.81,91.75,1.89,1.4136275320674143,11.33,11.33,33.58942054816783,27.06098077042593,8.7241,1.2407600283273068,7.483339971672693,1.5068438117446203,1.3825291972756892,0.1243146144689311,0.09884817647952648,1.9300790560843268
2025-11-29,13.61,17.64,10.13,88.61,1.27,0.9498978654632889,14.14,14.14,33.548365098596555,27.02790485803333,10.8878,2.039898461393009,8.84790153860699,1.6282154332501948,1.4427616954029974,0.18545373784719743,0.10598584828176214,2.411193592583287
2025-11-30,13.55,17.59,10.96,90.88,0.94,0.7030740106578675,14.22,14.22,33.50900911430707,26.996198102850347,10.9494,2.032255095382403,8.917144904617597,1.6603026591084213,1.5088830565977331,0.1514196025106882,0.10812621654087975,2.43995700297133
2025-12-01,11.64,15.04,8.38,90.63,0.79,0.5908813493826758,13.78,13.78,33.471395497105284,26.965895068287903,10.6106,1.9989342313258947,8.611665768674104,1.4052970883410403,1.2736207511634847,0.13167633717755556,0.09292888580160555,2.2438943049379945
2025-12-02,13.52,17.4,10.71,89.5,1.09,0.8152666719330591,16.49,16.49,33.43556539818266,26.93702890739188,12.697299999999998,2.712706328004836,9.984593671995162,1.6375098665006833,1.4655713305181115,0.1719385359825718,0.10666736146536242,2.7094311118563366
2025-12-03,13.2,16.8,10.64,92.19,1.22,0.9125003117048918,15.4,15.4,33.401558174925114,26.909631328046668,11.858,2.38885554391916,9.46914445608084,1.5974675918815109,1.472705372955565,0.12476221892594586,0.10432503761388093,2.509875114568609
2025-12-04,13.73,17.59,11.37,91.35,1.31,0.9798159084700068,13.42,13.42,33.36941134967072,26.88373255974872,10.333400000000001,1.8129290296719456,8.520470970328056,1.6783641079928082,1.5331856126514303,0.14517849534137794,0.10914576405321659,2.3124796671609205
2025-12-05,13.11,16.66,10.66,89.71,1.27,0.9498978654632889,13.17,13.17,33.3391605704385,26.859361321968073,10.1409,1.7898610955579006,8.351038904442099,1.589854636592939,1.4262585944875255,0.16359604210541345,0.10390250912600396,2.2521652160714924
2025-12-06,14.34,18.45,11.6,90.24,1.34,1.002254440725045,17.63,17.63,33.310839573648586,26.836544794114246,13.575099999999999,2.9862756774018173,10.588824322598182,1.74455639116098,1.5742876873836684,0.17026870377731163,0.11290095439941161,2.892955393376342
2025-12-07,13.07,15.77,11.09,93.41,1.46,1.0920085697451982,14.68,14.68,33.28448014885229,26.815308587121358,11.3036,2.2040138921260475,9.099586107873952,1.5561669305287165,1.453615529806874,0.10255140072184243,0.10173339960124869,2.351943129945345
2025-12-08,13.61,18.15,10.55,87.8,1.06,0.7928281396780208,18.26,18.26,33.26011210548971,26.79567671666673,14.060200000000002,3.250156056806445,10.810043943193557,1.6787481934778317,1.4739409138735362,0.20480727960429546,0.1092751903119221,2.971730121388409
2025-12-09,13.7,18.37,9.99,88.86,2.15,1.6080948116110796,15.55,15.55,33.23776324169026,26.777671578035342,11.973500000000001,2.461062802277503,9.512437197722498,1.6698191318202302,1.4838012805354566,0.18601785128477366,0.10861603470102543,2.5487580927021787
2025-12-10,13.41,17.59,9.25,91.04,2.58,1.9297137739332957,14.1,14.1,33.217459315130924,26.761313922642078,10.857,2.052757665620711,8.804242334379289,1.5894860259459866,1.4470680780212262,0.14241794792476048,0.10362996570616403,2.2562712389281825
2025-12-11,14.01,18.11,10.97,90.61,3.07,2.2962098007655882,14.61,14.61,33.199224015965136,26.74662283622215,11.2497,2.1693204894735874,9.080379510526413,1.6942032922133223,1.5351176030744913,0.15908568913883103,0.10993043210950285,2.362727453186368
2025-12-12,13.44,17.11,10.42,91.68,2.8,2.094263010470243,15.17,15.17,33.183078941834914,26.73361571869988,11.6809,2.353163920093635,9.327736079906364,1.6071159513509554,1.473403904198556,0.13371204715239937,0.10475431533598117,2.3554807249515615
2025-12-13,13.4,17.58,10.23,90.51,2.82,2.1092220319736024,16.73,16.73,33.16904357497679,26.722308265744303,12.882100000000001,2.8061003042666304,10.07599969573337,1.628563107538536,1.474012468633129,0.154550638905407,0.10618615089067596,2.5718679156034745
2025-12-14,12.8,16.86,9.66,88.7,1.94,1.4510250858258114,18.16,18.16,33.15713526143225,26.71271445202028,13.9832,3.2871505716734504,10.69604942832655,1.5604341416897438,1.384105083678803,0.1763290580109409,0.10223274325047381,2.784131560204386
2025-12-15,14.18,18.85,10.6,86.7,2.06,1.540779214845965,20.01,20.01,33.14736919237164,26.70484651614229,15.407700000000002,3.7623289033908573,11.645371096609145,1.7275649796386738,1.4977988373467304,0.22976614229194348,0.11194364461100773,3.157668975026696
2025-12-16,13.52,17.48,10.73,89.87,1.85,1.3837094890606967,18.55,18.55,33.1397583875402,26.698714947337887,14.2835,3.3372995130451852,10.946200486954815,1.6434014045479035,1.476924842267201,0.1664765622807025,0.10705113614136649,2.883347959867585
2025-12-17,13.86,18.79,9.85,87.36,2.07,1.548258725597644,17.74,17.74,33.13431368083398,26.694328473827092,13.659799999999999,3.1154299183544936,10.544370081645505,1.6922216619470327,1.4783248438769276,0.21389681807010508,0.10993304446344813,2.850452129455259
2025-12-18,14.06,18.63,10.69,89.23,1.9,1.4211070428190937,17.55,17.55,33.131043708012946,26.691694052923552,13.5135,3.019645994806797,10.493854005193203,1.716543820160705,1.531672050729397,0.184871769431308,0.11133571776630243,2.824765311920141
2025-12-19,14.32,18.73,11.78,89.04,0.89,0.6656764568994702,15.64,15.64,33.12995489655739,26.690816862862498,12.042800000000002,2.4586887122606287,9.584111287739372,1.7714987757747283,1.5773425099498182,0.19415626582491008,0.11466278727066694,2.6927617049997226
2025-12-20,12.92,16.19,10.72,90.3,1.66,1.241598784778787,16.26,16.26,33.13105145767406,26.691700296360533,12.5202,2.7148305276054696,9.805369472394531,1.5644758479652157,1.4127216907125897,0.15175415725262598,0.10239925042066336,2.563909597748243
2025-12-21,13.67,18.71,10.26,88.55,2.01,1.5033816610875674,17.74,17.74,33.134335380457046,26.694345955911416,13.659799999999999,3.090146918404948,10.569653081595051,1.7037362836289587,1.508658479153443,0.1950778044755157,0.11084872577193608,2.844297157691886
2025-12-22,13.71,18.06,10.52,87.51,1.74,1.3014348707922228,15.51,15.51,33.13980642820849,26.698753650821885,11.9427,2.4835158305415264,9.459184169458474,1.6716006840489086,1.4628177586112,0.2087829254377087,0.1087232552121226,2.5848738697110836
2025-12-23,14.06,18.68,10.58,86.31,1.75,1.3089143815439022,19.56,19.56,33.14746213692327,26.704921395990862,15.0612,3.6494611541822355,11.411738845817764,1.7152091942162286,1.480397055528027,0.2348121386882016,0.11124915339449169,3.120380403503276
2025-12-24,13.77,17.88,10.96,87.33,0.84,0.6282789031410729,18.69,18.69,33.15729781594176,26.71284541243532,14.391300000000001,3.402026963401632,10.98927303659837,1.6788476233744234,1.466137629492884,0.21270999388153933,0.10914242251810653,3.0399914663107848
2025-12-25,14.21,19.22,10.53,84.42,0.67,0.5011272203625226,19.99,19.99,33.16930655077375,26.722520129565364,15.392299999999999,3.787280728454493,11.605019271545505,1.7499979154796108,1.4773482402478875,0.27264967523172334,0.11337021519575964,3.2834932516511954
2025-12-26,13.65,18.43,10.58,86.39,1.14,0.8526642256914563,20.54,20.54,33.183479208096415,26.733938189210797,15.8158,3.9363695045939493,11.87943049540605,1.6984850064164099,1.4673211970431366,0.2311638093732733,0.11052468134608227,3.274941745485567
2025-12-27,12.75,18.36,9.07,78.97,2.19,1.6380128546177974,21.63,21.63,33.19980444292863,26.74709045140102,16.6551,4.466366916459628,12.188733083540374,1.632337520728069,1.289056940118956,0.34328058060911304,0.1069863077565431,3.3920798658381783
2025-12-28,12.1,17.33,6.37,85.78,2.71,2.026947413705128,21.79,21.79,33.21826870798305,26.761966001899467,16.778299999999998,4.441598076475714,12.336701923524284,1.4689803798637644,1.260091369847137,0.2088890100166274,0.09678210217242644,3.0955441782015773
2025-12-29,13.13,17.89,9.51,89.61,2.83,2.1167015427252815,17.05,17.05,33.2388562651973,26.778552161493554,13.1285,2.9028562395799016,10.225643760420098,1.6189883157583647,1.4507754297510707,0.168212886007294,0.10578959670702938,2.625608331658664
2025-12-30,13.64,17.98,10.48,91.09,3.14,2.3485663760273443,14.39,14.39,33.26154919944421,26.796834497040233,11.080300000000001,2.104020604759164,8.976279395240837,1.664709082119772,1.5163835029029005,0.14832557921687162,0.10833543105192867,2.3049805853307848
2025-12-31,13.42,17.93,10.4,90.21,3.35,2.505636101812613,14.78,14.78,33.28632743442086,26.816796834266825,11.3806,2.2246815906470268,9.155918409352973,1.6580949632754616,1.4957674663707936,0.16232749690466797,0.10809444994177524,2.358414449622302
