cultivo,fecha,dia_ciclo,etapa,ETo,Kc,ETc,ciclo_referencia_dias,ciclo_min_dias,ciclo_max_dias
Coffea arabica,2020-01-01,1,Inicial,3.587955567412679,0.87,3.1215213436490306,270,210.0,330.0
Coffea arabica,2020-01-02,2,Inicial,4.252367304534883,0.87,3.699559554945348,270,210.0,330.0
Coffea arabica,2020-01-03,3,Inicial,4.465400344626742,0.87,3.8848982998252657,270,210.0,330.0
Coffea arabica,2020-01-04,4,Inicial,4.337331433983592,0.87,3.773478347565725,270,210.0,330.0
Coffea arabica,2020-01-05,5,Inicial,4.175360238431539,0.87,3.632563407435439,270,210.0,330.0
Coffea arabica,2020-01-06,6,Inicial,4.07350556759288,0.87,3.5439498438058057,270,210.0,330.0
Coffea arabica,2020-01-07,7,Inicial,4.359263661018607,0.87,3.7925593850861885,270,210.0,330.0
Coffea arabica,2020-01-08,8,Inicial,4.490663231273646,0.87,3.906877011208072,270,210.0,330.0
Coffea arabica,2020-01-09,9,Inicial,4.730248192488025,0.87,4.115315927464581,270,210.0,330.0
Coffea arabica,2020-01-10,10,Inicial,4.736258197961163,0.87,4.1205446322262125,270,210.0,330.0
Coffea arabica,2020-01-11,11,Inicial,4.878349152325089,0.87,4.2441637625228275,270,210.0,330.0
Coffea arabica,2020-01-12,12,Inicial,4.985976287971725,0.87,4.3377993705354,270,210.0,330.0
Coffea arabica,2020-01-13,13,Inicial,5.00521858703657,0.87,4.354540170721815,270,210.0,330.0
Coffea arabica,2020-01-14,14,Inicial,4.849421189390958,0.87,4.218996434770133,270,210.0,330.0
Coffea arabica,2020-01-15,15,Inicial,4.504764577859355,0.87,3.9191451827376387,270,210.0,330.0
Coffea arabica,2020-01-16,16,Inicial,4.738417253195859,0.87,4.122423010280397,270,210.0,330.0
Coffea arabica,2020-01-17,17,Inicial,5.035114991107441,0.87,4.380550042263473,270,210.0,330.0
Coffea arabica,2020-01-18,18,Inicial,5.030519417873925,0.87,4.376551893550315,270,210.0,330.0
Coffea arabica,2020-01-19,19,Inicial,4.670633650540201,0.87,4.063451275969975,270,210.0,330.0
Coffea arabica,2020-01-20,20,Inicial,3.686415859256593,0.87,3.207181797553236,270,210.0,330.0
Coffea arabica,2020-01-21,21,Inicial,3.607475829399888,0.87,3.1385039715779026,270,210.0,330.0
Coffea arabica,2020-01-22,22,Inicial,3.1141000792132743,0.87,2.7092670689155485,270,210.0,330.0
Coffea arabica,2020-01-23,23,Inicial,3.573160403821106,0.87,3.1086495513243624,270,210.0,330.0
Coffea arabica,2020-01-24,24,Inicial,3.187955296371513,0.87,2.7735211078432163,270,210.0,330.0
Coffea arabica,2020-01-25,25,Inicial,3.6667484430683994,0.87,3.1900711454695077,270,210.0,330.0
Coffea arabica,2020-01-26,26,Inicial,4.11908475660251,0.87,3.583603738244184,270,210.0,330.0
Coffea arabica,2020-01-27,27,Inicial,3.9498590124386266,0.87,3.436377340821605,270,210.0,330.0
Coffea arabica,2020-01-28,28,Desarrollo,4.21368376010019,0.87,3.665904871287166,270,210.0,330.0
Coffea arabica,2020-01-29,29,Desarrollo,4.245453570244781,0.8720754716981132,3.7023559248436557,270,210.0,330.0
Coffea arabica,2020-01-30,30,Desarrollo,4.552871366932626,0.8741509433962265,3.979896800565822,270,210.0,330.0
Coffea arabica,2020-01-31,31,Desarrollo,4.325793529473186,0.8762264150943396,3.7903745567685805,270,210.0,330.0
Coffea arabica,2020-02-01,32,Desarrollo,3.998866506251721,0.8783018867924528,3.5122119974720305,270,210.0,330.0
Coffea arabica,2020-02-02,33,Desarrollo,3.3912160222230137,0.8803773584905661,2.9855498037155814,270,210.0,330.0
Coffea arabica,2020-02-03,34,Desarrollo,4.1206820470414565,0.8824528301886793,3.6363075347194136,270,210.0,330.0
Coffea arabica,2020-02-04,35,Desarrollo,5.245484578078671,0.8845283018867924,4.639779566421285,270,210.0,330.0
Coffea arabica,2020-02-05,36,Desarrollo,4.860534243716486,0.8866037735849056,4.309368002117691,270,210.0,330.0
Coffea arabica,2020-02-06,37,Desarrollo,4.986234569608164,0.8886792452830189,4.431163174123482,270,210.0,330.0
Coffea arabica,2020-02-07,38,Desarrollo,5.300436257395595,0.8907547169811321,4.721388598332944,270,210.0,330.0
Coffea arabica,2020-02-08,39,Desarrollo,4.878450275972932,0.8928301886792452,4.355627680359229,270,210.0,330.0
Coffea arabica,2020-02-09,40,Desarrollo,5.231393658034011,0.8949056603773585,4.6816037962368515,270,210.0,330.0
Coffea arabica,2020-02-10,41,Desarrollo,5.396548676577161,0.8969811320754717,4.84060234121657,270,210.0,330.0
Coffea arabica,2020-02-11,42,Desarrollo,5.3238633634380506,0.8990566037735849,4.786454514487228,270,210.0,330.0
Coffea arabica,2020-02-12,43,Desarrollo,5.200653135949962,0.9011320754716982,4.686475354206985,270,210.0,330.0
Coffea arabica,2020-02-13,44,Desarrollo,5.273751188043004,0.9032075471698113,4.7632918749362005,270,210.0,330.0
Coffea arabica,2020-02-14,45,Desarrollo,4.990486252421026,0.9052830188679245,4.517802460210581,270,210.0,330.0
Coffea arabica,2020-02-15,46,Desarrollo,4.88883355331889,0.9073584905660377,4.4359246335680265,270,210.0,330.0
Coffea arabica,2020-02-16,47,Desarrollo,5.160411748067589,0.909433962264151,4.693053702959581,270,210.0,330.0
Coffea arabica,2020-02-17,48,Desarrollo,5.324378032877199,0.9115094339622641,4.853220806949009,270,210.0,330.0
Coffea arabica,2020-02-18,49,Desarrollo,5.873483837420854,0.9135849056603773,5.365926177507881,270,210.0,330.0
Coffea arabica,2020-02-19,50,Desarrollo,5.719738979286149,0.9156603773584906,5.237338352165223,270,210.0,330.0
Coffea arabica,2020-02-20,51,Desarrollo,5.425694179101471,0.9177358490566038,4.9793540541791605,270,210.0,330.0
Coffea arabica,2020-02-21,52,Desarrollo,4.721249254476128,0.9198113207547169,4.34265851237191,270,210.0,330.0
Coffea arabica,2020-02-22,53,Desarrollo,4.042379172630542,0.9218867924528302,3.7266159693344965,270,210.0,330.0
Coffea arabica,2020-02-23,54,Desarrollo,3.963860596266885,0.9239622641509434,3.66245761130546,270,210.0,330.0
Coffea arabica,2020-02-24,55,Desarrollo,4.485677353163073,0.9260377358490566,4.153906499872521,270,210.0,330.0
Coffea arabica,2020-02-25,56,Desarrollo,3.930010485002768,0.9281132075471697,3.647494636929927,270,210.0,330.0
Coffea arabica,2020-02-26,57,Desarrollo,4.4703605662621575,0.930188679245283,4.1582787908815915,270,210.0,330.0
Coffea arabica,2020-02-27,58,Desarrollo,4.417350397862795,0.9322641509433962,4.118137418083032,270,210.0,330.0
Coffea arabica,2020-02-28,59,Desarrollo,4.956969272710255,0.9343396226415094,4.631492799709657,270,210.0,330.0
Coffea arabica,2020-02-29,60,Desarrollo,4.758649355859213,0.9364150943396227,4.45607108549609,270,210.0,330.0
Coffea arabica,2020-03-01,61,Desarrollo,5.547790395695952,0.9384905660377358,5.206548948715408,270,210.0,330.0
Coffea arabica,2020-03-02,62,Desarrollo,5.412170272915391,0.940566037735849,5.090503549147778,270,210.0,330.0
Coffea arabica,2020-03-03,63,Desarrollo,5.345178762739399,0.9426415094339622,5.038587377103026,270,210.0,330.0
Coffea arabica,2020-03-04,64,Desarrollo,5.504030963966443,0.9447169811320755,5.199751516335845,270,210.0,330.0
Coffea arabica,2020-03-05,65,Desarrollo,5.18182365354728,0.9467924528301886,4.9061115270755185,270,210.0,330.0
Coffea arabica,2020-03-06,66,Desarrollo,5.538285678845764,0.9488679245283018,5.2551016375311965,270,210.0,330.0
Coffea arabica,2020-03-07,67,Desarrollo,4.598203140903725,0.9509433962264151,4.372630911349957,270,210.0,330.0
Coffea arabica,2020-03-08,68,Desarrollo,4.891508307493643,0.9530188679245283,4.661699709651017,270,210.0,330.0
Coffea arabica,2020-03-09,69,Desarrollo,5.572089802693309,0.9550943396226415,5.321871430421421,270,210.0,330.0
Coffea arabica,2020-03-10,70,Desarrollo,4.644444484136557,0.9571698113207547,4.445522050570708,270,210.0,330.0
Coffea arabica,2020-03-11,71,Desarrollo,3.657668087024417,0.9592452830188679,3.508600859326818,270,210.0,330.0
Coffea arabica,2020-03-12,72,Desarrollo,3.6987249479123503,0.9613207547169811,3.555661058417627,270,210.0,330.0
Coffea arabica,2020-03-13,73,Desarrollo,4.497419263089577,0.9633962264150944,4.332796746667053,270,210.0,330.0
Coffea arabica,2020-03-14,74,Desarrollo,5.444531952139149,0.9654716981132075,5.256541509263402,270,210.0,330.0
Coffea arabica,2020-03-15,75,Desarrollo,5.5452684892377455,0.9675471698113207,5.365308832605879,270,210.0,330.0
Coffea arabica,2020-03-16,76,Desarrollo,5.888282577175485,0.969622641509434,5.709412106434872,270,210.0,330.0
Coffea arabica,2020-03-17,77,Desarrollo,5.83570253760331,0.9716981132075472,5.670541145029631,270,210.0,330.0
Coffea arabica,2020-03-18,78,Desarrollo,5.574864387172866,0.9737735849056603,5.428655679660219,270,210.0,330.0
Coffea arabica,2020-03-19,79,Desarrollo,5.697934228914344,0.9758490566037735,5.560323741876413,270,210.0,330.0
Coffea arabica,2020-03-20,80,Desarrollo,4.42045445652641,0.9779245283018868,4.322870839278563,270,210.0,330.0
Coffea arabica,2020-03-21,81,Desarrollo,4.960314786421425,0.98,4.861108490692996,270,210.0,330.0
Coffea arabica,2020-03-22,82,Media,5.502670992244579,0.98,5.392617572399687,270,210.0,330.0
Coffea arabica,2020-03-23,83,Media,5.334791370847758,0.98,5.228095543430802,270,210.0,330.0
Coffea arabica,2020-03-24,84,Media,5.093265037626732,0.98,4.991399736874197,270,210.0,330.0
Coffea arabica,2020-03-25,85,Media,5.08327728425441,0.98,4.981611738569322,270,210.0,330.0
Coffea arabica,2020-03-26,86,Media,5.082445367913009,0.98,4.980796460554749,270,210.0,330.0
Coffea arabica,2020-03-27,87,Media,5.4390638036018695,0.98,5.330282527529832,270,210.0,330.0
Coffea arabica,2020-03-28,88,Media,5.938855820211203,0.98,5.8200787038069794,270,210.0,330.0
Coffea arabica,2020-03-29,89,Media,5.772266145547249,0.98,5.656820822636304,270,210.0,330.0
Coffea arabica,2020-03-30,90,Media,4.268884862000304,0.98,4.1835071647602975,270,210.0,330.0
Coffea arabica,2020-03-31,91,Media,3.869483000311269,0.98,3.7920933403050436,270,210.0,330.0
Coffea arabica,2020-04-01,92,Media,3.2427245727845486,0.98,3.1778700813288574,270,210.0,330.0
Coffea arabica,2020-04-02,93,Media,3.7485211338517472,0.98,3.673550711174712,270,210.0,330.0
Coffea arabica,2020-04-03,94,Media,3.9267267321665,0.98,3.84819219752317,270,210.0,330.0
Coffea arabica,2020-04-04,95,Media,4.171873170542142,0.98,4.088435707131299,270,210.0,330.0
Coffea arabica,2020-04-05,96,Media,3.971950258660795,0.98,3.892511253487579,270,210.0,330.0
Coffea arabica,2020-04-06,97,Media,3.382815642967628,0.98,3.3151593301082753,270,210.0,330.0
Coffea arabica,2020-04-07,98,Media,4.407811587832225,0.98,4.319655356075581,270,210.0,330.0
Coffea arabica,2020-04-08,99,Media,4.553849513367484,0.98,4.462772523100134,270,210.0,330.0
Coffea arabica,2020-04-09,100,Media,4.39381383970363,0.98,4.305937562909557,270,210.0,330.0
Coffea arabica,2020-04-10,101,Media,4.181827632536279,0.98,4.098191079885553,270,210.0,330.0
Coffea arabica,2020-04-11,102,Media,3.6449943199608414,0.98,3.5720944335616247,270,210.0,330.0
Coffea arabica,2020-04-12,103,Media,4.758009669578084,0.98,4.662849476186523,270,210.0,330.0
Coffea arabica,2020-04-13,104,Media,5.097136191974038,0.98,4.995193468134557,270,210.0,330.0
Coffea arabica,2020-04-14,105,Media,4.775219418043966,0.98,4.679715029683087,270,210.0,330.0
Coffea arabica,2020-04-15,106,Media,4.724265658151029,0.98,4.629780344988008,270,210.0,330.0
Coffea arabica,2020-04-16,107,Media,4.975741111657308,0.98,4.876226289424161,270,210.0,330.0
Coffea arabica,2020-04-17,108,Media,5.099186674583073,0.98,4.997202941091412,270,210.0,330.0
Coffea arabica,2020-04-18,109,Media,4.366363887481977,0.98,4.279036609732337,270,210.0,330.0
Coffea arabica,2020-04-19,110,Media,3.9567620364966767,0.98,3.877626795766743,270,210.0,330.0
Coffea arabica,2020-04-20,111,Media,4.216247063133324,0.98,4.131922121870658,270,210.0,330.0
Coffea arabica,2020-04-21,112,Media,2.4213223299251503,0.98,2.372895883326647,270,210.0,330.0
Coffea arabica,2020-04-22,113,Media,3.966739414884036,0.98,3.8874046265863553,270,210.0,330.0
Coffea arabica,2020-04-23,114,Media,4.176968970284008,0.98,4.093429590878328,270,210.0,330.0
Coffea arabica,2020-04-24,115,Media,4.179940842942102,0.98,4.09634202608326,270,210.0,330.0
Coffea arabica,2020-04-25,116,Media,4.420086464178048,0.98,4.331684734894488,270,210.0,330.0
Coffea arabica,2020-04-26,117,Media,4.795805768456103,0.98,4.699889653086981,270,210.0,330.0
Coffea arabica,2020-04-27,118,Media,4.749628009057083,0.98,4.654635448875941,270,210.0,330.0
Coffea arabica,2020-04-28,119,Media,4.20306507226404,0.98,4.119003770818759,270,210.0,330.0
Coffea arabica,2020-04-29,120,Media,4.447677947515817,0.98,4.3587243885655,270,210.0,330.0
Coffea arabica,2020-04-30,121,Media,3.839969022636929,0.98,3.7631696421841907,270,210.0,330.0
Coffea arabica,2020-05-01,122,Media,4.037545873511891,0.98,3.956794956041653,270,210.0,330.0
Coffea arabica,2020-05-02,123,Media,4.527804090912303,0.98,4.437248009094057,270,210.0,330.0
Coffea arabica,2020-05-03,124,Media,4.0420568028218655,0.98,3.9612156667654284,270,210.0,330.0
Coffea arabica,2020-05-04,125,Media,2.910478027384988,0.98,2.852268466837288,270,210.0,330.0
Coffea arabica,2020-05-05,126,Media,4.236576871442634,0.98,4.151845334013781,270,210.0,330.0
Coffea arabica,2020-05-06,127,Media,4.156910268020909,0.98,4.073772062660491,270,210.0,330.0
Coffea arabica,2020-05-07,128,Media,3.518333780526942,0.98,3.447967104916403,270,210.0,330.0
Coffea arabica,2020-05-08,129,Media,4.2891176039503565,0.98,4.20333525187135,270,210.0,330.0
Coffea arabica,2020-05-09,130,Media,4.530429486801288,0.98,4.439820897065262,270,210.0,330.0
Coffea arabica,2020-05-10,131,Media,5.090808825406927,0.98,4.988992648898789,270,210.0,330.0
Coffea arabica,2020-05-11,132,Media,4.379312990103055,0.98,4.291726730300994,270,210.0,330.0
Coffea arabica,2020-05-12,133,Media,3.4682140462837943,0.98,3.3988497653581184,270,210.0,330.0
Coffea arabica,2020-05-13,134,Media,3.058526114918039,0.98,2.9973555926196784,270,210.0,330.0
Coffea arabica,2020-05-14,135,Media,4.498737845606531,0.98,4.4087630886944,270,210.0,330.0
Coffea arabica,2020-05-15,136,Media,3.9835107373592553,0.98,3.9038405226120703,270,210.0,330.0
Coffea arabica,2020-05-16,137,Media,4.126719748741372,0.98,4.044185353766544,270,210.0,330.0
Coffea arabica,2020-05-17,138,Media,3.63332119900562,0.98,3.5606547750255078,270,210.0,330.0
Coffea arabica,2020-05-18,139,Media,3.955784945819421,0.98,3.8766692469030324,270,210.0,330.0
Coffea arabica,2020-05-19,140,Media,3.026546271550344,0.98,2.9660153461193373,270,210.0,330.0
Coffea arabica,2020-05-20,141,Media,5.037929418215409,0.98,4.937170829851101,270,210.0,330.0
Coffea arabica,2020-05-21,142,Media,4.101033761127129,0.98,4.019013085904586,270,210.0,330.0
Coffea arabica,2020-05-22,143,Media,2.796770813139237,0.98,2.740835396876452,270,210.0,330.0
Coffea arabica,2020-05-23,144,Media,4.656040591953797,0.98,4.562919780114721,270,210.0,330.0
Coffea arabica,2020-05-24,145,Media,4.237304098603268,0.98,4.152558016631202,270,210.0,330.0
Coffea arabica,2020-05-25,146,Media,3.573508956255184,0.98,3.50203877713008,270,210.0,330.0
Coffea arabica,2020-05-26,147,Media,4.011964180681387,0.98,3.931724897067759,270,210.0,330.0
Coffea arabica,2020-05-27,148,Media,2.3794897379620776,0.98,2.3318999432028362,270,210.0,330.0
Coffea arabica,2020-05-28,149,Media,3.866697912578719,0.98,3.7893639543271447,270,210.0,330.0
Coffea arabica,2020-05-29,150,Media,4.306724288121328,0.98,4.2205898023589015,270,210.0,330.0
Coffea arabica,2020-05-30,151,Media,2.1130225903599085,0.98,2.0707621385527104,270,210.0,330.0
Coffea arabica,2020-05-31,152,Media,3.692102971619515,0.98,3.6182609121871243,270,210.0,330.0
Coffea arabica,2020-06-01,153,Media,3.841945755099135,0.98,3.7651068399971526,270,210.0,330.0
Coffea arabica,2020-06-02,154,Media,2.477764032127816,0.98,2.4282087514852595,270,210.0,330.0
Coffea arabica,2020-06-03,155,Media,4.275472459424811,0.98,4.189963010236315,270,210.0,330.0
Coffea arabica,2020-06-04,156,Media,4.679808008754871,0.98,4.586211848579773,270,210.0,330.0
Coffea arabica,2020-06-05,157,Media,3.578248641580178,0.98,3.5066836687485745,270,210.0,330.0
Coffea arabica,2020-06-06,158,Media,3.2018793462448034,0.98,3.1378417593199073,270,210.0,330.0
Coffea arabica,2020-06-07,159,Media,4.509980804589562,0.98,4.419781188497771,270,210.0,330.0
Coffea arabica,2020-06-08,160,Media,4.805696918339457,0.98,4.709582979972668,270,210.0,330.0
Coffea arabica,2020-06-09,161,Media,4.135464586604659,0.98,4.052755294872566,270,210.0,330.0
Coffea arabica,2020-06-10,162,Media,2.362623995681945,0.98,2.315371515768306,270,210.0,330.0
Coffea arabica,2020-06-11,163,Media,4.252935820953012,0.98,4.167877104533952,270,210.0,330.0
Coffea arabica,2020-06-12,164,Media,3.956448261858663,0.98,3.87731929662149,270,210.0,330.0
Coffea arabica,2020-06-13,165,Media,4.627252075235235,0.98,4.53470703373053,270,210.0,330.0
Coffea arabica,2020-06-14,166,Media,3.8934759933570415,0.98,3.8156064734899005,270,210.0,330.0
Coffea arabica,2020-06-15,167,Media,2.8420694569866,0.98,2.785228067846868,270,210.0,330.0
Coffea arabica,2020-06-16,168,Media,4.225600673040118,0.98,4.1410886595793155,270,210.0,330.0
Coffea arabica,2020-06-17,169,Media,4.170497853746984,0.98,4.0870878966720445,270,210.0,330.0
Coffea arabica,2020-06-18,170,Media,4.779111299859947,0.98,4.683529073862748,270,210.0,330.0
Coffea arabica,2020-06-19,171,Media,4.473763179936717,0.98,4.384287916337983,270,210.0,330.0
Coffea arabica,2020-06-20,172,Media,3.998015197773331,0.98,3.9180548938178643,270,210.0,330.0
Coffea arabica,2020-06-21,173,Media,3.753650777715088,0.98,3.678577762160786,270,210.0,330.0
Coffea arabica,2020-06-22,174,Media,4.826605638325017,0.98,4.730073525558517,270,210.0,330.0
Coffea arabica,2020-06-23,175,Media,4.260006858446006,0.98,4.174806721277085,270,210.0,330.0
Coffea arabica,2020-06-24,176,Media,4.480157813320103,0.98,4.390554657053701,270,210.0,330.0
Coffea arabica,2020-06-25,177,Media,4.481496850586955,0.98,4.391866913575216,270,210.0,330.0
Coffea arabica,2020-06-26,178,Media,4.264073921871598,0.98,4.178792443434166,270,210.0,330.0
Coffea arabica,2020-06-27,179,Media,4.273627129391677,0.98,4.188154586803844,270,210.0,330.0
Coffea arabica,2020-06-28,180,Media,3.24494448555568,0.98,3.1800455958445664,270,210.0,330.0
Coffea arabica,2020-06-29,181,Media,4.694863639358062,0.98,4.600966366570901,270,210.0,330.0
Coffea arabica,2020-06-30,182,Media,4.303647730467016,0.98,4.217574775857676,270,210.0,330.0
Coffea arabica,2020-07-01,183,Media,4.355692650137311,0.98,4.268578797134565,270,210.0,330.0
Coffea arabica,2020-07-02,184,Media,3.485719350238677,0.98,3.416004963233904,270,210.0,330.0
Coffea arabica,2020-07-03,185,Media,4.702205052709622,0.98,4.608160951655429,270,210.0,330.0
Coffea arabica,2020-07-04,186,Media,3.456561544914263,0.98,3.3874303140159774,270,210.0,330.0
Coffea arabica,2020-07-05,187,Media,3.506312142584468,0.98,3.4361858997327785,270,210.0,330.0
Coffea arabica,2020-07-06,188,Media,4.579023556434734,0.98,4.487443085306039,270,210.0,330.0
Coffea arabica,2020-07-07,189,Media,4.253081582098771,0.98,4.168019950456795,270,210.0,330.0
Coffea arabica,2020-07-08,190,Media,4.3563786390822,0.98,4.269251066300556,270,210.0,330.0
Coffea arabica,2020-07-09,191,Media,4.965814433450994,0.98,4.866498144781974,270,210.0,330.0
Coffea arabica,2020-07-10,192,Media,3.359519117946482,0.98,3.2923287355875526,270,210.0,330.0
Coffea arabica,2020-07-11,193,Media,3.688532729976453,0.98,3.614762075376924,270,210.0,330.0
Coffea arabica,2020-07-12,194,Media,3.8224897552685433,0.98,3.746039960163172,270,210.0,330.0
Coffea arabica,2020-07-13,195,Media,5.044651018770086,0.98,4.943757998394684,270,210.0,330.0
Coffea arabica,2020-07-14,196,Media,3.966618835047466,0.98,3.8872864583465163,270,210.0,330.0
Coffea arabica,2020-07-15,197,Media,4.806663009635142,0.98,4.710529749442439,270,210.0,330.0
Coffea arabica,2020-07-16,198,Media,3.414186953513969,0.98,3.3459032144436898,270,210.0,330.0
Coffea arabica,2020-07-17,199,Media,4.872827823838737,0.98,4.775371267361962,270,210.0,330.0
Coffea arabica,2020-07-18,200,Media,4.306784447251676,0.98,4.220648758306642,270,210.0,330.0
Coffea arabica,2020-07-19,201,Media,4.708966543052017,0.98,4.6147872121909765,270,210.0,330.0
Coffea arabica,2020-07-20,202,Media,2.3296760085275645,0.98,2.2830824883570133,270,210.0,330.0
Coffea arabica,2020-07-21,203,Media,4.152146999927764,0.98,4.0691040599292085,270,210.0,330.0
Coffea arabica,2020-07-22,204,Media,2.9526576766577493,0.98,2.893604523124594,270,210.0,330.0
Coffea arabica,2020-07-23,205,Media,3.9615955238902383,0.98,3.8823636134124335,270,210.0,330.0
Coffea arabica,2020-07-24,206,Media,3.24614280775243,0.98,3.1812199515973814,270,210.0,330.0
Coffea arabica,2020-07-25,207,Media,3.0407095064001863,0.98,2.9798953162721826,270,210.0,330.0
Coffea arabica,2020-07-26,208,Media,4.527452011372625,0.98,4.436902971145172,270,210.0,330.0
Coffea arabica,2020-07-27,209,Media,4.595776374973429,0.98,4.503860847473961,270,210.0,330.0
Coffea arabica,2020-07-28,210,Media,5.054397792074072,0.98,4.953309836232591,270,210.0,330.0
Coffea arabica,2020-07-29,211,Media,5.278036385690802,0.98,5.172475657976986,270,210.0,330.0
Coffea arabica,2020-07-30,212,Media,3.786690872561688,0.98,3.710957055110454,270,210.0,330.0
Coffea arabica,2020-07-31,213,Media,4.6515807288768,0.98,4.558549114299264,270,210.0,330.0
Coffea arabica,2020-08-01,214,Media,4.9228144650869785,0.98,4.824358175785239,270,210.0,330.0
Coffea arabica,2020-08-02,215,Media,5.050248419797471,0.98,4.9492434514015216,270,210.0,330.0
Coffea arabica,2020-08-03,216,Media,3.626910663667164,0.98,3.5543724503938208,270,210.0,330.0
Coffea arabica,2020-08-04,217,Media,4.765099022618414,0.98,4.669797042166046,270,210.0,330.0
Coffea arabica,2020-08-05,218,Media,4.141751147270062,0.98,4.058916124324661,270,210.0,330.0
Coffea arabica,2020-08-06,219,Media,3.2912706367432163,0.98,3.225445224008352,270,210.0,330.0
Coffea arabica,2020-08-07,220,Media,4.479870784167095,0.98,4.3902733684837525,270,210.0,330.0
Coffea arabica,2020-08-08,221,Media,5.195269035097949,0.98,5.09136365439599,270,210.0,330.0
Coffea arabica,2020-08-09,222,Media,4.53214449818606,0.98,4.441501608222339,270,210.0,330.0
Coffea arabica,2020-08-10,223,Media,4.733094536658355,0.98,4.638432645925187,270,210.0,330.0
Coffea arabica,2020-08-11,224,Media,3.563099482237779,0.98,3.491837492593023,270,210.0,330.0
Coffea arabica,2020-08-12,225,Media,4.54611235483656,0.98,4.455190107739829,270,210.0,330.0
Coffea arabica,2020-08-13,226,Media,4.297620875617487,0.98,4.211668458105137,270,210.0,330.0
Coffea arabica,2020-08-14,227,Media,4.74849189972651,0.98,4.653522061731979,270,210.0,330.0
Coffea arabica,2020-08-15,228,Media,3.885861013588292,0.98,3.808143793316526,270,210.0,330.0
Coffea arabica,2020-08-16,229,Media,3.702135624448488,0.98,3.628092911959518,270,210.0,330.0
Coffea arabica,2020-08-17,230,Media,3.928490271700703,0.98,3.849920466266689,270,210.0,330.0
Coffea arabica,2020-08-18,231,Final,3.6174996315809977,0.98,3.5451496389493777,270,210.0,330.0
Coffea arabica,2020-08-19,232,Final,3.3011251488148847,0.9797435897435898,3.234256203492737,270,210.0,330.0
Coffea arabica,2020-08-20,233,Final,4.002884591342832,0.9794871794871794,3.920774138187082,270,210.0,330.0
Coffea arabica,2020-08-21,234,Final,3.355238416450108,0.9792307692307692,3.2855526954930676,270,210.0,330.0
Coffea arabica,2020-08-22,235,Final,3.8287673512339806,0.9789743589743589,3.74826506333624,270,210.0,330.0
Coffea arabica,2020-08-23,236,Final,4.689958971722287,0.9787179487179487,4.590147024375377,270,210.0,330.0
Coffea arabica,2020-08-24,237,Final,4.490793125805997,0.9784615384615385,4.394068350788637,270,210.0,330.0
Coffea arabica,2020-08-25,238,Final,4.033366442863723,0.9782051282051282,3.9454597383397694,270,210.0,330.0
Coffea arabica,2020-08-26,239,Final,3.613257090104457,0.977948717948718,3.5335801388867694,270,210.0,330.0
Coffea arabica,2020-08-27,240,Final,4.2498743973737625,0.9776923076923076,4.1550695069708095,270,210.0,330.0
Coffea arabica,2020-08-28,241,Final,4.864386442127915,0.9774358974358974,4.754625927536311,270,210.0,330.0
Coffea arabica,2020-08-29,242,Final,4.521322200595085,0.9771794871794871,4.418143309350735,270,210.0,330.0
Coffea arabica,2020-08-30,243,Final,3.785769875319784,0.9769230769230769,3.6984059551200965,270,210.0,330.0
Coffea arabica,2020-08-31,244,Final,5.006352927655218,0.9766666666666667,4.88953802600993,270,210.0,330.0
Coffea arabica,2020-09-01,245,Final,4.821058387008902,0.9764102564102564,4.707330855828179,270,210.0,330.0
Coffea arabica,2020-09-02,246,Final,2.9963688952924703,0.9761538461538461,2.924917021635496,270,210.0,330.0
Coffea arabica,2020-09-03,247,Final,4.65756045987399,0.9758974358974358,4.545301310328308,270,210.0,330.0
Coffea arabica,2020-09-04,248,Final,3.908467935746292,0.9756410256410256,3.8132616655165745,270,210.0,330.0
Coffea arabica,2020-09-05,249,Final,5.048749988798559,0.9753846153846154,4.924473065997364,270,210.0,330.0
Coffea arabica,2020-09-06,250,Final,3.537541052028537,0.9751282051282051,3.4495560566319297,270,210.0,330.0
Coffea arabica,2020-09-07,251,Final,3.775648761285424,0.9748717948717949,3.6807734847197904,270,210.0,330.0
Coffea arabica,2020-09-08,252,Final,2.1161597874228835,0.9746153846153846,2.062441885126764,270,210.0,330.0
Coffea arabica,2020-09-09,253,Final,4.974871736361889,0.9743589743589743,4.84731092260902,270,210.0,330.0
Coffea arabica,2020-09-10,254,Final,4.900194006595503,0.9741025641025641,4.773291546424696,270,210.0,330.0
Coffea arabica,2020-09-11,255,Final,3.214804215155399,0.9738461538461538,3.130724720297488,270,210.0,330.0
Coffea arabica,2020-09-12,256,Final,3.762540547888337,0.9735897435897436,3.663170887264619,270,210.0,330.0
Coffea arabica,2020-09-13,257,Final,3.958058827073992,0.9733333333333333,3.852510591685352,270,210.0,330.0
Coffea arabica,2020-09-14,258,Final,3.9688249435094742,0.9730769230769231,3.861971964261142,270,210.0,330.0
Coffea arabica,2020-09-15,259,Final,2.968323384378773,0.9728205128205129,2.8876458770084783,270,210.0,330.0
Coffea arabica,2020-09-16,260,Final,2.829173192770043,0.9725641025641025,2.7515522872248135,270,210.0,330.0
Coffea arabica,2020-09-17,261,Final,4.729539783438329,0.9723076923076923,4.598567912512345,270,210.0,330.0
Coffea arabica,2020-09-18,262,Final,3.219973132079937,0.972051282051282,3.129979011208985,270,210.0,330.0
Coffea arabica,2020-09-19,263,Final,4.280851863551956,0.9717948717948718,4.160109887913311,270,210.0,330.0
Coffea arabica,2020-09-20,264,Final,4.0519806295124905,0.9715384615384615,3.9366550269802114,270,210.0,330.0
Coffea arabica,2020-09-21,265,Final,4.375976895868489,0.9712820512820513,4.250307815782009,270,210.0,330.0
Coffea arabica,2020-09-22,266,Final,4.637260599957496,0.971025641025641,4.502898946676676,270,210.0,330.0
Coffea arabica,2020-09-23,267,Final,4.177778381662782,0.9707692307692307,4.0556587058911004,270,210.0,330.0
Coffea arabica,2020-09-24,268,Final,3.8549075607667063,0.9705128205128205,3.741237209615893,270,210.0,330.0
Coffea arabica,2020-09-25,269,Final,3.725479458078222,0.9702564102564102,3.614670325478972,270,210.0,330.0
Coffea arabica,2020-09-26,270,Final,4.95171105332111,0.97,4.803159721721476,270,210.0,330.0
Lycopersicon esculentum,2020-01-01,1,Inicial,3.587955567412679,0.6,2.1527733404476073,110,70.0,150.0
Lycopersicon esculentum,2020-01-02,2,Inicial,4.252367304534883,0.6,2.55142038272093,110,70.0,150.0
Lycopersicon esculentum,2020-01-03,3,Inicial,4.465400344626742,0.6,2.6792402067760452,110,70.0,150.0
Lycopersicon esculentum,2020-01-04,4,Inicial,4.337331433983592,0.6,2.602398860390155,110,70.0,150.0
Lycopersicon esculentum,2020-01-05,5,Inicial,4.175360238431539,0.6,2.5052161430589233,110,70.0,150.0
Lycopersicon esculentum,2020-01-06,6,Inicial,4.07350556759288,0.6,2.444103340555728,110,70.0,150.0
Lycopersicon esculentum,2020-01-07,7,Inicial,4.359263661018607,0.6,2.6155581966111643,110,70.0,150.0
Lycopersicon esculentum,2020-01-08,8,Inicial,4.490663231273646,0.6,2.6943979387641876,110,70.0,150.0
Lycopersicon esculentum,2020-01-09,9,Inicial,4.730248192488025,0.6,2.838148915492815,110,70.0,150.0
Lycopersicon esculentum,2020-01-10,10,Inicial,4.736258197961163,0.6,2.8417549187766977,110,70.0,150.0
Lycopersicon esculentum,2020-01-11,11,Inicial,4.878349152325089,0.6,2.927009491395053,110,70.0,150.0
Lycopersicon esculentum,2020-01-12,12,Desarrollo,4.985976287971725,0.6,2.9915857727830346,110,70.0,150.0
Lycopersicon esculentum,2020-01-13,13,Desarrollo,5.00521858703657,0.6261904761904762,3.134220210453852,110,70.0,150.0
Lycopersicon esculentum,2020-01-14,14,Desarrollo,4.849421189390958,0.6523809523809524,3.163670014031244,110,70.0,150.0
Lycopersicon esculentum,2020-01-15,15,Desarrollo,4.504764577859355,0.6785714285714285,3.0568045349759903,110,70.0,150.0
Lycopersicon esculentum,2020-01-16,16,Desarrollo,4.738417253195859,0.7047619047619047,3.339455968918986,110,70.0,150.0
Lycopersicon esculentum,2020-01-17,17,Desarrollo,5.035114991107441,0.7309523809523809,3.68042929111901,110,70.0,150.0
Lycopersicon esculentum,2020-01-18,18,Desarrollo,5.030519417873925,0.7571428571428571,3.808821844961686,110,70.0,150.0
Lycopersicon esculentum,2020-01-19,19,Desarrollo,4.670633650540201,0.7833333333333332,3.65866302625649,110,70.0,150.0
Lycopersicon esculentum,2020-01-20,20,Desarrollo,3.686415859256593,0.8095238095238094,2.9842414098743846,110,70.0,150.0
Lycopersicon esculentum,2020-01-21,21,Desarrollo,3.607475829399888,0.8357142857142856,3.0148190859984774,110,70.0,150.0
Lycopersicon esculentum,2020-01-22,22,Desarrollo,3.1141000792132743,0.8619047619047618,2.6840576873219173,110,70.0,150.0
Lycopersicon esculentum,2020-01-23,23,Desarrollo,3.573160403821106,0.888095238095238,3.1733067395839822,110,70.0,150.0
Lycopersicon esculentum,2020-01-24,24,Desarrollo,3.187955296371513,0.9142857142857141,2.9147019852539544,110,70.0,150.0
Lycopersicon esculentum,2020-01-25,25,Desarrollo,3.6667484430683994,0.9404761904761905,3.448489607171471,110,70.0,150.0
Lycopersicon esculentum,2020-01-26,26,Desarrollo,4.11908475660251,0.9666666666666666,3.981781931382426,110,70.0,150.0
Lycopersicon esculentum,2020-01-27,27,Desarrollo,3.9498590124386266,0.9928571428571428,3.9216457337783504,110,70.0,150.0
Lycopersicon esculentum,2020-01-28,28,Desarrollo,4.21368376010019,1.019047619047619,4.293944403149718,110,70.0,150.0
Lycopersicon esculentum,2020-01-29,29,Desarrollo,4.245453570244781,1.045238095238095,4.437509803184425,110,70.0,150.0
Lycopersicon esculentum,2020-01-30,30,Desarrollo,4.552871366932626,1.0714285714285714,4.878076464570671,110,70.0,150.0
Lycopersicon esculentum,2020-01-31,31,Desarrollo,4.325793529473186,1.0976190476190475,4.748073374016997,110,70.0,150.0
Lycopersicon esculentum,2020-02-01,32,Desarrollo,3.998866506251721,1.1238095238095238,4.493964264168601,110,70.0,150.0
Lycopersicon esculentum,2020-02-02,33,Desarrollo,3.3912160222230137,1.15,3.8998984255564655,110,70.0,150.0
Lycopersicon esculentum,2020-02-03,34,Media,4.1206820470414565,1.15,4.738784354097675,110,70.0,150.0
Lycopersicon esculentum,2020-02-04,35,Media,5.245484578078671,1.15,6.032307264790472,110,70.0,150.0
Lycopersicon esculentum,2020-02-05,36,Media,4.860534243716486,1.15,5.589614380273958,110,70.0,150.0
Lycopersicon esculentum,2020-02-06,37,Media,4.986234569608164,1.15,5.734169755049388,110,70.0,150.0
Lycopersicon esculentum,2020-02-07,38,Media,5.300436257395595,1.15,6.095501696004934,110,70.0,150.0
Lycopersicon esculentum,2020-02-08,39,Media,4.878450275972932,1.15,5.610217817368871,110,70.0,150.0
Lycopersicon esculentum,2020-02-09,40,Media,5.231393658034011,1.15,6.016102706739113,110,70.0,150.0
Lycopersicon esculentum,2020-02-10,41,Media,5.396548676577161,1.15,6.206030978063734,110,70.0,150.0
Lycopersicon esculentum,2020-02-11,42,Media,5.3238633634380506,1.15,6.122442867953757,110,70.0,150.0
Lycopersicon esculentum,2020-02-12,43,Media,5.200653135949962,1.15,5.980751106342456,110,70.0,150.0
Lycopersicon esculentum,2020-02-13,44,Media,5.273751188043004,1.15,6.064813866249454,110,70.0,150.0
Lycopersicon esculentum,2020-02-14,45,Media,4.990486252421026,1.15,5.73905919028418,110,70.0,150.0
Lycopersicon esculentum,2020-02-15,46,Media,4.88883355331889,1.15,5.622158586316723,110,70.0,150.0
Lycopersicon esculentum,2020-02-16,47,Media,5.160411748067589,1.15,5.934473510277727,110,70.0,150.0
Lycopersicon esculentum,2020-02-17,48,Media,5.324378032877199,1.15,6.123034737808778,110,70.0,150.0
Lycopersicon esculentum,2020-02-18,49,Media,5.873483837420854,1.15,6.754506413033981,110,70.0,150.0
Lycopersicon esculentum,2020-02-19,50,Media,5.719738979286149,1.15,6.57769982617907,110,70.0,150.0
Lycopersicon esculentum,2020-02-20,51,Media,5.425694179101471,1.15,6.23954830596669,110,70.0,150.0
Lycopersicon esculentum,2020-02-21,52,Media,4.721249254476128,1.15,5.4294366426475476,110,70.0,150.0
Lycopersicon esculentum,2020-02-22,53,Media,4.042379172630542,1.15,4.648736048525123,110,70.0,150.0
Lycopersicon esculentum,2020-02-23,54,Media,3.963860596266885,1.15,4.558439685706918,110,70.0,150.0
Lycopersicon esculentum,2020-02-24,55,Media,4.485677353163073,1.15,5.158528956137533,110,70.0,150.0
Lycopersicon esculentum,2020-02-25,56,Media,3.930010485002768,1.15,4.519512057753182,110,70.0,150.0
Lycopersicon esculentum,2020-02-26,57,Media,4.4703605662621575,1.15,5.140914651201481,110,70.0,150.0
Lycopersicon esculentum,2020-02-27,58,Media,4.417350397862795,1.15,5.079952957542214,110,70.0,150.0
Lycopersicon esculentum,2020-02-28,59,Media,4.956969272710255,1.15,5.700514663616793,110,70.0,150.0
Lycopersicon esculentum,2020-02-29,60,Media,4.758649355859213,1.15,5.472446759238095,110,70.0,150.0
Lycopersicon esculentum,2020-03-01,61,Media,5.547790395695952,1.15,6.379958955050344,110,70.0,150.0
Lycopersicon esculentum,2020-03-02,62,Media,5.412170272915391,1.15,6.223995813852699,110,70.0,150.0
Lycopersicon esculentum,2020-03-03,63,Media,5.345178762739399,1.15,6.146955577150309,110,70.0,150.0
Lycopersicon esculentum,2020-03-04,64,Media,5.504030963966443,1.15,6.329635608561409,110,70.0,150.0
Lycopersicon esculentum,2020-03-05,65,Media,5.18182365354728,1.15,5.959097201579372,110,70.0,150.0
Lycopersicon esculentum,2020-03-06,66,Media,5.538285678845764,1.15,6.369028530672628,110,70.0,150.0
Lycopersicon esculentum,2020-03-07,67,Media,4.598203140903725,1.15,5.287933612039283,110,70.0,150.0
Lycopersicon esculentum,2020-03-08,68,Media,4.891508307493643,1.15,5.625234553617689,110,70.0,150.0
Lycopersicon esculentum,2020-03-09,69,Media,5.572089802693309,1.15,6.407903273097305,110,70.0,150.0
Lycopersicon esculentum,2020-03-10,70,Media,4.644444484136557,1.15,5.34111115675704,110,70.0,150.0
Lycopersicon esculentum,2020-03-11,71,Media,3.657668087024417,1.15,4.206318300078079,110,70.0,150.0
Lycopersicon esculentum,2020-03-12,72,Media,3.6987249479123503,1.15,4.253533690099203,110,70.0,150.0
Lycopersicon esculentum,2020-03-13,73,Media,4.497419263089577,1.15,5.172032152553013,110,70.0,150.0
Lycopersicon esculentum,2020-03-14,74,Media,5.444531952139149,1.15,6.261211744960021,110,70.0,150.0
Lycopersicon esculentum,2020-03-15,75,Media,5.5452684892377455,1.15,6.377058762623407,110,70.0,150.0
Lycopersicon esculentum,2020-03-16,76,Media,5.888282577175485,1.15,6.771524963751808,110,70.0,150.0
Lycopersicon esculentum,2020-03-17,77,Media,5.83570253760331,1.15,6.711057918243806,110,70.0,150.0
Lycopersicon esculentum,2020-03-18,78,Media,5.574864387172866,1.15,6.411094045248795,110,70.0,150.0
Lycopersicon esculentum,2020-03-19,79,Media,5.697934228914344,1.15,6.552624363251495,110,70.0,150.0
Lycopersicon esculentum,2020-03-20,80,Media,4.42045445652641,1.15,5.083522625005371,110,70.0,150.0
Lycopersicon esculentum,2020-03-21,81,Media,4.960314786421425,1.15,5.704362004384638,110,70.0,150.0
Lycopersicon esculentum,2020-03-22,82,Media,5.502670992244579,1.15,6.328071641081266,110,70.0,150.0
Lycopersicon esculentum,2020-03-23,83,Media,5.334791370847758,1.15,6.135010076474921,110,70.0,150.0
Lycopersicon esculentum,2020-03-24,84,Media,5.093265037626732,1.15,5.857254793270741,110,70.0,150.0
Lycopersicon esculentum,2020-03-25,85,Media,5.08327728425441,1.15,5.8457688768925715,110,70.0,150.0
Lycopersicon esculentum,2020-03-26,86,Media,5.082445367913009,1.15,5.84481217309996,110,70.0,150.0
Lycopersicon esculentum,2020-03-27,87,Media,5.4390638036018695,1.15,6.254923374142149,110,70.0,150.0
Lycopersicon esculentum,2020-03-28,88,Media,5.938855820211203,1.15,6.829684193242883,110,70.0,150.0
Lycopersicon esculentum,2020-03-29,89,Media,5.772266145547249,1.15,6.6381060673793355,110,70.0,150.0
Lycopersicon esculentum,2020-03-30,90,Media,4.268884862000304,1.15,4.909217591300349,110,70.0,150.0
Lycopersicon esculentum,2020-03-31,91,Media,3.869483000311269,1.15,4.449905450357959,110,70.0,150.0
Lycopersicon esculentum,2020-04-01,92,Media,3.2427245727845486,1.15,3.729133258702231,110,70.0,150.0
Lycopersicon esculentum,2020-04-02,93,Media,3.7485211338517472,1.15,4.310799303929509,110,70.0,150.0
Lycopersicon esculentum,2020-04-03,94,Media,3.9267267321665,1.15,4.515735741991475,110,70.0,150.0
Lycopersicon esculentum,2020-04-04,95,Final,4.171873170542142,1.15,4.797654146123463,110,70.0,150.0
Lycopersicon esculentum,2020-04-05,96,Final,3.971950258660795,1.1266666666666665,4.4750639580911615,110,70.0,150.0
Lycopersicon esculentum,2020-04-06,97,Final,3.382815642967628,1.1033333333333333,3.7323732594076158,110,70.0,150.0
Lycopersicon esculentum,2020-04-07,98,Final,4.407811587832225,1.0799999999999998,4.760436514858803,110,70.0,150.0
Lycopersicon esculentum,2020-04-08,99,Final,4.553849513367484,1.0566666666666666,4.811900985791642,110,70.0,150.0
Lycopersicon esculentum,2020-04-09,100,Final,4.39381383970363,1.0333333333333332,4.540274301027083,110,70.0,150.0
Lycopersicon esculentum,2020-04-10,101,Final,4.181827632536279,1.01,4.223645908861641,110,70.0,150.0
Lycopersicon esculentum,2020-04-11,102,Final,3.6449943199608414,0.9866666666666666,3.5963943956946967,110,70.0,150.0
Lycopersicon esculentum,2020-04-12,103,Final,4.758009669578084,0.9633333333333334,4.583549315026888,110,70.0,150.0
Lycopersicon esculentum,2020-04-13,104,Final,5.097136191974038,0.94,4.791308020455595,110,70.0,150.0
Lycopersicon esculentum,2020-04-14,105,Final,4.775219418043966,0.9166666666666667,4.377284466540303,110,70.0,150.0
Lycopersicon esculentum,2020-04-15,106,Final,4.724265658151029,0.8933333333333333,4.220343987948252,110,70.0,150.0
Lycopersicon esculentum,2020-04-16,107,Final,4.975741111657308,0.87,4.328894767141858,110,70.0,150.0
Lycopersicon esculentum,2020-04-17,108,Final,5.099186674583073,0.8466666666666667,4.317311384480336,110,70.0,150.0
Lycopersicon esculentum,2020-04-18,109,Final,4.366363887481977,0.8233333333333334,3.5949729340268277,110,70.0,150.0
Lycopersicon esculentum,2020-04-19,110,Final,3.9567620364966767,0.8,3.1654096291973417,110,70.0,150.0
Manihot esculenta,2020-01-01,1,Inicial,3.587955567412679,0.3,1.0763866702238036,272,180.0,365.0
Manihot esculenta,2020-01-02,2,Inicial,4.252367304534883,0.3,1.275710191360465,272,180.0,365.0
Manihot esculenta,2020-01-03,3,Inicial,4.465400344626742,0.3,1.3396201033880226,272,180.0,365.0
Manihot esculenta,2020-01-04,4,Inicial,4.337331433983592,0.3,1.3011994301950776,272,180.0,365.0
Manihot esculenta,2020-01-05,5,Inicial,4.175360238431539,0.3,1.2526080715294616,272,180.0,365.0
Manihot esculenta,2020-01-06,6,Inicial,4.07350556759288,0.3,1.222051670277864,272,180.0,365.0
Manihot esculenta,2020-01-07,7,Inicial,4.359263661018607,0.3,1.3077790983055821,272,180.0,365.0
Manihot esculenta,2020-01-08,8,Inicial,4.490663231273646,0.3,1.3471989693820938,272,180.0,365.0
Manihot esculenta,2020-01-09,9,Inicial,4.730248192488025,0.3,1.4190744577464074,272,180.0,365.0
Manihot esculenta,2020-01-10,10,Inicial,4.736258197961163,0.3,1.4208774593883489,272,180.0,365.0
Manihot esculenta,2020-01-11,11,Inicial,4.878349152325089,0.3,1.4635047456975265,272,180.0,365.0
Manihot esculenta,2020-01-12,12,Inicial,4.985976287971725,0.3,1.4957928863915173,272,180.0,365.0
Manihot esculenta,2020-01-13,13,Inicial,5.00521858703657,0.3,1.501565576110971,272,180.0,365.0
Manihot esculenta,2020-01-14,14,Inicial,4.849421189390958,0.3,1.4548263568172872,272,180.0,365.0
Manihot esculenta,2020-01-15,15,Inicial,4.504764577859355,0.3,1.3514293733578064,272,180.0,365.0
Manihot esculenta,2020-01-16,16,Inicial,4.738417253195859,0.3,1.4215251759587577,272,180.0,365.0
Manihot esculenta,2020-01-17,17,Inicial,5.035114991107441,0.3,1.510534497332232,272,180.0,365.0
Manihot esculenta,2020-01-18,18,Inicial,5.030519417873925,0.3,1.5091558253621773,272,180.0,365.0
Manihot esculenta,2020-01-19,19,Inicial,4.670633650540201,0.3,1.4011900951620602,272,180.0,365.0
Manihot esculenta,2020-01-20,20,Inicial,3.686415859256593,0.3,1.105924757776978,272,180.0,365.0
Manihot esculenta,2020-01-21,21,Inicial,3.607475829399888,0.3,1.0822427488199664,272,180.0,365.0
Manihot esculenta,2020-01-22,22,Inicial,3.1141000792132743,0.3,0.9342300237639822,272,180.0,365.0
Manihot esculenta,2020-01-23,23,Inicial,3.573160403821106,0.3,1.0719481211463318,272,180.0,365.0
Manihot esculenta,2020-01-24,24,Inicial,3.187955296371513,0.3,0.9563865889114539,272,180.0,365.0
Manihot esculenta,2020-01-25,25,Inicial,3.6667484430683994,0.3,1.1000245329205198,272,180.0,365.0
Manihot esculenta,2020-01-26,26,Inicial,4.11908475660251,0.3,1.2357254269807532,272,180.0,365.0
Manihot esculenta,2020-01-27,27,Inicial,3.9498590124386266,0.3,1.184957703731588,272,180.0,365.0
Manihot esculenta,2020-01-28,28,Desarrollo,4.21368376010019,0.3,1.264105128030057,272,180.0,365.0
Manihot esculenta,2020-01-29,29,Desarrollo,4.245453570244781,0.3150943396226415,1.3377183891148647,272,180.0,365.0
Manihot esculenta,2020-01-30,30,Desarrollo,4.552871366932626,0.330188679245283,1.50330658342115,272,180.0,365.0
Manihot esculenta,2020-01-31,31,Desarrollo,4.325793529473186,0.3452830188679245,1.493623048855836,272,180.0,365.0
Manihot esculenta,2020-02-01,32,Desarrollo,3.998866506251721,0.360377358490566,1.4411009484793937,272,180.0,365.0
Manihot esculenta,2020-02-02,33,Desarrollo,3.3912160222230137,0.3754716981132076,1.273305638532792,272,180.0,365.0
Manihot esculenta,2020-02-03,34,Desarrollo,4.1206820470414565,0.3905660377358491,1.6093984598822293,272,180.0,365.0
Manihot esculenta,2020-02-04,35,Desarrollo,5.245484578078671,0.4056603773584906,2.1278852533715367,272,180.0,365.0
Manihot esculenta,2020-02-05,36,Desarrollo,4.860534243716486,0.4207547169811321,2.045092710092031,272,180.0,365.0
Manihot esculenta,2020-02-06,37,Desarrollo,4.986234569608164,0.4358490566037736,2.1732456331688415,272,180.0,365.0
Manihot esculenta,2020-02-07,38,Desarrollo,5.300436257395595,0.4509433962264151,2.3901967273915985,272,180.0,365.0
Manihot esculenta,2020-02-08,39,Desarrollo,4.878450275972932,0.4660377358490566,2.2735419210666303,272,180.0,365.0
Manihot esculenta,2020-02-09,40,Desarrollo,5.231393658034011,0.4811320754716981,2.5169912882993826,272,180.0,365.0
Manihot esculenta,2020-02-10,41,Desarrollo,5.396548676577161,0.4962264150943396,2.677910003659987,272,180.0,365.0
Manihot esculenta,2020-02-11,42,Desarrollo,5.3238633634380506,0.5113207547169811,2.7222018330032296,272,180.0,365.0
Manihot esculenta,2020-02-12,43,Desarrollo,5.200653135949962,0.5264150943396226,2.737702311188754,272,180.0,365.0
Manihot esculenta,2020-02-13,44,Desarrollo,5.273751188043004,0.5415094339622641,2.855786020694985,272,180.0,365.0
Manihot esculenta,2020-02-14,45,Desarrollo,4.990486252421026,0.5566037735849056,2.777723480121137,272,180.0,365.0
Manihot esculenta,2020-02-15,46,Desarrollo,4.88883355331889,0.5716981132075472,2.794936918218158,272,180.0,365.0
Manihot esculenta,2020-02-16,47,Desarrollo,5.160411748067589,0.5867924528301887,3.028090667262302,272,180.0,365.0
Manihot esculenta,2020-02-17,48,Desarrollo,5.324378032877199,0.6018867924528302,3.204672816014767,272,180.0,365.0
Manihot esculenta,2020-02-18,49,Desarrollo,5.873483837420854,0.6169811320754717,3.623828707238904,272,180.0,365.0
Manihot esculenta,2020-02-19,50,Desarrollo,5.719738979286149,0.6320754716981132,3.6153067133223766,272,180.0,365.0
Manihot esculenta,2020-02-20,51,Desarrollo,5.425694179101471,0.6471698113207547,3.5113454781732156,272,180.0,365.0
Manihot esculenta,2020-02-21,52,Desarrollo,4.721249254476128,0.6622641509433962,3.1267141289077753,272,180.0,365.0
Manihot esculenta,2020-02-22,53,Desarrollo,4.042379172630542,0.6773584905660377,2.738139854668612,272,180.0,365.0
Manihot esculenta,2020-02-23,54,Desarrollo,3.963860596266885,0.6924528301886792,2.74478648835839,272,180.0,365.0
Manihot esculenta,2020-02-24,55,Desarrollo,4.485677353163073,0.7075471698113207,3.173828315917268,272,180.0,365.0
Manihot esculenta,2020-02-25,56,Desarrollo,3.930010485002768,0.7226415094339622,2.8399887089736984,272,180.0,365.0
Manihot esculenta,2020-02-26,57,Desarrollo,4.4703605662621575,0.7377358490566037,3.2979452479405724,272,180.0,365.0
Manihot esculenta,2020-02-27,58,Desarrollo,4.417350397862795,0.7528301886792452,3.325514733485387,272,180.0,365.0
Manihot esculenta,2020-02-28,59,Desarrollo,4.956969272710255,0.7679245283018867,3.8065782905529693,272,180.0,365.0
Manihot esculenta,2020-02-29,60,Desarrollo,4.758649355859213,0.7830188679245282,3.7261122314746666,272,180.0,365.0
Manihot esculenta,2020-03-01,61,Desarrollo,5.547790395695952,0.7981132075471697,4.427764787508278,272,180.0,365.0
Manihot esculenta,2020-03-02,62,Desarrollo,5.412170272915391,0.8132075471698113,4.401217712502893,272,180.0,365.0
Manihot esculenta,2020-03-03,63,Desarrollo,5.345178762739399,0.8283018867924528,4.427421654419993,272,180.0,365.0
Manihot esculenta,2020-03-04,64,Desarrollo,5.504030963966443,0.8433962264150943,4.642078945081131,272,180.0,365.0
Manihot esculenta,2020-03-05,65,Desarrollo,5.18182365354728,0.8584905660377358,4.448546721441533,272,180.0,365.0
Manihot esculenta,2020-03-06,66,Desarrollo,5.538285678845764,0.8735849056603773,4.838162772274695,272,180.0,365.0
Manihot esculenta,2020-03-07,67,Desarrollo,4.598203140903725,0.8886792452830188,4.086327696916329,272,180.0,365.0
Manihot esculenta,2020-03-08,68,Desarrollo,4.891508307493643,0.9037735849056605,4.42081599865935,272,180.0,365.0
Manihot esculenta,2020-03-09,69,Desarrollo,5.572089802693309,0.918867924528302,5.120014592286117,272,180.0,365.0
Manihot esculenta,2020-03-10,70,Desarrollo,4.644444484136557,0.9339622641509435,4.33773588612754,272,180.0,365.0
Manihot esculenta,2020-03-11,71,Desarrollo,3.657668087024417,0.949056603773585,3.471334052402419,272,180.0,365.0
Manihot esculenta,2020-03-12,72,Desarrollo,3.6987249479123503,0.9641509433962265,3.5661291478928514,272,180.0,365.0
Manihot esculenta,2020-03-13,73,Desarrollo,4.497419263089577,0.979245283018868,4.404076599138661,272,180.0,365.0
Manihot esculenta,2020-03-14,74,Desarrollo,5.444531952139149,0.9943396226415095,5.413713846749683,272,180.0,365.0
Manihot esculenta,2020-03-15,75,Desarrollo,5.5452684892377455,1.009433962264151,5.5975823429098,272,180.0,365.0
Manihot esculenta,2020-03-16,76,Desarrollo,5.888282577175485,1.0245283018867926,6.032712149823187,272,180.0,365.0
Manihot esculenta,2020-03-17,77,Desarrollo,5.83570253760331,1.039622641509434,6.066928487206461,272,180.0,365.0
Manihot esculenta,2020-03-18,78,Desarrollo,5.574864387172866,1.0547169811320756,5.879904136659683,272,180.0,365.0
Manihot esculenta,2020-03-19,79,Desarrollo,5.697934228914344,1.069811320754717,6.0957145430083655,272,180.0,365.0
Manihot esculenta,2020-03-20,80,Desarrollo,4.42045445652641,1.0849056603773586,4.795776061325823,272,180.0,365.0
Manihot esculenta,2020-03-21,81,Desarrollo,4.960314786421425,1.1,5.456346265063568,272,180.0,365.0
Manihot esculenta,2020-03-22,82,Media,5.502670992244579,1.1,6.052938091469038,272,180.0,365.0
Manihot esculenta,2020-03-23,83,Media,5.334791370847758,1.1,5.868270507932534,272,180.0,365.0
Manihot esculenta,2020-03-24,84,Media,5.093265037626732,1.1,5.602591541389406,272,180.0,365.0
Manihot esculenta,2020-03-25,85,Media,5.08327728425441,1.1,5.591605012679851,272,180.0,365.0
Manihot esculenta,2020-03-26,86,Media,5.082445367913009,1.1,5.590689904704311,272,180.0,365.0
Manihot esculenta,2020-03-27,87,Media,5.4390638036018695,1.1,5.982970183962057,272,180.0,365.0
Manihot esculenta,2020-03-28,88,Media,5.938855820211203,1.1,6.532741402232324,272,180.0,365.0
Manihot esculenta,2020-03-29,89,Media,5.772266145547249,1.1,6.349492760101975,272,180.0,365.0
Manihot esculenta,2020-03-30,90,Media,4.268884862000304,1.1,4.695773348200334,272,180.0,365.0
Manihot esculenta,2020-03-31,91,Media,3.869483000311269,1.1,4.256431300342396,272,180.0,365.0
Manihot esculenta,2020-04-01,92,Media,3.2427245727845486,1.1,3.566997030063004,272,180.0,365.0
Manihot esculenta,2020-04-02,93,Media,3.7485211338517472,1.1,4.1233732472369224,272,180.0,365.0
Manihot esculenta,2020-04-03,94,Media,3.9267267321665,1.1,4.31939940538315,272,180.0,365.0
Manihot esculenta,2020-04-04,95,Media,4.171873170542142,1.1,4.589060487596356,272,180.0,365.0
Manihot esculenta,2020-04-05,96,Media,3.971950258660795,1.1,4.369145284526875,272,180.0,365.0
Manihot esculenta,2020-04-06,97,Media,3.382815642967628,1.1,3.721097207264391,272,180.0,365.0
Manihot esculenta,2020-04-07,98,Media,4.407811587832225,1.1,4.848592746615449,272,180.0,365.0
Manihot esculenta,2020-04-08,99,Media,4.553849513367484,1.1,5.009234464704233,272,180.0,365.0
Manihot esculenta,2020-04-09,100,Media,4.39381383970363,1.1,4.833195223673993,272,180.0,365.0
Manihot esculenta,2020-04-10,101,Media,4.181827632536279,1.1,4.600010395789907,272,180.0,365.0
Manihot esculenta,2020-04-11,102,Media,3.6449943199608414,1.1,4.009493751956926,272,180.0,365.0
Manihot esculenta,2020-04-12,103,Media,4.758009669578084,1.1,5.2338106365358925,272,180.0,365.0
Manihot esculenta,2020-04-13,104,Media,5.097136191974038,1.1,5.606849811171442,272,180.0,365.0
Manihot esculenta,2020-04-14,105,Media,4.775219418043966,1.1,5.252741359848364,272,180.0,365.0
Manihot esculenta,2020-04-15,106,Media,4.724265658151029,1.1,5.196692223966132,272,180.0,365.0
Manihot esculenta,2020-04-16,107,Media,4.975741111657308,1.1,5.473315222823039,272,180.0,365.0
Manihot esculenta,2020-04-17,108,Media,5.099186674583073,1.1,5.6091053420413814,272,180.0,365.0
Manihot esculenta,2020-04-18,109,Media,4.366363887481977,1.1,4.803000276230175,272,180.0,365.0
Manihot esculenta,2020-04-19,110,Media,3.9567620364966767,1.1,4.352438240146345,272,180.0,365.0
Manihot esculenta,2020-04-20,111,Media,4.216247063133324,1.1,4.637871769446657,272,180.0,365.0
Manihot esculenta,2020-04-21,112,Media,2.4213223299251503,1.1,2.6634545629176656,272,180.0,365.0
Manihot esculenta,2020-04-22,113,Media,3.966739414884036,1.1,4.3634133563724395,272,180.0,365.0
Manihot esculenta,2020-04-23,114,Media,4.176968970284008,1.1,4.5946658673124094,272,180.0,365.0
Manihot esculenta,2020-04-24,115,Media,4.179940842942102,1.1,4.597934927236313,272,180.0,365.0
Manihot esculenta,2020-04-25,116,Media,4.420086464178048,1.1,4.862095110595853,272,180.0,365.0
Manihot esculenta,2020-04-26,117,Media,4.795805768456103,1.1,5.275386345301714,272,180.0,365.0
Manihot esculenta,2020-04-27,118,Media,4.749628009057083,1.1,5.224590809962791,272,180.0,365.0
Manihot esculenta,2020-04-28,119,Media,4.20306507226404,1.1,4.623371579490444,272,180.0,365.0
Manihot esculenta,2020-04-29,120,Media,4.447677947515817,1.1,4.892445742267399,272,180.0,365.0
Manihot esculenta,2020-04-30,121,Media,3.839969022636929,1.1,4.2239659249006225,272,180.0,365.0
Manihot esculenta,2020-05-01,122,Media,4.037545873511891,1.1,4.44130046086308,272,180.0,365.0
Manihot esculenta,2020-05-02,123,Media,4.527804090912303,1.1,4.980584500003534,272,180.0,365.0
Manihot esculenta,2020-05-03,124,Media,4.0420568028218655,1.1,4.446262483104053,272,180.0,365.0
Manihot esculenta,2020-05-04,125,Media,2.910478027384988,1.1,3.201525830123487,272,180.0,365.0
Manihot esculenta,2020-05-05,126,Media,4.236576871442634,1.1,4.660234558586898,272,180.0,365.0
Manihot esculenta,2020-05-06,127,Media,4.156910268020909,1.1,4.572601294823,272,180.0,365.0
Manihot esculenta,2020-05-07,128,Media,3.518333780526942,1.1,3.8701671585796364,272,180.0,365.0
Manihot esculenta,2020-05-08,129,Media,4.2891176039503565,1.1,4.7180293643453926,272,180.0,365.0
Manihot esculenta,2020-05-09,130,Media,4.530429486801288,1.1,4.983472435481417,272,180.0,365.0
Manihot esculenta,2020-05-10,131,Media,5.090808825406927,1.1,5.59988970794762,272,180.0,365.0
Manihot esculenta,2020-05-11,132,Media,4.379312990103055,1.1,4.817244289113361,272,180.0,365.0
Manihot esculenta,2020-05-12,133,Media,3.4682140462837943,1.1,3.8150354509121738,272,180.0,365.0
Manihot esculenta,2020-05-13,134,Media,3.058526114918039,1.1,3.3643787264098433,272,180.0,365.0
Manihot esculenta,2020-05-14,135,Media,4.498737845606531,1.1,4.948611630167184,272,180.0,365.0
Manihot esculenta,2020-05-15,136,Media,3.9835107373592553,1.1,4.381861811095181,272,180.0,365.0
Manihot esculenta,2020-05-16,137,Media,4.126719748741372,1.1,4.539391723615509,272,180.0,365.0
Manihot esculenta,2020-05-17,138,Media,3.63332119900562,1.1,3.996653318906182,272,180.0,365.0
Manihot esculenta,2020-05-18,139,Media,3.955784945819421,1.1,4.3513634404013635,272,180.0,365.0
Manihot esculenta,2020-05-19,140,Media,3.026546271550344,1.1,3.3292008987053787,272,180.0,365.0
Manihot esculenta,2020-05-20,141,Media,5.037929418215409,1.1,5.5417223600369505,272,180.0,365.0
Manihot esculenta,2020-05-21,142,Media,4.101033761127129,1.1,4.511137137239841,272,180.0,365.0
Manihot esculenta,2020-05-22,143,Media,2.796770813139237,1.1,3.076447894453161,272,180.0,365.0
Manihot esculenta,2020-05-23,144,Media,4.656040591953797,1.1,5.121644651149177,272,180.0,365.0
Manihot esculenta,2020-05-24,145,Media,4.237304098603268,1.1,4.661034508463595,272,180.0,365.0
Manihot esculenta,2020-05-25,146,Media,3.573508956255184,1.1,3.9308598518807027,272,180.0,365.0
Manihot esculenta,2020-05-26,147,Media,4.011964180681387,1.1,4.413160598749526,272,180.0,365.0
Manihot esculenta,2020-05-27,148,Media,2.3794897379620776,1.1,2.6174387117582856,272,180.0,365.0
Manihot esculenta,2020-05-28,149,Media,3.866697912578719,1.1,4.253367703836592,272,180.0,365.0
Manihot esculenta,2020-05-29,150,Media,4.306724288121328,1.1,4.7373967169334605,272,180.0,365.0
Manihot esculenta,2020-05-30,151,Media,2.1130225903599085,1.1,2.3243248493958997,272,180.0,365.0
Manihot esculenta,2020-05-31,152,Media,3.692102971619515,1.1,4.061313268781467,272,180.0,365.0
Manihot esculenta,2020-06-01,153,Media,3.841945755099135,1.1,4.226140330609049,272,180.0,365.0
Manihot esculenta,2020-06-02,154,Media,2.477764032127816,1.1,2.725540435340598,272,180.0,365.0
Manihot esculenta,2020-06-03,155,Media,4.275472459424811,1.1,4.703019705367292,272,180.0,365.0
Manihot esculenta,2020-06-04,156,Media,4.679808008754871,1.1,5.147788809630359,272,180.0,365.0
Manihot esculenta,2020-06-05,157,Media,3.578248641580178,1.1,3.936073505738196,272,180.0,365.0
Manihot esculenta,2020-06-06,158,Media,3.2018793462448034,1.1,3.522067280869284,272,180.0,365.0
Manihot esculenta,2020-06-07,159,Media,4.509980804589562,1.1,4.960978885048518,272,180.0,365.0
Manihot esculenta,2020-06-08,160,Media,4.805696918339457,1.1,5.286266610173403,272,180.0,365.0
Manihot esculenta,2020-06-09,161,Media,4.135464586604659,1.1,4.549011045265125,272,180.0,365.0
Manihot esculenta,2020-06-10,162,Media,2.362623995681945,1.1,2.5988863952501395,272,180.0,365.0
Manihot esculenta,2020-06-11,163,Media,4.252935820953012,1.1,4.678229403048314,272,180.0,365.0
Manihot esculenta,2020-06-12,164,Media,3.956448261858663,1.1,4.35209308804453,272,180.0,365.0
Manihot esculenta,2020-06-13,165,Media,4.627252075235235,1.1,5.089977282758759,272,180.0,365.0
Manihot esculenta,2020-06-14,166,Media,3.8934759933570415,1.1,4.282823592692746,272,180.0,365.0
Manihot esculenta,2020-06-15,167,Media,2.8420694569866,1.1,3.1262764026852605,272,180.0,365.0
Manihot esculenta,2020-06-16,168,Media,4.225600673040118,1.1,4.64816074034413,272,180.0,365.0
Manihot esculenta,2020-06-17,169,Media,4.170497853746984,1.1,4.587547639121683,272,180.0,365.0
Manihot esculenta,2020-06-18,170,Media,4.779111299859947,1.1,5.257022429845942,272,180.0,365.0
Manihot esculenta,2020-06-19,171,Media,4.473763179936717,1.1,4.9211394979303895,272,180.0,365.0
Manihot esculenta,2020-06-20,172,Media,3.998015197773331,1.1,4.397816717550665,272,180.0,365.0
Manihot esculenta,2020-06-21,173,Media,3.753650777715088,1.1,4.129015855486597,272,180.0,365.0
Manihot esculenta,2020-06-22,174,Media,4.826605638325017,1.1,5.309266202157518,272,180.0,365.0
Manihot esculenta,2020-06-23,175,Media,4.260006858446006,1.1,4.686007544290606,272,180.0,365.0
Manihot esculenta,2020-06-24,176,Media,4.480157813320103,1.1,4.9281735946521135,272,180.0,365.0
Manihot esculenta,2020-06-25,177,Media,4.481496850586955,1.1,4.9296465356456505,272,180.0,365.0
Manihot esculenta,2020-06-26,178,Media,4.264073921871598,1.1,4.690481314058759,272,180.0,365.0
Manihot esculenta,2020-06-27,179,Media,4.273627129391677,1.1,4.700989842330845,272,180.0,365.0
Manihot esculenta,2020-06-28,180,Media,3.24494448555568,1.1,3.5694389341112482,272,180.0,365.0
Manihot esculenta,2020-06-29,181,Media,4.694863639358062,1.1,5.164350003293869,272,180.0,365.0
Manihot esculenta,2020-06-30,182,Media,4.303647730467016,1.1,4.734012503513719,272,180.0,365.0
Manihot esculenta,2020-07-01,183,Media,4.355692650137311,1.1,4.791261915151043,272,180.0,365.0
Manihot esculenta,2020-07-02,184,Media,3.485719350238677,1.1,3.834291285262545,272,180.0,365.0
Manihot esculenta,2020-07-03,185,Media,4.702205052709622,1.1,5.172425557980584,272,180.0,365.0
Manihot esculenta,2020-07-04,186,Media,3.456561544914263,1.1,3.8022176994056895,272,180.0,365.0
Manihot esculenta,2020-07-05,187,Media,3.506312142584468,1.1,3.8569433568429154,272,180.0,365.0
Manihot esculenta,2020-07-06,188,Media,4.579023556434734,1.1,5.036925912078208,272,180.0,365.0
Manihot esculenta,2020-07-07,189,Media,4.253081582098771,1.1,4.678389740308648,272,180.0,365.0
Manihot esculenta,2020-07-08,190,Media,4.3563786390822,1.1,4.79201650299042,272,180.0,365.0
Manihot esculenta,2020-07-09,191,Media,4.965814433450994,1.1,5.462395876796094,272,180.0,365.0
Manihot esculenta,2020-07-10,192,Media,3.359519117946482,1.1,3.6954710297411304,272,180.0,365.0
Manihot esculenta,2020-07-11,193,Media,3.688532729976453,1.1,4.0573860029740985,272,180.0,365.0
Manihot esculenta,2020-07-12,194,Media,3.8224897552685433,1.1,4.204738730795398,272,180.0,365.0
Manihot esculenta,2020-07-13,195,Media,5.044651018770086,1.1,5.549116120647095,272,180.0,365.0
Manihot esculenta,2020-07-14,196,Media,3.966618835047466,1.1,4.363280718552213,272,180.0,365.0
Manihot esculenta,2020-07-15,197,Media,4.806663009635142,1.1,5.287329310598657,272,180.0,365.0
Manihot esculenta,2020-07-16,198,Media,3.414186953513969,1.1,3.7556056488653664,272,180.0,365.0
Manihot esculenta,2020-07-17,199,Media,4.872827823838737,1.1,5.3601106062226105,272,180.0,365.0
Manihot esculenta,2020-07-18,200,Media,4.306784447251676,1.1,4.737462891976844,272,180.0,365.0
Manihot esculenta,2020-07-19,201,Media,4.708966543052017,1.1,5.179863197357219,272,180.0,365.0
Manihot esculenta,2020-07-20,202,Media,2.3296760085275645,1.1,2.5626436093803213,272,180.0,365.0
Manihot esculenta,2020-07-21,203,Media,4.152146999927764,1.1,4.56736169992054,272,180.0,365.0
Manihot esculenta,2020-07-22,204,Media,2.9526576766577493,1.1,3.2479234443235243,272,180.0,365.0
Manihot esculenta,2020-07-23,205,Media,3.9615955238902383,1.1,4.357755076279262,272,180.0,365.0
Manihot esculenta,2020-07-24,206,Media,3.24614280775243,1.1,3.5707570885276736,272,180.0,365.0
Manihot esculenta,2020-07-25,207,Media,3.0407095064001863,1.1,3.3447804570402053,272,180.0,365.0
Manihot esculenta,2020-07-26,208,Media,4.527452011372625,1.1,4.9801972125098874,272,180.0,365.0
Manihot esculenta,2020-07-27,209,Media,4.595776374973429,1.1,5.055354012470772,272,180.0,365.0
Manihot esculenta,2020-07-28,210,Media,5.054397792074072,1.1,5.55983757128148,272,180.0,365.0
Manihot esculenta,2020-07-29,211,Media,5.278036385690802,1.1,5.805840024259883,272,180.0,365.0
Manihot esculenta,2020-07-30,212,Media,3.786690872561688,1.1,4.165359959817857,272,180.0,365.0
Manihot esculenta,2020-07-31,213,Media,4.6515807288768,1.1,5.11673880176448,272,180.0,365.0
Manihot esculenta,2020-08-01,214,Media,4.9228144650869785,1.1,5.415095911595677,272,180.0,365.0
Manihot esculenta,2020-08-02,215,Media,5.050248419797471,1.1,5.555273261777219,272,180.0,365.0
Manihot esculenta,2020-08-03,216,Media,3.626910663667164,1.1,3.989601730033881,272,180.0,365.0
Manihot esculenta,2020-08-04,217,Media,4.765099022618414,1.1,5.241608924880256,272,180.0,365.0
Manihot esculenta,2020-08-05,218,Media,4.141751147270062,1.1,4.555926261997069,272,180.0,365.0
Manihot esculenta,2020-08-06,219,Media,3.2912706367432163,1.1,3.6203977004175383,272,180.0,365.0
Manihot esculenta,2020-08-07,220,Media,4.479870784167095,1.1,4.927857862583805,272,180.0,365.0
Manihot esculenta,2020-08-08,221,Media,5.195269035097949,1.1,5.714795938607745,272,180.0,365.0
Manihot esculenta,2020-08-09,222,Media,4.53214449818606,1.1,4.9853589480046665,272,180.0,365.0
Manihot esculenta,2020-08-10,223,Media,4.733094536658355,1.1,5.2064039903241905,272,180.0,365.0
Manihot esculenta,2020-08-11,224,Media,3.563099482237779,1.1,3.919409430461557,272,180.0,365.0
Manihot esculenta,2020-08-12,225,Media,4.54611235483656,1.1,5.0007235903202165,272,180.0,365.0
Manihot esculenta,2020-08-13,226,Media,4.297620875617487,1.1,4.727382963179236,272,180.0,365.0
Manihot esculenta,2020-08-14,227,Media,4.74849189972651,1.1,5.223341089699161,272,180.0,365.0
Manihot esculenta,2020-08-15,228,Media,3.885861013588292,1.1,4.2744471149471215,272,180.0,365.0
Manihot esculenta,2020-08-16,229,Media,3.702135624448488,1.1,4.072349186893337,272,180.0,365.0
Manihot esculenta,2020-08-17,230,Media,3.928490271700703,1.1,4.3213392988707735,272,180.0,365.0
Manihot esculenta,2020-08-18,231,Media,3.6174996315809977,1.1,3.979249594739098,272,180.0,365.0
Manihot esculenta,2020-08-19,232,Final,3.3011251488148847,1.1,3.6312376636963735,272,180.0,365.0
Manihot esculenta,2020-08-20,233,Final,4.002884591342832,1.0925,4.373151416042044,272,180.0,365.0
Manihot esculenta,2020-08-21,234,Final,3.355238416450108,1.0850000000000002,3.640433681848368,272,180.0,365.0
Manihot esculenta,2020-08-22,235,Final,3.8287673512339806,1.0775000000000001,4.125496820954615,272,180.0,365.0
Manihot esculenta,2020-08-23,236,Final,4.689958971722287,1.07,5.018256099742848,272,180.0,365.0
Manihot esculenta,2020-08-24,237,Final,4.490793125805997,1.0625,4.771467696168871,272,180.0,365.0
Manihot esculenta,2020-08-25,238,Final,4.033366442863723,1.0550000000000002,4.255201597221228,272,180.0,365.0
Manihot esculenta,2020-08-26,239,Final,3.613257090104457,1.0475,3.784886801884419,272,180.0,365.0
Manihot esculenta,2020-08-27,240,Final,4.2498743973737625,1.04,4.419869373268713,272,180.0,365.0
Manihot esculenta,2020-08-28,241,Final,4.864386442127915,1.0325,5.022479001497072,272,180.0,365.0
Manihot esculenta,2020-08-29,242,Final,4.521322200595085,1.0250000000000001,4.634355255609963,272,180.0,365.0
Manihot esculenta,2020-08-30,243,Final,3.785769875319784,1.0175,3.8520208481378804,272,180.0,365.0
Manihot esculenta,2020-08-31,244,Final,5.006352927655218,1.01,5.05641645693177,272,180.0,365.0
Manihot esculenta,2020-09-01,245,Final,4.821058387008902,1.0025000000000002,4.833111032976425,272,180.0,365.0
Manihot esculenta,2020-09-02,246,Final,2.9963688952924703,0.9950000000000001,2.981387050816008,272,180.0,365.0
Manihot esculenta,2020-09-03,247,Final,4.65756045987399,0.9875,4.599340954125565,272,180.0,365.0
Manihot esculenta,2020-09-04,248,Final,3.908467935746292,0.9800000000000001,3.8302985770313667,272,180.0,365.0
Manihot esculenta,2020-09-05,249,Final,5.048749988798559,0.9725000000000001,4.9099093641066,272,180.0,365.0
Manihot esculenta,2020-09-06,250,Final,3.537541052028537,0.9650000000000001,3.4137271152075384,272,180.0,365.0
Manihot esculenta,2020-09-07,251,Final,3.775648761285424,0.9575,3.6151836889307933,272,180.0,365.0
Manihot esculenta,2020-09-08,252,Final,2.1161597874228835,0.9500000000000001,2.0103517980517394,272,180.0,365.0
Manihot esculenta,2020-09-09,253,Final,4.974871736361889,0.9425000000000001,4.688816611521081,272,180.0,365.0
Manihot esculenta,2020-09-10,254,Final,4.900194006595503,0.935,4.581681396166795,272,180.0,365.0
Manihot esculenta,2020-09-11,255,Final,3.214804215155399,0.9275000000000001,2.981730909556633,272,180.0,365.0
Manihot esculenta,2020-09-12,256,Final,3.762540547888337,0.92,3.46153730405727,272,180.0,365.0
Manihot esculenta,2020-09-13,257,Final,3.958058827073992,0.9125000000000001,3.611728679705018,272,180.0,365.0
Manihot esculenta,2020-09-14,258,Final,3.9688249435094742,0.905,3.591786573876074,272,180.0,365.0
Manihot esculenta,2020-09-15,259,Final,2.968323384378773,0.8975000000000001,2.664070237479949,272,180.0,365.0
Manihot esculenta,2020-09-16,260,Final,2.829173192770043,0.8900000000000001,2.5179641415653387,272,180.0,365.0
Manihot esculenta,2020-09-17,261,Final,4.729539783438329,0.8825000000000001,4.173818858884326,272,180.0,365.0
Manihot esculenta,2020-09-18,262,Final,3.219973132079937,0.875,2.817476490569945,272,180.0,365.0
Manihot esculenta,2020-09-19,263,Final,4.280851863551956,0.8675,3.7136389916313224,272,180.0,365.0
Manihot esculenta,2020-09-20,264,Final,4.0519806295124905,0.8600000000000001,3.484703341380742,272,180.0,365.0
Manihot esculenta,2020-09-21,265,Final,4.375976895868489,0.8525,3.730520303727887,272,180.0,365.0
Manihot esculenta,2020-09-22,266,Final,4.637260599957496,0.8450000000000001,3.918485206964084,272,180.0,365.0
Manihot esculenta,2020-09-23,267,Final,4.177778381662782,0.8375,3.49888939464258,272,180.0,365.0
Manihot esculenta,2020-09-24,268,Final,3.8549075607667063,0.8300000000000001,3.1995732754363666,272,180.0,365.0
Manihot esculenta,2020-09-25,269,Final,3.725479458078222,0.8225,3.0642068542693375,272,180.0,365.0
Manihot esculenta,2020-09-26,270,Final,4.95171105332111,0.8150000000000001,4.035644508456705,272,180.0,365.0
Manihot esculenta,2020-09-27,271,Final,3.2610430870517333,0.8075000000000001,2.633292292794275,272,180.0,365.0
Manihot esculenta,2020-09-28,272,Final,4.5882101465053005,0.8,3.6705681172042404,272,180.0,365.0
Oryza sativa,2020-01-01,1,Inicial,3.587955567412679,1.05,3.767353345783313,130,80.0,180.0
Oryza sativa,2020-01-02,2,Inicial,4.252367304534883,1.05,4.464985669761627,130,80.0,180.0
Oryza sativa,2020-01-03,3,Inicial,4.465400344626742,1.05,4.68867036185808,130,80.0,180.0
Oryza sativa,2020-01-04,4,Inicial,4.337331433983592,1.05,4.554198005682772,130,80.0,180.0
Oryza sativa,2020-01-05,5,Inicial,4.175360238431539,1.05,4.3841282503531165,130,80.0,180.0
Oryza sativa,2020-01-06,6,Inicial,4.07350556759288,1.05,4.2771808459725245,130,80.0,180.0
Oryza sativa,2020-01-07,7,Inicial,4.359263661018607,1.05,4.577226844069538,130,80.0,180.0
Oryza sativa,2020-01-08,8,Inicial,4.490663231273646,1.05,4.715196392837329,130,80.0,180.0
Oryza sativa,2020-01-09,9,Inicial,4.730248192488025,1.05,4.966760602112426,130,80.0,180.0
Oryza sativa,2020-01-10,10,Inicial,4.736258197961163,1.05,4.973071107859222,130,80.0,180.0
Oryza sativa,2020-01-11,11,Inicial,4.878349152325089,1.05,5.122266609941343,130,80.0,180.0
Oryza sativa,2020-01-12,12,Inicial,4.985976287971725,1.05,5.235275102370311,130,80.0,180.0
Oryza sativa,2020-01-13,13,Inicial,5.00521858703657,1.05,5.255479516388398,130,80.0,180.0
Oryza sativa,2020-01-14,14,Desarrollo,4.849421189390958,1.05,5.091892248860506,130,80.0,180.0
Oryza sativa,2020-01-15,15,Desarrollo,4.504764577859355,1.056,4.757031394219479,130,80.0,180.0
Oryza sativa,2020-01-16,16,Desarrollo,4.738417253195859,1.062,5.032199122894003,130,80.0,180.0
Oryza sativa,2020-01-17,17,Desarrollo,5.035114991107441,1.068,5.3775028105027465,130,80.0,180.0
Oryza sativa,2020-01-18,18,Desarrollo,5.030519417873925,1.074,5.402777854796596,130,80.0,180.0
Oryza sativa,2020-01-19,19,Desarrollo,4.670633650540201,1.08,5.044284342583417,130,80.0,180.0
Oryza sativa,2020-01-20,20,Desarrollo,3.686415859256593,1.086,4.003447623152661,130,80.0,180.0
Oryza sativa,2020-01-21,21,Desarrollo,3.607475829399888,1.092,3.9393636057046777,130,80.0,180.0
Oryza sativa,2020-01-22,22,Desarrollo,3.1141000792132743,1.098,3.4192818869761754,130,80.0,180.0
Oryza sativa,2020-01-23,23,Desarrollo,3.573160403821106,1.104,3.944769085818501,130,80.0,180.0
Oryza sativa,2020-01-24,24,Desarrollo,3.187955296371513,1.11,3.53863037897238,130,80.0,180.0
Oryza sativa,2020-01-25,25,Desarrollo,3.6667484430683994,1.116,4.092091262464334,130,80.0,180.0
Oryza sativa,2020-01-26,26,Desarrollo,4.11908475660251,1.1219999999999999,4.621613096908016,130,80.0,180.0
Oryza sativa,2020-01-27,27,Desarrollo,3.9498590124386266,1.1280000000000001,4.455440966030771,130,80.0,180.0
Oryza sativa,2020-01-28,28,Desarrollo,4.21368376010019,1.134,4.778317383953615,130,80.0,180.0
Oryza sativa,2020-01-29,29,Desarrollo,4.245453570244781,1.14,4.839817070079049,130,80.0,180.0
Oryza sativa,2020-01-30,30,Desarrollo,4.552871366932626,1.146,5.217590586504789,130,80.0,180.0
Oryza sativa,2020-01-31,31,Desarrollo,4.325793529473186,1.152,4.98331414595311,130,80.0,180.0
Oryza sativa,2020-02-01,32,Desarrollo,3.998866506251721,1.158,4.6306874142394925,130,80.0,180.0
Oryza sativa,2020-02-02,33,Desarrollo,3.3912160222230137,1.164,3.9473754498675877,130,80.0,180.0
Oryza sativa,2020-02-03,34,Desarrollo,4.1206820470414565,1.17,4.821197995038504,130,80.0,180.0
Oryza sativa,2020-02-04,35,Desarrollo,5.245484578078671,1.176,6.168689863820517,130,80.0,180.0
Oryza sativa,2020-02-05,36,Desarrollo,4.860534243716486,1.182,5.745151476072886,130,80.0,180.0
Oryza sativa,2020-02-06,37,Desarrollo,4.986234569608164,1.188,5.923646668694499,130,80.0,180.0
Oryza sativa,2020-02-07,38,Desarrollo,5.300436257395595,1.194,6.32872089133034,130,80.0,180.0
Oryza sativa,2020-02-08,39,Desarrollo,4.878450275972932,1.2,5.8541403311675175,130,80.0,180.0
Oryza sativa,2020-02-09,40,Media,5.231393658034011,1.2,6.277672389640813,130,80.0,180.0
Oryza sativa,2020-02-10,41,Media,5.396548676577161,1.2,6.475858411892593,130,80.0,180.0
Oryza sativa,2020-02-11,42,Media,5.3238633634380506,1.2,6.388636036125661,130,80.0,180.0
Oryza sativa,2020-02-12,43,Media,5.200653135949962,1.2,6.240783763139954,130,80.0,180.0
Oryza sativa,2020-02-13,44,Media,5.273751188043004,1.2,6.328501425651605,130,80.0,180.0
Oryza sativa,2020-02-14,45,Media,4.990486252421026,1.2,5.9885835029052314,130,80.0,180.0
Oryza sativa,2020-02-15,46,Media,4.88883355331889,1.2,5.866600263982668,130,80.0,180.0
Oryza sativa,2020-02-16,47,Media,5.160411748067589,1.2,6.192494097681107,130,80.0,180.0
Oryza sativa,2020-02-17,48,Media,5.324378032877199,1.2,6.3892536394526385,130,80.0,180.0
Oryza sativa,2020-02-18,49,Media,5.873483837420854,1.2,7.048180604905024,130,80.0,180.0
Oryza sativa,2020-02-19,50,Media,5.719738979286149,1.2,6.863686775143378,130,80.0,180.0
Oryza sativa,2020-02-20,51,Media,5.425694179101471,1.2,6.510833014921764,130,80.0,180.0
Oryza sativa,2020-02-21,52,Media,4.721249254476128,1.2,5.665499105371354,130,80.0,180.0
Oryza sativa,2020-02-22,53,Media,4.042379172630542,1.2,4.8508550071566505,130,80.0,180.0
Oryza sativa,2020-02-23,54,Media,3.963860596266885,1.2,4.756632715520262,130,80.0,180.0
Oryza sativa,2020-02-24,55,Media,4.485677353163073,1.2,5.382812823795687,130,80.0,180.0
Oryza sativa,2020-02-25,56,Media,3.930010485002768,1.2,4.716012582003321,130,80.0,180.0
Oryza sativa,2020-02-26,57,Media,4.4703605662621575,1.2,5.3644326795145885,130,80.0,180.0
Oryza sativa,2020-02-27,58,Media,4.417350397862795,1.2,5.300820477435354,130,80.0,180.0
Oryza sativa,2020-02-28,59,Media,4.956969272710255,1.2,5.948363127252306,130,80.0,180.0
Oryza sativa,2020-02-29,60,Media,4.758649355859213,1.2,5.710379227031056,130,80.0,180.0
Oryza sativa,2020-03-01,61,Media,5.547790395695952,1.2,6.657348474835142,130,80.0,180.0
Oryza sativa,2020-03-02,62,Media,5.412170272915391,1.2,6.494604327498469,130,80.0,180.0
Oryza sativa,2020-03-03,63,Media,5.345178762739399,1.2,6.414214515287279,130,80.0,180.0
Oryza sativa,2020-03-04,64,Media,5.504030963966443,1.2,6.604837156759731,130,80.0,180.0
Oryza sativa,2020-03-05,65,Media,5.18182365354728,1.2,6.218188384256735,130,80.0,180.0
Oryza sativa,2020-03-06,66,Media,5.538285678845764,1.2,6.645942814614917,130,80.0,180.0
Oryza sativa,2020-03-07,67,Media,4.598203140903725,1.2,5.51784376908447,130,80.0,180.0
Oryza sativa,2020-03-08,68,Media,4.891508307493643,1.2,5.869809968992372,130,80.0,180.0
Oryza sativa,2020-03-09,69,Media,5.572089802693309,1.2,6.686507763231971,130,80.0,180.0
Oryza sativa,2020-03-10,70,Media,4.644444484136557,1.2,5.573333380963867,130,80.0,180.0
Oryza sativa,2020-03-11,71,Media,3.657668087024417,1.2,4.389201704429301,130,80.0,180.0
Oryza sativa,2020-03-12,72,Media,3.6987249479123503,1.2,4.43846993749482,130,80.0,180.0
Oryza sativa,2020-03-13,73,Media,4.497419263089577,1.2,5.396903115707492,130,80.0,180.0
Oryza sativa,2020-03-14,74,Media,5.444531952139149,1.2,6.533438342566979,130,80.0,180.0
Oryza sativa,2020-03-15,75,Media,5.5452684892377455,1.2,6.654322187085294,130,80.0,180.0
Oryza sativa,2020-03-16,76,Media,5.888282577175485,1.2,7.0659390926105825,130,80.0,180.0
Oryza sativa,2020-03-17,77,Media,5.83570253760331,1.2,7.002843045123972,130,80.0,180.0
Oryza sativa,2020-03-18,78,Media,5.574864387172866,1.2,6.689837264607439,130,80.0,180.0
Oryza sativa,2020-03-19,79,Media,5.697934228914344,1.2,6.8375210746972135,130,80.0,180.0
Oryza sativa,2020-03-20,80,Media,4.42045445652641,1.2,5.3045453478316915,130,80.0,180.0
Oryza sativa,2020-03-21,81,Media,4.960314786421425,1.2,5.95237774370571,130,80.0,180.0
Oryza sativa,2020-03-22,82,Media,5.502670992244579,1.2,6.603205190693495,130,80.0,180.0
Oryza sativa,2020-03-23,83,Media,5.334791370847758,1.2,6.4017496450173095,130,80.0,180.0
Oryza sativa,2020-03-24,84,Media,5.093265037626732,1.2,6.111918045152078,130,80.0,180.0
Oryza sativa,2020-03-25,85,Media,5.08327728425441,1.2,6.099932741105292,130,80.0,180.0
Oryza sativa,2020-03-26,86,Media,5.082445367913009,1.2,6.098934441495611,130,80.0,180.0
Oryza sativa,2020-03-27,87,Media,5.4390638036018695,1.2,6.526876564322243,130,80.0,180.0
Oryza sativa,2020-03-28,88,Media,5.938855820211203,1.2,7.126626984253444,130,80.0,180.0
Oryza sativa,2020-03-29,89,Media,5.772266145547249,1.2,6.926719374656699,130,80.0,180.0
Oryza sativa,2020-03-30,90,Media,4.268884862000304,1.2,5.122661834400365,130,80.0,180.0
Oryza sativa,2020-03-31,91,Media,3.869483000311269,1.2,4.643379600373523,130,80.0,180.0
Oryza sativa,2020-04-01,92,Media,3.2427245727845486,1.2,3.891269487341458,130,80.0,180.0
Oryza sativa,2020-04-02,93,Media,3.7485211338517472,1.2,4.498225360622096,130,80.0,180.0
Oryza sativa,2020-04-03,94,Media,3.9267267321665,1.2,4.7120720785998,130,80.0,180.0
Oryza sativa,2020-04-04,95,Media,4.171873170542142,1.2,5.00624780465057,130,80.0,180.0
Oryza sativa,2020-04-05,96,Media,3.971950258660795,1.2,4.766340310392954,130,80.0,180.0
Oryza sativa,2020-04-06,97,Media,3.382815642967628,1.2,4.059378771561153,130,80.0,180.0
Oryza sativa,2020-04-07,98,Media,4.407811587832225,1.2,5.28937390539867,130,80.0,180.0
Oryza sativa,2020-04-08,99,Media,4.553849513367484,1.2,5.464619416040981,130,80.0,180.0
Oryza sativa,2020-04-09,100,Media,4.39381383970363,1.2,5.272576607644356,130,80.0,180.0
Oryza sativa,2020-04-10,101,Media,4.181827632536279,1.2,5.018193159043534,130,80.0,180.0
Oryza sativa,2020-04-11,102,Media,3.6449943199608414,1.2,4.37399318395301,130,80.0,180.0
Oryza sativa,2020-04-12,103,Media,4.758009669578084,1.2,5.709611603493701,130,80.0,180.0
Oryza sativa,2020-04-13,104,Media,5.097136191974038,1.2,6.116563430368846,130,80.0,180.0
Oryza sativa,2020-04-14,105,Media,4.775219418043966,1.2,5.7302633016527595,130,80.0,180.0
Oryza sativa,2020-04-15,106,Media,4.724265658151029,1.2,5.669118789781234,130,80.0,180.0
Oryza sativa,2020-04-16,107,Media,4.975741111657308,1.2,5.970889333988769,130,80.0,180.0
Oryza sativa,2020-04-17,108,Media,5.099186674583073,1.2,6.119024009499688,130,80.0,180.0
Oryza sativa,2020-04-18,109,Media,4.366363887481977,1.2,5.239636664978372,130,80.0,180.0
Oryza sativa,2020-04-19,110,Media,3.9567620364966767,1.2,4.748114443796012,130,80.0,180.0
Oryza sativa,2020-04-20,111,Final,4.216247063133324,1.2,5.059496475759989,130,80.0,180.0
Oryza sativa,2020-04-21,112,Final,2.4213223299251503,1.1842105263157894,2.8673553907008356,130,80.0,180.0
Oryza sativa,2020-04-22,113,Final,3.966739414884036,1.1684210526315788,4.634821842653978,130,80.0,180.0
Oryza sativa,2020-04-23,114,Final,4.176968970284008,1.1526315789473685,4.81450633943262,130,80.0,180.0
Oryza sativa,2020-04-24,115,Final,4.179940842942102,1.1368421052631579,4.751932747765758,130,80.0,180.0
Oryza sativa,2020-04-25,116,Final,4.420086464178048,1.1210526315789473,4.955149562473285,130,80.0,180.0
Oryza sativa,2020-04-26,117,Final,4.795805768456103,1.1052631578947367,5.300627428293587,130,80.0,180.0
Oryza sativa,2020-04-27,118,Final,4.749628009057083,1.0894736842105264,5.174594725656927,130,80.0,180.0
Oryza sativa,2020-04-28,119,Final,4.20306507226404,1.0736842105263158,4.5127646039045475,130,80.0,180.0
Oryza sativa,2020-04-29,120,Final,4.447677947515817,1.0578947368421052,4.705175091845679,130,80.0,180.0
Oryza sativa,2020-04-30,121,Final,3.839969022636929,1.0421052631578946,4.001651928853221,130,80.0,180.0
Oryza sativa,2020-05-01,122,Final,4.037545873511891,1.0263157894736843,4.1437970807095725,130,80.0,180.0
Oryza sativa,2020-05-02,123,Final,4.527804090912303,1.0105263157894737,4.575465186606117,130,80.0,180.0
Oryza sativa,2020-05-03,124,Final,4.0420568028218655,0.9947368421052631,4.020782819649119,130,80.0,180.0
Oryza sativa,2020-05-04,125,Final,2.910478027384988,0.9789473684210527,2.8492048057558303,130,80.0,180.0
Oryza sativa,2020-05-05,126,Final,4.236576871442634,0.9631578947368421,4.080492460389484,130,80.0,180.0
Oryza sativa,2020-05-06,127,Final,4.156910268020909,0.9473684210526316,3.9381255170724407,130,80.0,180.0
Oryza sativa,2020-05-07,128,Final,3.518333780526942,0.9315789473684211,3.277605679754046,130,80.0,180.0
Oryza sativa,2020-05-08,129,Final,4.2891176039503565,0.9157894736842105,3.927928753091379,130,80.0,180.0
Oryza sativa,2020-05-09,130,Final,4.530429486801288,0.9,4.077386538121159,130,80.0,180.0
Phaseolus vulgaris,2020-01-01,1,Inicial,3.587955567412679,0.4,1.4351822269650718,160,50.0,270.0
Phaseolus vulgaris,2020-01-02,2,Inicial,4.252367304534883,0.4,1.7009469218139532,160,50.0,270.0
Phaseolus vulgaris,2020-01-03,3,Inicial,4.465400344626742,0.4,1.7861601378506968,160,50.0,270.0
Phaseolus vulgaris,2020-01-04,4,Inicial,4.337331433983592,0.4,1.7349325735934369,160,50.0,270.0
Phaseolus vulgaris,2020-01-05,5,Inicial,4.175360238431539,0.4,1.6701440953726157,160,50.0,270.0
Phaseolus vulgaris,2020-01-06,6,Inicial,4.07350556759288,0.4,1.6294022270371522,160,50.0,270.0
Phaseolus vulgaris,2020-01-07,7,Inicial,4.359263661018607,0.4,1.743705464407443,160,50.0,270.0
Phaseolus vulgaris,2020-01-08,8,Inicial,4.490663231273646,0.4,1.7962652925094584,160,50.0,270.0
Phaseolus vulgaris,2020-01-09,9,Inicial,4.730248192488025,0.4,1.89209927699521,160,50.0,270.0
Phaseolus vulgaris,2020-01-10,10,Inicial,4.736258197961163,0.4,1.8945032791844654,160,50.0,270.0
Phaseolus vulgaris,2020-01-11,11,Inicial,4.878349152325089,0.4,1.9513396609300355,160,50.0,270.0
Phaseolus vulgaris,2020-01-12,12,Inicial,4.985976287971725,0.4,1.99439051518869,160,50.0,270.0
Phaseolus vulgaris,2020-01-13,13,Inicial,5.00521858703657,0.4,2.002087434814628,160,50.0,270.0
Phaseolus vulgaris,2020-01-14,14,Inicial,4.849421189390958,0.4,1.9397684757563831,160,50.0,270.0
Phaseolus vulgaris,2020-01-15,15,Inicial,4.504764577859355,0.4,1.801905831143742,160,50.0,270.0
Phaseolus vulgaris,2020-01-16,16,Inicial,4.738417253195859,0.4,1.8953669012783436,160,50.0,270.0
Phaseolus vulgaris,2020-01-17,17,Desarrollo,5.035114991107441,0.4,2.0140459964429764,160,50.0,270.0
Phaseolus vulgaris,2020-01-18,18,Desarrollo,5.030519417873925,0.4241935483870968,2.1339138820981325,160,50.0,270.0
Phaseolus vulgaris,2020-01-19,19,Desarrollo,4.670633650540201,0.4483870967741936,2.094251862661574,160,50.0,270.0
Phaseolus vulgaris,2020-01-20,20,Desarrollo,3.686415859256593,0.47258064516129034,1.7421287851002933,160,50.0,270.0
Phaseolus vulgaris,2020-01-21,21,Desarrollo,3.607475829399888,0.4967741935483871,1.792100895895428,160,50.0,270.0
Phaseolus vulgaris,2020-01-22,22,Desarrollo,3.1141000792132743,0.5209677419354839,1.622345686428851,160,50.0,270.0
Phaseolus vulgaris,2020-01-23,23,Desarrollo,3.573160403821106,0.5451612903225806,1.9479487362766674,160,50.0,270.0
Phaseolus vulgaris,2020-01-24,24,Desarrollo,3.187955296371513,0.5693548387096774,1.8150777735792647,160,50.0,270.0
Phaseolus vulgaris,2020-01-25,25,Desarrollo,3.6667484430683994,0.5935483870967742,2.1763926242728564,160,50.0,270.0
Phaseolus vulgaris,2020-01-26,26,Desarrollo,4.11908475660251,0.6177419354838709,2.5445313899657442,160,50.0,270.0
Phaseolus vulgaris,2020-01-27,27,Desarrollo,3.9498590124386266,0.6419354838709677,2.5355546563718923,160,50.0,270.0
Phaseolus vulgaris,2020-01-28,28,Desarrollo,4.21368376010019,0.6661290322580645,2.8068570853570622,160,50.0,270.0
Phaseolus vulgaris,2020-01-29,29,Desarrollo,4.245453570244781,0.6903225806451613,2.9307324646205903,160,50.0,270.0
Phaseolus vulgaris,2020-01-30,30,Desarrollo,4.552871366932626,0.714516129032258,3.2531000250825053,160,50.0,270.0
Phaseolus vulgaris,2020-01-31,31,Desarrollo,4.325793529473186,0.7387096774193548,3.1955055427398698,160,50.0,270.0
Phaseolus vulgaris,2020-02-01,32,Desarrollo,3.998866506251721,0.7629032258064516,3.050748157188813,160,50.0,270.0
Phaseolus vulgaris,2020-02-02,33,Desarrollo,3.3912160222230137,0.7870967741935484,2.6692151916852107,160,50.0,270.0
Phaseolus vulgaris,2020-02-03,34,Desarrollo,4.1206820470414565,0.8112903225806452,3.3430694671965364,160,50.0,270.0
Phaseolus vulgaris,2020-02-04,35,Desarrollo,5.245484578078671,0.8354838709677419,4.3825177603947605,160,50.0,270.0
Phaseolus vulgaris,2020-02-05,36,Desarrollo,4.860534243716486,0.8596774193548387,4.178491535324011,160,50.0,270.0
Phaseolus vulgaris,2020-02-06,37,Desarrollo,4.986234569608164,0.8838709677419354,4.407187974427861,160,50.0,270.0
Phaseolus vulgaris,2020-02-07,38,Desarrollo,5.300436257395595,0.9080645161290322,4.813138085344709,160,50.0,270.0
Phaseolus vulgaris,2020-02-08,39,Desarrollo,4.878450275972932,0.932258064516129,4.5479746121167,160,50.0,270.0
Phaseolus vulgaris,2020-02-09,40,Desarrollo,5.231393658034011,0.9564516129032258,5.003574901958336,160,50.0,270.0
Phaseolus vulgaris,2020-02-10,41,Desarrollo,5.396548676577161,0.9806451612903225,5.292099347353086,160,50.0,270.0
Phaseolus vulgaris,2020-02-11,42,Desarrollo,5.3238633634380506,1.0048387096774194,5.349623992615977,160,50.0,270.0
Phaseolus vulgaris,2020-02-12,43,Desarrollo,5.200653135949962,1.029032258064516,5.351639839896896,160,50.0,270.0
Phaseolus vulgaris,2020-02-13,44,Desarrollo,5.273751188043004,1.053225806451613,5.5544508480517445,160,50.0,270.0
Phaseolus vulgaris,2020-02-14,45,Desarrollo,4.990486252421026,1.0774193548387094,5.376846478414911,160,50.0,270.0
Phaseolus vulgaris,2020-02-15,46,Desarrollo,4.88883355331889,1.1016129032258064,5.385602124059358,160,50.0,270.0
Phaseolus vulgaris,2020-02-16,47,Desarrollo,5.160411748067589,1.1258064516129032,5.8096248389535114,160,50.0,270.0
Phaseolus vulgaris,2020-02-17,48,Desarrollo,5.324378032877199,1.15,6.123034737808778,160,50.0,270.0
Phaseolus vulgaris,2020-02-18,49,Media,5.873483837420854,1.15,6.754506413033981,160,50.0,270.0
Phaseolus vulgaris,2020-02-19,50,Media,5.719738979286149,1.15,6.57769982617907,160,50.0,270.0
Phaseolus vulgaris,2020-02-20,51,Media,5.425694179101471,1.15,6.23954830596669,160,50.0,270.0
Phaseolus vulgaris,2020-02-21,52,Media,4.721249254476128,1.15,5.4294366426475476,160,50.0,270.0
Phaseolus vulgaris,2020-02-22,53,Media,4.042379172630542,1.15,4.648736048525123,160,50.0,270.0
Phaseolus vulgaris,2020-02-23,54,Media,3.963860596266885,1.15,4.558439685706918,160,50.0,270.0
Phaseolus vulgaris,2020-02-24,55,Media,4.485677353163073,1.15,5.158528956137533,160,50.0,270.0
Phaseolus vulgaris,2020-02-25,56,Media,3.930010485002768,1.15,4.519512057753182,160,50.0,270.0
Phaseolus vulgaris,2020-02-26,57,Media,4.4703605662621575,1.15,5.140914651201481,160,50.0,270.0
Phaseolus vulgaris,2020-02-27,58,Media,4.417350397862795,1.15,5.079952957542214,160,50.0,270.0
Phaseolus vulgaris,2020-02-28,59,Media,4.956969272710255,1.15,5.700514663616793,160,50.0,270.0
Phaseolus vulgaris,2020-02-29,60,Media,4.758649355859213,1.15,5.472446759238095,160,50.0,270.0
Phaseolus vulgaris,2020-03-01,61,Media,5.547790395695952,1.15,6.379958955050344,160,50.0,270.0
Phaseolus vulgaris,2020-03-02,62,Media,5.412170272915391,1.15,6.223995813852699,160,50.0,270.0
Phaseolus vulgaris,2020-03-03,63,Media,5.345178762739399,1.15,6.146955577150309,160,50.0,270.0
Phaseolus vulgaris,2020-03-04,64,Media,5.504030963966443,1.15,6.329635608561409,160,50.0,270.0
Phaseolus vulgaris,2020-03-05,65,Media,5.18182365354728,1.15,5.959097201579372,160,50.0,270.0
Phaseolus vulgaris,2020-03-06,66,Media,5.538285678845764,1.15,6.369028530672628,160,50.0,270.0
Phaseolus vulgaris,2020-03-07,67,Media,4.598203140903725,1.15,5.287933612039283,160,50.0,270.0
Phaseolus vulgaris,2020-03-08,68,Media,4.891508307493643,1.15,5.625234553617689,160,50.0,270.0
Phaseolus vulgaris,2020-03-09,69,Media,5.572089802693309,1.15,6.407903273097305,160,50.0,270.0
Phaseolus vulgaris,2020-03-10,70,Media,4.644444484136557,1.15,5.34111115675704,160,50.0,270.0
Phaseolus vulgaris,2020-03-11,71,Media,3.657668087024417,1.15,4.206318300078079,160,50.0,270.0
Phaseolus vulgaris,2020-03-12,72,Media,3.6987249479123503,1.15,4.253533690099203,160,50.0,270.0
Phaseolus vulgaris,2020-03-13,73,Media,4.497419263089577,1.15,5.172032152553013,160,50.0,270.0
Phaseolus vulgaris,2020-03-14,74,Media,5.444531952139149,1.15,6.261211744960021,160,50.0,270.0
Phaseolus vulgaris,2020-03-15,75,Media,5.5452684892377455,1.15,6.377058762623407,160,50.0,270.0
Phaseolus vulgaris,2020-03-16,76,Media,5.888282577175485,1.15,6.771524963751808,160,50.0,270.0
Phaseolus vulgaris,2020-03-17,77,Media,5.83570253760331,1.15,6.711057918243806,160,50.0,270.0
Phaseolus vulgaris,2020-03-18,78,Media,5.574864387172866,1.15,6.411094045248795,160,50.0,270.0
Phaseolus vulgaris,2020-03-19,79,Media,5.697934228914344,1.15,6.552624363251495,160,50.0,270.0
Phaseolus vulgaris,2020-03-20,80,Media,4.42045445652641,1.15,5.083522625005371,160,50.0,270.0
Phaseolus vulgaris,2020-03-21,81,Media,4.960314786421425,1.15,5.704362004384638,160,50.0,270.0
Phaseolus vulgaris,2020-03-22,82,Media,5.502670992244579,1.15,6.328071641081266,160,50.0,270.0
Phaseolus vulgaris,2020-03-23,83,Media,5.334791370847758,1.15,6.135010076474921,160,50.0,270.0
Phaseolus vulgaris,2020-03-24,84,Media,5.093265037626732,1.15,5.857254793270741,160,50.0,270.0
Phaseolus vulgaris,2020-03-25,85,Media,5.08327728425441,1.15,5.8457688768925715,160,50.0,270.0
Phaseolus vulgaris,2020-03-26,86,Media,5.082445367913009,1.15,5.84481217309996,160,50.0,270.0
Phaseolus vulgaris,2020-03-27,87,Media,5.4390638036018695,1.15,6.254923374142149,160,50.0,270.0
Phaseolus vulgaris,2020-03-28,88,Media,5.938855820211203,1.15,6.829684193242883,160,50.0,270.0
Phaseolus vulgaris,2020-03-29,89,Media,5.772266145547249,1.15,6.6381060673793355,160,50.0,270.0
Phaseolus vulgaris,2020-03-30,90,Media,4.268884862000304,1.15,4.909217591300349,160,50.0,270.0
Phaseolus vulgaris,2020-03-31,91,Media,3.869483000311269,1.15,4.449905450357959,160,50.0,270.0
Phaseolus vulgaris,2020-04-01,92,Media,3.2427245727845486,1.15,3.729133258702231,160,50.0,270.0
Phaseolus vulgaris,2020-04-02,93,Media,3.7485211338517472,1.15,4.310799303929509,160,50.0,270.0
Phaseolus vulgaris,2020-04-03,94,Media,3.9267267321665,1.15,4.515735741991475,160,50.0,270.0
Phaseolus vulgaris,2020-04-04,95,Media,4.171873170542142,1.15,4.797654146123463,160,50.0,270.0
Phaseolus vulgaris,2020-04-05,96,Media,3.971950258660795,1.15,4.567742797459914,160,50.0,270.0
Phaseolus vulgaris,2020-04-06,97,Media,3.382815642967628,1.15,3.8902379894127717,160,50.0,270.0
Phaseolus vulgaris,2020-04-07,98,Media,4.407811587832225,1.15,5.068983326007059,160,50.0,270.0
Phaseolus vulgaris,2020-04-08,99,Media,4.553849513367484,1.15,5.236926940372606,160,50.0,270.0
Phaseolus vulgaris,2020-04-09,100,Media,4.39381383970363,1.15,5.052885915659174,160,50.0,270.0
Phaseolus vulgaris,2020-04-10,101,Media,4.181827632536279,1.15,4.80910177741672,160,50.0,270.0
Phaseolus vulgaris,2020-04-11,102,Media,3.6449943199608414,1.15,4.191743467954967,160,50.0,270.0
Phaseolus vulgaris,2020-04-12,103,Media,4.758009669578084,1.15,5.471711120014796,160,50.0,270.0
Phaseolus vulgaris,2020-04-13,104,Media,5.097136191974038,1.15,5.861706620770144,160,50.0,270.0
Phaseolus vulgaris,2020-04-14,105,Media,4.775219418043966,1.15,5.491502330750561,160,50.0,270.0
Phaseolus vulgaris,2020-04-15,106,Media,4.724265658151029,1.15,5.4329055068736825,160,50.0,270.0
Phaseolus vulgaris,2020-04-16,107,Media,4.975741111657308,1.15,5.722102278405903,160,50.0,270.0
Phaseolus vulgaris,2020-04-17,108,Media,5.099186674583073,1.15,5.864064675770534,160,50.0,270.0
Phaseolus vulgaris,2020-04-18,109,Media,4.366363887481977,1.15,5.021318470604273,160,50.0,270.0
Phaseolus vulgaris,2020-04-19,110,Media,3.9567620364966767,1.15,4.550276341971178,160,50.0,270.0
Phaseolus vulgaris,2020-04-20,111,Media,4.216247063133324,1.15,4.848684122603323,160,50.0,270.0
Phaseolus vulgaris,2020-04-21,112,Media,2.4213223299251503,1.15,2.7845206794139226,160,50.0,270.0
Phaseolus vulgaris,2020-04-22,113,Media,3.966739414884036,1.15,4.561750327116641,160,50.0,270.0
Phaseolus vulgaris,2020-04-23,114,Media,4.176968970284008,1.15,4.803514315826609,160,50.0,270.0
Phaseolus vulgaris,2020-04-24,115,Media,4.179940842942102,1.15,4.806931969383417,160,50.0,270.0
Phaseolus vulgaris,2020-04-25,116,Media,4.420086464178048,1.15,5.0830994338047555,160,50.0,270.0
Phaseolus vulgaris,2020-04-26,117,Media,4.795805768456103,1.15,5.515176633724518,160,50.0,270.0
Phaseolus vulgaris,2020-04-27,118,Media,4.749628009057083,1.15,5.462072210415645,160,50.0,270.0
Phaseolus vulgaris,2020-04-28,119,Media,4.20306507226404,1.15,4.833524833103645,160,50.0,270.0
Phaseolus vulgaris,2020-04-29,120,Media,4.447677947515817,1.15,5.1148296396431885,160,50.0,270.0
Phaseolus vulgaris,2020-04-30,121,Media,3.839969022636929,1.15,4.415964376032468,160,50.0,270.0
Phaseolus vulgaris,2020-05-01,122,Media,4.037545873511891,1.15,4.643177754538674,160,50.0,270.0
Phaseolus vulgaris,2020-05-02,123,Media,4.527804090912303,1.15,5.206974704549149,160,50.0,270.0
Phaseolus vulgaris,2020-05-03,124,Media,4.0420568028218655,1.15,4.648365323245145,160,50.0,270.0
Phaseolus vulgaris,2020-05-04,125,Media,2.910478027384988,1.15,3.347049731492736,160,50.0,270.0
Phaseolus vulgaris,2020-05-05,126,Media,4.236576871442634,1.15,4.8720634021590286,160,50.0,270.0
Phaseolus vulgaris,2020-05-06,127,Media,4.156910268020909,1.15,4.780446808224045,160,50.0,270.0
Phaseolus vulgaris,2020-05-07,128,Media,3.518333780526942,1.15,4.046083847605983,160,50.0,270.0
Phaseolus vulgaris,2020-05-08,129,Media,4.2891176039503565,1.15,4.932485244542909,160,50.0,270.0
Phaseolus vulgaris,2020-05-09,130,Media,4.530429486801288,1.15,5.209993909821481,160,50.0,270.0
Phaseolus vulgaris,2020-05-10,131,Media,5.090808825406927,1.15,5.854430149217966,160,50.0,270.0
Phaseolus vulgaris,2020-05-11,132,Media,4.379312990103055,1.15,5.036209938618513,160,50.0,270.0
Phaseolus vulgaris,2020-05-12,133,Media,3.4682140462837943,1.15,3.9884461532263633,160,50.0,270.0
Phaseolus vulgaris,2020-05-13,134,Media,3.058526114918039,1.15,3.5173050321557446,160,50.0,270.0
Phaseolus vulgaris,2020-05-14,135,Media,4.498737845606531,1.15,5.17354852244751,160,50.0,270.0
Phaseolus vulgaris,2020-05-15,136,Media,3.9835107373592553,1.15,4.581037347963143,160,50.0,270.0
Phaseolus vulgaris,2020-05-16,137,Final,4.126719748741372,1.15,4.745727711052577,160,50.0,270.0
Phaseolus vulgaris,2020-05-17,138,Final,3.63332119900562,1.1152173913043477,4.051942989325832,160,50.0,270.0
Phaseolus vulgaris,2020-05-18,139,Final,3.955784945819421,1.0804347826086955,4.273967647983157,160,50.0,270.0
Phaseolus vulgaris,2020-05-19,140,Final,3.026546271550344,1.0456521739130433,3.1647146882950334,160,50.0,270.0
Phaseolus vulgaris,2020-05-20,141,Final,5.037929418215409,1.0108695652173911,5.092689520587315,160,50.0,270.0
Phaseolus vulgaris,2020-05-21,142,Final,4.101033761127129,0.976086956521739,4.00296556249148,160,50.0,270.0
Phaseolus vulgaris,2020-05-22,143,Final,2.796770813139237,0.9413043478260869,2.632612526281064,160,50.0,270.0
Phaseolus vulgaris,2020-05-23,144,Final,4.656040591953797,0.9065217391304348,4.2208020148798555,160,50.0,270.0
Phaseolus vulgaris,2020-05-24,145,Final,4.237304098603268,0.8717391304347826,3.693823790304153,160,50.0,270.0
Phaseolus vulgaris,2020-05-25,146,Final,3.573508956255184,0.8369565217391304,2.9908716264309687,160,50.0,270.0
Phaseolus vulgaris,2020-05-26,147,Final,4.011964180681387,0.8021739130434782,3.2182930058074604,160,50.0,270.0
Phaseolus vulgaris,2020-05-27,148,Final,2.3794897379620776,0.767391304347826,1.8259997336969853,160,50.0,270.0
Phaseolus vulgaris,2020-05-28,149,Final,3.866697912578719,0.7326086956521738,2.8327765142152783,160,50.0,270.0
Phaseolus vulgaris,2020-05-29,150,Final,4.306724288121328,0.6978260869565217,3.0053445575803175,160,50.0,270.0
Phaseolus vulgaris,2020-05-30,151,Final,2.1130225903599085,0.6630434782608695,1.4010258479560262,160,50.0,270.0
Phaseolus vulgaris,2020-05-31,152,Final,3.692102971619515,0.6282608695652173,2.319603823473999,160,50.0,270.0
Phaseolus vulgaris,2020-06-01,153,Final,3.841945755099135,0.5934782608695652,2.280111285091443,160,50.0,270.0
Phaseolus vulgaris,2020-06-02,154,Final,2.477764032127816,0.558695652173913,1.3843159918627146,160,50.0,270.0
Phaseolus vulgaris,2020-06-03,155,Final,4.275472459424811,0.5239130434782608,2.2399757885247378,160,50.0,270.0
Phaseolus vulgaris,2020-06-04,156,Final,4.679808008754871,0.48913043478260865,2.289036526021404,160,50.0,270.0
Phaseolus vulgaris,2020-06-05,157,Final,3.578248641580178,0.45434782608695656,1.6257694915005594,160,50.0,270.0
Phaseolus vulgaris,2020-06-06,158,Final,3.2018793462448034,0.41956521739130437,1.3433972039679285,160,50.0,270.0
Phaseolus vulgaris,2020-06-07,159,Final,4.509980804589562,0.3847826086956522,1.735362179157288,160,50.0,270.0
Phaseolus vulgaris,2020-06-08,160,Final,4.805696918339457,0.35,1.68199392141881,160,50.0,270.0
Saccharum officinarum,2020-01-01,1,Inicial,3.587955567412679,0.4,1.4351822269650718,288,210.0,365.0
Saccharum officinarum,2020-01-02,2,Inicial,4.252367304534883,0.4,1.7009469218139532,288,210.0,365.0
Saccharum officinarum,2020-01-03,3,Inicial,4.465400344626742,0.4,1.7861601378506968,288,210.0,365.0
Saccharum officinarum,2020-01-04,4,Inicial,4.337331433983592,0.4,1.7349325735934369,288,210.0,365.0
Saccharum officinarum,2020-01-05,5,Inicial,4.175360238431539,0.4,1.6701440953726157,288,210.0,365.0
Saccharum officinarum,2020-01-06,6,Inicial,4.07350556759288,0.4,1.6294022270371522,288,210.0,365.0
Saccharum officinarum,2020-01-07,7,Inicial,4.359263661018607,0.4,1.743705464407443,288,210.0,365.0
Saccharum officinarum,2020-01-08,8,Inicial,4.490663231273646,0.4,1.7962652925094584,288,210.0,365.0
Saccharum officinarum,2020-01-09,9,Inicial,4.730248192488025,0.4,1.89209927699521,288,210.0,365.0
Saccharum officinarum,2020-01-10,10,Inicial,4.736258197961163,0.4,1.8945032791844654,288,210.0,365.0
Saccharum officinarum,2020-01-11,11,Inicial,4.878349152325089,0.4,1.9513396609300355,288,210.0,365.0
Saccharum officinarum,2020-01-12,12,Inicial,4.985976287971725,0.4,1.99439051518869,288,210.0,365.0
Saccharum officinarum,2020-01-13,13,Inicial,5.00521858703657,0.4,2.002087434814628,288,210.0,365.0
Saccharum officinarum,2020-01-14,14,Inicial,4.849421189390958,0.4,1.9397684757563831,288,210.0,365.0
Saccharum officinarum,2020-01-15,15,Inicial,4.504764577859355,0.4,1.801905831143742,288,210.0,365.0
Saccharum officinarum,2020-01-16,16,Inicial,4.738417253195859,0.4,1.8953669012783436,288,210.0,365.0
Saccharum officinarum,2020-01-17,17,Inicial,5.035114991107441,0.4,2.0140459964429764,288,210.0,365.0
Saccharum officinarum,2020-01-18,18,Inicial,5.030519417873925,0.4,2.01220776714957,288,210.0,365.0
Saccharum officinarum,2020-01-19,19,Inicial,4.670633650540201,0.4,1.8682534602160805,288,210.0,365.0
Saccharum officinarum,2020-01-20,20,Inicial,3.686415859256593,0.4,1.4745663437026373,288,210.0,365.0
Saccharum officinarum,2020-01-21,21,Inicial,3.607475829399888,0.4,1.4429903317599553,288,210.0,365.0
Saccharum officinarum,2020-01-22,22,Inicial,3.1141000792132743,0.4,1.2456400316853098,288,210.0,365.0
Saccharum officinarum,2020-01-23,23,Inicial,3.573160403821106,0.4,1.4292641615284425,288,210.0,365.0
Saccharum officinarum,2020-01-24,24,Inicial,3.187955296371513,0.4,1.2751821185486054,288,210.0,365.0
Saccharum officinarum,2020-01-25,25,Inicial,3.6667484430683994,0.4,1.4666993772273598,288,210.0,365.0
Saccharum officinarum,2020-01-26,26,Inicial,4.11908475660251,0.4,1.6476339026410043,288,210.0,365.0
Saccharum officinarum,2020-01-27,27,Inicial,3.9498590124386266,0.4,1.5799436049754507,288,210.0,365.0
Saccharum officinarum,2020-01-28,28,Inicial,4.21368376010019,0.4,1.6854735040400763,288,210.0,365.0
Saccharum officinarum,2020-01-29,29,Inicial,4.245453570244781,0.4,1.6981814280979124,288,210.0,365.0
Saccharum officinarum,2020-01-30,30,Desarrollo,4.552871366932626,0.4,1.8211485467730506,288,210.0,365.0
Saccharum officinarum,2020-01-31,31,Desarrollo,4.325793529473186,0.4149122807017544,1.7948248591586116,288,210.0,365.0
Saccharum officinarum,2020-02-01,32,Desarrollo,3.998866506251721,0.4298245614035088,1.7188110421608274,288,210.0,365.0
Saccharum officinarum,2020-02-02,33,Desarrollo,3.3912160222230137,0.44473684210526315,1.508198704620235,288,210.0,365.0
Saccharum officinarum,2020-02-03,34,Desarrollo,4.1206820470414565,0.4596491228070176,1.894067888289231,288,210.0,365.0
Saccharum officinarum,2020-02-04,35,Desarrollo,5.245484578078671,0.47456140350877196,2.489304523456633,288,210.0,365.0
Saccharum officinarum,2020-02-05,36,Desarrollo,4.860534243716486,0.48947368421052634,2.3791036035033324,288,210.0,365.0
Saccharum officinarum,2020-02-06,37,Desarrollo,4.986234569608164,0.5043859649122807,2.5149867346707846,288,210.0,365.0
Saccharum officinarum,2020-02-07,38,Desarrollo,5.300436257395595,0.5192982456140351,2.752507249454555,288,210.0,365.0
Saccharum officinarum,2020-02-08,39,Desarrollo,4.878450275972932,0.5342105263157895,2.606119489532908,288,210.0,365.0
Saccharum officinarum,2020-02-09,40,Desarrollo,5.231393658034011,0.5491228070175439,2.8726775701134133,288,210.0,365.0
Saccharum officinarum,2020-02-10,41,Desarrollo,5.396548676577161,0.5640350877192982,3.0438428061746614,288,210.0,365.0
Saccharum officinarum,2020-02-11,42,Desarrollo,5.3238633634380506,0.5789473684210527,3.0822366840957134,288,210.0,365.0
Saccharum officinarum,2020-02-12,43,Desarrollo,5.200653135949962,0.593859649122807,3.0884580465246705,288,210.0,365.0
Saccharum officinarum,2020-02-13,44,Desarrollo,5.273751188043004,0.6087719298245614,3.2105116881595133,288,210.0,365.0
Saccharum officinarum,2020-02-14,45,Desarrollo,4.990486252421026,0.6236842105263158,3.11248747848364,288,210.0,365.0
Saccharum officinarum,2020-02-15,46,Desarrollo,4.88883355331889,0.6385964912280702,3.121991953347502,288,210.0,365.0
Saccharum officinarum,2020-02-16,47,Desarrollo,5.160411748067589,0.6535087719298245,3.372374344131889,288,210.0,365.0
Saccharum officinarum,2020-02-17,48,Desarrollo,5.324378032877199,0.668421052631579,3.5589263693442335,288,210.0,365.0
Saccharum officinarum,2020-02-18,49,Desarrollo,5.873483837420854,0.6833333333333333,4.01354728890425,288,210.0,365.0
Saccharum officinarum,2020-02-19,50,Desarrollo,5.719738979286149,0.6982456140350877,3.9937826557120824,288,210.0,365.0
Saccharum officinarum,2020-02-20,51,Desarrollo,5.425694179101471,0.7131578947368421,3.8693766382539434,288,210.0,365.0
Saccharum officinarum,2020-02-21,52,Desarrollo,4.721249254476128,0.7280701754385965,3.437400772995778,288,210.0,365.0
Saccharum officinarum,2020-02-22,53,Desarrollo,4.042379172630542,0.7429824561403509,3.0034168063316398,288,210.0,365.0
Saccharum officinarum,2020-02-23,54,Desarrollo,3.963860596266885,0.7578947368421052,3.004189083486481,288,210.0,365.0
Saccharum officinarum,2020-02-24,55,Desarrollo,4.485677353163073,0.7728070175438597,3.466562936961989,288,210.0,365.0
Saccharum officinarum,2020-02-25,56,Desarrollo,3.930010485002768,0.787719298245614,3.095745101344286,288,210.0,365.0
Saccharum officinarum,2020-02-26,57,Desarrollo,4.4703605662621575,0.8026315789473684,3.5880525597630473,288,210.0,365.0
Saccharum officinarum,2020-02-27,58,Desarrollo,4.417350397862795,0.8175438596491228,3.6113776936913378,288,210.0,365.0
Saccharum officinarum,2020-02-28,59,Desarrollo,4.956969272710255,0.8324561403508772,4.126459508598274,288,210.0,365.0
Saccharum officinarum,2020-02-29,60,Desarrollo,4.758649355859213,0.8473684210526315,4.032329191017544,288,210.0,365.0
Saccharum officinarum,2020-03-01,61,Desarrollo,5.547790395695952,0.862280701754386,4.7837525955869475,288,210.0,365.0
Saccharum officinarum,2020-03-02,62,Desarrollo,5.412170272915391,0.8771929824561404,4.7475177832591156,288,210.0,365.0
Saccharum officinarum,2020-03-03,63,Desarrollo,5.345178762739399,0.8921052631578947,4.768462106759622,288,210.0,365.0
Saccharum officinarum,2020-03-04,64,Desarrollo,5.504030963966443,0.9070175438596491,4.9922526462642995,288,210.0,365.0
Saccharum officinarum,2020-03-05,65,Desarrollo,5.18182365354728,0.9219298245614035,4.777277771822974,288,210.0,365.0
Saccharum officinarum,2020-03-06,66,Desarrollo,5.538285678845764,0.9368421052631579,5.188499214918663,288,210.0,365.0
Saccharum officinarum,2020-03-07,67,Desarrollo,4.598203140903725,0.9517543859649124,4.376360006912756,288,210.0,365.0
Saccharum officinarum,2020-03-08,68,Desarrollo,4.891508307493643,0.9666666666666667,4.728458030577189,288,210.0,365.0
Saccharum officinarum,2020-03-09,69,Desarrollo,5.572089802693309,0.9815789473684211,5.469446043170012,288,210.0,365.0
Saccharum officinarum,2020-03-10,70,Desarrollo,4.644444484136557,0.9964912280701754,4.628148187700989,288,210.0,365.0
Saccharum officinarum,2020-03-11,71,Desarrollo,3.657668087024417,1.01140350877193,3.6993783371396085,288,210.0,365.0
Saccharum officinarum,2020-03-12,72,Desarrollo,3.6987249479123503,1.026315789473684,3.7960598149626747,288,210.0,365.0
Saccharum officinarum,2020-03-13,73,Desarrollo,4.497419263089577,1.0412280701754386,4.682839180076603,288,210.0,365.0
Saccharum officinarum,2020-03-14,74,Desarrollo,5.444531952139149,1.056140350877193,5.750189886294329,288,210.0,365.0
Saccharum officinarum,2020-03-15,75,Desarrollo,5.5452684892377455,1.0710526315789473,5.939274408209901,288,210.0,365.0
Saccharum officinarum,2020-03-16,76,Desarrollo,5.888282577175485,1.0859649122807018,6.39446827240636,288,210.0,365.0
Saccharum officinarum,2020-03-17,77,Desarrollo,5.83570253760331,1.1008771929824561,6.424391828677328,288,210.0,365.0
Saccharum officinarum,2020-03-18,78,Desarrollo,5.574864387172866,1.1157894736842104,6.22037500042446,288,210.0,365.0
Saccharum officinarum,2020-03-19,79,Desarrollo,5.697934228914344,1.130701754385965,6.4426642290092895,288,210.0,365.0
Saccharum officinarum,2020-03-20,80,Desarrollo,4.42045445652641,1.1456140350877193,5.064134666862712,288,210.0,365.0
Saccharum officinarum,2020-03-21,81,Desarrollo,4.960314786421425,1.1605263157894736,5.7565758442417065,288,210.0,365.0
Saccharum officinarum,2020-03-22,82,Desarrollo,5.502670992244579,1.1754385964912282,6.468051868076962,288,210.0,365.0
Saccharum officinarum,2020-03-23,83,Desarrollo,5.334791370847758,1.1903508771929825,6.350273587930182,288,210.0,365.0
Saccharum officinarum,2020-03-24,84,Desarrollo,5.093265037626732,1.2052631578947368,6.13872470324485,288,210.0,365.0
Saccharum officinarum,2020-03-25,85,Desarrollo,5.08327728425441,1.2201754385964914,6.202490089822707,288,210.0,365.0
Saccharum officinarum,2020-03-26,86,Desarrollo,5.082445367913009,1.2350877192982455,6.27726585791361,288,210.0,365.0
Saccharum officinarum,2020-03-27,87,Desarrollo,5.4390638036018695,1.25,6.798829754502337,288,210.0,365.0
Saccharum officinarum,2020-03-28,88,Media,5.938855820211203,1.25,7.423569775264004,288,210.0,365.0
Saccharum officinarum,2020-03-29,89,Media,5.772266145547249,1.25,7.215332681934061,288,210.0,365.0
Saccharum officinarum,2020-03-30,90,Media,4.268884862000304,1.25,5.33610607750038,288,210.0,365.0
Saccharum officinarum,2020-03-31,91,Media,3.869483000311269,1.25,4.8368537503890865,288,210.0,365.0
Saccharum officinarum,2020-04-01,92,Media,3.2427245727845486,1.25,4.053405715980686,288,210.0,365.0
Saccharum officinarum,2020-04-02,93,Media,3.7485211338517472,1.25,4.685651417314684,288,210.0,365.0
Saccharum officinarum,2020-04-03,94,Media,3.9267267321665,1.25,4.908408415208124,288,210.0,365.0
Saccharum officinarum,2020-04-04,95,Media,4.171873170542142,1.25,5.214841463177677,288,210.0,365.0
Saccharum officinarum,2020-04-05,96,Media,3.971950258660795,1.25,4.964937823325994,288,210.0,365.0
Saccharum officinarum,2020-04-06,97,Media,3.382815642967628,1.25,4.228519553709535,288,210.0,365.0
Saccharum officinarum,2020-04-07,98,Media,4.407811587832225,1.25,5.509764484790281,288,210.0,365.0
Saccharum officinarum,2020-04-08,99,Media,4.553849513367484,1.25,5.692311891709355,288,210.0,365.0
Saccharum officinarum,2020-04-09,100,Media,4.39381383970363,1.25,5.492267299629537,288,210.0,365.0
Saccharum officinarum,2020-04-10,101,Media,4.181827632536279,1.25,5.2272845406703485,288,210.0,365.0
Saccharum officinarum,2020-04-11,102,Media,3.6449943199608414,1.25,4.556242899951052,288,210.0,365.0
Saccharum officinarum,2020-04-12,103,Media,4.758009669578084,1.25,5.947512086972605,288,210.0,365.0
Saccharum officinarum,2020-04-13,104,Media,5.097136191974038,1.25,6.371420239967548,288,210.0,365.0
Saccharum officinarum,2020-04-14,105,Media,4.775219418043966,1.25,5.969024272554958,288,210.0,365.0
Saccharum officinarum,2020-04-15,106,Media,4.724265658151029,1.25,5.905332072688786,288,210.0,365.0
Saccharum officinarum,2020-04-16,107,Media,4.975741111657308,1.25,6.219676389571634,288,210.0,365.0
Saccharum officinarum,2020-04-17,108,Media,5.099186674583073,1.25,6.373983343228842,288,210.0,365.0
Saccharum officinarum,2020-04-18,109,Media,4.366363887481977,1.25,5.457954859352471,288,210.0,365.0
Saccharum officinarum,2020-04-19,110,Media,3.9567620364966767,1.25,4.9459525456208455,288,210.0,365.0
Saccharum officinarum,2020-04-20,111,Media,4.216247063133324,1.25,5.270308828916655,288,210.0,365.0
Saccharum officinarum,2020-04-21,112,Media,2.4213223299251503,1.25,3.026652912406438,288,210.0,365.0
Saccharum officinarum,2020-04-22,113,Media,3.966739414884036,1.25,4.958424268605045,288,210.0,365.0
Saccharum officinarum,2020-04-23,114,Media,4.176968970284008,1.25,5.22121121285501,288,210.0,365.0
Saccharum officinarum,2020-04-24,115,Media,4.179940842942102,1.25,5.224926053677628,288,210.0,365.0
Saccharum officinarum,2020-04-25,116,Media,4.420086464178048,1.25,5.5251080802225605,288,210.0,365.0
Saccharum officinarum,2020-04-26,117,Media,4.795805768456103,1.25,5.994757210570128,288,210.0,365.0
Saccharum officinarum,2020-04-27,118,Media,4.749628009057083,1.25,5.9370350113213535,288,210.0,365.0
Saccharum officinarum,2020-04-28,119,Media,4.20306507226404,1.25,5.253831340330049,288,210.0,365.0
Saccharum officinarum,2020-04-29,120,Media,4.447677947515817,1.25,5.559597434394771,288,210.0,365.0
Saccharum officinarum,2020-04-30,121,Media,3.839969022636929,1.25,4.799961278296162,288,210.0,365.0
Saccharum officinarum,2020-05-01,122,Media,4.037545873511891,1.25,5.046932341889864,288,210.0,365.0
Saccharum officinarum,2020-05-02,123,Media,4.527804090912303,1.25,5.659755113640379,288,210.0,365.0
Saccharum officinarum,2020-05-03,124,Media,4.0420568028218655,1.25,5.052571003527332,288,210.0,365.0
Saccharum officinarum,2020-05-04,125,Media,2.910478027384988,1.25,3.638097534231235,288,210.0,365.0
Saccharum officinarum,2020-05-05,126,Media,4.236576871442634,1.25,5.295721089303292,288,210.0,365.0
Saccharum officinarum,2020-05-06,127,Media,4.156910268020909,1.25,5.1961378350261365,288,210.0,365.0
Saccharum officinarum,2020-05-07,128,Media,3.518333780526942,1.25,4.397917225658677,288,210.0,365.0
Saccharum officinarum,2020-05-08,129,Media,4.2891176039503565,1.25,5.361397004937945,288,210.0,365.0
Saccharum officinarum,2020-05-09,130,Media,4.530429486801288,1.25,5.66303685850161,288,210.0,365.0
Saccharum officinarum,2020-05-10,131,Media,5.090808825406927,1.25,6.363511031758659,288,210.0,365.0
Saccharum officinarum,2020-05-11,132,Media,4.379312990103055,1.25,5.474141237628819,288,210.0,365.0
Saccharum officinarum,2020-05-12,133,Media,3.4682140462837943,1.25,4.335267557854743,288,210.0,365.0
Saccharum officinarum,2020-05-13,134,Media,3.058526114918039,1.25,3.8231576436475487,288,210.0,365.0
Saccharum officinarum,2020-05-14,135,Media,4.498737845606531,1.25,5.6234223070081635,288,210.0,365.0
Saccharum officinarum,2020-05-15,136,Media,3.9835107373592553,1.25,4.979388421699069,288,210.0,365.0
Saccharum officinarum,2020-05-16,137,Media,4.126719748741372,1.25,5.158399685926715,288,210.0,365.0
Saccharum officinarum,2020-05-17,138,Media,3.63332119900562,1.25,4.541651498757025,288,210.0,365.0
Saccharum officinarum,2020-05-18,139,Media,3.955784945819421,1.25,4.9447311822742765,288,210.0,365.0
Saccharum officinarum,2020-05-19,140,Media,3.026546271550344,1.25,3.7831828394379303,288,210.0,365.0
Saccharum officinarum,2020-05-20,141,Media,5.037929418215409,1.25,6.297411772769261,288,210.0,365.0
Saccharum officinarum,2020-05-21,142,Media,4.101033761127129,1.25,5.12629220140891,288,210.0,365.0
Saccharum officinarum,2020-05-22,143,Media,2.796770813139237,1.25,3.495963516424046,288,210.0,365.0
Saccharum officinarum,2020-05-23,144,Media,4.656040591953797,1.25,5.820050739942246,288,210.0,365.0
Saccharum officinarum,2020-05-24,145,Media,4.237304098603268,1.25,5.296630123254085,288,210.0,365.0
Saccharum officinarum,2020-05-25,146,Media,3.573508956255184,1.25,4.466886195318979,288,210.0,365.0
Saccharum officinarum,2020-05-26,147,Media,4.011964180681387,1.25,5.014955225851734,288,210.0,365.0
Saccharum officinarum,2020-05-27,148,Media,2.3794897379620776,1.25,2.9743621724525973,288,210.0,365.0
Saccharum officinarum,2020-05-28,149,Media,3.866697912578719,1.25,4.833372390723399,288,210.0,365.0
Saccharum officinarum,2020-05-29,150,Media,4.306724288121328,1.25,5.383405360151659,288,210.0,365.0
Saccharum officinarum,2020-05-30,151,Media,2.1130225903599085,1.25,2.6412782379498854,288,210.0,365.0
Saccharum officinarum,2020-05-31,152,Media,3.692102971619515,1.25,4.615128714524394,288,210.0,365.0
Saccharum officinarum,2020-06-01,153,Media,3.841945755099135,1.25,4.802432193873919,288,210.0,365.0
Saccharum officinarum,2020-06-02,154,Media,2.477764032127816,1.25,3.09720504015977,288,210.0,365.0
Saccharum officinarum,2020-06-03,155,Media,4.275472459424811,1.25,5.344340574281014,288,210.0,365.0
Saccharum officinarum,2020-06-04,156,Media,4.679808008754871,1.25,5.849760010943589,288,210.0,365.0
Saccharum officinarum,2020-06-05,157,Media,3.578248641580178,1.25,4.472810801975223,288,210.0,365.0
Saccharum officinarum,2020-06-06,158,Media,3.2018793462448034,1.25,4.002349182806004,288,210.0,365.0
Saccharum officinarum,2020-06-07,159,Media,4.509980804589562,1.25,5.637476005736952,288,210.0,365.0
Saccharum officinarum,2020-06-08,160,Media,4.805696918339457,1.25,6.007121147924321,288,210.0,365.0
Saccharum officinarum,2020-06-09,161,Media,4.135464586604659,1.25,5.169330733255824,288,210.0,365.0
Saccharum officinarum,2020-06-10,162,Media,2.362623995681945,1.25,2.9532799946024313,288,210.0,365.0
Saccharum officinarum,2020-06-11,163,Media,4.252935820953012,1.25,5.316169776191265,288,210.0,365.0
Saccharum officinarum,2020-06-12,164,Media,3.956448261858663,1.25,4.945560327323329,288,210.0,365.0
Saccharum officinarum,2020-06-13,165,Media,4.627252075235235,1.25,5.784065094044044,288,210.0,365.0
Saccharum officinarum,2020-06-14,166,Media,3.8934759933570415,1.25,4.866844991696302,288,210.0,365.0
Saccharum officinarum,2020-06-15,167,Media,2.8420694569866,1.25,3.55258682123325,288,210.0,365.0
Saccharum officinarum,2020-06-16,168,Media,4.225600673040118,1.25,5.282000841300148,288,210.0,365.0
Saccharum officinarum,2020-06-17,169,Media,4.170497853746984,1.25,5.21312231718373,288,210.0,365.0
Saccharum officinarum,2020-06-18,170,Media,4.779111299859947,1.25,5.973889124824934,288,210.0,365.0
Saccharum officinarum,2020-06-19,171,Media,4.473763179936717,1.25,5.5922039749208965,288,210.0,365.0
Saccharum officinarum,2020-06-20,172,Media,3.998015197773331,1.25,4.997518997216664,288,210.0,365.0
Saccharum officinarum,2020-06-21,173,Media,3.753650777715088,1.25,4.69206347214386,288,210.0,365.0
Saccharum officinarum,2020-06-22,174,Media,4.826605638325017,1.25,6.033257047906271,288,210.0,365.0
Saccharum officinarum,2020-06-23,175,Media,4.260006858446006,1.25,5.325008573057507,288,210.0,365.0
Saccharum officinarum,2020-06-24,176,Media,4.480157813320103,1.25,5.600197266650129,288,210.0,365.0
Saccharum officinarum,2020-06-25,177,Media,4.481496850586955,1.25,5.601871063233693,288,210.0,365.0
Saccharum officinarum,2020-06-26,178,Media,4.264073921871598,1.25,5.330092402339498,288,210.0,365.0
Saccharum officinarum,2020-06-27,179,Media,4.273627129391677,1.25,5.3420339117395965,288,210.0,365.0
Saccharum officinarum,2020-06-28,180,Media,3.24494448555568,1.25,4.0561806069446,288,210.0,365.0
Saccharum officinarum,2020-06-29,181,Media,4.694863639358062,1.25,5.868579549197578,288,210.0,365.0
Saccharum officinarum,2020-06-30,182,Media,4.303647730467016,1.25,5.3795596630837705,288,210.0,365.0
Saccharum officinarum,2020-07-01,183,Media,4.355692650137311,1.25,5.444615812671639,288,210.0,365.0
Saccharum officinarum,2020-07-02,184,Media,3.485719350238677,1.25,4.357149187798346,288,210.0,365.0
Saccharum officinarum,2020-07-03,185,Media,4.702205052709622,1.25,5.877756315887027,288,210.0,365.0
Saccharum officinarum,2020-07-04,186,Media,3.456561544914263,1.25,4.320701931142828,288,210.0,365.0
Saccharum officinarum,2020-07-05,187,Media,3.506312142584468,1.25,4.382890178230586,288,210.0,365.0
Saccharum officinarum,2020-07-06,188,Media,4.579023556434734,1.25,5.723779445543418,288,210.0,365.0
Saccharum officinarum,2020-07-07,189,Media,4.253081582098771,1.25,5.316351977623464,288,210.0,365.0
Saccharum officinarum,2020-07-08,190,Media,4.3563786390822,1.25,5.44547329885275,288,210.0,365.0
Saccharum officinarum,2020-07-09,191,Media,4.965814433450994,1.25,6.207268041813743,288,210.0,365.0
Saccharum officinarum,2020-07-10,192,Media,3.359519117946482,1.25,4.1993988974331025,288,210.0,365.0
Saccharum officinarum,2020-07-11,193,Media,3.688532729976453,1.25,4.610665912470566,288,210.0,365.0
Saccharum officinarum,2020-07-12,194,Media,3.8224897552685433,1.25,4.778112194085679,288,210.0,365.0
Saccharum officinarum,2020-07-13,195,Media,5.044651018770086,1.25,6.305813773462607,288,210.0,365.0
Saccharum officinarum,2020-07-14,196,Media,3.966618835047466,1.25,4.958273543809332,288,210.0,365.0
Saccharum officinarum,2020-07-15,197,Media,4.806663009635142,1.25,6.008328762043927,288,210.0,365.0
Saccharum officinarum,2020-07-16,198,Media,3.414186953513969,1.25,4.267733691892461,288,210.0,365.0
Saccharum officinarum,2020-07-17,199,Media,4.872827823838737,1.25,6.091034779798421,288,210.0,365.0
Saccharum officinarum,2020-07-18,200,Media,4.306784447251676,1.25,5.383480559064595,288,210.0,365.0
Saccharum officinarum,2020-07-19,201,Media,4.708966543052017,1.25,5.886208178815021,288,210.0,365.0
Saccharum officinarum,2020-07-20,202,Media,2.3296760085275645,1.25,2.9120950106594554,288,210.0,365.0
Saccharum officinarum,2020-07-21,203,Media,4.152146999927764,1.25,5.190183749909705,288,210.0,365.0
Saccharum officinarum,2020-07-22,204,Media,2.9526576766577493,1.25,3.6908220958221865,288,210.0,365.0
Saccharum officinarum,2020-07-23,205,Media,3.9615955238902383,1.25,4.9519944048627975,288,210.0,365.0
Saccharum officinarum,2020-07-24,206,Media,3.24614280775243,1.25,4.057678509690538,288,210.0,365.0
Saccharum officinarum,2020-07-25,207,Media,3.0407095064001863,1.25,3.800886883000233,288,210.0,365.0
Saccharum officinarum,2020-07-26,208,Media,4.527452011372625,1.25,5.659315014215781,288,210.0,365.0
Saccharum officinarum,2020-07-27,209,Media,4.595776374973429,1.25,5.744720468716786,288,210.0,365.0
Saccharum officinarum,2020-07-28,210,Media,5.054397792074072,1.25,6.3179972400925895,288,210.0,365.0
Saccharum officinarum,2020-07-29,211,Media,5.278036385690802,1.25,6.597545482113503,288,210.0,365.0
Saccharum officinarum,2020-07-30,212,Media,3.786690872561688,1.25,4.73336359070211,288,210.0,365.0
Saccharum officinarum,2020-07-31,213,Media,4.6515807288768,1.25,5.814475911096,288,210.0,365.0
Saccharum officinarum,2020-08-01,214,Media,4.9228144650869785,1.25,6.153518081358723,288,210.0,365.0
Saccharum officinarum,2020-08-02,215,Media,5.050248419797471,1.25,6.312810524746839,288,210.0,365.0
Saccharum officinarum,2020-08-03,216,Media,3.626910663667164,1.25,4.533638329583955,288,210.0,365.0
Saccharum officinarum,2020-08-04,217,Media,4.765099022618414,1.25,5.956373778273018,288,210.0,365.0
Saccharum officinarum,2020-08-05,218,Media,4.141751147270062,1.25,5.177188934087578,288,210.0,365.0
Saccharum officinarum,2020-08-06,219,Media,3.2912706367432163,1.25,4.114088295929021,288,210.0,365.0
Saccharum officinarum,2020-08-07,220,Media,4.479870784167095,1.25,5.599838480208868,288,210.0,365.0
Saccharum officinarum,2020-08-08,221,Media,5.195269035097949,1.25,6.494086293872437,288,210.0,365.0
Saccharum officinarum,2020-08-09,222,Media,4.53214449818606,1.25,5.665180622732575,288,210.0,365.0
Saccharum officinarum,2020-08-10,223,Media,4.733094536658355,1.25,5.916368170822944,288,210.0,365.0
Saccharum officinarum,2020-08-11,224,Media,3.563099482237779,1.25,4.453874352797223,288,210.0,365.0
Saccharum officinarum,2020-08-12,225,Media,4.54611235483656,1.25,5.6826404435457,288,210.0,365.0
Saccharum officinarum,2020-08-13,226,Media,4.297620875617487,1.25,5.372026094521859,288,210.0,365.0
Saccharum officinarum,2020-08-14,227,Media,4.74849189972651,1.25,5.935614874658137,288,210.0,365.0
Saccharum officinarum,2020-08-15,228,Media,3.885861013588292,1.25,4.857326266985365,288,210.0,365.0
Saccharum officinarum,2020-08-16,229,Media,3.702135624448488,1.25,4.627669530560611,288,210.0,365.0
Saccharum officinarum,2020-08-17,230,Media,3.928490271700703,1.25,4.910612839625879,288,210.0,365.0
Saccharum officinarum,2020-08-18,231,Media,3.6174996315809977,1.25,4.521874539476247,288,210.0,365.0
Saccharum officinarum,2020-08-19,232,Media,3.3011251488148847,1.25,4.1264064360186055,288,210.0,365.0
Saccharum officinarum,2020-08-20,233,Media,4.002884591342832,1.25,5.003605739178541,288,210.0,365.0
Saccharum officinarum,2020-08-21,234,Media,3.355238416450108,1.25,4.194048020562635,288,210.0,365.0
Saccharum officinarum,2020-08-22,235,Media,3.8287673512339806,1.25,4.785959189042476,288,210.0,365.0
Saccharum officinarum,2020-08-23,236,Media,4.689958971722287,1.25,5.862448714652859,288,210.0,365.0
Saccharum officinarum,2020-08-24,237,Media,4.490793125805997,1.25,5.613491407257496,288,210.0,365.0
Saccharum officinarum,2020-08-25,238,Media,4.033366442863723,1.25,5.0417080535796535,288,210.0,365.0
Saccharum officinarum,2020-08-26,239,Media,3.613257090104457,1.25,4.516571362630572,288,210.0,365.0
Saccharum officinarum,2020-08-27,240,Media,4.2498743973737625,1.25,5.312342996717203,288,210.0,365.0
Saccharum officinarum,2020-08-28,241,Media,4.864386442127915,1.25,6.080483052659894,288,210.0,365.0
Saccharum officinarum,2020-08-29,242,Media,4.521322200595085,1.25,5.651652750743857,288,210.0,365.0
Saccharum officinarum,2020-08-30,243,Media,3.785769875319784,1.25,4.73221234414973,288,210.0,365.0
Saccharum officinarum,2020-08-31,244,Media,5.006352927655218,1.25,6.257941159569023,288,210.0,365.0
Saccharum officinarum,2020-09-01,245,Media,4.821058387008902,1.25,6.026322983761128,288,210.0,365.0
Saccharum officinarum,2020-09-02,246,Final,2.9963688952924703,1.25,3.7454611191155878,288,210.0,365.0
Saccharum officinarum,2020-09-03,247,Final,4.65756045987399,1.2380952380952381,5.7665034265106545,288,210.0,365.0
Saccharum officinarum,2020-09-04,248,Final,3.908467935746292,1.2261904761904763,4.792526159307953,288,210.0,365.0
Saccharum officinarum,2020-09-05,249,Final,5.048749988798559,1.2142857142857142,6.13062498639825,288,210.0,365.0
Saccharum officinarum,2020-09-06,250,Final,3.537541052028537,1.2023809523809523,4.253471979224789,288,210.0,365.0
Saccharum officinarum,2020-09-07,251,Final,3.775648761285424,1.1904761904761905,4.494819953911219,288,210.0,365.0
Saccharum officinarum,2020-09-08,252,Final,2.1161597874228835,1.1785714285714286,2.4940454637483986,288,210.0,365.0
Saccharum officinarum,2020-09-09,253,Final,4.974871736361889,1.1666666666666667,5.804017025755537,288,210.0,365.0
Saccharum officinarum,2020-09-10,254,Final,4.900194006595503,1.1547619047619047,5.658557364759092,288,210.0,365.0
Saccharum officinarum,2020-09-11,255,Final,3.214804215155399,1.1428571428571428,3.6740619601775983,288,210.0,365.0
Saccharum officinarum,2020-09-12,256,Final,3.762540547888337,1.130952380952381,4.25525419106419,288,210.0,365.0
Saccharum officinarum,2020-09-13,257,Final,3.958058827073992,1.119047619047619,4.429256306487562,288,210.0,365.0
Saccharum officinarum,2020-09-14,258,Final,3.9688249435094742,1.1071428571428572,4.394056187456918,288,210.0,365.0
Saccharum officinarum,2020-09-15,259,Final,2.968323384378773,1.0952380952380953,3.251020849557704,288,210.0,365.0
Saccharum officinarum,2020-09-16,260,Final,2.829173192770043,1.0833333333333333,3.0649376255008796,288,210.0,365.0
Saccharum officinarum,2020-09-17,261,Final,4.729539783438329,1.0714285714285714,5.067364053683924,288,210.0,365.0
Saccharum officinarum,2020-09-18,262,Final,3.219973132079937,1.0595238095238095,3.411638199465648,288,210.0,365.0
Saccharum officinarum,2020-09-19,263,Final,4.280851863551956,1.0476190476190477,4.484701952292526,288,210.0,365.0
Saccharum officinarum,2020-09-20,264,Final,4.0519806295124905,1.0357142857142858,4.196694223423651,288,210.0,365.0
Saccharum officinarum,2020-09-21,265,Final,4.375976895868489,1.0238095238095237,4.480166821960596,288,210.0,365.0
Saccharum officinarum,2020-09-22,266,Final,4.637260599957496,1.0119047619047619,4.692466083290323,288,210.0,365.0
Saccharum officinarum,2020-09-23,267,Final,4.177778381662782,1.0,4.177778381662782,288,210.0,365.0
Saccharum officinarum,2020-09-24,268,Final,3.8549075607667063,0.9880952380952381,3.809015804090912,288,210.0,365.0
Saccharum officinarum,2020-09-25,269,Final,3.725479458078222,0.9761904761904762,3.6367775662192168,288,210.0,365.0
Saccharum officinarum,2020-09-26,270,Final,4.95171105332111,0.9642857142857143,4.774864229988213,288,210.0,365.0
Saccharum officinarum,2020-09-27,271,Final,3.2610430870517333,0.9523809523809523,3.1057553210016504,288,210.0,365.0
Saccharum officinarum,2020-09-28,272,Final,4.5882101465053005,0.9404761904761905,4.315102399689509,288,210.0,365.0
Saccharum officinarum,2020-09-29,273,Final,4.605441943326008,0.9285714285714286,4.276481804517008,288,210.0,365.0
Saccharum officinarum,2020-09-30,274,Final,3.068194868939237,0.9166666666666667,2.812511963194301,288,210.0,365.0
Saccharum officinarum,2020-10-01,275,Final,3.952708605507728,0.9047619047619048,3.5762601668879443,288,210.0,365.0
Saccharum officinarum,2020-10-02,276,Final,3.913655237035956,0.8928571428571428,3.494335033067818,288,210.0,365.0
Saccharum officinarum,2020-10-03,277,Final,3.39687272560352,0.8809523809523809,2.992483115412625,288,210.0,365.0
Saccharum officinarum,2020-10-04,278,Final,3.700666347155938,0.8690476190476191,3.2160552778855176,288,210.0,365.0
Saccharum officinarum,2020-10-05,279,Final,4.728443225770522,0.8571428571428572,4.052951336374734,288,210.0,365.0
Saccharum officinarum,2020-10-06,280,Final,3.0337272844038905,0.8452380952380952,2.564221871341384,288,210.0,365.0
Saccharum officinarum,2020-10-07,281,Final,3.950585941712666,0.8333333333333333,3.2921549514272215,288,210.0,365.0
Saccharum officinarum,2020-10-08,282,Final,3.305606735696124,0.8214285714285714,2.7153198186075302,288,210.0,365.0
Saccharum officinarum,2020-10-09,283,Final,3.816932524395007,0.8095238095238095,3.089897757843577,288,210.0,365.0
Saccharum officinarum,2020-10-10,284,Final,4.874564151701781,0.7976190476190477,3.888045216238326,288,210.0,365.0
Saccharum officinarum,2020-10-11,285,Final,4.263741756719627,0.7857142857142857,3.3500828088511354,288,210.0,365.0
Saccharum officinarum,2020-10-12,286,Final,4.024258965446246,0.7738095238095238,3.1140099137381667,288,210.0,365.0
Saccharum officinarum,2020-10-13,287,Final,2.6327888195775238,0.7619047619047619,2.0059343387257322,288,210.0,365.0
Saccharum officinarum,2020-10-14,288,Final,3.677539457867691,0.75,2.7581545934007683,288,210.0,365.0
Solanum tuberosum,2020-01-01,1,Inicial,3.587955567412679,0.5,1.7939777837063395,125,90.0,160.0
Solanum tuberosum,2020-01-02,2,Inicial,4.252367304534883,0.5,2.1261836522674415,125,90.0,160.0
Solanum tuberosum,2020-01-03,3,Inicial,4.465400344626742,0.5,2.232700172313371,125,90.0,160.0
Solanum tuberosum,2020-01-04,4,Inicial,4.337331433983592,0.5,2.168665716991796,125,90.0,160.0
Solanum tuberosum,2020-01-05,5,Inicial,4.175360238431539,0.5,2.0876801192157695,125,90.0,160.0
Solanum tuberosum,2020-01-06,6,Inicial,4.07350556759288,0.5,2.03675278379644,125,90.0,160.0
Solanum tuberosum,2020-01-07,7,Inicial,4.359263661018607,0.5,2.1796318305093036,125,90.0,160.0
Solanum tuberosum,2020-01-08,8,Inicial,4.490663231273646,0.5,2.245331615636823,125,90.0,160.0
Solanum tuberosum,2020-01-09,9,Inicial,4.730248192488025,0.5,2.3651240962440125,125,90.0,160.0
Solanum tuberosum,2020-01-10,10,Inicial,4.736258197961163,0.5,2.3681290989805817,125,90.0,160.0
Solanum tuberosum,2020-01-11,11,Inicial,4.878349152325089,0.5,2.4391745761625443,125,90.0,160.0
Solanum tuberosum,2020-01-12,12,Inicial,4.985976287971725,0.5,2.4929881439858623,125,90.0,160.0
Solanum tuberosum,2020-01-13,13,Desarrollo,5.00521858703657,0.5,2.502609293518285,125,90.0,160.0
Solanum tuberosum,2020-01-14,14,Desarrollo,4.849421189390958,0.5270833333333333,2.556049085241484,125,90.0,160.0
Solanum tuberosum,2020-01-15,15,Desarrollo,4.504764577859355,0.5541666666666667,2.4963903702303925,125,90.0,160.0
Solanum tuberosum,2020-01-16,16,Desarrollo,4.738417253195859,0.58125,2.754205028420093,125,90.0,160.0
Solanum tuberosum,2020-01-17,17,Desarrollo,5.035114991107441,0.6083333333333333,3.063028286257026,125,90.0,160.0
Solanum tuberosum,2020-01-18,18,Desarrollo,5.030519417873925,0.6354166666666666,3.1964758801073896,125,90.0,160.0
Solanum tuberosum,2020-01-19,19,Desarrollo,4.670633650540201,0.6625,3.094294793482883,125,90.0,160.0
Solanum tuberosum,2020-01-20,20,Desarrollo,3.686415859256593,0.6895833333333333,2.542090936279026,125,90.0,160.0
Solanum tuberosum,2020-01-21,21,Desarrollo,3.607475829399888,0.7166666666666666,2.585357677736586,125,90.0,160.0
Solanum tuberosum,2020-01-22,22,Desarrollo,3.1141000792132743,0.7437499999999999,2.3161119339148724,125,90.0,160.0
Solanum tuberosum,2020-01-23,23,Desarrollo,3.573160403821106,0.7708333333333333,2.7543111446121022,125,90.0,160.0
Solanum tuberosum,2020-01-24,24,Desarrollo,3.187955296371513,0.7979166666666666,2.543722663563103,125,90.0,160.0
Solanum tuberosum,2020-01-25,25,Desarrollo,3.6667484430683994,0.825,3.0250674655314294,125,90.0,160.0
Solanum tuberosum,2020-01-26,26,Desarrollo,4.11908475660251,0.8520833333333333,3.509803469688389,125,90.0,160.0
Solanum tuberosum,2020-01-27,27,Desarrollo,3.9498590124386266,0.8791666666666667,3.472584381768959,125,90.0,160.0
Solanum tuberosum,2020-01-28,28,Desarrollo,4.21368376010019,0.90625,3.8186509075907975,125,90.0,160.0
Solanum tuberosum,2020-01-29,29,Desarrollo,4.245453570244781,0.9333333333333332,3.9624233322284614,125,90.0,160.0
Solanum tuberosum,2020-01-30,30,Desarrollo,4.552871366932626,0.9604166666666667,4.372653541991543,125,90.0,160.0
Solanum tuberosum,2020-01-31,31,Desarrollo,4.325793529473186,0.9874999999999999,4.271721110354771,125,90.0,160.0
Solanum tuberosum,2020-02-01,32,Desarrollo,3.998866506251721,1.0145833333333334,4.057183309467892,125,90.0,160.0
Solanum tuberosum,2020-02-02,33,Desarrollo,3.3912160222230137,1.0416666666666665,3.5325166898156386,125,90.0,160.0
Solanum tuberosum,2020-02-03,34,Desarrollo,4.1206820470414565,1.0687499999999999,4.403978937775556,125,90.0,160.0
Solanum tuberosum,2020-02-04,35,Desarrollo,5.245484578078671,1.0958333333333332,5.748176850144543,125,90.0,160.0
Solanum tuberosum,2020-02-05,36,Desarrollo,4.860534243716486,1.1229166666666666,5.457974911173303,125,90.0,160.0
Solanum tuberosum,2020-02-06,37,Desarrollo,4.986234569608164,1.15,5.734169755049388,125,90.0,160.0
Solanum tuberosum,2020-02-07,38,Media,5.300436257395595,1.15,6.095501696004934,125,90.0,160.0
Solanum tuberosum,2020-02-08,39,Media,4.878450275972932,1.15,5.610217817368871,125,90.0,160.0
Solanum tuberosum,2020-02-09,40,Media,5.231393658034011,1.15,6.016102706739113,125,90.0,160.0
Solanum tuberosum,2020-02-10,41,Media,5.396548676577161,1.15,6.206030978063734,125,90.0,160.0
Solanum tuberosum,2020-02-11,42,Media,5.3238633634380506,1.15,6.122442867953757,125,90.0,160.0
Solanum tuberosum,2020-02-12,43,Media,5.200653135949962,1.15,5.980751106342456,125,90.0,160.0
Solanum tuberosum,2020-02-13,44,Media,5.273751188043004,1.15,6.064813866249454,125,90.0,160.0
Solanum tuberosum,2020-02-14,45,Media,4.990486252421026,1.15,5.73905919028418,125,90.0,160.0
Solanum tuberosum,2020-02-15,46,Media,4.88883355331889,1.15,5.622158586316723,125,90.0,160.0
Solanum tuberosum,2020-02-16,47,Media,5.160411748067589,1.15,5.934473510277727,125,90.0,160.0
Solanum tuberosum,2020-02-17,48,Media,5.324378032877199,1.15,6.123034737808778,125,90.0,160.0
Solanum tuberosum,2020-02-18,49,Media,5.873483837420854,1.15,6.754506413033981,125,90.0,160.0
Solanum tuberosum,2020-02-19,50,Media,5.719738979286149,1.15,6.57769982617907,125,90.0,160.0
Solanum tuberosum,2020-02-20,51,Media,5.425694179101471,1.15,6.23954830596669,125,90.0,160.0
Solanum tuberosum,2020-02-21,52,Media,4.721249254476128,1.15,5.4294366426475476,125,90.0,160.0
Solanum tuberosum,2020-02-22,53,Media,4.042379172630542,1.15,4.648736048525123,125,90.0,160.0
Solanum tuberosum,2020-02-23,54,Media,3.963860596266885,1.15,4.558439685706918,125,90.0,160.0
Solanum tuberosum,2020-02-24,55,Media,4.485677353163073,1.15,5.158528956137533,125,90.0,160.0
Solanum tuberosum,2020-02-25,56,Media,3.930010485002768,1.15,4.519512057753182,125,90.0,160.0
Solanum tuberosum,2020-02-26,57,Media,4.4703605662621575,1.15,5.140914651201481,125,90.0,160.0
Solanum tuberosum,2020-02-27,58,Media,4.417350397862795,1.15,5.079952957542214,125,90.0,160.0
Solanum tuberosum,2020-02-28,59,Media,4.956969272710255,1.15,5.700514663616793,125,90.0,160.0
Solanum tuberosum,2020-02-29,60,Media,4.758649355859213,1.15,5.472446759238095,125,90.0,160.0
Solanum tuberosum,2020-03-01,61,Media,5.547790395695952,1.15,6.379958955050344,125,90.0,160.0
Solanum tuberosum,2020-03-02,62,Media,5.412170272915391,1.15,6.223995813852699,125,90.0,160.0
Solanum tuberosum,2020-03-03,63,Media,5.345178762739399,1.15,6.146955577150309,125,90.0,160.0
Solanum tuberosum,2020-03-04,64,Media,5.504030963966443,1.15,6.329635608561409,125,90.0,160.0
Solanum tuberosum,2020-03-05,65,Media,5.18182365354728,1.15,5.959097201579372,125,90.0,160.0
Solanum tuberosum,2020-03-06,66,Media,5.538285678845764,1.15,6.369028530672628,125,90.0,160.0
Solanum tuberosum,2020-03-07,67,Media,4.598203140903725,1.15,5.287933612039283,125,90.0,160.0
Solanum tuberosum,2020-03-08,68,Media,4.891508307493643,1.15,5.625234553617689,125,90.0,160.0
Solanum tuberosum,2020-03-09,69,Media,5.572089802693309,1.15,6.407903273097305,125,90.0,160.0
Solanum tuberosum,2020-03-10,70,Media,4.644444484136557,1.15,5.34111115675704,125,90.0,160.0
Solanum tuberosum,2020-03-11,71,Media,3.657668087024417,1.15,4.206318300078079,125,90.0,160.0
Solanum tuberosum,2020-03-12,72,Media,3.6987249479123503,1.15,4.253533690099203,125,90.0,160.0
Solanum tuberosum,2020-03-13,73,Media,4.497419263089577,1.15,5.172032152553013,125,90.0,160.0
Solanum tuberosum,2020-03-14,74,Media,5.444531952139149,1.15,6.261211744960021,125,90.0,160.0
Solanum tuberosum,2020-03-15,75,Media,5.5452684892377455,1.15,6.377058762623407,125,90.0,160.0
Solanum tuberosum,2020-03-16,76,Media,5.888282577175485,1.15,6.771524963751808,125,90.0,160.0
Solanum tuberosum,2020-03-17,77,Media,5.83570253760331,1.15,6.711057918243806,125,90.0,160.0
Solanum tuberosum,2020-03-18,78,Media,5.574864387172866,1.15,6.411094045248795,125,90.0,160.0
Solanum tuberosum,2020-03-19,79,Media,5.697934228914344,1.15,6.552624363251495,125,90.0,160.0
Solanum tuberosum,2020-03-20,80,Media,4.42045445652641,1.15,5.083522625005371,125,90.0,160.0
Solanum tuberosum,2020-03-21,81,Media,4.960314786421425,1.15,5.704362004384638,125,90.0,160.0
Solanum tuberosum,2020-03-22,82,Media,5.502670992244579,1.15,6.328071641081266,125,90.0,160.0
Solanum tuberosum,2020-03-23,83,Media,5.334791370847758,1.15,6.135010076474921,125,90.0,160.0
Solanum tuberosum,2020-03-24,84,Media,5.093265037626732,1.15,5.857254793270741,125,90.0,160.0
Solanum tuberosum,2020-03-25,85,Media,5.08327728425441,1.15,5.8457688768925715,125,90.0,160.0
Solanum tuberosum,2020-03-26,86,Media,5.082445367913009,1.15,5.84481217309996,125,90.0,160.0
Solanum tuberosum,2020-03-27,87,Media,5.4390638036018695,1.15,6.254923374142149,125,90.0,160.0
Solanum tuberosum,2020-03-28,88,Media,5.938855820211203,1.15,6.829684193242883,125,90.0,160.0
Solanum tuberosum,2020-03-29,89,Media,5.772266145547249,1.15,6.6381060673793355,125,90.0,160.0
Solanum tuberosum,2020-03-30,90,Media,4.268884862000304,1.15,4.909217591300349,125,90.0,160.0
Solanum tuberosum,2020-03-31,91,Media,3.869483000311269,1.15,4.449905450357959,125,90.0,160.0
Solanum tuberosum,2020-04-01,92,Media,3.2427245727845486,1.15,3.729133258702231,125,90.0,160.0
Solanum tuberosum,2020-04-02,93,Media,3.7485211338517472,1.15,4.310799303929509,125,90.0,160.0
Solanum tuberosum,2020-04-03,94,Media,3.9267267321665,1.15,4.515735741991475,125,90.0,160.0
Solanum tuberosum,2020-04-04,95,Media,4.171873170542142,1.15,4.797654146123463,125,90.0,160.0
Solanum tuberosum,2020-04-05,96,Media,3.971950258660795,1.15,4.567742797459914,125,90.0,160.0
Solanum tuberosum,2020-04-06,97,Media,3.382815642967628,1.15,3.8902379894127717,125,90.0,160.0
Solanum tuberosum,2020-04-07,98,Media,4.407811587832225,1.15,5.068983326007059,125,90.0,160.0
Solanum tuberosum,2020-04-08,99,Media,4.553849513367484,1.15,5.236926940372606,125,90.0,160.0
Solanum tuberosum,2020-04-09,100,Media,4.39381383970363,1.15,5.052885915659174,125,90.0,160.0
Solanum tuberosum,2020-04-10,101,Media,4.181827632536279,1.15,4.80910177741672,125,90.0,160.0
Solanum tuberosum,2020-04-11,102,Media,3.6449943199608414,1.15,4.191743467954967,125,90.0,160.0
Solanum tuberosum,2020-04-12,103,Media,4.758009669578084,1.15,5.471711120014796,125,90.0,160.0
Solanum tuberosum,2020-04-13,104,Media,5.097136191974038,1.15,5.861706620770144,125,90.0,160.0
Solanum tuberosum,2020-04-14,105,Media,4.775219418043966,1.15,5.491502330750561,125,90.0,160.0
Solanum tuberosum,2020-04-15,106,Media,4.724265658151029,1.15,5.4329055068736825,125,90.0,160.0
Solanum tuberosum,2020-04-16,107,Final,4.975741111657308,1.15,5.722102278405903,125,90.0,160.0
Solanum tuberosum,2020-04-17,108,Final,5.099186674583073,1.1277777777777778,5.7507494163353545,125,90.0,160.0
Solanum tuberosum,2020-04-18,109,Final,4.366363887481977,1.1055555555555554,4.827257853382851,125,90.0,160.0
Solanum tuberosum,2020-04-19,110,Final,3.9567620364966767,1.0833333333333333,4.286492206204732,125,90.0,160.0
Solanum tuberosum,2020-04-20,111,Final,4.216247063133324,1.0611111111111111,4.473906605880361,125,90.0,160.0
Solanum tuberosum,2020-04-21,112,Final,2.4213223299251503,1.0388888888888888,2.5154848649777946,125,90.0,160.0
Solanum tuberosum,2020-04-22,113,Final,3.966739414884036,1.0166666666666666,4.032851738465436,125,90.0,160.0
Solanum tuberosum,2020-04-23,114,Final,4.176968970284008,0.9944444444444444,4.153763587115764,125,90.0,160.0
Solanum tuberosum,2020-04-24,115,Final,4.179940842942102,0.9722222222222222,4.063831375082599,125,90.0,160.0
Solanum tuberosum,2020-04-25,116,Final,4.420086464178048,0.95,4.1990821409691454,125,90.0,160.0
Solanum tuberosum,2020-04-26,117,Final,4.795805768456103,0.9277777777777777,4.449442018512051,125,90.0,160.0
Solanum tuberosum,2020-04-27,118,Final,4.749628009057083,0.9055555555555554,4.3010520304239135,125,90.0,160.0
Solanum tuberosum,2020-04-28,119,Final,4.20306507226404,0.8833333333333333,3.7127074804999016,125,90.0,160.0
Solanum tuberosum,2020-04-29,120,Final,4.447677947515817,0.8611111111111112,3.8299448992497314,125,90.0,160.0
Solanum tuberosum,2020-04-30,121,Final,3.839969022636929,0.8388888888888888,3.2213073467676456,125,90.0,160.0
Solanum tuberosum,2020-05-01,122,Final,4.037545873511891,0.8166666666666667,3.297329130034711,125,90.0,160.0
Solanum tuberosum,2020-05-02,123,Final,4.527804090912303,0.7944444444444445,3.5970888055581076,125,90.0,160.0
Solanum tuberosum,2020-05-03,124,Final,4.0420568028218655,0.7722222222222223,3.121366086623552,125,90.0,160.0
Solanum tuberosum,2020-05-04,125,Final,2.910478027384988,0.75,2.182858520538741,125,90.0,160.0
Zea mays,2020-01-01,1,Inicial,3.587955567412679,0.3,1.0763866702238036,215,65.0,365.0
Zea mays,2020-01-02,2,Inicial,4.252367304534883,0.3,1.275710191360465,215,65.0,365.0
Zea mays,2020-01-03,3,Inicial,4.465400344626742,0.3,1.3396201033880226,215,65.0,365.0
Zea mays,2020-01-04,4,Inicial,4.337331433983592,0.3,1.3011994301950776,215,65.0,365.0
Zea mays,2020-01-05,5,Inicial,4.175360238431539,0.3,1.2526080715294616,215,65.0,365.0
Zea mays,2020-01-06,6,Inicial,4.07350556759288,0.3,1.222051670277864,215,65.0,365.0
Zea mays,2020-01-07,7,Inicial,4.359263661018607,0.3,1.3077790983055821,215,65.0,365.0
Zea mays,2020-01-08,8,Inicial,4.490663231273646,0.3,1.3471989693820938,215,65.0,365.0
Zea mays,2020-01-09,9,Inicial,4.730248192488025,0.3,1.4190744577464074,215,65.0,365.0
Zea mays,2020-01-10,10,Inicial,4.736258197961163,0.3,1.4208774593883489,215,65.0,365.0
Zea mays,2020-01-11,11,Inicial,4.878349152325089,0.3,1.4635047456975265,215,65.0,365.0
Zea mays,2020-01-12,12,Inicial,4.985976287971725,0.3,1.4957928863915173,215,65.0,365.0
Zea mays,2020-01-13,13,Inicial,5.00521858703657,0.3,1.501565576110971,215,65.0,365.0
Zea mays,2020-01-14,14,Inicial,4.849421189390958,0.3,1.4548263568172872,215,65.0,365.0
Zea mays,2020-01-15,15,Inicial,4.504764577859355,0.3,1.3514293733578064,215,65.0,365.0
Zea mays,2020-01-16,16,Inicial,4.738417253195859,0.3,1.4215251759587577,215,65.0,365.0
Zea mays,2020-01-17,17,Inicial,5.035114991107441,0.3,1.510534497332232,215,65.0,365.0
Zea mays,2020-01-18,18,Inicial,5.030519417873925,0.3,1.5091558253621773,215,65.0,365.0
Zea mays,2020-01-19,19,Inicial,4.670633650540201,0.3,1.4011900951620602,215,65.0,365.0
Zea mays,2020-01-20,20,Inicial,3.686415859256593,0.3,1.105924757776978,215,65.0,365.0
Zea mays,2020-01-21,21,Inicial,3.607475829399888,0.3,1.0822427488199664,215,65.0,365.0
Zea mays,2020-01-22,22,Inicial,3.1141000792132743,0.3,0.9342300237639822,215,65.0,365.0
Zea mays,2020-01-23,23,Desarrollo,3.573160403821106,0.3,1.0719481211463318,215,65.0,365.0
Zea mays,2020-01-24,24,Desarrollo,3.187955296371513,0.3214285714285714,1.0246999166908435,215,65.0,365.0
Zea mays,2020-01-25,25,Desarrollo,3.6667484430683994,0.34285714285714286,1.2571708947663083,215,65.0,365.0
Zea mays,2020-01-26,26,Desarrollo,4.11908475660251,0.36428571428571427,1.500523732762343,215,65.0,365.0
Zea mays,2020-01-27,27,Desarrollo,3.9498590124386266,0.3857142857142857,1.5235170476548987,215,65.0,365.0
Zea mays,2020-01-28,28,Desarrollo,4.21368376010019,0.40714285714285714,1.715571245183649,215,65.0,365.0
Zea mays,2020-01-29,29,Desarrollo,4.245453570244781,0.42857142857142855,1.8194801015334774,215,65.0,365.0
Zea mays,2020-01-30,30,Desarrollo,4.552871366932626,0.44999999999999996,2.0487921151196815,215,65.0,365.0
Zea mays,2020-01-31,31,Desarrollo,4.325793529473186,0.4714285714285714,2.039302663894502,215,65.0,365.0
Zea mays,2020-02-01,32,Desarrollo,3.998866506251721,0.4928571428571428,1.970869920938348,215,65.0,365.0
Zea mays,2020-02-02,33,Desarrollo,3.3912160222230137,0.5142857142857142,1.744053954286121,215,65.0,365.0
Zea mays,2020-02-03,34,Desarrollo,4.1206820470414565,0.5357142857142857,2.2075082394864944,215,65.0,365.0
Zea mays,2020-02-04,35,Desarrollo,5.245484578078671,0.5571428571428572,2.9224842649295457,215,65.0,365.0
Zea mays,2020-02-05,36,Desarrollo,4.860534243716486,0.5785714285714285,2.812166241007395,215,65.0,365.0
Zea mays,2020-02-06,37,Desarrollo,4.986234569608164,0.5999999999999999,2.9917407417648976,215,65.0,365.0
Zea mays,2020-02-07,38,Desarrollo,5.300436257395595,0.6214285714285714,3.2938425313815483,215,65.0,365.0
Zea mays,2020-02-08,39,Desarrollo,4.878450275972932,0.6428571428571428,3.1361466059825984,215,65.0,365.0
Zea mays,2020-02-09,40,Desarrollo,5.231393658034011,0.6642857142857143,3.4751400728368784,215,65.0,365.0
Zea mays,2020-02-10,41,Desarrollo,5.396548676577161,0.6857142857142857,3.700490521081482,215,65.0,365.0
Zea mays,2020-02-11,42,Desarrollo,5.3238633634380506,0.7071428571428571,3.764731949859764,215,65.0,365.0
Zea mays,2020-02-12,43,Desarrollo,5.200653135949962,0.7285714285714284,3.7890472847635435,215,65.0,365.0
Zea mays,2020-02-13,44,Desarrollo,5.273751188043004,0.75,3.955313391032253,215,65.0,365.0
Zea mays,2020-02-14,45,Desarrollo,4.990486252421026,0.7714285714285714,3.8498036804390767,215,65.0,365.0
Zea mays,2020-02-15,46,Desarrollo,4.88883355331889,0.7928571428571429,3.876146602988549,215,65.0,365.0
Zea mays,2020-02-16,47,Desarrollo,5.160411748067589,0.8142857142857143,4.202049566283608,215,65.0,365.0
Zea mays,2020-02-17,48,Desarrollo,5.324378032877199,0.8357142857142856,4.449658784618801,215,65.0,365.0
Zea mays,2020-02-18,49,Desarrollo,5.873483837420854,0.8571428571428572,5.0344147177893035,215,65.0,365.0
Zea mays,2020-02-19,50,Desarrollo,5.719738979286149,0.8785714285714286,5.025199246087116,215,65.0,365.0
Zea mays,2020-02-20,51,Desarrollo,5.425694179101471,0.8999999999999999,4.883124761191323,215,65.0,365.0
Zea mays,2020-02-21,52,Desarrollo,4.721249254476128,0.9214285714285713,4.350293955910146,215,65.0,365.0
Zea mays,2020-02-22,53,Desarrollo,4.042379172630542,0.9428571428571428,3.811386077051654,215,65.0,365.0
Zea mays,2020-02-23,54,Desarrollo,3.963860596266885,0.9642857142857142,3.8222941464002105,215,65.0,365.0
Zea mays,2020-02-24,55,Desarrollo,4.485677353163073,0.9857142857142855,4.421596248117885,215,65.0,365.0
Zea mays,2020-02-25,56,Desarrollo,3.930010485002768,1.0071428571428571,3.9580819884670735,215,65.0,365.0
Zea mays,2020-02-26,57,Desarrollo,4.4703605662621575,1.0285714285714285,4.598085153869647,215,65.0,365.0
Zea mays,2020-02-27,58,Desarrollo,4.417350397862795,1.05,4.638217917755935,215,65.0,365.0
Zea mays,2020-02-28,59,Desarrollo,4.956969272710255,1.0714285714285714,5.311038506475273,215,65.0,365.0
Zea mays,2020-02-29,60,Desarrollo,4.758649355859213,1.0928571428571427,5.200523938903283,215,65.0,365.0
Zea mays,2020-03-01,61,Desarrollo,5.547790395695952,1.114285714285714,6.181823583775488,215,65.0,365.0
Zea mays,2020-03-02,62,Desarrollo,5.412170272915391,1.1357142857142857,6.146679095668194,215,65.0,365.0
Zea mays,2020-03-03,63,Desarrollo,5.345178762739399,1.157142857142857,6.18513542545559,215,65.0,365.0
Zea mays,2020-03-04,64,Desarrollo,5.504030963966443,1.1785714285714284,6.486893636103306,215,65.0,365.0
Zea mays,2020-03-05,65,Desarrollo,5.18182365354728,1.2,6.218188384256735,215,65.0,365.0
Zea mays,2020-03-06,66,Media,5.538285678845764,1.2,6.645942814614917,215,65.0,365.0
Zea mays,2020-03-07,67,Media,4.598203140903725,1.2,5.51784376908447,215,65.0,365.0
Zea mays,2020-03-08,68,Media,4.891508307493643,1.2,5.869809968992372,215,65.0,365.0
Zea mays,2020-03-09,69,Media,5.572089802693309,1.2,6.686507763231971,215,65.0,365.0
Zea mays,2020-03-10,70,Media,4.644444484136557,1.2,5.573333380963867,215,65.0,365.0
Zea mays,2020-03-11,71,Media,3.657668087024417,1.2,4.389201704429301,215,65.0,365.0
Zea mays,2020-03-12,72,Media,3.6987249479123503,1.2,4.43846993749482,215,65.0,365.0
Zea mays,2020-03-13,73,Media,4.497419263089577,1.2,5.396903115707492,215,65.0,365.0
Zea mays,2020-03-14,74,Media,5.444531952139149,1.2,6.533438342566979,215,65.0,365.0
Zea mays,2020-03-15,75,Media,5.5452684892377455,1.2,6.654322187085294,215,65.0,365.0
Zea mays,2020-03-16,76,Media,5.888282577175485,1.2,7.0659390926105825,215,65.0,365.0
Zea mays,2020-03-17,77,Media,5.83570253760331,1.2,7.002843045123972,215,65.0,365.0
Zea mays,2020-03-18,78,Media,5.574864387172866,1.2,6.689837264607439,215,65.0,365.0
Zea mays,2020-03-19,79,Media,5.697934228914344,1.2,6.8375210746972135,215,65.0,365.0
Zea mays,2020-03-20,80,Media,4.42045445652641,1.2,5.3045453478316915,215,65.0,365.0
Zea mays,2020-03-21,81,Media,4.960314786421425,1.2,5.95237774370571,215,65.0,365.0
Zea mays,2020-03-22,82,Media,5.502670992244579,1.2,6.603205190693495,215,65.0,365.0
Zea mays,2020-03-23,83,Media,5.334791370847758,1.2,6.4017496450173095,215,65.0,365.0
Zea mays,2020-03-24,84,Media,5.093265037626732,1.2,6.111918045152078,215,65.0,365.0
Zea mays,2020-03-25,85,Media,5.08327728425441,1.2,6.099932741105292,215,65.0,365.0
Zea mays,2020-03-26,86,Media,5.082445367913009,1.2,6.098934441495611,215,65.0,365.0
Zea mays,2020-03-27,87,Media,5.4390638036018695,1.2,6.526876564322243,215,65.0,365.0
Zea mays,2020-03-28,88,Media,5.938855820211203,1.2,7.126626984253444,215,65.0,365.0
Zea mays,2020-03-29,89,Media,5.772266145547249,1.2,6.926719374656699,215,65.0,365.0
Zea mays,2020-03-30,90,Media,4.268884862000304,1.2,5.122661834400365,215,65.0,365.0
Zea mays,2020-03-31,91,Media,3.869483000311269,1.2,4.643379600373523,215,65.0,365.0
Zea mays,2020-04-01,92,Media,3.2427245727845486,1.2,3.891269487341458,215,65.0,365.0
Zea mays,2020-04-02,93,Media,3.7485211338517472,1.2,4.498225360622096,215,65.0,365.0
Zea mays,2020-04-03,94,Media,3.9267267321665,1.2,4.7120720785998,215,65.0,365.0
Zea mays,2020-04-04,95,Media,4.171873170542142,1.2,5.00624780465057,215,65.0,365.0
Zea mays,2020-04-05,96,Media,3.971950258660795,1.2,4.766340310392954,215,65.0,365.0
Zea mays,2020-04-06,97,Media,3.382815642967628,1.2,4.059378771561153,215,65.0,365.0
Zea mays,2020-04-07,98,Media,4.407811587832225,1.2,5.28937390539867,215,65.0,365.0
Zea mays,2020-04-08,99,Media,4.553849513367484,1.2,5.464619416040981,215,65.0,365.0
Zea mays,2020-04-09,100,Media,4.39381383970363,1.2,5.272576607644356,215,65.0,365.0
Zea mays,2020-04-10,101,Media,4.181827632536279,1.2,5.018193159043534,215,65.0,365.0
Zea mays,2020-04-11,102,Media,3.6449943199608414,1.2,4.37399318395301,215,65.0,365.0
Zea mays,2020-04-12,103,Media,4.758009669578084,1.2,5.709611603493701,215,65.0,365.0
Zea mays,2020-04-13,104,Media,5.097136191974038,1.2,6.116563430368846,215,65.0,365.0
Zea mays,2020-04-14,105,Media,4.775219418043966,1.2,5.7302633016527595,215,65.0,365.0
Zea mays,2020-04-15,106,Media,4.724265658151029,1.2,5.669118789781234,215,65.0,365.0
Zea mays,2020-04-16,107,Media,4.975741111657308,1.2,5.970889333988769,215,65.0,365.0
Zea mays,2020-04-17,108,Media,5.099186674583073,1.2,6.119024009499688,215,65.0,365.0
Zea mays,2020-04-18,109,Media,4.366363887481977,1.2,5.239636664978372,215,65.0,365.0
Zea mays,2020-04-19,110,Media,3.9567620364966767,1.2,4.748114443796012,215,65.0,365.0
Zea mays,2020-04-20,111,Media,4.216247063133324,1.2,5.059496475759989,215,65.0,365.0
Zea mays,2020-04-21,112,Media,2.4213223299251503,1.2,2.9055867959101804,215,65.0,365.0
Zea mays,2020-04-22,113,Media,3.966739414884036,1.2,4.760087297860843,215,65.0,365.0
Zea mays,2020-04-23,114,Media,4.176968970284008,1.2,5.01236276434081,215,65.0,365.0
Zea mays,2020-04-24,115,Media,4.179940842942102,1.2,5.015929011530522,215,65.0,365.0
Zea mays,2020-04-25,116,Media,4.420086464178048,1.2,5.3041037570136575,215,65.0,365.0
Zea mays,2020-04-26,117,Media,4.795805768456103,1.2,5.754966922147323,215,65.0,365.0
Zea mays,2020-04-27,118,Media,4.749628009057083,1.2,5.699553610868499,215,65.0,365.0
Zea mays,2020-04-28,119,Media,4.20306507226404,1.2,5.043678086716848,215,65.0,365.0
Zea mays,2020-04-29,120,Media,4.447677947515817,1.2,5.33721353701898,215,65.0,365.0
Zea mays,2020-04-30,121,Media,3.839969022636929,1.2,4.6079628271643145,215,65.0,365.0
Zea mays,2020-05-01,122,Media,4.037545873511891,1.2,4.845055048214269,215,65.0,365.0
Zea mays,2020-05-02,123,Media,4.527804090912303,1.2,5.433364909094764,215,65.0,365.0
Zea mays,2020-05-03,124,Media,4.0420568028218655,1.2,4.850468163386238,215,65.0,365.0
Zea mays,2020-05-04,125,Media,2.910478027384988,1.2,3.4925736328619856,215,65.0,365.0
Zea mays,2020-05-05,126,Media,4.236576871442634,1.2,5.08389224573116,215,65.0,365.0
Zea mays,2020-05-06,127,Media,4.156910268020909,1.2,4.988292321625091,215,65.0,365.0
Zea mays,2020-05-07,128,Media,3.518333780526942,1.2,4.22200053663233,215,65.0,365.0
Zea mays,2020-05-08,129,Media,4.2891176039503565,1.2,5.146941124740428,215,65.0,365.0
Zea mays,2020-05-09,130,Media,4.530429486801288,1.2,5.436515384161545,215,65.0,365.0
Zea mays,2020-05-10,131,Media,5.090808825406927,1.2,6.108970590488312,215,65.0,365.0
Zea mays,2020-05-11,132,Media,4.379312990103055,1.2,5.255175588123666,215,65.0,365.0
Zea mays,2020-05-12,133,Media,3.4682140462837943,1.2,4.161856855540553,215,65.0,365.0
Zea mays,2020-05-13,134,Media,3.058526114918039,1.2,3.670231337901647,215,65.0,365.0
Zea mays,2020-05-14,135,Media,4.498737845606531,1.2,5.398485414727837,215,65.0,365.0
Zea mays,2020-05-15,136,Media,3.9835107373592553,1.2,4.780212884831106,215,65.0,365.0
Zea mays,2020-05-16,137,Media,4.126719748741372,1.2,4.952063698489646,215,65.0,365.0
Zea mays,2020-05-17,138,Media,3.63332119900562,1.2,4.359985438806744,215,65.0,365.0
Zea mays,2020-05-18,139,Media,3.955784945819421,1.2,4.746941934983305,215,65.0,365.0
Zea mays,2020-05-19,140,Media,3.026546271550344,1.2,3.631855525860413,215,65.0,365.0
Zea mays,2020-05-20,141,Media,5.037929418215409,1.2,6.045515301858491,215,65.0,365.0
Zea mays,2020-05-21,142,Media,4.101033761127129,1.2,4.921240513352554,215,65.0,365.0
Zea mays,2020-05-22,143,Media,2.796770813139237,1.2,3.356124975767084,215,65.0,365.0
Zea mays,2020-05-23,144,Media,4.656040591953797,1.2,5.587248710344556,215,65.0,365.0
Zea mays,2020-05-24,145,Media,4.237304098603268,1.2,5.084764918323921,215,65.0,365.0
Zea mays,2020-05-25,146,Media,3.573508956255184,1.2,4.288210747506221,215,65.0,365.0
Zea mays,2020-05-26,147,Media,4.011964180681387,1.2,4.814357016817664,215,65.0,365.0
Zea mays,2020-05-27,148,Media,2.3794897379620776,1.2,2.855387685554493,215,65.0,365.0
Zea mays,2020-05-28,149,Media,3.866697912578719,1.2,4.640037495094463,215,65.0,365.0
Zea mays,2020-05-29,150,Media,4.306724288121328,1.2,5.168069145745593,215,65.0,365.0
Zea mays,2020-05-30,151,Media,2.1130225903599085,1.2,2.53562710843189,215,65.0,365.0
Zea mays,2020-05-31,152,Media,3.692102971619515,1.2,4.4305235659434175,215,65.0,365.0
Zea mays,2020-06-01,153,Media,3.841945755099135,1.2,4.610334906118962,215,65.0,365.0
Zea mays,2020-06-02,154,Media,2.477764032127816,1.2,2.9733168385533792,215,65.0,365.0
Zea mays,2020-06-03,155,Media,4.275472459424811,1.2,5.130566951309773,215,65.0,365.0
Zea mays,2020-06-04,156,Media,4.679808008754871,1.2,5.615769610505845,215,65.0,365.0
Zea mays,2020-06-05,157,Media,3.578248641580178,1.2,4.293898369896214,215,65.0,365.0
Zea mays,2020-06-06,158,Media,3.2018793462448034,1.2,3.842255215493764,215,65.0,365.0
Zea mays,2020-06-07,159,Media,4.509980804589562,1.2,5.411976965507474,215,65.0,365.0
Zea mays,2020-06-08,160,Media,4.805696918339457,1.2,5.7668363020073485,215,65.0,365.0
Zea mays,2020-06-09,161,Media,4.135464586604659,1.2,4.9625575039255905,215,65.0,365.0
Zea mays,2020-06-10,162,Media,2.362623995681945,1.2,2.835148794818334,215,65.0,365.0
Zea mays,2020-06-11,163,Media,4.252935820953012,1.2,5.103522985143615,215,65.0,365.0
Zea mays,2020-06-12,164,Media,3.956448261858663,1.2,4.747737914230395,215,65.0,365.0
Zea mays,2020-06-13,165,Media,4.627252075235235,1.2,5.552702490282282,215,65.0,365.0
Zea mays,2020-06-14,166,Media,3.8934759933570415,1.2,4.67217119202845,215,65.0,365.0
Zea mays,2020-06-15,167,Media,2.8420694569866,1.2,3.41048334838392,215,65.0,365.0
Zea mays,2020-06-16,168,Media,4.225600673040118,1.2,5.070720807648141,215,65.0,365.0
Zea mays,2020-06-17,169,Media,4.170497853746984,1.2,5.004597424496381,215,65.0,365.0
Zea mays,2020-06-18,170,Media,4.779111299859947,1.2,5.734933559831936,215,65.0,365.0
Zea mays,2020-06-19,171,Media,4.473763179936717,1.2,5.36851581592406,215,65.0,365.0
Zea mays,2020-06-20,172,Media,3.998015197773331,1.2,4.797618237327997,215,65.0,365.0
Zea mays,2020-06-21,173,Media,3.753650777715088,1.2,4.504380933258105,215,65.0,365.0
Zea mays,2020-06-22,174,Media,4.826605638325017,1.2,5.79192676599002,215,65.0,365.0
Zea mays,2020-06-23,175,Media,4.260006858446006,1.2,5.112008230135206,215,65.0,365.0
Zea mays,2020-06-24,176,Media,4.480157813320103,1.2,5.376189375984123,215,65.0,365.0
Zea mays,2020-06-25,177,Media,4.481496850586955,1.2,5.3777962207043455,215,65.0,365.0
Zea mays,2020-06-26,178,Media,4.264073921871598,1.2,5.116888706245918,215,65.0,365.0
Zea mays,2020-06-27,179,Media,4.273627129391677,1.2,5.128352555270013,215,65.0,365.0
Zea mays,2020-06-28,180,Media,3.24494448555568,1.2,3.8939333826668157,215,65.0,365.0
Zea mays,2020-06-29,181,Media,4.694863639358062,1.2,5.633836367229675,215,65.0,365.0
Zea mays,2020-06-30,182,Media,4.303647730467016,1.2,5.16437727656042,215,65.0,365.0
Zea mays,2020-07-01,183,Media,4.355692650137311,1.2,5.2268311801647735,215,65.0,365.0
Zea mays,2020-07-02,184,Final,3.485719350238677,1.2,4.182863220286412,215,65.0,365.0
Zea mays,2020-07-03,185,Final,4.702205052709622,1.1806451612903226,5.551635642876521,215,65.0,365.0
Zea mays,2020-07-04,186,Final,3.456561544914263,1.161290322580645,4.014071471513337,215,65.0,365.0
Zea mays,2020-07-05,187,Final,3.506312142584468,1.1419354838709677,4.003982253144844,215,65.0,365.0
Zea mays,2020-07-06,188,Final,4.579023556434734,1.1225806451612903,5.1403232181912495,215,65.0,365.0
Zea mays,2020-07-07,189,Final,4.253081582098771,1.103225806451613,4.6921093583154185,215,65.0,365.0
Zea mays,2020-07-08,190,Final,4.3563786390822,1.0838709677419354,4.721752331392319,215,65.0,365.0
Zea mays,2020-07-09,191,Final,4.965814433450994,1.064516129032258,5.2861895581897675,215,65.0,365.0
Zea mays,2020-07-10,192,Final,3.359519117946482,1.0451612903225806,3.511239336176323,215,65.0,365.0
Zea mays,2020-07-11,193,Final,3.688532729976453,1.0258064516129033,3.7837206713952005,215,65.0,365.0
Zea mays,2020-07-12,194,Final,3.8224897552685433,1.0064516129032257,3.847150979496082,215,65.0,365.0
Zea mays,2020-07-13,195,Final,5.044651018770086,0.9870967741935484,4.979558747560149,215,65.0,365.0
Zea mays,2020-07-14,196,Final,3.966618835047466,0.967741935483871,3.838663388755612,215,65.0,365.0
Zea mays,2020-07-15,197,Final,4.806663009635142,0.9483870967741935,4.55857717687978,215,65.0,365.0
Zea mays,2020-07-16,198,Final,3.414186953513969,0.9290322580645161,3.1718898148774937,215,65.0,365.0
Zea mays,2020-07-17,199,Final,4.872827823838737,0.9096774193548387,4.432701439750077,215,65.0,365.0
Zea mays,2020-07-18,200,Final,4.306784447251676,0.8903225806451613,3.834427443359557,215,65.0,365.0
Zea mays,2020-07-19,201,Final,4.708966543052017,0.8709677419354839,4.101357956851757,215,65.0,365.0
Zea mays,2020-07-20,202,Final,2.3296760085275645,0.8516129032258064,1.9839821491976677,215,65.0,365.0
Zea mays,2020-07-21,203,Final,4.152146999927764,0.832258064516129,3.4556578257463326,215,65.0,365.0
Zea mays,2020-07-22,204,Final,2.9526576766577493,0.8129032258064516,2.400224950057267,215,65.0,365.0
Zea mays,2020-07-23,205,Final,3.9615955238902383,0.7935483870967741,3.1437177383128985,215,65.0,365.0
Zea mays,2020-07-24,206,Final,3.24614280775243,0.7741935483870968,2.513142818905107,215,65.0,365.0
Zea mays,2020-07-25,207,Final,3.0407095064001863,0.7548387096774194,2.2952452403149795,215,65.0,365.0
Zea mays,2020-07-26,208,Final,4.527452011372625,0.7354838709677419,3.3298679309450274,215,65.0,365.0
Zea mays,2020-07-27,209,Final,4.595776374973429,0.7161290322580645,3.291168887884197,215,65.0,365.0
Zea mays,2020-07-28,210,Final,5.054397792074072,0.6967741935483871,3.52177394544516,215,65.0,365.0
Zea mays,2020-07-29,211,Final,5.278036385690802,0.6774193548387096,3.575444003209898,215,65.0,365.0
Zea mays,2020-07-30,212,Final,3.786690872561688,0.6580645161290323,2.49188689678253,215,65.0,365.0
Zea mays,2020-07-31,213,Final,4.6515807288768,0.6387096774193548,2.971009626830988,215,65.0,365.0
Zea mays,2020-08-01,214,Final,4.9228144650869785,0.6193548387096773,3.0489689590216122,215,65.0,365.0
Zea mays,2020-08-02,215,Final,5.050248419797471,0.6,3.0301490518784826,215,65.0,365.0
