fecha,fecha_hora,latitud,longitud,sm_surface,sm_rootzone,sm_surface_wetness,sm_rootzone_wetness,soil_temp_layer1,soil_temp_layer1_celsius,archivo_smap
2020-01-01,2020-01-01 01:28:55+00:00,8.748,-75.878,0.1850608140230178,0.1870934814214706,0.4425531327724457,0.447567343711853,300.4308776855469,27.280877685546898,SMAP_L4_SM_gph_20200101T013000_Vv8010_001.h5
2020-01-01,2020-01-01 04:28:55+00:00,8.748,-75.878,0.1851260960102081,0.1871814876794815,0.4427651762962341,0.4477596879005432,299.1561889648437,26.006188964843773,SMAP_L4_SM_gph_20200101T043000_Vv8010_001.h5
2020-01-01,2020-01-01 07:28:55+00:00,8.748,-75.878,0.1852097660303115,0.1872966587543487,0.4429023861885071,0.4479858875274658,298.2062072753906,25.056207275390648,SMAP_L4_SM_gph_20200101T073000_Vv8010_001.h5
2020-01-01,2020-01-01 10:28:55+00:00,8.748,-75.878,0.1852686554193496,0.1873796433210373,0.4430969357490539,0.448213517665863,297.4271545410156,24.277154541015648,SMAP_L4_SM_gph_20200101T103000_Vv8010_001.h5
2020-01-01,2020-01-01 13:28:55+00:00,8.748,-75.878,0.1842212677001953,0.1872909218072891,0.4405412673950195,0.4479827582836151,297.8569030761719,24.706903076171898,SMAP_L4_SM_gph_20200101T133000_Vv8010_001.h5
2020-01-01,2020-01-01 16:28:55+00:00,8.748,-75.878,0.1774713099002838,0.1864405572414398,0.4245204329490661,0.445918321609497,300.3979797363281,27.247979736328148,SMAP_L4_SM_gph_20200101T163000_Vv8010_001.h5
2020-01-01,2020-01-01 19:28:55+00:00,8.748,-75.878,0.1703179478645324,0.1853159219026565,0.4073413014411926,0.4432018399238586,302.43853759765625,29.28853759765628,SMAP_L4_SM_gph_20200101T193000_Vv8010_001.h5
2020-01-01,2020-01-01 22:28:55+00:00,8.748,-75.878,0.1689548194408416,0.1848819255828857,0.4040980637073517,0.4422443807125091,302.51788330078125,29.36788330078128,SMAP_L4_SM_gph_20200101T223000_Vv8010_001.h5
2020-01-02,2020-01-02 01:28:55+00:00,8.748,-75.878,0.169593408703804,0.1849424093961715,0.4056985974311828,0.4424018561840057,300.7892150878906,27.639215087890648,SMAP_L4_SM_gph_20200102T013000_Vv8010_001.h5
2020-01-02,2020-01-02 04:28:55+00:00,8.748,-75.878,0.1704419106245041,0.1850659549236297,0.4076268970966339,0.4426017999649048,299.24383544921875,26.093835449218773,SMAP_L4_SM_gph_20200102T043000_Vv8010_001.h5
2020-01-02,2020-01-02 07:28:55+00:00,8.748,-75.878,0.175446331501007,0.1854032278060913,0.4195893108844757,0.4435028433799743,298.3212585449219,25.171258544921898,SMAP_L4_SM_gph_20200102T073000_Vv8010_001.h5
2020-01-02,2020-01-02 10:28:55+00:00,8.748,-75.878,0.1827351152896881,0.1859223693609237,0.4370729029178619,0.4445710778236389,297.7973022460937,24.647302246093773,SMAP_L4_SM_gph_20200102T103000_Vv8010_001.h5
2020-01-02,2020-01-02 13:28:55+00:00,8.748,-75.878,0.1860531121492386,0.1861356943845749,0.4450312256813049,0.4453086853027344,298.32635498046875,25.176354980468773,SMAP_L4_SM_gph_20200102T133000_Vv8010_001.h5
2020-01-02,2020-01-02 16:28:55+00:00,8.748,-75.878,0.1818513125181198,0.18570077419281,0.4348899722099304,0.4441902041435241,300.326416015625,27.176416015625023,SMAP_L4_SM_gph_20200102T163000_Vv8010_001.h5
2020-01-02,2020-01-02 19:28:55+00:00,8.748,-75.878,0.1720699518918991,0.1845815926790237,0.4115468859672546,0.4414878189563751,302.31451416015625,29.16451416015628,SMAP_L4_SM_gph_20200102T193000_Vv8010_001.h5
2020-01-02,2020-01-02 22:28:55+00:00,8.748,-75.878,0.16699780523777,0.1839489787817001,0.3994645774364471,0.4400017857551574,302.4429016113281,29.292901611328148,SMAP_L4_SM_gph_20200102T223000_Vv8010_001.h5
2020-01-03,2020-01-03 01:28:55+00:00,8.748,-75.878,0.1693573147058487,0.1839862465858459,0.4051060378551483,0.4400986433029175,300.64337158203125,27.49337158203128,SMAP_L4_SM_gph_20200103T013000_Vv8010_001.h5
2020-01-03,2020-01-03 04:28:55+00:00,8.748,-75.878,0.1697621643543243,0.184142604470253,0.4060966372489929,0.4403100311756134,299.13836669921875,25.988366699218773,SMAP_L4_SM_gph_20200103T043000_Vv8010_001.h5
2020-01-03,2020-01-03 07:28:55+00:00,8.748,-75.878,0.1701711416244506,0.1842591017484665,0.4069314897060394,0.4406618177890777,298.27880859375,25.128808593750023,SMAP_L4_SM_gph_20200103T073000_Vv8010_001.h5
2020-01-03,2020-01-03 10:28:55+00:00,8.748,-75.878,0.1706304401159286,0.1844023168087005,0.4081301987171173,0.4410095512866974,297.7393798828125,24.589379882812523,SMAP_L4_SM_gph_20200103T103000_Vv8010_001.h5
2020-01-03,2020-01-03 13:28:55+00:00,8.748,-75.878,0.17265585064888,0.1845060139894485,0.4128558039665222,0.4412913918495178,298.1739501953125,25.023950195312523,SMAP_L4_SM_gph_20200103T133000_Vv8010_001.h5
2020-01-03,2020-01-03 16:28:55+00:00,8.748,-75.878,0.1663442701101303,0.1836093813180923,0.3979166150093078,0.4392653107643127,301.1024780273437,27.952478027343773,SMAP_L4_SM_gph_20200103T163000_Vv8010_001.h5
2020-01-03,2020-01-03 19:28:55+00:00,8.748,-75.878,0.1565790623426437,0.1822722256183624,0.3743942677974701,0.4359353482723236,303.4148864746094,30.2648864746094,SMAP_L4_SM_gph_20200103T193000_Vv8010_001.h5
2020-01-03,2020-01-03 22:28:55+00:00,8.748,-75.878,0.1528407633304596,0.181705042719841,0.3655794858932495,0.434704840183258,302.82281494140625,29.67281494140628,SMAP_L4_SM_gph_20200103T223000_Vv8010_001.h5
2020-01-04,2020-01-04 01:28:55+00:00,8.748,-75.878,0.153410717844963,0.1817999184131622,0.3668620586395263,0.4347930550575256,300.7763671875,27.626367187500023,SMAP_L4_SM_gph_20200104T013000_Vv8010_001.h5
2020-01-04,2020-01-04 04:28:55+00:00,8.748,-75.878,0.1541479974985122,0.1819685250520706,0.3686891496181488,0.4351584017276764,299.2547912597656,26.104791259765648,SMAP_L4_SM_gph_20200104T043000_Vv8010_001.h5
2020-01-04,2020-01-04 07:28:55+00:00,8.748,-75.878,0.1549452543258667,0.182092398405075,0.3706463575363159,0.4355292022228241,298.3489074707031,25.198907470703148,SMAP_L4_SM_gph_20200104T073000_Vv8010_001.h5
2020-01-04,2020-01-04 10:28:55+00:00,8.748,-75.878,0.1555493175983429,0.1822461038827896,0.3720663487911224,0.4359039962291717,297.8060913085937,24.656091308593773,SMAP_L4_SM_gph_20200104T103000_Vv8010_001.h5
2020-01-04,2020-01-04 13:28:55+00:00,8.748,-75.878,0.1556134074926376,0.1822500377893448,0.3722940385341644,0.4359995126724243,298.26275634765625,25.11275634765628,SMAP_L4_SM_gph_20200104T133000_Vv8010_001.h5
2020-01-04,2020-01-04 16:28:55+00:00,8.748,-75.878,0.1505708247423172,0.1814932376146316,0.3601318597793579,0.4341051578521728,301.09930419921875,27.949304199218773,SMAP_L4_SM_gph_20200104T163000_Vv8010_001.h5
2020-01-04,2020-01-04 19:28:55+00:00,8.748,-75.878,0.1436367928981781,0.1803653985261917,0.3435454070568084,0.4315024316310882,303.1449279785156,29.994927978515648,SMAP_L4_SM_gph_20200104T193000_Vv8010_001.h5
2020-01-04,2020-01-04 22:28:55+00:00,8.748,-75.878,0.1404090672731399,0.1798605769872665,0.3358334004878998,0.4301533997058868,302.8440246582031,29.694024658203148,SMAP_L4_SM_gph_20200104T223000_Vv8010_001.h5
2020-01-05,2020-01-05 01:28:55+00:00,8.748,-75.878,0.1468814015388488,0.1801525652408599,0.3513606786727905,0.4308883547782898,300.7562561035156,27.606256103515648,SMAP_L4_SM_gph_20200105T013000_Vv8010_001.h5
2020-01-05,2020-01-05 04:28:55+00:00,8.748,-75.878,0.1479345709085464,0.1803166270256042,0.353809654712677,0.431241899728775,299.31597900390625,26.16597900390628,SMAP_L4_SM_gph_20200105T043000_Vv8010_001.h5
2020-01-05,2020-01-05 07:28:55+00:00,8.748,-75.878,0.1493892073631286,0.1804989129304886,0.3573386967182159,0.4317281246185303,298.6002197265625,25.450219726562523,SMAP_L4_SM_gph_20200105T073000_Vv8010_001.h5
2020-01-05,2020-01-05 10:28:55+00:00,8.748,-75.878,0.1510772407054901,0.1807144284248352,0.3612880706787109,0.4321902096271515,298.0506896972656,24.900689697265648,SMAP_L4_SM_gph_20200105T103000_Vv8010_001.h5
2020-01-05,2020-01-05 13:28:55+00:00,8.748,-75.878,0.1586045324802398,0.1810749620199203,0.3793942928314209,0.4330787658691406,298.3625793457031,25.212579345703148,SMAP_L4_SM_gph_20200105T133000_Vv8010_001.h5
2020-01-05,2020-01-05 16:28:55+00:00,8.748,-75.878,0.1546971648931503,0.18044975399971,0.3700211644172668,0.4315751791000366,300.65240478515625,27.50240478515628,SMAP_L4_SM_gph_20200105T163000_Vv8010_001.h5
2020-01-05,2020-01-05 19:28:55+00:00,8.748,-75.878,0.1484692841768264,0.1795159131288528,0.355011522769928,0.4293669164180755,302.5489501953125,29.398950195312523,SMAP_L4_SM_gph_20200105T193000_Vv8010_001.h5
2020-01-05,2020-01-05 22:28:55+00:00,8.748,-75.878,0.145568162202835,0.1790707856416702,0.3482447564601898,0.4283804595470428,302.4361877441406,29.286187744140648,SMAP_L4_SM_gph_20200105T223000_Vv8010_001.h5
2020-01-06,2020-01-06 01:28:55+00:00,8.748,-75.878,0.150994136929512,0.1794371455907821,0.3612354099750519,0.4292719662189483,300.5819091796875,27.431909179687523,SMAP_L4_SM_gph_20200106T013000_Vv8010_001.h5
2020-01-06,2020-01-06 04:28:55+00:00,8.748,-75.878,0.1517330855131149,0.1796229034662246,0.3628582656383514,0.4295597076416015,299.10919189453125,25.95919189453128,SMAP_L4_SM_gph_20200106T043000_Vv8010_001.h5
2020-01-06,2020-01-06 07:28:55+00:00,8.748,-75.878,0.1523601859807968,0.179752841591835,0.3643411099910736,0.4298244118690491,298.0360107421875,24.886010742187523,SMAP_L4_SM_gph_20200106T073000_Vv8010_001.h5
2020-01-06,2020-01-06 10:28:55+00:00,8.748,-75.878,0.1529875844717025,0.1799049228429794,0.3658990859985351,0.4301952421665191,297.15283203125,24.002832031250023,SMAP_L4_SM_gph_20200106T103000_Vv8010_001.h5
2020-01-06,2020-01-06 13:28:55+00:00,8.748,-75.878,0.153065413236618,0.1799164563417434,0.3661139905452728,0.4303106367588043,297.6114501953125,24.461450195312523,SMAP_L4_SM_gph_20200106T133000_Vv8010_001.h5
2020-01-06,2020-01-06 16:28:55+00:00,8.748,-75.878,0.150778442621231,0.1793818175792694,0.3605991899967193,0.4290060997009277,300.3575744628906,27.207574462890648,SMAP_L4_SM_gph_20200106T163000_Vv8010_001.h5
2020-01-06,2020-01-06 19:28:55+00:00,8.748,-75.878,0.1464675515890121,0.1785592883825302,0.350367933511734,0.4270876049995422,302.3446960449219,29.194696044921898,SMAP_L4_SM_gph_20200106T193000_Vv8010_001.h5
2020-01-06,2020-01-06 22:28:55+00:00,8.748,-75.878,0.1442135870456695,0.1781933456659317,0.3450183570384979,0.4262337386608124,302.0982971191406,28.948297119140648,SMAP_L4_SM_gph_20200106T223000_Vv8010_001.h5
2020-01-07,2020-01-07 01:28:55+00:00,8.748,-75.878,0.1449401527643203,0.1782998293638229,0.3466094732284546,0.4264742136001587,300.28961181640625,27.13961181640628,SMAP_L4_SM_gph_20200107T013000_Vv8010_001.h5
2020-01-07,2020-01-07 04:28:55+00:00,8.748,-75.878,0.1458937674760818,0.1784618496894836,0.348878413438797,0.4268224537372589,298.824462890625,25.674462890625023,SMAP_L4_SM_gph_20200107T043000_Vv8010_001.h5
2020-01-07,2020-01-07 07:28:55+00:00,8.748,-75.878,0.1468979865312576,0.1785650104284286,0.3512656092643738,0.4271763563156128,297.8480529785156,24.698052978515648,SMAP_L4_SM_gph_20200107T073000_Vv8010_001.h5
2020-01-07,2020-01-07 10:28:55+00:00,8.748,-75.878,0.1478146761655807,0.1787122786045074,0.3534733057022095,0.427486389875412,297.1236572265625,23.973657226562523,SMAP_L4_SM_gph_20200107T103000_Vv8010_001.h5
2020-01-07,2020-01-07 13:28:55+00:00,8.748,-75.878,0.1478745937347412,0.1787425726652145,0.3536322712898254,0.4275282621383667,297.69451904296875,24.544519042968773,SMAP_L4_SM_gph_20200107T133000_Vv8010_001.h5
2020-01-07,2020-01-07 16:28:55+00:00,8.748,-75.878,0.1432415544986724,0.1780812442302703,0.3426139056682586,0.4259304106235504,300.55157470703125,27.40157470703128,SMAP_L4_SM_gph_20200107T163000_Vv8010_001.h5
2020-01-07,2020-01-07 19:28:55+00:00,8.748,-75.878,0.1360592246055603,0.1770787239074707,0.3253851532936096,0.4235065281391144,302.8372497558594,29.6872497558594,SMAP_L4_SM_gph_20200107T193000_Vv8010_001.h5
2020-01-07,2020-01-07 22:28:55+00:00,8.748,-75.878,0.1323185265064239,0.1765265762805938,0.3165007531642914,0.4221563935279846,302.851318359375,29.701318359375023,SMAP_L4_SM_gph_20200107T223000_Vv8010_001.h5
2020-01-08,2020-01-08 01:28:55+00:00,8.748,-75.878,0.1427513659000396,0.17689248919487,0.3414369225502014,0.4230953454971313,300.68798828125,27.537988281250023,SMAP_L4_SM_gph_20200108T013000_Vv8010_001.h5
2020-01-08,2020-01-08 04:28:55+00:00,8.748,-75.878,0.1439092457294464,0.1770722866058349,0.3442349433898926,0.4234897792339325,299.1913452148437,26.041345214843773,SMAP_L4_SM_gph_20200108T043000_Vv8010_001.h5
2020-01-08,2020-01-08 07:28:55+00:00,8.748,-75.878,0.1450689136981964,0.1772323846817016,0.3469204902648926,0.4239550828933716,298.19927978515625,25.04927978515628,SMAP_L4_SM_gph_20200108T073000_Vv8010_001.h5
2020-01-08,2020-01-08 10:28:55+00:00,8.748,-75.878,0.146630123257637,0.1774011254310608,0.3507793247699737,0.4243208467960357,297.5660705566406,24.416070556640648,SMAP_L4_SM_gph_20200108T103000_Vv8010_001.h5
2020-01-08,2020-01-08 13:28:55+00:00,8.748,-75.878,0.1437886655330658,0.177224114537239,0.3438597023487091,0.4238483905792236,298.08447265625,24.934472656250023,SMAP_L4_SM_gph_20200108T133000_Vv8010_001.h5
2020-01-08,2020-01-08 16:28:55+00:00,8.748,-75.878,0.1401606649160385,0.1766224354505539,0.3352202773094177,0.4224543571472168,300.8050231933594,27.6550231933594,SMAP_L4_SM_gph_20200108T163000_Vv8010_001.h5
2020-01-08,2020-01-08 19:28:55+00:00,8.748,-75.878,0.1328708678483963,0.1755683422088623,0.3177246749401092,0.4198112785816192,303.2154541015625,30.065454101562523,SMAP_L4_SM_gph_20200108T193000_Vv8010_001.h5
2020-01-08,2020-01-08 22:28:55+00:00,8.748,-75.878,0.1291285902261734,0.1749957501888275,0.308793157339096,0.4185300171375274,303.449951171875,30.299951171875023,SMAP_L4_SM_gph_20200108T223000_Vv8010_001.h5
2020-01-09,2020-01-09 01:28:55+00:00,8.748,-75.878,0.1297846734523773,0.175051748752594,0.3104124367237091,0.4187610447406769,301.34344482421875,28.193444824218773,SMAP_L4_SM_gph_20200109T013000_Vv8010_001.h5
2020-01-09,2020-01-09 04:28:55+00:00,8.748,-75.878,0.1309398561716079,0.1752059906721115,0.3132533431053161,0.4190889596939087,299.5830383300781,26.433038330078148,SMAP_L4_SM_gph_20200109T043000_Vv8010_001.h5
2020-01-09,2020-01-09 07:28:55+00:00,8.748,-75.878,0.132062092423439,0.175428107380867,0.3159078061580658,0.4195566177368164,298.46697998046875,25.316979980468773,SMAP_L4_SM_gph_20200109T073000_Vv8010_001.h5
2020-01-09,2020-01-09 10:28:55+00:00,8.748,-75.878,0.1330350339412689,0.1755682379007339,0.3182599544525146,0.4199331104755401,297.8424072265625,24.692407226562523,SMAP_L4_SM_gph_20200109T103000_Vv8010_001.h5
2020-01-09,2020-01-09 13:28:55+00:00,8.748,-75.878,0.1333937644958496,0.1755957454442978,0.319115549325943,0.4200046956539154,298.18621826171875,25.036218261718773,SMAP_L4_SM_gph_20200109T133000_Vv8010_001.h5
2020-01-09,2020-01-09 16:28:55+00:00,8.748,-75.878,0.1289860308170318,0.1749276220798492,0.3084537386894226,0.4184263050556183,300.8056030273437,27.655603027343773,SMAP_L4_SM_gph_20200109T163000_Vv8010_001.h5
2020-01-09,2020-01-09 19:28:55+00:00,8.748,-75.878,0.1215672865509986,0.1738598793745041,0.2907541692256927,0.4159063696861267,303.20611572265625,30.05611572265628,SMAP_L4_SM_gph_20200109T193000_Vv8010_001.h5
2020-01-09,2020-01-09 22:28:55+00:00,8.748,-75.878,0.1177175268530845,0.1732963919639587,0.2815742492675781,0.4145267903804779,303.39520263671875,30.245202636718773,SMAP_L4_SM_gph_20200109T223000_Vv8010_001.h5
2020-01-10,2020-01-10 01:28:55+00:00,8.748,-75.878,0.1181446462869644,0.1733998358249664,0.2826178073883056,0.4146370887756347,301.2250061035156,28.075006103515648,SMAP_L4_SM_gph_20200110T013000_Vv8010_001.h5
2020-01-10,2020-01-10 04:28:55+00:00,8.748,-75.878,0.1192567273974418,0.1735719740390777,0.285159021615982,0.415133535861969,299.29473876953125,26.14473876953128,SMAP_L4_SM_gph_20200110T043000_Vv8010_001.h5
2020-01-10,2020-01-10 07:28:55+00:00,8.748,-75.878,0.120338000357151,0.1737269759178161,0.2878823280334472,0.4154634773731231,298.05126953125,24.901269531250023,SMAP_L4_SM_gph_20200110T073000_Vv8010_001.h5
2020-01-10,2020-01-10 10:28:55+00:00,8.748,-75.878,0.1213198974728584,0.1738643199205398,0.2901365160942077,0.4158694446086883,297.03350830078125,23.88350830078128,SMAP_L4_SM_gph_20200110T103000_Vv8010_001.h5
2020-01-10,2020-01-10 13:28:55+00:00,8.748,-75.878,0.1212676987051963,0.1738943010568618,0.2900055944919586,0.4158254861831665,297.2987060546875,24.148706054687523,SMAP_L4_SM_gph_20200110T133000_Vv8010_001.h5
2020-01-10,2020-01-10 16:28:55+00:00,8.748,-75.878,0.1171518415212631,0.173225849866867,0.2802298367023468,0.4143683612346649,300.222412109375,27.072412109375023,SMAP_L4_SM_gph_20200110T163000_Vv8010_001.h5
2020-01-10,2020-01-10 19:28:55+00:00,8.748,-75.878,0.1105740144848823,0.172223761677742,0.2645344734191894,0.4118605256080627,302.8236999511719,29.673699951171898,SMAP_L4_SM_gph_20200110T193000_Vv8010_001.h5
2020-01-10,2020-01-10 22:28:55+00:00,8.748,-75.878,0.107755109667778,0.1716360598802566,0.2577465772628784,0.4105766415596008,303.1269226074219,29.976922607421898,SMAP_L4_SM_gph_20200110T223000_Vv8010_001.h5
2020-01-11,2020-01-11 01:28:55+00:00,8.748,-75.878,0.1276526153087616,0.1727208793163299,0.3053704500198364,0.4130303859710693,301.3393249511719,28.189324951171898,SMAP_L4_SM_gph_20200111T013000_Vv8010_001.h5
2020-01-11,2020-01-11 04:28:55+00:00,8.748,-75.878,0.1279761642217636,0.1728108078241348,0.3061517775058746,0.4133497178554535,299.5856628417969,26.435662841796898,SMAP_L4_SM_gph_20200111T043000_Vv8010_001.h5
2020-01-11,2020-01-11 07:28:55+00:00,8.748,-75.878,0.1287460178136825,0.1729560196399688,0.3079483211040497,0.4136541783809662,297.9984436035156,24.848443603515648,SMAP_L4_SM_gph_20200111T073000_Vv8010_001.h5
2020-01-11,2020-01-11 10:28:55+00:00,8.748,-75.878,0.1293506771326065,0.1730553805828094,0.3093721866607666,0.4140100479125976,296.827880859375,23.677880859375023,SMAP_L4_SM_gph_20200111T103000_Vv8010_001.h5
2020-01-11,2020-01-11 13:28:55+00:00,8.748,-75.878,0.1393984407186508,0.1735770106315612,0.3334136009216308,0.4151952266693115,297.13067626953125,23.98067626953128,SMAP_L4_SM_gph_20200111T133000_Vv8010_001.h5
2020-01-11,2020-01-11 16:28:55+00:00,8.748,-75.878,0.134507343173027,0.1729737073183059,0.3215913474559784,0.4137487709522247,300.2486572265625,27.098657226562523,SMAP_L4_SM_gph_20200111T163000_Vv8010_001.h5
2020-01-11,2020-01-11 19:28:55+00:00,8.748,-75.878,0.1259861290454864,0.1719384640455246,0.3013423681259155,0.4111914038658142,303.17193603515625,30.02193603515628,SMAP_L4_SM_gph_20200111T193000_Vv8010_001.h5
2020-01-11,2020-01-11 22:28:55+00:00,8.748,-75.878,0.1219552755355835,0.1713677942752838,0.2916923761367798,0.4099518060684204,303.80487060546875,30.654870605468773,SMAP_L4_SM_gph_20200111T223000_Vv8010_001.h5
2020-01-12,2020-01-12 01:28:55+00:00,8.748,-75.878,0.1230862364172935,0.1714894026517868,0.2944509088993072,0.4101463556289673,301.6338195800781,28.483819580078148,SMAP_L4_SM_gph_20200112T013000_Vv8010_001.h5
2020-01-12,2020-01-12 04:28:55+00:00,8.748,-75.878,0.124768815934658,0.1716437041759491,0.2984797060489654,0.4105964601039886,299.63287353515625,26.48287353515628,SMAP_L4_SM_gph_20200112T043000_Vv8010_001.h5
2020-01-12,2020-01-12 07:28:55+00:00,8.748,-75.878,0.1259002983570099,0.1718548834323883,0.3011586368083954,0.4110358655452728,298.3360900878906,25.186090087890648,SMAP_L4_SM_gph_20200112T073000_Vv8010_001.h5
2020-01-12,2020-01-12 10:28:55+00:00,8.748,-75.878,0.1268060207366943,0.1720191091299057,0.3033819794654846,0.4113898277282715,297.47430419921875,24.324304199218773,SMAP_L4_SM_gph_20200112T103000_Vv8010_001.h5
2020-01-12,2020-01-12 13:28:55+00:00,8.748,-75.878,0.1265610754489898,0.1720502823591232,0.3027509450912475,0.411471277475357,297.8178100585937,24.667810058593773,SMAP_L4_SM_gph_20200112T133000_Vv8010_001.h5
2020-01-12,2020-01-12 16:28:55+00:00,8.748,-75.878,0.1219550967216491,0.1713992059230804,0.291660875082016,0.4100594520568847,300.8064880371094,27.6564880371094,SMAP_L4_SM_gph_20200112T163000_Vv8010_001.h5
2020-01-12,2020-01-12 19:28:55+00:00,8.748,-75.878,0.114402912557125,0.1703594028949737,0.2736012041568756,0.4074902236461639,303.516357421875,30.366357421875023,SMAP_L4_SM_gph_20200112T193000_Vv8010_001.h5
2020-01-12,2020-01-12 22:28:55+00:00,8.748,-75.878,0.1105923131108284,0.169825941324234,0.2644631862640381,0.4061887264251709,303.7831420898437,30.633142089843773,SMAP_L4_SM_gph_20200112T223000_Vv8010_001.h5
2020-01-13,2020-01-13 01:28:55+00:00,8.748,-75.878,0.1277718693017959,0.1712031662464141,0.3055371344089508,0.4095373153686523,301.4444885253906,28.294488525390648,SMAP_L4_SM_gph_20200113T013000_Vv8010_001.h5
2020-01-13,2020-01-13 04:28:55+00:00,8.748,-75.878,0.1287923008203506,0.1713566184043884,0.3080104887485504,0.4098632335662842,299.4420471191406,26.292047119140648,SMAP_L4_SM_gph_20200113T043000_Vv8010_001.h5
2020-01-13,2020-01-13 07:28:55+00:00,8.748,-75.878,0.1298909038305282,0.1715101301670074,0.3105647563934326,0.4101896286010742,298.09161376953125,24.94161376953128,SMAP_L4_SM_gph_20200113T073000_Vv8010_001.h5
2020-01-13,2020-01-13 10:28:55+00:00,8.748,-75.878,0.130762830376625,0.1715997606515884,0.3128083348274231,0.4105084240436554,297.14312744140625,23.99312744140628,SMAP_L4_SM_gph_20200113T103000_Vv8010_001.h5
2020-01-13,2020-01-13 13:28:55+00:00,8.748,-75.878,0.1393680423498153,0.1719622761011123,0.3334190249443054,0.4113532304763794,297.5320739746094,24.3820739746094,SMAP_L4_SM_gph_20200113T133000_Vv8010_001.h5
2020-01-13,2020-01-13 16:28:55+00:00,8.748,-75.878,0.1340327709913253,0.1713502407073974,0.3205548226833343,0.4097619652748108,300.6646423339844,27.5146423339844,SMAP_L4_SM_gph_20200113T163000_Vv8010_001.h5
2020-01-13,2020-01-13 19:28:55+00:00,8.748,-75.878,0.1252050697803497,0.1703228801488876,0.2994864881038666,0.4072727560997009,303.49957275390625,30.34957275390628,SMAP_L4_SM_gph_20200113T193000_Vv8010_001.h5
2020-01-13,2020-01-13 22:28:55+00:00,8.748,-75.878,0.1208072900772094,0.1697859317064285,0.2889140546321869,0.4060844480991363,303.9073486328125,30.757348632812523,SMAP_L4_SM_gph_20200113T223000_Vv8010_001.h5
2020-01-14,2020-01-14 01:28:55+00:00,8.748,-75.878,0.1324815154075622,0.1704160422086715,0.3168928027153015,0.4076379835605621,301.6237487792969,28.473748779296898,SMAP_L4_SM_gph_20200114T013000_Vv8010_001.h5
2020-01-14,2020-01-14 04:28:55+00:00,8.748,-75.878,0.132981926202774,0.1705707311630249,0.318099170923233,0.4080047905445099,299.6903686523437,26.540368652343773,SMAP_L4_SM_gph_20200114T043000_Vv8010_001.h5
2020-01-14,2020-01-14 07:28:55+00:00,8.748,-75.878,0.1337351649999618,0.1707714647054672,0.3199158906936645,0.4084170460700989,298.4527282714844,25.3027282714844,SMAP_L4_SM_gph_20200114T073000_Vv8010_001.h5
2020-01-14,2020-01-14 10:28:55+00:00,8.748,-75.878,0.1346015781164169,0.1709021925926208,0.321843683719635,0.4087684452533722,297.6184387207031,24.468438720703148,SMAP_L4_SM_gph_20200114T103000_Vv8010_001.h5
2020-01-14,2020-01-14 13:28:55+00:00,8.748,-75.878,0.1344411075115203,0.1708952784538269,0.3216238915920257,0.4088349342346191,297.93505859375,24.785058593750023,SMAP_L4_SM_gph_20200114T133000_Vv8010_001.h5
2020-01-14,2020-01-14 16:28:55+00:00,8.748,-75.878,0.129235565662384,0.1702969521284103,0.3091066181659698,0.4072796106338501,300.855224609375,27.705224609375023,SMAP_L4_SM_gph_20200114T163000_Vv8010_001.h5
2020-01-14,2020-01-14 19:28:55+00:00,8.748,-75.878,0.1206845268607139,0.1692696809768676,0.288581520318985,0.4048278927803039,303.640869140625,30.490869140625023,SMAP_L4_SM_gph_20200114T193000_Vv8010_001.h5
2020-01-14,2020-01-14 22:28:55+00:00,8.748,-75.878,0.1160229444503784,0.1686968952417373,0.2775413691997528,0.4035458862781524,303.803955078125,30.653955078125023,SMAP_L4_SM_gph_20200114T223000_Vv8010_001.h5
2020-01-15,2020-01-15 01:28:55+00:00,8.748,-75.878,0.1164980605244636,0.1687639057636261,0.2786016464233398,0.4037206768989563,301.2742919921875,28.124291992187523,SMAP_L4_SM_gph_20200115T013000_Vv8010_001.h5
2020-01-15,2020-01-15 04:28:55+00:00,8.748,-75.878,0.1178237199783325,0.1689407229423523,0.281731903553009,0.4039858281612396,299.4185791015625,26.268579101562523,SMAP_L4_SM_gph_20200115T043000_Vv8010_001.h5
2020-01-15,2020-01-15 07:28:55+00:00,8.748,-75.878,0.1192224994301796,0.1691122949123382,0.2851642072200775,0.4043968915939331,298.2860717773437,25.136071777343773,SMAP_L4_SM_gph_20200115T073000_Vv8010_001.h5
2020-01-15,2020-01-15 10:28:55+00:00,8.748,-75.878,0.1199535056948661,0.1692525595426559,0.2869174778461456,0.4047732949256897,297.50360107421875,24.353601074218773,SMAP_L4_SM_gph_20200115T103000_Vv8010_001.h5
2020-01-15,2020-01-15 13:28:55+00:00,8.748,-75.878,0.1199142038822174,0.169255644083023,0.2868622243404388,0.4048284590244293,297.87603759765625,24.72603759765628,SMAP_L4_SM_gph_20200115T133000_Vv8010_001.h5
2020-01-15,2020-01-15 16:28:55+00:00,8.748,-75.878,0.1157648265361785,0.1687438189983368,0.2769047319889068,0.4035463333129883,300.86737060546875,27.717370605468773,SMAP_L4_SM_gph_20200115T163000_Vv8010_001.h5
2020-01-15,2020-01-15 19:28:55+00:00,8.748,-75.878,0.1087962761521339,0.1678352206945419,0.2601644694805145,0.4014520347118377,303.778076171875,30.628076171875023,SMAP_L4_SM_gph_20200115T193000_Vv8010_001.h5
2020-01-15,2020-01-15 22:28:55+00:00,8.748,-75.878,0.1052399948239326,0.1673815846443176,0.2516386806964874,0.4002845883369446,303.73162841796875,30.581628417968773,SMAP_L4_SM_gph_20200115T223000_Vv8010_001.h5
2020-01-16,2020-01-16 01:28:55+00:00,8.748,-75.878,0.1133890524506568,0.1676052212715149,0.2712492048740387,0.4010006487369537,301.3395080566406,28.189508056640648,SMAP_L4_SM_gph_20200116T013000_Vv8010_001.h5
2020-01-16,2020-01-16 04:28:55+00:00,8.748,-75.878,0.1145219653844833,0.1677556782960891,0.2739825248718261,0.4013189077377319,299.82940673828125,26.67940673828128,SMAP_L4_SM_gph_20200116T043000_Vv8010_001.h5
2020-01-16,2020-01-16 07:28:55+00:00,8.748,-75.878,0.1156654357910156,0.1679281294345855,0.2766086459159851,0.401694506406784,298.7965393066406,25.646539306640648,SMAP_L4_SM_gph_20200116T073000_Vv8010_001.h5
2020-01-16,2020-01-16 10:28:55+00:00,8.748,-75.878,0.1166436821222305,0.16807521879673,0.2789532840251922,0.4020039439201355,298.087646484375,24.937646484375023,SMAP_L4_SM_gph_20200116T103000_Vv8010_001.h5
2020-01-16,2020-01-16 13:28:55+00:00,8.748,-75.878,0.1200504675507545,0.1683249026536941,0.2871071398258209,0.4026764035224914,298.5831604003906,25.433160400390648,SMAP_L4_SM_gph_20200116T133000_Vv8010_001.h5
2020-01-16,2020-01-16 16:28:55+00:00,8.748,-75.878,0.116338238120079,0.1678016781806945,0.2782314121723175,0.4013644158840179,301.5473022460937,28.397302246093773,SMAP_L4_SM_gph_20200116T163000_Vv8010_001.h5
2020-01-16,2020-01-16 19:28:55+00:00,8.748,-75.878,0.1094858571887016,0.1669465452432632,0.2617945075035095,0.3993246555328369,304.3200378417969,31.170037841796898,SMAP_L4_SM_gph_20200116T193000_Vv8010_001.h5
2020-01-16,2020-01-16 22:28:55+00:00,8.748,-75.878,0.1059031784534454,0.1664573848247528,0.2533006370067596,0.3981016278266907,304.7532958984375,31.603295898437523,SMAP_L4_SM_gph_20200116T223000_Vv8010_001.h5
2020-01-17,2020-01-17 01:28:55+00:00,8.748,-75.878,0.1063626781105995,0.1665180623531341,0.254425972700119,0.3983449637889862,302.29595947265625,29.14595947265628,SMAP_L4_SM_gph_20200117T013000_Vv8010_001.h5
2020-01-17,2020-01-17 04:28:55+00:00,8.748,-75.878,0.107368066906929,0.1666851192712783,0.2567895650863647,0.3985845446586609,300.3203430175781,27.170343017578148,SMAP_L4_SM_gph_20200117T043000_Vv8010_001.h5
2020-01-17,2020-01-17 07:28:55+00:00,8.748,-75.878,0.1081662103533744,0.1668385416269302,0.2587292492389679,0.3989477455615997,299.138427734375,25.988427734375023,SMAP_L4_SM_gph_20200117T073000_Vv8010_001.h5
2020-01-17,2020-01-17 10:28:55+00:00,8.748,-75.878,0.1088458746671676,0.1669701933860778,0.2604053020477295,0.3992642760276794,298.4834289550781,25.333428955078148,SMAP_L4_SM_gph_20200117T103000_Vv8010_001.h5
2020-01-17,2020-01-17 13:28:55+00:00,8.748,-75.878,0.1092004179954528,0.1670043319463729,0.2612015306949615,0.3994011282920837,299.08453369140625,25.93453369140628,SMAP_L4_SM_gph_20200117T133000_Vv8010_001.h5
2020-01-17,2020-01-17 16:28:55+00:00,8.748,-75.878,0.1058265268802642,0.1664263010025024,0.2530938684940338,0.3981055617332458,302.10418701171875,28.954187011718773,SMAP_L4_SM_gph_20200117T163000_Vv8010_001.h5
2020-01-17,2020-01-17 19:28:55+00:00,8.748,-75.878,0.0998952388763427,0.165587916970253,0.2389114648103714,0.3959504663944244,305.0517578125,31.901757812500023,SMAP_L4_SM_gph_20200117T193000_Vv8010_001.h5
2020-01-17,2020-01-17 22:28:55+00:00,8.748,-75.878,0.0975102260708808,0.1650930196046829,0.2331820726394653,0.3948344886302948,305.4966125488281,32.34661254882815,SMAP_L4_SM_gph_20200117T223000_Vv8010_001.h5
2020-01-18,2020-01-18 01:28:55+00:00,8.748,-75.878,0.0988569855690002,0.1651743352413177,0.2364483773708343,0.3950095474720001,303.02130126953125,29.87130126953128,SMAP_L4_SM_gph_20200118T013000_Vv8010_001.h5
2020-01-18,2020-01-18 04:28:55+00:00,8.748,-75.878,0.1011677235364914,0.165350079536438,0.2419814467430114,0.3953936696052551,300.9949951171875,27.844995117187523,SMAP_L4_SM_gph_20200118T043000_Vv8010_001.h5
2020-01-18,2020-01-18 07:28:55+00:00,8.748,-75.878,0.1031280383467674,0.1655335873365402,0.2466147989034652,0.3958728909492492,299.7308349609375,26.580834960937523,SMAP_L4_SM_gph_20200118T073000_Vv8010_001.h5
2020-01-18,2020-01-18 10:28:55+00:00,8.748,-75.878,0.1040683761239051,0.1656455099582672,0.2488624006509781,0.3962972462177276,298.9110107421875,25.761010742187523,SMAP_L4_SM_gph_20200118T103000_Vv8010_001.h5
2020-01-18,2020-01-18 13:28:55+00:00,8.748,-75.878,0.1041411682963371,0.1657276153564453,0.2491053938865661,0.3962776958942413,299.3681640625,26.218164062500023,SMAP_L4_SM_gph_20200118T133000_Vv8010_001.h5
2020-01-18,2020-01-18 16:28:55+00:00,8.748,-75.878,0.1004004403948783,0.1651620715856552,0.2401608973741531,0.395014613866806,302.5929870605469,29.442987060546898,SMAP_L4_SM_gph_20200118T163000_Vv8010_001.h5
2020-01-18,2020-01-18 19:28:55+00:00,8.748,-75.878,0.0936525464057922,0.1642664670944214,0.2240376323461532,0.3928692042827606,305.638427734375,32.48842773437502,SMAP_L4_SM_gph_20200118T193000_Vv8010_001.h5
2020-01-18,2020-01-18 22:28:55+00:00,8.748,-75.878,0.090074673295021,0.163805678486824,0.2154421061277389,0.3917202949523926,305.8148193359375,32.66481933593752,SMAP_L4_SM_gph_20200118T223000_Vv8010_001.h5
2020-01-19,2020-01-19 01:28:55+00:00,8.748,-75.878,0.105094164609909,0.1648438572883606,0.2513306140899658,0.3942006230354309,303.1722412109375,30.022241210937523,SMAP_L4_SM_gph_20200119T013000_Vv8010_001.h5
2020-01-19,2020-01-19 04:28:55+00:00,8.748,-75.878,0.105964757502079,0.1649600565433502,0.253466784954071,0.3945889174938202,301.23162841796875,28.081628417968773,SMAP_L4_SM_gph_20200119T043000_Vv8010_001.h5
2020-01-19,2020-01-19 07:28:55+00:00,8.748,-75.878,0.1069705039262771,0.1651204228401184,0.2558793127536773,0.3949331641197204,299.9889221191406,26.838922119140648,SMAP_L4_SM_gph_20200119T073000_Vv8010_001.h5
2020-01-19,2020-01-19 10:28:55+00:00,8.748,-75.878,0.1080797240138053,0.16525299847126,0.2585197985172272,0.3951673209667206,299.2167663574219,26.066766357421898,SMAP_L4_SM_gph_20200119T103000_Vv8010_001.h5
2020-01-19,2020-01-19 13:28:55+00:00,8.748,-75.878,0.1129579246044159,0.1655894815921783,0.2701153457164764,0.3961508870124817,299.4781494140625,26.328149414062523,SMAP_L4_SM_gph_20200119T133000_Vv8010_001.h5
2020-01-19,2020-01-19 16:28:55+00:00,8.748,-75.878,0.1110172346234321,0.1652632504701614,0.2655464112758636,0.3953634202480316,302.18975830078125,29.03975830078128,SMAP_L4_SM_gph_20200119T163000_Vv8010_001.h5
2020-01-19,2020-01-19 19:28:55+00:00,8.748,-75.878,0.1067337915301323,0.1646551638841629,0.2553409337997436,0.3937452733516693,304.9209289550781,31.770928955078148,SMAP_L4_SM_gph_20200119T193000_Vv8010_001.h5
2020-01-19,2020-01-19 22:28:55+00:00,8.748,-75.878,0.1052875891327858,0.1643826961517334,0.2518229186534881,0.3930981457233429,304.4530029296875,31.303002929687523,SMAP_L4_SM_gph_20200119T223000_Vv8010_001.h5
2020-01-20,2020-01-20 01:28:55+00:00,8.748,-75.878,0.1063609346747398,0.1644473224878311,0.2543729543685913,0.3933888673782348,302.2138671875,29.063867187500023,SMAP_L4_SM_gph_20200120T013000_Vv8010_001.h5
2020-01-20,2020-01-20 04:28:55+00:00,8.748,-75.878,0.1077644079923629,0.1646201312541961,0.2577801346778869,0.3936434686183929,300.6023864746094,27.4523864746094,SMAP_L4_SM_gph_20200120T043000_Vv8010_001.h5
2020-01-20,2020-01-20 07:28:55+00:00,8.748,-75.878,0.1087801530957222,0.1647342592477798,0.2601560950279236,0.3939888775348663,299.5207214355469,26.370721435546898,SMAP_L4_SM_gph_20200120T073000_Vv8010_001.h5
2020-01-20,2020-01-20 10:28:55+00:00,8.748,-75.878,0.1101921573281288,0.1648516058921814,0.2635720074176788,0.3942683041095733,298.7607421875,25.610742187500023,SMAP_L4_SM_gph_20200120T103000_Vv8010_001.h5
2020-01-20,2020-01-20 13:28:55+00:00,8.748,-75.878,0.1122734546661377,0.1649955064058303,0.2685447931289673,0.394617348909378,299.265869140625,26.115869140625023,SMAP_L4_SM_gph_20200120T133000_Vv8010_001.h5
2020-01-20,2020-01-20 16:28:55+00:00,8.748,-75.878,0.1112807765603065,0.1646865457296371,0.2661082446575165,0.3938750624656677,302.0368347167969,28.886834716796898,SMAP_L4_SM_gph_20200120T163000_Vv8010_001.h5
2020-01-20,2020-01-20 19:28:55+00:00,8.748,-75.878,0.10933168977499,0.1641808599233627,0.2614723443984985,0.3927681148052215,304.3204345703125,31.170434570312523,SMAP_L4_SM_gph_20200120T193000_Vv8010_001.h5
2020-01-20,2020-01-20 22:28:55+00:00,8.748,-75.878,0.1111025214195251,0.1641585528850555,0.2656777501106262,0.3925028145313263,303.78594970703125,30.63594970703128,SMAP_L4_SM_gph_20200120T223000_Vv8010_001.h5
2020-01-21,2020-01-21 01:28:55+00:00,8.748,-75.878,0.1148537024855613,0.1642723083496093,0.2746601700782776,0.3928846418857574,301.68218994140625,28.53218994140628,SMAP_L4_SM_gph_20200121T013000_Vv8010_001.h5
2020-01-21,2020-01-21 04:28:55+00:00,8.748,-75.878,0.1181982234120369,0.1645063757896423,0.2827447354793548,0.3935058712959289,300.32061767578125,27.17061767578128,SMAP_L4_SM_gph_20200121T043000_Vv8010_001.h5
2020-01-21,2020-01-21 07:28:55+00:00,8.748,-75.878,0.1257827877998352,0.1649990230798721,0.3008064925670624,0.3946159482002258,299.3998413085937,26.249841308593773,SMAP_L4_SM_gph_20200121T073000_Vv8010_001.h5
2020-01-21,2020-01-21 10:28:55+00:00,8.748,-75.878,0.1281602382659912,0.165236622095108,0.3065497875213623,0.3951720297336578,298.71685791015625,25.56685791015628,SMAP_L4_SM_gph_20200121T103000_Vv8010_001.h5
2020-01-21,2020-01-21 13:28:55+00:00,8.748,-75.878,0.1293126344680786,0.1653852313756942,0.3092000484466553,0.3955330848693847,299.00592041015625,25.85592041015628,SMAP_L4_SM_gph_20200121T133000_Vv8010_001.h5
2020-01-21,2020-01-21 16:28:55+00:00,8.748,-75.878,0.1282703429460525,0.1651235818862915,0.3067810833454132,0.3949992060661316,301.33270263671875,28.182702636718773,SMAP_L4_SM_gph_20200121T163000_Vv8010_001.h5
2020-01-21,2020-01-21 19:28:55+00:00,8.748,-75.878,0.1264052093029022,0.1647898256778717,0.3023773729801178,0.3941071927547455,303.07550048828125,29.92550048828128,SMAP_L4_SM_gph_20200121T193000_Vv8010_001.h5
2020-01-21,2020-01-21 22:28:55+00:00,8.748,-75.878,0.1252229511737823,0.1646430045366287,0.2995581924915313,0.393835574388504,302.2562866210937,29.106286621093773,SMAP_L4_SM_gph_20200121T223000_Vv8010_001.h5
2020-01-22,2020-01-22 01:28:55+00:00,8.748,-75.878,0.1177572980523109,0.1642550379037857,0.2816076874732971,0.3929615616798401,300.598876953125,27.448876953125023,SMAP_L4_SM_gph_20200122T013000_Vv8010_001.h5
2020-01-22,2020-01-22 04:28:55+00:00,8.748,-75.878,0.1203126236796379,0.1644714474678039,0.2877277135848999,0.3934146463871002,299.29522705078125,26.14522705078128,SMAP_L4_SM_gph_20200122T043000_Vv8010_001.h5
2020-01-22,2020-01-22 07:28:55+00:00,8.748,-75.878,0.1289919912815094,0.1650395393371582,0.3085638880729675,0.394684374332428,298.4615478515625,25.311547851562523,SMAP_L4_SM_gph_20200122T073000_Vv8010_001.h5
2020-01-22,2020-01-22 10:28:55+00:00,8.748,-75.878,0.1384371966123581,0.1656176149845123,0.3311015367507934,0.3961500227451324,297.9774780273437,24.827478027343773,SMAP_L4_SM_gph_20200122T103000_Vv8010_001.h5
2020-01-22,2020-01-22 13:28:55+00:00,8.748,-75.878,0.1426412463188171,0.1659549623727798,0.341178148984909,0.3970141112804413,298.3171081542969,25.167108154296898,SMAP_L4_SM_gph_20200122T133000_Vv8010_001.h5
2020-01-22,2020-01-22 16:28:55+00:00,8.748,-75.878,0.137940764427185,0.1655657291412353,0.3299941718578338,0.396099716424942,300.8987121582031,27.748712158203148,SMAP_L4_SM_gph_20200122T163000_Vv8010_001.h5
2020-01-22,2020-01-22 19:28:55+00:00,8.748,-75.878,0.131164476275444,0.1649334579706192,0.313717246055603,0.3944925665855407,302.8866577148437,29.736657714843773,SMAP_L4_SM_gph_20200122T193000_Vv8010_001.h5
2020-01-22,2020-01-22 22:28:55+00:00,8.748,-75.878,0.127992495894432,0.1645641475915908,0.3060943782329559,0.3936670124530792,302.49578857421875,29.345788574218773,SMAP_L4_SM_gph_20200122T223000_Vv8010_001.h5
2020-01-23,2020-01-23 13:28:55+00:00,8.748,-75.878,0.1398123353719711,0.1655214428901672,0.3343758285045624,0.3958992958068847,298.0590209960937,24.909020996093773,SMAP_L4_SM_gph_20200123T133000_Vv8010_001.h5
2020-01-24,2020-01-24 13:28:55+00:00,8.748,-75.878,0.1359448730945587,0.16500124335289,0.3252438902854919,0.3947175443172455,297.7962341308594,24.6462341308594,SMAP_L4_SM_gph_20200124T133000_Vv8010_001.h5
2020-01-25,2020-01-25 13:28:55+00:00,8.748,-75.878,0.1370177417993545,0.1648712009191513,0.3277705013751983,0.3942824006080627,297.72857666015625,24.57857666015628,SMAP_L4_SM_gph_20200125T133000_Vv8010_001.h5
2020-01-26,2020-01-26 13:28:55+00:00,8.748,-75.878,0.1265723258256912,0.1640639901161193,0.3026622533798218,0.3924154639244079,297.67071533203125,24.52071533203128,SMAP_L4_SM_gph_20200126T133000_Vv8010_001.h5
2020-01-27,2020-01-27 13:28:55+00:00,8.748,-75.878,0.1279934495687484,0.1639441549777984,0.3061171770095825,0.3921034038066864,297.3866577148437,24.236657714843773,SMAP_L4_SM_gph_20200127T133000_Vv8010_001.h5
2020-01-28,2020-01-28 13:28:55+00:00,8.748,-75.878,0.1261498481035232,0.1634758561849594,0.3017839789390564,0.3910198509693146,297.4224548339844,24.2724548339844,SMAP_L4_SM_gph_20200128T133000_Vv8010_001.h5
2020-01-29,2020-01-29 13:28:55+00:00,8.748,-75.878,0.1364684700965881,0.1635927706956863,0.3264736235141754,0.3912138342857361,298.02587890625,24.875878906250023,SMAP_L4_SM_gph_20200129T133000_Vv8010_001.h5
2020-01-30,2020-01-30 13:28:55+00:00,8.748,-75.878,0.1331855058670044,0.1630013436079025,0.3185528814792633,0.3897981643676758,298.2001647949219,25.050164794921898,SMAP_L4_SM_gph_20200130T133000_Vv8010_001.h5
2020-01-31,2020-01-31 13:28:55+00:00,8.748,-75.878,0.1246758252382278,0.1622470319271087,0.2982065379619598,0.3881057798862457,298.48895263671875,25.338952636718773,SMAP_L4_SM_gph_20200131T133000_Vv8010_001.h5
2020-02-01,2020-02-01 13:28:55+00:00,8.748,-75.878,0.1263997256755828,0.1619063764810562,0.3022875189781189,0.3872326612472534,298.616455078125,25.466455078125023,SMAP_L4_SM_gph_20200201T133000_Vv8010_001.h5
2020-02-02,2020-02-02 13:28:55+00:00,8.748,-75.878,0.1653814166784286,0.1640551686286926,0.3955554664134979,0.3922703564167022,299.0539855957031,25.903985595703148,SMAP_L4_SM_gph_20200202T133000_Vv8010_001.h5
2020-02-03,2020-02-03 13:28:55+00:00,8.748,-75.878,0.1831926256418228,0.1701837629079818,0.4382605254650116,0.4071176052093506,298.7929077148437,25.642907714843773,SMAP_L4_SM_gph_20200203T133000_Vv8010_001.h5
2020-02-04,2020-02-04 13:28:55+00:00,8.748,-75.878,0.1453611105680465,0.1668796986341476,0.3476665019989013,0.3991987109184265,298.3929443359375,25.242944335937523,SMAP_L4_SM_gph_20200204T133000_Vv8010_001.h5
2020-02-05,2020-02-05 13:28:55+00:00,8.748,-75.878,0.1312229186296463,0.1649002283811569,0.3138002157211303,0.3943579792976379,298.1883544921875,25.038354492187523,SMAP_L4_SM_gph_20200205T133000_Vv8010_001.h5
2020-02-06,2020-02-06 13:28:55+00:00,8.748,-75.878,0.1243872717022895,0.1635945290327072,0.2974958419799804,0.3913287818431854,298.4608764648437,25.310876464843773,SMAP_L4_SM_gph_20200206T133000_Vv8010_001.h5
2020-02-07,2020-02-07 13:28:55+00:00,8.748,-75.878,0.1129544898867607,0.1621071696281433,0.2701077759265899,0.387682169675827,298.6353759765625,25.485375976562523,SMAP_L4_SM_gph_20200207T133000_Vv8010_001.h5
2020-02-08,2020-02-08 13:28:55+00:00,8.748,-75.878,0.107793815433979,0.1609658002853393,0.2578514814376831,0.3849594295024872,299.3977355957031,26.247735595703148,SMAP_L4_SM_gph_20200208T133000_Vv8010_001.h5
2020-02-09,2020-02-09 13:28:55+00:00,8.748,-75.878,0.115672267973423,0.1610217243432998,0.2766159176826477,0.3851904273033142,298.4246826171875,25.274682617187523,SMAP_L4_SM_gph_20200209T133000_Vv8010_001.h5
2020-02-10,2020-02-10 13:28:55+00:00,8.748,-75.878,0.1087220311164856,0.159970685839653,0.2600044012069702,0.3825544416904449,298.14569091796875,24.995690917968773,SMAP_L4_SM_gph_20200210T133000_Vv8010_001.h5
2020-02-11,2020-02-11 13:28:55+00:00,8.748,-75.878,0.1025382801890373,0.1590191423892974,0.2452147901058197,0.3803853988647461,298.1960144042969,25.046014404296898,SMAP_L4_SM_gph_20200211T133000_Vv8010_001.h5
2020-02-12,2020-02-12 13:28:55+00:00,8.748,-75.878,0.1068097725510597,0.1588291227817535,0.2554768323898315,0.3798313736915588,298.5733947753906,25.423394775390648,SMAP_L4_SM_gph_20200212T133000_Vv8010_001.h5
2020-02-13,2020-02-13 13:28:55+00:00,8.748,-75.878,0.1029787510633468,0.158110111951828,0.2463223338127136,0.3780726194381714,298.944580078125,25.794580078125023,SMAP_L4_SM_gph_20200213T133000_Vv8010_001.h5
2020-02-14,2020-02-14 13:28:55+00:00,8.748,-75.878,0.1085901632905006,0.1579756140708923,0.2596711814403534,0.3778808712959289,299.391357421875,26.241357421875023,SMAP_L4_SM_gph_20200214T133000_Vv8010_001.h5
2020-02-15,2020-02-15 13:28:55+00:00,8.748,-75.878,0.103456012904644,0.1572316735982895,0.2474419623613357,0.3761417865753174,299.13653564453125,25.98653564453128,SMAP_L4_SM_gph_20200215T133000_Vv8010_001.h5
2020-02-16,2020-02-16 13:28:55+00:00,8.748,-75.878,0.0962257832288742,0.1563781648874282,0.2301578521728515,0.3740318715572357,299.4364013671875,26.286401367187523,SMAP_L4_SM_gph_20200216T133000_Vv8010_001.h5
2020-02-17,2020-02-17 13:28:55+00:00,8.748,-75.878,0.1003738790750503,0.156166061758995,0.2400857657194137,0.3735425174236297,299.076416015625,25.926416015625023,SMAP_L4_SM_gph_20200217T133000_Vv8010_001.h5
2020-02-18,2020-02-18 13:28:55+00:00,8.748,-75.878,0.0964457392692565,0.1555754095315933,0.2307048141956329,0.3721767663955688,298.8238525390625,25.673852539062523,SMAP_L4_SM_gph_20200218T133000_Vv8010_001.h5
2020-02-19,2020-02-19 13:28:55+00:00,8.748,-75.878,0.0891794115304946,0.1546964645385742,0.2132972329854965,0.3700005412101745,299.4222106933594,26.2722106933594,SMAP_L4_SM_gph_20200219T133000_Vv8010_001.h5
2020-02-20,2020-02-20 13:28:55+00:00,8.748,-75.878,0.0972415581345558,0.1547471135854721,0.232552170753479,0.3700954914093017,300.12994384765625,26.97994384765628,SMAP_L4_SM_gph_20200220T133000_Vv8010_001.h5
2020-02-21,2020-02-21 13:28:55+00:00,8.748,-75.878,0.0956443548202514,0.1541206389665603,0.2287523299455642,0.368625670671463,299.97674560546875,26.826745605468773,SMAP_L4_SM_gph_20200221T133000_Vv8010_001.h5
2020-02-22,2020-02-22 13:28:55+00:00,8.748,-75.878,0.104040116071701,0.1541301608085632,0.2488365918397903,0.3687725365161896,299.17779541015625,26.02779541015628,SMAP_L4_SM_gph_20200222T133000_Vv8010_001.h5
2020-02-23,2020-02-23 13:28:55+00:00,8.748,-75.878,0.1002510488033294,0.153681144118309,0.2397561371326446,0.3676173090934753,298.7191772460937,25.569177246093773,SMAP_L4_SM_gph_20200223T133000_Vv8010_001.h5
2020-02-24,2020-02-24 13:28:55+00:00,8.748,-75.878,0.0955697000026702,0.1532593071460724,0.2285408228635788,0.3665224015712738,298.59527587890625,25.44527587890628,SMAP_L4_SM_gph_20200224T133000_Vv8010_001.h5
2020-02-25,2020-02-25 13:28:55+00:00,8.748,-75.878,0.0953600779175758,0.1529512554407119,0.2281263321638107,0.3657927811145782,298.3685913085937,25.218591308593773,SMAP_L4_SM_gph_20200225T133000_Vv8010_001.h5
2020-02-26,2020-02-26 13:28:55+00:00,8.748,-75.878,0.0962438583374023,0.1526677161455154,0.2301536500453949,0.3651170134544372,298.94757080078125,25.79757080078128,SMAP_L4_SM_gph_20200226T133000_Vv8010_001.h5
2020-02-27,2020-02-27 13:28:55+00:00,8.748,-75.878,0.09600830078125,0.1523489505052566,0.2296188473701477,0.3644339442253113,299.215576171875,26.065576171875023,SMAP_L4_SM_gph_20200227T133000_Vv8010_001.h5
2020-02-28,2020-02-28 13:28:55+00:00,8.748,-75.878,0.0994251146912574,0.1523460447788238,0.2378291338682174,0.3644263446331024,298.66754150390625,25.51754150390628,SMAP_L4_SM_gph_20200228T133000_Vv8010_001.h5
2020-02-29,2020-02-29 13:28:55+00:00,8.748,-75.878,0.0970772951841354,0.1518379598855972,0.2321550548076629,0.3631541132926941,299.216064453125,26.066064453125023,SMAP_L4_SM_gph_20200229T133000_Vv8010_001.h5
2020-03-01,2020-03-01 13:28:55+00:00,8.748,-75.878,0.099320963025093,0.1515000015497207,0.2375432252883911,0.3623363673686981,299.09375,25.943750000000023,SMAP_L4_SM_gph_20200301T133000_Vv8010_001.h5
2020-03-02,2020-03-02 13:28:55+00:00,8.748,-75.878,0.0968697369098663,0.1510192155838012,0.2317015081644058,0.3612571656703949,298.9100341796875,25.760034179687523,SMAP_L4_SM_gph_20200302T133000_Vv8010_001.h5
2020-03-03,2020-03-03 13:28:55+00:00,8.748,-75.878,0.092674933373928,0.1504525691270828,0.2216439992189407,0.3597472310066223,299.4228515625,26.272851562500023,SMAP_L4_SM_gph_20200303T133000_Vv8010_001.h5
2020-03-04,2020-03-04 13:28:55+00:00,8.748,-75.878,0.0894197970628738,0.1499231457710266,0.2138753235340118,0.3585783541202545,299.25653076171875,26.106530761718773,SMAP_L4_SM_gph_20200304T133000_Vv8010_001.h5
2020-03-05,2020-03-05 13:28:55+00:00,8.748,-75.878,0.0876663848757743,0.1494355499744415,0.2096489369869232,0.357359379529953,298.8380126953125,25.688012695312523,SMAP_L4_SM_gph_20200305T133000_Vv8010_001.h5
2020-03-06,2020-03-06 13:28:55+00:00,8.748,-75.878,0.090625524520874,0.1491426974534988,0.2167606800794601,0.3568297326564789,299.32147216796875,26.171472167968773,SMAP_L4_SM_gph_20200306T133000_Vv8010_001.h5
2020-03-07,2020-03-07 13:28:55+00:00,8.748,-75.878,0.0943131446838378,0.1490691751241684,0.2255725860595703,0.3565897345542907,299.4079895019531,26.257989501953148,SMAP_L4_SM_gph_20200307T133000_Vv8010_001.h5
2020-03-08,2020-03-08 13:28:55+00:00,8.748,-75.878,0.0962374731898307,0.1488772928714752,0.230197936296463,0.3561154901981354,299.24285888671875,26.092858886718773,SMAP_L4_SM_gph_20200308T133000_Vv8010_001.h5
2020-03-09,2020-03-09 13:28:55+00:00,8.748,-75.878,0.1022450551390647,0.1489782929420471,0.2445234358310699,0.3563047051429748,299.203857421875,26.053857421875023,SMAP_L4_SM_gph_20200309T133000_Vv8010_001.h5
2020-03-10,2020-03-10 13:28:55+00:00,8.748,-75.878,0.0931410789489746,0.1482324004173278,0.2227608263492584,0.3545238375663757,299.3946533203125,26.244653320312523,SMAP_L4_SM_gph_20200310T133000_Vv8010_001.h5
2020-03-11,2020-03-11 13:28:55+00:00,8.748,-75.878,0.112457275390625,0.1491502225399017,0.2689537107944488,0.3567272424697876,299.2942199707031,26.144219970703148,SMAP_L4_SM_gph_20200311T133000_Vv8010_001.h5
2020-03-12,2020-03-12 13:28:55+00:00,8.748,-75.878,0.118295133113861,0.1494911164045334,0.2828888893127441,0.3574304580688476,298.82391357421875,25.673913574218773,SMAP_L4_SM_gph_20200312T133000_Vv8010_001.h5
2020-03-13,2020-03-13 13:28:55+00:00,8.748,-75.878,0.1163091957569122,0.1493008285760879,0.2782529294490814,0.3570456206798553,299.1963806152344,26.0463806152344,SMAP_L4_SM_gph_20200313T133000_Vv8010_001.h5
2020-03-14,2020-03-14 13:28:55+00:00,8.748,-75.878,0.1109023913741111,0.148829698562622,0.2652480006217956,0.3560283780097961,299.23828125,26.088281250000023,SMAP_L4_SM_gph_20200314T133000_Vv8010_001.h5
2020-03-15,2020-03-15 13:28:55+00:00,8.748,-75.878,0.1059496030211448,0.1482745856046676,0.2534833550453186,0.3545853793621063,298.8978881835937,25.747888183593773,SMAP_L4_SM_gph_20200315T133000_Vv8010_001.h5
2020-03-16,2020-03-16 13:28:55+00:00,8.748,-75.878,0.1014515683054924,0.147803857922554,0.2426389902830124,0.3534954488277435,298.89239501953125,25.74239501953128,SMAP_L4_SM_gph_20200316T133000_Vv8010_001.h5
2020-03-17,2020-03-17 13:28:55+00:00,8.748,-75.878,0.0955531373620033,0.1471234560012817,0.2285230159759521,0.3518852591514587,299.486083984375,26.336083984375023,SMAP_L4_SM_gph_20200317T133000_Vv8010_001.h5
2020-03-18,2020-03-18 13:28:55+00:00,8.748,-75.878,0.0900723934173584,0.1464329659938812,0.2154695689678192,0.350248634815216,299.2398986816406,26.089898681640648,SMAP_L4_SM_gph_20200318T133000_Vv8010_001.h5
2020-03-19,2020-03-19 13:28:55+00:00,8.748,-75.878,0.1085109636187553,0.1471329629421234,0.2595532238483429,0.351909875869751,299.4010925292969,26.251092529296898,SMAP_L4_SM_gph_20200319T133000_Vv8010_001.h5
2020-03-20,2020-03-20 13:28:55+00:00,8.748,-75.878,0.1254674643278122,0.1480572521686554,0.3000814616680145,0.3540078699588775,299.3331604003906,26.183160400390648,SMAP_L4_SM_gph_20200320T133000_Vv8010_001.h5
2020-03-21,2020-03-21 13:28:55+00:00,8.748,-75.878,0.1244461983442306,0.1481830328702926,0.2976301610469818,0.3543838262557983,298.9307861328125,25.780786132812523,SMAP_L4_SM_gph_20200321T133000_Vv8010_001.h5
2020-03-22,2020-03-22 13:28:55+00:00,8.748,-75.878,0.1342076957225799,0.14933842420578,0.3209883868694305,0.3570581972599029,298.39617919921875,25.246179199218773,SMAP_L4_SM_gph_20200322T133000_Vv8010_001.h5
2020-03-23,2020-03-23 13:28:55+00:00,8.748,-75.878,0.116363301873207,0.1479889750480651,0.2783514857292175,0.3540630638599396,298.8470153808594,25.6970153808594,SMAP_L4_SM_gph_20200323T133000_Vv8010_001.h5
2020-03-24,2020-03-24 13:28:55+00:00,8.748,-75.878,0.1056363210082054,0.1471841037273407,0.2527108490467071,0.3519581258296966,299.5451354980469,26.395135498046898,SMAP_L4_SM_gph_20200324T133000_Vv8010_001.h5
2020-03-25,2020-03-25 13:28:55+00:00,8.748,-75.878,0.1208366379141807,0.147921934723854,0.2889684736728668,0.3538033664226532,299.6840515136719,26.534051513671898,SMAP_L4_SM_gph_20200325T133000_Vv8010_001.h5
2020-03-26,2020-03-26 13:28:55+00:00,8.748,-75.878,0.1213451623916626,0.147809162735939,0.2902017533779144,0.3535463809967041,299.7882080078125,26.638208007812523,SMAP_L4_SM_gph_20200326T133000_Vv8010_001.h5
2020-03-27,2020-03-27 13:28:55+00:00,8.748,-75.878,0.1131768226623535,0.1472648531198501,0.2706816792488098,0.3522166013717651,299.6736755371094,26.5236755371094,SMAP_L4_SM_gph_20200327T133000_Vv8010_001.h5
2020-03-28,2020-03-28 13:28:55+00:00,8.748,-75.878,0.104300282895565,0.1464594453573227,0.2494253069162368,0.350269466638565,299.2071533203125,26.057153320312523,SMAP_L4_SM_gph_20200328T133000_Vv8010_001.h5
2020-03-29,2020-03-29 13:28:55+00:00,8.748,-75.878,0.0997938141226768,0.1459794491529464,0.2386893630027771,0.3491552472114563,299.6722412109375,26.522241210937523,SMAP_L4_SM_gph_20200329T133000_Vv8010_001.h5
2020-03-30,2020-03-30 13:28:55+00:00,8.748,-75.878,0.0967417806386947,0.1455820649862289,0.2314274162054062,0.3481716215610504,299.7299499511719,26.579949951171898,SMAP_L4_SM_gph_20200330T133000_Vv8010_001.h5
2020-03-31,2020-03-31 13:28:55+00:00,8.748,-75.878,0.1027471721172332,0.145656868815422,0.2457025796175003,0.3484145998954773,300.12994384765625,26.97994384765628,SMAP_L4_SM_gph_20200331T133000_Vv8010_001.h5
2020-04-01,2020-04-01 13:28:55+00:00,8.748,-75.878,0.1069412901997566,0.1457371115684509,0.2557075023651123,0.3485867381095886,300.1400451660156,26.990045166015648,SMAP_L4_SM_gph_20200401T133000_Vv8010_001.h5
2020-04-02,2020-04-02 13:28:55+00:00,8.748,-75.878,0.1116430163383483,0.1458742171525955,0.2670057713985443,0.3488329946994781,299.1156616210937,25.965661621093773,SMAP_L4_SM_gph_20200402T133000_Vv8010_001.h5
2020-04-03,2020-04-03 13:28:55+00:00,8.748,-75.878,0.1063777059316635,0.1455645114183426,0.254480630159378,0.3482479751110077,299.2675476074219,26.117547607421898,SMAP_L4_SM_gph_20200403T133000_Vv8010_001.h5
2020-04-04,2020-04-04 13:28:55+00:00,8.748,-75.878,0.1104333102703094,0.1459247022867202,0.2641587853431701,0.348964512348175,299.3349304199219,26.184930419921898,SMAP_L4_SM_gph_20200404T133000_Vv8010_001.h5
2020-04-05,2020-04-05 13:28:55+00:00,8.748,-75.878,0.107322834432125,0.1456190943717956,0.2566938996315002,0.348353236913681,300.17291259765625,27.02291259765628,SMAP_L4_SM_gph_20200405T133000_Vv8010_001.h5
2020-04-06,2020-04-06 13:28:55+00:00,8.748,-75.878,0.1235354766249656,0.146664872765541,0.2955128252506256,0.35074183344841,300.1260681152344,26.9760681152344,SMAP_L4_SM_gph_20200406T133000_Vv8010_001.h5
2020-04-07,2020-04-07 13:28:55+00:00,8.748,-75.878,0.142446681857109,0.1488758474588394,0.3407537937164306,0.3561969399452209,300.2764587402344,27.1264587402344,SMAP_L4_SM_gph_20200407T133000_Vv8010_001.h5
2020-04-08,2020-04-08 13:28:55+00:00,8.748,-75.878,0.1361782103776931,0.148722231388092,0.3257265090942383,0.3557486832141876,300.5717468261719,27.421746826171898,SMAP_L4_SM_gph_20200408T133000_Vv8010_001.h5
2020-04-09,2020-04-09 13:28:55+00:00,8.748,-75.878,0.1243821680545806,0.1479289680719375,0.2974428236484527,0.3537960648536682,300.3978576660156,27.247857666015648,SMAP_L4_SM_gph_20200409T133000_Vv8010_001.h5
2020-04-10,2020-04-10 13:28:55+00:00,8.748,-75.878,0.1323861926794052,0.1483761370182037,0.3166133165359497,0.3549097180366516,300.27117919921875,27.121179199218773,SMAP_L4_SM_gph_20200410T133000_Vv8010_001.h5
2020-04-11,2020-04-11 13:28:55+00:00,8.748,-75.878,0.13248522579669952,0.14838334918022156,0.3169134557247162,0.354928582906723,300.3741760253906,27.224176025390648,SMAP_L4_SM_gph_20200411T133000_Vv8010_001.h5
2020-04-12,2020-04-12 13:28:55+00:00,8.748,-75.878,0.135690838098526,0.14895009994506836,0.32456308603286743,0.35615789890289307,300.39166259765625,27.241662597656273,SMAP_L4_SM_gph_20200412T133000_Vv8010_001.h5
2020-04-13,2020-04-13 13:28:55+00:00,8.748,-75.878,0.13504035770893097,0.14893461763858795,0.3231116831302643,0.3561910092830658,300.2133483886719,27.063348388671898,SMAP_L4_SM_gph_20200413T133000_Vv8010_001.h5
2020-04-14,2020-04-14 13:28:55+00:00,8.748,-75.878,0.13061556220054626,0.14855100214481354,0.31239330768585205,0.3553648889064789,299.58648681640625,26.436486816406273,SMAP_L4_SM_gph_20200414T133000_Vv8010_001.h5
2020-04-15,2020-04-15 13:28:55+00:00,8.748,-75.878,0.1212715357542038,0.1481187641620636,0.29008451104164124,0.35425326228141785,299.1914367675781,26.041436767578148,SMAP_L4_SM_gph_20200415T133000_Vv8010_001.h5
2020-04-16,2020-04-16 13:28:55+00:00,8.748,-75.878,0.11382486671209335,0.14726167917251587,0.2721870541572571,0.3522082567214966,299.15948486328125,26.009484863281273,SMAP_L4_SM_gph_20200416T133000_Vv8010_001.h5
2020-04-17,2020-04-17 13:28:55+00:00,8.748,-75.878,0.10598393529653549,0.14647530019283295,0.25345608592033386,0.35039564967155457,299.7133483886719,26.563348388671898,SMAP_L4_SM_gph_20200417T133000_Vv8010_001.h5
2020-04-18,2020-04-18 13:28:55+00:00,8.748,-75.878,0.11427533626556396,0.1466289907693863,0.2732633650302887,0.3507593274116516,299.4248046875,26.274804687500023,SMAP_L4_SM_gph_20200418T133000_Vv8010_001.h5
2020-04-19,2020-04-19 13:28:55+00:00,8.748,-75.878,0.16541779041290283,0.150629922747612,0.39564940333366394,0.3603315055370331,299.38238525390625,26.232385253906273,SMAP_L4_SM_gph_20200419T133000_Vv8010_001.h5
2020-04-20,2020-04-20 13:28:55+00:00,8.748,-75.878,0.15115045011043549,0.15155023336410522,0.36143240332603455,0.36243030428886414,299.01513671875,25.865136718750023,SMAP_L4_SM_gph_20200420T133000_Vv8010_001.h5
2020-04-21,2020-04-21 13:28:55+00:00,8.748,-75.878,0.19634109735488892,0.1560417115688324,0.4696498513221741,0.37319234013557434,299.30035400390625,26.150354003906273,SMAP_L4_SM_gph_20200421T133000_Vv8010_001.h5
2020-04-22,2020-04-22 13:28:55+00:00,8.748,-75.878,0.22335092723369598,0.1652851104736328,0.5340918302536011,0.395320862531662,299.115234375,25.965234375000023,SMAP_L4_SM_gph_20200422T133000_Vv8010_001.h5
2020-04-23,2020-04-23 13:28:55+00:00,8.748,-75.878,0.20995932817459106,0.17118169367313385,0.5021849274635315,0.40952929854393005,298.6419372558594,25.491937255859398,SMAP_L4_SM_gph_20200423T133000_Vv8010_001.h5
2020-04-24,2020-04-24 13:28:55+00:00,8.748,-75.878,0.1978360265493393,0.17321133613586426,0.4731839597225189,0.41436734795570374,299.3094482421875,26.159448242187523,SMAP_L4_SM_gph_20200424T133000_Vv8010_001.h5
2020-04-25,2020-04-25 13:28:55+00:00,8.748,-75.878,0.175584614276886,0.1703520268201828,0.41993486881256104,0.40743374824523926,299.1571350097656,26.007135009765648,SMAP_L4_SM_gph_20200425T133000_Vv8010_001.h5
2020-04-26,2020-04-26 13:28:55+00:00,8.748,-75.878,0.17514507472515106,0.16891200840473175,0.4188869893550873,0.40408045053482056,299.64459228515625,26.494592285156273,SMAP_L4_SM_gph_20200426T133000_Vv8010_001.h5
2020-04-27,2020-04-27 13:28:55+00:00,8.748,-75.878,0.15800227224826813,0.1666725128889084,0.37784358859062195,0.39863643050193787,299.654541015625,26.504541015625023,SMAP_L4_SM_gph_20200427T133000_Vv8010_001.h5
2020-04-28,2020-04-28 13:28:55+00:00,8.748,-75.878,0.13818255066871643,0.16441309452056885,0.3306095004081726,0.3932253122329712,299.8199462890625,26.669946289062523,SMAP_L4_SM_gph_20200428T133000_Vv8010_001.h5
2020-04-29,2020-04-29 13:28:55+00:00,8.748,-75.878,0.17314843833446503,0.16603456437587738,0.41407790780067444,0.39709964394569397,299.745849609375,26.595849609375023,SMAP_L4_SM_gph_20200429T133000_Vv8010_001.h5
2020-04-30,2020-04-30 13:28:55+00:00,8.748,-75.878,0.17774617671966553,0.16821616888046265,0.42506009340286255,0.40239283442497253,299.3209228515625,26.170922851562523,SMAP_L4_SM_gph_20200430T133000_Vv8010_001.h5
2020-05-01,2020-05-01 13:28:55+00:00,8.748,-75.878,0.1595471054315567,0.16695073246955872,0.38161909580230713,0.3993836045265198,298.9281005859375,25.778100585937523,SMAP_L4_SM_gph_20200501T133000_Vv8010_001.h5
2020-05-02,2020-05-02 13:28:55+00:00,8.748,-75.878,0.17071281373500824,0.16751550137996674,0.4083266854286194,0.4007296860218048,299.1864013671875,26.036401367187523,SMAP_L4_SM_gph_20200502T133000_Vv8010_001.h5
2020-05-03,2020-05-03 13:28:55+00:00,8.748,-75.878,0.158395454287529,0.16650989651679993,0.3788658082485199,0.39833468198776245,299.5457458496094,26.395745849609398,SMAP_L4_SM_gph_20200503T133000_Vv8010_001.h5
2020-05-04,2020-05-04 13:28:55+00:00,8.748,-75.878,0.16890671849250793,0.1672530472278595,0.4039808511734009,0.3999495506286621,299.64617919921875,26.496179199218773,SMAP_L4_SM_gph_20200504T133000_Vv8010_001.h5
2020-05-05,2020-05-05 13:28:55+00:00,8.748,-75.878,0.17306551337242126,0.16804932057857513,0.41397732496261597,0.4019951820373535,299.6394958496094,26.489495849609398,SMAP_L4_SM_gph_20200505T133000_Vv8010_001.h5
2020-05-06,2020-05-06 13:28:55+00:00,8.748,-75.878,0.1640486717224121,0.16727635264396667,0.3922593593597412,0.4000953435897827,299.5592041015625,26.409204101562523,SMAP_L4_SM_gph_20200506T133000_Vv8010_001.h5
2020-05-07,2020-05-07 13:28:55+00:00,8.748,-75.878,0.17487084865570068,0.1680508404970169,0.4183151125907898,0.40191394090652466,299.7009582519531,26.550958251953148,SMAP_L4_SM_gph_20200507T133000_Vv8010_001.h5
2020-05-08,2020-05-08 13:28:55+00:00,8.748,-75.878,0.1651517003774643,0.16754493117332458,0.3950992226600647,0.4007694721221924,299.6197204589844,26.469720458984398,SMAP_L4_SM_gph_20200508T133000_Vv8010_001.h5
2020-05-09,2020-05-09 13:28:55+00:00,8.748,-75.878,0.15435202419757843,0.16658195853233337,0.36911073327064514,0.3984485864639282,299.88482666015625,26.734826660156273,SMAP_L4_SM_gph_20200509T133000_Vv8010_001.h5
2020-05-10,2020-05-10 13:28:55+00:00,8.748,-75.878,0.15128231048583984,0.16559147834777832,0.361844003200531,0.39604467153549194,299.830322265625,26.680322265625023,SMAP_L4_SM_gph_20200510T133000_Vv8010_001.h5
2020-05-11,2020-05-11 13:28:55+00:00,8.748,-75.878,0.14152982831001282,0.1645517796278,0.3384680449962616,0.393475741147995,299.8782958984375,26.728295898437523,SMAP_L4_SM_gph_20200511T133000_Vv8010_001.h5
2020-05-12,2020-05-12 13:28:55+00:00,8.748,-75.878,0.1836395412683487,0.16655954718589783,0.43923521041870117,0.39834195375442505,298.8836669921875,25.733666992187523,SMAP_L4_SM_gph_20200512T133000_Vv8010_001.h5
2020-05-13,2020-05-13 13:28:55+00:00,8.748,-75.878,0.17387624084949493,0.16758012771606445,0.4158928394317627,0.4007759690284729,299.1495361328125,25.999536132812523,SMAP_L4_SM_gph_20200513T133000_Vv8010_001.h5
2020-05-14,2020-05-14 13:28:55+00:00,8.748,-75.878,0.15365411341190338,0.1663467288017273,0.3675430119037628,0.39793527126312256,298.8814697265625,25.731469726562523,SMAP_L4_SM_gph_20200514T133000_Vv8010_001.h5
2020-05-15,2020-05-15 13:28:55+00:00,8.748,-75.878,0.18015548586845398,0.16852104663848877,0.43089401721954346,0.4031243920326233,299.3067626953125,26.156762695312523,SMAP_L4_SM_gph_20200515T133000_Vv8010_001.h5
2020-05-16,2020-05-16 13:28:55+00:00,8.748,-75.878,0.16057303547859192,0.16705727577209473,0.38404950499534607,0.3995872437953949,299.68707275390625,26.537072753906273,SMAP_L4_SM_gph_20200516T133000_Vv8010_001.h5
2020-05-17,2020-05-17 13:28:55+00:00,8.748,-75.878,0.27028968930244446,0.18469266593456268,0.6466985940933228,0.44169166684150696,299.542724609375,26.392724609375023,SMAP_L4_SM_gph_20200517T133000_Vv8010_001.h5
2020-05-18,2020-05-18 13:28:55+00:00,8.748,-75.878,0.22607728838920593,0.1943434625864029,0.5407060980796814,0.46490392088890076,299.1999206542969,26.049920654296898,SMAP_L4_SM_gph_20200518T133000_Vv8010_001.h5
2020-05-19,2020-05-19 13:28:55+00:00,8.748,-75.878,0.3514050543308258,0.2248317450284958,0.8405167460441589,0.5375814437866211,298.4144592285156,25.264459228515648,SMAP_L4_SM_gph_20200519T133000_Vv8010_001.h5
2020-05-20,2020-05-20 13:28:55+00:00,8.748,-75.878,0.2567693591117859,0.22435793280601501,0.6141465902328491,0.5365574359893799,298.34429931640625,25.194299316406273,SMAP_L4_SM_gph_20200520T133000_Vv8010_001.h5
2020-05-21,2020-05-21 13:28:55+00:00,8.748,-75.878,0.2258048057556152,0.2129323035478592,0.5400851964950562,0.5094264149665833,299.2655029296875,26.115502929687523,SMAP_L4_SM_gph_20200521T133000_Vv8010_001.h5
2020-05-22,2020-05-22 13:28:55+00:00,8.748,-75.878,0.2951198816299438,0.2201420813798904,0.7059836983680725,0.5264874696731567,299.331787109375,26.181787109375023,SMAP_L4_SM_gph_20200522T133000_Vv8010_001.h5
2020-05-23,2020-05-23 13:28:55+00:00,8.748,-75.878,0.2521018385887146,0.2209599316120147,0.6028085947036743,0.5284909605979919,299.05230712890625,25.90230712890628,SMAP_L4_SM_gph_20200523T133000_Vv8010_001.h5
2020-05-24,2020-05-24 13:28:55+00:00,8.748,-75.878,0.2242353409528732,0.2134951055049896,0.5363945364952087,0.5106937289237976,299.47119140625,26.321191406250023,SMAP_L4_SM_gph_20200524T133000_Vv8010_001.h5
2020-05-25,2020-05-25 13:28:55+00:00,8.748,-75.878,0.2086206674575805,0.2096168994903564,0.4988696575164795,0.501452624797821,299.2669372558594,26.1169372558594,SMAP_L4_SM_gph_20200525T133000_Vv8010_001.h5
2020-05-26,2020-05-26 13:28:55+00:00,8.748,-75.878,0.2116580456495285,0.2078452408313751,0.5062766671180725,0.4970905184745788,299.312744140625,26.162744140625023,SMAP_L4_SM_gph_20200526T133000_Vv8010_001.h5
2020-05-27,2020-05-27 13:28:55+00:00,8.748,-75.878,0.3161699175834656,0.2423160225152969,0.7563346028327942,0.579573392868042,299.0010070800781,25.851007080078148,SMAP_L4_SM_gph_20200527T133000_Vv8010_001.h5
2020-05-28,2020-05-28 13:28:55+00:00,8.748,-75.878,0.2872671484947204,0.2493072897195816,0.6871011853218079,0.5962615609169006,298.0434265136719,24.893426513671898,SMAP_L4_SM_gph_20200528T133000_Vv8010_001.h5
2020-05-29,2020-05-29 13:28:55+00:00,8.748,-75.878,0.2782767713069916,0.2423720210790634,0.665590226650238,0.5797191858291626,297.8546142578125,24.704614257812523,SMAP_L4_SM_gph_20200529T133000_Vv8010_001.h5
2020-05-30,2020-05-30 13:28:55+00:00,8.748,-75.878,0.2955430746078491,0.251991868019104,0.7069849371910095,0.602680504322052,297.813232421875,24.663232421875023,SMAP_L4_SM_gph_20200530T133000_Vv8010_001.h5
2020-05-31,2020-05-31 13:28:55+00:00,8.748,-75.878,0.2824989557266235,0.251875102519989,0.6756955981254578,0.6024503111839294,297.5675048828125,24.417504882812523,SMAP_L4_SM_gph_20200531T133000_Vv8010_001.h5
2020-06-01,2020-06-01 13:28:55+00:00,8.748,-75.878,0.2727941274642944,0.2462179213762283,0.6523996591567993,0.5889872312545776,297.57525634765625,24.42525634765628,SMAP_L4_SM_gph_20200601T133000_Vv8010_001.h5
2020-06-02,2020-06-02 13:28:55+00:00,8.748,-75.878,0.3018373250961303,0.2521921694278717,0.7218018770217896,0.6032136678695679,298.00701904296875,24.857019042968773,SMAP_L4_SM_gph_20200602T133000_Vv8010_001.h5
2020-06-03,2020-06-03 13:28:55+00:00,8.748,-75.878,0.2940763235092163,0.2575699388980865,0.7034154534339905,0.6159263253211975,297.7984924316406,24.648492431640648,SMAP_L4_SM_gph_20200603T133000_Vv8010_001.h5
2020-06-04,2020-06-04 13:28:55+00:00,8.748,-75.878,0.2608488202095032,0.2507075071334839,0.6240618228912354,0.5997440814971924,298.2095947265625,25.059594726562523,SMAP_L4_SM_gph_20200604T133000_Vv8010_001.h5
2020-06-05,2020-06-05 13:28:55+00:00,8.748,-75.878,0.2767378687858581,0.2479289919137954,0.6620379686355591,0.5929839015007019,298.38055419921875,25.230554199218773,SMAP_L4_SM_gph_20200605T133000_Vv8010_001.h5
2020-06-06,2020-06-06 13:28:55+00:00,8.748,-75.878,0.2959277927875519,0.2514785826206207,0.7078685760498047,0.6014689207077026,298.5733337402344,25.4233337402344,SMAP_L4_SM_gph_20200606T133000_Vv8010_001.h5
2020-06-07,2020-06-07 13:28:55+00:00,8.748,-75.878,0.2792624235153198,0.251555860042572,0.6680996417999268,0.6016926765441895,298.9349975585937,25.784997558593773,SMAP_L4_SM_gph_20200607T133000_Vv8010_001.h5
2020-06-08,2020-06-08 13:28:55+00:00,8.748,-75.878,0.269036591053009,0.2487761974334716,0.6433770656585693,0.5950883626937866,298.77215576171875,25.622155761718773,SMAP_L4_SM_gph_20200608T133000_Vv8010_001.h5
2020-06-09,2020-06-09 13:28:55+00:00,8.748,-75.878,0.2677217423915863,0.2470834851264953,0.6403278112411499,0.5909693837165833,299.240966796875,26.090966796875023,SMAP_L4_SM_gph_20200609T133000_Vv8010_001.h5
2020-06-10,2020-06-10 13:28:55+00:00,8.748,-75.878,0.3006859123706817,0.2524941563606262,0.718928337097168,0.6039491891860962,298.46783447265625,25.31783447265628,SMAP_L4_SM_gph_20200610T133000_Vv8010_001.h5
2020-06-11,2020-06-11 13:28:55+00:00,8.748,-75.878,0.2638871967792511,0.2493712455034256,0.6312037706375122,0.5965021848678589,297.4903564453125,24.340356445312523,SMAP_L4_SM_gph_20200611T133000_Vv8010_001.h5
2020-06-12,2020-06-12 13:28:55+00:00,8.748,-75.878,0.2444698065519333,0.2454074323177337,0.5847426056861877,0.5869795680046082,297.5712890625,24.421289062500023,SMAP_L4_SM_gph_20200612T133000_Vv8010_001.h5
2020-06-13,2020-06-13 13:28:55+00:00,8.748,-75.878,0.2363434582948684,0.2427786439657211,0.5653333067893982,0.5805460214614868,298.1224975585937,24.972497558593773,SMAP_L4_SM_gph_20200613T133000_Vv8010_001.h5
2020-06-14,2020-06-14 13:28:55+00:00,8.748,-75.878,0.2651044726371765,0.2423561364412307,0.633903980255127,0.5795819163322449,298.1200561523437,24.970056152343773,SMAP_L4_SM_gph_20200614T133000_Vv8010_001.h5
2020-06-15,2020-06-15 13:28:55+00:00,8.748,-75.878,0.3092332184314728,0.2658425271511078,0.7395883202552795,0.6357772350311279,297.97967529296875,24.829675292968773,SMAP_L4_SM_gph_20200615T133000_Vv8010_001.h5
2020-06-16,2020-06-16 13:28:55+00:00,8.748,-75.878,0.2825862467288971,0.2585631608963012,0.6757925748825073,0.6183164119720459,298.5257873535156,25.375787353515648,SMAP_L4_SM_gph_20200616T133000_Vv8010_001.h5
2020-06-17,2020-06-17 13:28:55+00:00,8.748,-75.878,0.2785554826259613,0.2542596459388733,0.6660243272781372,0.6079812049865723,297.82867431640625,24.67867431640628,SMAP_L4_SM_gph_20200617T133000_Vv8010_001.h5
2020-06-18,2020-06-18 13:28:55+00:00,8.748,-75.878,0.2725619375705719,0.2523328959941864,0.6517382860183716,0.6035711169242859,298.0394897460937,24.889489746093773,SMAP_L4_SM_gph_20200618T133000_Vv8010_001.h5
2020-06-19,2020-06-19 13:28:55+00:00,8.748,-75.878,0.2781075239181518,0.2506044209003448,0.6652223467826843,0.5993697047233582,298.51690673828125,25.36690673828128,SMAP_L4_SM_gph_20200619T133000_Vv8010_001.h5
2020-06-20,2020-06-20 13:28:55+00:00,8.748,-75.878,0.2891168296337127,0.2541453540325165,0.6915959119796753,0.6076827049255371,298.10693359375,24.956933593750023,SMAP_L4_SM_gph_20200620T133000_Vv8010_001.h5
2020-06-21,2020-06-21 13:28:55+00:00,8.748,-75.878,0.3305092751979828,0.264845609664917,0.7902584671974182,0.6334520578384399,298.0091857910156,24.859185791015648,SMAP_L4_SM_gph_20200621T133000_Vv8010_001.h5
2020-06-22,2020-06-22 13:28:55+00:00,8.748,-75.878,0.3001036047935486,0.262623518705368,0.7178690433502197,0.6282604932785034,298.3631896972656,25.213189697265648,SMAP_L4_SM_gph_20200622T133000_Vv8010_001.h5
2020-06-23,2020-06-23 13:28:55+00:00,8.748,-75.878,0.270294189453125,0.2574789524078369,0.6466484665870667,0.6160073280334473,299.1047668457031,25.954766845703148,SMAP_L4_SM_gph_20200623T133000_Vv8010_001.h5
2020-06-24,2020-06-24 13:28:55+00:00,8.748,-75.878,0.2470288276672363,0.2528156340122223,0.5908123850822449,0.6046276688575745,298.89178466796875,25.741784667968773,SMAP_L4_SM_gph_20200624T133000_Vv8010_001.h5
2020-06-25,2020-06-25 13:28:55+00:00,8.748,-75.878,0.2390905618667602,0.2498415112495422,0.5718311071395874,0.5976656675338745,299.1873779296875,26.037377929687523,SMAP_L4_SM_gph_20200625T133000_Vv8010_001.h5
2020-06-26,2020-06-26 13:28:55+00:00,8.748,-75.878,0.2329865545034408,0.2471596300601959,0.5573133230209351,0.5911048054695129,298.9018859863281,25.751885986328148,SMAP_L4_SM_gph_20200626T133000_Vv8010_001.h5
2020-06-27,2020-06-27 13:28:55+00:00,8.748,-75.878,0.3090918064117431,0.2577359080314636,0.7390974760055542,0.616455078125,298.4520568847656,25.302056884765648,SMAP_L4_SM_gph_20200627T133000_Vv8010_001.h5
2020-06-28,2020-06-28 13:28:55+00:00,8.748,-75.878,0.3152901232242584,0.2680759131908417,0.7539057731628418,0.6412636637687683,297.5274963378906,24.377496337890648,SMAP_L4_SM_gph_20200628T133000_Vv8010_001.h5
2020-06-29,2020-06-29 13:28:55+00:00,8.748,-75.878,0.2717430591583252,0.2611205875873565,0.6499729752540588,0.6244251132011414,297.7435913085937,24.593591308593773,SMAP_L4_SM_gph_20200629T133000_Vv8010_001.h5
2020-06-30,2020-06-30 13:28:55+00:00,8.748,-75.878,0.2544249892234802,0.2564789056777954,0.608599066734314,0.6135048866271973,297.92364501953125,24.77364501953128,SMAP_L4_SM_gph_20200630T133000_Vv8010_001.h5
2020-07-01,2020-07-01 13:28:55+00:00,8.748,-75.878,0.2612380087375641,0.2553083896636963,0.624705970287323,0.6105582118034363,297.5565795898437,24.406579589843773,SMAP_L4_SM_gph_20200701T133000_Vv8010_001.h5
2020-07-02,2020-07-02 13:28:55+00:00,8.748,-75.878,0.2462660670280456,0.2504548132419586,0.589078426361084,0.5989155173301697,297.75115966796875,24.601159667968773,SMAP_L4_SM_gph_20200702T133000_Vv8010_001.h5
2020-07-03,2020-07-03 13:28:55+00:00,8.748,-75.878,0.2618076801300049,0.2514161169528961,0.6261271238327026,0.6012319326400757,297.8315734863281,24.681573486328148,SMAP_L4_SM_gph_20200703T133000_Vv8010_001.h5
2020-07-04,2020-07-04 13:28:55+00:00,8.748,-75.878,0.311860978603363,0.2595116198062897,0.7457242608070374,0.6208761930465698,297.9603881835937,24.810388183593773,SMAP_L4_SM_gph_20200704T133000_Vv8010_001.h5
2020-07-05,2020-07-05 13:28:55+00:00,8.748,-75.878,0.2899537086486816,0.2588904500007629,0.6936429738998413,0.6192123889923096,297.329345703125,24.179345703125023,SMAP_L4_SM_gph_20200705T133000_Vv8010_001.h5
2020-07-06,2020-07-06 13:28:55+00:00,8.748,-75.878,0.262223333120346,0.2546851336956024,0.6271018981933594,0.6091334223747253,297.91424560546875,24.764245605468773,SMAP_L4_SM_gph_20200706T133000_Vv8010_001.h5
2020-07-07,2020-07-07 13:28:55+00:00,8.748,-75.878,0.2497147023677826,0.2508294582366943,0.5971131324768066,0.599914014339447,298.7540588378906,25.604058837890648,SMAP_L4_SM_gph_20200707T133000_Vv8010_001.h5
2020-07-08,2020-07-08 13:28:55+00:00,8.748,-75.878,0.2985035479068756,0.2571251988410949,0.7139119505882263,0.6149892210960388,297.6846923828125,24.534692382812523,SMAP_L4_SM_gph_20200708T133000_Vv8010_001.h5
2020-07-09,2020-07-09 13:28:55+00:00,8.748,-75.878,0.2720133662223816,0.2540395557880401,0.6505656242370605,0.6076508164405823,297.6781616210937,24.528161621093773,SMAP_L4_SM_gph_20200709T133000_Vv8010_001.h5
2020-07-10,2020-07-10 13:28:55+00:00,8.748,-75.878,0.2527052462100982,0.2496623694896698,0.6045133471488953,0.5972945094108582,298.383056640625,25.233056640625023,SMAP_L4_SM_gph_20200710T133000_Vv8010_001.h5
2020-07-11,2020-07-11 13:28:55+00:00,8.748,-75.878,0.2654121220111847,0.2495860606431961,0.6347992420196533,0.5969140529632568,297.2950439453125,24.145043945312523,SMAP_L4_SM_gph_20200711T133000_Vv8010_001.h5
2020-07-12,2020-07-12 13:28:55+00:00,8.748,-75.878,0.3413874804973602,0.2673902809619903,0.8163781762123108,0.6396030187606812,297.8395080566406,24.689508056640648,SMAP_L4_SM_gph_20200712T133000_Vv8010_001.h5
2020-07-13,2020-07-13 13:28:55+00:00,8.748,-75.878,0.2775161564350128,0.2607052028179168,0.6638908386230469,0.6234912276268005,298.0499267578125,24.899926757812523,SMAP_L4_SM_gph_20200713T133000_Vv8010_001.h5
2020-07-14,2020-07-14 13:28:55+00:00,8.748,-75.878,0.3480653464794159,0.2808343768119812,0.8325656652450562,0.6717017889022827,297.8075561523437,24.657556152343773,SMAP_L4_SM_gph_20200714T133000_Vv8010_001.h5
2020-07-15,2020-07-15 13:28:55+00:00,8.748,-75.878,0.3033957779407501,0.2759180068969726,0.7253966927528381,0.6598218083381653,298.6221923828125,25.472192382812523,SMAP_L4_SM_gph_20200715T133000_Vv8010_001.h5
2020-07-16,2020-07-16 13:28:55+00:00,8.748,-75.878,0.28252974152565,0.2681360244750976,0.6757501363754272,0.6411761045455933,298.7673034667969,25.617303466796898,SMAP_L4_SM_gph_20200716T133000_Vv8010_001.h5
2020-07-17,2020-07-17 13:28:55+00:00,8.748,-75.878,0.2831984162330627,0.2657816410064697,0.6773906350135803,0.6357137560844421,297.986572265625,24.836572265625023,SMAP_L4_SM_gph_20200717T133000_Vv8010_001.h5
2020-07-18,2020-07-18 13:28:55+00:00,8.748,-75.878,0.2704451382160187,0.2628486454486847,0.6465849280357361,0.6286496520042419,298.9073486328125,25.757348632812523,SMAP_L4_SM_gph_20200718T133000_Vv8010_001.h5
2020-07-19,2020-07-19 13:28:55+00:00,8.748,-75.878,0.2649016380310058,0.2600396871566772,0.6334601044654846,0.6218596696853638,299.0065612792969,25.856561279296898,SMAP_L4_SM_gph_20200719T133000_Vv8010_001.h5
2020-07-20,2020-07-20 13:28:55+00:00,8.748,-75.878,0.327041894197464,0.2707802355289459,0.7820358276367188,0.6477342247962952,298.3141174316406,25.164117431640648,SMAP_L4_SM_gph_20200720T133000_Vv8010_001.h5
2020-07-21,2020-07-21 13:28:55+00:00,8.748,-75.878,0.3040976226329803,0.2730287313461303,0.72725909948349,0.6532390713691711,297.3132629394531,24.163262939453148,SMAP_L4_SM_gph_20200721T133000_Vv8010_001.h5
2020-07-22,2020-07-22 13:28:55+00:00,8.748,-75.878,0.3178827464580536,0.2738365530967712,0.7602847814559937,0.6548263430595398,296.9740295410156,23.824029541015648,SMAP_L4_SM_gph_20200722T133000_Vv8010_001.h5
2020-07-23,2020-07-23 13:28:55+00:00,8.748,-75.878,0.3111820220947265,0.2784673273563385,0.7444266080856323,0.6660361886024475,297.0567321777344,23.9067321777344,SMAP_L4_SM_gph_20200723T133000_Vv8010_001.h5
2020-07-24,2020-07-24 13:28:55+00:00,8.748,-75.878,0.2946354746818542,0.2735030949115753,0.7046940326690674,0.6541051268577576,297.4486083984375,24.298608398437523,SMAP_L4_SM_gph_20200724T133000_Vv8010_001.h5
2020-07-25,2020-07-25 13:28:55+00:00,8.748,-75.878,0.3129920363426208,0.2748904824256897,0.7488017082214355,0.6575656533241272,296.846923828125,23.696923828125023,SMAP_L4_SM_gph_20200725T133000_Vv8010_001.h5
2020-07-26,2020-07-26 13:28:55+00:00,8.748,-75.878,0.2983359098434448,0.2731354534626007,0.7135059237480164,0.6533691883087158,297.19921875,24.049218750000023,SMAP_L4_SM_gph_20200726T133000_Vv8010_001.h5
2020-07-27,2020-07-27 13:28:55+00:00,8.748,-75.878,0.301061064004898,0.2723335027694702,0.7201403379440308,0.6514788866043091,297.69854736328125,24.54854736328128,SMAP_L4_SM_gph_20200727T133000_Vv8010_001.h5
2020-07-28,2020-07-28 13:28:55+00:00,8.748,-75.878,0.287057489156723,0.2698867321014404,0.6865226626396179,0.6452880501747131,297.9005432128906,24.750543212890648,SMAP_L4_SM_gph_20200728T133000_Vv8010_001.h5
2020-07-29,2020-07-29 13:28:55+00:00,8.748,-75.878,0.277202159166336,0.2672860026359558,0.6631016731262207,0.6393317580223083,298.5419921875,25.391992187500023,SMAP_L4_SM_gph_20200729T133000_Vv8010_001.h5
2020-07-30,2020-07-30 13:28:55+00:00,8.748,-75.878,0.2799974977970123,0.2656879723072052,0.6696802377700806,0.6354697942733765,298.6546936035156,25.504693603515648,SMAP_L4_SM_gph_20200730T133000_Vv8010_001.h5
2020-07-31,2020-07-31 13:28:55+00:00,8.748,-75.878,0.2899881303310394,0.2664136290550232,0.6934542059898376,0.6371612548828125,298.92022705078125,25.77022705078128,SMAP_L4_SM_gph_20200731T133000_Vv8010_001.h5
2020-08-01,2020-08-01 13:28:55+00:00,8.748,-75.878,0.2820980250835418,0.2653837203979492,0.6747215390205383,0.6347522735595703,298.15020751953125,25.00020751953128,SMAP_L4_SM_gph_20200801T133000_Vv8010_001.h5
2020-08-02,2020-08-02 13:28:55+00:00,8.748,-75.878,0.267675369977951,0.263321042060852,0.6402596235275269,0.6297308206558228,298.4880065917969,25.338006591796898,SMAP_L4_SM_gph_20200802T133000_Vv8010_001.h5
2020-08-03,2020-08-03 13:28:55+00:00,8.748,-75.878,0.3033647239208221,0.264741837978363,0.7254000306129456,0.633034348487854,299.0579833984375,25.907983398437523,SMAP_L4_SM_gph_20200803T133000_Vv8010_001.h5
2020-08-04,2020-08-04 13:28:55+00:00,8.748,-75.878,0.2914292514324188,0.2657045722007751,0.6969779133796692,0.6354398727416992,298.57470703125,25.424707031250023,SMAP_L4_SM_gph_20200804T133000_Vv8010_001.h5
2020-08-05,2020-08-05 13:28:55+00:00,8.748,-75.878,0.3285903930664062,0.2722514867782593,0.78603196144104,0.6510212421417236,298.638427734375,25.488427734375023,SMAP_L4_SM_gph_20200805T133000_Vv8010_001.h5
2020-08-06,2020-08-06 13:28:55+00:00,8.748,-75.878,0.318563848733902,0.2795756757259369,0.7619569301605225,0.6685993075370789,297.7515563964844,24.6015563964844,SMAP_L4_SM_gph_20200806T133000_Vv8010_001.h5
2020-08-07,2020-08-07 13:28:55+00:00,8.748,-75.878,0.3034048676490783,0.2740733623504638,0.7256872653961182,0.6554656028747559,297.8214111328125,24.671411132812523,SMAP_L4_SM_gph_20200807T133000_Vv8010_001.h5
2020-08-08,2020-08-08 13:28:55+00:00,8.748,-75.878,0.2810976505279541,0.2697115540504455,0.6722362041473389,0.6452232003211975,298.7078552246094,25.5578552246094,SMAP_L4_SM_gph_20200808T133000_Vv8010_001.h5
2020-08-09,2020-08-09 13:28:55+00:00,8.748,-75.878,0.2632039487361908,0.2656123638153076,0.6296972036361694,0.6352732181549072,299.1583557128906,26.008355712890648,SMAP_L4_SM_gph_20200809T133000_Vv8010_001.h5
2020-08-10,2020-08-10 13:28:55+00:00,8.748,-75.878,0.3241836726665497,0.2716113924980163,0.7753896117210388,0.6495527029037476,298.88531494140625,25.73531494140628,SMAP_L4_SM_gph_20200810T133000_Vv8010_001.h5
2020-08-11,2020-08-11 13:28:55+00:00,8.748,-75.878,0.3231697380542755,0.2819673717021942,0.7729585766792297,0.6744768023490906,298.26275634765625,25.11275634765628,SMAP_L4_SM_gph_20200811T133000_Vv8010_001.h5
2020-08-12,2020-08-12 13:28:55+00:00,8.748,-75.878,0.2978735566139221,0.2772232294082641,0.7125756144523621,0.6630454659461975,298.3191833496094,25.1691833496094,SMAP_L4_SM_gph_20200812T133000_Vv8010_001.h5
2020-08-13,2020-08-13 13:28:55+00:00,8.748,-75.878,0.2885715663433075,0.2734333276748657,0.6902377009391785,0.6539973616600037,299.0087585449219,25.858758544921898,SMAP_L4_SM_gph_20200813T133000_Vv8010_001.h5
2020-08-14,2020-08-14 13:28:55+00:00,8.748,-75.878,0.30205237865448,0.2735549509525299,0.7224084138870239,0.6542402505874634,298.42919921875,25.279199218750023,SMAP_L4_SM_gph_20200814T133000_Vv8010_001.h5
2020-08-15,2020-08-15 13:28:55+00:00,8.748,-75.878,0.3321326673030853,0.2881239950656891,0.7943351864814758,0.6892635822296143,297.40252685546875,24.252526855468773,SMAP_L4_SM_gph_20200815T133000_Vv8010_001.h5
2020-08-16,2020-08-16 13:28:55+00:00,8.748,-75.878,0.3014627695083618,0.2815006375312805,0.7211336493492126,0.6731424927711487,297.3759765625,24.225976562500023,SMAP_L4_SM_gph_20200816T133000_Vv8010_001.h5
2020-08-17,2020-08-17 13:28:55+00:00,8.748,-75.878,0.3252611458301544,0.2846022844314575,0.7779760956764221,0.6807666420936584,297.4876403808594,24.3376403808594,SMAP_L4_SM_gph_20200817T133000_Vv8010_001.h5
2020-08-18,2020-08-18 13:28:55+00:00,8.748,-75.878,0.3092091977596283,0.2834384143352508,0.7396570444107056,0.6779109239578247,297.6657409667969,24.515740966796898,SMAP_L4_SM_gph_20200818T133000_Vv8010_001.h5
2020-08-19,2020-08-19 13:28:55+00:00,8.748,-75.878,0.3155391216278076,0.2833755016326904,0.7544359564781189,0.6775768995285034,297.5175476074219,24.367547607421898,SMAP_L4_SM_gph_20200819T133000_Vv8010_001.h5
2020-08-20,2020-08-20 13:28:55+00:00,8.748,-75.878,0.3218795359134674,0.2868171036243438,0.7697907090187073,0.6858651638031006,297.1123046875,23.962304687500023,SMAP_L4_SM_gph_20200820T133000_Vv8010_001.h5
2020-08-21,2020-08-21 13:28:55+00:00,8.748,-75.878,0.3159762024879455,0.2847782671451568,0.7556381225585938,0.681247353553772,297.2838439941406,24.133843994140648,SMAP_L4_SM_gph_20200821T133000_Vv8010_001.h5
2020-08-22,2020-08-22 13:28:55+00:00,8.748,-75.878,0.3145155310630798,0.2830680906772613,0.7522751092910767,0.6769236326217651,297.361083984375,24.211083984375023,SMAP_L4_SM_gph_20200822T133000_Vv8010_001.h5
2020-08-23,2020-08-23 13:28:55+00:00,8.748,-75.878,0.319719910621643,0.28436079621315,0.7644966840744019,0.6802114248275757,297.411865234375,24.261865234375023,SMAP_L4_SM_gph_20200823T133000_Vv8010_001.h5
2020-08-24,2020-08-24 13:28:55+00:00,8.748,-75.878,0.3149980902671814,0.2839155793190002,0.7534027099609375,0.6791025996208191,297.38739013671875,24.237390136718773,SMAP_L4_SM_gph_20200824T133000_Vv8010_001.h5
2020-08-25,2020-08-25 13:28:55+00:00,8.748,-75.878,0.2994027733802795,0.2807721197605133,0.7160810828208923,0.6715394854545593,297.40386962890625,24.25386962890628,SMAP_L4_SM_gph_20200825T133000_Vv8010_001.h5
2020-08-26,2020-08-26 13:28:55+00:00,8.748,-75.878,0.2915005683898926,0.2785199284553528,0.6972987055778503,0.6660991311073303,297.0381164550781,23.888116455078148,SMAP_L4_SM_gph_20200826T133000_Vv8010_001.h5
2020-08-27,2020-08-27 13:28:55+00:00,8.748,-75.878,0.2854138612747192,0.2766185700893402,0.682573676109314,0.6615214943885803,297.6886291503906,24.538629150390648,SMAP_L4_SM_gph_20200827T133000_Vv8010_001.h5
2020-08-28,2020-08-28 13:28:55+00:00,8.748,-75.878,0.2814880311489105,0.2750736176967621,0.6732937097549438,0.6578951478004456,297.85272216796875,24.702722167968773,SMAP_L4_SM_gph_20200828T133000_Vv8010_001.h5
2020-08-29,2020-08-29 13:28:55+00:00,8.748,-75.878,0.3184212744235992,0.2781700193881988,0.7615197896957397,0.6654092073440552,298.1261901855469,24.976190185546898,SMAP_L4_SM_gph_20200829T133000_Vv8010_001.h5
2020-08-30,2020-08-30 13:28:55+00:00,8.748,-75.878,0.3097113370895386,0.2789159417152405,0.740965723991394,0.667153537273407,296.984619140625,23.834619140625023,SMAP_L4_SM_gph_20200830T133000_Vv8010_001.h5
2020-08-31,2020-08-31 13:28:55+00:00,8.748,-75.878,0.2897487282752991,0.2755962908267975,0.692894697189331,0.6590348482131958,297.5550842285156,24.405084228515648,SMAP_L4_SM_gph_20200831T133000_Vv8010_001.h5
2020-09-01,2020-09-01 13:28:55+00:00,8.748,-75.878,0.2670385241508484,0.2712443768978119,0.6387081742286682,0.6485739946365356,297.8119506835937,24.661950683593773,SMAP_L4_SM_gph_20200901T133000_Vv8010_001.h5
2020-09-02,2020-09-02 13:28:55+00:00,8.748,-75.878,0.3313349485397339,0.2798549234867096,0.7924613952636719,0.6694969534873962,297.61444091796875,24.464440917968773,SMAP_L4_SM_gph_20200902T133000_Vv8010_001.h5
2020-09-03,2020-09-03 13:28:55+00:00,8.748,-75.878,0.3057870864868164,0.2825933992862701,0.7313883900642395,0.675982654094696,297.3482666015625,24.198266601562523,SMAP_L4_SM_gph_20200903T133000_Vv8010_001.h5
2020-09-04,2020-09-04 13:28:55+00:00,8.748,-75.878,0.3247450888156891,0.2844437658786773,0.7766126394271851,0.6802579164505005,297.1583557128906,24.008355712890648,SMAP_L4_SM_gph_20200904T133000_Vv8010_001.h5
2020-09-05,2020-09-05 13:28:55+00:00,8.748,-75.878,0.3012838065624237,0.2806641459465027,0.7204164862632751,0.6711620092391968,297.4482421875,24.298242187500023,SMAP_L4_SM_gph_20200905T133000_Vv8010_001.h5
2020-09-06,2020-09-06 13:28:55+00:00,8.748,-75.878,0.3231904804706573,0.2809366583824157,0.7728904485702515,0.6721384525299072,297.82989501953125,24.67989501953128,SMAP_L4_SM_gph_20200906T133000_Vv8010_001.h5
2020-09-07,2020-09-07 13:28:55+00:00,8.748,-75.878,0.3170234560966491,0.2847574353218078,0.7582869529724121,0.6812670230865479,297.0264587402344,23.8764587402344,SMAP_L4_SM_gph_20200907T133000_Vv8010_001.h5
2020-09-08,2020-09-08 13:28:55+00:00,8.748,-75.878,0.3317019939422607,0.2929064631462097,0.7934205532073975,0.70079505443573,296.686279296875,23.536279296875023,SMAP_L4_SM_gph_20200908T133000_Vv8010_001.h5
2020-09-09,2020-09-09 13:28:55+00:00,8.748,-75.878,0.3096841275691986,0.2867854237556457,0.7406923174858093,0.6860268115997314,296.99273681640625,23.84273681640628,SMAP_L4_SM_gph_20200909T133000_Vv8010_001.h5
2020-09-10,2020-09-10 13:28:55+00:00,8.748,-75.878,0.3030226826667785,0.2821783423423767,0.7247664332389832,0.674878716468811,297.3272399902344,24.1772399902344,SMAP_L4_SM_gph_20200910T133000_Vv8010_001.h5
2020-09-11,2020-09-11 13:28:55+00:00,8.748,-75.878,0.294887363910675,0.2794823944568634,0.7051326632499695,0.6685039401054382,298.39306640625,25.243066406250023,SMAP_L4_SM_gph_20200911T133000_Vv8010_001.h5
2020-09-12,2020-09-12 13:28:55+00:00,8.748,-75.878,0.2840902507305145,0.2765833437442779,0.6794387102127075,0.6615036725997925,298.10760498046875,24.957604980468773,SMAP_L4_SM_gph_20200912T133000_Vv8010_001.h5
2020-09-13,2020-09-13 13:28:55+00:00,8.748,-75.878,0.2796396017074585,0.2749643921852112,0.6687491536140442,0.6575138568878174,298.1527404785156,25.002740478515648,SMAP_L4_SM_gph_20200913T133000_Vv8010_001.h5
2020-09-14,2020-09-14 13:28:55+00:00,8.748,-75.878,0.2863838374614715,0.2751057147979736,0.685044527053833,0.6580522656440735,297.81939697265625,24.66939697265628,SMAP_L4_SM_gph_20200914T133000_Vv8010_001.h5
2020-09-15,2020-09-15 13:28:55+00:00,8.748,-75.878,0.2985050082206726,0.2730326652526855,0.7141363024711609,0.6529309153556824,297.956298828125,24.806298828125023,SMAP_L4_SM_gph_20200915T133000_Vv8010_001.h5
2020-09-16,2020-09-16 13:28:55+00:00,8.748,-75.878,0.3157340884208679,0.2781591415405273,0.7552466988563538,0.6653808951377869,297.73748779296875,24.587487792968773,SMAP_L4_SM_gph_20200916T133000_Vv8010_001.h5
2020-09-17,2020-09-17 13:28:55+00:00,8.748,-75.878,0.2752783000469208,0.2699112892150879,0.658399760723114,0.6454993486404419,297.4070739746094,24.2570739746094,SMAP_L4_SM_gph_20200917T133000_Vv8010_001.h5
2020-09-18,2020-09-18 13:28:55+00:00,8.748,-75.878,0.29675352573394775,0.2709485590457916,0.7096595168113708,0.6478550434112549,297.36260986328125,24.212609863281273,SMAP_L4_SM_gph_20200918T133000_Vv8010_001.h5
2020-09-19,2020-09-19 13:28:55+00:00,8.748,-75.878,0.2889569103717804,0.27016037702560425,0.6908960938453674,0.6462446451187134,297.80133056640625,24.651330566406273,SMAP_L4_SM_gph_20200919T133000_Vv8010_001.h5
2020-09-20,2020-09-20 13:28:55+00:00,8.748,-75.878,0.28753626346588135,0.2684638500213623,0.6877331733703613,0.642126739025116,297.67669677734375,24.526696777343773,SMAP_L4_SM_gph_20200920T133000_Vv8010_001.h5
2020-09-21,2020-09-21 13:28:55+00:00,8.748,-75.878,0.30416470766067505,0.2702468931674957,0.7277430295944214,0.6463961005210876,297.58673095703125,24.436730957031273,SMAP_L4_SM_gph_20200921T133000_Vv8010_001.h5
2020-09-22,2020-09-22 13:28:55+00:00,8.748,-75.878,0.292178213596344,0.2700870633125305,0.6989457607269287,0.6458094716072083,297.64471435546875,24.494714355468773,SMAP_L4_SM_gph_20200922T133000_Vv8010_001.h5
2020-09-23,2020-09-23 13:28:55+00:00,8.748,-75.878,0.26275917887687683,0.26570072770118713,0.6284652948379517,0.6354070901870728,297.74920654296875,24.599206542968773,SMAP_L4_SM_gph_20200923T133000_Vv8010_001.h5
2020-09-24,2020-09-24 13:28:55+00:00,8.748,-75.878,0.2662372291088104,0.2644737958908081,0.6366046071052551,0.6327050924301147,297.7309875488281,24.580987548828148,SMAP_L4_SM_gph_20200924T133000_Vv8010_001.h5
2020-09-25,2020-09-25 13:28:55+00:00,8.748,-75.878,0.37257298827171326,0.28226232528686523,0.8912020921707153,0.6750975847244263,297.4454345703125,24.295434570312523,SMAP_L4_SM_gph_20200925T133000_Vv8010_001.h5
2020-09-26,2020-09-26 13:28:55+00:00,8.748,-75.878,0.30169299244880676,0.27854761481285095,0.7216068506240845,0.666171669960022,297.1343688964844,23.984368896484398,SMAP_L4_SM_gph_20200926T133000_Vv8010_001.h5
2020-09-27,2020-09-27 13:28:55+00:00,8.748,-75.878,0.3324827551841736,0.2829601764678955,0.7954622507095337,0.6768868565559387,297.4899597167969,24.339959716796898,SMAP_L4_SM_gph_20200927T133000_Vv8010_001.h5
2020-09-28,2020-09-28 13:28:55+00:00,8.748,-75.878,0.3037773072719574,0.2797408103942871,0.7264813780784607,0.6692734956741333,297.1282043457031,23.978204345703148,SMAP_L4_SM_gph_20200928T133000_Vv8010_001.h5
2020-09-29,2020-09-29 13:28:55+00:00,8.748,-75.878,0.2851058542728424,0.27496713399887085,0.6819038987159729,0.6576916575431824,297.76861572265625,24.618615722656273,SMAP_L4_SM_gph_20200929T133000_Vv8010_001.h5
2020-09-30,2020-09-30 13:28:55+00:00,8.748,-75.878,0.3143138587474823,0.2776051461696625,0.7520079016685486,0.6639890670776367,297.32794189453125,24.177941894531273,SMAP_L4_SM_gph_20200930T133000_Vv8010_001.h5
2020-10-01,2020-10-01 13:28:55+00:00,8.748,-75.878,0.2832088768482208,0.27339309453964233,0.677194356918335,0.6541367173194885,297.021240234375,23.871240234375023,SMAP_L4_SM_gph_20201001T133000_Vv8010_001.h5
2020-10-02,2020-10-02 13:28:55+00:00,8.748,-75.878,0.28385263681411743,0.27152931690216064,0.6788080334663391,0.6494127511978149,297.3248596191406,24.174859619140648,SMAP_L4_SM_gph_20201002T133000_Vv8010_001.h5
2020-10-03,2020-10-03 13:28:55+00:00,8.748,-75.878,0.3081386983394623,0.2734004557132721,0.7369803786277771,0.6539118885993958,297.41705322265625,24.267053222656273,SMAP_L4_SM_gph_20201003T133000_Vv8010_001.h5
2020-10-04,2020-10-04 13:28:55+00:00,8.748,-75.878,0.3254043459892273,0.2903760075569153,0.7782794237136841,0.6944592595100403,296.9872131347656,23.837213134765648,SMAP_L4_SM_gph_20201004T133000_Vv8010_001.h5
2020-10-05,2020-10-05 13:28:55+00:00,8.748,-75.878,0.31125324964523315,0.2852078676223755,0.7443902492523193,0.6821449398994446,297.0274658203125,23.877465820312523,SMAP_L4_SM_gph_20201005T133000_Vv8010_001.h5
2020-10-06,2020-10-06 13:28:55+00:00,8.748,-75.878,0.3316033184528351,0.30505889654159546,0.7931252121925354,0.7294612526893616,297.3995666503906,24.249566650390648,SMAP_L4_SM_gph_20201006T133000_Vv8010_001.h5
2020-10-07,2020-10-07 13:28:55+00:00,8.748,-75.878,0.32320499420166016,0.29367944598197937,0.7728877067565918,0.7022913098335266,297.62451171875,24.474511718750023,SMAP_L4_SM_gph_20201007T133000_Vv8010_001.h5
2020-10-08,2020-10-08 13:28:55+00:00,8.748,-75.878,0.3233157694339752,0.28883540630340576,0.7731562256813049,0.6909179091453552,297.1868896484375,24.036889648437523,SMAP_L4_SM_gph_20201008T133000_Vv8010_001.h5
2020-10-09,2020-10-09 13:28:55+00:00,8.748,-75.878,0.3343820869922638,0.2897287905216217,0.7997221350669861,0.6928982138633728,297.44244384765625,24.292443847656273,SMAP_L4_SM_gph_20201009T133000_Vv8010_001.h5
2020-10-10,2020-10-10 13:28:55+00:00,8.748,-75.878,0.3150094747543335,0.2862664461135864,0.7533933520317078,0.6847261190414429,297.8356628417969,24.685662841796898,SMAP_L4_SM_gph_20201010T133000_Vv8010_001.h5
2020-10-11,2020-10-11 13:28:55+00:00,8.748,-75.878,0.31302058696746826,0.2841346859931946,0.7486613988876343,0.6796959638595581,298.78411865234375,25.634118652343773,SMAP_L4_SM_gph_20201011T133000_Vv8010_001.h5
2020-10-12,2020-10-12 13:28:55+00:00,8.748,-75.878,0.31220173835754395,0.28216490149497986,0.7467647194862366,0.6747700572013855,297.9933776855469,24.843377685546898,SMAP_L4_SM_gph_20201012T133000_Vv8010_001.h5
2020-10-13,2020-10-13 13:28:55+00:00,8.748,-75.878,0.32284483313560486,0.28395798802375793,0.7721800208091736,0.679139256477356,297.7730407714844,24.623040771484398,SMAP_L4_SM_gph_20201013T133000_Vv8010_001.h5
2020-10-14,2020-10-14 13:28:55+00:00,8.748,-75.878,0.31179079413414,0.28344112634658813,0.7456854581832886,0.6779178380966187,297.12841796875,23.978417968750023,SMAP_L4_SM_gph_20201014T133000_Vv8010_001.h5
2020-10-15,2020-10-15 13:28:55+00:00,8.748,-75.878,0.3035244941711426,0.2812845706939697,0.7260600328445435,0.6728231310844421,297.9637145996094,24.813714599609398,SMAP_L4_SM_gph_20201015T133000_Vv8010_001.h5
2020-10-16,2020-10-16 13:28:55+00:00,8.748,-75.878,0.2897360622882843,0.2788681387901306,0.6929757595062256,0.6667847037315369,298.2574462890625,25.107446289062523,SMAP_L4_SM_gph_20201016T133000_Vv8010_001.h5
2020-10-17,2020-10-17 13:28:55+00:00,8.748,-75.878,0.3000302016735077,0.2783032953739166,0.7177136540412903,0.6656088829040527,298.73834228515625,25.588342285156273,SMAP_L4_SM_gph_20201017T133000_Vv8010_001.h5
2020-10-18,2020-10-18 13:28:55+00:00,8.748,-75.878,0.3037138879299164,0.2782582640647888,0.7263949513435364,0.6654915809631348,297.93121337890625,24.781213378906273,SMAP_L4_SM_gph_20201018T133000_Vv8010_001.h5
2020-10-19,2020-10-19 13:28:55+00:00,8.748,-75.878,0.29899677634239197,0.27720052003860474,0.7150800228118896,0.6631565690040588,297.5327453613281,24.382745361328148,SMAP_L4_SM_gph_20201019T133000_Vv8010_001.h5
2020-10-20,2020-10-20 13:28:55+00:00,8.748,-75.878,0.28853553533554077,0.2757970690727234,0.6899365186691284,0.659580647945404,297.1347961425781,23.984796142578148,SMAP_L4_SM_gph_20201020T133000_Vv8010_001.h5
2020-10-21,2020-10-21 13:28:55+00:00,8.748,-75.878,0.28775590658187866,0.2745630443096161,0.6883080005645752,0.6568605303764343,297.49932861328125,24.349328613281273,SMAP_L4_SM_gph_20201021T133000_Vv8010_001.h5
2020-10-22,2020-10-22 13:28:55+00:00,8.748,-75.878,0.27742692828178406,0.2723749876022339,0.6636239886283875,0.6515133380889893,297.7953186035156,24.645318603515648,SMAP_L4_SM_gph_20201022T133000_Vv8010_001.h5
2020-10-23,2020-10-23 13:28:55+00:00,8.748,-75.878,0.3018147051334381,0.27365654706954956,0.721795916557312,0.6546015739440918,297.99566650390625,24.845666503906273,SMAP_L4_SM_gph_20201023T133000_Vv8010_001.h5
2020-10-24,2020-10-24 13:28:55+00:00,8.748,-75.878,0.3115573227405548,0.2756890654563904,0.7453215718269348,0.6593731045722961,297.5184020996094,24.368402099609398,SMAP_L4_SM_gph_20201024T133000_Vv8010_001.h5
2020-10-25,2020-10-25 13:28:55+00:00,8.748,-75.878,0.29355189204216003,0.2739209532737732,0.7022107839584351,0.6553130745887756,296.8288879394531,23.678887939453148,SMAP_L4_SM_gph_20201025T133000_Vv8010_001.h5
2020-10-26,2020-10-26 13:28:55+00:00,8.748,-75.878,0.2753003239631653,0.27090325951576233,0.6582739949226379,0.6480774879455566,297.67718505859375,24.527185058593773,SMAP_L4_SM_gph_20201026T133000_Vv8010_001.h5
2020-10-27,2020-10-27 13:28:55+00:00,8.748,-75.878,0.27349454164505005,0.26940733194351196,0.6540378332138062,0.6443344950675964,298.18939208984375,25.039392089843773,SMAP_L4_SM_gph_20201027T133000_Vv8010_001.h5
2020-10-28,2020-10-28 13:28:55+00:00,8.748,-75.878,0.2728788256645202,0.2680774331092834,0.6528114080429077,0.6412677764892578,298.12921142578125,24.97921142578128,SMAP_L4_SM_gph_20201028T133000_Vv8010_001.h5
2020-10-29,2020-10-29 13:28:55+00:00,8.748,-75.878,0.2849600911140442,0.268292099237442,0.6817471981048584,0.641753077507019,297.47808837890625,24.32808837890628,SMAP_L4_SM_gph_20201029T133000_Vv8010_001.h5
2020-10-30,2020-10-30 13:28:55+00:00,8.748,-75.878,0.2722088396549225,0.2661108672618866,0.6511474251747131,0.6364237070083618,297.54840087890625,24.39840087890628,SMAP_L4_SM_gph_20201030T133000_Vv8010_001.h5
2020-10-31,2020-10-31 13:28:55+00:00,8.748,-75.878,0.2874352931976318,0.2656634449958801,0.6874129176139832,0.6354798078536987,297.18194580078125,24.03194580078128,SMAP_L4_SM_gph_20201031T133000_Vv8010_001.h5
2020-11-01,2020-11-01 13:28:55+00:00,8.748,-75.878,0.3050905168056488,0.2700657248497009,0.7296416163444519,0.6457537412643433,297.2396240234375,24.089624023437523,SMAP_L4_SM_gph_20201101T133000_Vv8010_001.h5
2020-11-02,2020-11-02 13:28:55+00:00,8.748,-75.878,0.2897041440010071,0.2681143879890442,0.6931273341178894,0.6411198377609253,297.0800170898437,23.930017089843773,SMAP_L4_SM_gph_20201102T133000_Vv8010_001.h5
2020-11-03,2020-11-03 13:28:55+00:00,8.748,-75.878,0.2728419899940491,0.265309065580368,0.6524512767791748,0.6347044706344604,297.2215270996094,24.0715270996094,SMAP_L4_SM_gph_20201103T133000_Vv8010_001.h5
2020-11-04,2020-11-04 13:28:55+00:00,8.748,-75.878,0.2747032642364502,0.2633799016475677,0.6569729447364807,0.6299577355384827,297.3621826171875,24.212182617187523,SMAP_L4_SM_gph_20201104T133000_Vv8010_001.h5
2020-11-05,2020-11-05 13:28:55+00:00,8.748,-75.878,0.2649111151695251,0.261136919260025,0.6335069537162781,0.6246380805969238,297.5199279785156,24.369927978515648,SMAP_L4_SM_gph_20201105T133000_Vv8010_001.h5
2020-11-06,2020-11-06 13:28:55+00:00,8.748,-75.878,0.2634114325046539,0.2594889998435974,0.6301460862159729,0.6204761266708374,297.14947509765625,23.99947509765628,SMAP_L4_SM_gph_20201106T133000_Vv8010_001.h5
2020-11-07,2020-11-07 13:28:55+00:00,8.748,-75.878,0.2397030591964721,0.2567671239376068,0.5732982158660889,0.6142780184745789,296.6351013183594,23.4851013183594,SMAP_L4_SM_gph_20201107T133000_Vv8010_001.h5
2020-11-08,2020-11-08 13:28:55+00:00,8.748,-75.878,0.2545159161090851,0.2556985914707184,0.6086785197257996,0.6117680072784424,297.2398986816406,24.089898681640648,SMAP_L4_SM_gph_20201108T133000_Vv8010_001.h5
2020-11-09,2020-11-09 13:28:55+00:00,8.748,-75.878,0.2501826882362366,0.254532516002655,0.5984249114990234,0.6088836789131165,297.2086486816406,24.058648681640648,SMAP_L4_SM_gph_20201109T133000_Vv8010_001.h5
2020-11-10,2020-11-10 13:28:55+00:00,8.748,-75.878,0.3368522524833679,0.2660169303417206,0.8057472109794617,0.6361790299415588,296.7122497558594,23.5622497558594,SMAP_L4_SM_gph_20201110T133000_Vv8010_001.h5
2020-11-11,2020-11-11 13:28:55+00:00,8.748,-75.878,0.301326721906662,0.2661489248275757,0.7206883430480957,0.6364489197731018,296.3686218261719,23.218621826171898,SMAP_L4_SM_gph_20201111T133000_Vv8010_001.h5
2020-11-12,2020-11-12 13:28:55+00:00,8.748,-75.878,0.2936877310276031,0.2679100930690765,0.7025277018547058,0.6409056782722473,296.91046142578125,23.76046142578128,SMAP_L4_SM_gph_20201112T133000_Vv8010_001.h5
2020-11-13,2020-11-13 13:28:55+00:00,8.748,-75.878,0.2649913430213928,0.262830376625061,0.6336877346038818,0.6285039782524109,296.94659423828125,23.79659423828128,SMAP_L4_SM_gph_20201113T133000_Vv8010_001.h5
2020-11-14,2020-11-14 13:28:55+00:00,8.748,-75.878,0.2687166333198547,0.26084965467453,0.6425447463989258,0.6236968040466309,296.7707824707031,23.620782470703148,SMAP_L4_SM_gph_20201114T133000_Vv8010_001.h5
2020-11-15,2020-11-15 13:28:55+00:00,8.748,-75.878,0.2699196934700012,0.2591980695724487,0.6455684304237366,0.6201101541519165,296.3577880859375,23.207788085937523,SMAP_L4_SM_gph_20201115T133000_Vv8010_001.h5
2020-11-16,2020-11-16 13:28:55+00:00,8.748,-75.878,0.2605941891670227,0.2576132118701935,0.6233364939689636,0.6162092089653015,296.44610595703125,23.29610595703128,SMAP_L4_SM_gph_20201116T133000_Vv8010_001.h5
2020-11-17,2020-11-17 13:28:55+00:00,8.748,-75.878,0.28060382604599,0.258508563041687,0.6710278391838074,0.6182689070701599,296.8612365722656,23.711236572265648,SMAP_L4_SM_gph_20201117T133000_Vv8010_001.h5
2020-11-18,2020-11-18 13:28:55+00:00,8.748,-75.878,0.3101539611816406,0.2731055021286011,0.7418751120567322,0.6530468463897705,297.1683959960937,24.018395996093773,SMAP_L4_SM_gph_20201118T133000_Vv8010_001.h5
2020-11-19,2020-11-19 13:28:55+00:00,8.748,-75.878,0.30281463265419,0.2764231860637665,0.724298894405365,0.6611602306365967,297.18603515625,24.036035156250023,SMAP_L4_SM_gph_20201119T133000_Vv8010_001.h5
2020-11-20,2020-11-20 13:28:55+00:00,8.748,-75.878,0.2942447066307068,0.2698615193367004,0.7036328911781311,0.6452957987785339,297.4584045410156,24.308404541015648,SMAP_L4_SM_gph_20201120T133000_Vv8010_001.h5
2020-11-21,2020-11-21 13:28:55+00:00,8.748,-75.878,0.2779886722564697,0.2666814625263214,0.6647741794586182,0.6377113461494446,296.8037414550781,23.653741455078148,SMAP_L4_SM_gph_20201121T133000_Vv8010_001.h5
2020-11-22,2020-11-22 13:28:55+00:00,8.748,-75.878,0.26890629529953,0.2646631300449371,0.6430661082267761,0.6329765319824219,297.23260498046875,24.082604980468773,SMAP_L4_SM_gph_20201122T133000_Vv8010_001.h5
2020-11-23,2020-11-23 13:28:55+00:00,8.748,-75.878,0.264155775308609,0.2621988356113434,0.6316022276878357,0.6270575523376465,297.82440185546875,24.674401855468773,SMAP_L4_SM_gph_20201123T133000_Vv8010_001.h5
2020-11-24,2020-11-24 13:28:55+00:00,8.748,-75.878,0.2570614516735077,0.2600658237934112,0.6148543357849121,0.621853768825531,298.1847229003906,25.034722900390648,SMAP_L4_SM_gph_20201124T133000_Vv8010_001.h5
2020-11-25,2020-11-25 13:28:55+00:00,8.748,-75.878,0.2590944468975067,0.2588427662849426,0.6196185350418091,0.6191621422767639,298.31024169921875,25.160241699218773,SMAP_L4_SM_gph_20201125T133000_Vv8010_001.h5
2020-11-26,2020-11-26 13:28:55+00:00,8.748,-75.878,0.2524172961711883,0.2568602859973907,0.6038072109222412,0.6144469380378723,297.8070983886719,24.657098388671898,SMAP_L4_SM_gph_20201126T133000_Vv8010_001.h5
2020-11-27,2020-11-27 13:28:55+00:00,8.748,-75.878,0.2484556585550308,0.2553963363170624,0.594357430934906,0.6110313534736633,297.54962158203125,24.39962158203128,SMAP_L4_SM_gph_20201127T133000_Vv8010_001.h5
2020-11-28,2020-11-28 13:28:55+00:00,8.748,-75.878,0.2624985575675964,0.2549782395362854,0.6280357241630554,0.6099197268486023,297.3680419921875,24.218041992187523,SMAP_L4_SM_gph_20201128T133000_Vv8010_001.h5
2020-11-29,2020-11-29 13:28:55+00:00,8.748,-75.878,0.3054228127002716,0.2624745368957519,0.7306398153305054,0.6278721690177917,297.99609375,24.846093750000023,SMAP_L4_SM_gph_20201129T133000_Vv8010_001.h5
2020-11-30,2020-11-30 13:28:55+00:00,8.748,-75.878,0.2919074892997741,0.2616578340530395,0.6981878280639648,0.6257733106613159,297.5781555175781,24.428155517578148,SMAP_L4_SM_gph_20201130T133000_Vv8010_001.h5
2020-12-01,2020-12-01 13:28:55+00:00,8.748,-75.878,0.3006356954574585,0.2655054628849029,0.7190238833427429,0.6349717974662781,297.5312805175781,24.381280517578148,SMAP_L4_SM_gph_20201201T133000_Vv8010_001.h5
2020-12-02,2020-12-02 13:28:55+00:00,8.748,-75.878,0.2937318384647369,0.2639347612857818,0.7026299238204956,0.6312779188156128,297.24859619140625,24.09859619140628,SMAP_L4_SM_gph_20201202T133000_Vv8010_001.h5
2020-12-03,2020-12-03 13:28:55+00:00,8.748,-75.878,0.2984789609909057,0.263945072889328,0.7137508392333984,0.6315488815307617,297.0781555175781,23.928155517578148,SMAP_L4_SM_gph_20201203T133000_Vv8010_001.h5
2020-12-04,2020-12-04 13:28:55+00:00,8.748,-75.878,0.2793585658073425,0.2613332271575928,0.6680320501327515,0.6250754594802856,297.473388671875,24.323388671875023,SMAP_L4_SM_gph_20201204T133000_Vv8010_001.h5
2020-12-05,2020-12-05 13:28:55+00:00,8.748,-75.878,0.2615000605583191,0.2581788003444671,0.6252503991127014,0.6173136234283447,297.6965637207031,24.546563720703148,SMAP_L4_SM_gph_20201205T133000_Vv8010_001.h5
2020-12-06,2020-12-06 13:28:55+00:00,8.748,-75.878,0.2462421953678131,0.255042165517807,0.5890525579452515,0.6098420023918152,297.5702514648437,24.420251464843773,SMAP_L4_SM_gph_20201206T133000_Vv8010_001.h5
2020-12-07,2020-12-07 13:28:55+00:00,8.748,-75.878,0.2479202002286911,0.25363290309906,0.593075156211853,0.6064950823783875,297.5070495605469,24.357049560546898,SMAP_L4_SM_gph_20201207T133000_Vv8010_001.h5
2020-12-08,2020-12-08 13:28:55+00:00,8.748,-75.878,0.2641306817531585,0.2536132335662842,0.6318958401679993,0.6064438223838806,297.9025573730469,24.752557373046898,SMAP_L4_SM_gph_20201208T133000_Vv8010_001.h5
2020-12-09,2020-12-09 13:28:55+00:00,8.748,-75.878,0.2424973994493484,0.2506862878799438,0.5800908207893372,0.5996149182319641,298.21075439453125,25.06075439453128,SMAP_L4_SM_gph_20201209T133000_Vv8010_001.h5
2020-12-10,2020-12-10 13:28:55+00:00,8.748,-75.878,0.2447400093078613,0.2494830787181854,0.5853025913238525,0.5967310070991516,297.8330993652344,24.6830993652344,SMAP_L4_SM_gph_20201210T133000_Vv8010_001.h5
2020-12-11,2020-12-11 13:28:55+00:00,8.748,-75.878,0.242569014430046,0.2480233758687973,0.5802990794181824,0.5931675434112549,297.91705322265625,24.76705322265628,SMAP_L4_SM_gph_20201211T133000_Vv8010_001.h5
2020-12-12,2020-12-12 13:28:55+00:00,8.748,-75.878,0.2331859320402145,0.2459357231855392,0.5577244758605957,0.5882522463798523,297.8888244628906,24.738824462890648,SMAP_L4_SM_gph_20201212T133000_Vv8010_001.h5
2020-12-13,2020-12-13 13:28:55+00:00,8.748,-75.878,0.2287148386240005,0.2440141439437866,0.5470892190933228,0.583536684513092,297.51324462890625,24.36324462890628,SMAP_L4_SM_gph_20201213T133000_Vv8010_001.h5
2020-12-14,2020-12-14 13:28:55+00:00,8.748,-75.878,0.2173871546983719,0.2414129227399826,0.5199292302131653,0.5774938464164734,297.99267578125,24.842675781250023,SMAP_L4_SM_gph_20201214T133000_Vv8010_001.h5
2020-12-15,2020-12-15 13:28:55+00:00,8.748,-75.878,0.2138741612434387,0.239103689789772,0.511526346206665,0.5719050765037537,297.5406494140625,24.390649414062523,SMAP_L4_SM_gph_20201215T133000_Vv8010_001.h5
2020-12-16,2020-12-16 13:28:55+00:00,8.748,-75.878,0.2166763991117477,0.2375985085964203,0.5183749198913574,0.568138062953949,297.49578857421875,24.345788574218773,SMAP_L4_SM_gph_20201216T133000_Vv8010_001.h5
2020-12-17,2020-12-17 13:28:55+00:00,8.748,-75.878,0.1962512135505676,0.2340750694274902,0.4693365097045898,0.5598803758621216,297.42413330078125,24.27413330078128,SMAP_L4_SM_gph_20201217T133000_Vv8010_001.h5
2020-12-18,2020-12-18 13:28:55+00:00,8.748,-75.878,0.2013595700263977,0.2327895015478134,0.4816929996013641,0.556855320930481,297.780517578125,24.630517578125023,SMAP_L4_SM_gph_20201218T133000_Vv8010_001.h5
2020-12-19,2020-12-19 13:28:55+00:00,8.748,-75.878,0.2053527534008026,0.2314492315053939,0.4910820722579956,0.5536026954650879,297.6229858398437,24.472985839843773,SMAP_L4_SM_gph_20201219T133000_Vv8010_001.h5
2020-12-20,2020-12-20 13:28:55+00:00,8.748,-75.878,0.1940884590148925,0.2291308492422104,0.4641826450824737,0.5481488108634949,297.362060546875,24.212060546875023,SMAP_L4_SM_gph_20201220T133000_Vv8010_001.h5
2020-12-21,2020-12-21 13:28:55+00:00,8.748,-75.878,0.2030285447835922,0.2279136925935745,0.4855339825153351,0.5450693964958191,297.4811096191406,24.331109619140648,SMAP_L4_SM_gph_20201221T133000_Vv8010_001.h5
2020-12-22,2020-12-22 13:28:55+00:00,8.748,-75.878,0.1819708496332168,0.2247053533792495,0.4352900385856628,0.5375702977180481,298.020263671875,24.870263671875023,SMAP_L4_SM_gph_20201222T133000_Vv8010_001.h5
2020-12-23,2020-12-23 13:28:55+00:00,8.748,-75.878,0.1848413348197937,0.2229471057653427,0.4420624077320099,0.5332804918289185,298.5534973144531,25.403497314453148,SMAP_L4_SM_gph_20201223T133000_Vv8010_001.h5
2020-12-24,2020-12-24 13:28:55+00:00,8.748,-75.878,0.1900587081909179,0.2216668874025344,0.454601526260376,0.5302698612213135,298.15777587890625,25.00777587890628,SMAP_L4_SM_gph_20201224T133000_Vv8010_001.h5
2020-12-25,2020-12-25 13:28:55+00:00,8.748,-75.878,0.1856718212366104,0.2198332548141479,0.4440552294254303,0.5257943272590637,298.2746276855469,25.124627685546898,SMAP_L4_SM_gph_20201225T133000_Vv8010_001.h5
2020-12-26,2020-12-26 13:28:55+00:00,8.748,-75.878,0.1980381160974502,0.2191994190216064,0.4736637771129608,0.5241832733154297,297.8251953125,24.675195312500023,SMAP_L4_SM_gph_20201226T133000_Vv8010_001.h5
2020-12-27,2020-12-27 13:28:55+00:00,8.748,-75.878,0.1930004507303238,0.2176880538463592,0.4615633487701416,0.520643949508667,297.5611572265625,24.411157226562523,SMAP_L4_SM_gph_20201227T133000_Vv8010_001.h5
2020-12-28,2020-12-28 13:28:55+00:00,8.748,-75.878,0.1720410138368606,0.2147836089134216,0.4114865064620971,0.5136297345161438,296.64483642578125,23.49483642578128,SMAP_L4_SM_gph_20201228T133000_Vv8010_001.h5
2020-12-29,2020-12-29 13:28:55+00:00,8.748,-75.878,0.1771873980760574,0.2135480046272277,0.4238002002239227,0.5107355117797852,296.94744873046875,23.797448730468773,SMAP_L4_SM_gph_20201229T133000_Vv8010_001.h5
2020-12-30,2020-12-30 13:28:55+00:00,8.748,-75.878,0.1714708805084228,0.2115822434425354,0.4100850820541382,0.5061485767364502,296.940673828125,23.790673828125023,SMAP_L4_SM_gph_20201230T133000_Vv8010_001.h5
2020-12-31,2020-12-31 13:28:55+00:00,8.748,-75.878,0.1725631803274154,0.210123062133789,0.4127071797847748,0.5024909377098083,296.9775390625,23.827539062500023,SMAP_L4_SM_gph_20201231T133000_Vv8010_001.h5
2021-01-01,2021-01-01 13:28:55+00:00,8.748,-75.878,0.1745400726795196,0.2086274027824401,0.4174462854862213,0.4989456236362457,297.0445556640625,23.894555664062523,SMAP_L4_SM_gph_20210101T133000_Vv8010_001.h5
2021-01-02,2021-01-02 13:28:55+00:00,8.748,-75.878,0.163357675075531,0.2062743455171585,0.3907460868358612,0.4934486746788025,297.4059143066406,24.255914306640648,SMAP_L4_SM_gph_20210102T133000_Vv8010_001.h5
2021-01-03,2021-01-03 13:28:55+00:00,8.748,-75.878,0.1628642976284027,0.2046443223953247,0.3896129727363586,0.4893926084041595,297.6248474121094,24.4748474121094,SMAP_L4_SM_gph_20210103T133000_Vv8010_001.h5
2021-01-04,2021-01-04 13:28:55+00:00,8.748,-75.878,0.1654362380504608,0.2032360285520553,0.3956327140331268,0.4860849976539612,297.63922119140625,24.48922119140628,SMAP_L4_SM_gph_20210104T133000_Vv8010_001.h5
2021-01-05,2021-01-05 13:28:55+00:00,8.748,-75.878,0.1546619832515716,0.2017531096935272,0.3699999153614044,0.4825349450111389,296.6200256347656,23.470025634765648,SMAP_L4_SM_gph_20210105T133000_Vv8010_001.h5
2021-01-06,2021-01-06 13:28:55+00:00,8.748,-75.878,0.1566546857357025,0.2001542448997497,0.3746646046638489,0.4787570536136627,296.8055114746094,23.6555114746094,SMAP_L4_SM_gph_20210106T133000_Vv8010_001.h5
2021-01-07,2021-01-07 13:28:55+00:00,8.748,-75.878,0.1527605801820755,0.1983797997236251,0.3653788268566131,0.4745103716850281,296.8551940917969,23.705194091796898,SMAP_L4_SM_gph_20210107T133000_Vv8010_001.h5
2021-01-08,2021-01-08 13:28:55+00:00,8.748,-75.878,0.1518941968679428,0.197003424167633,0.3634032309055328,0.471211314201355,297.49041748046875,24.340417480468773,SMAP_L4_SM_gph_20210108T133000_Vv8010_001.h5
2021-01-09,2021-01-09 13:28:55+00:00,8.748,-75.878,0.2384246587753296,0.2033967673778534,0.5702193379402161,0.4865148663520813,297.2620544433594,24.1120544433594,SMAP_L4_SM_gph_20210109T133000_Vv8010_001.h5
2021-01-10,2021-01-10 13:28:55+00:00,8.748,-75.878,0.2309876680374145,0.2045357823371887,0.5523592829704285,0.4891093075275421,297.517333984375,24.367333984375023,SMAP_L4_SM_gph_20210110T133000_Vv8010_001.h5
2021-01-11,2021-01-11 13:28:55+00:00,8.748,-75.878,0.2229433357715606,0.203118234872818,0.5332460999488831,0.4857776463031769,297.9334716796875,24.783471679687523,SMAP_L4_SM_gph_20210111T133000_Vv8010_001.h5
2021-01-12,2021-01-12 13:28:55+00:00,8.748,-75.878,0.2182312607765197,0.2019259929656982,0.5218636989593506,0.4830813705921173,298.0107727050781,24.860772705078148,SMAP_L4_SM_gph_20210112T133000_Vv8010_001.h5
2021-01-13,2021-01-13 13:28:55+00:00,8.748,-75.878,0.1929726600646972,0.1988962143659591,0.4615991711616516,0.4757774174213409,297.89044189453125,24.74044189453128,SMAP_L4_SM_gph_20210113T133000_Vv8010_001.h5
2021-01-14,2021-01-14 13:28:55+00:00,8.748,-75.878,0.1836330294609069,0.1968363970518112,0.4391841888427734,0.47081258893013,297.832763671875,24.682763671875023,SMAP_L4_SM_gph_20210114T133000_Vv8010_001.h5
2021-01-15,2021-01-15 13:28:55+00:00,8.748,-75.878,0.1653284877538681,0.1943575739860534,0.3953673541545868,0.4647707045078277,297.78582763671875,24.635827636718773,SMAP_L4_SM_gph_20210115T133000_Vv8010_001.h5
2021-01-16,2021-01-16 13:28:55+00:00,8.748,-75.878,0.1690438687801361,0.193465381860733,0.4042885303497314,0.462634414434433,297.7645568847656,24.614556884765648,SMAP_L4_SM_gph_20210116T133000_Vv8010_001.h5
2021-01-17,2021-01-17 13:28:55+00:00,8.748,-75.878,0.1655091345310211,0.1924861222505569,0.3957856595516205,0.4603079259395599,297.6867370605469,24.536737060546898,SMAP_L4_SM_gph_20210117T133000_Vv8010_001.h5
2021-01-18,2021-01-18 13:28:55+00:00,8.748,-75.878,0.1628061383962631,0.1908485293388366,0.389457494020462,0.4565135836601257,297.9035339355469,24.753533935546898,SMAP_L4_SM_gph_20210118T133000_Vv8010_001.h5
2021-01-19,2021-01-19 13:28:55+00:00,8.748,-75.878,0.1602516323328018,0.1898390799760818,0.3832798302173614,0.4541085958480835,297.5975952148437,24.447595214843773,SMAP_L4_SM_gph_20210119T133000_Vv8010_001.h5
2021-01-20,2021-01-20 13:28:55+00:00,8.748,-75.878,0.1513914316892624,0.1879904866218567,0.3620760142803192,0.4495461583137512,297.4862670898437,24.336267089843773,SMAP_L4_SM_gph_20210120T133000_Vv8010_001.h5
2021-01-21,2021-01-21 13:28:55+00:00,8.748,-75.878,0.1478404551744461,0.1863523125648498,0.3536213934421539,0.4456766545772552,297.72955322265625,24.57955322265628,SMAP_L4_SM_gph_20210121T133000_Vv8010_001.h5
2021-01-22,2021-01-22 13:28:55+00:00,8.748,-75.878,0.1422114968299865,0.1850048452615738,0.340169757604599,0.4425274431705475,297.896240234375,24.746240234375023,SMAP_L4_SM_gph_20210122T133000_Vv8010_001.h5
2021-01-23,2021-01-23 13:28:55+00:00,8.748,-75.878,0.1369780749082565,0.1836545467376709,0.3277262449264526,0.4391637444496155,297.89910888671875,24.749108886718773,SMAP_L4_SM_gph_20210123T133000_Vv8010_001.h5
2021-01-24,2021-01-24 13:28:55+00:00,8.748,-75.878,0.1356665045022964,0.182717353105545,0.3244456648826599,0.4370069205760956,297.8857727050781,24.735772705078148,SMAP_L4_SM_gph_20210124T133000_Vv8010_001.h5
2021-01-25,2021-01-25 13:28:55+00:00,8.748,-75.878,0.1339518874883651,0.1816955804824829,0.3204003870487213,0.4345367848873138,298.2320251464844,25.0820251464844,SMAP_L4_SM_gph_20210125T133000_Vv8010_001.h5
2021-01-26,2021-01-26 13:28:55+00:00,8.748,-75.878,0.1314830929040908,0.1805920749902725,0.3145407736301422,0.4319743812084198,298.27130126953125,25.12130126953128,SMAP_L4_SM_gph_20210126T133000_Vv8010_001.h5
2021-01-27,2021-01-27 13:28:55+00:00,8.748,-75.878,0.1285597532987594,0.1793067157268524,0.3075421452522278,0.4289583563804626,298.4931030273437,25.343103027343773,SMAP_L4_SM_gph_20210127T133000_Vv8010_001.h5
2021-01-28,2021-01-28 13:28:55+00:00,8.748,-75.878,0.1278119385242462,0.1782094985246658,0.3057511448860168,0.4262382984161377,298.6653747558594,25.5153747558594,SMAP_L4_SM_gph_20210128T133000_Vv8010_001.h5
2021-01-29,2021-01-29 13:28:55+00:00,8.748,-75.878,0.1197264045476913,0.176952064037323,0.2863382697105407,0.4232122004032135,298.2538452148437,25.103845214843773,SMAP_L4_SM_gph_20210129T133000_Vv8010_001.h5
2021-01-30,2021-01-30 13:28:55+00:00,8.748,-75.878,0.117402546107769,0.1757698655128479,0.2807945609092712,0.4203914105892181,297.8751220703125,24.725122070312523,SMAP_L4_SM_gph_20210130T133000_Vv8010_001.h5
2021-01-31,2021-01-31 13:28:55+00:00,8.748,-75.878,0.1147584542632103,0.1744958609342575,0.2745152115821838,0.4173600971698761,297.72686767578125,24.57686767578128,SMAP_L4_SM_gph_20210131T133000_Vv8010_001.h5
2021-02-01,2021-02-01 13:28:55+00:00,8.748,-75.878,0.1159602105617523,0.1735380142927169,0.2773827016353607,0.4150519371032715,298.19073486328125,25.04073486328128,SMAP_L4_SM_gph_20210201T133000_Vv8010_001.h5
2021-02-02,2021-02-02 13:28:55+00:00,8.748,-75.878,0.1164760887622833,0.1729655712842941,0.2785582244396209,0.4136863648891449,299.0751037597656,25.925103759765648,SMAP_L4_SM_gph_20210202T133000_Vv8010_001.h5
2021-02-03,2021-02-03 13:28:55+00:00,8.748,-75.878,0.1129782050848007,0.1722751557826995,0.2702172398567199,0.4120874404907226,298.4316711425781,25.281671142578148,SMAP_L4_SM_gph_20210203T133000_Vv8010_001.h5
2021-02-04,2021-02-04 13:28:55+00:00,8.748,-75.878,0.1137846335768699,0.1715731471776962,0.2720766961574554,0.4103824496269226,298.0284423828125,24.878442382812523,SMAP_L4_SM_gph_20210204T133000_Vv8010_001.h5
2021-02-05,2021-02-05 13:28:55+00:00,8.748,-75.878,0.1154000461101532,0.1709604561328888,0.2760356068611145,0.4087892770767212,298.6591796875,25.509179687500023,SMAP_L4_SM_gph_20210205T133000_Vv8010_001.h5
2021-02-06,2021-02-06 13:28:55+00:00,8.748,-75.878,0.1100744158029556,0.1700919866561889,0.263290673494339,0.4068463444709778,298.3141174316406,25.164117431640648,SMAP_L4_SM_gph_20210206T133000_Vv8010_001.h5
2021-02-07,2021-02-07 13:28:55+00:00,8.748,-75.878,0.1087673678994178,0.1691816598176956,0.2601530849933624,0.4046626687049866,299.2361755371094,26.0861755371094,SMAP_L4_SM_gph_20210207T133000_Vv8010_001.h5
2021-02-08,2021-02-08 13:28:55+00:00,8.748,-75.878,0.1140652894973754,0.1687105596065521,0.2728903591632843,0.40340256690979,299.1150207519531,25.965020751953148,SMAP_L4_SM_gph_20210208T133000_Vv8010_001.h5
2021-02-09,2021-02-09 13:28:55+00:00,8.748,-75.878,0.1151745244860649,0.1680592745542526,0.2754576802253723,0.4019149839878082,298.7564697265625,25.606469726562523,SMAP_L4_SM_gph_20210209T133000_Vv8010_001.h5
2021-02-10,2021-02-10 13:28:55+00:00,8.748,-75.878,0.1311222463846206,0.1683903336524963,0.3135972619056701,0.4027995765209198,298.2716979980469,25.121697998046898,SMAP_L4_SM_gph_20210210T133000_Vv8010_001.h5
2021-02-11,2021-02-11 13:28:55+00:00,8.748,-75.878,0.1220083907246589,0.1674752682447433,0.2917855381965637,0.4006411433219909,298.282958984375,25.132958984375023,SMAP_L4_SM_gph_20210211T133000_Vv8010_001.h5
2021-02-12,2021-02-12 13:28:55+00:00,8.748,-75.878,0.1181091740727424,0.1666096448898315,0.2824430167675018,0.3984902799129486,298.3382568359375,25.188256835937523,SMAP_L4_SM_gph_20210212T133000_Vv8010_001.h5
2021-02-13,2021-02-13 13:28:55+00:00,8.748,-75.878,0.1176241338253021,0.1659859716892242,0.2813387513160705,0.3970747888088226,298.14324951171875,24.993249511718773,SMAP_L4_SM_gph_20210213T133000_Vv8010_001.h5
2021-02-14,2021-02-14 13:28:55+00:00,8.748,-75.878,0.1072323620319366,0.1650276780128479,0.2565048336982727,0.3947282135486603,298.70416259765625,25.55416259765628,SMAP_L4_SM_gph_20210214T133000_Vv8010_001.h5
2021-02-15,2021-02-15 13:28:55+00:00,8.748,-75.878,0.1139665469527244,0.1649027019739151,0.2725912630558014,0.3943168818950653,298.61456298828125,25.46456298828128,SMAP_L4_SM_gph_20210215T133000_Vv8010_001.h5
2021-02-16,2021-02-16 13:28:55+00:00,8.748,-75.878,0.1245242282748222,0.1649706661701202,0.2978909313678741,0.3946165740489959,299.04913330078125,25.89913330078128,SMAP_L4_SM_gph_20210216T133000_Vv8010_001.h5
2021-02-17,2021-02-17 13:28:55+00:00,8.748,-75.878,0.1467270851135254,0.165893405675888,0.3509217202663421,0.3967580497264862,298.42657470703125,25.27657470703128,SMAP_L4_SM_gph_20210217T133000_Vv8010_001.h5
2021-02-18,2021-02-18 13:28:55+00:00,8.748,-75.878,0.1631249189376831,0.1668542772531509,0.3901175856590271,0.3991109728813171,297.900146484375,24.750146484375023,SMAP_L4_SM_gph_20210218T133000_Vv8010_001.h5
2021-02-19,2021-02-19 13:28:55+00:00,8.748,-75.878,0.1372696161270141,0.1651370674371719,0.3283857703208923,0.3950237333774566,298.2964782714844,25.1464782714844,SMAP_L4_SM_gph_20210219T133000_Vv8010_001.h5
2021-02-20,2021-02-20 13:28:55+00:00,8.748,-75.878,0.1519910097122192,0.165953442454338,0.3635072112083435,0.3969146609306335,297.9755249023437,24.825524902343773,SMAP_L4_SM_gph_20210220T133000_Vv8010_001.h5
2021-02-21,2021-02-21 13:28:55+00:00,8.748,-75.878,0.1766626387834549,0.1705091148614883,0.4224744737148285,0.4078436195850372,298.185546875,25.035546875000023,SMAP_L4_SM_gph_20210221T133000_Vv8010_001.h5
2021-02-22,2021-02-22 13:28:55+00:00,8.748,-75.878,0.1382026672363281,0.1662187874317169,0.3305472731590271,0.397580474615097,297.9497375488281,24.799737548828148,SMAP_L4_SM_gph_20210222T133000_Vv8010_001.h5
2021-02-23,2021-02-23 13:28:55+00:00,8.748,-75.878,0.1279444992542266,0.1648605465888977,0.30604287981987,0.3943661749362945,298.3902587890625,25.240258789062523,SMAP_L4_SM_gph_20210223T133000_Vv8010_001.h5
2021-02-24,2021-02-24 13:28:55+00:00,8.748,-75.878,0.1183469742536544,0.1636528223752975,0.2830466330051422,0.3913483023643493,298.60064697265625,25.45064697265628,SMAP_L4_SM_gph_20210224T133000_Vv8010_001.h5
2021-02-25,2021-02-25 13:28:55+00:00,8.748,-75.878,0.1177551373839378,0.1627356857061386,0.2815963625907898,0.389253169298172,299.07769775390625,25.92769775390628,SMAP_L4_SM_gph_20210225T133000_Vv8010_001.h5
2021-02-26,2021-02-26 13:28:55+00:00,8.748,-75.878,0.1202273964881897,0.1622783839702606,0.2875213921070099,0.3882139027118683,299.367919921875,26.217919921875023,SMAP_L4_SM_gph_20210226T133000_Vv8010_001.h5
2021-02-27,2021-02-27 13:28:55+00:00,8.748,-75.878,0.1073877438902854,0.1610374450683593,0.2568760514259338,0.3852687478065491,299.5579833984375,26.407983398437523,SMAP_L4_SM_gph_20210227T133000_Vv8010_001.h5
2021-02-28,2021-02-28 13:28:55+00:00,8.748,-75.878,0.104830577969551,0.1603257954120636,0.2507628500461578,0.3834918737411499,298.9981994628906,25.848199462890648,SMAP_L4_SM_gph_20210228T133000_Vv8010_001.h5
2021-03-01,2021-03-01 13:28:55+00:00,8.748,-75.878,0.0964279398322105,0.1591945588588714,0.2306276112794876,0.3808432519435882,298.63916015625,25.489160156250023,SMAP_L4_SM_gph_20210301T133000_Vv8010_001.h5
2021-03-02,2021-03-02 13:28:55+00:00,8.748,-75.878,0.0835651829838752,0.1578254401683807,0.1998645663261413,0.377515971660614,298.1078491210937,24.957849121093773,SMAP_L4_SM_gph_20210302T133000_Vv8010_001.h5
2021-03-03,2021-03-03 13:28:55+00:00,8.748,-75.878,0.0829024910926818,0.1572279781103134,0.1982778310775756,0.3760473728179931,298.1339111328125,24.983911132812523,SMAP_L4_SM_gph_20210303T133000_Vv8010_001.h5
2021-03-04,2021-03-04 13:28:55+00:00,8.748,-75.878,0.0927666500210762,0.1572492718696594,0.2218905687332153,0.3761029839515686,298.1318359375,24.981835937500023,SMAP_L4_SM_gph_20210304T133000_Vv8010_001.h5
2021-03-05,2021-03-05 13:28:55+00:00,8.748,-75.878,0.088044449687004,0.1564434319734573,0.2106123119592666,0.3741550147533417,298.4885559082031,25.338555908203148,SMAP_L4_SM_gph_20210305T133000_Vv8010_001.h5
2021-03-06,2021-03-06 13:28:55+00:00,8.748,-75.878,0.0859312191605568,0.1558369845151901,0.205496147274971,0.3726627826690674,298.84307861328125,25.69307861328128,SMAP_L4_SM_gph_20210306T133000_Vv8010_001.h5
2021-03-07,2021-03-07 13:28:55+00:00,8.748,-75.878,0.0850988924503326,0.1551681756973266,0.2035632580518722,0.3711201250553131,298.7243957519531,25.574395751953148,SMAP_L4_SM_gph_20210307T133000_Vv8010_001.h5
2021-03-08,2021-03-08 13:28:55+00:00,8.748,-75.878,0.1101456508040428,0.1563894301652908,0.2633743286132812,0.3740985691547394,298.9965209960937,25.846520996093773,SMAP_L4_SM_gph_20210308T133000_Vv8010_001.h5
2021-03-09,2021-03-09 13:28:55+00:00,8.748,-75.878,0.1530471295118332,0.1596981883049011,0.3660652935504913,0.3820293843746185,298.8404541015625,25.690454101562523,SMAP_L4_SM_gph_20210309T133000_Vv8010_001.h5
2021-03-10,2021-03-10 13:28:55+00:00,8.748,-75.878,0.1364441663026809,0.1573134362697601,0.3264000713825226,0.3762332201004028,299.07159423828125,25.92159423828128,SMAP_L4_SM_gph_20210310T133000_Vv8010_001.h5
2021-03-11,2021-03-11 13:28:55+00:00,8.748,-75.878,0.1384288966655731,0.1575791090726852,0.3310635685920715,0.3769100606441498,298.68829345703125,25.53829345703128,SMAP_L4_SM_gph_20210311T133000_Vv8010_001.h5
2021-03-12,2021-03-12 13:28:55+00:00,8.748,-75.878,0.1374456882476806,0.1579107642173767,0.3287371695041656,0.3777115941047668,298.4501953125,25.300195312500023,SMAP_L4_SM_gph_20210312T133000_Vv8010_001.h5
2021-03-13,2021-03-13 13:28:55+00:00,8.748,-75.878,0.1207332611083984,0.1567125022411346,0.2887468338012695,0.3748405277729034,298.24859619140625,25.09859619140628,SMAP_L4_SM_gph_20210313T133000_Vv8010_001.h5
2021-03-14,2021-03-14 13:28:55+00:00,8.748,-75.878,0.1111700981855392,0.1558299362659454,0.265852689743042,0.3726548552513122,298.07720947265625,24.92720947265628,SMAP_L4_SM_gph_20210314T133000_Vv8010_001.h5
2021-03-15,2021-03-15 13:28:55+00:00,8.748,-75.878,0.103396899998188,0.1548431068658828,0.2472774237394333,0.3703458309173584,298.3146057128906,25.164605712890648,SMAP_L4_SM_gph_20210315T133000_Vv8010_001.h5
2021-03-16,2021-03-16 13:28:55+00:00,8.748,-75.878,0.1570345610380172,0.1596962362527847,0.3755505084991455,0.3819022476673126,298.6716003417969,25.521600341796898,SMAP_L4_SM_gph_20210316T133000_Vv8010_001.h5
2021-03-17,2021-03-17 13:28:55+00:00,8.748,-75.878,0.1813634186983108,0.1623472422361374,0.4337516129016876,0.3884038925170898,298.2057189941406,25.055718994140648,SMAP_L4_SM_gph_20210317T133000_Vv8010_001.h5
2021-03-18,2021-03-18 13:28:55+00:00,8.748,-75.878,0.1874585151672363,0.1660880148410797,0.4483256638050079,0.3972018957138061,298.5379638671875,25.387963867187523,SMAP_L4_SM_gph_20210318T133000_Vv8010_001.h5
2021-03-19,2021-03-19 13:28:55+00:00,8.748,-75.878,0.1964849084615707,0.1766099780797958,0.46995410323143,0.4224105477333069,298.31988525390625,25.16988525390628,SMAP_L4_SM_gph_20210319T133000_Vv8010_001.h5
2021-03-20,2021-03-20 13:28:55+00:00,8.748,-75.878,0.1845526099205017,0.1734727919101715,0.4413118958473205,0.4149380028247833,297.85504150390625,24.70504150390628,SMAP_L4_SM_gph_20210320T133000_Vv8010_001.h5
2021-03-21,2021-03-21 13:28:55+00:00,8.748,-75.878,0.1686740219593048,0.1711315810680389,0.4034461677074432,0.4092656672000885,298.0667724609375,24.916772460937523,SMAP_L4_SM_gph_20210321T133000_Vv8010_001.h5
2021-03-22,2021-03-22 13:28:55+00:00,8.748,-75.878,0.1542925685644149,0.1690160483121872,0.3689926564693451,0.4042037725448608,298.59979248046875,25.449792480468773,SMAP_L4_SM_gph_20210322T133000_Vv8010_001.h5
2021-03-23,2021-03-23 13:28:55+00:00,8.748,-75.878,0.1638159304857254,0.1688614934682846,0.3918216228485107,0.4039488732814789,298.099365234375,24.949365234375023,SMAP_L4_SM_gph_20210323T133000_Vv8010_001.h5
2021-03-24,2021-03-24 13:28:55+00:00,8.748,-75.878,0.1483506709337234,0.1672182828187942,0.354800134897232,0.3999328017234802,298.335693359375,25.185693359375023,SMAP_L4_SM_gph_20210324T133000_Vv8010_001.h5
2021-03-25,2021-03-25 13:28:55+00:00,8.748,-75.878,0.1375064849853515,0.1659690141677856,0.3288573622703552,0.3968436121940613,298.53033447265625,25.38033447265628,SMAP_L4_SM_gph_20210325T133000_Vv8010_001.h5
2021-03-26,2021-03-26 13:28:55+00:00,8.748,-75.878,0.1355054229497909,0.1650042533874511,0.3241214752197265,0.3945550918579101,299.18035888671875,26.030358886718773,SMAP_L4_SM_gph_20210326T133000_Vv8010_001.h5
2021-03-27,2021-03-27 13:28:55+00:00,8.748,-75.878,0.1236476972699165,0.1636600643396377,0.2957027852535248,0.3914625644683838,298.908203125,25.758203125000023,SMAP_L4_SM_gph_20210327T133000_Vv8010_001.h5
2021-03-28,2021-03-28 13:28:55+00:00,8.748,-75.878,0.1377850919961929,0.1640797406435012,0.3295904397964477,0.3924195170402527,298.81396484375,25.663964843750023,SMAP_L4_SM_gph_20210328T133000_Vv8010_001.h5
2021-03-29,2021-03-29 13:28:55+00:00,8.748,-75.878,0.1285940706729889,0.1630793213844299,0.3076249361038208,0.3900380432605743,299.39324951171875,26.243249511718773,SMAP_L4_SM_gph_20210329T133000_Vv8010_001.h5
2021-03-30,2021-03-30 13:28:55+00:00,8.748,-75.878,0.1291989684104919,0.1625671833753585,0.3090472817420959,0.3887920677661896,299.4374694824219,26.287469482421898,SMAP_L4_SM_gph_20210330T133000_Vv8010_001.h5
2021-03-31,2021-03-31 13:28:55+00:00,8.748,-75.878,0.1510729491710662,0.1634630411863327,0.3612729012966156,0.3909381330013275,299.78338623046875,26.633386230468773,SMAP_L4_SM_gph_20210331T133000_Vv8010_001.h5
2021-04-01,2021-04-01 13:28:55+00:00,8.748,-75.878,0.1727766841650009,0.1674623340368271,0.4131352603435516,0.4005059599876404,299.67694091796875,26.526940917968773,SMAP_L4_SM_gph_20210401T133000_Vv8010_001.h5
2021-04-02,2021-04-02 13:28:55+00:00,8.748,-75.878,0.1617863774299621,0.1667683273553848,0.3868675529956817,0.3988233804702759,299.5643920898437,26.414392089843773,SMAP_L4_SM_gph_20210402T133000_Vv8010_001.h5
2021-04-03,2021-04-03 13:28:55+00:00,8.748,-75.878,0.2896193861961365,0.1963828653097152,0.6924566030502319,0.4697787165641784,298.8741149902344,25.7241149902344,SMAP_L4_SM_gph_20210403T133000_Vv8010_001.h5
2021-04-04,2021-04-04 13:28:55+00:00,8.748,-75.878,0.2376977354288101,0.2046916931867599,0.5685089230537415,0.489660382270813,298.4890441894531,25.339044189453148,SMAP_L4_SM_gph_20210404T133000_Vv8010_001.h5
2021-04-05,2021-04-05 13:28:55+00:00,8.748,-75.878,0.2388147264719009,0.1967818737030029,0.5711012482643127,0.4706450998783111,298.77325439453125,25.62325439453128,SMAP_L4_SM_gph_20210405T133000_Vv8010_001.h5
2021-04-06,2021-04-06 13:28:55+00:00,8.748,-75.878,0.2314320355653762,0.1944861859083175,0.5534892082214355,0.4651281833648681,298.70025634765625,25.55025634765628,SMAP_L4_SM_gph_20210406T133000_Vv8010_001.h5
2021-04-07,2021-04-07 13:28:55+00:00,8.748,-75.878,0.2254527360200882,0.1932961642742157,0.5393497347831726,0.4624004065990448,298.4434814453125,25.293481445312523,SMAP_L4_SM_gph_20210407T133000_Vv8010_001.h5
2021-04-08,2021-04-08 13:28:55+00:00,8.748,-75.878,0.20960533618927,0.1913624405860901,0.5012288093566895,0.4576534628868103,298.17401123046875,25.024011230468773,SMAP_L4_SM_gph_20210408T133000_Vv8010_001.h5
2021-04-09,2021-04-09 13:28:55+00:00,8.748,-75.878,0.3166504800319671,0.2287719696760177,0.7573397159576416,0.5471177697181702,298.23004150390625,25.08004150390628,SMAP_L4_SM_gph_20210409T133000_Vv8010_001.h5
2021-04-10,2021-04-10 13:28:55+00:00,8.748,-75.878,0.2539056539535522,0.225703552365303,0.6073266863822937,0.5397502183914185,297.8265380859375,24.676538085937523,SMAP_L4_SM_gph_20210410T133000_Vv8010_001.h5
2021-04-11,2021-04-11 13:28:55+00:00,8.748,-75.878,0.2316539734601974,0.2176139056682586,0.5541505217552185,0.5205360054969788,298.4227905273437,25.272790527343773,SMAP_L4_SM_gph_20210411T133000_Vv8010_001.h5
2021-04-12,2021-04-12 13:28:55+00:00,8.748,-75.878,0.2064144164323806,0.2112680971622467,0.493766039609909,0.5052087306976318,298.73419189453125,25.58419189453128,SMAP_L4_SM_gph_20210412T133000_Vv8010_001.h5
2021-04-13,2021-04-13 13:28:55+00:00,8.748,-75.878,0.2036307156085968,0.2077185064554214,0.4869993329048157,0.4968830049037933,299.1763916015625,26.026391601562523,SMAP_L4_SM_gph_20210413T133000_Vv8010_001.h5
2021-04-14,2021-04-14 13:28:55+00:00,8.748,-75.878,0.2738008201122284,0.2135639488697052,0.6550628542900085,0.5108848810195923,299.00885009765625,25.85885009765628,SMAP_L4_SM_gph_20210414T133000_Vv8010_001.h5
2021-04-15,2021-04-15 13:28:55+00:00,8.748,-75.878,0.2483629286289215,0.2150407880544662,0.5940608978271484,0.5143342018127441,298.9979858398437,25.847985839843773,SMAP_L4_SM_gph_20210415T133000_Vv8010_001.h5
2021-04-16,2021-04-16 13:28:55+00:00,8.748,-75.878,0.2398699223995208,0.2117515653371811,0.5736822485923767,0.5065389275550842,297.60113525390625,24.45113525390628,SMAP_L4_SM_gph_20210416T133000_Vv8010_001.h5
2021-04-17,2021-04-17 13:28:55+00:00,8.748,-75.878,0.216711550951004,0.2093735784292221,0.5184813141822815,0.5007224082946777,298.2436218261719,25.093621826171898,SMAP_L4_SM_gph_20210417T133000_Vv8010_001.h5
2021-04-18,2021-04-18 13:28:55+00:00,8.748,-75.878,0.3041630685329437,0.2278279364109039,0.7272927761077881,0.5449316501617432,298.1127624511719,24.962762451171898,SMAP_L4_SM_gph_20210418T133000_Vv8010_001.h5
2021-04-19,2021-04-19 13:28:55+00:00,8.748,-75.878,0.2326165437698364,0.2164040654897689,0.5562453866004944,0.5177198648452759,298.1835632324219,25.033563232421898,SMAP_L4_SM_gph_20210419T133000_Vv8010_001.h5
2021-04-20,2021-04-20 13:28:55+00:00,8.748,-75.878,0.2082826793193817,0.2123759537935257,0.498124212026596,0.5078694820404053,298.9599609375,25.809960937500023,SMAP_L4_SM_gph_20210420T133000_Vv8010_001.h5
2021-04-21,2021-04-21 13:28:55+00:00,8.748,-75.878,0.1827785372734069,0.2085496485233307,0.4372293055057525,0.4987634718418121,299.0536499023437,25.903649902343773,SMAP_L4_SM_gph_20210421T133000_Vv8010_001.h5
2021-04-22,2021-04-22 13:28:55+00:00,8.748,-75.878,0.172891154885292,0.2058377712965011,0.4134216606616974,0.4923840463161468,299.0060119628906,25.856011962890648,SMAP_L4_SM_gph_20210422T133000_Vv8010_001.h5
2021-04-23,2021-04-23 13:28:55+00:00,8.748,-75.878,0.1650755852460861,0.2034087032079696,0.3947114944458008,0.4864833652973175,299.0707397460937,25.920739746093773,SMAP_L4_SM_gph_20210423T133000_Vv8010_001.h5
2021-04-24,2021-04-24 13:28:55+00:00,8.748,-75.878,0.1537318527698516,0.2009632587432861,0.3676694929599762,0.4806869328022003,299.3114318847656,26.161431884765648,SMAP_L4_SM_gph_20210424T133000_Vv8010_001.h5
2021-04-25,2021-04-25 13:28:55+00:00,8.748,-75.878,0.1632230132818222,0.1999753415584564,0.3904262483119964,0.4782529473304748,299.25933837890625,26.10933837890628,SMAP_L4_SM_gph_20210425T133000_Vv8010_001.h5
2021-04-26,2021-04-26 13:28:55+00:00,8.748,-75.878,0.1661729216575622,0.1991117000579834,0.3974339663982391,0.4761170148849487,299.31414794921875,26.164147949218773,SMAP_L4_SM_gph_20210426T133000_Vv8010_001.h5
2021-04-27,2021-04-27 13:28:55+00:00,8.748,-75.878,0.138028010725975,0.1962215155363083,0.3301742374897003,0.469298779964447,299.141845703125,25.991845703125023,SMAP_L4_SM_gph_20210427T133000_Vv8010_001.h5
2021-04-28,2021-04-28 13:28:55+00:00,8.748,-75.878,0.1478377133607864,0.1960341036319732,0.3535239696502685,0.4688475728034973,298.5751037597656,25.425103759765648,SMAP_L4_SM_gph_20210428T133000_Vv8010_001.h5
2021-04-29,2021-04-29 13:28:55+00:00,8.748,-75.878,0.1221712678670883,0.1935944706201553,0.2921938896179199,0.4630297720432281,298.1595458984375,25.009545898437523,SMAP_L4_SM_gph_20210429T133000_Vv8010_001.h5
2021-04-30,2021-04-30 13:28:55+00:00,8.748,-75.878,0.1248039081692695,0.1922596246004104,0.2985051572322845,0.4598397016525268,298.03375244140625,24.88375244140628,SMAP_L4_SM_gph_20210430T133000_Vv8010_001.h5
2021-05-01,2021-05-01 13:28:55+00:00,8.748,-75.878,0.1371328234672546,0.1917239427566528,0.3280238509178161,0.4585692286491394,298.2364807128906,25.086480712890648,SMAP_L4_SM_gph_20210501T133000_Vv8010_001.h5
2021-05-02,2021-05-02 13:28:55+00:00,8.748,-75.878,0.1300318092107772,0.1901019811630249,0.3110027909278869,0.4547307789325714,297.8595275878906,24.709527587890648,SMAP_L4_SM_gph_20210502T133000_Vv8010_001.h5
2021-05-03,2021-05-03 13:28:55+00:00,8.748,-75.878,0.1730396747589111,0.1918442100286483,0.4139493405818939,0.4588086307048797,297.8365478515625,24.686547851562523,SMAP_L4_SM_gph_20210503T133000_Vv8010_001.h5
2021-05-04,2021-05-04 13:28:55+00:00,8.748,-75.878,0.2099881917238235,0.1944132447242736,0.5023067593574524,0.4649266898632049,297.7322998046875,24.582299804687523,SMAP_L4_SM_gph_20210504T133000_Vv8010_001.h5
2021-05-05,2021-05-05 13:28:55+00:00,8.748,-75.878,0.1838391274213791,0.1901126354932785,0.4397044777870178,0.4547586441040039,298.00665283203125,24.85665283203128,SMAP_L4_SM_gph_20210505T133000_Vv8010_001.h5
2021-05-06,2021-05-06 13:28:55+00:00,8.748,-75.878,0.2067492604255676,0.1915002912282943,0.4944064319133758,0.4579384624958038,297.909423828125,24.759423828125023,SMAP_L4_SM_gph_20210506T133000_Vv8010_001.h5
2021-05-07,2021-05-07 13:28:55+00:00,8.748,-75.878,0.2266077250242233,0.192763477563858,0.5419245362281799,0.4610159993171692,297.78955078125,24.639550781250023,SMAP_L4_SM_gph_20210507T133000_Vv8010_001.h5
2021-05-08,2021-05-08 13:28:55+00:00,8.748,-75.878,0.2205031663179397,0.1925681978464126,0.527453601360321,0.4605331420898437,297.645263671875,24.495263671875023,SMAP_L4_SM_gph_20210508T133000_Vv8010_001.h5
2021-05-09,2021-05-09 13:28:55+00:00,8.748,-75.878,0.2515101134777069,0.1997139155864715,0.6016737818717957,0.477719634771347,297.9529113769531,24.802911376953148,SMAP_L4_SM_gph_20210509T133000_Vv8010_001.h5
2021-05-10,2021-05-10 13:28:55+00:00,8.748,-75.878,0.2257471829652786,0.1963496506214141,0.540041446685791,0.4696808457374573,298.4079284667969,25.257928466796898,SMAP_L4_SM_gph_20210510T133000_Vv8010_001.h5
2021-05-11,2021-05-11 13:28:55+00:00,8.748,-75.878,0.2559310495853424,0.2052704393863678,0.6120430827140808,0.4909575581550598,298.56005859375,25.410058593750023,SMAP_L4_SM_gph_20210511T133000_Vv8010_001.h5
2021-05-12,2021-05-12 13:28:55+00:00,8.748,-75.878,0.2591490745544433,0.2083252966403961,0.6198267340660095,0.498326689004898,298.8947448730469,25.744744873046898,SMAP_L4_SM_gph_20210512T133000_Vv8010_001.h5
2021-05-13,2021-05-13 13:28:55+00:00,8.748,-75.878,0.2403310239315033,0.2104219496250152,0.5748553276062012,0.5032654404640198,298.9403076171875,25.790307617187523,SMAP_L4_SM_gph_20210513T133000_Vv8010_001.h5
2021-05-14,2021-05-14 13:28:55+00:00,8.748,-75.878,0.2099793404340744,0.2046384364366531,0.5021233558654785,0.4893998205661773,299.28875732421875,26.138757324218773,SMAP_L4_SM_gph_20210514T133000_Vv8010_001.h5
2021-05-15,2021-05-15 13:28:55+00:00,8.748,-75.878,0.1773928850889206,0.1992447823286056,0.4242812395095825,0.476645827293396,299.5310974121094,26.3810974121094,SMAP_L4_SM_gph_20210515T133000_Vv8010_001.h5
2021-05-16,2021-05-16 13:28:55+00:00,8.748,-75.878,0.1692908108234405,0.1958076655864715,0.4048637151718139,0.4684173464775085,299.57745361328125,26.42745361328128,SMAP_L4_SM_gph_20210516T133000_Vv8010_001.h5
2021-05-17,2021-05-17 13:28:55+00:00,8.748,-75.878,0.1847280114889145,0.1955641806125641,0.4418550133705139,0.4677232503890991,298.6070251464844,25.4570251464844,SMAP_L4_SM_gph_20210517T133000_Vv8010_001.h5
2021-05-18,2021-05-18 13:28:55+00:00,8.748,-75.878,0.2528124451637268,0.201806291937828,0.6046286225318909,0.4826220870018005,297.67364501953125,24.52364501953128,SMAP_L4_SM_gph_20210518T133000_Vv8010_001.h5
2021-05-19,2021-05-19 13:28:55+00:00,8.748,-75.878,0.2343039363622665,0.2042288929224014,0.5603362917900085,0.4884692430496216,298.1612548828125,25.011254882812523,SMAP_L4_SM_gph_20210519T133000_Vv8010_001.h5
2021-05-20,2021-05-20 13:28:55+00:00,8.748,-75.878,0.2026986181735992,0.1995675414800644,0.484728455543518,0.4772901237010956,298.80029296875,25.650292968750023,SMAP_L4_SM_gph_20210520T133000_Vv8010_001.h5
2021-05-21,2021-05-21 13:28:55+00:00,8.748,-75.878,0.1633686125278473,0.1947588175535202,0.3907944560050964,0.4658494591712951,299.2097473144531,26.059747314453148,SMAP_L4_SM_gph_20210521T133000_Vv8010_001.h5
2021-05-22,2021-05-22 13:28:55+00:00,8.748,-75.878,0.1922456473112106,0.1954662054777145,0.4597845673561096,0.4675302505493164,299.22149658203125,26.07149658203128,SMAP_L4_SM_gph_20210522T133000_Vv8010_001.h5
2021-05-23,2021-05-23 13:28:55+00:00,8.748,-75.878,0.2123759537935257,0.1956002861261367,0.5078497529029846,0.4678056240081787,298.70416259765625,25.55416259765628,SMAP_L4_SM_gph_20210523T133000_Vv8010_001.h5
2021-05-24,2021-05-24 13:28:55+00:00,8.748,-75.878,0.2061963528394699,0.1951025128364563,0.4932034909725189,0.4667192697525024,298.8697509765625,25.719750976562523,SMAP_L4_SM_gph_20210524T133000_Vv8010_001.h5
2021-05-25,2021-05-25 13:28:55+00:00,8.748,-75.878,0.2782579958438873,0.2073544859886169,0.6654970645904541,0.4960113763809204,299.0509033203125,25.900903320312523,SMAP_L4_SM_gph_20210525T133000_Vv8010_001.h5
2021-05-26,2021-05-26 13:28:55+00:00,8.748,-75.878,0.2437434047460556,0.2155712693929672,0.5831241011619568,0.5155572891235352,299.3592529296875,26.209252929687523,SMAP_L4_SM_gph_20210526T133000_Vv8010_001.h5
2021-05-27,2021-05-27 13:28:55+00:00,8.748,-75.878,0.2464290261268615,0.2115053832530975,0.5892642736434937,0.5059003233909607,298.91619873046875,25.766198730468773,SMAP_L4_SM_gph_20210527T133000_Vv8010_001.h5
2021-05-28,2021-05-28 13:28:55+00:00,8.748,-75.878,0.2731788158416748,0.2175580561161041,0.6534726023674011,0.5202941298484802,298.0430908203125,24.893090820312523,SMAP_L4_SM_gph_20210528T133000_Vv8010_001.h5
2021-05-29,2021-05-29 13:28:55+00:00,8.748,-75.878,0.256101906299591,0.2133963257074356,0.6126021146774292,0.5104989409446716,297.63818359375,24.488183593750023,SMAP_L4_SM_gph_20210529T133000_Vv8010_001.h5
2021-05-30,2021-05-30 13:28:55+00:00,8.748,-75.878,0.237123817205429,0.2118700891733169,0.5670358538627625,0.5067988634109497,298.0013122558594,24.8513122558594,SMAP_L4_SM_gph_20210530T133000_Vv8010_001.h5
2021-05-31,2021-05-31 13:28:55+00:00,8.748,-75.878,0.2091294825077057,0.2069138437509536,0.5002017617225647,0.4949256777763366,298.271240234375,25.121240234375023,SMAP_L4_SM_gph_20210531T133000_Vv8010_001.h5
2021-06-01,2021-06-01 13:28:55+00:00,8.748,-75.878,0.24760402739048,0.2077957093715667,0.5923051238059998,0.4969872534275055,298.51678466796875,25.366784667968773,SMAP_L4_SM_gph_20210601T133000_Vv8010_001.h5
2021-06-02,2021-06-02 13:28:55+00:00,8.748,-75.878,0.2454245686531067,0.2096852362155914,0.5868584513664246,0.5014230608940125,297.9003295898437,24.750329589843773,SMAP_L4_SM_gph_20210602T133000_Vv8010_001.h5
2021-06-03,2021-06-03 13:28:55+00:00,8.748,-75.878,0.228071853518486,0.2085541039705276,0.5456076264381409,0.4988120198249817,298.0101928710937,24.860192871093773,SMAP_L4_SM_gph_20210603T133000_Vv8010_001.h5
2021-06-04,2021-06-04 13:28:55+00:00,8.748,-75.878,0.2097164094448089,0.2054483741521835,0.5016323328018188,0.4914693236351013,298.5421142578125,25.392114257812523,SMAP_L4_SM_gph_20210604T133000_Vv8010_001.h5
2021-06-05,2021-06-05 13:28:55+00:00,8.748,-75.878,0.2081636488437652,0.203839436173439,0.4978101253509521,0.4875425100326538,298.4100341796875,25.260034179687523,SMAP_L4_SM_gph_20210605T133000_Vv8010_001.h5
2021-06-06,2021-06-06 13:28:55+00:00,8.748,-75.878,0.2261203229427337,0.2038572877645492,0.5409013032913208,0.487589031457901,298.5532531738281,25.403253173828148,SMAP_L4_SM_gph_20210606T133000_Vv8010_001.h5
2021-06-07,2021-06-07 13:28:55+00:00,8.748,-75.878,0.2490378767251968,0.208281323313713,0.5956897139549255,0.4981270134449005,297.5716857910156,24.421685791015648,SMAP_L4_SM_gph_20210607T133000_Vv8010_001.h5
2021-06-08,2021-06-08 13:28:55+00:00,8.748,-75.878,0.2373558729887008,0.2087638080120086,0.5676240921020508,0.4993695914745331,297.2323608398437,24.082360839843773,SMAP_L4_SM_gph_20210608T133000_Vv8010_001.h5
2021-06-09,2021-06-09 13:28:55+00:00,8.748,-75.878,0.2573391199111938,0.2145935297012329,0.6155312657356262,0.5132823586463928,297.1844177246094,24.0344177246094,SMAP_L4_SM_gph_20210609T133000_Vv8010_001.h5
2021-06-10,2021-06-10 13:28:55+00:00,8.748,-75.878,0.2463351339101791,0.2153730541467666,0.5892762541770935,0.5152841806411743,297.07745361328125,23.92745361328128,SMAP_L4_SM_gph_20210610T133000_Vv8010_001.h5
2021-06-11,2021-06-11 13:28:55+00:00,8.748,-75.878,0.2216000854969024,0.2108215540647506,0.5298675298690796,0.5042069554328918,297.4779663085937,24.327966308593773,SMAP_L4_SM_gph_20210611T133000_Vv8010_001.h5
2021-06-12,2021-06-12 13:28:55+00:00,8.748,-75.878,0.2344851940870285,0.2093119621276855,0.5608332753181458,0.5005871653556824,298.0311584472656,24.881158447265648,SMAP_L4_SM_gph_20210612T133000_Vv8010_001.h5
2021-06-13,2021-06-13 13:28:55+00:00,8.748,-75.878,0.2411058694124221,0.2094046771526336,0.5766677856445312,0.5009138584136963,298.0242004394531,24.874200439453148,SMAP_L4_SM_gph_20210613T133000_Vv8010_001.h5
2021-06-14,2021-06-14 13:28:55+00:00,8.748,-75.878,0.2228214740753173,0.2070828825235366,0.5330313444137573,0.4953294098377228,298.1772155761719,25.027215576171898,SMAP_L4_SM_gph_20210614T133000_Vv8010_001.h5
2021-06-15,2021-06-15 13:28:55+00:00,8.748,-75.878,0.2112975418567657,0.2049536854028701,0.5054561495780945,0.4900987148284912,298.01910400390625,24.86910400390628,SMAP_L4_SM_gph_20210615T133000_Vv8010_001.h5
2021-06-16,2021-06-16 13:28:55+00:00,8.748,-75.878,0.1943084746599197,0.2024197280406952,0.4647471606731415,0.4841570854187011,297.92724609375,24.777246093750023,SMAP_L4_SM_gph_20210616T133000_Vv8010_001.h5
2021-06-17,2021-06-17 13:28:55+00:00,8.748,-75.878,0.1830833852291107,0.2001659721136093,0.4378975033760071,0.4787978827953338,298.77069091796875,25.620690917968773,SMAP_L4_SM_gph_20210617T133000_Vv8010_001.h5
2021-06-18,2021-06-18 13:28:55+00:00,8.748,-75.878,0.3270143270492553,0.2248134613037109,0.7822685837745667,0.5376077890396118,298.08038330078125,24.93038330078128,SMAP_L4_SM_gph_20210618T133000_Vv8010_001.h5
2021-06-19,2021-06-19 13:28:55+00:00,8.748,-75.878,0.2465522587299347,0.2167333662509918,0.5896043181419373,0.5182597637176514,298.58428955078125,25.43428955078128,SMAP_L4_SM_gph_20210619T133000_Vv8010_001.h5
2021-06-20,2021-06-20 13:28:55+00:00,8.748,-75.878,0.2223584800958633,0.2120296061038971,0.531699001789093,0.507140576839447,298.8623046875,25.712304687500023,SMAP_L4_SM_gph_20210620T133000_Vv8010_001.h5
2021-06-21,2021-06-21 13:28:55+00:00,8.748,-75.878,0.2766533195972442,0.2197105884552002,0.6617974638938904,0.525389552116394,298.3895874023437,25.239587402343773,SMAP_L4_SM_gph_20210621T133000_Vv8010_001.h5
2021-06-22,2021-06-22 13:28:55+00:00,8.748,-75.878,0.2430207729339599,0.2155559509992599,0.5811631083488464,0.5155277848243713,297.916015625,24.766015625000023,SMAP_L4_SM_gph_20210622T133000_Vv8010_001.h5
2021-06-23,2021-06-23 13:28:55+00:00,8.748,-75.878,0.2379769533872604,0.2137034684419632,0.5692423582077026,0.5109922885894775,298.1011962890625,24.951196289062523,SMAP_L4_SM_gph_20210623T133000_Vv8010_001.h5
2021-06-24,2021-06-24 13:28:55+00:00,8.748,-75.878,0.2333806902170181,0.2105241864919662,0.558283269405365,0.5036060214042664,297.5521850585937,24.402185058593773,SMAP_L4_SM_gph_20210624T133000_Vv8010_001.h5
2021-06-25,2021-06-25 13:28:55+00:00,8.748,-75.878,0.2277294099330902,0.2096059024333953,0.5447039008140564,0.501364529132843,297.57928466796875,24.429284667968773,SMAP_L4_SM_gph_20210625T133000_Vv8010_001.h5
2021-06-26,2021-06-26 13:28:55+00:00,8.748,-75.878,0.211549699306488,0.206890732049942,0.505992591381073,0.4947433769702911,297.5853271484375,24.435327148437523,SMAP_L4_SM_gph_20210626T133000_Vv8010_001.h5
2021-06-27,2021-06-27 13:28:55+00:00,8.748,-75.878,0.2125466763973236,0.2051921784877777,0.5083903670310974,0.4908643662929535,297.7326965332031,24.582696533203148,SMAP_L4_SM_gph_20210627T133000_Vv8010_001.h5
2021-06-28,2021-06-28 13:28:55+00:00,8.748,-75.878,0.2665643692016601,0.2115116268396377,0.6376736760139465,0.5059643983840942,297.709228515625,24.559228515625023,SMAP_L4_SM_gph_20210628T133000_Vv8010_001.h5
2021-06-29,2021-06-29 13:28:55+00:00,8.748,-75.878,0.2401390969753265,0.2109951972961425,0.5743971467018127,0.5046705007553101,298.3065185546875,25.156518554687523,SMAP_L4_SM_gph_20210629T133000_Vv8010_001.h5
2021-06-30,2021-06-30 13:28:55+00:00,8.748,-75.878,0.2653457522392273,0.2139965295791626,0.6348012089729309,0.5118523240089417,298.7045288085937,25.554528808593773,SMAP_L4_SM_gph_20210630T133000_Vv8010_001.h5
2021-07-01,2021-07-01 13:28:55+00:00,8.748,-75.878,0.2465846091508865,0.2153511643409729,0.589686393737793,0.5150571465492249,297.8417358398437,24.691735839843773,SMAP_L4_SM_gph_20210701T133000_Vv8010_001.h5
2021-07-02,2021-07-02 13:28:55+00:00,8.748,-75.878,0.2304784953594207,0.211664006114006,0.5511854290962219,0.5063247680664062,297.66558837890625,24.51558837890628,SMAP_L4_SM_gph_20210702T133000_Vv8010_001.h5
2021-07-03,2021-07-03 13:28:55+00:00,8.748,-75.878,0.2345186471939087,0.2098344713449478,0.5608509182929993,0.501934289932251,297.78631591796875,24.636315917968773,SMAP_L4_SM_gph_20210703T133000_Vv8010_001.h5
2021-07-04,2021-07-04 13:28:55+00:00,8.748,-75.878,0.2391653656959533,0.2099767625331878,0.5720717310905457,0.5023160576820374,297.6996459960937,24.549645996093773,SMAP_L4_SM_gph_20210704T133000_Vv8010_001.h5
2021-07-05,2021-07-05 13:28:55+00:00,8.748,-75.878,0.2434962540864944,0.2109699845314026,0.582341194152832,0.5046417713165283,297.7294311523437,24.579431152343773,SMAP_L4_SM_gph_20210705T133000_Vv8010_001.h5
2021-07-06,2021-07-06 13:28:55+00:00,8.748,-75.878,0.2226144522428512,0.208558589220047,0.5324441194534302,0.4988237619400024,298.2411193847656,25.091119384765648,SMAP_L4_SM_gph_20210706T133000_Vv8010_001.h5
2021-07-07,2021-07-07 13:28:55+00:00,8.748,-75.878,0.2099990844726562,0.2052909433841705,0.5021437406539917,0.4909627139568329,298.6922302246094,25.5422302246094,SMAP_L4_SM_gph_20210707T133000_Vv8010_001.h5
2021-07-08,2021-07-08 13:28:55+00:00,8.748,-75.878,0.2571050226688385,0.2089204788208007,0.6150354146957397,0.4997409582138061,298.9622497558594,25.8122497558594,SMAP_L4_SM_gph_20210708T133000_Vv8010_001.h5
2021-07-09,2021-07-09 13:28:55+00:00,8.748,-75.878,0.254868596792221,0.2115023583173751,0.6097900867462158,0.5058552622795105,299.15924072265625,26.00924072265628,SMAP_L4_SM_gph_20210709T133000_Vv8010_001.h5
2021-07-10,2021-07-10 13:28:55+00:00,8.748,-75.878,0.3168033063411712,0.2295670360326767,0.7577511072158813,0.5490637421607971,297.896728515625,24.746728515625023,SMAP_L4_SM_gph_20210710T133000_Vv8010_001.h5
2021-07-11,2021-07-11 13:28:55+00:00,8.748,-75.878,0.2750270366668701,0.232218250632286,0.6578672528266907,0.5554810166358948,297.53399658203125,24.38399658203128,SMAP_L4_SM_gph_20210711T133000_Vv8010_001.h5
2021-07-12,2021-07-12 13:28:55+00:00,8.748,-75.878,0.241846352815628,0.2256615906953811,0.5784327983856201,0.5397781729698181,298.0704650878906,24.920465087890648,SMAP_L4_SM_gph_20210712T133000_Vv8010_001.h5
2021-07-13,2021-07-13 13:28:55+00:00,8.748,-75.878,0.2345111668109893,0.2213223576545715,0.5608428716659546,0.5292651653289795,298.71734619140625,25.56734619140628,SMAP_L4_SM_gph_20210713T133000_Vv8010_001.h5
2021-07-14,2021-07-14 13:28:55+00:00,8.748,-75.878,0.2536631226539612,0.2215392738580703,0.6067088842391968,0.5297572016716003,298.4764099121094,25.3264099121094,SMAP_L4_SM_gph_20210714T133000_Vv8010_001.h5
2021-07-15,2021-07-15 13:28:55+00:00,8.748,-75.878,0.2324670106172561,0.2197394222021103,0.5559278130531311,0.5256883502006531,298.50885009765625,25.35885009765628,SMAP_L4_SM_gph_20210715T133000_Vv8010_001.h5
2021-07-16,2021-07-16 13:28:55+00:00,8.748,-75.878,0.2239327728748321,0.2177625447511673,0.5356283187866211,0.5207434296607971,298.559326171875,25.409326171875023,SMAP_L4_SM_gph_20210716T133000_Vv8010_001.h5
2021-07-17,2021-07-17 13:28:55+00:00,8.748,-75.878,0.2219853997230529,0.215613380074501,0.5308935642242432,0.5156672596931458,298.64727783203125,25.49727783203128,SMAP_L4_SM_gph_20210717T133000_Vv8010_001.h5
2021-07-18,2021-07-18 13:28:55+00:00,8.748,-75.878,0.2153127491474151,0.2138876318931579,0.515134334564209,0.5114730596542358,298.80279541015625,25.65279541015628,SMAP_L4_SM_gph_20210718T133000_Vv8010_001.h5
2021-07-19,2021-07-19 13:28:55+00:00,8.748,-75.878,0.2286287248134613,0.2124857455492019,0.5468837022781372,0.5082197189331055,298.7004699707031,25.550469970703148,SMAP_L4_SM_gph_20210719T133000_Vv8010_001.h5
2021-07-20,2021-07-20 13:28:55+00:00,8.748,-75.878,0.2129497677087783,0.2099994122982025,0.5092464089393616,0.5022428631782532,298.945556640625,25.795556640625023,SMAP_L4_SM_gph_20210720T133000_Vv8010_001.h5
2021-07-21,2021-07-21 13:28:55+00:00,8.748,-75.878,0.2047006636857986,0.2074783444404602,0.4895082116127014,0.4962500631809234,299.11260986328125,25.96260986328128,SMAP_L4_SM_gph_20210721T133000_Vv8010_001.h5
2021-07-22,2021-07-22 13:28:55+00:00,8.748,-75.878,0.1923682242631912,0.2045659869909286,0.4601421356201172,0.4892529845237732,299.3636474609375,26.213647460937523,SMAP_L4_SM_gph_20210722T133000_Vv8010_001.h5
2021-07-23,2021-07-23 13:28:55+00:00,8.748,-75.878,0.184712529182434,0.2026343792676925,0.4417270720005035,0.4847550392150879,299.21142578125,26.061425781250023,SMAP_L4_SM_gph_20210723T133000_Vv8010_001.h5
2021-07-24,2021-07-24 13:28:55+00:00,8.748,-75.878,0.2599575519561767,0.2124816924333572,0.6217120885848999,0.5081245303153992,298.18280029296875,25.032800292968773,SMAP_L4_SM_gph_20210724T133000_Vv8010_001.h5
2021-07-25,2021-07-25 13:28:55+00:00,8.748,-75.878,0.2550548315048218,0.2188240885734558,0.6099353432655334,0.5233320593833923,297.2391967773437,24.089196777343773,SMAP_L4_SM_gph_20210725T133000_Vv8010_001.h5
2021-07-26,2021-07-26 13:28:55+00:00,8.748,-75.878,0.2338817566633224,0.2153642773628235,0.5593758225440979,0.5151568055152893,297.206298828125,24.056298828125023,SMAP_L4_SM_gph_20210726T133000_Vv8010_001.h5
2021-07-27,2021-07-27 13:28:55+00:00,8.748,-75.878,0.2873069047927856,0.2208485901355743,0.6873553395271301,0.5283264517784119,297.5023803710937,24.352380371093773,SMAP_L4_SM_gph_20210727T133000_Vv8010_001.h5
2021-07-28,2021-07-28 13:28:55+00:00,8.748,-75.878,0.2560259103775024,0.2201794683933258,0.6122395992279053,0.5267081260681152,297.59783935546875,24.447839355468773,SMAP_L4_SM_gph_20210728T133000_Vv8010_001.h5
2021-07-29,2021-07-29 13:28:55+00:00,8.748,-75.878,0.2416785955429077,0.2166317552328109,0.5780555605888367,0.5181431770324707,298.69061279296875,25.540612792968773,SMAP_L4_SM_gph_20210729T133000_Vv8010_001.h5
2021-07-30,2021-07-30 13:28:55+00:00,8.748,-75.878,0.3188375532627105,0.2404390275478363,0.7628157138824463,0.5751221179962158,298.3602600097656,25.210260009765648,SMAP_L4_SM_gph_20210730T133000_Vv8010_001.h5
2021-07-31,2021-07-31 13:28:55+00:00,8.748,-75.878,0.2754016816616058,0.2376092672348022,0.6588345766067505,0.5684724450111389,298.3773193359375,25.227319335937523,SMAP_L4_SM_gph_20210731T133000_Vv8010_001.h5
2021-08-01,2021-08-01 13:28:55+00:00,8.748,-75.878,0.2573046684265136,0.2293961644172668,0.6153813004493713,0.5485970973968506,299.586669921875,26.436669921875023,SMAP_L4_SM_gph_20210801T133000_Vv8010_001.h5
2021-08-02,2021-08-02 13:28:55+00:00,8.748,-75.878,0.2660627961158752,0.228132739663124,0.6363074779510498,0.5456405282020569,298.5483703613281,25.398370361328148,SMAP_L4_SM_gph_20210802T133000_Vv8010_001.h5
2021-08-03,2021-08-03 13:28:55+00:00,8.748,-75.878,0.2829383611679077,0.2286150306463241,0.6767539978027344,0.5467609763145447,297.92486572265625,24.77486572265628,SMAP_L4_SM_gph_20210803T133000_Vv8010_001.h5
2021-08-04,2021-08-04 13:28:55+00:00,8.748,-75.878,0.2717160284519195,0.2297026664018631,0.649776041507721,0.5494177341461182,297.14215087890625,23.99215087890628,SMAP_L4_SM_gph_20210804T133000_Vv8010_001.h5
2021-08-05,2021-08-05 13:28:55+00:00,8.748,-75.878,0.237229511141777,0.2254628986120224,0.5672441124916077,0.5393338799476624,298.36865234375,25.218652343750023,SMAP_L4_SM_gph_20210805T133000_Vv8010_001.h5
2021-08-06,2021-08-06 13:28:55+00:00,8.748,-75.878,0.2215080857276916,0.2217522263526916,0.5297502875328064,0.5303331613540649,298.890869140625,25.740869140625023,SMAP_L4_SM_gph_20210806T133000_Vv8010_001.h5
2021-08-07,2021-08-07 13:28:55+00:00,8.748,-75.878,0.2586548030376434,0.2228391468524933,0.6185446977615356,0.5329880714416504,298.0573425292969,24.907342529296898,SMAP_L4_SM_gph_20210807T133000_Vv8010_001.h5
2021-08-08,2021-08-08 13:28:55+00:00,8.748,-75.878,0.2740076780319214,0.228153109550476,0.6552485823631287,0.5457785725593567,297.82421875,24.674218750000023,SMAP_L4_SM_gph_20210808T133000_Vv8010_001.h5
2021-08-09,2021-08-09 13:28:55+00:00,8.748,-75.878,0.2546950876712799,0.2261861711740493,0.6092098951339722,0.5409448146820068,298.1126708984375,24.962670898437523,SMAP_L4_SM_gph_20210809T133000_Vv8010_001.h5
2021-08-10,2021-08-10 13:28:55+00:00,8.748,-75.878,0.3280724585056305,0.2378770262002945,0.7845169305801392,0.5690969824790955,298.130615234375,24.980615234375023,SMAP_L4_SM_gph_20210810T133000_Vv8010_001.h5
2021-08-11,2021-08-11 13:28:55+00:00,8.748,-75.878,0.2818160653114319,0.2287626415491104,0.6739484071731567,0.5472412109375,297.3221435546875,24.172143554687523,SMAP_L4_SM_gph_20210811T133000_Vv8010_001.h5
2021-08-12,2021-08-12 13:28:55+00:00,8.748,-75.878,0.2548015117645263,0.2268796563148498,0.6093059182167053,0.5424672961235046,297.7719116210937,24.621911621093773,SMAP_L4_SM_gph_20210812T133000_Vv8010_001.h5
2021-08-13,2021-08-13 13:28:55+00:00,8.748,-75.878,0.2811687588691711,0.2297431081533432,0.6724621653556824,0.5495336055755615,298.0243530273437,24.874353027343773,SMAP_L4_SM_gph_20210813T133000_Vv8010_001.h5
2021-08-14,2021-08-14 13:28:55+00:00,8.748,-75.878,0.2874561548233032,0.2396644502878189,0.6875157952308655,0.5732181668281555,297.1260986328125,23.976098632812523,SMAP_L4_SM_gph_20210814T133000_Vv8010_001.h5
2021-08-15,2021-08-15 13:28:55+00:00,8.748,-75.878,0.2879678308963775,0.238605111837387,0.6886487007141113,0.5706351399421692,297.3624267578125,24.212426757812523,SMAP_L4_SM_gph_20210815T133000_Vv8010_001.h5
2021-08-16,2021-08-16 13:28:55+00:00,8.748,-75.878,0.2614067494869232,0.2363223135471344,0.6253207921981812,0.5652850270271301,297.15484619140625,24.00484619140628,SMAP_L4_SM_gph_20210816T133000_Vv8010_001.h5
2021-08-17,2021-08-17 13:28:55+00:00,8.748,-75.878,0.2978874146938324,0.24869205057621,0.7124958634376526,0.5947625041007996,297.1511535644531,24.001153564453148,SMAP_L4_SM_gph_20210817T133000_Vv8010_001.h5
2021-08-18,2021-08-18 13:28:55+00:00,8.748,-75.878,0.2840105295181274,0.2461538314819336,0.6792798638343811,0.5885760188102722,297.17919921875,24.029199218750023,SMAP_L4_SM_gph_20210818T133000_Vv8010_001.h5
2021-08-19,2021-08-19 13:28:55+00:00,8.748,-75.878,0.2657306492328644,0.2408632785081863,0.6356116533279419,0.5761757493019104,297.6054077148437,24.455407714843773,SMAP_L4_SM_gph_20210819T133000_Vv8010_001.h5
2021-08-20,2021-08-20 13:28:55+00:00,8.748,-75.878,0.2752605676651001,0.2406540662050247,0.6582129001617432,0.5756193995475769,297.37255859375,24.222558593750023,SMAP_L4_SM_gph_20210820T133000_Vv8010_001.h5
2021-08-21,2021-08-21 13:28:55+00:00,8.748,-75.878,0.2491982877254486,0.2372506111860275,0.5962008833885193,0.5674415826797485,297.3997802734375,24.249780273437523,SMAP_L4_SM_gph_20210821T133000_Vv8010_001.h5
2021-08-22,2021-08-22 13:28:55+00:00,8.748,-75.878,0.2844913303852081,0.2407300025224685,0.6805291771888733,0.5757433772087097,297.74981689453125,24.59981689453128,SMAP_L4_SM_gph_20210822T133000_Vv8010_001.h5
2021-08-23,2021-08-23 13:28:55+00:00,8.748,-75.878,0.2618155181407928,0.2385057359933853,0.6262302398681641,0.57030189037323,297.92535400390625,24.77535400390628,SMAP_L4_SM_gph_20210823T133000_Vv8010_001.h5
2021-08-24,2021-08-24 13:28:55+00:00,8.748,-75.878,0.2693457901477813,0.2381152659654617,0.6442739963531494,0.5696653723716736,297.87225341796875,24.722253417968773,SMAP_L4_SM_gph_20210824T133000_Vv8010_001.h5
2021-08-25,2021-08-25 13:28:55+00:00,8.748,-75.878,0.2547474205493927,0.235569953918457,0.6093027591705322,0.563450038433075,297.1942138671875,24.044213867187523,SMAP_L4_SM_gph_20210825T133000_Vv8010_001.h5
2021-08-26,2021-08-26 13:28:55+00:00,8.748,-75.878,0.2683466672897339,0.2366764992475509,0.641975998878479,0.5660709738731384,297.5126647949219,24.362664794921898,SMAP_L4_SM_gph_20210826T133000_Vv8010_001.h5
2021-08-27,2021-08-27 13:28:55+00:00,8.748,-75.878,0.3251902461051941,0.249627336859703,0.777899980545044,0.5971066951751709,297.6991271972656,24.549127197265648,SMAP_L4_SM_gph_20210827T133000_Vv8010_001.h5
2021-08-28,2021-08-28 13:28:55+00:00,8.748,-75.878,0.2714188992977142,0.2473553121089935,0.6493040919303894,0.5916996598243713,297.43914794921875,24.289147949218773,SMAP_L4_SM_gph_20210828T133000_Vv8010_001.h5
2021-08-29,2021-08-29 13:28:55+00:00,8.748,-75.878,0.2490752935409546,0.2423147410154342,0.5956903100013733,0.5794738531112671,298.32489013671875,25.174890136718773,SMAP_L4_SM_gph_20210829T133000_Vv8010_001.h5
2021-08-30,2021-08-30 13:28:55+00:00,8.748,-75.878,0.2854168117046356,0.2441707402467727,0.6827446818351746,0.5839335918426514,297.66339111328125,24.51339111328128,SMAP_L4_SM_gph_20210830T133000_Vv8010_001.h5
2021-08-31,2021-08-31 13:28:55+00:00,8.748,-75.878,0.2908217906951904,0.2459007352590561,0.6954582333564758,0.5882236361503601,296.74267578125,23.592675781250023,SMAP_L4_SM_gph_20210831T133000_Vv8010_001.h5
2021-09-01,2021-09-01 13:28:55+00:00,8.748,-75.878,0.2696375846862793,0.2451462149620056,0.644981324672699,0.5864569544792175,296.8067626953125,23.656762695312523,SMAP_L4_SM_gph_20210901T133000_Vv8010_001.h5
2021-09-02,2021-09-02 13:28:55+00:00,8.748,-75.878,0.2596506476402282,0.2424132525920868,0.6210035085678101,0.5797309875488281,297.66650390625,24.516503906250023,SMAP_L4_SM_gph_20210902T133000_Vv8010_001.h5
2021-09-03,2021-09-03 13:28:55+00:00,8.748,-75.878,0.2693457305431366,0.2421365529298782,0.6441028118133545,0.579242467880249,298.5531311035156,25.403131103515648,SMAP_L4_SM_gph_20210903T133000_Vv8010_001.h5
2021-09-04,2021-09-04 13:28:55+00:00,8.748,-75.878,0.3114610314369201,0.2528547048568725,0.7450653910636902,0.6048891544342041,298.4016418457031,25.251641845703148,SMAP_L4_SM_gph_20210904T133000_Vv8010_001.h5
2021-09-05,2021-09-05 13:28:55+00:00,8.748,-75.878,0.2891995310783386,0.25657719373703,0.6915872097015381,0.6137612462043762,298.1937255859375,25.043725585937523,SMAP_L4_SM_gph_20210905T133000_Vv8010_001.h5
2021-09-06,2021-09-06 13:28:55+00:00,8.748,-75.878,0.268087774515152,0.2508800029754638,0.641133189201355,0.6000347137451172,297.91802978515625,24.76802978515628,SMAP_L4_SM_gph_20210906T133000_Vv8010_001.h5
2021-09-07,2021-09-07 13:28:55+00:00,8.748,-75.878,0.2804542779922485,0.2507640719413757,0.670714259147644,0.5998066663742065,297.7022399902344,24.5522399902344,SMAP_L4_SM_gph_20210907T133000_Vv8010_001.h5
2021-09-08,2021-09-08 13:28:55+00:00,8.748,-75.878,0.2727287113666534,0.2490482181310653,0.6521984338760376,0.5957130193710327,297.49462890625,24.344628906250023,SMAP_L4_SM_gph_20210908T133000_Vv8010_001.h5
2021-09-09,2021-09-09 13:28:55+00:00,8.748,-75.878,0.2802749574184418,0.2489609867334365,0.6703722476959229,0.5953157544136047,297.9276733398437,24.777673339843773,SMAP_L4_SM_gph_20210909T133000_Vv8010_001.h5
2021-09-10,2021-09-10 13:28:55+00:00,8.748,-75.878,0.2788611054420471,0.2486752867698669,0.6669143438339233,0.5947188138961792,298.0852966308594,24.9352966308594,SMAP_L4_SM_gph_20210910T133000_Vv8010_001.h5
2021-09-11,2021-09-11 13:28:55+00:00,8.748,-75.878,0.3972743451595306,0.2789775133132934,0.9500680565834044,0.6672192215919495,297.6959228515625,24.545922851562523,SMAP_L4_SM_gph_20210911T133000_Vv8010_001.h5
2021-09-12,2021-09-12 13:28:55+00:00,8.748,-75.878,0.2973783314228058,0.273902952671051,0.7111181020736694,0.6550741791725159,296.85076904296875,23.700769042968773,SMAP_L4_SM_gph_20210912T133000_Vv8010_001.h5
2021-09-13,2021-09-13 13:28:55+00:00,8.748,-75.878,0.2982295751571655,0.2683254182338714,0.7131808400154114,0.6419143676757812,297.2377319335937,24.087731933593773,SMAP_L4_SM_gph_20210913T133000_Vv8010_001.h5
2021-09-14,2021-09-14 13:28:55+00:00,8.748,-75.878,0.28366219997406,0.2640916407108307,0.6783193349838257,0.6316869258880615,297.167236328125,24.017236328125023,SMAP_L4_SM_gph_20210914T133000_Vv8010_001.h5
2021-09-15,2021-09-15 13:28:55+00:00,8.748,-75.878,0.2761172652244568,0.2619069516658783,0.6604090929031372,0.626592755317688,297.4158020019531,24.265802001953148,SMAP_L4_SM_gph_20210915T133000_Vv8010_001.h5
2021-09-16,2021-09-16 13:28:55+00:00,8.748,-75.878,0.2755633294582367,0.2596586346626282,0.6591363549232483,0.6211628913879395,297.84405517578125,24.69405517578128,SMAP_L4_SM_gph_20210916T133000_Vv8010_001.h5
2021-09-17,2021-09-17 13:28:55+00:00,8.748,-75.878,0.2694614231586456,0.2574273943901062,0.6442451477050781,0.6157776713371277,298.5630798339844,25.4130798339844,SMAP_L4_SM_gph_20210917T133000_Vv8010_001.h5
2021-09-18,2021-09-18 13:28:55+00:00,8.748,-75.878,0.2994758784770965,0.2595089077949524,0.7162145972251892,0.6206772327423096,299.03466796875,25.884667968750023,SMAP_L4_SM_gph_20210918T133000_Vv8010_001.h5
2021-09-19,2021-09-19 13:28:55+00:00,8.748,-75.878,0.2980832159519195,0.2627779841423034,0.7129469513893127,0.6285890340805054,298.3966064453125,25.246606445312523,SMAP_L4_SM_gph_20210919T133000_Vv8010_001.h5
2021-09-20,2021-09-20 13:28:55+00:00,8.748,-75.878,0.2726737558841705,0.2583894431591034,0.6521759629249573,0.6181814670562744,297.6983642578125,24.548364257812523,SMAP_L4_SM_gph_20210920T133000_Vv8010_001.h5
2021-09-21,2021-09-21 13:28:55+00:00,8.748,-75.878,0.2642453610897064,0.2565896809101105,0.6319061517715454,0.6135496497154236,297.5287475585937,24.378747558593773,SMAP_L4_SM_gph_20210921T133000_Vv8010_001.h5
2021-09-22,2021-09-22 13:28:55+00:00,8.748,-75.878,0.2934440076351166,0.2586467266082763,0.702000081539154,0.6188733577728271,297.5577697753906,24.407769775390648,SMAP_L4_SM_gph_20210922T133000_Vv8010_001.h5
2021-09-23,2021-09-23 13:28:55+00:00,8.748,-75.878,0.2935525774955749,0.2605496644973755,0.7019857168197632,0.6231369376182556,297.24591064453125,24.09591064453128,SMAP_L4_SM_gph_20210923T133000_Vv8010_001.h5
2021-09-24,2021-09-24 13:28:55+00:00,8.748,-75.878,0.2754527926445007,0.2584839761257171,0.6589444279670715,0.618034839630127,297.40240478515625,24.25240478515628,SMAP_L4_SM_gph_20210924T133000_Vv8010_001.h5
2021-09-25,2021-09-25 13:28:55+00:00,8.748,-75.878,0.2526164948940277,0.2545974552631378,0.604057788848877,0.6090531349182129,298.03448486328125,24.88448486328128,SMAP_L4_SM_gph_20210925T133000_Vv8010_001.h5
2021-09-26,2021-09-26 13:28:55+00:00,8.748,-75.878,0.3181356489658355,0.2650521397590637,0.761059582233429,0.634086549282074,298.2574462890625,25.107446289062523,SMAP_L4_SM_gph_20210926T133000_Vv8010_001.h5
2021-09-27,2021-09-27 13:28:55+00:00,8.748,-75.878,0.285444974899292,0.2615389823913574,0.6827749013900757,0.6256116628646851,298.7317199707031,25.581719970703148,SMAP_L4_SM_gph_20210927T133000_Vv8010_001.h5
2021-09-28,2021-09-28 13:28:55+00:00,8.748,-75.878,0.3120577931404114,0.2639557421207428,0.7465696334838867,0.6311625242233276,298.114501953125,24.964501953125023,SMAP_L4_SM_gph_20210928T133000_Vv8010_001.h5
2021-09-29,2021-09-29 13:28:55+00:00,8.748,-75.878,0.2814993560314178,0.2608092427253723,0.6734914779663086,0.623835563659668,297.4910583496094,24.3410583496094,SMAP_L4_SM_gph_20210929T133000_Vv8010_001.h5
2021-09-30,2021-09-30 13:28:55+00:00,8.748,-75.878,0.269251137971878,0.2574431002140045,0.6437755227088928,0.615669846534729,297.1907653808594,24.0407653808594,SMAP_L4_SM_gph_20210930T133000_Vv8010_001.h5
2021-10-01,2021-10-01 13:28:55+00:00,8.748,-75.878,0.3066161274909973,0.2622763812541961,0.733427107334137,0.6272595524787903,297.3031005859375,24.153100585937523,SMAP_L4_SM_gph_20211001T133000_Vv8010_001.h5
2021-10-02,2021-10-02 13:28:55+00:00,8.748,-75.878,0.2907156944274902,0.2625339925289154,0.6953988671302795,0.6280269622802734,297.2947082519531,24.144708251953148,SMAP_L4_SM_gph_20211002T133000_Vv8010_001.h5
2021-10-03,2021-10-03 13:28:55+00:00,8.748,-75.878,0.3017542362213135,0.2654549479484558,0.7219349145889282,0.6348402500152588,297.5904541015625,24.440454101562523,SMAP_L4_SM_gph_20211003T133000_Vv8010_001.h5
2021-10-04,2021-10-04 13:28:55+00:00,8.748,-75.878,0.2915943562984466,0.2651059329509735,0.6974545121192932,0.6341527104377747,297.91131591796875,24.761315917968773,SMAP_L4_SM_gph_20211004T133000_Vv8010_001.h5
2021-10-05,2021-10-05 13:28:55+00:00,8.748,-75.878,0.2945207059383392,0.2661438286304474,0.7042685151100159,0.6365097761154175,297.9770812988281,24.827081298828148,SMAP_L4_SM_gph_20211005T133000_Vv8010_001.h5
2021-10-06,2021-10-06 13:28:55+00:00,8.748,-75.878,0.3460917472839355,0.2792806327342987,0.8278836607933044,0.6678819060325623,297.6019897460937,24.451989746093773,SMAP_L4_SM_gph_20211006T133000_Vv8010_001.h5
2021-10-07,2021-10-07 13:28:55+00:00,8.748,-75.878,0.2886190712451935,0.2710073292255401,0.6902307868003845,0.6481782793998718,297.6213684082031,24.471368408203148,SMAP_L4_SM_gph_20211007T133000_Vv8010_001.h5
2021-10-08,2021-10-08 13:28:55+00:00,8.748,-75.878,0.3020055294036865,0.2695842087268829,0.7222450971603394,0.6448689103126526,297.8244934082031,24.674493408203148,SMAP_L4_SM_gph_20211008T133000_Vv8010_001.h5
2021-10-09,2021-10-09 13:28:55+00:00,8.748,-75.878,0.2970587313175201,0.2717824280261993,0.7106068730354309,0.6499243378639221,297.83746337890625,24.68746337890628,SMAP_L4_SM_gph_20211009T133000_Vv8010_001.h5
2021-10-10,2021-10-10 13:28:55+00:00,8.748,-75.878,0.2767012417316437,0.2676097750663757,0.6616960763931274,0.6398564577102661,297.6385498046875,24.488549804687523,SMAP_L4_SM_gph_20211010T133000_Vv8010_001.h5
2021-10-11,2021-10-11 13:28:55+00:00,8.748,-75.878,0.2639673054218292,0.2645434439182281,0.6313630938529968,0.6327386498451233,297.7115478515625,24.561547851562523,SMAP_L4_SM_gph_20211011T133000_Vv8010_001.h5
2021-10-12,2021-10-12 13:28:55+00:00,8.748,-75.878,0.2614013254642486,0.2627715170383453,0.6252386569976807,0.6284979581832886,298.2301025390625,25.080102539062523,SMAP_L4_SM_gph_20211012T133000_Vv8010_001.h5
2021-10-13,2021-10-13 13:28:55+00:00,8.748,-75.878,0.2542446255683899,0.2603935003280639,0.6081209182739258,0.6227298378944397,297.9056701660156,24.755670166015648,SMAP_L4_SM_gph_20211013T133000_Vv8010_001.h5
2021-10-14,2021-10-14 13:28:55+00:00,8.748,-75.878,0.2577123641967773,0.2593107223510742,0.6163445115089417,0.6200858950614929,297.8433837890625,24.693383789062523,SMAP_L4_SM_gph_20211014T133000_Vv8010_001.h5
2021-10-15,2021-10-15 13:28:55+00:00,8.748,-75.878,0.2793241739273071,0.2597343325614929,0.6679401993751526,0.6211379766464233,297.9071044921875,24.757104492187523,SMAP_L4_SM_gph_20211015T133000_Vv8010_001.h5
2021-10-16,2021-10-16 13:28:55+00:00,8.748,-75.878,0.3593369126319885,0.2884446978569031,0.8595385551452637,0.6898035407066345,297.4412841796875,24.291284179687523,SMAP_L4_SM_gph_20211016T133000_Vv8010_001.h5
2021-10-17,2021-10-17 13:28:55+00:00,8.748,-75.878,0.3161305785179138,0.2911869883537292,0.7560117244720459,0.6962252855300903,297.1712951660156,24.021295166015648,SMAP_L4_SM_gph_20211017T133000_Vv8010_001.h5
2021-10-18,2021-10-18 13:28:55+00:00,8.748,-75.878,0.3108360767364502,0.2819421589374542,0.743416965007782,0.6743372082710266,297.6546936035156,24.504693603515648,SMAP_L4_SM_gph_20211018T133000_Vv8010_001.h5
2021-10-19,2021-10-19 13:28:55+00:00,8.748,-75.878,0.296176552772522,0.2769672870635986,0.7085297107696533,0.6624525785446167,297.35272216796875,24.202722167968773,SMAP_L4_SM_gph_20211019T133000_Vv8010_001.h5
2021-10-20,2021-10-20 13:28:55+00:00,8.748,-75.878,0.3040753304958343,0.2772484421730041,0.7271038889884949,0.6630372405052185,297.4037475585937,24.253747558593773,SMAP_L4_SM_gph_20211020T133000_Vv8010_001.h5
2021-10-21,2021-10-21 13:28:55+00:00,8.748,-75.878,0.3054299652576446,0.2754110991954803,0.7305710315704346,0.6586262583732605,297.5284423828125,24.378442382812523,SMAP_L4_SM_gph_20211021T133000_Vv8010_001.h5
2021-10-22,2021-10-22 13:28:55+00:00,8.748,-75.878,0.3020491600036621,0.2755110561847687,0.7222920060157776,0.6588867902755737,297.537109375,24.387109375000023,SMAP_L4_SM_gph_20211022T133000_Vv8010_001.h5
2021-10-23,2021-10-23 13:28:55+00:00,8.748,-75.878,0.2873985469341278,0.2727729976177215,0.6873774528503418,0.6525725722312927,297.2998352050781,24.149835205078148,SMAP_L4_SM_gph_20211023T133000_Vv8010_001.h5
2021-10-24,2021-10-24 13:28:55+00:00,8.748,-75.878,0.3044033646583557,0.2740042805671692,0.7280393242835999,0.655285656452179,297.38385009765625,24.23385009765628,SMAP_L4_SM_gph_20211024T133000_Vv8010_001.h5
2021-10-25,2021-10-25 13:28:55+00:00,8.748,-75.878,0.3087215423583984,0.2754149138927459,0.7382112145423889,0.658880352973938,297.697265625,24.547265625000023,SMAP_L4_SM_gph_20211025T133000_Vv8010_001.h5
2021-10-26,2021-10-26 13:28:55+00:00,8.748,-75.878,0.2976331710815429,0.2739022672176361,0.7116760611534119,0.6552644371986389,298.2871398925781,25.137139892578148,SMAP_L4_SM_gph_20211026T133000_Vv8010_001.h5
2021-10-27,2021-10-27 13:28:55+00:00,8.748,-75.878,0.2921503782272339,0.2718841731548309,0.6987113356590271,0.6501153707504272,297.6533203125,24.503320312500023,SMAP_L4_SM_gph_20211027T133000_Vv8010_001.h5
2021-10-28,2021-10-28 13:28:55+00:00,8.748,-75.878,0.2902221381664276,0.2715209722518921,0.6942123770713806,0.64931720495224,297.52935791015625,24.37935791015628,SMAP_L4_SM_gph_20211028T133000_Vv8010_001.h5
2021-10-29,2021-10-29 13:28:55+00:00,8.748,-75.878,0.3605151176452636,0.2868770956993103,0.8623097538948059,0.6861182451248169,297.1600952148437,24.010095214843773,SMAP_L4_SM_gph_20211029T133000_Vv8010_001.h5
2021-10-30,2021-10-30 13:28:55+00:00,8.748,-75.878,0.3153837621212005,0.2871724367141723,0.7542873620986938,0.6868135333061218,296.78338623046875,23.633386230468773,SMAP_L4_SM_gph_20211030T133000_Vv8010_001.h5
2021-10-31,2021-10-31 13:28:55+00:00,8.748,-75.878,0.3041732907295227,0.2808272838592529,0.7275844216346741,0.6715878248214722,296.80377197265625,23.65377197265628,SMAP_L4_SM_gph_20211031T133000_Vv8010_001.h5
2021-11-01,2021-11-01 13:28:55+00:00,8.748,-75.878,0.3107572495937347,0.2793065309524536,0.7432193160057068,0.6680238842964172,296.785400390625,23.635400390625023,SMAP_L4_SM_gph_20211101T133000_Vv8010_001.h5
2021-11-02,2021-11-02 13:28:55+00:00,8.748,-75.878,0.3202643990516662,0.2889684736728668,0.7658907175064087,0.691190779209137,296.91412353515625,23.76412353515628,SMAP_L4_SM_gph_20211102T133000_Vv8010_001.h5
2021-11-03,2021-11-03 13:28:55+00:00,8.748,-75.878,0.3140748739242553,0.2841869592666626,0.7510369420051575,0.6796618103981018,296.45538330078125,23.30538330078128,SMAP_L4_SM_gph_20211103T133000_Vv8010_001.h5
2021-11-04,2021-11-04 13:28:55+00:00,8.748,-75.878,0.2993215322494507,0.2810298502445221,0.716066837310791,0.6721372008323669,296.5947570800781,23.444757080078148,SMAP_L4_SM_gph_20211104T133000_Vv8010_001.h5
2021-11-05,2021-11-05 13:28:55+00:00,8.748,-75.878,0.3114793598651886,0.281068354845047,0.7449173331260681,0.6721635460853577,297.0915222167969,23.941522216796898,SMAP_L4_SM_gph_20211105T133000_Vv8010_001.h5
2021-11-06,2021-11-06 13:28:55+00:00,8.748,-75.878,0.3056791424751282,0.2787182331085205,0.7310099005699158,0.6665419936180115,297.5976867675781,24.447686767578148,SMAP_L4_SM_gph_20211106T133000_Vv8010_001.h5
2021-11-07,2021-11-07 13:28:55+00:00,8.748,-75.878,0.309177428483963,0.2789509892463684,0.7396412491798401,0.6670006513595581,297.7059326171875,24.555932617187523,SMAP_L4_SM_gph_20211107T133000_Vv8010_001.h5
2021-11-08,2021-11-08 13:28:55+00:00,8.748,-75.878,0.3238752484321594,0.2863472402095794,0.7745696902275085,0.6849367022514343,297.5570373535156,24.407037353515648,SMAP_L4_SM_gph_20211108T133000_Vv8010_001.h5
2021-11-09,2021-11-09 13:28:55+00:00,8.748,-75.878,0.3309797942638397,0.2926935851573944,0.7915729880332947,0.7000699639320374,297.5130920410156,24.363092041015648,SMAP_L4_SM_gph_20211109T133000_Vv8010_001.h5
2021-11-10,2021-11-10 13:28:55+00:00,8.748,-75.878,0.3247221708297729,0.2932376563549042,0.7765697836875916,0.701117992401123,297.27886962890625,24.12886962890628,SMAP_L4_SM_gph_20211110T133000_Vv8010_001.h5
2021-11-11,2021-11-11 13:28:55+00:00,8.748,-75.878,0.3048171997070312,0.2858081758022308,0.7292349934577942,0.6835836172103882,297.37872314453125,24.22872314453128,SMAP_L4_SM_gph_20211111T133000_Vv8010_001.h5
2021-11-12,2021-11-12 13:28:55+00:00,8.748,-75.878,0.2891328930854797,0.2814933657646179,0.691496729850769,0.6732933521270752,297.6261291503906,24.476129150390648,SMAP_L4_SM_gph_20211112T133000_Vv8010_001.h5
2021-11-13,2021-11-13 13:28:55+00:00,8.748,-75.878,0.3046389818191528,0.2815231382846832,0.7286860942840576,0.6732968688011169,297.6468505859375,24.496850585937523,SMAP_L4_SM_gph_20211113T133000_Vv8010_001.h5
2021-11-14,2021-11-14 13:28:55+00:00,8.748,-75.878,0.2880895137786865,0.2786898910999298,0.6893044114112854,0.6666383147239685,297.5176696777344,24.3676696777344,SMAP_L4_SM_gph_20211114T133000_Vv8010_001.h5
2021-11-15,2021-11-15 13:28:55+00:00,8.748,-75.878,0.3146538436412811,0.2796928286552429,0.7524862289428711,0.6689782738685608,297.5464782714844,24.3964782714844,SMAP_L4_SM_gph_20211115T133000_Vv8010_001.h5
2021-11-16,2021-11-16 13:28:55+00:00,8.748,-75.878,0.3054873645305633,0.2796774804592132,0.7306510210037231,0.6688643097877502,297.70855712890625,24.55855712890628,SMAP_L4_SM_gph_20211116T133000_Vv8010_001.h5
2021-11-17,2021-11-17 13:28:55+00:00,8.748,-75.878,0.2863837778568268,0.2769284844398498,0.6848189234733582,0.6624253392219543,297.8497314453125,24.699731445312523,SMAP_L4_SM_gph_20211117T133000_Vv8010_001.h5
2021-11-18,2021-11-18 13:28:55+00:00,8.748,-75.878,0.2842747569084167,0.275479793548584,0.6799576878547668,0.6587315201759338,297.9537048339844,24.8037048339844,SMAP_L4_SM_gph_20211118T133000_Vv8010_001.h5
2021-11-19,2021-11-19 13:28:55+00:00,8.748,-75.878,0.2766899466514587,0.2735306918621063,0.6617788672447205,0.6541032791137695,297.9583740234375,24.808374023437523,SMAP_L4_SM_gph_20211119T133000_Vv8010_001.h5
2021-11-20,2021-11-20 13:28:55+00:00,8.748,-75.878,0.275151640176773,0.272168219089508,0.6582240462303162,0.6508782505989075,297.0538330078125,23.903833007812523,SMAP_L4_SM_gph_20211120T133000_Vv8010_001.h5
2021-11-21,2021-11-21 13:28:55+00:00,8.748,-75.878,0.27277472615242,0.2705305814743042,0.6525285243988037,0.64683997631073,297.3384704589844,24.1884704589844,SMAP_L4_SM_gph_20211121T133000_Vv8010_001.h5
2021-11-22,2021-11-22 13:28:55+00:00,8.748,-75.878,0.2963450253009796,0.2710346281528473,0.708859920501709,0.6483458876609802,297.234375,24.084375000000023,SMAP_L4_SM_gph_20211122T133000_Vv8010_001.h5
2021-11-23,2021-11-23 13:28:55+00:00,8.748,-75.878,0.3098107576370239,0.2718790173530578,0.74094158411026,0.6502727270126343,296.9421691894531,23.792169189453148,SMAP_L4_SM_gph_20211123T133000_Vv8010_001.h5
2021-11-24,2021-11-24 13:28:55+00:00,8.748,-75.878,0.30835622549057,0.2731225788593292,0.737610936164856,0.6532617807388306,296.84442138671875,23.694421386718773,SMAP_L4_SM_gph_20211124T133000_Vv8010_001.h5
2021-11-25,2021-11-25 13:28:55+00:00,8.748,-75.878,0.310250461101532,0.2749828994274139,0.7419605851173401,0.657659113407135,296.7135314941406,23.563531494140648,SMAP_L4_SM_gph_20211125T133000_Vv8010_001.h5
2021-11-26,2021-11-26 13:28:55+00:00,8.748,-75.878,0.3066595792770386,0.2784466743469238,0.7333609461784363,0.6660059094429016,296.6241455078125,23.474145507812523,SMAP_L4_SM_gph_20211126T133000_Vv8010_001.h5
2021-11-27,2021-11-27 13:28:55+00:00,8.748,-75.878,0.3158678710460663,0.2827961444854736,0.7556347846984863,0.6763870120048523,297.0435485839844,23.8935485839844,SMAP_L4_SM_gph_20211127T133000_Vv8010_001.h5
2021-11-28,2021-11-28 13:28:55+00:00,8.748,-75.878,0.2993200123310089,0.2784125506877899,0.7159737944602966,0.6659172773361206,296.9496459960937,23.799645996093773,SMAP_L4_SM_gph_20211128T133000_Vv8010_001.h5
2021-11-29,2021-11-29 13:28:55+00:00,8.748,-75.878,0.308008074760437,0.276734858751297,0.736653745174408,0.6618480682373047,297.670654296875,24.520654296875023,SMAP_L4_SM_gph_20211129T133000_Vv8010_001.h5
2021-11-30,2021-11-30 13:28:55+00:00,8.748,-75.878,0.3091515600681305,0.2785634398460388,0.7395188212394714,0.6662362813949585,297.36541748046875,24.215417480468773,SMAP_L4_SM_gph_20211130T133000_Vv8010_001.h5
2021-12-01,2021-12-01 13:28:55+00:00,8.748,-75.878,0.3088041841983795,0.2772977650165558,0.7384495735168457,0.6631898880004883,297.1993103027344,24.0493103027344,SMAP_L4_SM_gph_20211201T133000_Vv8010_001.h5
2021-12-02,2021-12-02 13:28:55+00:00,8.748,-75.878,0.3016968369483948,0.2762259542942047,0.7218003869056702,0.6608180403709412,297.524658203125,24.374658203125023,SMAP_L4_SM_gph_20211202T133000_Vv8010_001.h5
2021-12-03,2021-12-03 13:28:55+00:00,8.748,-75.878,0.2823885381221771,0.2732017934322357,0.6754854917526245,0.6535419225692749,297.7160949707031,24.566094970703148,SMAP_L4_SM_gph_20211203T133000_Vv8010_001.h5
2021-12-04,2021-12-04 13:28:55+00:00,8.748,-75.878,0.2762690186500549,0.2709863781929016,0.6605940461158752,0.6482938528060913,297.9550476074219,24.805047607421898,SMAP_L4_SM_gph_20211204T133000_Vv8010_001.h5
2021-12-05,2021-12-05 13:28:55+00:00,8.748,-75.878,0.2780206203460693,0.2704646587371826,0.6649215221405029,0.6469646096229553,297.5983581542969,24.448358154296898,SMAP_L4_SM_gph_20211205T133000_Vv8010_001.h5
2021-12-06,2021-12-06 13:28:55+00:00,8.748,-75.878,0.2754013836383819,0.2690909504890442,0.6589256525039673,0.643540620803833,298.1756286621094,25.0256286621094,SMAP_L4_SM_gph_20211206T133000_Vv8010_001.h5
2021-12-07,2021-12-07 13:28:55+00:00,8.748,-75.878,0.2633860111236572,0.266753077507019,0.6299875974655151,0.6378242373466492,298.32916259765625,25.17916259765628,SMAP_L4_SM_gph_20211207T133000_Vv8010_001.h5
2021-12-08,2021-12-08 13:28:55+00:00,8.748,-75.878,0.2542913854122162,0.2642834186553955,0.6080037355422974,0.6319647431373596,297.90545654296875,24.755456542968773,SMAP_L4_SM_gph_20211208T133000_Vv8010_001.h5
2021-12-09,2021-12-09 13:28:55+00:00,8.748,-75.878,0.2443529963493347,0.2619722783565521,0.5843333601951599,0.6265192031860352,298.0340576171875,24.884057617187523,SMAP_L4_SM_gph_20211209T133000_Vv8010_001.h5
2021-12-10,2021-12-10 13:28:55+00:00,8.748,-75.878,0.2411941140890121,0.2598702311515808,0.5768100023269653,0.6215662360191345,298.0870361328125,24.937036132812523,SMAP_L4_SM_gph_20211210T133000_Vv8010_001.h5
2021-12-11,2021-12-11 13:28:55+00:00,8.748,-75.878,0.235440194606781,0.2579016983509063,0.5631858706474304,0.6168873906135559,298.0075378417969,24.857537841796898,SMAP_L4_SM_gph_20211211T133000_Vv8010_001.h5
2021-12-12,2021-12-12 13:28:55+00:00,8.748,-75.878,0.2263216376304626,0.255053848028183,0.5414785146713257,0.6098724007606506,297.4960327148437,24.346032714843773,SMAP_L4_SM_gph_20211212T133000_Vv8010_001.h5
2021-12-13,2021-12-13 13:28:55+00:00,8.748,-75.878,0.2303848266601562,0.2541005313396454,0.5510374903678894,0.6077357530593872,296.8011779785156,23.651177978515648,SMAP_L4_SM_gph_20211213T133000_Vv8010_001.h5
2021-12-14,2021-12-14 13:28:55+00:00,8.748,-75.878,0.2265979796648025,0.2523417472839355,0.5420670509338379,0.6036146879196167,297.133056640625,23.983056640625023,SMAP_L4_SM_gph_20211214T133000_Vv8010_001.h5
2021-12-15,2021-12-15 13:28:55+00:00,8.748,-75.878,0.2098380029201507,0.2491449862718582,0.5017263889312744,0.5958275198936462,297.45721435546875,24.307214355468773,SMAP_L4_SM_gph_20211215T133000_Vv8010_001.h5
2021-12-16,2021-12-16 13:28:55+00:00,8.748,-75.878,0.2175717949867248,0.2478724420070648,0.5203460454940796,0.592921793460846,297.6846923828125,24.534692382812523,SMAP_L4_SM_gph_20211216T133000_Vv8010_001.h5
2021-12-17,2021-12-17 13:28:55+00:00,8.748,-75.878,0.2122223079204559,0.2457897514104843,0.5074771046638489,0.5878492593765259,297.848388671875,24.698388671875023,SMAP_L4_SM_gph_20211217T133000_Vv8010_001.h5
2021-12-18,2021-12-18 13:28:55+00:00,8.748,-75.878,0.2360796332359314,0.2462345659732818,0.5647476315498352,0.5890308022499084,297.6483764648437,24.498376464843773,SMAP_L4_SM_gph_20211218T133000_Vv8010_001.h5
2021-12-19,2021-12-19 13:28:55+00:00,8.748,-75.878,0.2758246660232544,0.2513740062713623,0.6595335006713867,0.6011856198310852,297.2841491699219,24.134149169921898,SMAP_L4_SM_gph_20211219T133000_Vv8010_001.h5
2021-12-20,2021-12-20 13:28:55+00:00,8.748,-75.878,0.2520301342010498,0.2475946396589279,0.6029027104377747,0.5922497510910034,297.5761108398437,24.426110839843773,SMAP_L4_SM_gph_20211220T133000_Vv8010_001.h5
2021-12-21,2021-12-21 13:28:55+00:00,8.748,-75.878,0.2670444548130035,0.2475620806217193,0.6389222145080566,0.5919771790504456,297.3590393066406,24.209039306640648,SMAP_L4_SM_gph_20211221T133000_Vv8010_001.h5
2021-12-22,2021-12-22 13:28:55+00:00,8.748,-75.878,0.2676275372505188,0.2475881278514862,0.6401136517524719,0.5921218991279602,297.3592834472656,24.209283447265648,SMAP_L4_SM_gph_20211222T133000_Vv8010_001.h5
2021-12-23,2021-12-23 13:28:55+00:00,8.748,-75.878,0.2454026043415069,0.2445084303617477,0.5870607495307922,0.5848254561424255,297.32598876953125,24.17598876953128,SMAP_L4_SM_gph_20211223T133000_Vv8010_001.h5
2021-12-24,2021-12-24 13:28:55+00:00,8.748,-75.878,0.240014761686325,0.2431951165199279,0.5741032958030701,0.5816539525985718,297.21490478515625,24.06490478515628,SMAP_L4_SM_gph_20211224T133000_Vv8010_001.h5
2021-12-25,2021-12-25 13:28:55+00:00,8.748,-75.878,0.2160656005144119,0.2397183030843734,0.5167996883392334,0.5732844471931458,297.4565124511719,24.306512451171898,SMAP_L4_SM_gph_20211225T133000_Vv8010_001.h5
2021-12-26,2021-12-26 13:28:55+00:00,8.748,-75.878,0.2124383896589279,0.2376805245876312,0.5081976652145386,0.5684990882873535,297.54901123046875,24.399011230468773,SMAP_L4_SM_gph_20211226T133000_Vv8010_001.h5
2021-12-27,2021-12-27 13:28:55+00:00,8.748,-75.878,0.2646695375442505,0.2397928833961486,0.6331160068511963,0.5735636949539185,297.8633728027344,24.7133728027344,SMAP_L4_SM_gph_20211227T133000_Vv8010_001.h5
2021-12-28,2021-12-28 13:28:55+00:00,8.748,-75.878,0.2652862966060638,0.2409400194883346,0.6344748735427856,0.5763016939163208,297.78814697265625,24.63814697265628,SMAP_L4_SM_gph_20211228T133000_Vv8010_001.h5
2021-12-29,2021-12-29 13:28:55+00:00,8.748,-75.878,0.2395904809236526,0.2380992025136947,0.5730352401733398,0.5693792104721069,297.59765625,24.447656250000023,SMAP_L4_SM_gph_20211229T133000_Vv8010_001.h5
2021-12-30,2021-12-30 13:28:55+00:00,8.748,-75.878,0.2249511331319809,0.2354289591312408,0.5380674004554749,0.5631566643714905,297.804931640625,24.654931640625023,SMAP_L4_SM_gph_20211230T133000_Vv8010_001.h5
2021-12-31,2021-12-31 13:28:55+00:00,8.748,-75.878,0.2220408916473388,0.2338220328092575,0.5310631394386292,0.559198260307312,297.51715087890625,24.36715087890628,SMAP_L4_SM_gph_20211231T133000_Vv8010_001.h5
2022-01-01,2022-01-01 13:28:55+00:00,8.748,-75.878,0.2121881395578384,0.2312981486320495,0.5073825120925903,0.5531979203224182,297.1542053222656,24.004205322265648,SMAP_L4_SM_gph_20220101T133000_Vv8010_001.h5
2022-01-02,2022-01-02 13:28:55+00:00,8.748,-75.878,0.2133515775203704,0.2298577278852462,0.5101956129074097,0.5498434901237488,297.9005432128906,24.750543212890648,SMAP_L4_SM_gph_20220102T133000_Vv8010_001.h5
2022-01-03,2022-01-03 13:28:55+00:00,8.748,-75.878,0.206135556101799,0.2275144904851913,0.4930435121059418,0.5442399382591248,297.8338317871094,24.6838317871094,SMAP_L4_SM_gph_20220103T133000_Vv8010_001.h5
2022-01-04,2022-01-04 13:28:55+00:00,8.748,-75.878,0.200089156627655,0.2253553867340088,0.4785222113132477,0.5391384959220886,298.241455078125,25.091455078125023,SMAP_L4_SM_gph_20220104T133000_Vv8010_001.h5
2022-01-05,2022-01-05 13:28:55+00:00,8.748,-75.878,0.1904161423444748,0.222864955663681,0.4553993046283722,0.5329923629760742,297.6379699707031,24.487969970703148,SMAP_L4_SM_gph_20220105T133000_Vv8010_001.h5
2022-01-06,2022-01-06 13:28:55+00:00,8.748,-75.878,0.1872855126857757,0.2210006862878799,0.4478864371776581,0.5284261703491211,297.21533203125,24.065332031250023,SMAP_L4_SM_gph_20220106T133000_Vv8010_001.h5
2022-01-07,2022-01-07 13:28:55+00:00,8.748,-75.878,0.182656317949295,0.2190325260162353,0.4369193613529205,0.5237483978271484,297.3803100585937,24.230310058593773,SMAP_L4_SM_gph_20220107T133000_Vv8010_001.h5
2022-01-08,2022-01-08 13:28:55+00:00,8.748,-75.878,0.1888881921768188,0.2175436168909073,0.4518388211727142,0.520415723323822,297.3189697265625,24.168969726562523,SMAP_L4_SM_gph_20220108T133000_Vv8010_001.h5
2022-01-09,2022-01-09 13:28:55+00:00,8.748,-75.878,0.2471272647380828,0.2224122881889343,0.5910202264785767,0.531927764415741,296.87127685546875,23.721276855468773,SMAP_L4_SM_gph_20220109T133000_Vv8010_001.h5
2022-01-10,2022-01-10 13:28:55+00:00,8.748,-75.878,0.216766744852066,0.2182073295116424,0.5185666680335999,0.5218332409858704,296.4960327148437,23.346032714843773,SMAP_L4_SM_gph_20220110T133000_Vv8010_001.h5
2022-01-11,2022-01-11 13:28:55+00:00,8.748,-75.878,0.2158689498901367,0.2173199206590652,0.5163226127624512,0.5197266340255737,296.6623229980469,23.512322998046898,SMAP_L4_SM_gph_20220111T133000_Vv8010_001.h5
2022-01-12,2022-01-12 13:28:55+00:00,8.748,-75.878,0.2495475560426712,0.2216918617486953,0.5967732071876526,0.5301564931869507,296.7261047363281,23.576104736328148,SMAP_L4_SM_gph_20220112T133000_Vv8010_001.h5
2022-01-13,2022-01-13 13:28:55+00:00,8.748,-75.878,0.2244578450918197,0.2181148529052734,0.5369541645050049,0.5216837525367737,296.8361511230469,23.686151123046898,SMAP_L4_SM_gph_20220113T133000_Vv8010_001.h5
2022-01-14,2022-01-14 13:28:55+00:00,8.748,-75.878,0.2375129759311676,0.2191539108753204,0.5681937336921692,0.5240540504455566,296.5307922363281,23.380792236328148,SMAP_L4_SM_gph_20220114T133000_Vv8010_001.h5
2022-01-15,2022-01-15 13:28:55+00:00,8.748,-75.878,0.2143341898918151,0.2162195295095443,0.5126800537109375,0.5171962976455688,296.58892822265625,23.43892822265628,SMAP_L4_SM_gph_20220115T133000_Vv8010_001.h5
2022-01-16,2022-01-16 13:28:55+00:00,8.748,-75.878,0.1975604742765426,0.2136408388614654,0.4725780785083771,0.5111474394798279,296.94580078125,23.795800781250023,SMAP_L4_SM_gph_20220116T133000_Vv8010_001.h5
2022-01-17,2022-01-17 13:28:55+00:00,8.748,-75.878,0.2058737576007843,0.2128638625144958,0.4923902153968811,0.5091524720191956,297.29669189453125,24.14669189453128,SMAP_L4_SM_gph_20220117T133000_Vv8010_001.h5
2022-01-18,2022-01-18 13:28:55+00:00,8.748,-75.878,0.1938515156507492,0.2105526328086853,0.4635676443576813,0.5035958290100098,297.5998840332031,24.449884033203148,SMAP_L4_SM_gph_20220118T133000_Vv8010_001.h5
2022-01-19,2022-01-19 13:28:55+00:00,8.748,-75.878,0.1835528463125229,0.2087810635566711,0.4389913380146026,0.4992723762989044,297.3658447265625,24.215844726562523,SMAP_L4_SM_gph_20220119T133000_Vv8010_001.h5
2022-01-20,2022-01-20 13:28:55+00:00,8.748,-75.878,0.17811881005764,0.2067804783582687,0.4259179830551147,0.4946316182613373,297.40362548828125,24.25362548828128,SMAP_L4_SM_gph_20220120T133000_Vv8010_001.h5
2022-01-21,2022-01-21 13:28:55+00:00,8.748,-75.878,0.1685408949851989,0.2050018906593322,0.4031084179878235,0.4902146458625793,297.8900146484375,24.740014648437523,SMAP_L4_SM_gph_20220121T133000_Vv8010_001.h5
2022-01-22,2022-01-22 13:28:55+00:00,8.748,-75.878,0.1666834652423858,0.2032287120819091,0.3986763656139374,0.4860936999320984,298.51226806640625,25.36226806640628,SMAP_L4_SM_gph_20220122T133000_Vv8010_001.h5
2022-01-23,2022-01-23 13:28:55+00:00,8.748,-75.878,0.1635421514511108,0.2014047801494598,0.3910590410232544,0.4818022549152374,298.13092041015625,24.98092041015628,SMAP_L4_SM_gph_20220123T133000_Vv8010_001.h5
2022-01-24,2022-01-24 13:28:55+00:00,8.748,-75.878,0.1479640454053878,0.1991901397705078,0.3538962602615356,0.4763481318950653,297.6103515625,24.460351562500023,SMAP_L4_SM_gph_20220124T133000_Vv8010_001.h5
2022-01-25,2022-01-25 13:28:55+00:00,8.748,-75.878,0.1492317169904709,0.1979789435863495,0.356937974691391,0.4734807908535003,297.6125793457031,24.462579345703148,SMAP_L4_SM_gph_20220125T133000_Vv8010_001.h5
2022-01-26,2022-01-26 13:28:55+00:00,8.748,-75.878,0.1591351777315139,0.1973375827074051,0.3806880712509155,0.4719724357128143,297.5908508300781,24.440850830078148,SMAP_L4_SM_gph_20220126T133000_Vv8010_001.h5
2022-01-27,2022-01-27 13:28:55+00:00,8.748,-75.878,0.1624869108200073,0.1963085383176803,0.3885902166366577,0.4695535004138946,297.65087890625,24.500878906250023,SMAP_L4_SM_gph_20220127T133000_Vv8010_001.h5
2022-01-28,2022-01-28 13:28:55+00:00,8.748,-75.878,0.1611089408397674,0.1951890438795089,0.3854013085365295,0.4668885469436645,297.3802490234375,24.230249023437523,SMAP_L4_SM_gph_20220128T133000_Vv8010_001.h5
2022-01-29,2022-01-29 13:28:55+00:00,8.748,-75.878,0.1630360633134842,0.1944014728069305,0.3899013698101043,0.4649133086204529,297.7074584960937,24.557458496093773,SMAP_L4_SM_gph_20220129T133000_Vv8010_001.h5
2022-01-30,2022-01-30 13:28:55+00:00,8.748,-75.878,0.1606905609369278,0.1935094445943832,0.3843890428543091,0.4628995656967163,296.7261962890625,23.576196289062523,SMAP_L4_SM_gph_20220130T133000_Vv8010_001.h5
2022-01-31,2022-01-31 13:28:55+00:00,8.748,-75.878,0.1590950042009353,0.192500814795494,0.3805135488510132,0.4605432450771332,296.0219116210937,22.871911621093773,SMAP_L4_SM_gph_20220131T133000_Vv8010_001.h5
2022-02-01,2022-02-01 13:28:55+00:00,8.748,-75.878,0.1394673138856887,0.1902610212564468,0.3335805833339691,0.4549762308597564,296.40985107421875,23.259851074218773,SMAP_L4_SM_gph_20220201T133000_Vv8010_001.h5
2022-02-02,2022-02-02 13:28:55+00:00,8.748,-75.878,0.137924313545227,0.1887817978858947,0.3299658000469208,0.4514833390712738,296.9178466796875,23.767846679687523,SMAP_L4_SM_gph_20220202T133000_Vv8010_001.h5
2022-02-03,2022-02-03 13:28:55+00:00,8.748,-75.878,0.1293248683214187,0.1869387030601501,0.3093336522579193,0.4470946788787842,297.4727478027344,24.3227478027344,SMAP_L4_SM_gph_20220203T133000_Vv8010_001.h5
2022-02-04,2022-02-04 13:28:55+00:00,8.748,-75.878,0.1311098486185073,0.1856720745563507,0.3136115074157715,0.4440449476242065,297.9118347167969,24.761834716796898,SMAP_L4_SM_gph_20220204T133000_Vv8010_001.h5
2022-02-05,2022-02-05 13:28:55+00:00,8.748,-75.878,0.136181354522705,0.1850219219923019,0.3258444666862488,0.4424762725830078,297.5977783203125,24.447778320312523,SMAP_L4_SM_gph_20220205T133000_Vv8010_001.h5
2022-02-06,2022-02-06 13:28:55+00:00,8.748,-75.878,0.1356594413518905,0.1842197179794311,0.3243816792964935,0.4406596720218658,296.9249572753906,23.774957275390648,SMAP_L4_SM_gph_20220206T133000_Vv8010_001.h5
2022-02-07,2022-02-07 13:28:55+00:00,8.748,-75.878,0.1450131833553314,0.1837948262691497,0.3469123840332031,0.4396892786026001,297.0953369140625,23.945336914062523,SMAP_L4_SM_gph_20220207T133000_Vv8010_001.h5
2022-02-08,2022-02-08 13:28:55+00:00,8.748,-75.878,0.1620708405971527,0.1847784370183944,0.3876143991947174,0.4419524073600769,297.6005249023437,24.450524902343773,SMAP_L4_SM_gph_20220208T133000_Vv8010_001.h5
2022-02-09,2022-02-09 13:28:55+00:00,8.748,-75.878,0.1374153792858123,0.1826410591602325,0.3286114931106567,0.4367852807044983,297.83233642578125,24.68233642578128,SMAP_L4_SM_gph_20220209T133000_Vv8010_001.h5
2022-02-10,2022-02-10 13:28:55+00:00,8.748,-75.878,0.1718764901161193,0.1838729977607727,0.4111402630805969,0.4397815763950348,298.0340576171875,24.884057617187523,SMAP_L4_SM_gph_20220210T133000_Vv8010_001.h5
2022-02-11,2022-02-11 13:28:55+00:00,8.748,-75.878,0.1481117308139801,0.1818689554929733,0.3543648719787597,0.4349251985549927,298.38092041015625,25.23092041015628,SMAP_L4_SM_gph_20220211T133000_Vv8010_001.h5
2022-02-12,2022-02-12 13:28:55+00:00,8.748,-75.878,0.1435667127370834,0.1805614680051803,0.3433936238288879,0.4318061172962188,298.00396728515625,24.85396728515628,SMAP_L4_SM_gph_20220212T133000_Vv8010_001.h5
2022-02-13,2022-02-13 13:28:55+00:00,8.748,-75.878,0.1382759511470794,0.1791372448205948,0.3307207226753235,0.4284941554069519,298.0299987792969,24.879998779296898,SMAP_L4_SM_gph_20220213T133000_Vv8010_001.h5
2022-02-14,2022-02-14 13:28:55+00:00,8.748,-75.878,0.1408261954784393,0.1783043593168258,0.3367627263069153,0.4265127778053283,298.6876525878906,25.537652587890648,SMAP_L4_SM_gph_20220214T133000_Vv8010_001.h5
2022-02-15,2022-02-15 13:28:55+00:00,8.748,-75.878,0.1749496906995773,0.1798035800457,0.4184511005878448,0.4300678670406341,298.2435302734375,25.093530273437523,SMAP_L4_SM_gph_20220215T133000_Vv8010_001.h5
2022-02-16,2022-02-16 13:28:55+00:00,8.748,-75.878,0.1643992960453033,0.178635761141777,0.3931737244129181,0.4272867143154144,297.706787109375,24.556787109375023,SMAP_L4_SM_gph_20220216T133000_Vv8010_001.h5
2022-02-17,2022-02-17 13:28:55+00:00,8.748,-75.878,0.1371313333511352,0.1762855798006057,0.3279765844345093,0.4215433001518249,297.6915283203125,24.541528320312523,SMAP_L4_SM_gph_20220217T133000_Vv8010_001.h5
2022-02-18,2022-02-18 13:28:55+00:00,8.748,-75.878,0.1289552748203277,0.174907848238945,0.3085119426250458,0.4183631837368011,298.47137451171875,25.321374511718773,SMAP_L4_SM_gph_20220218T133000_Vv8010_001.h5
2022-02-19,2022-02-19 13:28:55+00:00,8.748,-75.878,0.1320047974586486,0.1742211580276489,0.3157791495323181,0.4166513979434967,298.17779541015625,25.02779541015628,SMAP_L4_SM_gph_20220219T133000_Vv8010_001.h5
2022-02-20,2022-02-20 13:28:55+00:00,8.748,-75.878,0.1271421760320663,0.173292264342308,0.3041093945503235,0.4143822193145752,297.7628173828125,24.612817382812523,SMAP_L4_SM_gph_20220220T133000_Vv8010_001.h5
2022-02-21,2022-02-21 13:28:55+00:00,8.748,-75.878,0.1335237175226211,0.172996774315834,0.3193956613540649,0.4137601554393768,297.4989624023437,24.348962402343773,SMAP_L4_SM_gph_20220221T133000_Vv8010_001.h5
2022-02-22,2022-02-22 13:28:55+00:00,8.748,-75.878,0.1216012686491012,0.1716358661651611,0.2908799946308136,0.4104540348052978,297.439697265625,24.289697265625023,SMAP_L4_SM_gph_20220222T133000_Vv8010_001.h5
2022-02-23,2022-02-23 13:28:55+00:00,8.748,-75.878,0.114584781229496,0.1703779399394989,0.2740042209625244,0.4075863063335418,298.1166687011719,24.966668701171898,SMAP_L4_SM_gph_20220223T133000_Vv8010_001.h5
2022-02-24,2022-02-24 13:28:55+00:00,8.748,-75.878,0.111197829246521,0.1694432944059372,0.2659954130649566,0.4052912592887878,298.189697265625,25.039697265625023,SMAP_L4_SM_gph_20220224T133000_Vv8010_001.h5
2022-02-25,2022-02-25 13:28:55+00:00,8.748,-75.878,0.1175237596035003,0.1690926551818847,0.2810142636299133,0.4044032990932464,298.4530334472656,25.303033447265648,SMAP_L4_SM_gph_20220225T133000_Vv8010_001.h5
2022-02-26,2022-02-26 13:28:55+00:00,8.748,-75.878,0.1112290471792221,0.1680831313133239,0.2660801112651825,0.4020720720291137,298.02215576171875,24.872155761718773,SMAP_L4_SM_gph_20220226T133000_Vv8010_001.h5
2022-02-27,2022-02-27 13:28:55+00:00,8.748,-75.878,0.1198622584342956,0.1679116040468216,0.2866628170013428,0.4015292823314667,298.0420837402344,24.8920837402344,SMAP_L4_SM_gph_20220227T133000_Vv8010_001.h5
2022-02-28,2022-02-28 13:28:55+00:00,8.748,-75.878,0.1744940131902694,0.1710854470729828,0.4173785150051117,0.4091824293136596,298.26129150390625,25.11129150390628,SMAP_L4_SM_gph_20220228T133000_Vv8010_001.h5
2022-03-01,2022-03-01 13:28:55+00:00,8.748,-75.878,0.2749613523483276,0.1984235793352127,0.6574944853782654,0.4745603501796722,297.4709167480469,24.320916748046898,SMAP_L4_SM_gph_20220301T133000_Vv8010_001.h5
2022-03-02,2022-03-02 13:28:55+00:00,8.748,-75.878,0.2641655206680298,0.1905756741762161,0.6317436695098877,0.4558283388614654,297.4403381347656,24.290338134765648,SMAP_L4_SM_gph_20220302T133000_Vv8010_001.h5
2022-03-03,2022-03-03 13:28:55+00:00,8.748,-75.878,0.2259862273931503,0.1968681961297989,0.5405133366584778,0.4707844853401184,297.931396484375,24.781396484375023,SMAP_L4_SM_gph_20220303T133000_Vv8010_001.h5
2022-03-04,2022-03-04 13:28:55+00:00,8.748,-75.878,0.2019883543252945,0.1915720254182815,0.4830809235572815,0.4581252038478851,298.16766357421875,25.017663574218773,SMAP_L4_SM_gph_20220304T133000_Vv8010_001.h5
2022-03-05,2022-03-05 13:28:55+00:00,8.748,-75.878,0.1971011608839035,0.1890455037355423,0.4714343845844269,0.4522032439708709,298.0816650390625,24.931665039062523,SMAP_L4_SM_gph_20220305T133000_Vv8010_001.h5
2022-03-06,2022-03-06 13:28:55+00:00,8.748,-75.878,0.2248667478561401,0.1909219920635223,0.5377980470657349,0.4565939903259277,297.9263610839844,24.7763610839844,SMAP_L4_SM_gph_20220306T133000_Vv8010_001.h5
2022-03-07,2022-03-07 13:28:55+00:00,8.748,-75.878,0.2113130539655685,0.190126284956932,0.5053888559341431,0.4547571837902069,297.6368713378906,24.486871337890648,SMAP_L4_SM_gph_20220307T133000_Vv8010_001.h5
2022-03-08,2022-03-08 13:28:55+00:00,8.748,-75.878,0.1950348764657974,0.1877642422914505,0.4665518701076507,0.4490675330162048,297.73541259765625,24.58541259765628,SMAP_L4_SM_gph_20220308T133000_Vv8010_001.h5
2022-03-09,2022-03-09 13:28:55+00:00,8.748,-75.878,0.187065303325653,0.1864911615848541,0.4474911689758301,0.4461234807968139,297.82769775390625,24.67769775390628,SMAP_L4_SM_gph_20220309T133000_Vv8010_001.h5
2022-03-10,2022-03-10 13:28:55+00:00,8.748,-75.878,0.1692752987146377,0.1846074163913726,0.4048210084438324,0.441591739654541,297.9075927734375,24.757592773437523,SMAP_L4_SM_gph_20220310T133000_Vv8010_001.h5
2022-03-11,2022-03-11 13:28:55+00:00,8.748,-75.878,0.1637050211429596,0.1833830177783966,0.391607791185379,0.4387010931968689,297.9098815917969,24.759881591796898,SMAP_L4_SM_gph_20220311T133000_Vv8010_001.h5
2022-03-12,2022-03-12 13:28:55+00:00,8.748,-75.878,0.1516043096780777,0.1813669204711914,0.3625398874282837,0.4338133931159973,298.6239624023437,25.473962402343773,SMAP_L4_SM_gph_20220312T133000_Vv8010_001.h5
2022-03-13,2022-03-13 13:28:55+00:00,8.748,-75.878,0.1456294953823089,0.1801010817289352,0.3482829630374908,0.4308027625083923,298.58221435546875,25.432214355468773,SMAP_L4_SM_gph_20220313T133000_Vv8010_001.h5
2022-03-14,2022-03-14 13:28:55+00:00,8.748,-75.878,0.1580976098775863,0.1800794452428817,0.3781972825527191,0.4307831823825836,298.43145751953125,25.28145751953128,SMAP_L4_SM_gph_20220314T133000_Vv8010_001.h5
2022-03-15,2022-03-15 13:28:55+00:00,8.748,-75.878,0.1418930441141128,0.1784845143556594,0.3392829000949859,0.4268927872180938,298.3539428710937,25.203942871093773,SMAP_L4_SM_gph_20220315T133000_Vv8010_001.h5
2022-03-16,2022-03-16 13:28:55+00:00,8.748,-75.878,0.13192680478096,0.1769414842128753,0.3154602944850921,0.423222929239273,298.6234130859375,25.473413085937523,SMAP_L4_SM_gph_20220316T133000_Vv8010_001.h5
2022-03-17,2022-03-17 13:28:55+00:00,8.748,-75.878,0.130159318447113,0.1758842766284942,0.3113782405853271,0.4206570982933044,298.6313171386719,25.481317138671898,SMAP_L4_SM_gph_20220317T133000_Vv8010_001.h5
2022-03-18,2022-03-18 13:28:55+00:00,8.748,-75.878,0.1193587556481361,0.1744558364152908,0.2854547500610351,0.4172482490539551,298.9545288085937,25.804528808593773,SMAP_L4_SM_gph_20220318T133000_Vv8010_001.h5
2022-03-19,2022-03-19 13:28:55+00:00,8.748,-75.878,0.1164231300354003,0.1734937727451324,0.2784668803215027,0.4149300456047058,298.9760131835937,25.826013183593773,SMAP_L4_SM_gph_20220319T133000_Vv8010_001.h5
2022-03-20,2022-03-20 13:28:55+00:00,8.748,-75.878,0.116653949022293,0.1727688461542129,0.2789843082427978,0.4132772386074066,298.7648010253906,25.614801025390648,SMAP_L4_SM_gph_20220320T133000_Vv8010_001.h5
2022-03-21,2022-03-21 13:28:55+00:00,8.748,-75.878,0.1059263572096824,0.1714768558740615,0.2533507049083709,0.410113513469696,298.8776550292969,25.727655029296898,SMAP_L4_SM_gph_20220321T133000_Vv8010_001.h5
2022-03-22,2022-03-22 13:28:55+00:00,8.748,-75.878,0.1104362308979034,0.1709421873092651,0.2640929222106933,0.408808946609497,298.8233642578125,25.673364257812523,SMAP_L4_SM_gph_20220322T133000_Vv8010_001.h5
2022-03-23,2022-03-23 13:28:55+00:00,8.748,-75.878,0.099289558827877,0.1696261167526245,0.2374813705682754,0.4057898223400116,298.9876403808594,25.8376403808594,SMAP_L4_SM_gph_20220323T133000_Vv8010_001.h5
2022-03-24,2022-03-24 13:28:55+00:00,8.748,-75.878,0.0986204966902732,0.1687709689140319,0.2358424961566925,0.4036761522293091,299.0131225585937,25.863122558593773,SMAP_L4_SM_gph_20220324T133000_Vv8010_001.h5
2022-03-25,2022-03-25 13:28:55+00:00,8.748,-75.878,0.1132104024291038,0.1687930524349212,0.2707818746566772,0.4037704467773437,299.0678100585937,25.917810058593773,SMAP_L4_SM_gph_20220325T133000_Vv8010_001.h5
2022-03-26,2022-03-26 13:28:55+00:00,8.748,-75.878,0.1143690645694732,0.168081521987915,0.2734809219837188,0.402115911245346,299.146240234375,25.996240234375023,SMAP_L4_SM_gph_20220326T133000_Vv8010_001.h5
2022-03-27,2022-03-27 13:28:55+00:00,8.748,-75.878,0.1539583653211593,0.1701263487339019,0.368161529302597,0.4069197177886963,298.9276123046875,25.777612304687523,SMAP_L4_SM_gph_20220327T133000_Vv8010_001.h5
2022-03-28,2022-03-28 13:28:55+00:00,8.748,-75.878,0.2291340827941894,0.1795455813407898,0.5481777787208557,0.4293954074382782,298.4426574707031,25.292657470703148,SMAP_L4_SM_gph_20220328T133000_Vv8010_001.h5
2022-03-29,2022-03-29 13:28:55+00:00,8.748,-75.878,0.1982789188623428,0.1773102730512619,0.4741683006286621,0.4241209924221039,298.97998046875,25.829980468750023,SMAP_L4_SM_gph_20220329T133000_Vv8010_001.h5
2022-03-30,2022-03-30 13:28:55+00:00,8.748,-75.878,0.2053275257349014,0.1790103912353515,0.4910730123519897,0.4282113313674927,298.8395080566406,25.689508056640648,SMAP_L4_SM_gph_20220330T133000_Vv8010_001.h5
2022-03-31,2022-03-31 13:28:55+00:00,8.748,-75.878,0.2188762426376342,0.1837034374475479,0.5233548879623413,0.4394245147705078,298.7132263183594,25.5632263183594,SMAP_L4_SM_gph_20220331T133000_Vv8010_001.h5
2022-04-01,2022-04-01 13:28:55+00:00,8.748,-75.878,0.2352693080902099,0.1904557049274444,0.5627656579017639,0.4555158019065857,298.3124389648437,25.162438964843773,SMAP_L4_SM_gph_20220401T133000_Vv8010_001.h5
2022-04-02,2022-04-02 13:28:55+00:00,8.748,-75.878,0.2091341614723205,0.188626691699028,0.500148594379425,0.4512116909027099,298.4725341796875,25.322534179687523,SMAP_L4_SM_gph_20220402T133000_Vv8010_001.h5
2022-04-03,2022-04-03 13:28:55+00:00,8.748,-75.878,0.2308774292469024,0.1885235607624054,0.5522765517234802,0.4508947134017944,298.7245178222656,25.574517822265648,SMAP_L4_SM_gph_20220403T133000_Vv8010_001.h5
2022-04-04,2022-04-04 13:28:55+00:00,8.748,-75.878,0.2387343347072601,0.1949706673622131,0.5709152221679688,0.4663756191730499,298.35504150390625,25.20504150390628,SMAP_L4_SM_gph_20220404T133000_Vv8010_001.h5
2022-04-05,2022-04-05 13:28:55+00:00,8.748,-75.878,0.235459491610527,0.1962431222200393,0.5632319450378418,0.4692811369895935,298.2976379394531,25.147637939453148,SMAP_L4_SM_gph_20220405T133000_Vv8010_001.h5
2022-04-06,2022-04-06 13:28:55+00:00,8.748,-75.878,0.2013378292322158,0.1899598091840744,0.4815552234649658,0.4544342458248138,298.93798828125,25.787988281250023,SMAP_L4_SM_gph_20220406T133000_Vv8010_001.h5
2022-04-07,2022-04-07 13:28:55+00:00,8.748,-75.878,0.2952339351177215,0.2042577266693115,0.7061425447463989,0.488544225692749,298.58154296875,25.431542968750023,SMAP_L4_SM_gph_20220407T133000_Vv8010_001.h5
2022-04-08,2022-04-08 13:28:55+00:00,8.748,-75.878,0.2537026703357696,0.2000085115432739,0.6069738864898682,0.4783507287502289,298.527099609375,25.377099609375023,SMAP_L4_SM_gph_20220408T133000_Vv8010_001.h5
2022-04-09,2022-04-09 13:28:55+00:00,8.748,-75.878,0.217254564166069,0.1968871355056762,0.5196149945259094,0.4708820879459381,298.885498046875,25.735498046875023,SMAP_L4_SM_gph_20220409T133000_Vv8010_001.h5
2022-04-10,2022-04-10 13:28:55+00:00,8.748,-75.878,0.1911468207836151,0.1933468431234359,0.4571811258792877,0.462373286485672,298.901611328125,25.751611328125023,SMAP_L4_SM_gph_20220410T133000_Vv8010_001.h5
2022-04-11,2022-04-11 13:28:55+00:00,8.748,-75.878,0.1866438388824463,0.1916853934526443,0.4464534819126129,0.4584689438343048,298.89013671875,25.740136718750023,SMAP_L4_SM_gph_20220411T133000_Vv8010_001.h5
2022-04-12,2022-04-12 13:28:55+00:00,8.748,-75.878,0.1981008797883987,0.1911536753177642,0.4738802313804626,0.4572088122367859,299.3779296875,26.227929687500023,SMAP_L4_SM_gph_20220412T133000_Vv8010_001.h5
2022-04-13,2022-04-13 13:28:55+00:00,8.748,-75.878,0.1746646463871002,0.1885582953691482,0.4177402853965759,0.4510591924190521,299.4376220703125,26.287622070312523,SMAP_L4_SM_gph_20220413T133000_Vv8010_001.h5
2022-04-14,2022-04-14 13:28:55+00:00,8.748,-75.878,0.1790403425693512,0.1874908059835434,0.4282838702201843,0.4484549462795257,299.56964111328125,26.41964111328128,SMAP_L4_SM_gph_20220414T133000_Vv8010_001.h5
2022-04-15,2022-04-15 13:28:55+00:00,8.748,-75.878,0.1926669031381607,0.1877004504203796,0.4608260691165924,0.4489752948284149,299.2262268066406,26.076226806640648,SMAP_L4_SM_gph_20220415T133000_Vv8010_001.h5
2022-04-16,2022-04-16 13:28:55+00:00,8.748,-75.878,0.2073412239551544,0.1877512037754058,0.4959646463394165,0.4489485025405884,299.24395751953125,26.09395751953128,SMAP_L4_SM_gph_20220416T133000_Vv8010_001.h5
2022-04-17,2022-04-17 13:28:55+00:00,8.748,-75.878,0.2140727341175079,0.1889306604862213,0.512114942073822,0.4519297480583191,298.9765014648437,25.826501464843773,SMAP_L4_SM_gph_20220417T133000_Vv8010_001.h5
2022-04-18,2022-04-18 13:28:55+00:00,8.748,-75.878,0.2121410965919494,0.1895936131477356,0.5073574781417847,0.453579694032669,298.32574462890625,25.17574462890628,SMAP_L4_SM_gph_20220418T133000_Vv8010_001.h5
2022-04-19,2022-04-19 13:28:55+00:00,8.748,-75.878,0.2905872166156769,0.198568508028984,0.6951476335525513,0.4749974012374878,298.3299255371094,25.1799255371094,SMAP_L4_SM_gph_20220419T133000_Vv8010_001.h5
2022-04-20,2022-04-20 13:28:55+00:00,8.748,-75.878,0.2300238162279129,0.1969153434038162,0.5501760840415955,0.4708703160285949,297.557861328125,24.407861328125023,SMAP_L4_SM_gph_20220420T133000_Vv8010_001.h5
2022-04-21,2022-04-21 13:28:55+00:00,8.748,-75.878,0.2209283709526062,0.1954731494188308,0.528504490852356,0.4674744606018066,297.6858215332031,24.535821533203148,SMAP_L4_SM_gph_20220421T133000_Vv8010_001.h5
2022-04-22,2022-04-22 13:28:55+00:00,8.748,-75.878,0.2571176290512085,0.1998010277748108,0.6149908900260925,0.4778357744216919,297.41229248046875,24.262292480468773,SMAP_L4_SM_gph_20220422T133000_Vv8010_001.h5
2022-04-23,2022-04-23 13:28:55+00:00,8.748,-75.878,0.2158613502979278,0.1976464241743087,0.5161067247390747,0.4726978540420532,297.4686584472656,24.318658447265648,SMAP_L4_SM_gph_20220423T133000_Vv8010_001.h5
2022-04-24,2022-04-24 13:28:55+00:00,8.748,-75.878,0.1848948746919632,0.1931915581226349,0.4422784447669983,0.46204274892807,297.9686279296875,24.818627929687523,SMAP_L4_SM_gph_20220424T133000_Vv8010_001.h5
2022-04-25,2022-04-25 13:28:55+00:00,8.748,-75.878,0.213746041059494,0.1934501379728317,0.5110861659049988,0.4627276062965393,298.0614013671875,24.911401367187523,SMAP_L4_SM_gph_20220425T133000_Vv8010_001.h5
2022-04-26,2022-04-26 13:28:55+00:00,8.748,-75.878,0.2207722663879394,0.1951328217983245,0.5280209183692932,0.4667242765426636,298.26904296875,25.119042968750023,SMAP_L4_SM_gph_20220426T133000_Vv8010_001.h5
2022-04-27,2022-04-27 13:28:55+00:00,8.748,-75.878,0.2089214473962783,0.1932827681303024,0.4996991157531738,0.4622802734375,298.3214416503906,25.171441650390648,SMAP_L4_SM_gph_20220427T133000_Vv8010_001.h5
2022-04-28,2022-04-28 13:28:55+00:00,8.748,-75.878,0.2911153733730316,0.2120184600353241,0.6962981820106506,0.5071598291397095,298.54864501953125,25.39864501953128,SMAP_L4_SM_gph_20220428T133000_Vv8010_001.h5
2022-04-29,2022-04-29 13:28:55+00:00,8.748,-75.878,0.2509743571281433,0.2142922729253769,0.6003118753433228,0.5126564502716064,298.05389404296875,24.903894042968773,SMAP_L4_SM_gph_20220429T133000_Vv8010_001.h5
2022-04-30,2022-04-30 13:28:55+00:00,8.748,-75.878,0.2127778828144073,0.2065329253673553,0.5089814066886902,0.4939959943294525,298.2625732421875,25.112573242187523,SMAP_L4_SM_gph_20220430T133000_Vv8010_001.h5
2022-05-01,2022-05-01 13:28:55+00:00,8.748,-75.878,0.2344307005405426,0.2060587704181671,0.5607298612594604,0.4927752614021301,298.21990966796875,25.069909667968773,SMAP_L4_SM_gph_20220501T133000_Vv8010_001.h5
2022-05-02,2022-05-02 13:28:55+00:00,8.748,-75.878,0.2298448532819748,0.2038665115833282,0.5499073266983032,0.4876613616943359,298.3748779296875,25.224877929687523,SMAP_L4_SM_gph_20220502T133000_Vv8010_001.h5
2022-05-03,2022-05-03 13:28:55+00:00,8.748,-75.878,0.2124734818935394,0.2018123120069503,0.5081369280815125,0.4827480316162109,299.1283264160156,25.978326416015648,SMAP_L4_SM_gph_20220503T133000_Vv8010_001.h5
2022-05-04,2022-05-04 13:28:55+00:00,8.748,-75.878,0.1947368681430816,0.1989749521017074,0.4658072292804718,0.475993663072586,299.48248291015625,26.33248291015628,SMAP_L4_SM_gph_20220504T133000_Vv8010_001.h5
2022-05-05,2022-05-05 13:28:55+00:00,8.748,-75.878,0.2661799788475036,0.20567087829113,0.6365067362785339,0.4918159544467926,299.0746765136719,25.924676513671898,SMAP_L4_SM_gph_20220505T133000_Vv8010_001.h5
2022-05-06,2022-05-06 13:28:55+00:00,8.748,-75.878,0.2415476739406585,0.2101994305849075,0.5777440667152405,0.5027114152908325,298.19317626953125,25.04317626953128,SMAP_L4_SM_gph_20220506T133000_Vv8010_001.h5
2022-05-07,2022-05-07 13:28:55+00:00,8.748,-75.878,0.2210433632135391,0.2067534476518631,0.5285989046096802,0.4945449233055115,298.27215576171875,25.122155761718773,SMAP_L4_SM_gph_20220507T133000_Vv8010_001.h5
2022-05-08,2022-05-08 13:28:55+00:00,8.748,-75.878,0.2050953209400177,0.2028780281543731,0.490466445684433,0.4852626323699951,298.887451171875,25.737451171875023,SMAP_L4_SM_gph_20220508T133000_Vv8010_001.h5
2022-05-09,2022-05-09 13:28:55+00:00,8.748,-75.878,0.2312592267990112,0.2034485042095184,0.5531325936317444,0.4866127669811249,299.0805969238281,25.930596923828148,SMAP_L4_SM_gph_20220509T133000_Vv8010_001.h5
2022-05-10,2022-05-10 13:28:55+00:00,8.748,-75.878,0.2540615200996399,0.2055992633104324,0.6076438426971436,0.4918148815631866,298.8355712890625,25.685571289062523,SMAP_L4_SM_gph_20220510T133000_Vv8010_001.h5
2022-05-11,2022-05-11 13:28:55+00:00,8.748,-75.878,0.260183036327362,0.2120854258537292,0.6221621036529541,0.5072861909866333,297.881591796875,24.731591796875023,SMAP_L4_SM_gph_20220511T133000_Vv8010_001.h5
2022-05-12,2022-05-12 13:28:55+00:00,8.748,-75.878,0.2350142896175384,0.2099219262599945,0.5620978474617004,0.50213623046875,298.014404296875,24.864404296875023,SMAP_L4_SM_gph_20220512T133000_Vv8010_001.h5
2022-05-13,2022-05-13 13:28:55+00:00,8.748,-75.878,0.3145167529582977,0.2236996740102768,0.7521310448646545,0.5351381897926331,298.13458251953125,24.98458251953128,SMAP_L4_SM_gph_20220513T133000_Vv8010_001.h5
2022-05-14,2022-05-14 13:28:55+00:00,8.748,-75.878,0.2643804550170898,0.2227190434932708,0.6324082612991333,0.5326747894287109,298.1595153808594,25.0095153808594,SMAP_L4_SM_gph_20220514T133000_Vv8010_001.h5
2022-05-15,2022-05-15 13:28:55+00:00,8.748,-75.878,0.2601023614406585,0.2209333330392837,0.6221301555633545,0.5284097790718079,298.2647705078125,25.114770507812523,SMAP_L4_SM_gph_20220515T133000_Vv8010_001.h5
2022-05-16,2022-05-16 13:28:55+00:00,8.748,-75.878,0.2189032286405563,0.2153236716985702,0.52358078956604,0.5150818228721619,298.60162353515625,25.45162353515628,SMAP_L4_SM_gph_20220516T133000_Vv8010_001.h5
2022-05-17,2022-05-17 13:28:55+00:00,8.748,-75.878,0.2353696823120117,0.213736891746521,0.562938928604126,0.5110905766487122,298.3463134765625,25.196313476562523,SMAP_L4_SM_gph_20220517T133000_Vv8010_001.h5
2022-05-18,2022-05-18 13:28:55+00:00,8.748,-75.878,0.2823703587055206,0.2227059602737426,0.675313413143158,0.5324817299842834,298.27801513671875,25.128015136718773,SMAP_L4_SM_gph_20220518T133000_Vv8010_001.h5
2022-05-19,2022-05-19 13:28:55+00:00,8.748,-75.878,0.2526372075080871,0.2214222699403762,0.6042875647544861,0.5294618010520935,297.5154724121094,24.3654724121094,SMAP_L4_SM_gph_20220519T133000_Vv8010_001.h5
2022-05-20,2022-05-20 13:28:55+00:00,8.748,-75.878,0.2433659732341766,0.2187858968973159,0.5822193622589111,0.5234124660491943,297.606689453125,24.456689453125023,SMAP_L4_SM_gph_20220520T133000_Vv8010_001.h5
2022-05-21,2022-05-21 13:28:55+00:00,8.748,-75.878,0.222904548048973,0.2159274220466613,0.5331313610076904,0.5165180563926697,297.58612060546875,24.436120605468773,SMAP_L4_SM_gph_20220521T133000_Vv8010_001.h5
2022-05-22,2022-05-22 13:28:55+00:00,8.748,-75.878,0.2053814679384231,0.2124514728784561,0.4913021028041839,0.5081402659416199,298.1815490722656,25.031549072265648,SMAP_L4_SM_gph_20220522T133000_Vv8010_001.h5
2022-05-23,2022-05-23 13:28:55+00:00,8.748,-75.878,0.2116035223007202,0.210113525390625,0.5061054229736328,0.5025244355201721,298.7938232421875,25.643823242187523,SMAP_L4_SM_gph_20220523T133000_Vv8010_001.h5
2022-05-24,2022-05-24 13:28:55+00:00,8.748,-75.878,0.1886420845985412,0.2069766968488693,0.4512644708156585,0.4949675500392914,298.1884155273437,25.038415527343773,SMAP_L4_SM_gph_20220524T133000_Vv8010_001.h5
2022-05-25,2022-05-25 13:28:55+00:00,8.748,-75.878,0.2299333214759826,0.2086250633001327,0.5499494671821594,0.4989598095417022,298.3392944335937,25.189294433593773,SMAP_L4_SM_gph_20220525T133000_Vv8010_001.h5
2022-05-26,2022-05-26 13:28:55+00:00,8.748,-75.878,0.2284096330404281,0.206975907087326,0.5463643074035645,0.4949653148651123,298.27349853515625,25.12349853515628,SMAP_L4_SM_gph_20220526T133000_Vv8010_001.h5
2022-05-27,2022-05-27 13:28:55+00:00,8.748,-75.878,0.2418481707572937,0.2077628821134567,0.5786024332046509,0.4969760775566101,297.78778076171875,24.637780761718773,SMAP_L4_SM_gph_20220527T133000_Vv8010_001.h5
2022-05-28,2022-05-28 13:28:55+00:00,8.748,-75.878,0.2483120113611221,0.2109620869159698,0.59394770860672,0.5046581625938416,297.8157958984375,24.665795898437523,SMAP_L4_SM_gph_20220528T133000_Vv8010_001.h5
2022-05-29,2022-05-29 13:28:55+00:00,8.748,-75.878,0.257938414812088,0.2178517282009124,0.6170024871826172,0.5209964513778687,297.84197998046875,24.691979980468773,SMAP_L4_SM_gph_20220529T133000_Vv8010_001.h5
2022-05-30,2022-05-30 13:28:55+00:00,8.748,-75.878,0.2517759799957275,0.2156998068094253,0.6022723913192749,0.515987753868103,298.0682067871094,24.9182067871094,SMAP_L4_SM_gph_20220530T133000_Vv8010_001.h5
2022-05-31,2022-05-31 13:28:55+00:00,8.748,-75.878,0.2641328275203705,0.2204899489879608,0.6316174864768982,0.5273911952972412,297.8055725097656,24.655572509765648,SMAP_L4_SM_gph_20220531T133000_Vv8010_001.h5
2022-06-01,2022-06-01 13:28:55+00:00,8.748,-75.878,0.2391544431447982,0.2157747000455856,0.5721511840820312,0.5161202549934387,297.8517761230469,24.701776123046898,SMAP_L4_SM_gph_20220601T133000_Vv8010_001.h5
2022-06-02,2022-06-02 13:28:55+00:00,8.748,-75.878,0.2188528776168823,0.2118639051914215,0.5233954787254333,0.5066237449645996,297.7588195800781,24.608819580078148,SMAP_L4_SM_gph_20220602T133000_Vv8010_001.h5
2022-06-03,2022-06-03 13:28:55+00:00,8.748,-75.878,0.2232974171638488,0.2096185684204101,0.534023642539978,0.5013716220855713,297.14453125,23.994531250000023,SMAP_L4_SM_gph_20220603T133000_Vv8010_001.h5
2022-06-04,2022-06-04 13:28:55+00:00,8.748,-75.878,0.210848718881607,0.2078765332698822,0.5042884945869446,0.4972207248210907,297.54833984375,24.398339843750023,SMAP_L4_SM_gph_20220604T133000_Vv8010_001.h5
2022-06-05,2022-06-05 13:28:55+00:00,8.748,-75.878,0.2089066505432129,0.2067681849002838,0.4996799826622009,0.494450032711029,297.71002197265625,24.56002197265628,SMAP_L4_SM_gph_20220605T133000_Vv8010_001.h5
2022-06-06,2022-06-06 13:28:55+00:00,8.748,-75.878,0.2524048686027527,0.2106019556522369,0.6036807894706726,0.5037087798118591,297.71826171875,24.568261718750023,SMAP_L4_SM_gph_20220606T133000_Vv8010_001.h5
2022-06-07,2022-06-07 13:28:55+00:00,8.748,-75.878,0.250105619430542,0.2122576534748077,0.5981635451316833,0.5077572464942932,297.50115966796875,24.351159667968773,SMAP_L4_SM_gph_20220607T133000_Vv8010_001.h5
2022-06-08,2022-06-08 13:28:55+00:00,8.748,-75.878,0.2355231940746307,0.2112824618816375,0.5631330609321594,0.5053315162658691,296.90185546875,23.751855468750023,SMAP_L4_SM_gph_20220608T133000_Vv8010_001.h5
2022-06-09,2022-06-09 13:28:55+00:00,8.748,-75.878,0.2258544266223907,0.2082092612981796,0.5402225852012634,0.497988224029541,297.61065673828125,24.46065673828128,SMAP_L4_SM_gph_20220609T133000_Vv8010_001.h5
2022-06-10,2022-06-10 13:28:55+00:00,8.748,-75.878,0.2179421931505203,0.2060486376285553,0.5214110612869263,0.4927857220172882,297.64044189453125,24.49044189453128,SMAP_L4_SM_gph_20220610T133000_Vv8010_001.h5
2022-06-11,2022-06-11 13:28:55+00:00,8.748,-75.878,0.3306924402713775,0.231741115450859,0.7908307313919067,0.5541540384292603,297.3930053710937,24.243005371093773,SMAP_L4_SM_gph_20220611T133000_Vv8010_001.h5
2022-06-12,2022-06-12 13:28:55+00:00,8.748,-75.878,0.2459849268198013,0.2244452685117721,0.5884954929351807,0.536722719669342,297.2349548339844,24.0849548339844,SMAP_L4_SM_gph_20220612T133000_Vv8010_001.h5
2022-06-13,2022-06-13 13:28:55+00:00,8.748,-75.878,0.3116798102855682,0.246695727109909,0.7453219294548035,0.5901917219161987,297.454833984375,24.304833984375023,SMAP_L4_SM_gph_20220613T133000_Vv8010_001.h5
2022-06-14,2022-06-14 13:28:55+00:00,8.748,-75.878,0.2857643961906433,0.244242861866951,0.6833839416503906,0.5841560959815979,297.1024780273437,23.952478027343773,SMAP_L4_SM_gph_20220614T133000_Vv8010_001.h5
2022-06-15,2022-06-15 13:28:55+00:00,8.748,-75.878,0.249355062842369,0.2366925328969955,0.5965006351470947,0.5662095546722412,297.1011047363281,23.951104736328148,SMAP_L4_SM_gph_20220615T133000_Vv8010_001.h5
2022-06-16,2022-06-16 13:28:55+00:00,8.748,-75.878,0.2316018640995025,0.2315536588430404,0.5540105104446411,0.5537401437759399,297.73394775390625,24.58394775390628,SMAP_L4_SM_gph_20220616T133000_Vv8010_001.h5
2022-06-17,2022-06-17 13:28:55+00:00,8.748,-75.878,0.3023122549057007,0.2420365661382675,0.7231211066246033,0.5788474678993225,297.48358154296875,24.333581542968773,SMAP_L4_SM_gph_20220617T133000_Vv8010_001.h5
2022-06-18,2022-06-18 13:28:55+00:00,8.748,-75.878,0.2660281956195831,0.2394124418497085,0.6362305879592896,0.5724760890007019,296.9628295898437,23.812829589843773,SMAP_L4_SM_gph_20220618T133000_Vv8010_001.h5
2022-06-19,2022-06-19 13:28:55+00:00,8.748,-75.878,0.2674507796764374,0.2364795356988906,0.6398289799690247,0.5656701922416687,297.07476806640625,23.92476806640628,SMAP_L4_SM_gph_20220619T133000_Vv8010_001.h5
2022-06-20,2022-06-20 13:28:55+00:00,8.748,-75.878,0.2681429982185364,0.2359650582075119,0.6413818001747131,0.5644282102584839,297.10357666015625,23.95357666015628,SMAP_L4_SM_gph_20220620T133000_Vv8010_001.h5
2022-06-21,2022-06-21 13:28:55+00:00,8.748,-75.878,0.2852005064487457,0.2388988733291626,0.6821186542510986,0.5714337229728699,297.4833679199219,24.333367919921898,SMAP_L4_SM_gph_20220621T133000_Vv8010_001.h5
2022-06-22,2022-06-22 13:28:55+00:00,8.748,-75.878,0.2607267796993255,0.2364242970943451,0.6236681938171387,0.5654273629188538,297.6977844238281,24.547784423828148,SMAP_L4_SM_gph_20220622T133000_Vv8010_001.h5
2022-06-23,2022-06-23 13:28:55+00:00,8.748,-75.878,0.2662309110164642,0.2356471270322799,0.6367323398590088,0.5634920597076416,297.8261108398437,24.676110839843773,SMAP_L4_SM_gph_20220623T133000_Vv8010_001.h5
2022-06-24,2022-06-24 13:28:55+00:00,8.748,-75.878,0.2993172109127044,0.2376567125320434,0.715708315372467,0.5683873891830444,297.8396301269531,24.689630126953148,SMAP_L4_SM_gph_20220624T133000_Vv8010_001.h5
2022-06-25,2022-06-25 13:28:55+00:00,8.748,-75.878,0.2804587185382843,0.241577997803688,0.670890212059021,0.5779352784156799,297.3703918457031,24.220391845703148,SMAP_L4_SM_gph_20220625T133000_Vv8010_001.h5
2022-06-26,2022-06-26 13:28:55+00:00,8.748,-75.878,0.3247953951358795,0.2506560385227203,0.7768559455871582,0.5994399785995483,297.1636047363281,24.013604736328148,SMAP_L4_SM_gph_20220626T133000_Vv8010_001.h5
2022-06-27,2022-06-27 13:28:55+00:00,8.748,-75.878,0.2828576564788818,0.2490524500608444,0.6763285398483276,0.5957576036453247,296.4871826171875,23.337182617187523,SMAP_L4_SM_gph_20220627T133000_Vv8010_001.h5
2022-06-28,2022-06-28 13:28:55+00:00,8.748,-75.878,0.2827415466308594,0.2471228092908859,0.6763349771499634,0.5911679267883301,297.1376037597656,23.987603759765648,SMAP_L4_SM_gph_20220628T133000_Vv8010_001.h5
2022-06-29,2022-06-29 13:28:55+00:00,8.748,-75.878,0.2805728912353515,0.245742380619049,0.6711624264717102,0.5878109335899353,297.140869140625,23.990869140625023,SMAP_L4_SM_gph_20220629T133000_Vv8010_001.h5
2022-06-30,2022-06-30 13:28:55+00:00,8.748,-75.878,0.2782407701015472,0.2441916018724441,0.665478527545929,0.5840958952903748,297.9555969238281,24.805596923828148,SMAP_L4_SM_gph_20220630T133000_Vv8010_001.h5
2022-07-01,2022-07-01 13:28:55+00:00,8.748,-75.878,0.2810835540294647,0.2440440356731414,0.6722210645675659,0.5837733745574951,297.5142822265625,24.364282226562523,SMAP_L4_SM_gph_20220701T133000_Vv8010_001.h5
2022-07-02,2022-07-02 13:28:55+00:00,8.748,-75.878,0.2887459397315979,0.2440266013145446,0.6905014514923096,0.583581805229187,297.78155517578125,24.63155517578128,SMAP_L4_SM_gph_20220702T133000_Vv8010_001.h5
2022-07-03,2022-07-03 13:28:55+00:00,8.748,-75.878,0.2586228847503662,0.2408191561698913,0.6185470819473267,0.5759263038635254,297.9348449707031,24.784844970703148,SMAP_L4_SM_gph_20220703T133000_Vv8010_001.h5
2022-07-04,2022-07-04 13:28:55+00:00,8.748,-75.878,0.2977172434329986,0.2474309355020523,0.7120687961578369,0.5918346643447876,298.1973876953125,25.047387695312523,SMAP_L4_SM_gph_20220704T133000_Vv8010_001.h5
2022-07-05,2022-07-05 13:28:55+00:00,8.748,-75.878,0.3106898665428161,0.2617867290973663,0.7432049512863159,0.6262310743331909,297.6720275878906,24.522027587890648,SMAP_L4_SM_gph_20220705T133000_Vv8010_001.h5
2022-07-06,2022-07-06 13:28:55+00:00,8.748,-75.878,0.2868575155735016,0.2577289640903473,0.686045229434967,0.616534411907196,297.83355712890625,24.68355712890628,SMAP_L4_SM_gph_20220706T133000_Vv8010_001.h5
2022-07-07,2022-07-07 13:28:55+00:00,8.748,-75.878,0.2600055038928985,0.2515487372875213,0.6219711899757385,0.6016741394996643,298.3134155273437,25.163415527343773,SMAP_L4_SM_gph_20220707T133000_Vv8010_001.h5
2022-07-08,2022-07-08 13:28:55+00:00,8.748,-75.878,0.2730728685855865,0.2502670586109161,0.6531329154968262,0.598598837852478,298.0975341796875,24.947534179687523,SMAP_L4_SM_gph_20220708T133000_Vv8010_001.h5
2022-07-09,2022-07-09 13:28:55+00:00,8.748,-75.878,0.2636699080467224,0.2484090328216552,0.6305185556411743,0.5940240621566772,298.7120666503906,25.562066650390648,SMAP_L4_SM_gph_20220709T133000_Vv8010_001.h5
2022-07-10,2022-07-10 13:28:55+00:00,8.748,-75.878,0.2923963665962219,0.2499653697013855,0.6991650462150574,0.5979612469673157,298.4829406738281,25.332940673828148,SMAP_L4_SM_gph_20220710T133000_Vv8010_001.h5
2022-07-11,2022-07-11 13:28:55+00:00,8.748,-75.878,0.3332928419113159,0.2616643905639648,0.7972181439399719,0.6257421970367432,298.03436279296875,24.884362792968773,SMAP_L4_SM_gph_20220711T133000_Vv8010_001.h5
2022-07-12,2022-07-12 13:28:55+00:00,8.748,-75.878,0.2950948774814605,0.264994204044342,0.7057707905769348,0.6337881088256836,297.61688232421875,24.466882324218773,SMAP_L4_SM_gph_20220712T133000_Vv8010_001.h5
2022-07-13,2022-07-13 13:28:55+00:00,8.748,-75.878,0.303866297006607,0.2678921818733215,0.7269737124443054,0.6408845782279968,297.597900390625,24.447900390625023,SMAP_L4_SM_gph_20220713T133000_Vv8010_001.h5
2022-07-14,2022-07-14 13:28:55+00:00,8.748,-75.878,0.2933072745800018,0.2653067111968994,0.701459527015686,0.6346251368522644,297.8243713378906,24.674371337890648,SMAP_L4_SM_gph_20220714T133000_Vv8010_001.h5
2022-07-15,2022-07-15 13:28:55+00:00,8.748,-75.878,0.2645244896411896,0.2593649327754974,0.6326030492782593,0.6203973889350891,298.01385498046875,24.863854980468773,SMAP_L4_SM_gph_20220715T133000_Vv8010_001.h5
2022-07-16,2022-07-16 13:28:55+00:00,8.748,-75.878,0.2780671119689941,0.2587209939956665,0.6650660634040833,0.6189430952072144,298.31512451171875,25.165124511718773,SMAP_L4_SM_gph_20220716T133000_Vv8010_001.h5
2022-07-17,2022-07-17 13:28:55+00:00,8.748,-75.878,0.2899940311908722,0.2583708763122558,0.6935734748840332,0.6178370118141174,298.4153137207031,25.265313720703148,SMAP_L4_SM_gph_20220717T133000_Vv8010_001.h5
2022-07-18,2022-07-18 13:28:55+00:00,8.748,-75.878,0.2980154752731323,0.2617760300636291,0.7128776907920837,0.6262034773826599,298.596435546875,25.446435546875023,SMAP_L4_SM_gph_20220718T133000_Vv8010_001.h5
2022-07-19,2022-07-19 13:28:55+00:00,8.748,-75.878,0.2875871062278747,0.260343849658966,0.6878823637962341,0.6226984858512878,298.9301147460937,25.780114746093773,SMAP_L4_SM_gph_20220719T133000_Vv8010_001.h5
2022-07-20,2022-07-20 13:28:55+00:00,8.748,-75.878,0.2694354653358459,0.2567600607872009,0.6444432139396667,0.6139418482780457,299.1520080566406,26.002008056640648,SMAP_L4_SM_gph_20220720T133000_Vv8010_001.h5
2022-07-21,2022-07-21 13:28:55+00:00,8.748,-75.878,0.3036823272705078,0.2622007429599762,0.7262359261512756,0.627331554889679,297.5482788085937,24.398278808593773,SMAP_L4_SM_gph_20220721T133000_Vv8010_001.h5
2022-07-22,2022-07-22 13:28:55+00:00,8.748,-75.878,0.2998658716678619,0.2648117542266845,0.7171251177787781,0.63338702917099,297.3543701171875,24.204370117187523,SMAP_L4_SM_gph_20220722T133000_Vv8010_001.h5
2022-07-23,2022-07-23 13:28:55+00:00,8.748,-75.878,0.3122715651988983,0.2677268981933594,0.7467485070228577,0.6404294371604919,296.97283935546875,23.822839355468773,SMAP_L4_SM_gph_20220723T133000_Vv8010_001.h5
2022-07-24,2022-07-24 13:28:55+00:00,8.748,-75.878,0.2858880758285522,0.2643971741199493,0.6837427020072937,0.6324564814567566,297.127685546875,23.977685546875023,SMAP_L4_SM_gph_20220724T133000_Vv8010_001.h5
2022-07-25,2022-07-25 13:28:55+00:00,8.748,-75.878,0.304422914981842,0.2663226127624511,0.7280420660972595,0.6369245648384094,297.2352294921875,24.085229492187523,SMAP_L4_SM_gph_20220725T133000_Vv8010_001.h5
2022-07-26,2022-07-26 13:28:55+00:00,8.748,-75.878,0.2964026629924774,0.2652902603149414,0.709056556224823,0.6346814632415771,296.9672546386719,23.817254638671898,SMAP_L4_SM_gph_20220726T133000_Vv8010_001.h5
2022-07-27,2022-07-27 13:28:55+00:00,8.748,-75.878,0.2966692149639129,0.2652364671230316,0.709663450717926,0.6342980265617371,297.2020874023437,24.052087402343773,SMAP_L4_SM_gph_20220727T133000_Vv8010_001.h5
2022-07-28,2022-07-28 13:28:55+00:00,8.748,-75.878,0.3145643174648285,0.2704483270645141,0.7522222995758057,0.6467974781990051,296.94952392578125,23.79952392578128,SMAP_L4_SM_gph_20220728T133000_Vv8010_001.h5
2022-07-29,2022-07-29 13:28:55+00:00,8.748,-75.878,0.3069950044155121,0.2725603878498077,0.7342677712440491,0.6519056558609009,297.30548095703125,24.15548095703128,SMAP_L4_SM_gph_20220729T133000_Vv8010_001.h5
2022-07-30,2022-07-30 13:28:55+00:00,8.748,-75.878,0.2778570055961609,0.2667349576950073,0.6645014882087708,0.6380212306976318,298.2852478027344,25.1352478027344,SMAP_L4_SM_gph_20220730T133000_Vv8010_001.h5
2022-07-31,2022-07-31 13:28:55+00:00,8.748,-75.878,0.2634955048561096,0.2627494633197784,0.6302547454833984,0.6283669471740723,298.7610168457031,25.611016845703148,SMAP_L4_SM_gph_20220731T133000_Vv8010_001.h5
2022-08-01,2022-08-01 13:28:55+00:00,8.748,-75.878,0.3098579347133636,0.2657380104064941,0.7410685420036316,0.6354299187660217,297.8594055175781,24.709405517578148,SMAP_L4_SM_gph_20220801T133000_Vv8010_001.h5
2022-08-02,2022-08-02 13:28:55+00:00,8.748,-75.878,0.3053900897502899,0.2704639136791229,0.7302109003067017,0.6467183828353882,297.5758972167969,24.425897216796898,SMAP_L4_SM_gph_20220802T133000_Vv8010_001.h5
2022-08-03,2022-08-03 13:28:55+00:00,8.748,-75.878,0.3189380466938019,0.2768028080463409,0.7628291845321655,0.6620763540267944,297.5362548828125,24.386254882812523,SMAP_L4_SM_gph_20220803T133000_Vv8010_001.h5
2022-08-04,2022-08-04 13:28:55+00:00,8.748,-75.878,0.3002018630504608,0.2755185961723327,0.7180876135826111,0.6592249274253845,297.51806640625,24.368066406250023,SMAP_L4_SM_gph_20220804T133000_Vv8010_001.h5
2022-08-05,2022-08-05 13:28:55+00:00,8.748,-75.878,0.334994912147522,0.279356449842453,0.8010802865028381,0.6680796146392822,297.5060119628906,24.356011962890648,SMAP_L4_SM_gph_20220805T133000_Vv8010_001.h5
2022-08-06,2022-08-06 13:28:55+00:00,8.748,-75.878,0.3339214026927948,0.2966905236244201,0.7986658811569214,0.7095836997032166,297.1260681152344,23.9760681152344,SMAP_L4_SM_gph_20220806T133000_Vv8010_001.h5
2022-08-07,2022-08-07 13:28:55+00:00,8.748,-75.878,0.3094411194324493,0.2872015237808227,0.7401321530342102,0.6869633197784424,297.08154296875,23.931542968750023,SMAP_L4_SM_gph_20220807T133000_Vv8010_001.h5
2022-08-08,2022-08-08 13:28:55+00:00,8.748,-75.878,0.2917437851428985,0.2795453071594238,0.697822630405426,0.6686678528785706,297.8734741210937,24.723474121093773,SMAP_L4_SM_gph_20220808T133000_Vv8010_001.h5
2022-08-09,2022-08-09 13:28:55+00:00,8.748,-75.878,0.282690167427063,0.2751497328281402,0.6760538816452026,0.6581671237945557,298.53741455078125,25.38741455078128,SMAP_L4_SM_gph_20220809T133000_Vv8010_001.h5
2022-08-10,2022-08-10 13:28:55+00:00,8.748,-75.878,0.3484370410442352,0.2877373695373535,0.833566427230835,0.6884040236473083,297.85791015625,24.707910156250023,SMAP_L4_SM_gph_20220810T133000_Vv8010_001.h5
2022-08-11,2022-08-11 13:28:55+00:00,8.748,-75.878,0.344352513551712,0.2950202822685241,0.8234962821006775,0.7054601907730103,297.4476623535156,24.297662353515648,SMAP_L4_SM_gph_20220811T133000_Vv8010_001.h5
2022-08-12,2022-08-12 13:28:55+00:00,8.748,-75.878,0.3129820227622986,0.2879400849342346,0.748565137386322,0.688444197177887,297.4689636230469,24.318963623046898,SMAP_L4_SM_gph_20220812T133000_Vv8010_001.h5
2022-08-13,2022-08-13 13:28:55+00:00,8.748,-75.878,0.3329482972621918,0.2945276796817779,0.7963594198226929,0.7043771743774414,297.1469116210937,23.996911621093773,SMAP_L4_SM_gph_20220813T133000_Vv8010_001.h5
2022-08-14,2022-08-14 13:28:55+00:00,8.748,-75.878,0.3271503746509552,0.2912369072437286,0.782247006893158,0.6965034008026123,297.317626953125,24.167626953125023,SMAP_L4_SM_gph_20220814T133000_Vv8010_001.h5
2022-08-15,2022-08-15 13:28:55+00:00,8.748,-75.878,0.3227877616882324,0.2880776524543762,0.7718961834907532,0.6891428232192993,297.0711975097656,23.921197509765648,SMAP_L4_SM_gph_20220815T133000_Vv8010_001.h5
2022-08-16,2022-08-16 13:28:55+00:00,8.748,-75.878,0.3206155300140381,0.2860890626907348,0.7666832208633423,0.6843163967132568,297.28387451171875,24.133874511718773,SMAP_L4_SM_gph_20220816T133000_Vv8010_001.h5
2022-08-17,2022-08-17 13:28:55+00:00,8.748,-75.878,0.3099870085716247,0.2832304835319519,0.7413202524185181,0.6774221658706665,298.1731872558594,25.0231872558594,SMAP_L4_SM_gph_20220817T133000_Vv8010_001.h5
2022-08-18,2022-08-18 13:28:55+00:00,8.748,-75.878,0.2933971881866455,0.2801890671253204,0.7017636895179749,0.6701250076293945,298.7703552246094,25.6203552246094,SMAP_L4_SM_gph_20220818T133000_Vv8010_001.h5
2022-08-19,2022-08-19 13:28:55+00:00,8.748,-75.878,0.2850630581378937,0.277981162071228,0.6817632913589478,0.6647260189056396,298.89385986328125,25.74385986328128,SMAP_L4_SM_gph_20220819T133000_Vv8010_001.h5
2022-08-20,2022-08-20 13:28:55+00:00,8.748,-75.878,0.2900184690952301,0.2770603597164154,0.6935235261917114,0.6625997424125671,298.6972045898437,25.547204589843773,SMAP_L4_SM_gph_20220820T133000_Vv8010_001.h5
2022-08-21,2022-08-21 13:28:55+00:00,8.748,-75.878,0.3417250514030456,0.2886214256286621,0.8173789381980896,0.6903386116027832,297.7652893066406,24.615289306640648,SMAP_L4_SM_gph_20220821T133000_Vv8010_001.h5
2022-08-22,2022-08-22 13:28:55+00:00,8.748,-75.878,0.3212975859642029,0.285368800163269,0.7686371803283691,0.6826391816139221,297.1494445800781,23.999444580078148,SMAP_L4_SM_gph_20220822T133000_Vv8010_001.h5
2022-08-23,2022-08-23 13:28:55+00:00,8.748,-75.878,0.3075641095638275,0.2816442251205444,0.7354990839958191,0.6737618446350098,297.19158935546875,24.041589355468773,SMAP_L4_SM_gph_20220823T133000_Vv8010_001.h5
2022-08-24,2022-08-24 13:28:55+00:00,8.748,-75.878,0.2925534844398498,0.2787390947341919,0.6998405456542969,0.6667459607124329,297.8486633300781,24.698663330078148,SMAP_L4_SM_gph_20220824T133000_Vv8010_001.h5
2022-08-25,2022-08-25 13:28:55+00:00,8.748,-75.878,0.3232104778289795,0.2810516655445099,0.7730830311775208,0.672099232673645,297.9893493652344,24.8393493652344,SMAP_L4_SM_gph_20220825T133000_Vv8010_001.h5
2022-08-26,2022-08-26 13:28:55+00:00,8.748,-75.878,0.3138828575611114,0.2825933396816253,0.7505102157592773,0.675887405872345,297.6012878417969,24.451287841796898,SMAP_L4_SM_gph_20220826T133000_Vv8010_001.h5
2022-08-27,2022-08-27 13:28:55+00:00,8.748,-75.878,0.2924258112907409,0.2787059545516968,0.6991747617721558,0.6664149761199951,298.0563659667969,24.906365966796898,SMAP_L4_SM_gph_20220827T133000_Vv8010_001.h5
2022-08-28,2022-08-28 13:28:55+00:00,8.748,-75.878,0.3240224421024322,0.2842515110969543,0.7749507427215576,0.6799048781394958,297.326416015625,24.176416015625023,SMAP_L4_SM_gph_20220828T133000_Vv8010_001.h5
2022-08-29,2022-08-29 13:28:55+00:00,8.748,-75.878,0.322816252708435,0.2821898758411407,0.772167444229126,0.6748133897781372,296.61151123046875,23.461511230468773,SMAP_L4_SM_gph_20220829T133000_Vv8010_001.h5
2022-08-30,2022-08-30 13:28:55+00:00,8.748,-75.878,0.3028430342674255,0.2799700200557709,0.7242711186408997,0.6696274280548096,296.8597717285156,23.709771728515648,SMAP_L4_SM_gph_20220830T133000_Vv8010_001.h5
2022-08-31,2022-08-31 13:28:55+00:00,8.748,-75.878,0.2990784347057342,0.277769386768341,0.7155033349990845,0.6643224358558655,297.73779296875,24.587792968750023,SMAP_L4_SM_gph_20220831T133000_Vv8010_001.h5
2022-09-01,2022-09-01 13:28:55+00:00,8.748,-75.878,0.2967735826969147,0.2766101062297821,0.709848940372467,0.6617225408554077,297.6029663085937,24.452966308593773,SMAP_L4_SM_gph_20220901T133000_Vv8010_001.h5
2022-09-02,2022-09-02 13:28:55+00:00,8.748,-75.878,0.2884782552719116,0.2746930122375488,0.6898714900016785,0.6569339036941528,297.423095703125,24.273095703125023,SMAP_L4_SM_gph_20220902T133000_Vv8010_001.h5
2022-09-03,2022-09-03 13:28:55+00:00,8.748,-75.878,0.2802649438381195,0.2731179594993591,0.6700953841209412,0.6532279253005981,297.73193359375,24.581933593750023,SMAP_L4_SM_gph_20220903T133000_Vv8010_001.h5
2022-09-04,2022-09-04 13:28:55+00:00,8.748,-75.878,0.3457173705101013,0.2856606841087341,0.8269708156585693,0.6831775307655334,298.043212890625,24.893212890625023,SMAP_L4_SM_gph_20220904T133000_Vv8010_001.h5
2022-09-05,2022-09-05 13:28:55+00:00,8.748,-75.878,0.3123590648174286,0.2842468023300171,0.7472728490829468,0.6798180341720581,297.5821838378906,24.432183837890648,SMAP_L4_SM_gph_20220905T133000_Vv8010_001.h5
2022-09-06,2022-09-06 13:28:55+00:00,8.748,-75.878,0.311807245016098,0.2806876897811889,0.7458891272544861,0.6714674234390259,297.732421875,24.582421875000023,SMAP_L4_SM_gph_20220906T133000_Vv8010_001.h5
2022-09-07,2022-09-07 13:28:55+00:00,8.748,-75.878,0.3122187852859497,0.2795398831367492,0.746841311454773,0.6686537265777588,298.3321533203125,25.182153320312523,SMAP_L4_SM_gph_20220907T133000_Vv8010_001.h5
2022-09-08,2022-09-08 13:28:55+00:00,8.748,-75.878,0.3081149458885193,0.279128223657608,0.7368415594100952,0.6678028702735901,297.3696594238281,24.219659423828148,SMAP_L4_SM_gph_20220908T133000_Vv8010_001.h5
2022-09-09,2022-09-09 13:28:55+00:00,8.748,-75.878,0.2921167612075805,0.2769905626773834,0.6986172199249268,0.6625131368637085,297.6075439453125,24.457543945312523,SMAP_L4_SM_gph_20220909T133000_Vv8010_001.h5
2022-09-10,2022-09-10 13:28:55+00:00,8.748,-75.878,0.2800827622413635,0.2744278013706207,0.6699213981628418,0.6564854979515076,298.13623046875,24.986230468750023,SMAP_L4_SM_gph_20220910T133000_Vv8010_001.h5
2022-09-11,2022-09-11 13:28:55+00:00,8.748,-75.878,0.3494650423526764,0.3003377914428711,0.835724413394928,0.7183339595794678,297.5780334472656,24.428033447265648,SMAP_L4_SM_gph_20220911T133000_Vv8010_001.h5
2022-09-12,2022-09-12 13:28:55+00:00,8.748,-75.878,0.3269159197807312,0.2959156632423401,0.7819151282310486,0.7077641487121582,297.53533935546875,24.385339355468773,SMAP_L4_SM_gph_20220912T133000_Vv8010_001.h5
2022-09-13,2022-09-13 13:28:55+00:00,8.748,-75.878,0.3267831802368164,0.2905297875404358,0.7814921140670776,0.6948603987693787,297.3634948730469,24.213494873046898,SMAP_L4_SM_gph_20220913T133000_Vv8010_001.h5
2022-09-14,2022-09-14 13:28:55+00:00,8.748,-75.878,0.3234924972057342,0.2876647114753723,0.7738162279129028,0.6881185173988342,297.75201416015625,24.60201416015628,SMAP_L4_SM_gph_20220914T133000_Vv8010_001.h5
2022-09-15,2022-09-15 13:28:55+00:00,8.748,-75.878,0.3119746446609497,0.2845454216003418,0.7462897896766663,0.680618166923523,297.6786193847656,24.528619384765648,SMAP_L4_SM_gph_20220915T133000_Vv8010_001.h5
2022-09-16,2022-09-16 13:28:55+00:00,8.748,-75.878,0.3298015296459198,0.2862057685852051,0.788948118686676,0.6847161054611206,297.5926513671875,24.442651367187523,SMAP_L4_SM_gph_20220916T133000_Vv8010_001.h5
2022-09-17,2022-09-17 13:28:55+00:00,8.748,-75.878,0.3175356984138489,0.28513303399086,0.7594385743141174,0.681779682636261,297.1014709472656,23.951470947265648,SMAP_L4_SM_gph_20220917T133000_Vv8010_001.h5
2022-09-18,2022-09-18 13:28:55+00:00,8.748,-75.878,0.3173713088035583,0.2844321131706238,0.7590357661247253,0.6801528930664062,297.167724609375,24.017724609375023,SMAP_L4_SM_gph_20220918T133000_Vv8010_001.h5
2022-09-19,2022-09-19 13:28:55+00:00,8.748,-75.878,0.3306667506694793,0.2939750850200653,0.7910438776016235,0.7031581401824951,296.7212829589844,23.5712829589844,SMAP_L4_SM_gph_20220919T133000_Vv8010_001.h5
2022-09-20,2022-09-20 13:28:55+00:00,8.748,-75.878,0.3203567862510681,0.2888198494911194,0.7662492394447327,0.6906331777572632,297.09539794921875,23.945397949218773,SMAP_L4_SM_gph_20220920T133000_Vv8010_001.h5
2022-09-21,2022-09-21 13:28:55+00:00,8.748,-75.878,0.3245633244514465,0.2900179922580719,0.776114821434021,0.6937482357025146,297.1401062011719,23.990106201171898,SMAP_L4_SM_gph_20220921T133000_Vv8010_001.h5
2022-09-22,2022-09-22 13:28:55+00:00,8.748,-75.878,0.3308561146259308,0.2952602505683899,0.7914918661117554,0.7061818242073059,297.25079345703125,24.10079345703128,SMAP_L4_SM_gph_20220922T133000_Vv8010_001.h5
2022-09-23,2022-09-23 13:28:55+00:00,8.748,-75.878,0.3333651423454284,0.2935470640659332,0.7972011566162109,0.7020204067230225,297.375244140625,24.225244140625023,SMAP_L4_SM_gph_20220923T133000_Vv8010_001.h5
2022-09-24,2022-09-24 13:28:55+00:00,8.748,-75.878,0.3269539475440979,0.2929975092411041,0.7819961905479431,0.7008843421936035,297.3168640136719,24.166864013671898,SMAP_L4_SM_gph_20220924T133000_Vv8010_001.h5
2022-09-25,2022-09-25 13:28:55+00:00,8.748,-75.878,0.335227906703949,0.2922961413860321,0.8016476631164551,0.6990861296653748,297.22100830078125,24.07100830078128,SMAP_L4_SM_gph_20220925T133000_Vv8010_001.h5
2022-09-26,2022-09-26 13:28:55+00:00,8.748,-75.878,0.3282515108585357,0.290764570236206,0.7851396203041077,0.6954202651977539,297.68609619140625,24.53609619140628,SMAP_L4_SM_gph_20220926T133000_Vv8010_001.h5
2022-09-27,2022-09-27 13:28:55+00:00,8.748,-75.878,0.3221385478973388,0.2891771793365478,0.7702548503875732,0.6915866136550903,297.7408447265625,24.590844726562523,SMAP_L4_SM_gph_20220927T133000_Vv8010_001.h5
2022-09-28,2022-09-28 13:28:55+00:00,8.748,-75.878,0.3215570151805877,0.2919506132602691,0.7692731022834778,0.6981635689735413,297.58453369140625,24.43453369140628,SMAP_L4_SM_gph_20220928T133000_Vv8010_001.h5
2022-09-29,2022-09-29 13:28:55+00:00,8.748,-75.878,0.3266434967517853,0.2906407117843628,0.7811644077301025,0.695075511932373,297.58758544921875,24.437585449218773,SMAP_L4_SM_gph_20220929T133000_Vv8010_001.h5
2022-09-30,2022-09-30 13:28:55+00:00,8.748,-75.878,0.3223962485790252,0.2892346978187561,0.771056592464447,0.6917365789413452,297.26617431640625,24.11617431640628,SMAP_L4_SM_gph_20220930T133000_Vv8010_001.h5
2022-10-01,2022-10-01 13:28:55+00:00,8.748,-75.878,0.3173132240772247,0.2876452803611755,0.7591283917427063,0.6879938244819641,296.6837158203125,23.533715820312523,SMAP_L4_SM_gph_20221001T133000_Vv8010_001.h5
2022-10-02,2022-10-02 13:28:55+00:00,8.748,-75.878,0.3117839097976684,0.2866906523704529,0.7457466721534729,0.6856096386909485,297.1763916015625,24.026391601562523,SMAP_L4_SM_gph_20221002T133000_Vv8010_001.h5
2022-10-03,2022-10-03 13:28:55+00:00,8.748,-75.878,0.3005332052707672,0.2843054533004761,0.7187976837158203,0.6800671219825745,298.04052734375,24.890527343750023,SMAP_L4_SM_gph_20221003T133000_Vv8010_001.h5
2022-10-04,2022-10-04 13:28:55+00:00,8.748,-75.878,0.3084893226623535,0.2835735380649566,0.7378197312355042,0.6781152486801147,298.8679504394531,25.717950439453148,SMAP_L4_SM_gph_20221004T133000_Vv8010_001.h5
2022-10-05,2022-10-05 13:28:55+00:00,8.748,-75.878,0.3269014954566955,0.2855569720268249,0.7820894122123718,0.6830770969390869,298.1224365234375,24.972436523437523,SMAP_L4_SM_gph_20221005T133000_Vv8010_001.h5
2022-10-06,2022-10-06 13:28:55+00:00,8.748,-75.878,0.315639317035675,0.2846590280532837,0.7550686001777649,0.6810106039047241,297.2594909667969,24.109490966796898,SMAP_L4_SM_gph_20221006T133000_Vv8010_001.h5
2022-10-07,2022-10-07 13:28:55+00:00,8.748,-75.878,0.3175222873687744,0.2839159965515136,0.7593876123428345,0.6792740821838379,297.35418701171875,24.204187011718773,SMAP_L4_SM_gph_20221007T133000_Vv8010_001.h5
2022-10-08,2022-10-08 13:28:55+00:00,8.748,-75.878,0.3124156296253204,0.282920092344284,0.747202455997467,0.6767821907997131,297.21044921875,24.060449218750023,SMAP_L4_SM_gph_20221008T133000_Vv8010_001.h5
2022-10-09,2022-10-09 13:28:55+00:00,8.748,-75.878,0.3029990792274475,0.2816773951053619,0.7248359322547913,0.6735511422157288,296.93572998046875,23.785729980468773,SMAP_L4_SM_gph_20221009T133000_Vv8010_001.h5
2022-10-10,2022-10-10 13:28:55+00:00,8.748,-75.878,0.3171682953834533,0.2827226519584656,0.7586317658424377,0.6760979294776917,297.4500732421875,24.300073242187523,SMAP_L4_SM_gph_20221010T133000_Vv8010_001.h5
2022-10-11,2022-10-11 13:28:55+00:00,8.748,-75.878,0.3191348910331726,0.286989152431488,0.763303279876709,0.6863363981246948,297.02056884765625,23.87056884765628,SMAP_L4_SM_gph_20221011T133000_Vv8010_001.h5
2022-10-12,2022-10-12 13:28:55+00:00,8.748,-75.878,0.3202279210090637,0.2855435013771057,0.7660956978797913,0.6828951239585876,296.87579345703125,23.72579345703128,SMAP_L4_SM_gph_20221012T133000_Vv8010_001.h5
2022-10-13,2022-10-13 13:28:55+00:00,8.748,-75.878,0.3269590735435486,0.2915879487991333,0.7820016741752625,0.6973901987075806,297.21942138671875,24.069421386718773,SMAP_L4_SM_gph_20221013T133000_Vv8010_001.h5
2022-10-14,2022-10-14 13:28:55+00:00,8.748,-75.878,0.3130751848220825,0.2870972454547882,0.7488329410552979,0.6864711046218872,297.05767822265625,23.90767822265628,SMAP_L4_SM_gph_20221014T133000_Vv8010_001.h5
2022-10-15,2022-10-15 13:28:55+00:00,8.748,-75.878,0.3177738487720489,0.2862225770950317,0.760033130645752,0.6847827434539795,297.47003173828125,24.32003173828128,SMAP_L4_SM_gph_20221015T133000_Vv8010_001.h5
2022-10-16,2022-10-16 13:28:55+00:00,8.748,-75.878,0.3137864172458648,0.2847892045974731,0.7506684064865112,0.6812757849693298,297.32745361328125,24.17745361328128,SMAP_L4_SM_gph_20221016T133000_Vv8010_001.h5
2022-10-17,2022-10-17 13:28:55+00:00,8.748,-75.878,0.30647873878479,0.283008873462677,0.7332574129104614,0.6767693161964417,297.31591796875,24.165917968750023,SMAP_L4_SM_gph_20221017T133000_Vv8010_001.h5
2022-10-18,2022-10-18 13:28:55+00:00,8.748,-75.878,0.3102418482303619,0.2823171317577362,0.7421005368232727,0.6751663088798523,296.9753112792969,23.825311279296898,SMAP_L4_SM_gph_20221018T133000_Vv8010_001.h5
2022-10-19,2022-10-19 13:28:55+00:00,8.748,-75.878,0.3047605454921722,0.2810468375682831,0.7289115786552429,0.672351598739624,297.3205871582031,24.170587158203148,SMAP_L4_SM_gph_20221019T133000_Vv8010_001.h5
2022-10-20,2022-10-20 13:28:55+00:00,8.748,-75.878,0.3012620508670807,0.2800833880901336,0.7207865715026855,0.6697001457214355,297.23358154296875,24.083581542968773,SMAP_L4_SM_gph_20221020T133000_Vv8010_001.h5
2022-10-21,2022-10-21 13:28:55+00:00,8.748,-75.878,0.303581029176712,0.2796020209789276,0.7260443568229675,0.6687415838241577,297.3187866210937,24.168786621093773,SMAP_L4_SM_gph_20221021T133000_Vv8010_001.h5
2022-10-22,2022-10-22 13:28:55+00:00,8.748,-75.878,0.3017086088657379,0.2788662314414978,0.7215872406959534,0.6667797565460205,297.3043518066406,24.154351806640648,SMAP_L4_SM_gph_20221022T133000_Vv8010_001.h5
2022-10-23,2022-10-23 13:28:55+00:00,8.748,-75.878,0.2978939116001129,0.2782024145126343,0.7125028967857361,0.6654199361801147,297.1943664550781,24.044366455078148,SMAP_L4_SM_gph_20221023T133000_Vv8010_001.h5
2022-10-24,2022-10-24 13:28:55+00:00,8.748,-75.878,0.3148024976253509,0.2816428244113922,0.752966582775116,0.6737791299819946,297.3421325683594,24.1921325683594,SMAP_L4_SM_gph_20221024T133000_Vv8010_001.h5
2022-10-25,2022-10-25 13:28:55+00:00,8.748,-75.878,0.3147339820861816,0.2837966084480285,0.752761721611023,0.6787927746772766,297.24334716796875,24.093347167968773,SMAP_L4_SM_gph_20221025T133000_Vv8010_001.h5
2022-10-26,2022-10-26 13:28:55+00:00,8.748,-75.878,0.3320973515510559,0.2999710142612457,0.7941261529922485,0.7175260782241821,297.2153015136719,24.065301513671898,SMAP_L4_SM_gph_20221026T133000_Vv8010_001.h5
2022-10-27,2022-10-27 13:28:55+00:00,8.748,-75.878,0.3113060891628265,0.2903053760528564,0.7446181774139404,0.6942753195762634,297.18768310546875,24.037683105468773,SMAP_L4_SM_gph_20221027T133000_Vv8010_001.h5
2022-10-28,2022-10-28 13:28:55+00:00,8.748,-75.878,0.3153538703918457,0.2874148190021515,0.7542732954025269,0.6875411868095398,297.0732116699219,23.923211669921898,SMAP_L4_SM_gph_20221028T133000_Vv8010_001.h5
2022-10-29,2022-10-29 13:28:55+00:00,8.748,-75.878,0.3029073774814605,0.2836646139621734,0.7246426939964294,0.6785966157913208,296.74346923828125,23.59346923828128,SMAP_L4_SM_gph_20221029T133000_Vv8010_001.h5
2022-10-30,2022-10-30 13:28:55+00:00,8.748,-75.878,0.2912877798080444,0.2807050049304962,0.696618378162384,0.6714385151863098,296.6117248535156,23.461724853515648,SMAP_L4_SM_gph_20221030T133000_Vv8010_001.h5
2022-10-31,2022-10-31 13:28:55+00:00,8.748,-75.878,0.3028432726860046,0.2805346250534057,0.724198579788208,0.6708984375,296.65289306640625,23.50289306640628,SMAP_L4_SM_gph_20221031T133000_Vv8010_001.h5
2022-11-01,2022-11-01 13:28:55+00:00,8.748,-75.878,0.2862523198127746,0.2780637145042419,0.6846771836280823,0.6651323437690735,297.383056640625,24.233056640625023,SMAP_L4_SM_gph_20221101T133000_Vv8010_001.h5
2022-11-02,2022-11-02 13:28:55+00:00,8.748,-75.878,0.2765399813652038,0.2757821381092071,0.6613736748695374,0.6594453454017639,297.98553466796875,24.835534667968773,SMAP_L4_SM_gph_20221102T133000_Vv8010_001.h5
2022-11-03,2022-11-03 13:28:55+00:00,8.748,-75.878,0.3362691402435303,0.2828819453716278,0.8042716383934021,0.676756739616394,298.120361328125,24.970361328125023,SMAP_L4_SM_gph_20221103T133000_Vv8010_001.h5
2022-11-04,2022-11-04 13:28:55+00:00,8.748,-75.878,0.3326674401760101,0.2960264384746551,0.7955293655395508,0.7079047560691833,296.7891845703125,23.639184570312523,SMAP_L4_SM_gph_20221104T133000_Vv8010_001.h5
2022-11-05,2022-11-05 13:28:55+00:00,8.748,-75.878,0.3285328149795532,0.2908137142658233,0.7858571410179138,0.6955481171607971,296.52392578125,23.373925781250023,SMAP_L4_SM_gph_20221105T133000_Vv8010_001.h5
2022-11-06,2022-11-06 13:28:55+00:00,8.748,-75.878,0.3212705254554748,0.289265513420105,0.7683638334274292,0.6919868588447571,296.21258544921875,23.062585449218773,SMAP_L4_SM_gph_20221106T133000_Vv8010_001.h5
2022-11-07,2022-11-07 13:28:55+00:00,8.748,-75.878,0.3109540939331054,0.2856752872467041,0.7436566948890686,0.6833851933479309,296.76348876953125,23.61348876953128,SMAP_L4_SM_gph_20221107T133000_Vv8010_001.h5
2022-11-08,2022-11-08 13:28:55+00:00,8.748,-75.878,0.3196922838687897,0.2857441008090973,0.7644852995872498,0.6832464933395386,297.0829162597656,23.932916259765648,SMAP_L4_SM_gph_20221108T133000_Vv8010_001.h5
2022-11-09,2022-11-09 13:28:55+00:00,8.748,-75.878,0.3263282775878906,0.2912015616893768,0.7805513739585876,0.6964111924171448,296.9576416015625,23.807641601562523,SMAP_L4_SM_gph_20221109T133000_Vv8010_001.h5
2022-11-10,2022-11-10 13:28:55+00:00,8.748,-75.878,0.3240771293640136,0.288874477148056,0.775198757648468,0.6910198330879211,297.0801696777344,23.9301696777344,SMAP_L4_SM_gph_20221110T133000_Vv8010_001.h5
2022-11-11,2022-11-11 13:28:55+00:00,8.748,-75.878,0.3247797787189483,0.2883712351322174,0.7768574953079224,0.6896860003471375,297.11383056640625,23.96383056640628,SMAP_L4_SM_gph_20221111T133000_Vv8010_001.h5
2022-11-12,2022-11-12 13:28:55+00:00,8.748,-75.878,0.3275342285633087,0.2885969579219818,0.7832792401313782,0.6903705596923828,296.87774658203125,23.72774658203128,SMAP_L4_SM_gph_20221112T133000_Vv8010_001.h5
2022-11-13,2022-11-13 13:28:55+00:00,8.748,-75.878,0.3249700367450714,0.2894576489925384,0.7770437002182007,0.6923398375511169,296.4070129394531,23.257012939453148,SMAP_L4_SM_gph_20221113T133000_Vv8010_001.h5
2022-11-14,2022-11-14 13:28:55+00:00,8.748,-75.878,0.3201746642589569,0.288129448890686,0.7659071683883667,0.6891302466392517,296.96441650390625,23.81441650390628,SMAP_L4_SM_gph_20221114T133000_Vv8010_001.h5
2022-11-15,2022-11-15 13:28:55+00:00,8.748,-75.878,0.309349924325943,0.2850326597690582,0.7398632168769836,0.6817624568939209,297.2660217285156,24.116021728515648,SMAP_L4_SM_gph_20221115T133000_Vv8010_001.h5
2022-11-16,2022-11-16 13:28:55+00:00,8.748,-75.878,0.3213965594768524,0.2852703034877777,0.7688348293304443,0.6822337508201599,297.6044921875,24.454492187500023,SMAP_L4_SM_gph_20221116T133000_Vv8010_001.h5
2022-11-17,2022-11-17 13:28:55+00:00,8.748,-75.878,0.3129008710384369,0.2841481268405914,0.7485874891281128,0.6795607805252075,297.6508483886719,24.500848388671898,SMAP_L4_SM_gph_20221117T133000_Vv8010_001.h5
2022-11-18,2022-11-18 13:28:55+00:00,8.748,-75.878,0.3079229593276977,0.2827516198158264,0.7364859580993652,0.6762469410896301,297.28155517578125,24.13155517578128,SMAP_L4_SM_gph_20221118T133000_Vv8010_001.h5
2022-11-19,2022-11-19 13:28:55+00:00,8.748,-75.878,0.3108008205890655,0.2832252979278564,0.7434921264648438,0.6773560047149658,298.1290283203125,24.979028320312523,SMAP_L4_SM_gph_20221119T133000_Vv8010_001.h5
2022-11-20,2022-11-20 13:28:55+00:00,8.748,-75.878,0.3062176406383514,0.2817456424236297,0.7324656844139099,0.6739729642868042,297.578125,24.428125000000023,SMAP_L4_SM_gph_20221120T133000_Vv8010_001.h5
2022-11-21,2022-11-21 13:28:55+00:00,8.748,-75.878,0.319887101650238,0.2830987572669983,0.7651548981666565,0.6771001815795898,297.51348876953125,24.36348876953128,SMAP_L4_SM_gph_20221121T133000_Vv8010_001.h5
2022-11-22,2022-11-22 13:28:55+00:00,8.748,-75.878,0.3050776720046997,0.2816308736801147,0.7296819686889648,0.6737478375434875,297.547119140625,24.397119140625023,SMAP_L4_SM_gph_20221122T133000_Vv8010_001.h5
2022-11-23,2022-11-23 13:28:55+00:00,8.748,-75.878,0.2911852598190307,0.2794138193130493,0.6965808272361755,0.6683253645896912,296.86822509765625,23.71822509765628,SMAP_L4_SM_gph_20221123T133000_Vv8010_001.h5
2022-11-24,2022-11-24 13:28:55+00:00,8.748,-75.878,0.2930638492107391,0.2781606912612915,0.7009720206260681,0.6653112173080444,296.7381591796875,23.588159179687523,SMAP_L4_SM_gph_20221124T133000_Vv8010_001.h5
2022-11-25,2022-11-25 13:28:55+00:00,8.748,-75.878,0.2843433916568756,0.2765581011772156,0.6799551844596863,0.6612908840179443,296.8139953613281,23.663995361328148,SMAP_L4_SM_gph_20221125T133000_Vv8010_001.h5
2022-11-26,2022-11-26 13:28:55+00:00,8.748,-75.878,0.2773501873016357,0.2748732268810272,0.663279116153717,0.6575206518173218,297.19024658203125,24.04024658203128,SMAP_L4_SM_gph_20221126T133000_Vv8010_001.h5
2022-11-27,2022-11-27 13:28:55+00:00,8.748,-75.878,0.3062065243721008,0.2766730785369873,0.7324039340019226,0.6618340611457825,297.1282653808594,23.9782653808594,SMAP_L4_SM_gph_20221127T133000_Vv8010_001.h5
2022-11-28,2022-11-28 13:28:55+00:00,8.748,-75.878,0.3195669651031494,0.2824204266071319,0.7640698552131653,0.6756057143211365,296.69091796875,23.540917968750023,SMAP_L4_SM_gph_20221128T133000_Vv8010_001.h5
2022-11-29,2022-11-29 13:28:55+00:00,8.748,-75.878,0.3148348331451416,0.2828786671161651,0.7530195713043213,0.6765781044960022,296.1456604003906,22.995660400390648,SMAP_L4_SM_gph_20221129T133000_Vv8010_001.h5
2022-11-30,2022-11-30 13:28:55+00:00,8.748,-75.878,0.3016942739486694,0.2800101339817047,0.7216262817382812,0.6695832014083862,296.3721008300781,23.222100830078148,SMAP_L4_SM_gph_20221130T133000_Vv8010_001.h5
2022-12-01,2022-12-01 13:28:55+00:00,8.748,-75.878,0.2896783053874969,0.2772141098976135,0.6928372383117676,0.6628519296646118,296.576416015625,23.426416015625023,SMAP_L4_SM_gph_20221201T133000_Vv8010_001.h5
2022-12-02,2022-12-02 13:28:55+00:00,8.748,-75.878,0.2947233021259308,0.276857316493988,0.7048067450523376,0.6620696783065796,296.5087280273437,23.358728027343773,SMAP_L4_SM_gph_20221202T133000_Vv8010_001.h5
2022-12-03,2022-12-03 13:28:55+00:00,8.748,-75.878,0.2806347012519836,0.2742167711257934,0.671305239200592,0.6557652950286865,296.68072509765625,23.53072509765628,SMAP_L4_SM_gph_20221203T133000_Vv8010_001.h5
2022-12-04,2022-12-04 13:28:55+00:00,8.748,-75.878,0.2725200355052948,0.2718268036842346,0.6519556641578674,0.6502102017402649,297.1686706542969,24.018670654296898,SMAP_L4_SM_gph_20221204T133000_Vv8010_001.h5
2022-12-05,2022-12-05 13:28:55+00:00,8.748,-75.878,0.2936293482780456,0.2735965251922607,0.7022390961647034,0.6542744636535645,296.59454345703125,23.44454345703128,SMAP_L4_SM_gph_20221205T133000_Vv8010_001.h5
2022-12-06,2022-12-06 13:28:55+00:00,8.748,-75.878,0.2744933664798736,0.2708836197853088,0.6565032005310059,0.647855818271637,296.60357666015625,23.45357666015628,SMAP_L4_SM_gph_20221206T133000_Vv8010_001.h5
2022-12-07,2022-12-07 13:28:55+00:00,8.748,-75.878,0.275016039609909,0.2701236605644226,0.6578554511070251,0.6458309292793274,296.1611633300781,23.011163330078148,SMAP_L4_SM_gph_20221207T133000_Vv8010_001.h5
2022-12-08,2022-12-08 13:28:55+00:00,8.748,-75.878,0.2601347863674164,0.2676456570625305,0.6222414374351501,0.6399500370025635,295.7513427734375,22.601342773437523,SMAP_L4_SM_gph_20221208T133000_Vv8010_001.h5
2022-12-09,2022-12-09 13:28:55+00:00,8.748,-75.878,0.2528722584247589,0.2654748558998108,0.6048425436019897,0.6351361274719238,295.8390197753906,22.689019775390648,SMAP_L4_SM_gph_20221209T133000_Vv8010_001.h5
2022-12-10,2022-12-10 13:28:55+00:00,8.748,-75.878,0.2643605172634125,0.2645869851112366,0.6323138475418091,0.6327564120292664,296.84765625,23.697656250000023,SMAP_L4_SM_gph_20221210T133000_Vv8010_001.h5
2022-12-11,2022-12-11 13:28:55+00:00,8.748,-75.878,0.2551091313362121,0.2627906501293182,0.6102561950683594,0.6286221742630005,296.8233337402344,23.6733337402344,SMAP_L4_SM_gph_20221211T133000_Vv8010_001.h5
2022-12-12,2022-12-12 13:28:55+00:00,8.748,-75.878,0.2499211430549621,0.2609289288520813,0.59769207239151,0.6240733861923218,296.93572998046875,23.785729980468773,SMAP_L4_SM_gph_20221212T133000_Vv8010_001.h5
2022-12-13,2022-12-13 13:28:55+00:00,8.748,-75.878,0.2427068054676056,0.2587356269359588,0.5806441307067871,0.6189568638801575,296.93121337890625,23.78121337890628,SMAP_L4_SM_gph_20221213T133000_Vv8010_001.h5
2022-12-14,2022-12-14 13:28:55+00:00,8.748,-75.878,0.2486591041088104,0.2577478289604187,0.594743549823761,0.6165602803230286,297.08697509765625,23.93697509765628,SMAP_L4_SM_gph_20221214T133000_Vv8010_001.h5
2022-12-15,2022-12-15 13:28:55+00:00,8.748,-75.878,0.2328947037458419,0.2551629245281219,0.5570070147514343,0.6104007959365845,297.6376647949219,24.487664794921898,SMAP_L4_SM_gph_20221215T133000_Vv8010_001.h5
2022-12-16,2022-12-16 13:28:55+00:00,8.748,-75.878,0.2340759038925171,0.2535299062728882,0.5598469376564026,0.6063745021820068,297.6402893066406,24.490289306640648,SMAP_L4_SM_gph_20221216T133000_Vv8010_001.h5
2022-12-17,2022-12-17 13:28:55+00:00,8.748,-75.878,0.2303502410650253,0.2514250874519348,0.5510369539260864,0.6014143228530884,298.093017578125,24.943017578125023,SMAP_L4_SM_gph_20221217T133000_Vv8010_001.h5
2022-12-18,2022-12-18 13:28:55+00:00,8.748,-75.878,0.2473961412906646,0.2507235407829284,0.5916009545326233,0.5997120141983032,297.9131774902344,24.7631774902344,SMAP_L4_SM_gph_20221218T133000_Vv8010_001.h5
2022-12-19,2022-12-19 13:28:55+00:00,8.748,-75.878,0.261343777179718,0.2505558729171753,0.6250638961791992,0.5992639064788818,297.3531799316406,24.203179931640648,SMAP_L4_SM_gph_20221219T133000_Vv8010_001.h5
2022-12-20,2022-12-20 13:28:55+00:00,8.748,-75.878,0.2449929416179657,0.2484840750694275,0.5860741138458252,0.5943164229393005,297.1219482421875,23.971948242187523,SMAP_L4_SM_gph_20221220T133000_Vv8010_001.h5
2022-12-21,2022-12-21 13:28:55+00:00,8.748,-75.878,0.2311863452196121,0.2460022121667862,0.5528863668441772,0.5883517861366272,297.1739501953125,24.023950195312523,SMAP_L4_SM_gph_20221221T133000_Vv8010_001.h5
2022-12-22,2022-12-22 13:28:55+00:00,8.748,-75.878,0.2244904339313507,0.2438049465417862,0.5367633700370789,0.5832249522209167,297.8852844238281,24.735284423828148,SMAP_L4_SM_gph_20221222T133000_Vv8010_001.h5
2022-12-23,2022-12-23 13:28:55+00:00,8.748,-75.878,0.2075428515672683,0.2407034039497375,0.4964271187782287,0.5758131742477417,298.1940002441406,25.044000244140648,SMAP_L4_SM_gph_20221223T133000_Vv8010_001.h5
2022-12-24,2022-12-24 13:28:55+00:00,8.748,-75.878,0.1961089223623275,0.2380484342575073,0.4690523147583008,0.5695453882217407,297.9052734375,24.755273437500023,SMAP_L4_SM_gph_20221224T133000_Vv8010_001.h5
2022-12-25,2022-12-25 13:28:55+00:00,8.748,-75.878,0.1927330195903778,0.2359135895967483,0.4609643816947937,0.5643375515937805,296.78289794921875,23.632897949218773,SMAP_L4_SM_gph_20221225T133000_Vv8010_001.h5
2022-12-26,2022-12-26 13:28:55+00:00,8.748,-75.878,0.1867757588624954,0.2333603650331497,0.4468502998352051,0.5581011772155762,296.805908203125,23.655908203125023,SMAP_L4_SM_gph_20221226T133000_Vv8010_001.h5
2022-12-27,2022-12-27 13:28:55+00:00,8.748,-75.878,0.1949435770511627,0.2319099754095077,0.4662461280822754,0.5546457767486572,297.02978515625,23.879785156250023,SMAP_L4_SM_gph_20221227T133000_Vv8010_001.h5
2022-12-28,2022-12-28 13:28:55+00:00,8.748,-75.878,0.2252396345138549,0.2334477305412292,0.5387345552444458,0.5584235787391663,296.7386779785156,23.588677978515648,SMAP_L4_SM_gph_20221228T133000_Vv8010_001.h5
2022-12-29,2022-12-29 13:28:55+00:00,8.748,-75.878,0.2022038698196411,0.2306026667356491,0.4835786521434784,0.5516493320465088,297.0314636230469,23.881463623046898,SMAP_L4_SM_gph_20221229T133000_Vv8010_001.h5
2022-12-30,2022-12-30 13:28:55+00:00,8.748,-75.878,0.2024261355400085,0.2289634644985199,0.4841563701629638,0.5475316643714905,297.6516418457031,24.501641845703148,SMAP_L4_SM_gph_20221230T133000_Vv8010_001.h5
2022-12-31,2022-12-31 13:28:55+00:00,8.748,-75.878,0.1875891238451004,0.2261659204959869,0.4487501084804535,0.540966272354126,297.4145812988281,24.264581298828148,SMAP_L4_SM_gph_20221231T133000_Vv8010_001.h5
2023-01-01,2023-01-01 13:28:55+00:00,8.748,-75.878,0.1985056698322296,0.2250547409057617,0.4747981131076813,0.5384072065353394,297.1888427734375,24.038842773437523,SMAP_L4_SM_gph_20230101T133000_Vv8010_001.h5
2023-01-02,2023-01-02 13:28:55+00:00,8.748,-75.878,0.2187787443399429,0.2253198623657226,0.523326575756073,0.5389503240585327,296.7811584472656,23.631158447265648,SMAP_L4_SM_gph_20230102T133000_Vv8010_001.h5
2023-01-03,2023-01-03 13:28:55+00:00,8.748,-75.878,0.2011137753725052,0.2226486057043075,0.4809952974319458,0.5326399207115173,296.6072998046875,23.457299804687523,SMAP_L4_SM_gph_20230103T133000_Vv8010_001.h5
2023-01-04,2023-01-04 13:28:55+00:00,8.748,-75.878,0.1959129869937896,0.220787838101387,0.4686814844608307,0.5280085206031799,296.6095886230469,23.459588623046898,SMAP_L4_SM_gph_20230104T133000_Vv8010_001.h5
2023-01-05,2023-01-05 13:28:55+00:00,8.748,-75.878,0.1915684938430786,0.219032809138298,0.4581533372402191,0.523982048034668,296.6896667480469,23.539666748046898,SMAP_L4_SM_gph_20230105T133000_Vv8010_001.h5
2023-01-06,2023-01-06 13:28:55+00:00,8.748,-75.878,0.1867432743310928,0.2172947376966476,0.4467588663101196,0.5197558403015137,297.2592468261719,24.109246826171898,SMAP_L4_SM_gph_20230106T133000_Vv8010_001.h5
2023-01-07,2023-01-07 13:28:55+00:00,8.748,-75.878,0.1886385828256607,0.2157126069068908,0.4511659145355224,0.5158128142356873,297.3048095703125,24.154809570312523,SMAP_L4_SM_gph_20230107T133000_Vv8010_001.h5
2023-01-08,2023-01-08 13:28:55+00:00,8.748,-75.878,0.2220059931278228,0.2161475569009781,0.5311018824577332,0.5171141028404236,297.4127197265625,24.262719726562523,SMAP_L4_SM_gph_20230108T133000_Vv8010_001.h5
2023-01-09,2023-01-09 13:28:55+00:00,8.748,-75.878,0.2460826635360717,0.2177540212869644,0.5885421633720398,0.5209123492240906,297.37652587890625,24.22652587890628,SMAP_L4_SM_gph_20230109T133000_Vv8010_001.h5
2023-01-10,2023-01-10 13:28:55+00:00,8.748,-75.878,0.2754964232444763,0.2264756113290786,0.658896803855896,0.5417212247848511,296.6874389648437,23.537438964843773,SMAP_L4_SM_gph_20230110T133000_Vv8010_001.h5
2023-01-11,2023-01-11 13:28:55+00:00,8.748,-75.878,0.2681032419204712,0.2287807166576385,0.6410766243934631,0.5471291542053223,296.420166015625,23.270166015625023,SMAP_L4_SM_gph_20230111T133000_Vv8010_001.h5
2023-01-12,2023-01-12 13:28:55+00:00,8.748,-75.878,0.2727386355400085,0.2348837405443191,0.6523035764694214,0.5617660284042358,296.72027587890625,23.57027587890628,SMAP_L4_SM_gph_20230112T133000_Vv8010_001.h5
2023-01-13,2023-01-13 13:28:55+00:00,8.748,-75.878,0.2617248296737671,0.2324982732534408,0.6260197758674622,0.5559781789779663,297.10546875,23.955468750000023,SMAP_L4_SM_gph_20230113T133000_Vv8010_001.h5
2023-01-14,2023-01-14 13:28:55+00:00,8.748,-75.878,0.2538032531738281,0.2299606651067733,0.606933057308197,0.5498788356781006,297.1532897949219,24.003289794921898,SMAP_L4_SM_gph_20230114T133000_Vv8010_001.h5
2023-01-15,2023-01-15 13:28:55+00:00,8.748,-75.878,0.2497333139181137,0.228697583079338,0.5971482992172241,0.5469977855682373,296.755126953125,23.605126953125023,SMAP_L4_SM_gph_20230115T133000_Vv8010_001.h5
2023-01-16,2023-01-16 13:28:55+00:00,8.748,-75.878,0.2269298732280731,0.2255498468875885,0.5426205396652222,0.539571225643158,296.7555847167969,23.605584716796898,SMAP_L4_SM_gph_20230116T133000_Vv8010_001.h5
2023-01-17,2023-01-17 13:28:55+00:00,8.748,-75.878,0.2119308710098266,0.2228845059871673,0.5069636702537537,0.5330321788787842,296.87774658203125,23.72774658203128,SMAP_L4_SM_gph_20230117T133000_Vv8010_001.h5
2023-01-18,2023-01-18 13:28:55+00:00,8.748,-75.878,0.2033064514398574,0.2204392552375793,0.4861736595630646,0.5273221731185913,297.28094482421875,24.130944824218773,SMAP_L4_SM_gph_20230118T133000_Vv8010_001.h5
2023-01-19,2023-01-19 13:28:55+00:00,8.748,-75.878,0.1924785673618316,0.218321606516838,0.4602391421794891,0.5221588611602783,297.2299194335937,24.079919433593773,SMAP_L4_SM_gph_20230119T133000_Vv8010_001.h5
2023-01-20,2023-01-20 13:28:55+00:00,8.748,-75.878,0.1859184652566909,0.2160112857818603,0.4447678327560425,0.5165775418281555,297.40869140625,24.258691406250023,SMAP_L4_SM_gph_20230120T133000_Vv8010_001.h5
2023-01-21,2023-01-21 13:28:55+00:00,8.748,-75.878,0.1813020706176757,0.2139587700366974,0.4336403608322143,0.5118388533592224,297.0928649902344,23.9428649902344,SMAP_L4_SM_gph_20230121T133000_Vv8010_001.h5
2023-01-22,2023-01-22 13:28:55+00:00,8.748,-75.878,0.1719456911087036,0.2115970700979232,0.4113277494907379,0.5060763955116272,296.7349548339844,23.5849548339844,SMAP_L4_SM_gph_20230122T133000_Vv8010_001.h5
2023-01-23,2023-01-23 13:28:55+00:00,8.748,-75.878,0.1724731028079986,0.2098358571529388,0.4124593436717987,0.5019752383232117,297.39276123046875,24.242761230468773,SMAP_L4_SM_gph_20230123T133000_Vv8010_001.h5
2023-01-24,2023-01-24 13:28:55+00:00,8.748,-75.878,0.1669150292873382,0.2080398648977279,0.3993388712406158,0.4974755942821502,297.8666076660156,24.716607666015648,SMAP_L4_SM_gph_20230124T133000_Vv8010_001.h5
2023-01-25,2023-01-25 13:28:55+00:00,8.748,-75.878,0.1610504984855651,0.2067319899797439,0.3851714730262756,0.4944407343864441,297.5698547363281,24.419854736328148,SMAP_L4_SM_gph_20230125T133000_Vv8010_001.h5
2023-01-26,2023-01-26 13:28:55+00:00,8.748,-75.878,0.1648138165473938,0.2053518146276474,0.3942113220691681,0.4911694526672363,297.8890380859375,24.739038085937523,SMAP_L4_SM_gph_20230126T133000_Vv8010_001.h5
2023-01-27,2023-01-27 13:28:55+00:00,8.748,-75.878,0.1539379656314849,0.203046053647995,0.3681140840053558,0.4857117831707001,296.9613647460937,23.811364746093773,SMAP_L4_SM_gph_20230127T133000_Vv8010_001.h5
2023-01-28,2023-01-28 13:28:55+00:00,8.748,-75.878,0.1496060937643051,0.2011796683073043,0.3577962219715118,0.4811030626296997,296.7583312988281,23.608331298828148,SMAP_L4_SM_gph_20230128T133000_Vv8010_001.h5
2023-01-29,2023-01-29 13:28:55+00:00,8.748,-75.878,0.1497997343540191,0.199424535036087,0.3581813871860504,0.4770283997058868,295.537109375,22.387109375000023,SMAP_L4_SM_gph_20230129T133000_Vv8010_001.h5
2023-01-30,2023-01-30 13:28:55+00:00,8.748,-75.878,0.1472734063863754,0.1977894306182861,0.3521467447280884,0.4729965329170227,296.4057922363281,23.255792236328148,SMAP_L4_SM_gph_20230130T133000_Vv8010_001.h5
2023-01-31,2023-01-31 13:28:55+00:00,8.748,-75.878,0.1454025208950042,0.1961609870195388,0.3478879928588867,0.4691041707992553,296.89166259765625,23.74166259765628,SMAP_L4_SM_gph_20230131T133000_Vv8010_001.h5
2023-02-01,2023-02-01 13:28:55+00:00,8.748,-75.878,0.1395098567008972,0.1942498087882995,0.3335898518562317,0.4646488428115845,296.7625427246094,23.6125427246094,SMAP_L4_SM_gph_20230201T133000_Vv8010_001.h5
2023-02-02,2023-02-02 13:28:55+00:00,8.748,-75.878,0.140890434384346,0.1927852630615234,0.3369429111480713,0.4611095786094665,296.1885681152344,23.0385681152344,SMAP_L4_SM_gph_20230202T133000_Vv8010_001.h5
2023-02-03,2023-02-03 13:28:55+00:00,8.748,-75.878,0.1382487416267395,0.19131700694561,0.3306440711021423,0.4576455652713775,296.802490234375,23.652490234375023,SMAP_L4_SM_gph_20230203T133000_Vv8010_001.h5
2023-02-04,2023-02-04 13:28:55+00:00,8.748,-75.878,0.1632059067487716,0.1917683631181717,0.3903863728046417,0.4586480855941772,297.486572265625,24.336572265625023,SMAP_L4_SM_gph_20230204T133000_Vv8010_001.h5
2023-02-05,2023-02-05 13:28:55+00:00,8.748,-75.878,0.1839658468961715,0.1926785707473755,0.4401156604290008,0.4608313739299774,296.8538818359375,23.703881835937523,SMAP_L4_SM_gph_20230205T133000_Vv8010_001.h5
2023-02-06,2023-02-06 13:28:55+00:00,8.748,-75.878,0.1914292275905609,0.1928919553756714,0.4577777981758117,0.4613135457038879,297.1781921386719,24.028192138671898,SMAP_L4_SM_gph_20230206T133000_Vv8010_001.h5
2023-02-07,2023-02-07 13:28:55+00:00,8.748,-75.878,0.1564855873584747,0.1897417902946472,0.37425696849823,0.4538918435573578,297.63629150390625,24.48629150390628,SMAP_L4_SM_gph_20230207T133000_Vv8010_001.h5
2023-02-08,2023-02-08 13:28:55+00:00,8.748,-75.878,0.152981087565422,0.1880732178688049,0.365890622138977,0.4498099386692047,297.65167236328125,24.50167236328128,SMAP_L4_SM_gph_20230208T133000_Vv8010_001.h5
2023-02-09,2023-02-09 13:28:55+00:00,8.748,-75.878,0.1353384405374527,0.1857519298791885,0.3236977756023407,0.4443009495735168,297.80474853515625,24.65474853515628,SMAP_L4_SM_gph_20230209T133000_Vv8010_001.h5
2023-02-10,2023-02-10 13:28:55+00:00,8.748,-75.878,0.1316323578357696,0.1842267513275146,0.3148340284824371,0.4406035244464874,297.953125,24.803125000000023,SMAP_L4_SM_gph_20230210T133000_Vv8010_001.h5
2023-02-11,2023-02-11 13:28:55+00:00,8.748,-75.878,0.1312885731458664,0.1829643249511718,0.3140219449996948,0.4376019835472107,298.117919921875,24.967919921875023,SMAP_L4_SM_gph_20230211T133000_Vv8010_001.h5
2023-02-12,2023-02-12 13:28:55+00:00,8.748,-75.878,0.1196113377809524,0.1812774240970611,0.2860980033874511,0.4334721565246582,298.3827819824219,25.232781982421898,SMAP_L4_SM_gph_20230212T133000_Vv8010_001.h5
2023-02-13,2023-02-13 13:28:55+00:00,8.748,-75.878,0.1226135641336441,0.1803715974092483,0.2932741940021515,0.4313850700855255,298.5372619628906,25.387261962890648,SMAP_L4_SM_gph_20230213T133000_Vv8010_001.h5
2023-02-14,2023-02-14 13:28:55+00:00,8.748,-75.878,0.1314781457185745,0.1798992305994033,0.3145444393157959,0.4302429556846618,298.5453796386719,25.395379638671898,SMAP_L4_SM_gph_20230214T133000_Vv8010_001.h5
2023-02-15,2023-02-15 13:28:55+00:00,8.748,-75.878,0.1349299103021621,0.1794749796390533,0.3227213323116302,0.4293591976165771,298.624267578125,25.474267578125023,SMAP_L4_SM_gph_20230215T133000_Vv8010_001.h5
2023-02-16,2023-02-16 13:28:55+00:00,8.748,-75.878,0.1584158539772033,0.1800486594438552,0.3789839148521423,0.4306433796882629,298.51934814453125,25.36934814453128,SMAP_L4_SM_gph_20230216T133000_Vv8010_001.h5
2023-02-17,2023-02-17 13:28:55+00:00,8.748,-75.878,0.1340542435646057,0.1777840405702591,0.3206540644168854,0.4251337945461273,298.4687805175781,25.318780517578148,SMAP_L4_SM_gph_20230217T133000_Vv8010_001.h5
2023-02-18,2023-02-18 13:28:55+00:00,8.748,-75.878,0.1328647583723068,0.176657423377037,0.3178673982620239,0.4224232733249664,298.2806701660156,25.130670166015648,SMAP_L4_SM_gph_20230218T133000_Vv8010_001.h5
2023-02-19,2023-02-19 13:28:55+00:00,8.748,-75.878,0.1221441403031349,0.1750957369804382,0.2920937538146972,0.4189010262489319,297.22515869140625,24.07515869140628,SMAP_L4_SM_gph_20230219T133000_Vv8010_001.h5
2023-02-20,2023-02-20 13:28:55+00:00,8.748,-75.878,0.1192497014999389,0.17397041618824,0.2852795124053955,0.4161089062690735,296.8070068359375,23.657006835937523,SMAP_L4_SM_gph_20230220T133000_Vv8010_001.h5
2023-02-21,2023-02-21 13:28:55+00:00,8.748,-75.878,0.1168766319751739,0.1728542894124984,0.2795258164405823,0.4134628176689148,297.2565612792969,24.106561279296898,SMAP_L4_SM_gph_20230221T133000_Vv8010_001.h5
2023-02-22,2023-02-22 13:28:55+00:00,8.748,-75.878,0.1136515215039253,0.1717578172683715,0.2718443274497986,0.4108197689056396,297.7521057128906,24.602105712890648,SMAP_L4_SM_gph_20230222T133000_Vv8010_001.h5
2023-02-23,2023-02-23 13:28:55+00:00,8.748,-75.878,0.134334459900856,0.172487273812294,0.3212375938892364,0.4126062989234924,298.2523803710937,25.102380371093773,SMAP_L4_SM_gph_20230223T133000_Vv8010_001.h5
2023-02-24,2023-02-24 13:28:55+00:00,8.748,-75.878,0.1258535385131836,0.1713189780712127,0.3009679317474365,0.4096910059452057,298.2073669433594,25.0573669433594,SMAP_L4_SM_gph_20230224T133000_Vv8010_001.h5
2023-02-25,2023-02-25 13:28:55+00:00,8.748,-75.878,0.1100089251995086,0.1696174591779709,0.2631127536296844,0.405682235956192,297.9382019042969,24.788201904296898,SMAP_L4_SM_gph_20230225T133000_Vv8010_001.h5
2023-02-26,2023-02-26 13:28:55+00:00,8.748,-75.878,0.1125286743044853,0.1689911037683487,0.2692020535469055,0.4041755795478821,297.9364624023437,24.786462402343773,SMAP_L4_SM_gph_20230226T133000_Vv8010_001.h5
2023-02-27,2023-02-27 13:28:55+00:00,8.748,-75.878,0.1095201224088668,0.1681563705205917,0.2619752585887909,0.4021519422531128,298.2348022460937,25.084802246093773,SMAP_L4_SM_gph_20230227T133000_Vv8010_001.h5
2023-02-28,2023-02-28 13:28:55+00:00,8.748,-75.878,0.1117269694805145,0.1674453169107437,0.2672165930271148,0.4004986584186554,298.5630798339844,25.4130798339844,SMAP_L4_SM_gph_20230228T133000_Vv8010_001.h5
2023-03-01,2023-03-01 13:28:55+00:00,8.748,-75.878,0.1127377152442932,0.1669196784496307,0.2695924639701843,0.3992546796798706,298.4736328125,25.323632812500023,SMAP_L4_SM_gph_20230301T133000_Vv8010_001.h5
2023-03-02,2023-03-02 13:28:55+00:00,8.748,-75.878,0.1120525300502777,0.1664629876613617,0.2679854035377502,0.3981164395809173,298.833740234375,25.683740234375023,SMAP_L4_SM_gph_20230302T133000_Vv8010_001.h5
2023-03-03,2023-03-03 13:28:55+00:00,8.748,-75.878,0.0996835082769393,0.1651581227779388,0.2384013831615448,0.3949671685695648,299.0140686035156,25.864068603515648,SMAP_L4_SM_gph_20230303T133000_Vv8010_001.h5
2023-03-04,2023-03-04 13:28:55+00:00,8.748,-75.878,0.1026641204953193,0.1646853238344192,0.2455507665872573,0.3939570486545563,298.7203063964844,25.5703063964844,SMAP_L4_SM_gph_20230304T133000_Vv8010_001.h5
2023-03-05,2023-03-05 13:28:55+00:00,8.748,-75.878,0.1078957021236419,0.1643228679895401,0.2580761611461639,0.3931122124195099,299.2233581542969,26.073358154296898,SMAP_L4_SM_gph_20230305T133000_Vv8010_001.h5
2023-03-06,2023-03-06 13:28:55+00:00,8.748,-75.878,0.1262107044458389,0.1650227457284927,0.3018333315849304,0.3946883678436279,298.6280822753906,25.478082275390648,SMAP_L4_SM_gph_20230306T133000_Vv8010_001.h5
2023-03-07,2023-03-07 13:28:55+00:00,8.748,-75.878,0.1299764215946197,0.1649859249591827,0.3107863664627075,0.394666463136673,298.6020812988281,25.452081298828148,SMAP_L4_SM_gph_20230307T133000_Vv8010_001.h5
2023-03-08,2023-03-08 13:28:55+00:00,8.748,-75.878,0.1217340975999832,0.1641908288002014,0.2911738157272339,0.3926349282264709,298.2373352050781,25.087335205078148,SMAP_L4_SM_gph_20230308T133000_Vv8010_001.h5
2023-03-09,2023-03-09 13:28:55+00:00,8.748,-75.878,0.1173209100961685,0.1633658409118652,0.2805847525596618,0.390758752822876,298.6185607910156,25.468560791015648,SMAP_L4_SM_gph_20230309T133000_Vv8010_001.h5
2023-03-10,2023-03-10 13:28:55+00:00,8.748,-75.878,0.1116161346435546,0.1624848842620849,0.2669096291065216,0.3885776102542877,299.0686340332031,25.918634033203148,SMAP_L4_SM_gph_20230310T133000_Vv8010_001.h5
2023-03-11,2023-03-11 13:28:55+00:00,8.748,-75.878,0.1073784083127975,0.1615960150957107,0.2568022310733795,0.3864982724189758,298.4413757324219,25.291375732421898,SMAP_L4_SM_gph_20230311T133000_Vv8010_001.h5
2023-03-12,2023-03-12 13:28:55+00:00,8.748,-75.878,0.1058817654848098,0.1610375493764877,0.253231793642044,0.3851316273212433,298.2401733398437,25.090173339843773,SMAP_L4_SM_gph_20230312T133000_Vv8010_001.h5
2023-03-13,2023-03-13 13:28:55+00:00,8.748,-75.878,0.1059707477688789,0.1606107652187347,0.2534824311733246,0.3841563463211059,298.6122436523437,25.462243652343773,SMAP_L4_SM_gph_20230313T133000_Vv8010_001.h5
2023-03-14,2023-03-14 13:28:55+00:00,8.748,-75.878,0.1212276220321655,0.1609985828399658,0.2900357544422149,0.3850670456886291,298.6565246582031,25.506524658203148,SMAP_L4_SM_gph_20230314T133000_Vv8010_001.h5
2023-03-15,2023-03-15 13:28:55+00:00,8.748,-75.878,0.1445254385471344,0.1625501215457916,0.3456389009952545,0.3887845277786255,298.3648681640625,25.214868164062523,SMAP_L4_SM_gph_20230315T133000_Vv8010_001.h5
2023-03-16,2023-03-16 13:28:55+00:00,8.748,-75.878,0.1377482563257217,0.1610771864652633,0.3294576108455658,0.3852234184741974,297.91778564453125,24.76778564453128,SMAP_L4_SM_gph_20230316T133000_Vv8010_001.h5
2023-03-17,2023-03-17 13:28:55+00:00,8.748,-75.878,0.147352933883667,0.1620396971702575,0.3524215519428253,0.3875913023948669,297.7479248046875,24.597924804687523,SMAP_L4_SM_gph_20230317T133000_Vv8010_001.h5
2023-03-18,2023-03-18 13:28:55+00:00,8.748,-75.878,0.1507667899131775,0.1625405550003051,0.3606050014495849,0.3888340890407562,298.1835327148437,25.033532714843773,SMAP_L4_SM_gph_20230318T133000_Vv8010_001.h5
2023-03-19,2023-03-19 13:28:55+00:00,8.748,-75.878,0.1345303058624267,0.1613163203001022,0.3218584358692169,0.3858209252357483,298.2702331542969,25.120233154296898,SMAP_L4_SM_gph_20230319T133000_Vv8010_001.h5
2023-03-20,2023-03-20 13:28:55+00:00,8.748,-75.878,0.1216441467404365,0.1603526920080185,0.2909809947013855,0.3836202621459961,298.5462951660156,25.396295166015648,SMAP_L4_SM_gph_20230320T133000_Vv8010_001.h5
2023-03-21,2023-03-21 13:28:55+00:00,8.748,-75.878,0.118974968791008,0.1596967279911041,0.2845381498336792,0.3819515109062195,298.3955993652344,25.2455993652344,SMAP_L4_SM_gph_20230321T133000_Vv8010_001.h5
2023-03-22,2023-03-22 13:28:55+00:00,8.748,-75.878,0.1089276820421218,0.1586463451385498,0.2605680823326111,0.3794288337230682,298.752685546875,25.602685546875023,SMAP_L4_SM_gph_20230322T133000_Vv8010_001.h5
2023-03-23,2023-03-23 13:28:55+00:00,8.748,-75.878,0.0999096184968948,0.1575539410114288,0.2390070110559463,0.3768816888332367,298.63189697265625,25.48189697265628,SMAP_L4_SM_gph_20230323T133000_Vv8010_001.h5
2023-03-24,2023-03-24 13:28:55+00:00,8.748,-75.878,0.1078692004084587,0.1575888693332672,0.2579821646213531,0.3769630193710327,298.72369384765625,25.57369384765628,SMAP_L4_SM_gph_20230324T133000_Vv8010_001.h5
2023-03-25,2023-03-25 13:28:55+00:00,8.748,-75.878,0.102074034512043,0.1567534953355789,0.2441405355930328,0.3748361766338348,298.8270874023437,25.677087402343773,SMAP_L4_SM_gph_20230325T133000_Vv8010_001.h5
2023-03-26,2023-03-26 13:28:55+00:00,8.748,-75.878,0.1022214442491531,0.1562566310167312,0.2444911897182464,0.3737519979476928,298.9335327148437,25.783532714843773,SMAP_L4_SM_gph_20230326T133000_Vv8010_001.h5
2023-03-27,2023-03-27 13:28:55+00:00,8.748,-75.878,0.1135231778025627,0.1566862612962722,0.2715481519699096,0.3747829794883728,299.0651550292969,25.915155029296898,SMAP_L4_SM_gph_20230327T133000_Vv8010_001.h5
2023-03-28,2023-03-28 13:28:55+00:00,8.748,-75.878,0.1177914068102836,0.1566994935274124,0.2817245423793793,0.374780535697937,298.8385314941406,25.688531494140648,SMAP_L4_SM_gph_20230328T133000_Vv8010_001.h5
2023-03-29,2023-03-29 13:28:55+00:00,8.748,-75.878,0.1511831879615783,0.1591015607118606,0.361548364162445,0.3805743753910064,299.1380310058594,25.9880310058594,SMAP_L4_SM_gph_20230329T133000_Vv8010_001.h5
2023-03-30,2023-03-30 13:28:55+00:00,8.748,-75.878,0.1294057518243789,0.1576663702726364,0.3095030486583709,0.3769895136356354,298.8303527832031,25.680352783203148,SMAP_L4_SM_gph_20230330T133000_Vv8010_001.h5
2023-03-31,2023-03-31 13:28:55+00:00,8.748,-75.878,0.120683342218399,0.1568188667297363,0.2886328399181366,0.374969333410263,299.2265625,26.076562500000023,SMAP_L4_SM_gph_20230331T133000_Vv8010_001.h5
2023-04-01,2023-04-01 13:28:55+00:00,8.748,-75.878,0.1233725622296333,0.1566837728023529,0.295102596282959,0.3747029602527618,299.0086975097656,25.858697509765648,SMAP_L4_SM_gph_20230401T133000_Vv8010_001.h5
2023-04-02,2023-04-02 13:28:55+00:00,8.748,-75.878,0.131015807390213,0.1569477319717407,0.3132846653461456,0.3754503428936004,299.30621337890625,26.15621337890628,SMAP_L4_SM_gph_20230402T133000_Vv8010_001.h5
2023-04-03,2023-04-03 13:28:55+00:00,8.748,-75.878,0.1239363327622413,0.1563026756048202,0.2964701950550079,0.3738464415073395,299.38983154296875,26.239831542968773,SMAP_L4_SM_gph_20230403T133000_Vv8010_001.h5
2023-04-04,2023-04-04 13:28:55+00:00,8.748,-75.878,0.1182181909680366,0.1555761694908142,0.282795250415802,0.3720308244228363,299.8208312988281,26.670831298828148,SMAP_L4_SM_gph_20230404T133000_Vv8010_001.h5
2023-04-05,2023-04-05 13:28:55+00:00,8.748,-75.878,0.1085740402340889,0.1545678675174713,0.2597073316574096,0.369677871465683,299.83709716796875,26.687097167968773,SMAP_L4_SM_gph_20230405T133000_Vv8010_001.h5
2023-04-06,2023-04-06 13:28:55+00:00,8.748,-75.878,0.1187296211719513,0.1543509513139724,0.2840193212032318,0.3691747486591339,299.4378662109375,26.287866210937523,SMAP_L4_SM_gph_20230406T133000_Vv8010_001.h5
2023-04-07,2023-04-07 13:28:55+00:00,8.748,-75.878,0.1329708695411682,0.155136153101921,0.3181219398975372,0.3710579872131347,298.74859619140625,25.59859619140628,SMAP_L4_SM_gph_20230407T133000_Vv8010_001.h5
2023-04-08,2023-04-08 13:28:55+00:00,8.748,-75.878,0.1255707293748855,0.1547597199678421,0.3003672659397125,0.3702505230903625,298.837158203125,25.687158203125023,SMAP_L4_SM_gph_20230408T133000_Vv8010_001.h5
2023-04-09,2023-04-09 13:28:55+00:00,8.748,-75.878,0.1238054856657981,0.154566079378128,0.2961018979549408,0.3695648312568664,299.3960876464844,26.2460876464844,SMAP_L4_SM_gph_20230409T133000_Vv8010_001.h5
2023-04-10,2023-04-10 13:28:55+00:00,8.748,-75.878,0.1155334413051605,0.1537927836179733,0.276280790567398,0.3678341805934906,299.7164611816406,26.566461181640648,SMAP_L4_SM_gph_20230410T133000_Vv8010_001.h5
2023-04-11,2023-04-11 13:28:55+00:00,8.748,-75.878,0.1294789314270019,0.1544441878795623,0.3097219467163086,0.369395762681961,299.6675720214844,26.5175720214844,SMAP_L4_SM_gph_20230411T133000_Vv8010_001.h5
2023-04-12,2023-04-12 13:28:55+00:00,8.748,-75.878,0.1631148308515548,0.1563490331172943,0.3901739120483398,0.3739457130432129,299.3841552734375,26.234155273437523,SMAP_L4_SM_gph_20230412T133000_Vv8010_001.h5
2023-04-13,2023-04-13 13:28:55+00:00,8.748,-75.878,0.1625860035419464,0.158882275223732,0.3889366388320923,0.3798956871032715,299.7225646972656,26.572564697265648,SMAP_L4_SM_gph_20230413T133000_Vv8010_001.h5
2023-04-14,2023-04-14 13:28:55+00:00,8.748,-75.878,0.146704763174057,0.1576066613197326,0.3508380353450775,0.3770193457603454,299.8500366210937,26.700036621093773,SMAP_L4_SM_gph_20230414T133000_Vv8010_001.h5
2023-04-15,2023-04-15 13:28:55+00:00,8.748,-75.878,0.1383007019758224,0.1566579192876815,0.330736368894577,0.3747724294662475,299.6354064941406,26.485406494140648,SMAP_L4_SM_gph_20230415T133000_Vv8010_001.h5
2023-04-16,2023-04-16 13:28:55+00:00,8.748,-75.878,0.1881920844316482,0.1620007008314132,0.4501668810844421,0.3875159025192261,299.1574401855469,26.007440185546898,SMAP_L4_SM_gph_20230416T133000_Vv8010_001.h5
2023-04-17,2023-04-17 13:28:55+00:00,8.748,-75.878,0.1584663242101669,0.1609516739845276,0.3789601624011993,0.3850076198577881,299.0755615234375,25.925561523437523,SMAP_L4_SM_gph_20230417T133000_Vv8010_001.h5
2023-04-18,2023-04-18 13:28:55+00:00,8.748,-75.878,0.1410285830497741,0.1591883897781372,0.3372880220413208,0.3807526230812073,298.7568054199219,25.606805419921898,SMAP_L4_SM_gph_20230418T133000_Vv8010_001.h5
2023-04-19,2023-04-19 13:28:55+00:00,8.748,-75.878,0.129872053861618,0.1578945517539978,0.3106158673763275,0.3776691854000091,299.2926025390625,26.142602539062523,SMAP_L4_SM_gph_20230419T133000_Vv8010_001.h5
2023-04-20,2023-04-20 13:28:55+00:00,8.748,-75.878,0.1303976774215698,0.1575128436088562,0.3118857145309448,0.3767372369766235,299.360595703125,26.210595703125023,SMAP_L4_SM_gph_20230420T133000_Vv8010_001.h5
2023-04-21,2023-04-21 13:28:55+00:00,8.748,-75.878,0.122953861951828,0.1567224264144897,0.2941134870052337,0.3748292922973633,299.1643371582031,26.014337158203148,SMAP_L4_SM_gph_20230421T133000_Vv8010_001.h5
2023-04-22,2023-04-22 13:28:55+00:00,8.748,-75.878,0.1200119480490684,0.1561135947704315,0.2870983481407165,0.3733682930469513,298.8898010253906,25.739801025390648,SMAP_L4_SM_gph_20230422T133000_Vv8010_001.h5
2023-04-23,2023-04-23 13:28:55+00:00,8.748,-75.878,0.120655246078968,0.155679389834404,0.2885611951351166,0.3723366260528564,299.22344970703125,26.07344970703128,SMAP_L4_SM_gph_20230423T133000_Vv8010_001.h5
2023-04-24,2023-04-24 13:28:55+00:00,8.748,-75.878,0.1448537409305572,0.1578703969717025,0.3463926911354065,0.3776543736457824,298.2475891113281,25.097589111328148,SMAP_L4_SM_gph_20230424T133000_Vv8010_001.h5
2023-04-25,2023-04-25 13:28:55+00:00,8.748,-75.878,0.1559548377990722,0.1594320684671402,0.372988760471344,0.3812507688999176,298.6748046875,25.524804687500023,SMAP_L4_SM_gph_20230425T133000_Vv8010_001.h5
2023-04-26,2023-04-26 13:28:55+00:00,8.748,-75.878,0.1361186504364013,0.1579264551401138,0.3255199491977691,0.377763420343399,299.0274658203125,25.877465820312523,SMAP_L4_SM_gph_20230426T133000_Vv8010_001.h5
2023-04-27,2023-04-27 13:28:55+00:00,8.748,-75.878,0.1226599067449569,0.1567724496126175,0.2933968007564544,0.3750074803829193,298.7079467773437,25.557946777343773,SMAP_L4_SM_gph_20230427T133000_Vv8010_001.h5
2023-04-28,2023-04-28 13:28:55+00:00,8.748,-75.878,0.1752327382564544,0.1597777605056762,0.4191125631332397,0.3821738660335541,298.303466796875,25.153466796875023,SMAP_L4_SM_gph_20230428T133000_Vv8010_001.h5
2023-04-29,2023-04-29 13:28:55+00:00,8.748,-75.878,0.1717174053192138,0.1633307635784149,0.4108000695705414,0.3907157480716705,299.0563659667969,25.906365966796898,SMAP_L4_SM_gph_20230429T133000_Vv8010_001.h5
2023-04-30,2023-04-30 13:28:55+00:00,8.748,-75.878,0.3423663973808288,0.2111347466707229,0.8190450072288513,0.5050939917564392,298.6540222167969,25.504022216796898,SMAP_L4_SM_gph_20230430T133000_Vv8010_001.h5
2023-05-01,2023-05-01 13:28:55+00:00,8.748,-75.878,0.2330101281404495,0.2069261968135833,0.5573644042015076,0.4948474466800689,298.4993896484375,25.349389648437523,SMAP_L4_SM_gph_20230501T133000_Vv8010_001.h5
2023-05-02,2023-05-02 13:28:55+00:00,8.748,-75.878,0.1926421225070953,0.1950120776891708,0.4607812762260437,0.4664467275142669,299.6504211425781,26.500421142578148,SMAP_L4_SM_gph_20230502T133000_Vv8010_001.h5
2023-05-03,2023-05-03 13:28:55+00:00,8.748,-75.878,0.1967189908027649,0.1894348859786987,0.4705220758914947,0.4531549215316772,300.2179260253906,27.067926025390648,SMAP_L4_SM_gph_20230503T133000_Vv8010_001.h5
2023-05-04,2023-05-04 13:28:55+00:00,8.748,-75.878,0.1735002547502517,0.1851273626089096,0.415047824382782,0.4426875710487366,300.2008056640625,27.050805664062523,SMAP_L4_SM_gph_20230504T133000_Vv8010_001.h5
2023-05-05,2023-05-05 13:28:55+00:00,8.748,-75.878,0.1578897386789322,0.1818133443593979,0.3776538670063019,0.4349132180213928,300.3171691894531,27.167169189453148,SMAP_L4_SM_gph_20230505T133000_Vv8010_001.h5
2023-05-06,2023-05-06 13:28:55+00:00,8.748,-75.878,0.1546792834997177,0.1796571314334869,0.369905412197113,0.4296121597290039,300.3334655761719,27.183465576171898,SMAP_L4_SM_gph_20230506T133000_Vv8010_001.h5
2023-05-07,2023-05-07 13:28:55+00:00,8.748,-75.878,0.1468522995710373,0.1778007894754409,0.351260781288147,0.4252737760543823,300.2281799316406,27.078179931640648,SMAP_L4_SM_gph_20230507T133000_Vv8010_001.h5
2023-05-08,2023-05-08 13:28:55+00:00,8.748,-75.878,0.1335969716310501,0.1759726852178573,0.3196035921573639,0.4209723472595215,300.3175048828125,27.167504882812523,SMAP_L4_SM_gph_20230508T133000_Vv8010_001.h5
2023-05-09,2023-05-09 13:28:55+00:00,8.748,-75.878,0.1271790415048599,0.1743012815713882,0.3042604923248291,0.4168713092803955,300.13946533203125,26.98946533203128,SMAP_L4_SM_gph_20230509T133000_Vv8010_001.h5
2023-05-10,2023-05-10 13:28:55+00:00,8.748,-75.878,0.2346892952919006,0.1830620467662811,0.5613878965377808,0.4377935826778412,299.6475524902344,26.4975524902344,SMAP_L4_SM_gph_20230510T133000_Vv8010_001.h5
2023-05-11,2023-05-11 13:28:55+00:00,8.748,-75.878,0.2117986679077148,0.1869181543588638,0.5066690444946289,0.4470993280410766,299.40283203125,26.252832031250023,SMAP_L4_SM_gph_20230511T133000_Vv8010_001.h5
2023-05-12,2023-05-12 13:28:55+00:00,8.748,-75.878,0.1801832616329193,0.1827771216630935,0.4310149848461151,0.4371509253978729,299.7030029296875,26.553002929687523,SMAP_L4_SM_gph_20230512T133000_Vv8010_001.h5
2023-05-13,2023-05-13 13:28:55+00:00,8.748,-75.878,0.1595750600099563,0.1792914271354675,0.38163822889328,0.4287221729755401,300.363037109375,27.213037109375023,SMAP_L4_SM_gph_20230513T133000_Vv8010_001.h5
2023-05-14,2023-05-14 13:28:55+00:00,8.748,-75.878,0.1663467437028885,0.1780281513929367,0.3978444337844848,0.4256817996501922,299.77996826171875,26.629968261718773,SMAP_L4_SM_gph_20230514T133000_Vv8010_001.h5
2023-05-15,2023-05-15 13:28:55+00:00,8.748,-75.878,0.2976186573505401,0.1940029561519622,0.7117552757263184,0.4639204740524292,299.1508178710937,26.000817871093773,SMAP_L4_SM_gph_20230515T133000_Vv8010_001.h5
2023-05-16,2023-05-16 13:28:55+00:00,8.748,-75.878,0.2392702996730804,0.1977924704551696,0.5722211003303528,0.4730162322521209,299.0264587402344,25.8764587402344,SMAP_L4_SM_gph_20230516T133000_Vv8010_001.h5
2023-05-17,2023-05-17 13:28:55+00:00,8.748,-75.878,0.2485157549381256,0.2042379230260849,0.5945348143577576,0.4885294139385223,298.5795593261719,25.429559326171898,SMAP_L4_SM_gph_20230517T133000_Vv8010_001.h5
2023-05-18,2023-05-18 13:28:55+00:00,8.748,-75.878,0.2164247184991836,0.1984333246946334,0.5177289843559265,0.4746339619159698,299.4262390136719,26.276239013671898,SMAP_L4_SM_gph_20230518T133000_Vv8010_001.h5
2023-05-19,2023-05-19 13:28:55+00:00,8.748,-75.878,0.2147096544504165,0.1949294507503509,0.5134407877922058,0.4662573933601379,300.1063842773437,26.956384277343773,SMAP_L4_SM_gph_20230519T133000_Vv8010_001.h5
2023-05-20,2023-05-20 13:28:55+00:00,8.748,-75.878,0.2177110612392425,0.1938853859901428,0.5208126306533813,0.4637733399868011,299.8187255859375,26.668725585937523,SMAP_L4_SM_gph_20230520T133000_Vv8010_001.h5
2023-05-21,2023-05-21 13:28:55+00:00,8.748,-75.878,0.2251558750867843,0.1945065259933471,0.5384368896484375,0.4653031527996063,298.9783935546875,25.828393554687523,SMAP_L4_SM_gph_20230521T133000_Vv8010_001.h5
2023-05-22,2023-05-22 13:28:55+00:00,8.748,-75.878,0.2388373911380767,0.2039416432380676,0.5711328387260437,0.4877596795558929,298.677490234375,25.527490234375023,SMAP_L4_SM_gph_20230522T133000_Vv8010_001.h5
2023-05-23,2023-05-23 13:28:55+00:00,8.748,-75.878,0.2318341881036758,0.2003206610679626,0.5544938445091248,0.4791501760482788,298.51519775390625,25.36519775390628,SMAP_L4_SM_gph_20230523T133000_Vv8010_001.h5
2023-05-24,2023-05-24 13:28:55+00:00,8.748,-75.878,0.2256600558757782,0.1981290727853775,0.5397585034370422,0.4739786088466644,299.00408935546875,25.854089355468773,SMAP_L4_SM_gph_20230524T133000_Vv8010_001.h5
2023-05-25,2023-05-25 13:28:55+00:00,8.748,-75.878,0.2525388896465301,0.2026137560606002,0.6039744019508362,0.4845998287200928,298.6163330078125,25.466333007812523,SMAP_L4_SM_gph_20230525T133000_Vv8010_001.h5
2023-05-26,2023-05-26 13:28:55+00:00,8.748,-75.878,0.241724893450737,0.2036317735910415,0.578208327293396,0.486979216337204,298.33660888671875,25.186608886718773,SMAP_L4_SM_gph_20230526T133000_Vv8010_001.h5
2023-05-27,2023-05-27 13:28:55+00:00,8.748,-75.878,0.2518644332885742,0.2067655026912689,0.6023644208908081,0.4945520162582397,298.6095886230469,25.459588623046898,SMAP_L4_SM_gph_20230527T133000_Vv8010_001.h5
2023-05-28,2023-05-28 13:28:55+00:00,8.748,-75.878,0.2913675904273987,0.2235892117023468,0.6970030069351196,0.5347539782524109,298.468505859375,25.318505859375023,SMAP_L4_SM_gph_20230528T133000_Vv8010_001.h5
2023-05-29,2023-05-29 13:28:55+00:00,8.748,-75.878,0.2871341705322265,0.2385396510362625,0.6867680549621582,0.5705727934837341,298.30975341796875,25.159753417968773,SMAP_L4_SM_gph_20230529T133000_Vv8010_001.h5
2023-05-30,2023-05-30 13:28:55+00:00,8.748,-75.878,0.2672759294509887,0.2332090586423874,0.6392620801925659,0.5579098463058472,298.52197265625,25.371972656250023,SMAP_L4_SM_gph_20230530T133000_Vv8010_001.h5
2023-05-31,2023-05-31 13:28:55+00:00,8.748,-75.878,0.2536529898643493,0.2267910540103912,0.6068475842475891,0.542492151260376,298.76861572265625,25.61861572265628,SMAP_L4_SM_gph_20230531T133000_Vv8010_001.h5
2023-06-01,2023-06-01 13:28:55+00:00,8.748,-75.878,0.2981657087802887,0.2293246984481811,0.7130208611488342,0.5484452247619629,297.9248352050781,24.774835205078148,SMAP_L4_SM_gph_20230601T133000_Vv8010_001.h5
2023-06-02,2023-06-02 13:28:55+00:00,8.748,-75.878,0.2511843144893646,0.2270190864801406,0.6006017923355103,0.5430119633674622,297.8803405761719,24.730340576171898,SMAP_L4_SM_gph_20230602T133000_Vv8010_001.h5
2023-06-03,2023-06-03 13:28:55+00:00,8.748,-75.878,0.2269794940948486,0.2220454663038253,0.5429288148880005,0.5310452580451965,298.8689270019531,25.718927001953148,SMAP_L4_SM_gph_20230603T133000_Vv8010_001.h5
2023-06-04,2023-06-04 13:28:55+00:00,8.748,-75.878,0.2997511029243469,0.2307391762733459,0.7170566916465759,0.5518183708190918,298.9733581542969,25.823358154296898,SMAP_L4_SM_gph_20230604T133000_Vv8010_001.h5
2023-06-05,2023-06-05 13:28:55+00:00,8.748,-75.878,0.2665373384952545,0.2370291948318481,0.637681245803833,0.5668653249740601,298.8959655761719,25.745965576171898,SMAP_L4_SM_gph_20230605T133000_Vv8010_001.h5
2023-06-06,2023-06-06 13:28:55+00:00,8.748,-75.878,0.2375999093055725,0.2302789986133575,0.5683853626251221,0.5508289337158203,299.18609619140625,26.03609619140628,SMAP_L4_SM_gph_20230606T133000_Vv8010_001.h5
2023-06-07,2023-06-07 13:28:55+00:00,8.748,-75.878,0.2419631034135818,0.228548526763916,0.578689455986023,0.546622633934021,298.9662475585937,25.816247558593773,SMAP_L4_SM_gph_20230607T133000_Vv8010_001.h5
2023-06-08,2023-06-08 13:28:55+00:00,8.748,-75.878,0.2613700330257416,0.2277992069721222,0.6251683831214905,0.5450157523155212,298.56036376953125,25.41036376953128,SMAP_L4_SM_gph_20230608T133000_Vv8010_001.h5
2023-06-09,2023-06-09 13:28:55+00:00,8.748,-75.878,0.2185867577791214,0.2229405790567398,0.5227630734443665,0.5333722829818726,298.37664794921875,25.226647949218773,SMAP_L4_SM_gph_20230609T133000_Vv8010_001.h5
2023-06-10,2023-06-10 13:28:55+00:00,8.748,-75.878,0.224675565958023,0.2216954678297042,0.5374613404273987,0.5301225185394287,298.633056640625,25.483056640625023,SMAP_L4_SM_gph_20230610T133000_Vv8010_001.h5
2023-06-11,2023-06-11 13:28:55+00:00,8.748,-75.878,0.220833882689476,0.219920352101326,0.5283007621765137,0.5259589552879333,298.6593322753906,25.509332275390648,SMAP_L4_SM_gph_20230611T133000_Vv8010_001.h5
2023-06-12,2023-06-12 13:28:55+00:00,8.748,-75.878,0.1991641819477081,0.2173246145248413,0.4763528406620025,0.5197842717170715,299.1057434082031,25.955743408203148,SMAP_L4_SM_gph_20230612T133000_Vv8010_001.h5
2023-06-13,2023-06-13 13:28:55+00:00,8.748,-75.878,0.1959231346845626,0.2149376422166824,0.4686465859413147,0.5142245888710022,299.5513000488281,26.401300048828148,SMAP_L4_SM_gph_20230613T133000_Vv8010_001.h5
2023-06-14,2023-06-14 13:28:55+00:00,8.748,-75.878,0.2525454461574554,0.2193137258291244,0.6041341423988342,0.5246021747589111,299.18194580078125,26.03194580078128,SMAP_L4_SM_gph_20230614T133000_Vv8010_001.h5
2023-06-15,2023-06-15 13:28:55+00:00,8.748,-75.878,0.2969459295272827,0.2384289801120758,0.7101684808731079,0.5703714489936829,299.02716064453125,25.87716064453128,SMAP_L4_SM_gph_20230615T133000_Vv8010_001.h5
2023-06-16,2023-06-16 13:28:55+00:00,8.748,-75.878,0.2806737720966339,0.2413224726915359,0.6712160110473633,0.577087938785553,298.938232421875,25.788232421875023,SMAP_L4_SM_gph_20230616T133000_Vv8010_001.h5
2023-06-17,2023-06-17 13:28:55+00:00,8.748,-75.878,0.3249931633472442,0.2557511329650879,0.7774804830551147,0.611758828163147,298.809326171875,25.659326171875023,SMAP_L4_SM_gph_20230617T133000_Vv8010_001.h5
2023-06-18,2023-06-18 13:28:55+00:00,8.748,-75.878,0.2867136597633362,0.2525040507316589,0.6857196092605591,0.6039015650749207,298.114501953125,24.964501953125023,SMAP_L4_SM_gph_20230618T133000_Vv8010_001.h5
2023-06-19,2023-06-19 13:28:55+00:00,8.748,-75.878,0.2557187378406524,0.2444025427103042,0.6115706562995911,0.5846447348594666,299.3753662109375,26.225366210937523,SMAP_L4_SM_gph_20230619T133000_Vv8010_001.h5
2023-06-20,2023-06-20 13:28:55+00:00,8.748,-75.878,0.2521023154258728,0.2407689690589904,0.6028490662574768,0.5760402679443359,299.7275695800781,26.577569580078148,SMAP_L4_SM_gph_20230620T133000_Vv8010_001.h5
2023-06-21,2023-06-21 13:28:55+00:00,8.748,-75.878,0.2313816100358963,0.2360849976539611,0.5533037781715393,0.5646791458129883,299.551513671875,26.401513671875023,SMAP_L4_SM_gph_20230621T133000_Vv8010_001.h5
2023-06-22,2023-06-22 13:28:55+00:00,8.748,-75.878,0.2419840991497039,0.2344655096530914,0.5786281824111938,0.5607739686965942,299.3790588378906,26.229058837890648,SMAP_L4_SM_gph_20230622T133000_Vv8010_001.h5
2023-06-23,2023-06-23 13:28:55+00:00,8.748,-75.878,0.2872427105903625,0.2428543269634246,0.6870788335800171,0.5808771848678589,298.8915710449219,25.741571044921898,SMAP_L4_SM_gph_20230623T133000_Vv8010_001.h5
2023-06-24,2023-06-24 13:28:55+00:00,8.748,-75.878,0.275400310754776,0.2451708614826202,0.658869743347168,0.5864588022232056,298.6243896484375,25.474389648437523,SMAP_L4_SM_gph_20230624T133000_Vv8010_001.h5
2023-06-25,2023-06-25 13:28:55+00:00,8.748,-75.878,0.231144979596138,0.2380539029836654,0.5528601408004761,0.5694724321365356,298.3841552734375,25.234155273437523,SMAP_L4_SM_gph_20230625T133000_Vv8010_001.h5
2023-06-26,2023-06-26 13:28:55+00:00,8.748,-75.878,0.2650095522403717,0.238063707947731,0.6336890459060669,0.5695427060127258,298.196533203125,25.046533203125023,SMAP_L4_SM_gph_20230626T133000_Vv8010_001.h5
2023-06-27,2023-06-27 13:28:55+00:00,8.748,-75.878,0.248677983880043,0.2367212772369384,0.5948511958122253,0.5661138296127319,298.16815185546875,25.018151855468773,SMAP_L4_SM_gph_20230627T133000_Vv8010_001.h5
2023-06-28,2023-06-28 13:28:55+00:00,8.748,-75.878,0.2232518792152404,0.2332020550966262,0.5341060161590576,0.5578336715698242,299.10595703125,25.955957031250023,SMAP_L4_SM_gph_20230628T133000_Vv8010_001.h5
2023-06-29,2023-06-29 13:28:55+00:00,8.748,-75.878,0.2150747030973434,0.2305464297533035,0.5144268274307251,0.5513533353805542,299.5765380859375,26.426538085937523,SMAP_L4_SM_gph_20230629T133000_Vv8010_001.h5
2023-06-30,2023-06-30 13:28:55+00:00,8.748,-75.878,0.2574182748794555,0.2318970113992691,0.6157657504081726,0.5546444654464722,299.9997253417969,26.849725341796898,SMAP_L4_SM_gph_20230630T133000_Vv8010_001.h5
2023-07-01,2023-07-01 13:28:55+00:00,8.748,-75.878,0.2320152819156646,0.2270794808864593,0.5549432039260864,0.5431938767433167,299.7607421875,26.610742187500023,SMAP_L4_SM_gph_20230701T133000_Vv8010_001.h5
2023-07-02,2023-07-02 13:28:55+00:00,8.748,-75.878,0.2870741486549377,0.2390466183423996,0.6867629289627075,0.5718299150466919,299.132568359375,25.982568359375023,SMAP_L4_SM_gph_20230702T133000_Vv8010_001.h5
2023-07-03,2023-07-03 13:28:55+00:00,8.748,-75.878,0.2664319276809692,0.2364979982376098,0.637342095375061,0.5656916499137878,298.65191650390625,25.50191650390628,SMAP_L4_SM_gph_20230703T133000_Vv8010_001.h5
2023-07-04,2023-07-04 13:28:55+00:00,8.748,-75.878,0.2551518082618713,0.2337830364704132,0.6103966236114502,0.5592556595802307,298.63922119140625,25.48922119140628,SMAP_L4_SM_gph_20230704T133000_Vv8010_001.h5
2023-07-05,2023-07-05 13:28:55+00:00,8.748,-75.878,0.251603364944458,0.232753038406372,0.6015985608100891,0.5566750764846802,298.81591796875,25.665917968750023,SMAP_L4_SM_gph_20230705T133000_Vv8010_001.h5
2023-07-06,2023-07-06 13:28:55+00:00,8.748,-75.878,0.3234584629535675,0.247037872672081,0.773575484752655,0.590800940990448,298.5333251953125,25.383325195312523,SMAP_L4_SM_gph_20230706T133000_Vv8010_001.h5
2023-07-07,2023-07-07 13:28:55+00:00,8.748,-75.878,0.2717743515968323,0.2445225417613983,0.6499699950218201,0.5848835110664368,298.3084716796875,25.158471679687523,SMAP_L4_SM_gph_20230707T133000_Vv8010_001.h5
2023-07-08,2023-07-08 13:28:55+00:00,8.748,-75.878,0.2524722218513489,0.2400543689727783,0.6039425134658813,0.5740610957145691,298.2470397949219,25.097039794921898,SMAP_L4_SM_gph_20230708T133000_Vv8010_001.h5
2023-07-09,2023-07-09 13:28:55+00:00,8.748,-75.878,0.2930564284324646,0.2484620213508606,0.7010586857795715,0.5941274166107178,298.5995483398437,25.449548339843773,SMAP_L4_SM_gph_20230709T133000_Vv8010_001.h5
2023-07-10,2023-07-10 13:28:55+00:00,8.748,-75.878,0.2707856893539428,0.2450239062309265,0.6475338935852051,0.5859914422035217,299.06036376953125,25.91036376953128,SMAP_L4_SM_gph_20230710T133000_Vv8010_001.h5
2023-07-11,2023-07-11 13:28:55+00:00,8.748,-75.878,0.2669820785522461,0.2413502931594848,0.6386475563049316,0.5772716403007507,299.5264587402344,26.3764587402344,SMAP_L4_SM_gph_20230711T133000_Vv8010_001.h5
2023-07-12,2023-07-12 13:28:55+00:00,8.748,-75.878,0.292742371559143,0.2529404759407043,0.7000434994697571,0.604987621307373,299.02130126953125,25.87130126953128,SMAP_L4_SM_gph_20230712T133000_Vv8010_001.h5
2023-07-13,2023-07-13 13:28:55+00:00,8.748,-75.878,0.2827849090099334,0.2553901970386505,0.6764944791793823,0.6108686923980713,299.4940795898437,26.344079589843773,SMAP_L4_SM_gph_20230713T133000_Vv8010_001.h5
2023-07-14,2023-07-14 13:28:55+00:00,8.748,-75.878,0.3043026030063629,0.2546680867671966,0.7279127240180969,0.6090413331985474,299.25067138671875,26.100671386718773,SMAP_L4_SM_gph_20230714T133000_Vv8010_001.h5
2023-07-15,2023-07-15 13:28:55+00:00,8.748,-75.878,0.2758979797363281,0.2518359720706939,0.6599876284599304,0.6022011637687683,299.29901123046875,26.149011230468773,SMAP_L4_SM_gph_20230715T133000_Vv8010_001.h5
2023-07-16,2023-07-16 13:28:55+00:00,8.748,-75.878,0.251237004995346,0.2469092607498169,0.6008659601211548,0.590467631816864,299.4104309082031,26.260430908203148,SMAP_L4_SM_gph_20230716T133000_Vv8010_001.h5
2023-07-17,2023-07-17 13:28:55+00:00,8.748,-75.878,0.2597431242465973,0.2456809431314468,0.6213504076004028,0.5875046849250793,299.1602783203125,26.010278320312523,SMAP_L4_SM_gph_20230717T133000_Vv8010_001.h5
2023-07-18,2023-07-18 13:28:55+00:00,8.748,-75.878,0.3116669952869415,0.2566606998443603,0.7455340027809143,0.6140008568763733,299.33892822265625,26.18892822265628,SMAP_L4_SM_gph_20230718T133000_Vv8010_001.h5
2023-07-19,2023-07-19 13:28:55+00:00,8.748,-75.878,0.2795896232128143,0.2537405788898468,0.6686588525772095,0.606971263885498,298.8483581542969,25.698358154296898,SMAP_L4_SM_gph_20230719T133000_Vv8010_001.h5
2023-07-20,2023-07-20 13:28:55+00:00,8.748,-75.878,0.2464651763439178,0.2475859224796295,0.5894634127616882,0.5923352837562561,299.6206359863281,26.470635986328148,SMAP_L4_SM_gph_20230720T133000_Vv8010_001.h5
2023-07-21,2023-07-21 13:28:55+00:00,8.748,-75.878,0.2267736494541168,0.2427691966295242,0.5423504710197449,0.5807881951332092,300.0584716796875,26.908471679687523,SMAP_L4_SM_gph_20230721T133000_Vv8010_001.h5
2023-07-22,2023-07-22 13:28:55+00:00,8.748,-75.878,0.2938792109489441,0.250023603439331,0.7029593586921692,0.5980265140533447,299.74462890625,26.594628906250023,SMAP_L4_SM_gph_20230722T133000_Vv8010_001.h5
2023-07-23,2023-07-23 13:28:55+00:00,8.748,-75.878,0.2703540027141571,0.2483078837394714,0.6465998291969299,0.5938460826873779,298.52545166015625,25.37545166015628,SMAP_L4_SM_gph_20230723T133000_Vv8010_001.h5
2023-07-24,2023-07-24 13:28:55+00:00,8.748,-75.878,0.2412395477294922,0.2436617314815521,0.5770190358161926,0.5827803611755371,299.39276123046875,26.242761230468773,SMAP_L4_SM_gph_20230724T133000_Vv8010_001.h5
2023-07-25,2023-07-25 13:28:55+00:00,8.748,-75.878,0.2337406426668167,0.2412185370922088,0.5590928792953491,0.5769162774085999,299.53985595703125,26.38985595703128,SMAP_L4_SM_gph_20230725T133000_Vv8010_001.h5
2023-07-26,2023-07-26 13:28:55+00:00,8.748,-75.878,0.2751646637916565,0.2422824651002884,0.6581280827522278,0.5794127583503723,299.26324462890625,26.11324462890628,SMAP_L4_SM_gph_20230726T133000_Vv8010_001.h5
2023-07-27,2023-07-27 13:28:55+00:00,8.748,-75.878,0.2818365395069122,0.242873728275299,0.6739521026611328,0.5809139013290405,298.7288818359375,25.578881835937523,SMAP_L4_SM_gph_20230727T133000_Vv8010_001.h5
2023-07-28,2023-07-28 13:28:55+00:00,8.748,-75.878,0.2637515664100647,0.2406549751758575,0.6308321952819824,0.575536847114563,299.2325744628906,26.082574462890648,SMAP_L4_SM_gph_20230728T133000_Vv8010_001.h5
2023-07-29,2023-07-29 13:28:55+00:00,8.748,-75.878,0.2407591044902801,0.2371199280023574,0.5757884383201599,0.5671749711036682,299.708984375,26.558984375000023,SMAP_L4_SM_gph_20230729T133000_Vv8010_001.h5
2023-07-30,2023-07-30 13:28:55+00:00,8.748,-75.878,0.22566519677639,0.2338869869709015,0.5397565364837646,0.5593791007995605,299.89520263671875,26.745202636718773,SMAP_L4_SM_gph_20230730T133000_Vv8010_001.h5
2023-07-31,2023-07-31 13:28:55+00:00,8.748,-75.878,0.3046966195106506,0.2590782344341278,0.7286750674247742,0.6196277737617493,299.24951171875,26.099511718750023,SMAP_L4_SM_gph_20230731T133000_Vv8010_001.h5
2023-08-01,2023-08-01 13:28:55+00:00,8.748,-75.878,0.2799281477928161,0.255342960357666,0.6693980693817139,0.6106480360031128,298.7926940917969,25.642694091796898,SMAP_L4_SM_gph_20230801T133000_Vv8010_001.h5
2023-08-02,2023-08-02 13:28:55+00:00,8.748,-75.878,0.2897428870201111,0.2510936856269836,0.6932088732719421,0.6004435420036316,299.3312683105469,26.181268310546898,SMAP_L4_SM_gph_20230802T133000_Vv8010_001.h5
2023-08-03,2023-08-03 13:28:55+00:00,8.748,-75.878,0.3007746934890747,0.2545487880706787,0.7193808555603027,0.6086819171905518,299.68634033203125,26.53634033203128,SMAP_L4_SM_gph_20230803T133000_Vv8010_001.h5
2023-08-04,2023-08-04 13:28:55+00:00,8.748,-75.878,0.2745642066001892,0.2510921955108642,0.6565027236938477,0.6006096601486206,299.718017578125,26.568017578125023,SMAP_L4_SM_gph_20230804T133000_Vv8010_001.h5
2023-08-05,2023-08-05 13:28:55+00:00,8.748,-75.878,0.258063942193985,0.2464492619037628,0.6172503232955933,0.5895270705223083,299.9061279296875,26.756127929687523,SMAP_L4_SM_gph_20230805T133000_Vv8010_001.h5
2023-08-06,2023-08-06 13:28:55+00:00,8.748,-75.878,0.240132987499237,0.2426187396049499,0.574259340763092,0.580214262008667,300.08624267578125,26.93624267578128,SMAP_L4_SM_gph_20230806T133000_Vv8010_001.h5
2023-08-07,2023-08-07 13:28:55+00:00,8.748,-75.878,0.2842276096343994,0.2441473603248596,0.6797574162483215,0.5838834643363953,299.3367919921875,26.186791992187523,SMAP_L4_SM_gph_20230807T133000_Vv8010_001.h5
2023-08-08,2023-08-08 13:28:55+00:00,8.748,-75.878,0.2654008865356445,0.2429510951042175,0.6349367499351501,0.5811025500297546,298.7127380371094,25.5627380371094,SMAP_L4_SM_gph_20230808T133000_Vv8010_001.h5
2023-08-09,2023-08-09 13:28:55+00:00,8.748,-75.878,0.2767102122306824,0.2425188720226287,0.6620081663131714,0.5800396203994751,299.4429931640625,26.292993164062523,SMAP_L4_SM_gph_20230809T133000_Vv8010_001.h5
2023-08-10,2023-08-10 13:28:55+00:00,8.748,-75.878,0.2760969698429107,0.2434011995792389,0.6605219841003418,0.5822363495826721,299.468994140625,26.318994140625023,SMAP_L4_SM_gph_20230810T133000_Vv8010_001.h5
2023-08-11,2023-08-11 13:28:55+00:00,8.748,-75.878,0.2602818608283996,0.2413507103919983,0.622494101524353,0.577332079410553,299.603759765625,26.453759765625023,SMAP_L4_SM_gph_20230811T133000_Vv8010_001.h5
2023-08-12,2023-08-12 13:28:55+00:00,8.748,-75.878,0.2889044880867004,0.2462295889854431,0.6910654902458191,0.5889812707901001,298.98809814453125,25.83809814453128,SMAP_L4_SM_gph_20230812T133000_Vv8010_001.h5
2023-08-13,2023-08-13 13:28:55+00:00,8.748,-75.878,0.278050035238266,0.2445654273033142,0.6650476455688477,0.584848165512085,298.7275695800781,25.577569580078148,SMAP_L4_SM_gph_20230813T133000_Vv8010_001.h5
2023-08-14,2023-08-14 13:28:55+00:00,8.748,-75.878,0.2497606575489044,0.2408479005098343,0.5973593592643738,0.5761469602584839,298.60650634765625,25.45650634765628,SMAP_L4_SM_gph_20230814T133000_Vv8010_001.h5
2023-08-15,2023-08-15 13:28:55+00:00,8.748,-75.878,0.290942370891571,0.2438546568155288,0.6958319544792175,0.5831226110458374,298.9205017089844,25.7705017089844,SMAP_L4_SM_gph_20230815T133000_Vv8010_001.h5
2023-08-16,2023-08-16 13:28:55+00:00,8.748,-75.878,0.2956399023532867,0.2487500756978988,0.7070708274841309,0.5950204730033875,298.58355712890625,25.43355712890628,SMAP_L4_SM_gph_20230816T133000_Vv8010_001.h5
2023-08-17,2023-08-17 13:28:55+00:00,8.748,-75.878,0.2649910151958465,0.2448397278785705,0.6339865922927856,0.5856855511665344,298.57012939453125,25.42012939453128,SMAP_L4_SM_gph_20230817T133000_Vv8010_001.h5
2023-08-18,2023-08-18 13:28:55+00:00,8.748,-75.878,0.2684663236141205,0.2422486096620559,0.6421810388565063,0.5794243216514587,298.7645874023437,25.614587402343773,SMAP_L4_SM_gph_20230818T133000_Vv8010_001.h5
2023-08-19,2023-08-19 13:28:55+00:00,8.748,-75.878,0.2624253928661346,0.240808218717575,0.6275051832199097,0.5759705305099487,298.87225341796875,25.722253417968773,SMAP_L4_SM_gph_20230819T133000_Vv8010_001.h5
2023-08-20,2023-08-20 13:28:55+00:00,8.748,-75.878,0.2626487016677856,0.239379271864891,0.6282733082771301,0.5726011991500854,299.00177001953125,25.85177001953128,SMAP_L4_SM_gph_20230820T133000_Vv8010_001.h5
2023-08-21,2023-08-21 13:28:55+00:00,8.748,-75.878,0.2725852131843567,0.242179736495018,0.6519891023635864,0.5791463851928711,298.45172119140625,25.30172119140628,SMAP_L4_SM_gph_20230821T133000_Vv8010_001.h5
2023-08-22,2023-08-22 13:28:55+00:00,8.748,-75.878,0.2812157869338989,0.2429142892360687,0.6726439595222473,0.5809335708618164,297.62646484375,24.476464843750023,SMAP_L4_SM_gph_20230822T133000_Vv8010_001.h5
2023-08-23,2023-08-23 13:28:55+00:00,8.748,-75.878,0.2570491135120392,0.2404232174158096,0.6148043274879456,0.5750444531440735,297.4225769042969,24.272576904296898,SMAP_L4_SM_gph_20230823T133000_Vv8010_001.h5
2023-08-24,2023-08-24 13:28:55+00:00,8.748,-75.878,0.2520595490932464,0.2384844422340393,0.6028397083282471,0.5703438520431519,298.29449462890625,25.14449462890628,SMAP_L4_SM_gph_20230824T133000_Vv8010_001.h5
2023-08-25,2023-08-25 13:28:55+00:00,8.748,-75.878,0.2291592359542846,0.2347057163715362,0.5481575727462769,0.5614962577819824,298.7974853515625,25.647485351562523,SMAP_L4_SM_gph_20230825T133000_Vv8010_001.h5
2023-08-26,2023-08-26 13:28:55+00:00,8.748,-75.878,0.1909824311733245,0.2300552874803543,0.4567801654338836,0.5502352118492126,298.9808654785156,25.830865478515648,SMAP_L4_SM_gph_20230826T133000_Vv8010_001.h5
2023-08-27,2023-08-27 13:28:55+00:00,8.748,-75.878,0.2049358934164047,0.2282591760158538,0.4901837706565857,0.546089768409729,299.2454833984375,26.095483398437523,SMAP_L4_SM_gph_20230827T133000_Vv8010_001.h5
2023-08-28,2023-08-28 13:28:55+00:00,8.748,-75.878,0.2035178542137146,0.2259869426488876,0.4867214858531952,0.5405241250991821,299.2135009765625,26.063500976562523,SMAP_L4_SM_gph_20230828T133000_Vv8010_001.h5
2023-08-29,2023-08-29 13:28:55+00:00,8.748,-75.878,0.2133334577083587,0.224596619606018,0.5101181864738464,0.537202000617981,299.4976501464844,26.3476501464844,SMAP_L4_SM_gph_20230829T133000_Vv8010_001.h5
2023-08-30,2023-08-30 13:28:55+00:00,8.748,-75.878,0.2056335210800171,0.22199147939682,0.4918718934059143,0.5310752987861633,300.1840209960937,27.034020996093773,SMAP_L4_SM_gph_20230830T133000_Vv8010_001.h5
2023-08-31,2023-08-31 13:28:55+00:00,8.748,-75.878,0.301676869392395,0.2320932894945144,0.721458375453949,0.5552527904510498,300.3925170898437,27.242517089843773,SMAP_L4_SM_gph_20230831T133000_Vv8010_001.h5
2023-09-01,2023-09-01 13:28:55+00:00,8.748,-75.878,0.2605651319026947,0.2314328700304031,0.6231556534767151,0.5535721182823181,300.0639038085937,26.913903808593773,SMAP_L4_SM_gph_20230901T133000_Vv8010_001.h5
2023-09-02,2023-09-02 13:28:55+00:00,8.748,-75.878,0.2713054716587066,0.2313832640647888,0.6486755013465881,0.5534433126449585,299.79791259765625,26.64791259765628,SMAP_L4_SM_gph_20230902T133000_Vv8010_001.h5
2023-09-03,2023-09-03 13:28:55+00:00,8.748,-75.878,0.2532805204391479,0.2290039211511612,0.6059954762458801,0.5476722717285156,299.24346923828125,26.09346923828128,SMAP_L4_SM_gph_20230903T133000_Vv8010_001.h5
2023-09-04,2023-09-04 13:28:55+00:00,8.748,-75.878,0.2476539611816406,0.2269678115844726,0.5924608707427979,0.5428784489631653,298.4633178710937,25.313317871093773,SMAP_L4_SM_gph_20230904T133000_Vv8010_001.h5
2023-09-05,2023-09-05 13:28:55+00:00,8.748,-75.878,0.2227120697498321,0.2238077670335769,0.532622218132019,0.5353716611862183,299.119140625,25.969140625000023,SMAP_L4_SM_gph_20230905T133000_Vv8010_001.h5
2023-09-06,2023-09-06 13:28:55+00:00,8.748,-75.878,0.2062157988548278,0.2200593501329422,0.4932882487773895,0.5264179706573486,299.83673095703125,26.68673095703128,SMAP_L4_SM_gph_20230906T133000_Vv8010_001.h5
2023-09-07,2023-09-07 13:28:55+00:00,8.748,-75.878,0.2917896807193756,0.2294323742389679,0.6980030536651611,0.5485662817955017,299.4568176269531,26.306817626953148,SMAP_L4_SM_gph_20230907T133000_Vv8010_001.h5
2023-09-08,2023-09-08 13:28:55+00:00,8.748,-75.878,0.2619012594223022,0.2308221906423568,0.6262643337249756,0.5521195530891418,299.215576171875,26.065576171875023,SMAP_L4_SM_gph_20230908T133000_Vv8010_001.h5
2023-09-09,2023-09-09 13:28:55+00:00,8.748,-75.878,0.2870070040225982,0.2351877689361572,0.6863154172897339,0.562443733215332,298.8647766113281,25.714776611328148,SMAP_L4_SM_gph_20230909T133000_Vv8010_001.h5
2023-09-10,2023-09-10 13:28:55+00:00,8.748,-75.878,0.2847658693790436,0.2397273778915405,0.681010365486145,0.5732585191726685,298.8246459960937,25.674645996093773,SMAP_L4_SM_gph_20230910T133000_Vv8010_001.h5
2023-09-11,2023-09-11 13:28:55+00:00,8.748,-75.878,0.2557812035083771,0.2342907041311264,0.6118056774139404,0.5603071451187134,299.0144348144531,25.864434814453148,SMAP_L4_SM_gph_20230911T133000_Vv8010_001.h5
2023-09-12,2023-09-12 13:28:55+00:00,8.748,-75.878,0.2747805416584015,0.2335098534822464,0.657168984413147,0.5585328936576843,299.3677673339844,26.2177673339844,SMAP_L4_SM_gph_20230912T133000_Vv8010_001.h5
2023-09-13,2023-09-13 13:28:55+00:00,8.748,-75.878,0.2604200541973114,0.2310010641813278,0.6229051947593689,0.5525109767913818,299.50177001953125,26.35177001953128,SMAP_L4_SM_gph_20230913T133000_Vv8010_001.h5
2023-09-14,2023-09-14 13:28:55+00:00,8.748,-75.878,0.2386590987443924,0.2279997617006302,0.5707446932792664,0.5453052520751953,299.72314453125,26.573144531250023,SMAP_L4_SM_gph_20230914T133000_Vv8010_001.h5
2023-09-15,2023-09-15 13:28:55+00:00,8.748,-75.878,0.3594772517681122,0.26531982421875,0.8597434759140015,0.6344882845878601,299.17578125,26.025781250000023,SMAP_L4_SM_gph_20230915T133000_Vv8010_001.h5
2023-09-16,2023-09-16 13:28:55+00:00,8.748,-75.878,0.2876273393630981,0.2585359513759613,0.6877726912498474,0.6182914972305298,298.660400390625,25.510400390625023,SMAP_L4_SM_gph_20230916T133000_Vv8010_001.h5
2023-09-17,2023-09-17 13:28:55+00:00,8.748,-75.878,0.2729856371879577,0.250764399766922,0.6528859734535217,0.5996715426445007,298.8441162109375,25.694116210937523,SMAP_L4_SM_gph_20230917T133000_Vv8010_001.h5
2023-09-18,2023-09-18 13:28:55+00:00,8.748,-75.878,0.2971179187297821,0.2508650720119476,0.7107835412025452,0.5999459028244019,298.9221496582031,25.772149658203148,SMAP_L4_SM_gph_20230918T133000_Vv8010_001.h5
2023-09-19,2023-09-19 13:28:55+00:00,8.748,-75.878,0.2788212597370147,0.2497387081384658,0.6670892238616943,0.597346842288971,298.56109619140625,25.41109619140628,SMAP_L4_SM_gph_20230919T133000_Vv8010_001.h5
2023-09-20,2023-09-20 13:28:55+00:00,8.748,-75.878,0.2512297332286834,0.2452872544527053,0.6008182168006897,0.5866028666496277,298.9213256835937,25.771325683593773,SMAP_L4_SM_gph_20230920T133000_Vv8010_001.h5
2023-09-21,2023-09-21 13:28:55+00:00,8.748,-75.878,0.2333222925662994,0.2410226166248321,0.5579512119293213,0.5764244198799133,299.493408203125,26.343408203125023,SMAP_L4_SM_gph_20230921T133000_Vv8010_001.h5
2023-09-22,2023-09-22 13:28:55+00:00,8.748,-75.878,0.2216365486383438,0.2374811321496963,0.5302347540855408,0.5680646896362305,299.6133117675781,26.463311767578148,SMAP_L4_SM_gph_20230922T133000_Vv8010_001.h5
2023-09-23,2023-09-23 13:28:55+00:00,8.748,-75.878,0.279463917016983,0.2407441288232803,0.6684840321540833,0.5757063627243042,299.74859619140625,26.59859619140628,SMAP_L4_SM_gph_20230923T133000_Vv8010_001.h5
2023-09-24,2023-09-24 13:28:55+00:00,8.748,-75.878,0.275203138589859,0.2458709180355072,0.6584502458572388,0.5879983305931091,298.962646484375,25.812646484375023,SMAP_L4_SM_gph_20230924T133000_Vv8010_001.h5
2023-09-25,2023-09-25 13:28:55+00:00,8.748,-75.878,0.3281471729278564,0.2605420351028442,0.7847832441329956,0.6232134699821472,298.3320007324219,25.182000732421898,SMAP_L4_SM_gph_20230925T133000_Vv8010_001.h5
2023-09-26,2023-09-26 13:28:55+00:00,8.748,-75.878,0.3157470226287842,0.2712902426719665,0.7551477551460266,0.6487907767295837,298.755859375,25.605859375000023,SMAP_L4_SM_gph_20230926T133000_Vv8010_001.h5
2023-09-27,2023-09-27 13:28:55+00:00,8.748,-75.878,0.2960377931594848,0.2684794068336487,0.7078736424446106,0.6421905159950256,299.347412109375,26.197412109375023,SMAP_L4_SM_gph_20230927T133000_Vv8010_001.h5
2023-09-28,2023-09-28 13:28:55+00:00,8.748,-75.878,0.274645447731018,0.2608783841133117,0.6569289565086365,0.6240392327308655,299.5729675292969,26.422967529296898,SMAP_L4_SM_gph_20230928T133000_Vv8010_001.h5
2023-09-29,2023-09-29 13:28:55+00:00,8.748,-75.878,0.2660249769687652,0.2570915222167969,0.6362271904945374,0.6149991154670715,299.386474609375,26.236474609375023,SMAP_L4_SM_gph_20230929T133000_Vv8010_001.h5
2023-09-30,2023-09-30 13:28:55+00:00,8.748,-75.878,0.2696364820003509,0.2546980082988739,0.6447176933288574,0.609019935131073,299.1532287597656,26.003228759765648,SMAP_L4_SM_gph_20230930T133000_Vv8010_001.h5
2023-10-01,2023-10-01 13:28:55+00:00,8.748,-75.878,0.264327734708786,0.2537246644496918,0.6323515772819519,0.6068310141563416,299.0098571777344,25.8598571777344,SMAP_L4_SM_gph_20231001T133000_Vv8010_001.h5
2023-10-02,2023-10-02 13:28:55+00:00,8.748,-75.878,0.288128912448883,0.2540723383426666,0.6891973614692688,0.6075886487960815,299.24859619140625,26.09859619140628,SMAP_L4_SM_gph_20231002T133000_Vv8010_001.h5
2023-10-03,2023-10-03 13:28:55+00:00,8.748,-75.878,0.2905958294868469,0.2567585110664367,0.6951021552085876,0.6142555475234985,298.4283447265625,25.278344726562523,SMAP_L4_SM_gph_20231003T133000_Vv8010_001.h5
2023-10-04,2023-10-04 13:28:55+00:00,8.748,-75.878,0.2887508869171142,0.2569442987442016,0.6905031204223633,0.614518404006958,298.1108093261719,24.960809326171898,SMAP_L4_SM_gph_20231004T133000_Vv8010_001.h5
2023-10-05,2023-10-05 13:28:55+00:00,8.748,-75.878,0.2816005051136017,0.2553712725639343,0.6735273599624634,0.6106484532356262,298.0293273925781,24.879327392578148,SMAP_L4_SM_gph_20231005T133000_Vv8010_001.h5
2023-10-06,2023-10-06 13:28:55+00:00,8.748,-75.878,0.2637086510658264,0.2528456747531891,0.6306518316268921,0.6047288775444031,298.4970703125,25.347070312500023,SMAP_L4_SM_gph_20231006T133000_Vv8010_001.h5
2023-10-07,2023-10-07 13:28:55+00:00,8.748,-75.878,0.257774144411087,0.2500521242618561,0.6167129278182983,0.5981736183166504,298.7585754394531,25.608575439453148,SMAP_L4_SM_gph_20231007T133000_Vv8010_001.h5
2023-10-08,2023-10-08 13:28:55+00:00,8.748,-75.878,0.3109674155712127,0.2584073841571808,0.7437839508056641,0.6181760430335999,298.7505798339844,25.6005798339844,SMAP_L4_SM_gph_20231008T133000_Vv8010_001.h5
2023-10-09,2023-10-09 13:28:55+00:00,8.748,-75.878,0.2798700332641601,0.2554185092449188,0.6695032119750977,0.6110154986381531,298.78790283203125,25.63790283203128,SMAP_L4_SM_gph_20231009T133000_Vv8010_001.h5
2023-10-10,2023-10-10 13:28:55+00:00,8.748,-75.878,0.252825528383255,0.2512442171573639,0.6046028733253479,0.6008580923080444,299.50732421875,26.357324218750023,SMAP_L4_SM_gph_20231010T133000_Vv8010_001.h5
2023-10-11,2023-10-11 13:28:55+00:00,8.748,-75.878,0.3089446425437927,0.2578282654285431,0.738826334476471,0.6165483593940735,299.4532470703125,26.303247070312523,SMAP_L4_SM_gph_20231011T133000_Vv8010_001.h5
2023-10-12,2023-10-12 13:28:55+00:00,8.748,-75.878,0.2869988083839416,0.262219101190567,0.6864961385726929,0.6272808909416199,298.904052734375,25.754052734375023,SMAP_L4_SM_gph_20231012T133000_Vv8010_001.h5
2023-10-13,2023-10-13 13:28:55+00:00,8.748,-75.878,0.2724102139472961,0.2577660381793976,0.6516117453575134,0.6164597868919373,299.41131591796875,26.261315917968773,SMAP_L4_SM_gph_20231013T133000_Vv8010_001.h5
2023-10-14,2023-10-14 13:28:55+00:00,8.748,-75.878,0.2794179022312164,0.2553837299346924,0.6683613657951355,0.6109984517097473,298.81378173828125,25.66378173828128,SMAP_L4_SM_gph_20231014T133000_Vv8010_001.h5
2023-10-15,2023-10-15 13:28:55+00:00,8.748,-75.878,0.266613245010376,0.2534698247909546,0.6376316547393799,0.6062178015708923,298.5309753417969,25.380975341796898,SMAP_L4_SM_gph_20231015T133000_Vv8010_001.h5
2023-10-16,2023-10-16 13:28:55+00:00,8.748,-75.878,0.2729444801807403,0.2520124018192291,0.6529002785682678,0.6026601791381836,298.09228515625,24.942285156250023,SMAP_L4_SM_gph_20231016T133000_Vv8010_001.h5
2023-10-17,2023-10-17 13:28:55+00:00,8.748,-75.878,0.2617742121219635,0.2512641251087188,0.6258652806282043,0.6009098887443542,298.0028686523437,24.852868652343773,SMAP_L4_SM_gph_20231017T133000_Vv8010_001.h5
2023-10-18,2023-10-18 13:28:55+00:00,8.748,-75.878,0.2278817147016525,0.2463793754577636,0.5449881553649902,0.5893568396568298,298.6029052734375,25.452905273437523,SMAP_L4_SM_gph_20231018T133000_Vv8010_001.h5
2023-10-19,2023-10-19 13:28:55+00:00,8.748,-75.878,0.2253902852535247,0.2438379526138305,0.539056658744812,0.5833107233047485,299.2304382324219,26.080438232421898,SMAP_L4_SM_gph_20231019T133000_Vv8010_001.h5
2023-10-20,2023-10-20 13:28:55+00:00,8.748,-75.878,0.3113456070423126,0.258978396654129,0.7448863387107849,0.619367778301239,298.4940795898437,25.344079589843773,SMAP_L4_SM_gph_20231020T133000_Vv8010_001.h5
2023-10-21,2023-10-21 13:28:55+00:00,8.748,-75.878,0.2797684371471405,0.2575532793998718,0.6692081689834595,0.6159798502922058,297.83758544921875,24.687585449218773,SMAP_L4_SM_gph_20231021T133000_Vv8010_001.h5
2023-10-22,2023-10-22 13:28:55+00:00,8.748,-75.878,0.258609265089035,0.2532222270965576,0.6185141205787659,0.6055735945701599,297.9231262207031,24.773126220703148,SMAP_L4_SM_gph_20231022T133000_Vv8010_001.h5
2023-10-23,2023-10-23 13:28:55+00:00,8.748,-75.878,0.2474329173564911,0.2499443292617797,0.5917823910713196,0.5978079438209534,298.433837890625,25.283837890625023,SMAP_L4_SM_gph_20231023T133000_Vv8010_001.h5
2023-10-24,2023-10-24 13:28:55+00:00,8.748,-75.878,0.3185259401798248,0.2610041499137878,0.7619526982307434,0.6240488886833191,298.6734619140625,25.523461914062523,SMAP_L4_SM_gph_20231024T133000_Vv8010_001.h5
2023-10-25,2023-10-25 13:28:55+00:00,8.748,-75.878,0.3016042709350586,0.2636967599391937,0.7213619947433472,0.630659282207489,297.4397277832031,24.289727783203148,SMAP_L4_SM_gph_20231025T133000_Vv8010_001.h5
2023-10-26,2023-10-26 13:28:55+00:00,8.748,-75.878,0.2830577790737152,0.2595720589160919,0.6771632432937622,0.6208873987197876,297.9740295410156,24.824029541015648,SMAP_L4_SM_gph_20231026T133000_Vv8010_001.h5
2023-10-27,2023-10-27 13:28:55+00:00,8.748,-75.878,0.2920642793178558,0.2583142518997192,0.6985241174697876,0.6179341077804565,296.8829345703125,23.732934570312523,SMAP_L4_SM_gph_20231027T133000_Vv8010_001.h5
2023-10-28,2023-10-28 13:28:55+00:00,8.748,-75.878,0.2771071493625641,0.2576242685317993,0.6626607179641724,0.6162624359130859,296.9349670410156,23.784967041015648,SMAP_L4_SM_gph_20231028T133000_Vv8010_001.h5
2023-10-29,2023-10-29 13:28:55+00:00,8.748,-75.878,0.2474554032087326,0.2536628246307373,0.59184330701828,0.6065979599952698,296.87359619140625,23.72359619140628,SMAP_L4_SM_gph_20231029T133000_Vv8010_001.h5
2023-10-30,2023-10-30 13:28:55+00:00,8.748,-75.878,0.2365858107805252,0.2502467036247253,0.5658272504806519,0.5985459685325623,297.5554504394531,24.405450439453148,SMAP_L4_SM_gph_20231030T133000_Vv8010_001.h5
2023-10-31,2023-10-31 13:28:55+00:00,8.748,-75.878,0.2281456440687179,0.2474476248025894,0.5456579923629761,0.5917322635650635,297.9702453613281,24.820245361328148,SMAP_L4_SM_gph_20231031T133000_Vv8010_001.h5
2023-11-01,2023-11-01 13:28:55+00:00,8.748,-75.878,0.2291964888572693,0.2451597154140472,0.548226535320282,0.5863568782806396,297.9809265136719,24.830926513671898,SMAP_L4_SM_gph_20231101T133000_Vv8010_001.h5
2023-11-02,2023-11-02 13:28:55+00:00,8.748,-75.878,0.246645987033844,0.2450405359268188,0.5898729562759399,0.5861933827400208,297.8888244628906,24.738824462890648,SMAP_L4_SM_gph_20231102T133000_Vv8010_001.h5
2023-11-03,2023-11-03 13:28:55+00:00,8.748,-75.878,0.2450620979070663,0.2438561171293258,0.586184561252594,0.5833578705787659,297.60174560546875,24.451745605468773,SMAP_L4_SM_gph_20231103T133000_Vv8010_001.h5
2023-11-04,2023-11-04 13:28:55+00:00,8.748,-75.878,0.24879752099514,0.2432594150304794,0.595016360282898,0.5816844701766968,297.98681640625,24.836816406250023,SMAP_L4_SM_gph_20231104T133000_Vv8010_001.h5
2023-11-05,2023-11-05 13:28:55+00:00,8.748,-75.878,0.2768397927284241,0.2438029199838638,0.6622969508171082,0.5832197070121765,298.61578369140625,25.46578369140628,SMAP_L4_SM_gph_20231105T133000_Vv8010_001.h5
2023-11-06,2023-11-06 13:28:55+00:00,8.748,-75.878,0.2428311556577682,0.241435706615448,0.5806463956832886,0.5775655508041382,298.1742858886719,25.024285888671898,SMAP_L4_SM_gph_20231106T133000_Vv8010_001.h5
2023-11-07,2023-11-07 13:28:55+00:00,8.748,-75.878,0.2399889528751373,0.2402321994304657,0.5738885402679443,0.574680507183075,298.02294921875,24.872949218750023,SMAP_L4_SM_gph_20231107T133000_Vv8010_001.h5
2023-11-08,2023-11-08 13:28:55+00:00,8.748,-75.878,0.2147105932235717,0.2370010316371917,0.5135180950164795,0.5668776035308838,298.76776123046875,25.617761230468773,SMAP_L4_SM_gph_20231108T133000_Vv8010_001.h5
2023-11-09,2023-11-09 13:28:55+00:00,8.748,-75.878,0.2068685740232467,0.2344200313091278,0.4947806298732757,0.5606430172920227,299.1480407714844,25.9980407714844,SMAP_L4_SM_gph_20231109T133000_Vv8010_001.h5
2023-11-10,2023-11-10 13:28:55+00:00,8.748,-75.878,0.2732813656330108,0.2387640327215194,0.6538087129592896,0.5711684823036194,299.199951171875,26.049951171875023,SMAP_L4_SM_gph_20231110T133000_Vv8010_001.h5
2023-11-11,2023-11-11 13:28:55+00:00,8.748,-75.878,0.2683095335960388,0.2402595579624176,0.6418813467025757,0.5748246908187866,298.7820129394531,25.632012939453148,SMAP_L4_SM_gph_20231111T133000_Vv8010_001.h5
2023-11-12,2023-11-12 13:28:55+00:00,8.748,-75.878,0.2687609493732452,0.2399972230195999,0.6429859399795532,0.574044942855835,298.20263671875,25.052636718750023,SMAP_L4_SM_gph_20231112T133000_Vv8010_001.h5
2023-11-13,2023-11-13 13:28:55+00:00,8.748,-75.878,0.2595420181751251,0.2389138489961624,0.6207008361816406,0.5713260173797607,298.4181213378906,25.268121337890648,SMAP_L4_SM_gph_20231113T133000_Vv8010_001.h5
2023-11-14,2023-11-14 13:28:55+00:00,8.748,-75.878,0.2582951188087463,0.2385217249393463,0.6176117658615112,0.5705263018608093,298.706787109375,25.556787109375023,SMAP_L4_SM_gph_20231114T133000_Vv8010_001.h5
2023-11-15,2023-11-15 13:28:55+00:00,8.748,-75.878,0.2582020461559295,0.237253800034523,0.6177375912666321,0.5673027634620667,298.5399169921875,25.389916992187523,SMAP_L4_SM_gph_20231115T133000_Vv8010_001.h5
2023-11-16,2023-11-16 13:28:55+00:00,8.748,-75.878,0.2488234639167785,0.2356308698654174,0.5951387882232666,0.5636201500892639,298.16583251953125,25.01583251953128,SMAP_L4_SM_gph_20231116T133000_Vv8010_001.h5
2023-11-17,2023-11-17 13:28:55+00:00,8.748,-75.878,0.2796541750431061,0.2396742105484008,0.6690089106559753,0.5731930136680603,298.3021850585937,25.152185058593773,SMAP_L4_SM_gph_20231117T133000_Vv8010_001.h5
2023-11-18,2023-11-18 13:28:55+00:00,8.748,-75.878,0.2715279459953308,0.2389099597930908,0.6495341062545776,0.5713889598846436,297.8187866210937,24.668786621093773,SMAP_L4_SM_gph_20231118T133000_Vv8010_001.h5
2023-11-19,2023-11-19 13:28:55+00:00,8.748,-75.878,0.293858915567398,0.2484240531921386,0.7027484178543091,0.594245970249176,297.44610595703125,24.29610595703128,SMAP_L4_SM_gph_20231119T133000_Vv8010_001.h5
2023-11-20,2023-11-20 13:28:55+00:00,8.748,-75.878,0.2759045660495758,0.2483840733766555,0.6597687602043152,0.5941420793533325,297.4936218261719,24.343621826171898,SMAP_L4_SM_gph_20231120T133000_Vv8010_001.h5
2023-11-21,2023-11-21 13:28:55+00:00,8.748,-75.878,0.2673860192298889,0.2449364513158798,0.6396463513374329,0.585910439491272,297.7431030273437,24.593103027343773,SMAP_L4_SM_gph_20231121T133000_Vv8010_001.h5
2023-11-22,2023-11-22 13:28:55+00:00,8.748,-75.878,0.2772443890571594,0.244268998503685,0.6631835699081421,0.5843096971511841,297.80029296875,24.650292968750023,SMAP_L4_SM_gph_20231122T133000_Vv8010_001.h5
2023-11-23,2023-11-23 13:28:55+00:00,8.748,-75.878,0.260069876909256,0.2428733557462692,0.6220403909683228,0.5807545781135559,297.73443603515625,24.58443603515628,SMAP_L4_SM_gph_20231123T133000_Vv8010_001.h5
2023-11-24,2023-11-24 13:28:55+00:00,8.748,-75.878,0.2448002099990844,0.239622876048088,0.5855098366737366,0.5731208324432373,298.5326232910156,25.382623291015648,SMAP_L4_SM_gph_20231124T133000_Vv8010_001.h5
2023-11-25,2023-11-25 13:28:55+00:00,8.748,-75.878,0.2635062038898468,0.2390455454587936,0.6300587058067322,0.571852445602417,298.1537475585937,25.003747558593773,SMAP_L4_SM_gph_20231125T133000_Vv8010_001.h5
2023-11-26,2023-11-26 13:28:55+00:00,8.748,-75.878,0.2548630237579345,0.2372093647718429,0.6095399856567383,0.5672605037689209,298.7825927734375,25.632592773437523,SMAP_L4_SM_gph_20231126T133000_Vv8010_001.h5
2023-11-27,2023-11-27 13:28:55+00:00,8.748,-75.878,0.2465779781341552,0.2358469665050506,0.5898104906082153,0.5641211271286011,298.7242431640625,25.574243164062523,SMAP_L4_SM_gph_20231127T133000_Vv8010_001.h5
2023-11-28,2023-11-28 13:28:55+00:00,8.748,-75.878,0.2255124002695083,0.2327516227960586,0.539450466632843,0.5567693114280701,299.0088195800781,25.858819580078148,SMAP_L4_SM_gph_20231128T133000_Vv8010_001.h5
2023-11-29,2023-11-29 13:28:55+00:00,8.748,-75.878,0.2181228250265121,0.2303294092416763,0.5216525197029114,0.5508741140365601,299.10791015625,25.957910156250023,SMAP_L4_SM_gph_20231129T133000_Vv8010_001.h5
2023-11-30,2023-11-30 13:28:55+00:00,8.748,-75.878,0.225912719964981,0.2295268177986145,0.540343165397644,0.5489829778671265,299.0098876953125,25.859887695312523,SMAP_L4_SM_gph_20231130T133000_Vv8010_001.h5
2023-12-01,2023-12-01 13:28:55+00:00,8.748,-75.878,0.2142985761165619,0.2274035662412643,0.5123794078826904,0.5438039302825928,299.26580810546875,26.115808105468773,SMAP_L4_SM_gph_20231201T133000_Vv8010_001.h5
2023-12-02,2023-12-02 13:28:55+00:00,8.748,-75.878,0.201261967420578,0.22442626953125,0.4813347160816192,0.536673367023468,298.7506103515625,25.600610351562523,SMAP_L4_SM_gph_20231202T133000_Vv8010_001.h5
2023-12-03,2023-12-03 13:28:55+00:00,8.748,-75.878,0.1976307034492492,0.2221533805131912,0.4727100729942322,0.5313498377799988,298.7275390625,25.577539062500023,SMAP_L4_SM_gph_20231203T133000_Vv8010_001.h5
2023-12-04,2023-12-04 13:28:55+00:00,8.748,-75.878,0.1932261437177658,0.21978360414505,0.4621264338493347,0.5256035327911377,299.2186889648437,26.068688964843773,SMAP_L4_SM_gph_20231204T133000_Vv8010_001.h5
2023-12-05,2023-12-05 13:28:55+00:00,8.748,-75.878,0.1990555673837661,0.2181253582239151,0.4759629368782043,0.5216705203056335,298.94110107421875,25.791101074218773,SMAP_L4_SM_gph_20231205T133000_Vv8010_001.h5
2023-12-06,2023-12-06 13:28:55+00:00,8.748,-75.878,0.192273274064064,0.2160476297140121,0.4598784148693084,0.5168542265892029,299.10382080078125,25.95382080078128,SMAP_L4_SM_gph_20231206T133000_Vv8010_001.h5
2023-12-07,2023-12-07 13:28:55+00:00,8.748,-75.878,0.189328908920288,0.2144257873296737,0.4528298079967499,0.5128572583198547,299.14288330078125,25.99288330078128,SMAP_L4_SM_gph_20231207T133000_Vv8010_001.h5
2023-12-08,2023-12-08 13:28:55+00:00,8.748,-75.878,0.1810515075922012,0.2124253213405609,0.4330140054225921,0.5080955624580383,298.7874450683594,25.6374450683594,SMAP_L4_SM_gph_20231208T133000_Vv8010_001.h5
2023-12-09,2023-12-09 13:28:55+00:00,8.748,-75.878,0.1766941249370575,0.2104301899671554,0.4226688146591186,0.5031893253326416,298.9496459960937,25.799645996093773,SMAP_L4_SM_gph_20231209T133000_Vv8010_001.h5
2023-12-10,2023-12-10 13:28:55+00:00,8.748,-75.878,0.1725594252347946,0.2083495408296585,0.4128360450267792,0.4983161985874176,299.4729919433594,26.3229919433594,SMAP_L4_SM_gph_20231210T133000_Vv8010_001.h5
2023-12-11,2023-12-11 13:28:55+00:00,8.748,-75.878,0.1732297837734222,0.2066425532102584,0.4143364429473877,0.4942564666271209,299.3310546875,26.181054687500023,SMAP_L4_SM_gph_20231211T133000_Vv8010_001.h5
2023-12-12,2023-12-12 13:28:55+00:00,8.748,-75.878,0.1710115522146225,0.2053729742765426,0.4090556502342224,0.4911997318267822,299.15478515625,26.004785156250023,SMAP_L4_SM_gph_20231212T133000_Vv8010_001.h5
2023-12-13,2023-12-13 13:28:55+00:00,8.748,-75.878,0.1714683175086975,0.2036513984203338,0.410045713186264,0.4871387779712677,299.22216796875,26.072167968750023,SMAP_L4_SM_gph_20231213T133000_Vv8010_001.h5
2023-12-14,2023-12-14 13:28:55+00:00,8.748,-75.878,0.167857363820076,0.2018021196126938,0.4015648066997528,0.4826967716217041,299.3088073730469,26.158807373046898,SMAP_L4_SM_gph_20231214T133000_Vv8010_001.h5
2023-12-15,2023-12-15 13:28:55+00:00,8.748,-75.878,0.1704474538564682,0.2006464451551437,0.4076787531375885,0.4798632264137268,299.5382385253906,26.388238525390648,SMAP_L4_SM_gph_20231215T133000_Vv8010_001.h5
2023-12-16,2023-12-16 13:28:55+00:00,8.748,-75.878,0.1579584330320358,0.1984799206256866,0.3777216672897339,0.474816083908081,298.9908447265625,25.840844726562523,SMAP_L4_SM_gph_20231216T133000_Vv8010_001.h5
2023-12-17,2023-12-17 13:28:55+00:00,8.748,-75.878,0.1699632555246353,0.1981124579906463,0.4065188467502594,0.473799854516983,298.6742858886719,25.524285888671898,SMAP_L4_SM_gph_20231217T133000_Vv8010_001.h5
2023-12-18,2023-12-18 13:28:55+00:00,8.748,-75.878,0.1724220961332321,0.1965085566043853,0.4123969376087188,0.470130056142807,298.9774780273437,25.827478027343773,SMAP_L4_SM_gph_20231218T133000_Vv8010_001.h5
2023-12-19,2023-12-19 13:28:55+00:00,8.748,-75.878,0.1667335033416748,0.1954047530889511,0.3988049030303955,0.4673090875148773,298.8793640136719,25.729364013671898,SMAP_L4_SM_gph_20231219T133000_Vv8010_001.h5
2023-12-20,2023-12-20 13:28:55+00:00,8.748,-75.878,0.1657592803239822,0.1944367587566375,0.3964606523513794,0.4649757146835327,298.6783447265625,25.528344726562523,SMAP_L4_SM_gph_20231220T133000_Vv8010_001.h5
2023-12-21,2023-12-21 13:28:55+00:00,8.748,-75.878,0.1751046478748321,0.1938099861145019,0.4187978208065033,0.4635902047157287,298.88653564453125,25.73653564453128,SMAP_L4_SM_gph_20231221T133000_Vv8010_001.h5
2023-12-22,2023-12-22 13:28:55+00:00,8.748,-75.878,0.1912364214658737,0.1937350630760193,0.4573919773101806,0.463346391916275,298.9891967773437,25.839196777343773,SMAP_L4_SM_gph_20231222T133000_Vv8010_001.h5
2023-12-23,2023-12-23 13:28:55+00:00,8.748,-75.878,0.1741826683282852,0.1915296614170074,0.4166102707386017,0.4579904973506927,299.3905334472656,26.240533447265648,SMAP_L4_SM_gph_20231223T133000_Vv8010_001.h5
2023-12-24,2023-12-24 13:28:55+00:00,8.748,-75.878,0.1702819019556045,0.1901518702507019,0.4072749018669128,0.4546765387058258,299.4244689941406,26.274468994140648,SMAP_L4_SM_gph_20231224T133000_Vv8010_001.h5
2023-12-25,2023-12-25 13:28:55+00:00,8.748,-75.878,0.195619061589241,0.191156655550003,0.4678024649620056,0.4573133289813995,299.16278076171875,26.012780761718773,SMAP_L4_SM_gph_20231225T133000_Vv8010_001.h5
2023-12-26,2023-12-26 13:28:55+00:00,8.748,-75.878,0.1887337863445282,0.190626248717308,0.451419472694397,0.4558611214160919,298.88018798828125,25.73018798828128,SMAP_L4_SM_gph_20231226T133000_Vv8010_001.h5
2023-12-27,2023-12-27 13:28:55+00:00,8.748,-75.878,0.2000655233860016,0.1902734637260437,0.4783929586410522,0.4550782442092895,298.840087890625,25.690087890625023,SMAP_L4_SM_gph_20231227T133000_Vv8010_001.h5
2023-12-28,2023-12-28 13:28:55+00:00,8.748,-75.878,0.2061808854341507,0.1904906928539276,0.4931395947933197,0.4556810259819031,298.40252685546875,25.252526855468773,SMAP_L4_SM_gph_20231228T133000_Vv8010_001.h5
2023-12-29,2023-12-29 13:28:55+00:00,8.748,-75.878,0.1978615820407867,0.1894527822732925,0.473156601190567,0.4531168937683105,298.24493408203125,25.09493408203128,SMAP_L4_SM_gph_20231229T133000_Vv8010_001.h5
2023-12-30,2023-12-30 13:28:55+00:00,8.748,-75.878,0.192200556397438,0.1887252926826477,0.4597727954387665,0.4513582289218902,298.2786865234375,25.128686523437523,SMAP_L4_SM_gph_20231230T133000_Vv8010_001.h5
2023-12-31,2023-12-31 13:28:55+00:00,8.748,-75.878,0.178858608007431,0.1869382113218307,0.4278642535209656,0.4471782147884369,298.7069396972656,25.556939697265648,SMAP_L4_SM_gph_20231231T133000_Vv8010_001.h5
2024-01-01,2024-01-01 13:28:55+00:00,8.748,-75.878,0.1783759146928787,0.1863967329263687,0.4266495108604431,0.4457556903362274,298.242919921875,25.092919921875023,SMAP_L4_SM_gph_20240101T133000_Vv8010_001.h5
2024-01-02,2024-01-02 13:28:55+00:00,8.748,-75.878,0.1682126224040985,0.1846766769886016,0.4023801684379577,0.4418206214904785,298.5858154296875,25.435815429687523,SMAP_L4_SM_gph_20240102T133000_Vv8010_001.h5
2024-01-03,2024-01-03 13:28:55+00:00,8.748,-75.878,0.1753616780042648,0.1842712014913559,0.4193289577960968,0.4406347572803497,298.9863586425781,25.836358642578148,SMAP_L4_SM_gph_20240103T133000_Vv8010_001.h5
2024-01-04,2024-01-04 13:28:55+00:00,8.748,-75.878,0.1662770360708236,0.1827097833156585,0.3977130949497223,0.4370239973068237,299.0845947265625,25.934594726562523,SMAP_L4_SM_gph_20240104T133000_Vv8010_001.h5
2024-01-05,2024-01-05 13:28:55+00:00,8.748,-75.878,0.157204657793045,0.1811574548482895,0.3760172724723816,0.4333185255527496,298.8891296386719,25.739129638671898,SMAP_L4_SM_gph_20240105T133000_Vv8010_001.h5
2024-01-06,2024-01-06 13:28:55+00:00,8.748,-75.878,0.1546684652566909,0.1801257133483886,0.3699720203876495,0.4308553636074066,298.7723999023437,25.622399902343773,SMAP_L4_SM_gph_20240106T133000_Vv8010_001.h5
2024-01-07,2024-01-07 13:28:55+00:00,8.748,-75.878,0.1437129378318786,0.1784375160932541,0.3437218368053436,0.4268194437026977,298.5583190917969,25.408319091796898,SMAP_L4_SM_gph_20240107T133000_Vv8010_001.h5
2024-01-08,2024-01-08 13:28:55+00:00,8.748,-75.878,0.1349815428256988,0.1767436414957046,0.3228625655174255,0.422770231962204,298.5988464355469,25.448846435546898,SMAP_L4_SM_gph_20240108T133000_Vv8010_001.h5
2024-01-09,2024-01-09 13:28:55+00:00,8.748,-75.878,0.1375154554843902,0.1758060753345489,0.3288594484329223,0.4204173684120178,298.8963623046875,25.746362304687523,SMAP_L4_SM_gph_20240109T133000_Vv8010_001.h5
2024-01-10,2024-01-10 13:28:55+00:00,8.748,-75.878,0.1314689218997955,0.1745781898498535,0.3145348131656647,0.4175548553466797,299.5123291015625,26.362329101562523,SMAP_L4_SM_gph_20240110T133000_Vv8010_001.h5
2024-01-11,2024-01-11 13:28:55+00:00,8.748,-75.878,0.1336644440889358,0.1737357378005981,0.3196780085563659,0.4154753684997558,299.71466064453125,26.56466064453128,SMAP_L4_SM_gph_20240111T133000_Vv8010_001.h5
2024-01-12,2024-01-12 13:28:55+00:00,8.748,-75.878,0.1279472410678863,0.1727284640073776,0.3059678375720978,0.4131481051445007,299.85162353515625,26.70162353515628,SMAP_L4_SM_gph_20240112T133000_Vv8010_001.h5
2024-01-13,2024-01-13 13:28:55+00:00,8.748,-75.878,0.1215571090579032,0.1715644001960754,0.2907814085483551,0.4102678298950195,299.0791320800781,25.929132080078148,SMAP_L4_SM_gph_20240113T133000_Vv8010_001.h5
2024-01-14,2024-01-14 13:28:55+00:00,8.748,-75.878,0.1341779977083206,0.171781376004219,0.3209444880485534,0.4109296798706054,299.04449462890625,25.89449462890628,SMAP_L4_SM_gph_20240114T133000_Vv8010_001.h5
2024-01-15,2024-01-15 13:28:55+00:00,8.748,-75.878,0.1259713023900985,0.1706009805202484,0.3012205064296722,0.4079582393169403,299.1163635253906,25.966363525390648,SMAP_L4_SM_gph_20240115T133000_Vv8010_001.h5
2024-01-16,2024-01-16 13:28:55+00:00,8.748,-75.878,0.1162135079503059,0.1691712439060211,0.277961254119873,0.4046081900596618,299.4795837402344,26.3295837402344,SMAP_L4_SM_gph_20240116T133000_Vv8010_001.h5
2024-01-17,2024-01-17 13:28:55+00:00,8.748,-75.878,0.1301236748695373,0.1690960824489593,0.3113089799880981,0.4044727385044098,299.8912353515625,26.741235351562523,SMAP_L4_SM_gph_20240117T133000_Vv8010_001.h5
2024-01-18,2024-01-18 13:28:55+00:00,8.748,-75.878,0.1181704998016357,0.167601853609085,0.2825863063335418,0.4009420275688171,299.890625,26.740625000000023,SMAP_L4_SM_gph_20240118T133000_Vv8010_001.h5
2024-01-19,2024-01-19 13:28:55+00:00,8.748,-75.878,0.1213460192084312,0.1670681685209274,0.2902290225028991,0.3995906412601471,299.8414611816406,26.691461181640648,SMAP_L4_SM_gph_20240119T133000_Vv8010_001.h5
2024-01-20,2024-01-20 13:28:55+00:00,8.748,-75.878,0.1178051903843879,0.1661456823348999,0.2817812860012054,0.3973881006240845,299.9497375488281,26.799737548828148,SMAP_L4_SM_gph_20240120T133000_Vv8010_001.h5
2024-01-21,2024-01-21 13:28:55+00:00,8.748,-75.878,0.1107276678085327,0.1650111824274063,0.2648506760597229,0.3945733308792114,299.90673828125,26.756738281250023,SMAP_L4_SM_gph_20240121T133000_Vv8010_001.h5
2024-01-22,2024-01-22 13:28:55+00:00,8.748,-75.878,0.1150832772254943,0.1645749062299728,0.27522674202919,0.3936952650547027,299.65576171875,26.505761718750023,SMAP_L4_SM_gph_20240122T133000_Vv8010_001.h5
2024-01-23,2024-01-23 13:28:55+00:00,8.748,-75.878,0.1050439029932022,0.1632746458053589,0.2512401938438415,0.3905331194400787,299.75128173828125,26.60128173828128,SMAP_L4_SM_gph_20240123T133000_Vv8010_001.h5
2024-01-24,2024-01-24 13:28:55+00:00,8.748,-75.878,0.1025915369391441,0.1623633354902267,0.2453688830137252,0.3882867395877838,299.5147705078125,26.364770507812523,SMAP_L4_SM_gph_20240124T133000_Vv8010_001.h5
2024-01-25,2024-01-25 13:28:55+00:00,8.748,-75.878,0.1212335079908371,0.1628496497869491,0.2899070680141449,0.3894894421100616,299.5152282714844,26.3652282714844,SMAP_L4_SM_gph_20240125T133000_Vv8010_001.h5
2024-01-26,2024-01-26 13:28:55+00:00,8.748,-75.878,0.1103054285049438,0.1616397500038147,0.2638649642467499,0.3866736888885498,299.6745910644531,26.524591064453148,SMAP_L4_SM_gph_20240126T133000_Vv8010_001.h5
2024-01-27,2024-01-27 13:28:55+00:00,8.748,-75.878,0.1154192388057708,0.1612468808889389,0.276034265756607,0.3855661451816559,299.7027587890625,26.552758789062523,SMAP_L4_SM_gph_20240127T133000_Vv8010_001.h5
2024-01-28,2024-01-28 13:28:55+00:00,8.748,-75.878,0.1147841960191726,0.1606815010309219,0.2745081186294555,0.3842435479164123,299.8299560546875,26.679956054687523,SMAP_L4_SM_gph_20240128T133000_Vv8010_001.h5
2024-01-29,2024-01-29 13:28:55+00:00,8.748,-75.878,0.1036190092563629,0.1595302522182464,0.2478267252445221,0.3815806806087494,299.7700500488281,26.620050048828148,SMAP_L4_SM_gph_20240129T133000_Vv8010_001.h5
2024-01-30,2024-01-30 13:28:55+00:00,8.748,-75.878,0.1199762746691703,0.1598969995975494,0.2869457602500915,0.3824592530727386,299.7518920898437,26.601892089843773,SMAP_L4_SM_gph_20240130T133000_Vv8010_001.h5
2024-01-31,2024-01-31 13:28:55+00:00,8.748,-75.878,0.112191118299961,0.1591026484966278,0.2683402299880981,0.3804803192615509,299.59588623046875,26.445886230468773,SMAP_L4_SM_gph_20240131T133000_Vv8010_001.h5
2024-02-01,2024-02-01 13:28:55+00:00,8.748,-75.878,0.1078005135059356,0.158584177494049,0.2578572034835815,0.3792778849601745,299.81402587890625,26.66402587890628,SMAP_L4_SM_gph_20240201T133000_Vv8010_001.h5
2024-02-02,2024-02-02 13:28:55+00:00,8.748,-75.878,0.1029940024018287,0.1581944525241851,0.2462952584028244,0.3784240484237671,299.3819580078125,26.231958007812523,SMAP_L4_SM_gph_20240202T133000_Vv8010_001.h5
2024-02-03,2024-02-03 13:28:55+00:00,8.748,-75.878,0.1149138808250427,0.1587829738855362,0.2747952044010162,0.379746526479721,299.6486511230469,26.498651123046898,SMAP_L4_SM_gph_20240203T133000_Vv8010_001.h5
2024-02-04,2024-02-04 13:28:55+00:00,8.748,-75.878,0.1633634120225906,0.1622786521911621,0.39077228307724,0.3881512880325317,299.3183288574219,26.168328857421898,SMAP_L4_SM_gph_20240204T133000_Vv8010_001.h5
2024-02-05,2024-02-05 13:28:55+00:00,8.748,-75.878,0.18190798163414,0.166378915309906,0.4351095855236053,0.3980065882205963,298.8831787109375,25.733178710937523,SMAP_L4_SM_gph_20240205T133000_Vv8010_001.h5
2024-02-06,2024-02-06 13:28:55+00:00,8.748,-75.878,0.1582156121730804,0.1648325622081756,0.3784680962562561,0.3942931890487671,299.15899658203125,26.00899658203128,SMAP_L4_SM_gph_20240206T133000_Vv8010_001.h5
2024-02-07,2024-02-07 13:28:55+00:00,8.748,-75.878,0.1816608756780624,0.1661688238382339,0.4344685971736908,0.397375613451004,298.4150085449219,25.265008544921898,SMAP_L4_SM_gph_20240207T133000_Vv8010_001.h5
2024-02-08,2024-02-08 13:28:55+00:00,8.748,-75.878,0.1575644314289093,0.1651049554347992,0.3768647909164428,0.394902765750885,297.79132080078125,24.64132080078128,SMAP_L4_SM_gph_20240208T133000_Vv8010_001.h5
2024-02-09,2024-02-09 13:28:55+00:00,8.748,-75.878,0.1396960020065307,0.1633392721414566,0.334147036075592,0.3906416893005371,298.21685791015625,25.06685791015628,SMAP_L4_SM_gph_20240209T133000_Vv8010_001.h5
2024-02-10,2024-02-10 13:28:55+00:00,8.748,-75.878,0.1659356951713562,0.1647687256336212,0.3969035148620605,0.3940521776676178,298.851318359375,25.701318359375023,SMAP_L4_SM_gph_20240210T133000_Vv8010_001.h5
2024-02-11,2024-02-11 13:28:55+00:00,8.748,-75.878,0.1341333389282226,0.1624667197465896,0.3207758665084839,0.3885673284530639,299.5279541015625,26.377954101562523,SMAP_L4_SM_gph_20240211T133000_Vv8010_001.h5
2024-02-12,2024-02-12 13:28:55+00:00,8.748,-75.878,0.143124833703041,0.1621988117694854,0.3423190414905548,0.3879320025444031,299.9050598144531,26.755059814453148,SMAP_L4_SM_gph_20240212T133000_Vv8010_001.h5
2024-02-13,2024-02-13 13:28:55+00:00,8.748,-75.878,0.1345039755105972,0.1611911952495575,0.321784496307373,0.3855210542678833,300.245849609375,27.095849609375023,SMAP_L4_SM_gph_20240213T133000_Vv8010_001.h5
2024-02-14,2024-02-14 13:28:55+00:00,8.748,-75.878,0.121047556400299,0.1598003953695297,0.2895088195800781,0.3822218179702759,300.304443359375,27.154443359375023,SMAP_L4_SM_gph_20240214T133000_Vv8010_001.h5
2024-02-15,2024-02-15 13:28:55+00:00,8.748,-75.878,0.1318817138671875,0.16023650765419,0.3155064284801483,0.3833435177803039,300.1045227050781,26.954522705078148,SMAP_L4_SM_gph_20240215T133000_Vv8010_001.h5
2024-02-16,2024-02-16 13:28:55+00:00,8.748,-75.878,0.11858831346035,0.1590193808078766,0.2836356163024902,0.3802640438079834,300.3547058105469,27.204705810546898,SMAP_L4_SM_gph_20240216T133000_Vv8010_001.h5
2024-02-17,2024-02-17 13:28:55+00:00,8.748,-75.878,0.1188328564167022,0.1583706438541412,0.2841952741146087,0.3787842392921448,300.3612670898437,27.211267089843773,SMAP_L4_SM_gph_20240217T133000_Vv8010_001.h5
2024-02-18,2024-02-18 13:28:55+00:00,8.748,-75.878,0.1369411647319793,0.1590406894683838,0.3276301622390747,0.3803307712078094,300.399169921875,27.249169921875023,SMAP_L4_SM_gph_20240218T133000_Vv8010_001.h5
2024-02-19,2024-02-19 13:28:55+00:00,8.748,-75.878,0.1242158859968185,0.1580176204442978,0.2970620989799499,0.3779270648956299,301.1200866699219,27.970086669921898,SMAP_L4_SM_gph_20240219T133000_Vv8010_001.h5
2024-02-20,2024-02-20 13:28:55+00:00,8.748,-75.878,0.1305687129497528,0.1581945121288299,0.312326431274414,0.3782770037651062,300.76043701171875,27.610437011718773,SMAP_L4_SM_gph_20240220T133000_Vv8010_001.h5
2024-02-21,2024-02-21 13:28:55+00:00,8.748,-75.878,0.1187693402171135,0.1572270095348358,0.2840979993343353,0.3760665953159332,300.20367431640625,27.05367431640628,SMAP_L4_SM_gph_20240221T133000_Vv8010_001.h5
2024-02-22,2024-02-22 13:28:55+00:00,8.748,-75.878,0.1134411171078682,0.1567858606576919,0.2713923156261444,0.3750173449516296,299.4025573730469,26.252557373046898,SMAP_L4_SM_gph_20240222T133000_Vv8010_001.h5
2024-02-23,2024-02-23 13:28:55+00:00,8.748,-75.878,0.1222520768642425,0.1571074277162552,0.2923882901668548,0.3757069110870361,299.3193664550781,26.169366455078148,SMAP_L4_SM_gph_20240223T133000_Vv8010_001.h5
2024-02-24,2024-02-24 13:28:55+00:00,8.748,-75.878,0.112273633480072,0.1561169475317001,0.2684778869152069,0.3732781708240509,299.5909118652344,26.4409118652344,SMAP_L4_SM_gph_20240224T133000_Vv8010_001.h5
2024-02-25,2024-02-25 13:28:55+00:00,8.748,-75.878,0.1081443950533866,0.155446246266365,0.2586220800876617,0.3718150854110718,299.60040283203125,26.45040283203128,SMAP_L4_SM_gph_20240225T133000_Vv8010_001.h5
2024-02-26,2024-02-26 13:28:55+00:00,8.748,-75.878,0.1104882806539535,0.1554550975561142,0.2641942799091339,0.3718380928039551,299.18756103515625,26.03756103515628,SMAP_L4_SM_gph_20240226T133000_Vv8010_001.h5
2024-02-27,2024-02-27 13:28:55+00:00,8.748,-75.878,0.1037990972399711,0.1546802520751953,0.2482289224863052,0.3698479235172272,299.7294311523437,26.579431152343773,SMAP_L4_SM_gph_20240227T133000_Vv8010_001.h5
2024-02-28,2024-02-28 13:28:55+00:00,8.748,-75.878,0.1183665096759796,0.1550736725330352,0.283096581697464,0.3709805905818939,299.7833251953125,26.633325195312523,SMAP_L4_SM_gph_20240228T133000_Vv8010_001.h5
2024-02-29,2024-02-29 13:28:55+00:00,8.748,-75.878,0.1192719265818595,0.1547913253307342,0.2853089272975921,0.3701855540275574,299.91375732421875,26.763757324218773,SMAP_L4_SM_gph_20240229T133000_Vv8010_001.h5
2024-03-01,2024-03-01 13:28:55+00:00,8.748,-75.878,0.1061668023467063,0.1536127924919128,0.2538954019546509,0.3674876093864441,299.9696655273437,26.819665527343773,SMAP_L4_SM_gph_20240301T133000_Vv8010_001.h5
2024-03-02,2024-03-02 13:28:55+00:00,8.748,-75.878,0.1149228811264038,0.1538227051496505,0.2748886346817016,0.3679235279560089,300.0251770019531,26.875177001953148,SMAP_L4_SM_gph_20240302T133000_Vv8010_001.h5
2024-03-03,2024-03-03 13:28:55+00:00,8.748,-75.878,0.1092838943004608,0.1531160026788711,0.2614171802997589,0.36624476313591,299.9021301269531,26.752130126953148,SMAP_L4_SM_gph_20240303T133000_Vv8010_001.h5
2024-03-04,2024-03-04 13:28:55+00:00,8.748,-75.878,0.0994792133569717,0.1523011624813079,0.2379010766744613,0.3642727732658386,299.96392822265625,26.81392822265628,SMAP_L4_SM_gph_20240304T133000_Vv8010_001.h5
2024-03-05,2024-03-05 13:28:55+00:00,8.748,-75.878,0.1137010753154754,0.1526463031768798,0.2719174325466156,0.3650723695755005,300.20330810546875,27.053308105468773,SMAP_L4_SM_gph_20240305T133000_Vv8010_001.h5
2024-03-06,2024-03-06 13:28:55+00:00,8.748,-75.878,0.1069851890206337,0.1520483344793319,0.2558278143405914,0.3636398017406463,300.44775390625,27.297753906250023,SMAP_L4_SM_gph_20240306T133000_Vv8010_001.h5
2024-03-07,2024-03-07 13:28:55+00:00,8.748,-75.878,0.1032411977648735,0.1515975892543792,0.2469025552272796,0.362553596496582,300.6657409667969,27.515740966796898,SMAP_L4_SM_gph_20240307T133000_Vv8010_001.h5
2024-03-08,2024-03-08 13:28:55+00:00,8.748,-75.878,0.1009158790111541,0.1511787474155426,0.2413977235555648,0.361476868391037,300.85382080078125,27.70382080078128,SMAP_L4_SM_gph_20240308T133000_Vv8010_001.h5
2024-03-09,2024-03-09 13:28:55+00:00,8.748,-75.878,0.0997910723090171,0.150802806019783,0.2386273890733719,0.3607560694217682,301.24468994140625,28.09468994140628,SMAP_L4_SM_gph_20240309T133000_Vv8010_001.h5
2024-03-10,2024-03-10 13:28:55+00:00,8.748,-75.878,0.1123664379119873,0.1511888206005096,0.268770694732666,0.3615883290767669,300.8285217285156,27.678521728515648,SMAP_L4_SM_gph_20240310T133000_Vv8010_001.h5
2024-03-11,2024-03-11 13:28:55+00:00,8.748,-75.878,0.1057363152503967,0.1506369262933731,0.2528351545333862,0.3603608906269073,301.1274719238281,27.977471923828148,SMAP_L4_SM_gph_20240311T133000_Vv8010_001.h5
2024-03-12,2024-03-12 13:28:55+00:00,8.748,-75.878,0.1002371981739997,0.1502726227045059,0.2397832423448562,0.3594745397567749,300.7806091308594,27.6306091308594,SMAP_L4_SM_gph_20240312T133000_Vv8010_001.h5
2024-03-13,2024-03-13 13:28:55+00:00,8.748,-75.878,0.0982986465096473,0.1498753577470779,0.2351160049438476,0.358502596616745,300.9727783203125,27.822778320312523,SMAP_L4_SM_gph_20240313T133000_Vv8010_001.h5
2024-03-14,2024-03-14 13:28:55+00:00,8.748,-75.878,0.1128420308232307,0.1504851877689361,0.269846647977829,0.3599661290645599,300.89959716796875,27.749597167968773,SMAP_L4_SM_gph_20240314T133000_Vv8010_001.h5
2024-03-15,2024-03-15 13:28:55+00:00,8.748,-75.878,0.1124078556895256,0.1505759209394455,0.2688280045986175,0.360250860452652,300.9063720703125,27.756372070312523,SMAP_L4_SM_gph_20240315T133000_Vv8010_001.h5
2024-03-16,2024-03-16 13:28:55+00:00,8.748,-75.878,0.1176125630736351,0.1506605446338653,0.2812716364860534,0.3603976368904114,301.16943359375,28.019433593750023,SMAP_L4_SM_gph_20240316T133000_Vv8010_001.h5
2024-03-17,2024-03-17 13:28:55+00:00,8.748,-75.878,0.1118652373552322,0.150154247879982,0.2676048278808594,0.3591301143169403,301.0005187988281,27.850518798828148,SMAP_L4_SM_gph_20240317T133000_Vv8010_001.h5
2024-03-18,2024-03-18 13:28:55+00:00,8.748,-75.878,0.093860737979412,0.1489081233739853,0.2244493812322616,0.3561708927154541,301.0065612792969,27.856561279296898,SMAP_L4_SM_gph_20240318T133000_Vv8010_001.h5
2024-03-19,2024-03-19 13:28:55+00:00,8.748,-75.878,0.104944422841072,0.149181842803955,0.251015841960907,0.3568581938743591,301.1949768066406,28.044976806640648,SMAP_L4_SM_gph_20240319T133000_Vv8010_001.h5
2024-03-20,2024-03-20 13:28:55+00:00,8.748,-75.878,0.1260996162891388,0.1502811908721923,0.301622986793518,0.3594601452350616,301.1497497558594,27.9997497558594,SMAP_L4_SM_gph_20240320T133000_Vv8010_001.h5
2024-03-21,2024-03-21 13:28:55+00:00,8.748,-75.878,0.1735001802444458,0.1554153859615326,0.4150460958480835,0.3716859221458435,300.61090087890625,27.46090087890628,SMAP_L4_SM_gph_20240321T133000_Vv8010_001.h5
2024-03-22,2024-03-22 13:28:55+00:00,8.748,-75.878,0.1593845784664154,0.1569715589284896,0.3812079727649688,0.3754267990589142,300.5941772460937,27.444177246093773,SMAP_L4_SM_gph_20240322T133000_Vv8010_001.h5
2024-03-23,2024-03-23 13:28:55+00:00,8.748,-75.878,0.1461071819067001,0.1548552960157394,0.3495013415813446,0.370388776063919,301.22332763671875,28.073327636718773,SMAP_L4_SM_gph_20240323T133000_Vv8010_001.h5
2024-03-24,2024-03-24 13:28:55+00:00,8.748,-75.878,0.133873775601387,0.1537922471761703,0.3202034533023834,0.3679178953170776,301.1337280273437,27.983728027343773,SMAP_L4_SM_gph_20240324T133000_Vv8010_001.h5
2024-03-25,2024-03-25 13:28:55+00:00,8.748,-75.878,0.1243225708603859,0.1529558598995208,0.2973717153072357,0.3658898770809173,300.1898803710937,27.039880371093773,SMAP_L4_SM_gph_20240325T133000_Vv8010_001.h5
2024-03-26,2024-03-26 13:28:55+00:00,8.748,-75.878,0.1262908428907394,0.1527273505926132,0.3020923137664795,0.3653572797775268,301.0859375,27.935937500000023,SMAP_L4_SM_gph_20240326T133000_Vv8010_001.h5
2024-03-27,2024-03-27 13:28:55+00:00,8.748,-75.878,0.1137252151966095,0.1518188714981079,0.2720585167407989,0.3631044626235962,300.0462341308594,26.8962341308594,SMAP_L4_SM_gph_20240327T133000_Vv8010_001.h5
2024-03-28,2024-03-28 13:28:55+00:00,8.748,-75.878,0.1054251790046691,0.1508607268333435,0.2522038221359253,0.3608700335025787,299.9753723144531,26.825372314453148,SMAP_L4_SM_gph_20240328T133000_Vv8010_001.h5
2024-03-29,2024-03-29 13:28:55+00:00,8.748,-75.878,0.1123702377080917,0.1507744193077087,0.2687857151031494,0.3606822490692138,300.0794677734375,26.929467773437523,SMAP_L4_SM_gph_20240329T133000_Vv8010_001.h5
2024-03-30,2024-03-30 13:28:55+00:00,8.748,-75.878,0.1009303703904151,0.1498273909091949,0.2413674294948578,0.3583175837993622,300.03387451171875,26.883874511718773,SMAP_L4_SM_gph_20240330T133000_Vv8010_001.h5
2024-03-31,2024-03-31 13:28:55+00:00,8.748,-75.878,0.108389563858509,0.1499651074409485,0.2592463791370392,0.3586507737636566,300.4149780273437,27.264978027343773,SMAP_L4_SM_gph_20240331T133000_Vv8010_001.h5
2024-04-01,2024-04-01 13:28:55+00:00,8.748,-75.878,0.1203307434916496,0.1502376496791839,0.287834882736206,0.3593351244926452,300.6474609375,27.497460937500023,SMAP_L4_SM_gph_20240401T133000_Vv8010_001.h5
2024-04-02,2024-04-02 13:28:55+00:00,8.748,-75.878,0.1166437566280365,0.1501138359308242,0.2790173888206482,0.3590495586395263,300.6213073730469,27.471307373046898,SMAP_L4_SM_gph_20240402T133000_Vv8010_001.h5
2024-04-03,2024-04-03 13:28:55+00:00,8.748,-75.878,0.1183366626501083,0.1499497890472412,0.2830884754657745,0.358659565448761,300.1127319335937,26.962731933593773,SMAP_L4_SM_gph_20240403T133000_Vv8010_001.h5
2024-04-04,2024-04-04 13:28:55+00:00,8.748,-75.878,0.1501619070768356,0.1519334614276886,0.3591443300247192,0.3633410632610321,299.6341552734375,26.484155273437523,SMAP_L4_SM_gph_20240404T133000_Vv8010_001.h5
2024-04-05,2024-04-05 13:28:55+00:00,8.748,-75.878,0.1396493315696716,0.1524282693862915,0.3339734077453613,0.3644933104515075,299.33856201171875,26.188562011718773,SMAP_L4_SM_gph_20240405T133000_Vv8010_001.h5
2024-04-06,2024-04-06 13:28:55+00:00,8.748,-75.878,0.1461280733346939,0.1535519063472747,0.3495331108570099,0.3672438561916351,300.4010009765625,27.251000976562523,SMAP_L4_SM_gph_20240406T133000_Vv8010_001.h5
2024-04-07,2024-04-07 13:28:55+00:00,8.748,-75.878,0.1336693912744522,0.1525998562574386,0.3197963535785675,0.3649883866310119,301.4232177734375,28.273217773437523,SMAP_L4_SM_gph_20240407T133000_Vv8010_001.h5
2024-04-08,2024-04-08 13:28:55+00:00,8.748,-75.878,0.1498947292566299,0.1537880003452301,0.3585656583309173,0.3678332567214966,301.1175842285156,27.967584228515648,SMAP_L4_SM_gph_20240408T133000_Vv8010_001.h5
2024-04-09,2024-04-09 13:28:55+00:00,8.748,-75.878,0.2386015057563781,0.1840038448572158,0.570773720741272,0.4401932060718536,300.57427978515625,27.42427978515628,SMAP_L4_SM_gph_20240409T133000_Vv8010_001.h5
2024-04-10,2024-04-10 13:28:55+00:00,8.748,-75.878,0.190112367272377,0.1776480823755264,0.4546534419059753,0.4249133765697479,301.2630615234375,28.113061523437523,SMAP_L4_SM_gph_20240410T133000_Vv8010_001.h5
2024-04-11,2024-04-11 13:28:55+00:00,8.748,-75.878,0.1688435822725296,0.1729885190725326,0.4037798047065735,0.413701981306076,301.401611328125,28.251611328125023,SMAP_L4_SM_gph_20240411T133000_Vv8010_001.h5
2024-04-12,2024-04-12 13:28:55+00:00,8.748,-75.878,0.1439630985260009,0.1684821546077728,0.3442990183830261,0.4029011726379394,301.0292358398437,27.879235839843773,SMAP_L4_SM_gph_20240412T133000_Vv8010_001.h5
2024-04-13,2024-04-13 13:28:55+00:00,8.748,-75.878,0.123708501458168,0.1652002781629562,0.2958666384220123,0.3951369225978851,301.15045166015625,28.00045166015628,SMAP_L4_SM_gph_20240413T133000_Vv8010_001.h5
2024-04-14,2024-04-14 13:28:55+00:00,8.748,-75.878,0.1428395509719848,0.1647335886955261,0.3417176306247711,0.3940213322639465,301.3573913574219,28.207391357421898,SMAP_L4_SM_gph_20240414T133000_Vv8010_001.h5
2024-04-15,2024-04-15 13:28:55+00:00,8.748,-75.878,0.1298592835664749,0.1633195728063583,0.3105657398700714,0.3906133770942688,301.2592468261719,28.109246826171898,SMAP_L4_SM_gph_20240415T133000_Vv8010_001.h5
2024-04-16,2024-04-16 13:28:55+00:00,8.748,-75.878,0.1363431364297866,0.1630439013242721,0.3260931372642517,0.3899211585521698,300.9541015625,27.804101562500023,SMAP_L4_SM_gph_20240416T133000_Vv8010_001.h5
2024-04-17,2024-04-17 13:28:55+00:00,8.748,-75.878,0.1259531825780868,0.1617622077465057,0.301237553358078,0.3868694007396698,301.0758972167969,27.925897216796898,SMAP_L4_SM_gph_20240417T133000_Vv8010_001.h5
2024-04-18,2024-04-18 13:28:55+00:00,8.748,-75.878,0.186749130487442,0.1660771518945694,0.4466210901737213,0.3971972465515136,300.99029541015625,27.84029541015628,SMAP_L4_SM_gph_20240418T133000_Vv8010_001.h5
2024-04-19,2024-04-19 13:28:55+00:00,8.748,-75.878,0.2029671967029571,0.1705482006072998,0.4855162501335144,0.4078576266765594,300.5637512207031,27.413751220703148,SMAP_L4_SM_gph_20240419T133000_Vv8010_001.h5
2024-04-20,2024-04-20 13:28:55+00:00,8.748,-75.878,0.1992452591657638,0.1751972436904907,0.4764271974563598,0.4190294146537781,300.03369140625,26.883691406250023,SMAP_L4_SM_gph_20240420T133000_Vv8010_001.h5
2024-04-21,2024-04-21 13:28:55+00:00,8.748,-75.878,0.2326593995094299,0.180775836110115,0.5563932061195374,0.43247190117836,299.84747314453125,26.69747314453128,SMAP_L4_SM_gph_20240421T133000_Vv8010_001.h5
2024-04-22,2024-04-22 13:28:55+00:00,8.748,-75.878,0.2556817829608917,0.1964538991451263,0.6115642189979553,0.4699268937110901,298.4451904296875,25.295190429687523,SMAP_L4_SM_gph_20240422T133000_Vv8010_001.h5
2024-04-23,2024-04-23 13:28:55+00:00,8.748,-75.878,0.3037087917327881,0.2084541916847229,0.7263493537902832,0.4985886216163635,298.06951904296875,24.919519042968773,SMAP_L4_SM_gph_20240423T133000_Vv8010_001.h5
2024-04-24,2024-04-24 13:28:55+00:00,8.748,-75.878,0.2304436564445495,0.2030259370803833,0.5510717034339905,0.485622376203537,299.06884765625,25.918847656250023,SMAP_L4_SM_gph_20240424T133000_Vv8010_001.h5
2024-04-25,2024-04-25 13:28:55+00:00,8.748,-75.878,0.2431747913360595,0.2007336467504501,0.5816170573234558,0.4800776243209839,299.8673095703125,26.717309570312523,SMAP_L4_SM_gph_20240425T133000_Vv8010_001.h5
2024-04-26,2024-04-26 13:28:55+00:00,8.748,-75.878,0.29944509267807,0.2341974079608917,0.7162177562713623,0.560283899307251,298.9417724609375,25.791772460937523,SMAP_L4_SM_gph_20240426T133000_Vv8010_001.h5
2024-04-27,2024-04-27 13:28:55+00:00,8.748,-75.878,0.2585203647613525,0.2239087969064712,0.6185461282730103,0.5356943011283875,299.05816650390625,25.90816650390628,SMAP_L4_SM_gph_20240427T133000_Vv8010_001.h5
2024-04-28,2024-04-28 13:28:55+00:00,8.748,-75.878,0.2803550362586975,0.2329887300729751,0.6706620454788208,0.5573855638504028,298.9709167480469,25.820916748046898,SMAP_L4_SM_gph_20240428T133000_Vv8010_001.h5
2024-04-29,2024-04-29 13:28:55+00:00,8.748,-75.878,0.2510733902454376,0.2259018123149871,0.6005010008811951,0.540448784828186,298.6746520996094,25.5246520996094,SMAP_L4_SM_gph_20240429T133000_Vv8010_001.h5
2024-04-30,2024-04-30 13:28:55+00:00,8.748,-75.878,0.2040590345859527,0.217323899269104,0.4879790842533111,0.5197578072547913,299.14044189453125,25.99044189453128,SMAP_L4_SM_gph_20240430T133000_Vv8010_001.h5
2024-05-01,2024-05-01 13:28:55+00:00,8.748,-75.878,0.1939506977796554,0.2134144902229309,0.4639384150505066,0.5104841589927673,299.5565490722656,26.406549072265648,SMAP_L4_SM_gph_20240501T133000_Vv8010_001.h5
2024-05-02,2024-05-02 13:28:55+00:00,8.748,-75.878,0.1764120906591415,0.2102293819189071,0.4219048023223877,0.5028864741325378,299.6136779785156,26.463677978515648,SMAP_L4_SM_gph_20240502T133000_Vv8010_001.h5
2024-05-03,2024-05-03 13:28:55+00:00,8.748,-75.878,0.2171263992786407,0.2114331722259521,0.5192812085151672,0.5057234764099121,298.88580322265625,25.73580322265628,SMAP_L4_SM_gph_20240503T133000_Vv8010_001.h5
2024-05-04,2024-05-04 13:28:55+00:00,8.748,-75.878,0.263498842716217,0.2173001766204834,0.6302186846733093,0.5197080373764038,298.8315124511719,25.681512451171898,SMAP_L4_SM_gph_20240504T133000_Vv8010_001.h5
2024-05-05,2024-05-05 13:28:55+00:00,8.748,-75.878,0.2287742346525192,0.2126769721508026,0.5470370054244995,0.5085178017616272,298.7420654296875,25.592065429687523,SMAP_L4_SM_gph_20240505T133000_Vv8010_001.h5
2024-05-06,2024-05-06 13:28:55+00:00,8.748,-75.878,0.251986563205719,0.216338500380516,0.6026300191879272,0.517549455165863,298.9737548828125,25.823754882812523,SMAP_L4_SM_gph_20240506T133000_Vv8010_001.h5
2024-05-07,2024-05-07 13:28:55+00:00,8.748,-75.878,0.2475972324609756,0.2151121795177459,0.5921849012374878,0.5143876075744629,299.8148803710937,26.664880371093773,SMAP_L4_SM_gph_20240507T133000_Vv8010_001.h5
2024-05-08,2024-05-08 13:28:55+00:00,8.748,-75.878,0.2912691533565521,0.2237931340932846,0.6966348886489868,0.535247802734375,299.541259765625,26.391259765625023,SMAP_L4_SM_gph_20240508T133000_Vv8010_001.h5
2024-05-09,2024-05-09 13:28:55+00:00,8.748,-75.878,0.2775913774967193,0.2369365096092224,0.6641578078269958,0.5666244626045227,298.53253173828125,25.38253173828128,SMAP_L4_SM_gph_20240509T133000_Vv8010_001.h5
2024-05-10,2024-05-10 13:28:55+00:00,8.748,-75.878,0.2733617424964905,0.2350444793701172,0.653742253780365,0.562157392501831,299.0453491210937,25.895349121093773,SMAP_L4_SM_gph_20240510T133000_Vv8010_001.h5
2024-05-11,2024-05-11 13:28:55+00:00,8.748,-75.878,0.2952659726142883,0.2448362857103347,0.7062718272209167,0.5856500267982483,299.1307983398437,25.980798339843773,SMAP_L4_SM_gph_20240511T133000_Vv8010_001.h5
2024-05-12,2024-05-12 13:28:55+00:00,8.748,-75.878,0.285455584526062,0.2420904636383056,0.6828261017799377,0.5789872407913208,298.9107360839844,25.7607360839844,SMAP_L4_SM_gph_20240512T133000_Vv8010_001.h5
2024-05-13,2024-05-13 13:28:55+00:00,8.748,-75.878,0.2455637007951736,0.2347356975078582,0.587394118309021,0.5614026784896851,299.5412902832031,26.391290283203148,SMAP_L4_SM_gph_20240513T133000_Vv8010_001.h5
2024-05-14,2024-05-14 13:28:55+00:00,8.748,-75.878,0.2322196960449218,0.2306621223688125,0.555472731590271,0.5516781210899353,300.1517944335937,27.001794433593773,SMAP_L4_SM_gph_20240514T133000_Vv8010_001.h5
2024-05-15,2024-05-15 13:28:55+00:00,8.748,-75.878,0.226404070854187,0.2282340079545974,0.5414615273475647,0.545866072177887,299.201416015625,26.051416015625023,SMAP_L4_SM_gph_20240515T133000_Vv8010_001.h5
2024-05-16,2024-05-16 13:28:55+00:00,8.748,-75.878,0.1682411283254623,0.2208532691001892,0.4022961854934692,0.5282139182090759,299.5655517578125,26.415551757812523,SMAP_L4_SM_gph_20240516T133000_Vv8010_001.h5
2024-05-17,2024-05-17 13:28:55+00:00,8.748,-75.878,0.1746707409620285,0.219125896692276,0.417736142873764,0.5242599248886108,299.429931640625,26.279931640625023,SMAP_L4_SM_gph_20240517T133000_Vv8010_001.h5
2024-05-18,2024-05-18 13:28:55+00:00,8.748,-75.878,0.1356185972690582,0.2150329202413559,0.3243941962718963,0.5142545104026794,299.6962890625,26.546289062500023,SMAP_L4_SM_gph_20240518T133000_Vv8010_001.h5
2024-05-19,2024-05-19 13:28:55+00:00,8.748,-75.878,0.1830657869577407,0.2152908742427826,0.4378693997859955,0.5149365067481995,300.0844116210937,26.934411621093773,SMAP_L4_SM_gph_20240519T133000_Vv8010_001.h5
2024-05-20,2024-05-20 13:28:55+00:00,8.748,-75.878,0.2466591596603393,0.2201010882854461,0.5899450182914734,0.5265533328056335,299.76470947265625,26.61470947265628,SMAP_L4_SM_gph_20240520T133000_Vv8010_001.h5
2024-05-21,2024-05-21 13:28:55+00:00,8.748,-75.878,0.358222484588623,0.2351010292768478,0.8567994236946106,0.5623040795326233,298.8488464355469,25.698846435546898,SMAP_L4_SM_gph_20240521T133000_Vv8010_001.h5
2024-05-22,2024-05-22 13:28:55+00:00,8.748,-75.878,0.3019943535327911,0.2443221062421798,0.722327709197998,0.5843889713287354,298.54217529296875,25.392175292968773,SMAP_L4_SM_gph_20240522T133000_Vv8010_001.h5
2024-05-23,2024-05-23 13:28:55+00:00,8.748,-75.878,0.306079238653183,0.2501795589923858,0.7318336367607117,0.598472535610199,298.7504272460937,25.600427246093773,SMAP_L4_SM_gph_20240523T133000_Vv8010_001.h5
2024-05-24,2024-05-24 13:28:55+00:00,8.748,-75.878,0.290504902601242,0.2452662289142608,0.6947787404060364,0.5866464972496033,298.3961181640625,25.246118164062523,SMAP_L4_SM_gph_20240524T133000_Vv8010_001.h5
2024-05-25,2024-05-25 13:28:55+00:00,8.748,-75.878,0.2925328314304352,0.2464561462402343,0.699931263923645,0.5894241333007812,299.0193176269531,25.869317626953148,SMAP_L4_SM_gph_20240525T133000_Vv8010_001.h5
2024-05-26,2024-05-26 13:28:55+00:00,8.748,-75.878,0.2589426040649414,0.2387564033269882,0.6193423867225647,0.5709174275398254,299.3593444824219,26.209344482421898,SMAP_L4_SM_gph_20240526T133000_Vv8010_001.h5
2024-05-27,2024-05-27 13:28:55+00:00,8.748,-75.878,0.3075246512889862,0.2456337809562683,0.7356060147285461,0.5874550342559814,299.4950866699219,26.345086669921898,SMAP_L4_SM_gph_20240527T133000_Vv8010_001.h5
2024-05-28,2024-05-28 13:28:55+00:00,8.748,-75.878,0.2772513329982757,0.2451364696025848,0.6630780100822449,0.586296558380127,298.7919311523437,25.641931152343773,SMAP_L4_SM_gph_20240528T133000_Vv8010_001.h5
2024-05-29,2024-05-29 13:28:55+00:00,8.748,-75.878,0.2957372963428497,0.2486950606107711,0.7074379324913025,0.5947185158729553,298.49462890625,25.344628906250023,SMAP_L4_SM_gph_20240529T133000_Vv8010_001.h5
2024-05-30,2024-05-30 13:28:55+00:00,8.748,-75.878,0.2724171280860901,0.2460981160402298,0.6516192555427551,0.5887720584869385,298.490234375,25.340234375000023,SMAP_L4_SM_gph_20240530T133000_Vv8010_001.h5
2024-05-31,2024-05-31 13:28:55+00:00,8.748,-75.878,0.3193672895431518,0.2659899592399597,0.7639100551605225,0.6360616087913513,298.53790283203125,25.38790283203128,SMAP_L4_SM_gph_20240531T133000_Vv8010_001.h5
2024-06-01,2024-06-01 13:28:55+00:00,8.748,-75.878,0.2634937763214111,0.2537723481655121,0.6301583647727966,0.6069550514221191,299.05047607421875,25.900476074218773,SMAP_L4_SM_gph_20240601T133000_Vv8010_001.h5
2024-06-02,2024-06-02 13:28:55+00:00,8.748,-75.878,0.2460452169179916,0.2483443319797516,0.5884184241294861,0.5940389633178711,299.877685546875,26.727685546875023,SMAP_L4_SM_gph_20240602T133000_Vv8010_001.h5
2024-06-03,2024-06-03 13:28:55+00:00,8.748,-75.878,0.3062440156936645,0.2586456537246704,0.732517421245575,0.6187476515769958,299.731689453125,26.581689453125023,SMAP_L4_SM_gph_20240603T133000_Vv8010_001.h5
2024-06-04,2024-06-04 13:28:55+00:00,8.748,-75.878,0.2993625402450561,0.2595991790294647,0.7161872982978821,0.6209576725959778,299.2420654296875,26.092065429687523,SMAP_L4_SM_gph_20240604T133000_Vv8010_001.h5
2024-06-05,2024-06-05 13:28:55+00:00,8.748,-75.878,0.3059636652469635,0.2678580284118652,0.7317094206809998,0.6406242847442627,298.4621276855469,25.312127685546898,SMAP_L4_SM_gph_20240605T133000_Vv8010_001.h5
2024-06-06,2024-06-06 13:28:55+00:00,8.748,-75.878,0.312490314245224,0.2673821449279785,0.7473773956298828,0.6395086050033569,298.6449584960937,25.494958496093773,SMAP_L4_SM_gph_20240606T133000_Vv8010_001.h5
2024-06-07,2024-06-07 13:28:55+00:00,8.748,-75.878,0.2927506268024444,0.2657940089702606,0.7003912329673767,0.6355991363525391,298.58447265625,25.434472656250023,SMAP_L4_SM_gph_20240607T133000_Vv8010_001.h5
2024-06-08,2024-06-08 13:28:55+00:00,8.748,-75.878,0.2683245539665222,0.2607634365558624,0.6416716575622559,0.6237409710884094,298.69793701171875,25.547937011718773,SMAP_L4_SM_gph_20240608T133000_Vv8010_001.h5
2024-06-09,2024-06-09 13:28:55+00:00,8.748,-75.878,0.3238106369972229,0.2701125741004944,0.7745735049247742,0.6460462212562561,298.93023681640625,25.78023681640628,SMAP_L4_SM_gph_20240609T133000_Vv8010_001.h5
2024-06-10,2024-06-10 13:28:55+00:00,8.748,-75.878,0.2909588515758514,0.2676094770431518,0.6957948207855225,0.6400522589683533,298.82965087890625,25.67965087890628,SMAP_L4_SM_gph_20240610T133000_Vv8010_001.h5
2024-06-11,2024-06-11 13:28:55+00:00,8.748,-75.878,0.2952879071235657,0.2636158764362335,0.706222414970398,0.6306207180023193,298.51763916015625,25.36763916015628,SMAP_L4_SM_gph_20240611T133000_Vv8010_001.h5
2024-06-12,2024-06-12 13:28:55+00:00,8.748,-75.878,0.2731119096279144,0.2595124542713165,0.6533823609352112,0.6207326650619507,298.4443359375,25.294335937500023,SMAP_L4_SM_gph_20240612T133000_Vv8010_001.h5
2024-06-13,2024-06-13 13:28:55+00:00,8.748,-75.878,0.2866060733795166,0.2601345479488373,0.6854361891746521,0.6221557259559631,298.6841125488281,25.534112548828148,SMAP_L4_SM_gph_20240613T133000_Vv8010_001.h5
2024-06-14,2024-06-14 13:28:55+00:00,8.748,-75.878,0.2989305257797241,0.2627245187759399,0.7147464156150818,0.6284002065658569,298.24151611328125,25.09151611328128,SMAP_L4_SM_gph_20240614T133000_Vv8010_001.h5
2024-06-15,2024-06-15 13:28:55+00:00,8.748,-75.878,0.2820046246051788,0.2605813443660736,0.6744899153709412,0.623413622379303,297.92681884765625,24.77681884765628,SMAP_L4_SM_gph_20240615T133000_Vv8010_001.h5
2024-06-16,2024-06-16 13:28:55+00:00,8.748,-75.878,0.2790051400661468,0.2595380842685699,0.6674476861953735,0.6208992600440979,297.6549072265625,24.504907226562523,SMAP_L4_SM_gph_20240616T133000_Vv8010_001.h5
2024-06-17,2024-06-17 13:28:55+00:00,8.748,-75.878,0.2448392510414123,0.2549668550491333,0.585664689540863,0.6099878549575806,297.98699951171875,24.836999511718773,SMAP_L4_SM_gph_20240617T133000_Vv8010_001.h5
2024-06-18,2024-06-18 13:28:55+00:00,8.748,-75.878,0.2385426610708236,0.2527900040149688,0.5706591606140137,0.6047691106796265,298.995849609375,25.845849609375023,SMAP_L4_SM_gph_20240618T133000_Vv8010_001.h5
2024-06-19,2024-06-19 13:28:55+00:00,8.748,-75.878,0.1953725963830948,0.2467699944972992,0.4672735929489136,0.5901789665222168,298.8241577148437,25.674157714843773,SMAP_L4_SM_gph_20240619T133000_Vv8010_001.h5
2024-06-20,2024-06-20 13:28:55+00:00,8.748,-75.878,0.2689096629619598,0.2499054074287414,0.6432405114173889,0.5977067947387695,297.78143310546875,24.631433105468773,SMAP_L4_SM_gph_20240620T133000_Vv8010_001.h5
2024-06-21,2024-06-21 13:28:55+00:00,8.748,-75.878,0.2561539113521576,0.2491658180952072,0.6126580238342285,0.5960783362388611,298.2028503417969,25.052850341796898,SMAP_L4_SM_gph_20240621T133000_Vv8010_001.h5
2024-06-22,2024-06-22 13:28:55+00:00,8.748,-75.878,0.2285114824771881,0.2439915388822555,0.5465318560600281,0.583405077457428,298.4059753417969,25.255975341796898,SMAP_L4_SM_gph_20240622T133000_Vv8010_001.h5
2024-06-23,2024-06-23 13:28:55+00:00,8.748,-75.878,0.233702465891838,0.2437267750501632,0.558986246585846,0.5828632712364197,298.2421264648437,25.092126464843773,SMAP_L4_SM_gph_20240623T133000_Vv8010_001.h5
2024-06-24,2024-06-24 13:28:55+00:00,8.748,-75.878,0.2726861238479614,0.246331125497818,0.652228832244873,0.5890003442764282,298.22418212890625,25.07418212890628,SMAP_L4_SM_gph_20240624T133000_Vv8010_001.h5
2024-06-25,2024-06-25 13:28:55+00:00,8.748,-75.878,0.2420094460248947,0.2430344521999359,0.5788812041282654,0.5813314914703369,298.3748779296875,25.224877929687523,SMAP_L4_SM_gph_20240625T133000_Vv8010_001.h5
2024-06-26,2024-06-26 13:28:55+00:00,8.748,-75.878,0.2564288973808288,0.2431272864341735,0.6135181784629822,0.5815982222557068,297.95513916015625,24.80513916015628,SMAP_L4_SM_gph_20240626T133000_Vv8010_001.h5
2024-06-27,2024-06-27 13:28:55+00:00,8.748,-75.878,0.2321018576622009,0.239636555314064,0.5551965236663818,0.573095440864563,297.68023681640625,24.53023681640628,SMAP_L4_SM_gph_20240627T133000_Vv8010_001.h5
2024-06-28,2024-06-28 13:28:55+00:00,8.748,-75.878,0.2802063524723053,0.2417237609624862,0.6702801585197449,0.5782410502433777,298.1115417480469,24.961541748046898,SMAP_L4_SM_gph_20240628T133000_Vv8010_001.h5
2024-06-29,2024-06-29 13:28:55+00:00,8.748,-75.878,0.2682919800281524,0.2415041327476501,0.6416183114051819,0.5777563452720642,298.0611572265625,24.911157226562523,SMAP_L4_SM_gph_20240629T133000_Vv8010_001.h5
2024-06-30,2024-06-30 13:28:55+00:00,8.748,-75.878,0.2390918284654617,0.2376933693885803,0.571927011013031,0.5684700012207031,298.6240234375,25.474023437500023,SMAP_L4_SM_gph_20240630T133000_Vv8010_001.h5
2024-07-01,2024-07-01 13:28:55+00:00,8.748,-75.878,0.2609707713127136,0.2374082803726196,0.6241562962532043,0.5677899122238159,299.0914306640625,25.941430664062523,SMAP_L4_SM_gph_20240701T133000_Vv8010_001.h5
2024-07-02,2024-07-02 13:28:55+00:00,8.748,-75.878,0.2784138023853302,0.2483936250209808,0.6657775044441223,0.5941668748855591,298.3427734375,25.192773437500023,SMAP_L4_SM_gph_20240702T133000_Vv8010_001.h5
2024-07-03,2024-07-03 13:28:55+00:00,8.748,-75.878,0.2389370799064636,0.242710068821907,0.5713273882865906,0.5804636478424072,298.4564208984375,25.306420898437523,SMAP_L4_SM_gph_20240703T133000_Vv8010_001.h5
2024-07-04,2024-07-04 13:28:55+00:00,8.748,-75.878,0.3092575967311859,0.2493358552455902,0.7397273778915405,0.5963479280471802,297.8108825683594,24.6608825683594,SMAP_L4_SM_gph_20240704T133000_Vv8010_001.h5
2024-07-05,2024-07-05 13:28:55+00:00,8.748,-75.878,0.2587580680847168,0.2428598552942276,0.6187869310379028,0.5807065963745117,297.56512451171875,24.415124511718773,SMAP_L4_SM_gph_20240705T133000_Vv8010_001.h5
2024-07-06,2024-07-06 13:28:55+00:00,8.748,-75.878,0.2688909769058227,0.2441182732582092,0.6431075930595398,0.5837343335151672,297.7493896484375,24.599389648437523,SMAP_L4_SM_gph_20240706T133000_Vv8010_001.h5
2024-07-07,2024-07-07 13:28:55+00:00,8.748,-75.878,0.2437742054462433,0.2400080561637878,0.5830625891685486,0.5741586089134216,298.7655029296875,25.615502929687523,SMAP_L4_SM_gph_20240707T133000_Vv8010_001.h5
2024-07-08,2024-07-08 13:28:55+00:00,8.748,-75.878,0.2925566136837005,0.2484664171934127,0.6997674703598022,0.5944293141365051,299.05133056640625,25.90133056640628,SMAP_L4_SM_gph_20240708T133000_Vv8010_001.h5
2024-07-09,2024-07-09 13:28:55+00:00,8.748,-75.878,0.2774448096752167,0.2473985999822616,0.6634570956230164,0.5916650295257568,299.4809265136719,26.330926513671898,SMAP_L4_SM_gph_20240709T133000_Vv8010_001.h5
2024-07-10,2024-07-10 13:28:55+00:00,8.748,-75.878,0.2595095336437225,0.2429538667201995,0.6207422614097595,0.581122100353241,299.15008544921875,26.000085449218773,SMAP_L4_SM_gph_20240710T133000_Vv8010_001.h5
2024-07-11,2024-07-11 13:28:55+00:00,8.748,-75.878,0.2401648610830307,0.2393839061260223,0.5742936134338379,0.5724871158599854,298.9525451660156,25.802545166015648,SMAP_L4_SM_gph_20240711T133000_Vv8010_001.h5
2024-07-12,2024-07-12 13:28:55+00:00,8.748,-75.878,0.2297494262456894,0.2365324348211288,0.5494145154953003,0.5656225681304932,299.068603515625,25.918603515625023,SMAP_L4_SM_gph_20240712T133000_Vv8010_001.h5
2024-07-13,2024-07-13 13:28:55+00:00,8.748,-75.878,0.2239433676004409,0.233390063047409,0.5355924367904663,0.5582215189933777,299.52069091796875,26.370690917968773,SMAP_L4_SM_gph_20240713T133000_Vv8010_001.h5
2024-07-14,2024-07-14 13:28:55+00:00,8.748,-75.878,0.2224646359682083,0.232147678732872,0.5321228504180908,0.5551498532295227,299.35772705078125,26.20772705078128,SMAP_L4_SM_gph_20240714T133000_Vv8010_001.h5
2024-07-15,2024-07-15 13:28:55+00:00,8.748,-75.878,0.2139313220977783,0.2292356193065643,0.5117404460906982,0.5482010841369629,299.8453063964844,26.6953063964844,SMAP_L4_SM_gph_20240715T133000_Vv8010_001.h5
2024-07-16,2024-07-16 13:28:55+00:00,8.748,-75.878,0.1998639553785324,0.2257291674613952,0.4779611229896545,0.539731502532959,300.0575866699219,26.907586669921898,SMAP_L4_SM_gph_20240716T133000_Vv8010_001.h5
2024-07-17,2024-07-17 13:28:55+00:00,8.748,-75.878,0.218295082449913,0.2247297614812851,0.5220925211906433,0.5374747514724731,299.6778564453125,26.527856445312523,SMAP_L4_SM_gph_20240717T133000_Vv8010_001.h5
2024-07-18,2024-07-18 13:28:55+00:00,8.748,-75.878,0.2945753037929535,0.2330779433250427,0.7046293616294861,0.5575565695762634,298.987548828125,25.837548828125023,SMAP_L4_SM_gph_20240718T133000_Vv8010_001.h5
2024-07-19,2024-07-19 13:28:55+00:00,8.748,-75.878,0.2894764840602875,0.2355165481567382,0.6923396587371826,0.5633962750434875,298.57177734375,25.421777343750023,SMAP_L4_SM_gph_20240719T133000_Vv8010_001.h5
2024-07-20,2024-07-20 13:28:55+00:00,8.748,-75.878,0.2655510306358337,0.2356978952884674,0.6351980566978455,0.5638067126274109,298.490966796875,25.340966796875023,SMAP_L4_SM_gph_20240720T133000_Vv8010_001.h5
2024-07-21,2024-07-21 13:28:55+00:00,8.748,-75.878,0.2327429205179214,0.2305690050125122,0.5566470623016357,0.551436185836792,299.2963256835937,26.146325683593773,SMAP_L4_SM_gph_20240721T133000_Vv8010_001.h5
2024-07-22,2024-07-22 13:28:55+00:00,8.748,-75.878,0.238818809390068,0.2282242476940155,0.5711345672607422,0.5458158254623413,299.15216064453125,26.00216064453128,SMAP_L4_SM_gph_20240722T133000_Vv8010_001.h5
2024-07-23,2024-07-23 13:28:55+00:00,8.748,-75.878,0.2930998206138611,0.2344957888126373,0.7009741067886353,0.5607544779777527,298.631103515625,25.481103515625023,SMAP_L4_SM_gph_20240723T133000_Vv8010_001.h5
2024-07-24,2024-07-24 13:28:55+00:00,8.748,-75.878,0.2719356715679168,0.2322213649749755,0.6503875851631165,0.5555856227874756,298.8153991699219,25.665399169921898,SMAP_L4_SM_gph_20240724T133000_Vv8010_001.h5
2024-07-25,2024-07-25 13:28:55+00:00,8.748,-75.878,0.2930945158004761,0.237061321735382,0.7009683847427368,0.5669487118721008,299.2401428222656,26.090142822265648,SMAP_L4_SM_gph_20240725T133000_Vv8010_001.h5
2024-07-26,2024-07-26 13:28:55+00:00,8.748,-75.878,0.2743871808052063,0.2432304322719574,0.6562760472297668,0.5817800760269165,298.59228515625,25.442285156250023,SMAP_L4_SM_gph_20240726T133000_Vv8010_001.h5
2024-07-27,2024-07-27 13:28:55+00:00,8.748,-75.878,0.286174476146698,0.2413430213928222,0.6845388412475586,0.5773121118545532,298.3035583496094,25.1535583496094,SMAP_L4_SM_gph_20240727T133000_Vv8010_001.h5
2024-07-28,2024-07-28 13:28:55+00:00,8.748,-75.878,0.2625277638435364,0.2382338345050811,0.6277862787246704,0.5697531700134277,298.358154296875,25.208154296875023,SMAP_L4_SM_gph_20240728T133000_Vv8010_001.h5
2024-07-29,2024-07-29 13:28:55+00:00,8.748,-75.878,0.2212854921817779,0.2325349301099777,0.5292851328849792,0.5562666058540344,299.3349914550781,26.184991455078148,SMAP_L4_SM_gph_20240729T133000_Vv8010_001.h5
2024-07-30,2024-07-30 13:28:55+00:00,8.748,-75.878,0.2241481989622116,0.2292929291725158,0.5360490679740906,0.5483501553535461,299.7563781738281,26.606378173828148,SMAP_L4_SM_gph_20240730T133000_Vv8010_001.h5
2024-07-31,2024-07-31 13:28:55+00:00,8.748,-75.878,0.2300003618001938,0.2283303141593933,0.5500229597091675,0.5461159944534302,299.52471923828125,26.37471923828128,SMAP_L4_SM_gph_20240731T133000_Vv8010_001.h5
2024-08-01,2024-08-01 13:28:55+00:00,8.748,-75.878,0.2948896288871765,0.2319006025791168,0.7053208351135254,0.5545810461044312,299.47039794921875,26.320397949218773,SMAP_L4_SM_gph_20240801T133000_Vv8010_001.h5
2024-08-02,2024-08-02 13:28:55+00:00,8.748,-75.878,0.2722633183002472,0.2406022399663925,0.6511914134025574,0.575581431388855,298.222412109375,25.072412109375023,SMAP_L4_SM_gph_20240802T133000_Vv8010_001.h5
2024-08-03,2024-08-03 13:28:55+00:00,8.748,-75.878,0.2447659820318222,0.2353752851486206,0.585502028465271,0.5628705620765686,298.6073608398437,25.457360839843773,SMAP_L4_SM_gph_20240803T133000_Vv8010_001.h5
2024-08-04,2024-08-04 13:28:55+00:00,8.748,-75.878,0.2173051834106445,0.2305493354797363,0.5197023749351501,0.5514581203460693,298.79864501953125,25.64864501953128,SMAP_L4_SM_gph_20240804T133000_Vv8010_001.h5
2024-08-05,2024-08-05 13:28:55+00:00,8.748,-75.878,0.2600923776626587,0.2313943058252334,0.6220645904541016,0.5534719824790955,298.4937744140625,25.343774414062523,SMAP_L4_SM_gph_20240805T133000_Vv8010_001.h5
2024-08-06,2024-08-06 13:28:55+00:00,8.748,-75.878,0.293193370103836,0.2406503111124038,0.7014317512512207,0.5757191181182861,298.21942138671875,25.069421386718773,SMAP_L4_SM_gph_20240806T133000_Vv8010_001.h5
2024-08-07,2024-08-07 13:28:55+00:00,8.748,-75.878,0.2772663533687591,0.2397617697715759,0.6630577445030212,0.5735061168670654,297.94122314453125,24.79122314453128,SMAP_L4_SM_gph_20240807T133000_Vv8010_001.h5
2024-08-08,2024-08-08 13:28:55+00:00,8.748,-75.878,0.2585333585739136,0.2367413491010666,0.6182745695114136,0.5661049485206604,297.8427124023437,24.692712402343773,SMAP_L4_SM_gph_20240808T133000_Vv8010_001.h5
2024-08-09,2024-08-09 13:28:55+00:00,8.748,-75.878,0.2419423460960388,0.2330052703619003,0.5786454677581787,0.5573679804801941,298.3510437011719,25.201043701171898,SMAP_L4_SM_gph_20240809T133000_Vv8010_001.h5
2024-08-10,2024-08-10 13:28:55+00:00,8.748,-75.878,0.2487481832504272,0.2316085547208786,0.5949158072471619,0.5539684295654297,298.7089233398437,25.558923339843773,SMAP_L4_SM_gph_20240810T133000_Vv8010_001.h5
2024-08-11,2024-08-11 13:28:55+00:00,8.748,-75.878,0.2974613308906555,0.2388565093278885,0.7114914059638977,0.5712628364562988,297.8865051269531,24.736505126953148,SMAP_L4_SM_gph_20240811T133000_Vv8010_001.h5
2024-08-12,2024-08-12 13:28:55+00:00,8.748,-75.878,0.2367231696844101,0.2325900942087173,0.5661351680755615,0.5563369989395142,297.628173828125,24.478173828125023,SMAP_L4_SM_gph_20240812T133000_Vv8010_001.h5
2024-08-13,2024-08-13 13:28:55+00:00,8.748,-75.878,0.3038583695888519,0.2403433173894882,0.7266994118690491,0.5747378468513489,298.3404541015625,25.190454101562523,SMAP_L4_SM_gph_20240813T133000_Vv8010_001.h5
2024-08-14,2024-08-14 13:28:55+00:00,8.748,-75.878,0.2856788337230682,0.2465468496084213,0.683120846748352,0.5896590352058411,298.6952209472656,25.545220947265648,SMAP_L4_SM_gph_20240814T133000_Vv8010_001.h5
2024-08-15,2024-08-15 13:28:55+00:00,8.748,-75.878,0.2682158648967743,0.2397354692220688,0.6414964199066162,0.5735235810279846,299.01611328125,25.866113281250023,SMAP_L4_SM_gph_20240815T133000_Vv8010_001.h5
2024-08-16,2024-08-16 13:28:55+00:00,8.748,-75.878,0.239988699555397,0.2349515408277511,0.57404625415802,0.5619030594825745,299.11151123046875,25.961511230468773,SMAP_L4_SM_gph_20240816T133000_Vv8010_001.h5
2024-08-17,2024-08-17 13:28:55+00:00,8.748,-75.878,0.3425690531730652,0.2496059536933899,0.8192261457443237,0.5970023274421692,298.9851989746094,25.8351989746094,SMAP_L4_SM_gph_20240817T133000_Vv8010_001.h5
2024-08-18,2024-08-18 13:28:55+00:00,8.748,-75.878,0.2677553296089172,0.2454293668270111,0.640363872051239,0.5869970917701721,298.6439208984375,25.493920898437523,SMAP_L4_SM_gph_20240818T133000_Vv8010_001.h5
2024-08-19,2024-08-19 13:28:55+00:00,8.748,-75.878,0.2393491417169571,0.2396739572286605,0.5724477767944336,0.5731199383735657,299.36669921875,26.216699218750023,SMAP_L4_SM_gph_20240819T133000_Vv8010_001.h5
2024-08-20,2024-08-20 13:28:55+00:00,8.748,-75.878,0.220677375793457,0.2348445206880569,0.5278303027153015,0.5616980195045471,299.0246887207031,25.874688720703148,SMAP_L4_SM_gph_20240820T133000_Vv8010_001.h5
2024-08-21,2024-08-21 13:28:55+00:00,8.748,-75.878,0.2723768949508667,0.2365888357162475,0.6514630913734436,0.5659401416778564,298.5435485839844,25.3935485839844,SMAP_L4_SM_gph_20240821T133000_Vv8010_001.h5
2024-08-22,2024-08-22 13:28:55+00:00,8.748,-75.878,0.2976109981536865,0.2412053942680359,0.7119912505149841,0.5770406126976013,298.18389892578125,25.03389892578128,SMAP_L4_SM_gph_20240822T133000_Vv8010_001.h5
2024-08-23,2024-08-23 13:28:55+00:00,8.748,-75.878,0.2647767066955566,0.2375699281692505,0.6331183314323425,0.568076491355896,298.1276550292969,24.977655029296898,SMAP_L4_SM_gph_20240823T133000_Vv8010_001.h5
2024-08-24,2024-08-24 13:28:55+00:00,8.748,-75.878,0.3314956426620483,0.2516226768493652,0.7928565740585327,0.601891815662384,298.11669921875,24.966699218750023,SMAP_L4_SM_gph_20240824T133000_Vv8010_001.h5
2024-08-25,2024-08-25 13:28:55+00:00,8.748,-75.878,0.2801074981689453,0.2473220378160476,0.670079231262207,0.5916507840156555,297.6798400878906,24.529840087890648,SMAP_L4_SM_gph_20240825T133000_Vv8010_001.h5
2024-08-26,2024-08-26 13:28:55+00:00,8.748,-75.878,0.2702802717685699,0.2443160116672516,0.6463496685028076,0.5843591094017029,297.3730163574219,24.223016357421898,SMAP_L4_SM_gph_20240826T133000_Vv8010_001.h5
2024-08-27,2024-08-27 13:28:55+00:00,8.748,-75.878,0.2699673175811767,0.2446064054965973,0.6458057761192322,0.584895133972168,296.98321533203125,23.83321533203128,SMAP_L4_SM_gph_20240827T133000_Vv8010_001.h5
2024-08-28,2024-08-28 13:28:55+00:00,8.748,-75.878,0.2311989217996597,0.2395346760749817,0.5528417229652405,0.5728310942649841,298.46124267578125,25.31124267578128,SMAP_L4_SM_gph_20240828T133000_Vv8010_001.h5
2024-08-29,2024-08-29 13:28:55+00:00,8.748,-75.878,0.2179977595806121,0.2355310618877411,0.5213578343391418,0.5633737444877625,299.2720642089844,26.1220642089844,SMAP_L4_SM_gph_20240829T133000_Vv8010_001.h5
2024-08-30,2024-08-30 13:28:55+00:00,8.748,-75.878,0.2037685513496399,0.2314329743385315,0.4873006939888,0.553585410118103,299.2193908691406,26.069390869140648,SMAP_L4_SM_gph_20240830T133000_Vv8010_001.h5
2024-08-31,2024-08-31 13:28:55+00:00,8.748,-75.878,0.2142474800348281,0.2296586781740188,0.5125395655632019,0.5492523908615112,298.9591064453125,25.809106445312523,SMAP_L4_SM_gph_20240831T133000_Vv8010_001.h5
2024-09-01,2024-09-01 13:28:55+00:00,8.748,-75.878,0.2740361988544464,0.2363915294408798,0.6553341746330261,0.565342366695404,298.2347412109375,25.084741210937523,SMAP_L4_SM_gph_20240901T133000_Vv8010_001.h5
2024-09-02,2024-09-02 13:28:55+00:00,8.748,-75.878,0.230444073677063,0.2305542975664138,0.5510432720184326,0.5513255596160889,298.559326171875,25.409326171875023,SMAP_L4_SM_gph_20240902T133000_Vv8010_001.h5
2024-09-03,2024-09-03 13:28:55+00:00,8.748,-75.878,0.2164248973131179,0.2273515313863754,0.5176635384559631,0.5435962080955505,298.7113647460937,25.561364746093773,SMAP_L4_SM_gph_20240903T133000_Vv8010_001.h5
2024-09-04,2024-09-04 13:28:55+00:00,8.748,-75.878,0.2150722295045852,0.2252664417028427,0.5144683718681335,0.5388597846031189,298.6171875,25.467187500000023,SMAP_L4_SM_gph_20240904T133000_Vv8010_001.h5
2024-09-05,2024-09-05 13:28:55+00:00,8.748,-75.878,0.2009094655513763,0.2229062020778656,0.4804896712303161,0.5331250429153442,298.70831298828125,25.55831298828128,SMAP_L4_SM_gph_20240905T133000_Vv8010_001.h5
2024-09-06,2024-09-06 13:28:55+00:00,8.748,-75.878,0.2021869570016861,0.2216043174266815,0.4836151897907257,0.530056893825531,299.034912109375,25.884912109375023,SMAP_L4_SM_gph_20240906T133000_Vv8010_001.h5
2024-09-07,2024-09-07 13:28:55+00:00,8.748,-75.878,0.3174386620521545,0.2428152710199356,0.7590134143829346,0.5806899666786194,298.76531982421875,25.615319824218773,SMAP_L4_SM_gph_20240907T133000_Vv8010_001.h5
2024-09-08,2024-09-08 13:28:55+00:00,8.748,-75.878,0.2671854197978973,0.237923189997673,0.6390336751937866,0.569105327129364,298.9577941894531,25.807794189453148,SMAP_L4_SM_gph_20240908T133000_Vv8010_001.h5
2024-09-09,2024-09-09 13:28:55+00:00,8.748,-75.878,0.2380191683769226,0.2324600964784622,0.5692163109779358,0.5559996962547302,299.02984619140625,25.87984619140628,SMAP_L4_SM_gph_20240909T133000_Vv8010_001.h5
2024-09-10,2024-09-10 13:28:55+00:00,8.748,-75.878,0.2222175002098083,0.2285555303096771,0.5314205288887024,0.5467267632484436,299.0721435546875,25.922143554687523,SMAP_L4_SM_gph_20240910T133000_Vv8010_001.h5
2024-09-11,2024-09-11 13:28:55+00:00,8.748,-75.878,0.2263971120119094,0.2270142287015915,0.5415163040161133,0.5429388284683228,299.0985717773437,25.948571777343773,SMAP_L4_SM_gph_20240911T133000_Vv8010_001.h5
2024-09-12,2024-09-12 13:28:55+00:00,8.748,-75.878,0.2720201015472412,0.2305218428373336,0.6505123376846313,0.551485538482666,298.87225341796875,25.722253417968773,SMAP_L4_SM_gph_20240912T133000_Vv8010_001.h5
2024-09-13,2024-09-13 13:28:55+00:00,8.748,-75.878,0.2293192148208618,0.2264089286327362,0.5483897924423218,0.5414869785308838,298.7007141113281,25.550714111328148,SMAP_L4_SM_gph_20240913T133000_Vv8010_001.h5
2024-09-14,2024-09-14 13:28:55+00:00,8.748,-75.878,0.2204473614692688,0.2237095236778259,0.527214765548706,0.5350175499916077,299.3388366699219,26.188836669921898,SMAP_L4_SM_gph_20240914T133000_Vv8010_001.h5
2024-09-15,2024-09-15 13:28:55+00:00,8.748,-75.878,0.1951893419027328,0.2197157889604568,0.4668506681919098,0.5255133509635925,299.77227783203125,26.62227783203128,SMAP_L4_SM_gph_20240915T133000_Vv8010_001.h5
2024-09-16,2024-09-16 13:28:55+00:00,8.748,-75.878,0.2524527609348297,0.2213976681232452,0.6039182543754578,0.5294353365898132,299.73974609375,26.589746093750023,SMAP_L4_SM_gph_20240916T133000_Vv8010_001.h5
2024-09-17,2024-09-17 13:28:55+00:00,8.748,-75.878,0.2656938135623932,0.2263906747102737,0.6354739665985107,0.5414536595344543,299.58331298828125,26.43331298828128,SMAP_L4_SM_gph_20240917T133000_Vv8010_001.h5
2024-09-18,2024-09-18 13:28:55+00:00,8.748,-75.878,0.2325899451971054,0.2225080728530883,0.5562818646430969,0.5321512222290039,299.8099365234375,26.659936523437523,SMAP_L4_SM_gph_20240918T133000_Vv8010_001.h5
2024-09-19,2024-09-19 13:28:55+00:00,8.748,-75.878,0.2213722616434097,0.2198359668254852,0.5295417308807373,0.5258384346961975,299.4302673339844,26.2802673339844,SMAP_L4_SM_gph_20240919T133000_Vv8010_001.h5
2024-09-20,2024-09-20 13:28:55+00:00,8.748,-75.878,0.3222362399101257,0.2448402941226959,0.7705678343772888,0.5856010317802429,298.37017822265625,25.22017822265628,SMAP_L4_SM_gph_20240920T133000_Vv8010_001.h5
2024-09-21,2024-09-21 13:28:55+00:00,8.748,-75.878,0.2649547159671783,0.2367313057184219,0.6336628198623657,0.5663228631019592,298.199951171875,25.049951171875023,SMAP_L4_SM_gph_20240921T133000_Vv8010_001.h5
2024-09-22,2024-09-22 13:28:55+00:00,8.748,-75.878,0.2524378299713135,0.2325274646282196,0.6037343740463257,0.5562470555305481,298.0746154785156,24.924615478515648,SMAP_L4_SM_gph_20240922T133000_Vv8010_001.h5
2024-09-23,2024-09-23 13:28:55+00:00,8.748,-75.878,0.2396440207958221,0.2294604480266571,0.5731360912322998,0.5488964915275574,298.28875732421875,25.138757324218773,SMAP_L4_SM_gph_20240923T133000_Vv8010_001.h5
2024-09-24,2024-09-24 13:28:55+00:00,8.748,-75.878,0.221291184425354,0.2258138656616211,0.5292332172393799,0.5401349067687988,298.5862121582031,25.436212158203148,SMAP_L4_SM_gph_20240924T133000_Vv8010_001.h5
2024-09-25,2024-09-25 13:28:55+00:00,8.748,-75.878,0.257040798664093,0.2265964299440384,0.6147549748420715,0.542072594165802,298.41357421875,25.263574218750023,SMAP_L4_SM_gph_20240925T133000_Vv8010_001.h5
2024-09-26,2024-09-26 13:28:55+00:00,8.748,-75.878,0.2667268812656402,0.2285059094429016,0.6380344033241272,0.5464264750480652,298.1182556152344,24.9682556152344,SMAP_L4_SM_gph_20240926T133000_Vv8010_001.h5
2024-09-27,2024-09-27 13:28:55+00:00,8.748,-75.878,0.260373055934906,0.2279731780290603,0.6227193474769592,0.5453344583511353,298.1011657714844,24.9511657714844,SMAP_L4_SM_gph_20240927T133000_Vv8010_001.h5
2024-09-28,2024-09-28 13:28:55+00:00,8.748,-75.878,0.3114446699619293,0.2407047301530838,0.7448395490646362,0.5757877230644226,297.71759033203125,24.56759033203128,SMAP_L4_SM_gph_20240928T133000_Vv8010_001.h5
2024-09-29,2024-09-29 13:28:55+00:00,8.748,-75.878,0.2723986804485321,0.2389604896306991,0.651595950126648,0.5714601278305054,297.2234191894531,24.073419189453148,SMAP_L4_SM_gph_20240929T133000_Vv8010_001.h5
2024-09-30,2024-09-30 13:28:55+00:00,8.748,-75.878,0.2634623348712921,0.2369012236595153,0.6302922964096069,0.5665328502655029,297.081787109375,23.931787109375023,SMAP_L4_SM_gph_20240930T133000_Vv8010_001.h5
2024-10-01,2024-10-01 13:28:55+00:00,8.748,-75.878,0.2557922303676605,0.2341926395893097,0.6119783520698547,0.5600529909133911,297.98016357421875,24.830163574218773,SMAP_L4_SM_gph_20241001T133000_Vv8011_001.h5
2024-10-02,2024-10-02 13:28:55+00:00,8.748,-75.878,0.2360700219869613,0.2302452176809311,0.5646573305130005,0.5506555438041687,298.1376953125,24.987695312500023,SMAP_L4_SM_gph_20241002T133000_Vv8011_001.h5
2024-10-03,2024-10-03 13:28:55+00:00,8.748,-75.878,0.2233453243970871,0.2267786860466003,0.5341256856918335,0.54254549741745,298.2871398925781,25.137139892578148,SMAP_L4_SM_gph_20241003T133000_Vv8011_001.h5
2024-10-04,2024-10-04 13:28:55+00:00,8.748,-75.878,0.2335322350263595,0.2254524081945419,0.5585084557533264,0.5392560362815857,298.5213623046875,25.371362304687523,SMAP_L4_SM_gph_20241004T133000_Vv8011_001.h5
2024-10-05,2024-10-05 13:28:55+00:00,8.748,-75.878,0.22354157269001,0.2231960594654083,0.5346798896789551,0.5338901281356812,298.7318725585937,25.581872558593773,SMAP_L4_SM_gph_20241005T133000_Vv8011_001.h5
2024-10-06,2024-10-06 13:28:55+00:00,8.748,-75.878,0.2558105289936065,0.2263129353523254,0.6118917465209961,0.5412381291389465,298.1874084472656,25.037408447265648,SMAP_L4_SM_gph_20241006T133000_Vv8011_001.h5
2024-10-07,2024-10-07 13:28:55+00:00,8.748,-75.878,0.2601038515567779,0.2278964817523956,0.6220736503601074,0.5450498461723328,297.859130859375,24.709130859375023,SMAP_L4_SM_gph_20241007T133000_Vv8011_001.h5
2024-10-08,2024-10-08 13:28:55+00:00,8.748,-75.878,0.2799673974514007,0.2334709465503692,0.6696081161499023,0.558371901512146,297.7658386230469,24.615838623046898,SMAP_L4_SM_gph_20241008T133000_Vv8011_001.h5
2024-10-09,2024-10-09 13:28:55+00:00,8.748,-75.878,0.263444036245346,0.2328529506921768,0.630028486251831,0.556887149810791,298.0145568847656,24.864556884765648,SMAP_L4_SM_gph_20241009T133000_Vv8011_001.h5
2024-10-10,2024-10-10 13:28:55+00:00,8.748,-75.878,0.2981875538825989,0.2381698787212371,0.7130046486854553,0.5697585344314575,298.3211975097656,25.171197509765648,SMAP_L4_SM_gph_20241010T133000_Vv8011_001.h5
2024-10-11,2024-10-11 13:28:55+00:00,8.748,-75.878,0.2741951942443847,0.2415774017572403,0.6558804512023926,0.577873945236206,297.7352294921875,24.585229492187523,SMAP_L4_SM_gph_20241011T133000_Vv8011_001.h5
2024-10-12,2024-10-12 13:28:55+00:00,8.748,-75.878,0.2437703013420105,0.2356960922479629,0.5830657482147217,0.563815176486969,298.6056213378906,25.455621337890648,SMAP_L4_SM_gph_20241012T133000_Vv8011_001.h5
2024-10-13,2024-10-13 13:28:55+00:00,8.748,-75.878,0.2751074433326721,0.235098510980606,0.6579321026802063,0.5622976422309875,298.4353942871094,25.2853942871094,SMAP_L4_SM_gph_20241013T133000_Vv8011_001.h5
2024-10-14,2024-10-14 13:28:55+00:00,8.748,-75.878,0.3039635717868805,0.2442587018013,0.727246105670929,0.5841972827911377,298.26568603515625,25.11568603515628,SMAP_L4_SM_gph_20241014T133000_Vv8011_001.h5
2024-10-15,2024-10-15 13:28:55+00:00,8.748,-75.878,0.3336405754089355,0.2681276500225067,0.7980618476867676,0.6413249373435974,298.1620483398437,25.012048339843773,SMAP_L4_SM_gph_20241015T133000_Vv8011_001.h5
2024-10-16,2024-10-16 13:28:55+00:00,8.748,-75.878,0.3012691438198089,0.2686482071876526,0.7204372882843018,0.6425561904907227,298.09051513671875,24.940515136718773,SMAP_L4_SM_gph_20241016T133000_Vv8011_001.h5
2024-10-17,2024-10-17 13:28:55+00:00,8.748,-75.878,0.2913537621498108,0.2617072165012359,0.6966128945350647,0.6259257793426514,298.2935791015625,25.143579101562523,SMAP_L4_SM_gph_20241017T133000_Vv8011_001.h5
2024-10-18,2024-10-18 13:28:55+00:00,8.748,-75.878,0.2838660776615143,0.2579262852668762,0.6788773536682129,0.6169009804725647,298.548828125,25.398828125000023,SMAP_L4_SM_gph_20241018T133000_Vv8011_001.h5
2024-10-19,2024-10-19 13:28:55+00:00,8.748,-75.878,0.2619193792343139,0.2531594038009643,0.6265095472335815,0.6052656769752502,298.7528076171875,25.602807617187523,SMAP_L4_SM_gph_20241019T133000_Vv8011_001.h5
2024-10-20,2024-10-20 13:28:55+00:00,8.748,-75.878,0.2816982269287109,0.2530442774295807,0.6736142039299011,0.6053559184074402,298.32720947265625,25.17720947265628,SMAP_L4_SM_gph_20241020T133000_Vv8011_001.h5
2024-10-21,2024-10-21 13:28:55+00:00,8.748,-75.878,0.2935701012611389,0.2612137496471405,0.7022663950920105,0.6246190667152405,298.06646728515625,24.91646728515628,SMAP_L4_SM_gph_20241021T133000_Vv8011_001.h5
2024-10-22,2024-10-22 13:28:55+00:00,8.748,-75.878,0.2661771476268768,0.2554855942726135,0.63648521900177,0.6109707951545715,298.06707763671875,24.917077636718773,SMAP_L4_SM_gph_20241022T133000_Vv8011_001.h5
2024-10-23,2024-10-23 13:28:55+00:00,8.748,-75.878,0.2807542979717254,0.2547442615032196,0.6716193556785583,0.6093113422393799,297.9060363769531,24.756036376953148,SMAP_L4_SM_gph_20241023T133000_Vv8011_001.h5
2024-10-24,2024-10-24 13:28:55+00:00,8.748,-75.878,0.2878843545913696,0.2552688121795654,0.6885554790496826,0.6103094220161438,298.1292419433594,24.9792419433594,SMAP_L4_SM_gph_20241024T133000_Vv8011_001.h5
2024-10-25,2024-10-25 13:28:55+00:00,8.748,-75.878,0.2616795599460602,0.2518080770969391,0.6259494423866272,0.6023001670837402,298.8630065917969,25.713006591796898,SMAP_L4_SM_gph_20241025T133000_Vv8011_001.h5
2024-10-26,2024-10-26 13:28:55+00:00,8.748,-75.878,0.2599492073059082,0.2494938224554062,0.6218525171279907,0.5968565344810486,299.360595703125,26.210595703125023,SMAP_L4_SM_gph_20241026T133000_Vv8011_001.h5
2024-10-27,2024-10-27 13:28:55+00:00,8.748,-75.878,0.3862259984016418,0.2795059084892273,0.923575758934021,0.6685891151428223,298.911865234375,25.761865234375023,SMAP_L4_SM_gph_20241027T133000_Vv8011_001.h5
2024-10-28,2024-10-28 13:28:55+00:00,8.748,-75.878,0.3119553625583648,0.2843897342681885,0.7461613416671753,0.6803106069564819,298.521240234375,25.371240234375023,SMAP_L4_SM_gph_20241028T133000_Vv8011_001.h5
2024-10-29,2024-10-29 13:28:55+00:00,8.748,-75.878,0.2908170521259308,0.2745010554790497,0.6955613493919373,0.6565537452697754,298.75323486328125,25.60323486328128,SMAP_L4_SM_gph_20241029T133000_Vv8011_001.h5
2024-10-30,2024-10-30 13:28:55+00:00,8.748,-75.878,0.3135914206504822,0.2733839750289917,0.749988853931427,0.6538203954696655,297.9135131835937,24.763513183593773,SMAP_L4_SM_gph_20241030T133000_Vv8011_001.h5
2024-10-31,2024-10-31 13:28:55+00:00,8.748,-75.878,0.3068750500679016,0.2702796757221222,0.733985960483551,0.6464323997497559,297.9764404296875,24.826440429687523,SMAP_L4_SM_gph_20241031T133000_Vv8011_001.h5
2024-11-01,2024-11-01 13:28:55+00:00,8.748,-75.878,0.3036814630031585,0.27071213722229,0.7263599634170532,0.6475808620452881,297.64111328125,24.491113281250023,SMAP_L4_SM_gph_20241101T133000_Vv8011_001.h5
2024-11-02,2024-11-02 13:28:55+00:00,8.748,-75.878,0.3126424849033355,0.2794160544872284,0.7477666735649109,0.6681118607521057,296.7889404296875,23.638940429687523,SMAP_L4_SM_gph_20241102T133000_Vv8011_001.h5
2024-11-03,2024-11-03 13:28:55+00:00,8.748,-75.878,0.2941010296344757,0.2745367884635925,0.7033290863037109,0.6567191481590271,296.7866516113281,23.636651611328148,SMAP_L4_SM_gph_20241103T133000_Vv8011_001.h5
2024-11-04,2024-11-04 13:28:55+00:00,8.748,-75.878,0.3042437136173248,0.2745483219623565,0.727528989315033,0.6565049290657043,296.48321533203125,23.33321533203128,SMAP_L4_SM_gph_20241104T133000_Vv8011_001.h5
2024-11-05,2024-11-05 13:28:55+00:00,8.748,-75.878,0.2913214564323425,0.2719326317310333,0.6967675089836121,0.6503388285636902,297.19549560546875,24.045495605468773,SMAP_L4_SM_gph_20241105T133000_Vv8011_001.h5
2024-11-06,2024-11-06 13:28:55+00:00,8.748,-75.878,0.271258682012558,0.268855482339859,0.6486617922782898,0.6429486274719238,298.09600830078125,24.94600830078128,SMAP_L4_SM_gph_20241106T133000_Vv8011_001.h5
2024-11-07,2024-11-07 13:28:55+00:00,8.748,-75.878,0.2700810730457306,0.2669593095779419,0.6460042595863342,0.6384580135345459,297.9022216796875,24.752221679687523,SMAP_L4_SM_gph_20241107T133000_Vv8011_001.h5
2024-11-08,2024-11-08 13:28:55+00:00,8.748,-75.878,0.2920115888118744,0.2671648263931274,0.6984493136405945,0.6391633749008179,297.4174499511719,24.267449951171898,SMAP_L4_SM_gph_20241108T133000_Vv8011_001.h5
2024-11-09,2024-11-09 13:28:55+00:00,8.748,-75.878,0.3015889525413513,0.27093505859375,0.7213090062141418,0.6481601595878601,296.81060791015625,23.66060791015628,SMAP_L4_SM_gph_20241109T133000_Vv8011_001.h5
2024-11-10,2024-11-10 13:28:55+00:00,8.748,-75.878,0.2721221148967743,0.2667538821697235,0.6508504748344421,0.6380704045295715,296.9840087890625,23.834008789062523,SMAP_L4_SM_gph_20241110T133000_Vv8011_001.h5
2024-11-11,2024-11-11 13:28:55+00:00,8.748,-75.878,0.3308022916316986,0.2829053699970245,0.7910434603691101,0.6767439842224121,296.72314453125,23.573144531250023,SMAP_L4_SM_gph_20241111T133000_Vv8011_001.h5
2024-11-12,2024-11-12 13:28:55+00:00,8.748,-75.878,0.295110821723938,0.2764766812324524,0.7057116627693176,0.6611523628234863,296.982666015625,23.832666015625023,SMAP_L4_SM_gph_20241112T133000_Vv8011_001.h5
2024-11-13,2024-11-13 13:28:55+00:00,8.748,-75.878,0.2735277712345123,0.2709074318408966,0.6542229652404785,0.6480151414871216,296.91357421875,23.763574218750023,SMAP_L4_SM_gph_20241113T133000_Vv8011_001.h5
2024-11-14,2024-11-14 13:28:55+00:00,8.748,-75.878,0.2631657421588897,0.2677282691001892,0.6296704411506653,0.6404328942298889,296.3785400390625,23.228540039062523,SMAP_L4_SM_gph_20241114T133000_Vv8011_001.h5
2024-11-15,2024-11-15 13:28:55+00:00,8.748,-75.878,0.2594449520111084,0.2660076022148132,0.6203885674476624,0.6360812187194824,296.7781066894531,23.628106689453148,SMAP_L4_SM_gph_20241115T133000_Vv8011_001.h5
2024-11-16,2024-11-16 13:28:55+00:00,8.748,-75.878,0.2419090867042541,0.2626063227653503,0.5786496996879578,0.6282389163970947,297.1376342773437,23.987634277343773,SMAP_L4_SM_gph_20241116T133000_Vv8011_001.h5
2024-11-17,2024-11-17 13:28:55+00:00,8.748,-75.878,0.2428827136754989,0.2606325149536133,0.5808342695236206,0.6233024597167969,297.50213623046875,24.352136230468773,SMAP_L4_SM_gph_20241117T133000_Vv8011_001.h5
2024-11-18,2024-11-18 13:28:55+00:00,8.748,-75.878,0.2286464869976043,0.2582038044929504,0.5470191240310669,0.6174760460853577,297.26483154296875,24.114831542968773,SMAP_L4_SM_gph_20241118T133000_Vv8011_001.h5
2024-11-19,2024-11-19 13:28:55+00:00,8.748,-75.878,0.2330460101366043,0.2566362023353576,0.5572900176048279,0.6138641238212585,297.4945373535156,24.344537353515648,SMAP_L4_SM_gph_20241119T133000_Vv8011_001.h5
2024-11-20,2024-11-20 13:28:55+00:00,8.748,-75.878,0.2343901991844177,0.2553231716156006,0.5606697797775269,0.6105967164039612,297.2469482421875,24.096948242187523,SMAP_L4_SM_gph_20241120T133000_Vv8011_001.h5
2024-11-21,2024-11-21 13:28:55+00:00,8.748,-75.878,0.2665311396121979,0.2565552890300751,0.6373862624168396,0.6138002276420593,297.3182067871094,24.1682067871094,SMAP_L4_SM_gph_20241121T133000_Vv8011_001.h5
2024-11-22,2024-11-22 13:28:55+00:00,8.748,-75.878,0.2562948763370514,0.2549023330211639,0.6130867600440979,0.6096490621566772,297.3002014160156,24.150201416015648,SMAP_L4_SM_gph_20241122T133000_Vv8011_001.h5
2024-11-23,2024-11-23 13:28:55+00:00,8.748,-75.878,0.2667718827724457,0.2550696134567261,0.6382507085800171,0.6100106239318848,297.0505065917969,23.900506591796898,SMAP_L4_SM_gph_20241123T133000_Vv8011_001.h5
2024-11-24,2024-11-24 13:28:55+00:00,8.748,-75.878,0.2671791911125183,0.2546533644199371,0.6391400694847107,0.6091482043266296,297.34051513671875,24.190515136718773,SMAP_L4_SM_gph_20241124T133000_Vv8011_001.h5
2024-11-25,2024-11-25 13:28:55+00:00,8.748,-75.878,0.2554135918617248,0.2532209455966949,0.6109042167663574,0.605698823928833,297.740966796875,24.590966796875023,SMAP_L4_SM_gph_20241125T133000_Vv8011_001.h5
2024-11-26,2024-11-26 13:28:55+00:00,8.748,-75.878,0.2251039296388626,0.2487919926643371,0.5383154153823853,0.5951413512229919,298.072021484375,24.922021484375023,SMAP_L4_SM_gph_20241126T133000_Vv8011_001.h5
2024-11-27,2024-11-27 13:28:55+00:00,8.748,-75.878,0.2220672965049743,0.2466259151697158,0.5310577750205994,0.5898513197898865,297.7818298339844,24.6318298339844,SMAP_L4_SM_gph_20241127T133000_Vv8011_001.h5
2024-11-28,2024-11-28 13:28:55+00:00,8.748,-75.878,0.2238301336765289,0.2451132982969284,0.5353556871414185,0.5863092541694641,297.85565185546875,24.705651855468773,SMAP_L4_SM_gph_20241128T133000_Vv8011_001.h5
2024-11-29,2024-11-29 13:28:55+00:00,8.748,-75.878,0.2492031753063202,0.2453726232051849,0.5960752964019775,0.5869225859642029,297.904541015625,24.754541015625023,SMAP_L4_SM_gph_20241129T133000_Vv8011_001.h5
2024-11-30,2024-11-30 13:28:55+00:00,8.748,-75.878,0.2857120037078857,0.2524233162403106,0.683382511138916,0.6036919355392456,298.2225952148437,25.072595214843773,SMAP_L4_SM_gph_20241130T133000_Vv8011_001.h5
2024-12-01,2024-12-01 13:28:55+00:00,8.748,-75.878,0.2563149631023407,0.2487826198339462,0.6130935549736023,0.5949585437774658,298.5019836425781,25.351983642578148,SMAP_L4_SM_gph_20241201T133000_Vv8011_001.h5
2024-12-02,2024-12-02 13:28:55+00:00,8.748,-75.878,0.2314362078905105,0.244547888636589,0.5534937381744385,0.584888219833374,298.61737060546875,25.467370605468773,SMAP_L4_SM_gph_20241202T133000_Vv8011_001.h5
2024-12-03,2024-12-03 13:28:55+00:00,8.748,-75.878,0.2404018938541412,0.2434101849794387,0.5750259757041931,0.5821740627288818,298.1713562011719,25.021356201171898,SMAP_L4_SM_gph_20241203T133000_Vv8011_001.h5
2024-12-04,2024-12-04 13:28:55+00:00,8.748,-75.878,0.2145753353834152,0.2399046272039413,0.5132125020027161,0.5738043189048767,298.1579284667969,25.007928466796898,SMAP_L4_SM_gph_20241204T133000_Vv8011_001.h5
2024-12-05,2024-12-05 13:28:55+00:00,8.748,-75.878,0.2101334184408188,0.2377529740333557,0.5025323033332825,0.5684788227081299,298.3717041015625,25.221704101562523,SMAP_L4_SM_gph_20241205T133000_Vv8011_001.h5
2024-12-06,2024-12-06 13:28:55+00:00,8.748,-75.878,0.2098797112703323,0.2358112037181854,0.5020703673362732,0.5638695955276489,298.1131896972656,24.963189697265648,SMAP_L4_SM_gph_20241206T133000_Vv8011_001.h5
2024-12-07,2024-12-07 13:28:55+00:00,8.748,-75.878,0.2085132747888565,0.2338784486055374,0.4987306594848633,0.5595280528068542,297.73486328125,24.584863281250023,SMAP_L4_SM_gph_20241207T133000_Vv8011_001.h5
2024-12-08,2024-12-08 13:28:55+00:00,8.748,-75.878,0.2003613710403442,0.2315277606248855,0.4792568981647491,0.5535871982574463,297.1212463378906,23.971246337890648,SMAP_L4_SM_gph_20241208T133000_Vv8011_001.h5
2024-12-09,2024-12-09 13:28:55+00:00,8.748,-75.878,0.1965586841106414,0.2293077409267425,0.4701564908027649,0.5484012961387634,297.3493957519531,24.199395751953148,SMAP_L4_SM_gph_20241209T133000_Vv8011_001.h5
2024-12-10,2024-12-10 13:28:55+00:00,8.748,-75.878,0.1911508738994598,0.227194681763649,0.4572530686855316,0.5434201955795288,298.2646484375,25.114648437500023,SMAP_L4_SM_gph_20241210T133000_Vv8011_001.h5
2024-12-11,2024-12-11 13:28:55+00:00,8.748,-75.878,0.1881581842899322,0.2249960303306579,0.45011967420578,0.5382896065711975,298.6601257324219,25.510125732421898,SMAP_L4_SM_gph_20241211T133000_Vv8011_001.h5
2024-12-12,2024-12-12 13:28:55+00:00,8.748,-75.878,0.1682326644659042,0.2217753380537033,0.4023255407810211,0.5304281711578369,298.4149169921875,25.264916992187523,SMAP_L4_SM_gph_20241212T133000_Vv8011_001.h5
2024-12-13,2024-12-13 13:28:55+00:00,8.748,-75.878,0.1677959114313125,0.2200579643249511,0.4014314711093902,0.5264144539833069,298.1820678710937,25.032067871093773,SMAP_L4_SM_gph_20241213T133000_Vv8011_001.h5
2024-12-14,2024-12-14 13:28:55+00:00,8.748,-75.878,0.170252725481987,0.2183251678943634,0.4071198999881744,0.522287905216217,297.46832275390625,24.31832275390628,SMAP_L4_SM_gph_20241214T133000_Vv8011_001.h5
2024-12-15,2024-12-15 13:28:55+00:00,8.748,-75.878,0.1562995463609695,0.2157813608646392,0.3739316165447235,0.5160771012306213,297.4021911621094,24.2521911621094,SMAP_L4_SM_gph_20241215T133000_Vv8011_001.h5
2024-12-16,2024-12-16 13:28:55+00:00,8.748,-75.878,0.1633514612913131,0.2144931405782699,0.3906648159027099,0.5131306648254395,297.4052124023437,24.255212402343773,SMAP_L4_SM_gph_20241216T133000_Vv8011_001.h5
2024-12-17,2024-12-17 13:28:55+00:00,8.748,-75.878,0.1672309339046478,0.2131021916866302,0.400081068277359,0.5096737146377563,297.9757080078125,24.825708007812523,SMAP_L4_SM_gph_20241217T133000_Vv8011_001.h5
2024-12-18,2024-12-18 13:28:55+00:00,8.748,-75.878,0.1529697477817535,0.2107435464859008,0.3658692538738251,0.5039926767349243,298.514404296875,25.364404296875023,SMAP_L4_SM_gph_20241218T133000_Vv8011_001.h5
2024-12-19,2024-12-19 13:28:55+00:00,8.748,-75.878,0.1692869663238525,0.2100675255060196,0.4048778116703033,0.5024661421775818,298.78448486328125,25.63448486328128,SMAP_L4_SM_gph_20241219T133000_Vv8011_001.h5
2024-12-20,2024-12-20 13:28:55+00:00,8.748,-75.878,0.1918172091245651,0.2098407298326492,0.4587288200855255,0.5019504427909851,298.81494140625,25.664941406250023,SMAP_L4_SM_gph_20241220T133000_Vv8011_001.h5
2024-12-21,2024-12-21 13:28:55+00:00,8.748,-75.878,0.2262398302555084,0.2115248292684555,0.5410882830619812,0.505950391292572,298.1857604980469,25.035760498046898,SMAP_L4_SM_gph_20241221T133000_Vv8011_001.h5
2024-12-22,2024-12-22 13:28:55+00:00,8.748,-75.878,0.2470107078552246,0.2141364812850952,0.5906800627708435,0.5122514963150024,297.76080322265625,24.61080322265628,SMAP_L4_SM_gph_20241222T133000_Vv8011_001.h5
2024-12-23,2024-12-23 13:28:55+00:00,8.748,-75.878,0.2428039014339447,0.2134756445884704,0.5807591080665588,0.5105699300765991,297.5117492675781,24.361749267578148,SMAP_L4_SM_gph_20241223T133000_Vv8011_001.h5
2024-12-24,2024-12-24 13:28:55+00:00,8.748,-75.878,0.2364004403352737,0.2131605446338653,0.5655150413513184,0.5099831223487854,297.6388854980469,24.488885498046898,SMAP_L4_SM_gph_20241224T133000_Vv8011_001.h5
2024-12-25,2024-12-25 13:28:55+00:00,8.748,-75.878,0.2354379892349243,0.2128480523824691,0.563220202922821,0.5091460347175598,297.70269775390625,24.55269775390628,SMAP_L4_SM_gph_20241225T133000_Vv8011_001.h5
2024-12-26,2024-12-26 13:28:55+00:00,8.748,-75.878,0.1961243748664856,0.2087981402873993,0.4691345393657684,0.4993606507778168,297.8103332519531,24.660333251953148,SMAP_L4_SM_gph_20241226T133000_Vv8011_001.h5
2024-12-27,2024-12-27 13:28:55+00:00,8.748,-75.878,0.2054213583469391,0.2078626453876495,0.4912504255771637,0.4971751272678375,297.5391540527344,24.3891540527344,SMAP_L4_SM_gph_20241227T133000_Vv8011_001.h5
2024-12-28,2024-12-28 13:28:55+00:00,8.748,-75.878,0.1892840564250946,0.2054576724767685,0.4526412189006805,0.4913713634014129,297.5878295898437,24.437829589843773,SMAP_L4_SM_gph_20241228T133000_Vv8011_001.h5
2024-12-29,2024-12-29 13:28:55+00:00,8.748,-75.878,0.2055774331092834,0.2050630450248718,0.4917752742767334,0.4904550015926361,297.57427978515625,24.42427978515628,SMAP_L4_SM_gph_20241229T133000_Vv8011_001.h5
2024-12-30,2024-12-30 13:28:55+00:00,8.748,-75.878,0.2141144126653671,0.2053635418415069,0.5121050477027893,0.491211861371994,297.25518798828125,24.10518798828128,SMAP_L4_SM_gph_20241230T133000_Vv8011_001.h5
2024-12-31,2024-12-31 13:28:55+00:00,8.748,-75.878,0.2304659187793731,0.2067255973815918,0.5512160062789917,0.4944358170032501,297.4830017089844,24.3330017089844,SMAP_L4_SM_gph_20241231T133000_Vv8011_001.h5
2025-01-01,2025-01-01 13:28:55+00:00,8.748,-75.878,0.2475957423448562,0.2103933244943618,0.5921908020973206,0.5032028555870056,297.42926025390625,24.27926025390628,SMAP_L4_SM_gph_20250101T133000_Vv8011_001.h5
2025-01-02,2025-01-02 13:28:55+00:00,8.748,-75.878,0.2420731782913208,0.210210382938385,0.5790702700614929,0.5028736591339111,297.3890380859375,24.239038085937523,SMAP_L4_SM_gph_20250102T133000_Vv8011_001.h5
2025-01-03,2025-01-03 13:28:55+00:00,8.748,-75.878,0.2469508051872253,0.208803042769432,0.5906522870063782,0.4993979036808014,297.5936279296875,24.443627929687523,SMAP_L4_SM_gph_20250103T133000_Vv8011_001.h5
2025-01-04,2025-01-04 13:28:55+00:00,8.748,-75.878,0.2420192062854766,0.2093187719583511,0.5788337588310242,0.5006420612335205,297.2792358398437,24.129235839843773,SMAP_L4_SM_gph_20250104T133000_Vv8011_001.h5
2025-01-05,2025-01-05 13:28:55+00:00,8.748,-75.878,0.2327782660722732,0.2076953053474426,0.5568055510520935,0.4967739582061767,297.3016357421875,24.151635742187523,SMAP_L4_SM_gph_20250105T133000_Vv8011_001.h5
2025-01-06,2025-01-06 13:28:55+00:00,8.748,-75.878,0.2364519983530044,0.2078649997711181,0.5654941201210022,0.49716717004776,297.65142822265625,24.50142822265628,SMAP_L4_SM_gph_20250106T133000_Vv8011_001.h5
2025-01-07,2025-01-07 13:28:55+00:00,8.748,-75.878,0.2165074944496154,0.2055638879537582,0.5178177356719971,0.4916718900203705,298.0162353515625,24.866235351562523,SMAP_L4_SM_gph_20250107T133000_Vv8011_001.h5
2025-01-08,2025-01-08 13:28:55+00:00,8.748,-75.878,0.2048145085573196,0.2036080062389373,0.4898257851600647,0.4869769811630249,297.85089111328125,24.70089111328128,SMAP_L4_SM_gph_20250108T133000_Vv8011_001.h5
2025-01-09,2025-01-09 13:28:55+00:00,8.748,-75.878,0.1919125169515609,0.2011229246854782,0.4590568542480469,0.4810405969619751,298.0697631835937,24.919763183593773,SMAP_L4_SM_gph_20250109T133000_Vv8011_001.h5
2025-01-10,2025-01-10 13:28:55+00:00,8.748,-75.878,0.1779508143663406,0.1985417306423187,0.4256080389022827,0.4748425781726837,297.9384460449219,24.788446044921898,SMAP_L4_SM_gph_20250110T133000_Vv8011_001.h5
2025-01-11,2025-01-11 13:28:55+00:00,8.748,-75.878,0.180363193154335,0.1970666944980621,0.4313707053661346,0.4713979959487915,298.0356750488281,24.885675048828148,SMAP_L4_SM_gph_20250111T133000_Vv8011_001.h5
2025-01-12,2025-01-12 13:28:55+00:00,8.748,-75.878,0.1717416793107986,0.1952799260616302,0.4107149243354797,0.4670819640159607,297.767822265625,24.617822265625023,SMAP_L4_SM_gph_20250112T133000_Vv8011_001.h5
2025-01-13,2025-01-13 13:28:55+00:00,8.748,-75.878,0.1691866666078567,0.1937583535909652,0.4045639932155609,0.4634310603141784,298.2543640136719,25.104364013671898,SMAP_L4_SM_gph_20250113T133000_Vv8011_001.h5
2025-01-14,2025-01-14 13:28:55+00:00,8.748,-75.878,0.1596766710281372,0.1918876320123672,0.3819659054279327,0.4590553343296051,298.3980712890625,25.248071289062523,SMAP_L4_SM_gph_20250114T133000_Vv8011_001.h5
2025-01-15,2025-01-15 13:28:55+00:00,8.748,-75.878,0.1527473032474517,0.1900970488786697,0.3653295636177063,0.4546928107738495,298.15234375,25.002343750000023,SMAP_L4_SM_gph_20250115T133000_Vv8011_001.h5
2025-01-16,2025-01-16 13:28:55+00:00,8.748,-75.878,0.1580550670623779,0.1890634000301361,0.3780407309532165,0.4521394968032837,298.1170349121094,24.9670349121094,SMAP_L4_SM_gph_20250116T133000_Vv8011_001.h5
2025-01-17,2025-01-17 13:28:55+00:00,8.748,-75.878,0.1530819535255432,0.1876249015331268,0.3661301434040069,0.448716938495636,297.9296875,24.779687500000023,SMAP_L4_SM_gph_20250117T133000_Vv8011_001.h5
2025-01-18,2025-01-18 13:28:55+00:00,8.748,-75.878,0.1472989916801452,0.1861636191606521,0.3523620367050171,0.4452227354049682,297.9068603515625,24.756860351562523,SMAP_L4_SM_gph_20250118T133000_Vv8011_001.h5
2025-01-19,2025-01-19 13:28:55+00:00,8.748,-75.878,0.1415222883224487,0.1847270429134369,0.3384781777858734,0.4418781697750091,297.8154296875,24.665429687500023,SMAP_L4_SM_gph_20250119T133000_Vv8011_001.h5
2025-01-20,2025-01-20 13:28:55+00:00,8.748,-75.878,0.1373042911291122,0.1833456456661224,0.328434020280838,0.4384818971157074,297.95166015625,24.801660156250023,SMAP_L4_SM_gph_20250120T133000_Vv8011_001.h5
2025-01-21,2025-01-21 13:28:55+00:00,8.748,-75.878,0.1297038942575454,0.1817069351673126,0.3101745843887329,0.4345997273921966,298.1100158691406,24.960015869140648,SMAP_L4_SM_gph_20250121T133000_Vv8011_001.h5
2025-01-22,2025-01-22 13:28:55+00:00,8.748,-75.878,0.1248072907328605,0.1802490055561065,0.2984539866447449,0.4311509430408478,298.1259155273437,24.975915527343773,SMAP_L4_SM_gph_20250122T133000_Vv8011_001.h5
2025-01-23,2025-01-23 13:28:55+00:00,8.748,-75.878,0.1231083199381828,0.1788671463727951,0.294450968503952,0.4278270304203033,298.2583312988281,25.108331298828148,SMAP_L4_SM_gph_20250123T133000_Vv8011_001.h5
2025-01-24,2025-01-24 13:28:55+00:00,8.748,-75.878,0.1409400552511215,0.1789215803146362,0.3371109664440155,0.427858293056488,298.55621337890625,25.40621337890628,SMAP_L4_SM_gph_20250124T133000_Vv8011_001.h5
2025-01-25,2025-01-25 13:28:55+00:00,8.748,-75.878,0.1334454268217086,0.1775386333465576,0.3190856575965881,0.424579918384552,298.6993103027344,25.5493103027344,SMAP_L4_SM_gph_20250125T133000_Vv8011_001.h5
2025-01-26,2025-01-26 13:28:55+00:00,8.748,-75.878,0.1281744390726089,0.1762535274028778,0.306574285030365,0.4215560555458069,298.69439697265625,25.54439697265628,SMAP_L4_SM_gph_20250126T133000_Vv8011_001.h5
2025-01-27,2025-01-27 13:28:55+00:00,8.748,-75.878,0.1210983619093895,0.1747113615274429,0.2896497547626495,0.4179252386093139,298.3097839355469,25.159783935546898,SMAP_L4_SM_gph_20250127T133000_Vv8011_001.h5
2025-01-28,2025-01-28 13:28:55+00:00,8.748,-75.878,0.1434247642755508,0.1752036362886428,0.343082457780838,0.4190342128276825,298.5770263671875,25.427026367187523,SMAP_L4_SM_gph_20250128T133000_Vv8011_001.h5
2025-01-29,2025-01-29 13:28:55+00:00,8.748,-75.878,0.1471420675516128,0.1748431622982025,0.3518744111061096,0.4182329773902893,299.2229309082031,26.072930908203148,SMAP_L4_SM_gph_20250129T133000_Vv8011_001.h5
2025-01-30,2025-01-30 13:28:55+00:00,8.748,-75.878,0.1337993443012237,0.1733454912900924,0.320096343755722,0.4146543741226196,299.1884155273437,26.038415527343773,SMAP_L4_SM_gph_20250130T133000_Vv8011_001.h5
2025-01-31,2025-01-31 13:28:55+00:00,8.748,-75.878,0.1285151988267898,0.1722515821456909,0.3073540329933166,0.4119934439659118,299.4190368652344,26.2690368652344,SMAP_L4_SM_gph_20250131T133000_Vv8011_001.h5
2025-02-01,2025-02-01 13:28:55+00:00,8.748,-75.878,0.117417961359024,0.1709391325712204,0.2808257043361664,0.408776193857193,299.1141967773437,25.964196777343773,SMAP_L4_SM_gph_20250201T133000_Vv8011_001.h5
2025-02-02,2025-02-02 13:28:55+00:00,8.748,-75.878,0.1148664280772209,0.1699573397636413,0.2746967673301697,0.4064798057079315,299.1103820800781,25.960382080078148,SMAP_L4_SM_gph_20250202T133000_Vv8011_001.h5
2025-02-03,2025-02-03 13:28:55+00:00,8.748,-75.878,0.1330074518918991,0.1704984456300735,0.3181646764278412,0.4077526032924652,298.7431335449219,25.593133544921898,SMAP_L4_SM_gph_20250203T133000_Vv8011_001.h5
2025-02-04,2025-02-04 13:28:55+00:00,8.748,-75.878,0.1418018490076065,0.1702032089233398,0.3391264379024505,0.4069978594779968,298.60693359375,25.456933593750023,SMAP_L4_SM_gph_20250204T133000_Vv8011_001.h5
2025-02-05,2025-02-05 13:28:55+00:00,8.748,-75.878,0.1431953161954879,0.1698605269193649,0.3425219058990478,0.4062417149543762,298.78338623046875,25.633386230468773,SMAP_L4_SM_gph_20250205T133000_Vv8011_001.h5
2025-02-06,2025-02-06 13:28:55+00:00,8.748,-75.878,0.1230891793966293,0.1678545475006103,0.2943737804889679,0.4014959931373596,298.9447021484375,25.794702148437523,SMAP_L4_SM_gph_20250206T133000_Vv8011_001.h5
2025-02-07,2025-02-07 13:28:55+00:00,8.748,-75.878,0.1209330707788467,0.1673280000686645,0.2892545759677887,0.4001564383506775,298.9004211425781,25.750421142578148,SMAP_L4_SM_gph_20250207T133000_Vv8011_001.h5
2025-02-08,2025-02-08 13:28:55+00:00,8.748,-75.878,0.1233987957239151,0.1667547076940536,0.2951400876045227,0.3988412022590637,298.8894348144531,25.739434814453148,SMAP_L4_SM_gph_20250208T133000_Vv8011_001.h5
2025-02-09,2025-02-09 13:28:55+00:00,8.748,-75.878,0.129455417394638,0.166248932480812,0.3096435070037842,0.3976071178913116,298.6478271484375,25.497827148437523,SMAP_L4_SM_gph_20250209T133000_Vv8011_001.h5
2025-02-10,2025-02-10 13:28:55+00:00,8.748,-75.878,0.1547877937555313,0.1674280017614364,0.370105892419815,0.4004285335540771,298.6222229003906,25.472222900390648,SMAP_L4_SM_gph_20250210T133000_Vv8011_001.h5
2025-02-11,2025-02-11 13:28:55+00:00,8.748,-75.878,0.1403286904096603,0.1664760410785675,0.3355501890182495,0.3981244266033172,298.5631103515625,25.413110351562523,SMAP_L4_SM_gph_20250211T133000_Vv8011_001.h5
2025-02-12,2025-02-12 13:28:55+00:00,8.748,-75.878,0.1316466778516769,0.1656150072813034,0.314922571182251,0.3960690200328827,298.831787109375,25.681787109375023,SMAP_L4_SM_gph_20250212T133000_Vv8011_001.h5
2025-02-13,2025-02-13 13:28:55+00:00,8.748,-75.878,0.1212785542011261,0.1646643877029419,0.2900157570838928,0.3938913643360138,298.90399169921875,25.753991699218773,SMAP_L4_SM_gph_20250213T133000_Vv8011_001.h5
2025-02-14,2025-02-14 13:28:55+00:00,8.748,-75.878,0.1187265142798423,0.1640031337738037,0.2839883267879486,0.3923051655292511,298.5125427246094,25.3625427246094,SMAP_L4_SM_gph_20250214T133000_Vv8011_001.h5
2025-02-15,2025-02-15 13:28:55+00:00,8.748,-75.878,0.1518399715423584,0.1657949984073639,0.3631750047206878,0.3965976238250732,298.1947937011719,25.044793701171898,SMAP_L4_SM_gph_20250215T133000_Vv8011_001.h5
2025-02-16,2025-02-16 13:28:55+00:00,8.748,-75.878,0.1435462236404419,0.1649841666221618,0.3432383835315704,0.3946247696876526,297.86846923828125,24.71846923828128,SMAP_L4_SM_gph_20250216T133000_Vv8011_001.h5
2025-02-17,2025-02-17 13:28:55+00:00,8.748,-75.878,0.126755490899086,0.1637041717767715,0.3031323850154876,0.391492635011673,298.3502197265625,25.200219726562523,SMAP_L4_SM_gph_20250217T133000_Vv8011_001.h5
2025-02-18,2025-02-18 13:28:55+00:00,8.748,-75.878,0.1534771025180816,0.1653421968221664,0.3670704662799835,0.3954101502895355,298.4361877441406,25.286187744140648,SMAP_L4_SM_gph_20250218T133000_Vv8011_001.h5
2025-02-19,2025-02-19 13:28:55+00:00,8.748,-75.878,0.1395319253206253,0.1643372476100921,0.3337065577507019,0.3930540680885315,298.4526672363281,25.302667236328148,SMAP_L4_SM_gph_20250219T133000_Vv8011_001.h5
2025-02-20,2025-02-20 13:28:55+00:00,8.748,-75.878,0.1329321265220642,0.1635804325342178,0.3180348873138428,0.3912716507911682,298.5882873535156,25.438287353515648,SMAP_L4_SM_gph_20250220T133000_Vv8011_001.h5
2025-02-21,2025-02-21 13:28:55+00:00,8.748,-75.878,0.1312784105539322,0.1632220149040222,0.3139712214469909,0.3903999328613281,298.635009765625,25.485009765625023,SMAP_L4_SM_gph_20250221T133000_Vv8011_001.h5
2025-02-22,2025-02-22 13:28:55+00:00,8.748,-75.878,0.1376057416200637,0.1628982722759246,0.3291241824626922,0.3895343244075775,298.9634704589844,25.8134704589844,SMAP_L4_SM_gph_20250222T133000_Vv8011_001.h5
2025-02-23,2025-02-23 13:28:55+00:00,8.748,-75.878,0.1664186269044876,0.1650188267230987,0.3979673981666565,0.3946676254272461,299.01666259765625,25.86666259765628,SMAP_L4_SM_gph_20250223T133000_Vv8011_001.h5
2025-02-24,2025-02-24 13:28:55+00:00,8.748,-75.878,0.2047749608755111,0.1812843978404998,0.489830732345581,0.4335648715496063,298.6031494140625,25.453149414062523,SMAP_L4_SM_gph_20250224T133000_Vv8011_001.h5
2025-02-25,2025-02-25 13:28:55+00:00,8.748,-75.878,0.1658698618412017,0.1734846830368042,0.3967580497264862,0.4149214625358581,298.5928955078125,25.442895507812523,SMAP_L4_SM_gph_20250225T133000_Vv8011_001.h5
2025-02-26,2025-02-26 13:28:55+00:00,8.748,-75.878,0.2031265050172805,0.1763080954551696,0.4858017265796661,0.4217613041400909,298.4888000488281,25.338800048828148,SMAP_L4_SM_gph_20250226T133000_Vv8011_001.h5
2025-02-27,2025-02-27 13:28:55+00:00,8.748,-75.878,0.1991199553012848,0.1787828952074051,0.4762290418148041,0.4275859594345093,298.5938415527344,25.4438415527344,SMAP_L4_SM_gph_20250227T133000_Vv8011_001.h5
2025-02-28,2025-02-28 13:28:55+00:00,8.748,-75.878,0.1843827962875366,0.1767701059579849,0.4410430192947387,0.4228661358356476,298.9085693359375,25.758569335937523,SMAP_L4_SM_gph_20250228T133000_Vv8011_001.h5
2025-03-01,2025-03-01 13:28:55+00:00,8.748,-75.878,0.1657627820968628,0.1745595335960388,0.3964827060699463,0.4174978137016296,298.5361633300781,25.386163330078148,SMAP_L4_SM_gph_20250301T133000_Vv8011_001.h5
2025-03-02,2025-03-02 13:28:55+00:00,8.748,-75.878,0.1613344401121139,0.173238456249237,0.3858552575111389,0.4142964780330658,298.72314453125,25.573144531250023,SMAP_L4_SM_gph_20250302T133000_Vv8011_001.h5
2025-03-03,2025-03-03 13:28:55+00:00,8.748,-75.878,0.174190416932106,0.1735606342554092,0.4166294038295746,0.4151109755039215,298.8546447753906,25.704644775390648,SMAP_L4_SM_gph_20250303T133000_Vv8011_001.h5
2025-03-04,2025-03-04 13:28:55+00:00,8.748,-75.878,0.1751409769058227,0.1730798631906509,0.4188734591007232,0.4139942526817322,298.5069885253906,25.356988525390648,SMAP_L4_SM_gph_20250304T133000_Vv8011_001.h5
2025-03-05,2025-03-05 13:28:55+00:00,8.748,-75.878,0.1870329976081848,0.1745522767305374,0.4474000036716461,0.4174321293830871,298.3869934082031,25.236993408203148,SMAP_L4_SM_gph_20250305T133000_Vv8011_001.h5
2025-03-06,2025-03-06 13:28:55+00:00,8.748,-75.878,0.1713515520095825,0.1736791729927063,0.4098530113697052,0.4153925478458404,298.5209350585937,25.370935058593773,SMAP_L4_SM_gph_20250306T133000_Vv8011_001.h5
2025-03-07,2025-03-07 13:28:55+00:00,8.748,-75.878,0.1613837778568267,0.172568067908287,0.3860014081001282,0.4127214848995209,298.3607177734375,25.210717773437523,SMAP_L4_SM_gph_20250307T133000_Vv8011_001.h5
2025-03-08,2025-03-08 13:28:55+00:00,8.748,-75.878,0.1357762962579727,0.1704436689615249,0.3247987031936645,0.4076630175113678,298.3868713378906,25.236871337890648,SMAP_L4_SM_gph_20250308T133000_Vv8011_001.h5
2025-03-09,2025-03-09 13:28:55+00:00,8.748,-75.878,0.1266051232814788,0.1689246296882629,0.3028112053871155,0.4040187001228332,299.1291809082031,25.979180908203148,SMAP_L4_SM_gph_20250309T133000_Vv8011_001.h5
2025-03-10,2025-03-10 13:28:55+00:00,8.748,-75.878,0.1215301305055618,0.1677599251270294,0.2906411588191986,0.4013198316097259,299.46649169921875,26.316491699218773,SMAP_L4_SM_gph_20250310T133000_Vv8011_001.h5
2025-03-11,2025-03-11 13:28:55+00:00,8.748,-75.878,0.1161590293049812,0.1666620224714279,0.2778441905975342,0.3986363410949707,299.20098876953125,26.05098876953128,SMAP_L4_SM_gph_20250311T133000_Vv8011_001.h5
2025-03-12,2025-03-12 13:28:55+00:00,8.748,-75.878,0.113168753683567,0.1659360378980636,0.2706790864467621,0.396906703710556,299.01544189453125,25.86544189453128,SMAP_L4_SM_gph_20250312T133000_Vv8011_001.h5
2025-03-13,2025-03-13 13:28:55+00:00,8.748,-75.878,0.1118828281760215,0.1652619242668151,0.2676556408405304,0.3952280879020691,299.15252685546875,26.002526855468773,SMAP_L4_SM_gph_20250313T133000_Vv8011_001.h5
2025-03-14,2025-03-14 13:28:55+00:00,8.748,-75.878,0.1116735264658927,0.1647976040840149,0.2670827805995941,0.3941545784473419,298.9520874023437,25.802087402343773,SMAP_L4_SM_gph_20250314T133000_Vv8011_001.h5
2025-03-15,2025-03-15 13:28:55+00:00,8.748,-75.878,0.1053097397089004,0.1640700399875641,0.2518830299377441,0.3925428986549377,299.10174560546875,25.951745605468773,SMAP_L4_SM_gph_20250315T133000_Vv8011_001.h5
2025-03-16,2025-03-16 13:28:55+00:00,8.748,-75.878,0.1014038696885109,0.16317018866539,0.2425442337989807,0.3902271389961242,298.86297607421875,25.712976074218773,SMAP_L4_SM_gph_20250316T133000_Vv8011_001.h5
2025-03-17,2025-03-17 13:28:55+00:00,8.748,-75.878,0.1956479102373123,0.1689745783805847,0.4679611027240753,0.4041589796543121,298.7518920898437,25.601892089843773,SMAP_L4_SM_gph_20250317T133000_Vv8011_001.h5
2025-03-18,2025-03-18 13:28:55+00:00,8.748,-75.878,0.2019369900226593,0.1773464828729629,0.4830172657966614,0.424167662858963,298.71856689453125,25.56856689453128,SMAP_L4_SM_gph_20250318T133000_Vv8011_001.h5
2025-03-19,2025-03-19 13:28:55+00:00,8.748,-75.878,0.1776152402162552,0.174715369939804,0.4248095452785492,0.4179247319698334,298.0482788085937,24.898278808593773,SMAP_L4_SM_gph_20250319T133000_Vv8011_001.h5
2025-03-20,2025-03-20 13:28:55+00:00,8.748,-75.878,0.1563503444194793,0.1720346510410308,0.3739184737205505,0.4115049242973327,298.87030029296875,25.720300292968773,SMAP_L4_SM_gph_20250320T133000_Vv8011_001.h5
2025-03-21,2025-03-21 13:28:55+00:00,8.748,-75.878,0.1593355387449264,0.1708908528089523,0.3810600638389587,0.4087862372398376,299.2885437011719,26.138543701171898,SMAP_L4_SM_gph_20250321T133000_Vv8011_001.h5
2025-03-22,2025-03-22 13:28:55+00:00,8.748,-75.878,0.1853437721729278,0.1734300851821899,0.4433950781822204,0.4148266315460205,299.52313232421875,26.373132324218773,SMAP_L4_SM_gph_20250322T133000_Vv8011_001.h5
2025-03-23,2025-03-23 13:28:55+00:00,8.748,-75.878,0.1569739282131195,0.1710569262504577,0.3755342066287994,0.4091452360153198,299.8389892578125,26.688989257812523,SMAP_L4_SM_gph_20250323T133000_Vv8011_001.h5
2025-03-24,2025-03-24 13:28:55+00:00,8.748,-75.878,0.1341054439544677,0.1688384711742401,0.3207383155822754,0.4038410186767578,299.795654296875,26.645654296875023,SMAP_L4_SM_gph_20250324T133000_Vv8011_001.h5
2025-03-25,2025-03-25 13:28:55+00:00,8.748,-75.878,0.1315932273864746,0.1676548421382904,0.3146577179431915,0.4010557532310486,300.4808959960937,27.330895996093773,SMAP_L4_SM_gph_20250325T133000_Vv8011_001.h5
2025-03-26,2025-03-26 13:28:55+00:00,8.748,-75.878,0.1580323725938797,0.1692121028900146,0.3779126107692718,0.404640644788742,300.6067810058594,27.4567810058594,SMAP_L4_SM_gph_20250326T133000_Vv8011_001.h5
2025-03-27,2025-03-27 13:28:55+00:00,8.748,-75.878,0.1572238802909851,0.1685405671596527,0.3760272264480591,0.403175413608551,299.55157470703125,26.40157470703128,SMAP_L4_SM_gph_20250327T133000_Vv8011_001.h5
2025-03-28,2025-03-28 13:28:55+00:00,8.748,-75.878,0.1539777666330337,0.1680942475795745,0.3683443963527679,0.4019900858402252,299.3978881835937,26.247888183593773,SMAP_L4_SM_gph_20250328T133000_Vv8011_001.h5
2025-03-29,2025-03-29 13:28:55+00:00,8.748,-75.878,0.1878573447465896,0.1722044348716735,0.4493282437324524,0.4118840098381042,299.1126708984375,25.962670898437523,SMAP_L4_SM_gph_20250329T133000_Vv8011_001.h5
2025-03-30,2025-03-30 13:28:55+00:00,8.748,-75.878,0.1963129043579101,0.1725624799728393,0.4695506393909454,0.4127543270587921,299.3012390136719,26.151239013671898,SMAP_L4_SM_gph_20250330T133000_Vv8011_001.h5
2025-03-31,2025-03-31 13:28:55+00:00,8.748,-75.878,0.1907126009464264,0.1750088036060333,0.4561407566070556,0.4185893535614013,299.162841796875,26.012841796875023,SMAP_L4_SM_gph_20250331T133000_Vv8011_001.h5
2025-04-01,2025-04-01 13:28:55+00:00,8.748,-75.878,0.147756427526474,0.1705596596002578,0.3533344566822052,0.4079490602016449,299.04791259765625,25.89791259765628,SMAP_L4_SM_gph_20250401T133000_Vv8011_001.h5
2025-04-02,2025-04-02 13:28:55+00:00,8.748,-75.878,0.1451877802610397,0.1694736331701278,0.3471470773220062,0.4053333699703216,299.36474609375,26.214746093750023,SMAP_L4_SM_gph_20250402T133000_Vv8011_001.h5
2025-04-03,2025-04-03 13:28:55+00:00,8.748,-75.878,0.1588573604822158,0.1697495132684707,0.3798887431621551,0.4059893488883972,299.2297668457031,26.079766845703148,SMAP_L4_SM_gph_20250403T133000_Vv8011_001.h5
2025-04-04,2025-04-04 13:28:55+00:00,8.748,-75.878,0.1787433326244354,0.1712030619382858,0.4275510907173157,0.4094149172306061,299.39178466796875,26.241784667968773,SMAP_L4_SM_gph_20250404T133000_Vv8011_001.h5
2025-04-05,2025-04-05 13:28:55+00:00,8.748,-75.878,0.1758369952440261,0.1717530190944671,0.4206250607967376,0.410770446062088,299.3127136230469,26.162713623046898,SMAP_L4_SM_gph_20250405T133000_Vv8011_001.h5
2025-04-06,2025-04-06 13:28:55+00:00,8.748,-75.878,0.1522673666477203,0.1699494272470474,0.3643108606338501,0.4064106047153473,299.5594787597656,26.409478759765648,SMAP_L4_SM_gph_20250406T133000_Vv8011_001.h5
2025-04-07,2025-04-07 13:28:55+00:00,8.748,-75.878,0.2003218382596969,0.1762671023607254,0.4790510833263397,0.4216281175613403,299.3551025390625,26.205102539062523,SMAP_L4_SM_gph_20250407T133000_Vv8011_001.h5
2025-04-08,2025-04-08 13:28:55+00:00,8.748,-75.878,0.1740182340145111,0.174156904220581,0.416122555732727,0.4165690541267395,299.1981201171875,26.048120117187523,SMAP_L4_SM_gph_20250408T133000_Vv8011_001.h5
2025-04-09,2025-04-09 13:28:55+00:00,8.748,-75.878,0.1539887338876724,0.1719094812870025,0.368230938911438,0.4111041724681854,299.7180480957031,26.568048095703148,SMAP_L4_SM_gph_20250409T133000_Vv8011_001.h5
2025-04-10,2025-04-10 13:28:55+00:00,8.748,-75.878,0.2313862144947052,0.1783911734819412,0.5534476637840271,0.4266752898693084,299.33941650390625,26.18941650390628,SMAP_L4_SM_gph_20250410T133000_Vv8011_001.h5
2025-04-11,2025-04-11 13:28:55+00:00,8.748,-75.878,0.2062514722347259,0.1797687262296676,0.4933740794658661,0.4299398064613342,298.8072204589844,25.6572204589844,SMAP_L4_SM_gph_20250411T133000_Vv8011_001.h5
2025-04-12,2025-04-12 13:28:55+00:00,8.748,-75.878,0.1921445727348327,0.1785957813262939,0.4594942927360534,0.4272196292877197,298.75860595703125,25.60860595703128,SMAP_L4_SM_gph_20250412T133000_Vv8011_001.h5
2025-04-13,2025-04-13 13:28:55+00:00,8.748,-75.878,0.1709380894899368,0.1759812831878662,0.408927857875824,0.4208610355854034,299.6542358398437,26.504235839843773,SMAP_L4_SM_gph_20250413T133000_Vv8011_001.h5
2025-04-14,2025-04-14 13:28:55+00:00,8.748,-75.878,0.1739904284477234,0.1754234880208969,0.4161868989467621,0.419618159532547,299.84552001953125,26.69552001953128,SMAP_L4_SM_gph_20250414T133000_Vv8011_001.h5
2025-04-15,2025-04-15 13:28:55+00:00,8.748,-75.878,0.152420625090599,0.1731182336807251,0.3645631968975067,0.4141617119312286,300.2530212402344,27.1030212402344,SMAP_L4_SM_gph_20250415T133000_Vv8011_001.h5
2025-04-16,2025-04-16 13:28:55+00:00,8.748,-75.878,0.1361007988452911,0.171143889427185,0.3255101442337036,0.4093457162380218,300.40106201171875,27.251062011718773,SMAP_L4_SM_gph_20250416T133000_Vv8011_001.h5
2025-04-17,2025-04-17 13:28:55+00:00,8.748,-75.878,0.1338971853256225,0.1702040731906891,0.3202821314334869,0.4070853292942047,300.6751708984375,27.525170898437523,SMAP_L4_SM_gph_20250417T133000_Vv8011_001.h5
2025-04-18,2025-04-18 13:28:55+00:00,8.748,-75.878,0.128725379705429,0.1690061241388321,0.3079775273799896,0.4043368101119995,300.5516357421875,27.401635742187523,SMAP_L4_SM_gph_20250418T133000_Vv8011_001.h5
2025-04-19,2025-04-19 13:28:55+00:00,8.748,-75.878,0.1597509682178497,0.1700265109539032,0.3820988535881042,0.4066484570503235,300.318603515625,27.168603515625023,SMAP_L4_SM_gph_20250419T133000_Vv8011_001.h5
2025-04-20,2025-04-20 13:28:55+00:00,8.748,-75.878,0.1871746629476547,0.1720394194126129,0.4477019011974334,0.4115649759769439,300.28729248046875,27.137292480468773,SMAP_L4_SM_gph_20250420T133000_Vv8011_001.h5
2025-04-21,2025-04-21 13:28:55+00:00,8.748,-75.878,0.1877103596925735,0.1742002964019775,0.4488949775695801,0.4167191386222839,299.88458251953125,26.73458251953128,SMAP_L4_SM_gph_20250421T133000_Vv8011_001.h5
2025-04-22,2025-04-22 13:28:55+00:00,8.748,-75.878,0.1801442950963974,0.1729450523853302,0.4308600425720215,0.4136514663696289,299.0984802246094,25.9484802246094,SMAP_L4_SM_gph_20250422T133000_Vv8011_001.h5
2025-04-23,2025-04-23 13:28:55+00:00,8.748,-75.878,0.1692004650831222,0.1722762584686279,0.4046992361545563,0.4121562540531158,298.4190673828125,25.269067382812523,SMAP_L4_SM_gph_20250423T133000_Vv8011_001.h5
2025-04-24,2025-04-24 13:28:55+00:00,8.748,-75.878,0.1589273661375045,0.1712991893291473,0.3802173733711242,0.4097136259078979,299.1507568359375,26.000756835937523,SMAP_L4_SM_gph_20250424T133000_Vv8011_001.h5
2025-04-25,2025-04-25 13:28:55+00:00,8.748,-75.878,0.1498871445655822,0.1700872033834457,0.3585119247436523,0.4067695736885071,299.4022216796875,26.252221679687523,SMAP_L4_SM_gph_20250425T133000_Vv8011_001.h5
2025-04-26,2025-04-26 13:28:55+00:00,8.748,-75.878,0.1672483533620834,0.1704933196306228,0.4001045227050781,0.4078130424022674,299.0528564453125,25.902856445312523,SMAP_L4_SM_gph_20250426T133000_Vv8011_001.h5
2025-04-27,2025-04-27 13:28:55+00:00,8.748,-75.878,0.2040960937738418,0.1747330874204635,0.4881117939949035,0.4178966581821441,298.5069580078125,25.356958007812523,SMAP_L4_SM_gph_20250427T133000_Vv8011_001.h5
2025-04-28,2025-04-28 13:28:55+00:00,8.748,-75.878,0.2313695698976516,0.1814479529857635,0.5535609722137451,0.4340496659278869,298.99664306640625,25.84664306640628,SMAP_L4_SM_gph_20250428T133000_Vv8011_001.h5
2025-04-29,2025-04-29 13:28:55+00:00,8.748,-75.878,0.2390718013048172,0.1893855035305023,0.5718730092048645,0.4530155956745147,298.9151916503906,25.765191650390648,SMAP_L4_SM_gph_20250429T133000_Vv8011_001.h5
2025-04-30,2025-04-30 13:28:55+00:00,8.748,-75.878,0.2258820831775665,0.1910098642110824,0.5402628779411316,0.4567753672599792,298.7020568847656,25.552056884765648,SMAP_L4_SM_gph_20250430T133000_Vv8011_001.h5
2025-05-01,2025-05-01 13:28:55+00:00,8.748,-75.878,0.2041981667280197,0.1873490363359451,0.4884966015815735,0.4480745792388916,298.6117248535156,25.461724853515648,SMAP_L4_SM_gph_20250501T133000_Vv8011_001.h5
2025-05-02,2025-05-02 13:28:55+00:00,8.748,-75.878,0.2158921658992767,0.1885806322097778,0.516376793384552,0.451107382774353,298.17449951171875,25.024499511718773,SMAP_L4_SM_gph_20250502T133000_Vv8011_001.h5
2025-05-03,2025-05-03 13:28:55+00:00,8.748,-75.878,0.1982410550117492,0.1864801496267318,0.4740421175956726,0.4460363686084747,298.4371643066406,25.287164306640648,SMAP_L4_SM_gph_20250503T133000_Vv8011_001.h5
2025-05-04,2025-05-04 13:28:55+00:00,8.748,-75.878,0.211501732468605,0.1870443671941757,0.505842924118042,0.4473433494567871,298.7212829589844,25.5712829589844,SMAP_L4_SM_gph_20250504T133000_Vv8011_001.h5
2025-05-05,2025-05-05 13:28:55+00:00,8.748,-75.878,0.2050797194242477,0.1853926330804824,0.4905974864959717,0.4434645473957062,298.7501220703125,25.600122070312523,SMAP_L4_SM_gph_20250505T133000_Vv8011_001.h5
2025-05-06,2025-05-06 13:28:55+00:00,8.748,-75.878,0.2363349795341491,0.1918254494667053,0.5653389692306519,0.4589188396930694,298.2254943847656,25.075494384765648,SMAP_L4_SM_gph_20250506T133000_Vv8011_001.h5
2025-05-07,2025-05-07 13:28:55+00:00,8.748,-75.878,0.2124033272266388,0.1898871064186096,0.5081018209457397,0.4540745913982391,298.12225341796875,24.972253417968773,SMAP_L4_SM_gph_20250507T133000_Vv8011_001.h5
2025-05-08,2025-05-08 13:28:55+00:00,8.748,-75.878,0.2393639534711837,0.1954016387462616,0.5725258588790894,0.467399001121521,298.09375,24.943750000000023,SMAP_L4_SM_gph_20250508T133000_Vv8011_001.h5
2025-05-09,2025-05-09 13:28:55+00:00,8.748,-75.878,0.2188408523797989,0.1934262067079544,0.5234845280647278,0.4626171588897705,298.4295654296875,25.279565429687523,SMAP_L4_SM_gph_20250509T133000_Vv8011_001.h5
2025-05-10,2025-05-10 13:28:55+00:00,8.748,-75.878,0.1898710578680038,0.1888414621353149,0.4542396366596222,0.4517456293106079,299.3631896972656,26.213189697265648,SMAP_L4_SM_gph_20250510T133000_Vv8011_001.h5
2025-05-11,2025-05-11 13:28:55+00:00,8.748,-75.878,0.200309082865715,0.186562642455101,0.4790210127830505,0.4461875855922699,299.94049072265625,26.79049072265628,SMAP_L4_SM_gph_20250511T133000_Vv8011_001.h5
2025-05-12,2025-05-12 13:28:55+00:00,8.748,-75.878,0.1971427202224731,0.1858500838279724,0.4714987874031067,0.4445304870605469,300.22216796875,27.072167968750023,SMAP_L4_SM_gph_20250512T133000_Vv8011_001.h5
2025-05-13,2025-05-13 13:28:55+00:00,8.748,-75.878,0.2222044616937637,0.1867769807577133,0.5313624739646912,0.446683406829834,300.3395690917969,27.189569091796898,SMAP_L4_SM_gph_20250513T133000_Vv8011_001.h5
2025-05-14,2025-05-14 13:28:55+00:00,8.748,-75.878,0.2346435338258743,0.197297140955925,0.5611163973808289,0.4718874990940094,298.72723388671875,25.577233886718773,SMAP_L4_SM_gph_20250514T133000_Vv8011_001.h5
2025-05-15,2025-05-15 13:28:55+00:00,8.748,-75.878,0.2337154895067215,0.1961041390895843,0.5589712858200073,0.4689930379390716,298.5712280273437,25.421228027343773,SMAP_L4_SM_gph_20250515T133000_Vv8011_001.h5
2025-05-16,2025-05-16 13:28:55+00:00,8.748,-75.878,0.2109983712434768,0.1930737793445587,0.5046935677528381,0.4618467092514038,297.8419189453125,24.691918945312523,SMAP_L4_SM_gph_20250516T133000_Vv8011_001.h5
2025-05-17,2025-05-17 13:28:55+00:00,8.748,-75.878,0.2190874516963958,0.1936040818691253,0.5239315629005432,0.463054746389389,298.0560302734375,24.906030273437523,SMAP_L4_SM_gph_20250517T133000_Vv8011_002.h5
2025-05-18,2025-05-18 13:28:55+00:00,8.748,-75.878,0.226218581199646,0.1932872831821441,0.5410106778144836,0.4623404145240783,298.2165222167969,25.066522216796898,SMAP_L4_SM_gph_20250518T133000_Vv8011_002.h5
2025-05-19,2025-05-19 13:28:55+00:00,8.748,-75.878,0.2290817946195602,0.1956364959478378,0.5479720234870911,0.4678746461868286,298.0908203125,24.940820312500023,SMAP_L4_SM_gph_20250519T133000_Vv8011_002.h5
2025-05-20,2025-05-20 13:28:55+00:00,8.748,-75.878,0.2043120563030243,0.1931850910186767,0.488684594631195,0.4620259404182434,298.4237060546875,25.273706054687523,SMAP_L4_SM_gph_20250520T133000_Vv8011_001.h5
2025-05-21,2025-05-21 13:28:55+00:00,8.748,-75.878,0.2278002649545669,0.1921697705984115,0.5449371933937073,0.4595691561698913,298.5263061523437,25.376306152343773,SMAP_L4_SM_gph_20250521T133000_Vv8011_002.h5
2025-05-22,2025-05-22 13:28:55+00:00,8.748,-75.878,0.2240659445524215,0.1927755922079086,0.5359682440757751,0.4610955715179443,298.46405029296875,25.314050292968773,SMAP_L4_SM_gph_20250522T133000_Vv8011_001.h5
2025-05-23,2025-05-23 13:28:55+00:00,8.748,-75.878,0.2012445926666259,0.1907068043947219,0.4813252091407776,0.4561442732810974,299.3208923339844,26.1708923339844,SMAP_L4_SM_gph_20250523T133000_Vv8011_001.h5
2025-05-24,2025-05-24 13:28:55+00:00,8.748,-75.878,0.1833061873912811,0.1876382678747177,0.4384284615516662,0.4486790597438812,299.9049377441406,26.754937744140648,SMAP_L4_SM_gph_20250524T133000_Vv8011_001.h5
2025-05-25,2025-05-25 13:28:55+00:00,8.748,-75.878,0.1996954977512359,0.1876586675643921,0.4775436222553253,0.4488779008388519,299.4295654296875,26.279565429687523,SMAP_L4_SM_gph_20250525T133000_Vv8011_002.h5
2025-05-26,2025-05-26 13:28:55+00:00,8.748,-75.878,0.208083838224411,0.187509074807167,0.4977701604366302,0.4485023021697998,298.88818359375,25.738183593750023,SMAP_L4_SM_gph_20250526T133000_Vv8011_002.h5
2025-05-27,2025-05-27 13:28:55+00:00,8.748,-75.878,0.2151402533054351,0.1892815828323364,0.5146101713180542,0.4527315497398376,298.726806640625,25.576806640625023,SMAP_L4_SM_gph_20250527T133000_Vv8011_001.h5
2025-05-28,2025-05-28 13:28:55+00:00,8.748,-75.878,0.2097366601228714,0.1894667297601699,0.5017670392990112,0.4531531035900116,299.0106201171875,25.860620117187523,SMAP_L4_SM_gph_20250528T133000_Vv8011_001.h5
2025-05-29,2025-05-29 13:28:55+00:00,8.748,-75.878,0.1720441132783889,0.1851020157337188,0.4115664064884186,0.4426900744438171,299.45562744140625,26.30562744140628,SMAP_L4_SM_gph_20250529T133000_Vv8011_001.h5
2025-05-30,2025-05-30 13:28:55+00:00,8.748,-75.878,0.1720595806837082,0.1833446323871612,0.4115555584430694,0.4385284781455993,299.6299743652344,26.4799743652344,SMAP_L4_SM_gph_20250530T133000_Vv8011_001.h5
2025-05-31,2025-05-31 13:28:55+00:00,8.748,-75.878,0.1951532065868377,0.1843291521072387,0.4667645394802093,0.4408192336559295,299.110595703125,25.960595703125023,SMAP_L4_SM_gph_20250531T133000_Vv8011_001.h5
2025-06-01,2025-06-01 13:28:55+00:00,8.748,-75.878,0.2262375950813293,0.1881377547979354,0.5412752628326416,0.4500146806240082,298.7933959960937,25.643395996093773,SMAP_L4_SM_gph_20250601T133000_Vv8011_001.h5
2025-06-02,2025-06-02 13:28:55+00:00,8.748,-75.878,0.2091542035341262,0.1879182904958725,0.5002009868621826,0.4493698179721832,298.77081298828125,25.62081298828128,SMAP_L4_SM_gph_20250602T133000_Vv8011_001.h5
2025-06-03,2025-06-03 13:28:55+00:00,8.748,-75.878,0.2292328029870987,0.1880366504192352,0.5482000112533569,0.4497527182102203,299.26531982421875,26.115319824218773,SMAP_L4_SM_gph_20250603T133000_Vv8011_002.h5
2025-06-04,2025-06-04 13:28:55+00:00,8.748,-75.878,0.228907898068428,0.1965382993221283,0.5473806858062744,0.4701484739780426,298.75244140625,25.602441406250023,SMAP_L4_SM_gph_20250604T133000_Vv8011_002.h5
2025-06-05,2025-06-05 13:28:55+00:00,8.748,-75.878,0.2148330509662628,0.1930195391178131,0.5138282775878906,0.4616810977458954,298.1625671386719,25.012567138671898,SMAP_L4_SM_gph_20250605T133000_Vv8011_002.h5
2025-06-06,2025-06-06 13:28:55+00:00,8.748,-75.878,0.2015352100133896,0.1902184784412384,0.4820694029331207,0.454961746931076,297.93316650390625,24.78316650390628,SMAP_L4_SM_gph_20250606T133000_Vv8011_002.h5
2025-06-07,2025-06-07 13:28:55+00:00,8.748,-75.878,0.1902862936258316,0.1879204362630844,0.455137699842453,0.4493880271911621,298.85107421875,25.701074218750023,SMAP_L4_SM_gph_20250607T133000_Vv8011_001.h5
2025-06-08,2025-06-08 13:28:55+00:00,8.748,-75.878,0.1758476346731186,0.1853447407484054,0.4206219613552093,0.4432891309261322,299.51580810546875,26.365808105468773,SMAP_L4_SM_gph_20250608T133000_Vv8011_001.h5
2025-06-09,2025-06-09 13:28:55+00:00,8.748,-75.878,0.1976151466369629,0.1851047724485397,0.4726658463478088,0.4426669478416443,299.2361145019531,26.086114501953148,SMAP_L4_SM_gph_20250609T133000_Vv8011_001.h5
2025-06-10,2025-06-10 13:28:55+00:00,8.748,-75.878,0.2377211451530456,0.1917511224746704,0.5685446262359619,0.458627700805664,298.14947509765625,24.99947509765628,SMAP_L4_SM_gph_20250610T133000_Vv8011_001.h5
2025-06-11,2025-06-11 13:28:55+00:00,8.748,-75.878,0.2295708954334259,0.1934033632278442,0.5492408871650696,0.4625587463378906,297.9638671875,24.813867187500023,SMAP_L4_SM_gph_20250611T133000_Vv8011_002.h5
2025-06-12,2025-06-12 13:28:55+00:00,8.748,-75.878,0.2172436267137527,0.1911319196224212,0.5195233225822449,0.4571176767349243,298.1646728515625,25.014672851562523,SMAP_L4_SM_gph_20250612T133000_Vv8011_002.h5
2025-06-13,2025-06-13 13:28:55+00:00,8.748,-75.878,0.2403146624565124,0.2033536732196808,0.5747171640396118,0.4863892495632171,297.8881225585937,24.738122558593773,SMAP_L4_SM_gph_20250613T133000_Vv8011_002.h5
2025-06-14,2025-06-14 13:28:55+00:00,8.748,-75.878,0.2249999344348907,0.1987940222024917,0.5381304621696472,0.4753550291061401,297.6692199707031,24.519219970703148,SMAP_L4_SM_gph_20250614T133000_Vv8011_001.h5
2025-06-15,2025-06-15 13:28:55+00:00,8.748,-75.878,0.2105325311422348,0.1951856911182403,0.5034130215644836,0.4667274355888366,298.0848388671875,24.934838867187523,SMAP_L4_SM_gph_20250615T133000_Vv8011_002.h5
2025-06-16,2025-06-16 13:28:55+00:00,8.748,-75.878,0.202101469039917,0.1926961690187454,0.4833282232284546,0.4608523547649383,298.8741149902344,25.7241149902344,SMAP_L4_SM_gph_20250616T133000_Vv8011_002.h5
2025-06-17,2025-06-17 13:28:55+00:00,8.748,-75.878,0.223957747220993,0.1957478374242782,0.5355789065361023,0.4682031273841858,298.5491027832031,25.399102783203148,SMAP_L4_SM_gph_20250617T133000_Vv8011_002.h5
2025-06-18,2025-06-18 13:28:55+00:00,8.748,-75.878,0.2033290416002273,0.1930331587791443,0.4863873124122619,0.4617164731025696,298.4803466796875,25.330346679687523,SMAP_L4_SM_gph_20250618T133000_Vv8011_001.h5
2025-06-19,2025-06-19 13:28:55+00:00,8.748,-75.878,0.1904176771640777,0.1913439333438873,0.4554681181907654,0.4575736820697784,298.9922790527344,25.8422790527344,SMAP_L4_SM_gph_20250619T133000_Vv8011_001.h5
2025-06-20,2025-06-20 13:28:55+00:00,8.748,-75.878,0.2043965756893158,0.1905650645494461,0.4889357388019562,0.4557802081108093,299.36083984375,26.210839843750023,SMAP_L4_SM_gph_20250620T133000_Vv8011_002.h5
2025-06-21,2025-06-21 13:28:55+00:00,8.748,-75.878,0.2363166809082031,0.1964101046323776,0.5653884410858154,0.4697163701057434,299.2973022460937,26.147302246093773,SMAP_L4_SM_gph_20250621T133000_Vv8011_002.h5
2025-06-22,2025-06-22 13:28:55+00:00,8.748,-75.878,0.238044872879982,0.2019678652286529,0.5694282650947571,0.4830813109874725,298.2553100585937,25.105310058593773,SMAP_L4_SM_gph_20250622T133000_Vv8011_002.h5
2025-06-23,2025-06-23 13:28:55+00:00,8.748,-75.878,0.2472240924835205,0.2018336206674575,0.5913610458374023,0.4827666878700256,297.5621032714844,24.4121032714844,SMAP_L4_SM_gph_20250623T133000_Vv8011_001.h5
2025-06-24,2025-06-24 13:28:55+00:00,8.748,-75.878,0.2327027916908264,0.2005357593297958,0.5565199851989746,0.4795994758605957,297.72369384765625,24.57369384765628,SMAP_L4_SM_gph_20250624T133000_Vv8011_002.h5
2025-06-25,2025-06-25 13:28:55+00:00,8.748,-75.878,0.2163795828819275,0.1984008997678756,0.5175782442092896,0.474517285823822,298.1281433105469,24.978143310546898,SMAP_L4_SM_gph_20250625T133000_Vv8011_002.h5
2025-06-26,2025-06-26 13:28:55+00:00,8.748,-75.878,0.1978475451469421,0.1946047693490982,0.4733108580112457,0.4654610157012939,298.68719482421875,25.537194824218773,SMAP_L4_SM_gph_20250626T133000_Vv8011_002.h5
2025-06-27,2025-06-27 13:28:55+00:00,8.748,-75.878,0.2143821120262146,0.1947715580463409,0.5126950740814209,0.4658447802066803,298.9551086425781,25.805108642578148,SMAP_L4_SM_gph_20250627T133000_Vv8011_002.h5
2025-06-28,2025-06-28 13:28:55+00:00,8.748,-75.878,0.2132914513349533,0.1933695822954177,0.5100074410438538,0.4625575244426727,298.2987670898437,25.148767089843773,SMAP_L4_SM_gph_20250628T133000_Vv8011_002.h5
2025-06-29,2025-06-29 13:28:55+00:00,8.748,-75.878,0.2146376073360443,0.1927848309278488,0.5132505893707275,0.4610590040683746,298.86016845703125,25.71016845703128,SMAP_L4_SM_gph_20250629T133000_Vv8011_002.h5
2025-06-30,2025-06-30 13:28:55+00:00,8.748,-75.878,0.2019317597150802,0.1907751411199569,0.4829107820987701,0.456287682056427,299.1798400878906,26.029840087890648,SMAP_L4_SM_gph_20250630T133000_Vv8011_002.h5
2025-07-01,2025-07-01 13:28:55+00:00,8.748,-75.878,0.2323500961065292,0.1923659741878509,0.5557547807693481,0.4601769745349884,299.20123291015625,26.05123291015628,SMAP_L4_SM_gph_20250701T133000_Vv8011_001.h5
2025-07-02,2025-07-02 13:28:55+00:00,8.748,-75.878,0.2316154241561889,0.1966935396194458,0.5539778470993042,0.4703790247440338,298.9781188964844,25.8281188964844,SMAP_L4_SM_gph_20250702T133000_Vv8011_001.h5
2025-07-03,2025-07-03 13:28:55+00:00,8.748,-75.878,0.2203758507966995,0.1945790350437164,0.526970624923706,0.4653359949588775,298.5719909667969,25.421990966796898,SMAP_L4_SM_gph_20250703T133000_Vv8011_001.h5
2025-07-04,2025-07-04 13:28:55+00:00,8.748,-75.878,0.2269126921892166,0.194151759147644,0.5426784753799438,0.4644174873828888,298.771728515625,25.621728515625023,SMAP_L4_SM_gph_20250704T133000_Vv8011_001.h5
2025-07-05,2025-07-05 13:28:55+00:00,8.748,-75.878,0.2679980099201202,0.2012515664100647,0.641058087348938,0.4813279807567596,297.76678466796875,24.616784667968773,SMAP_L4_SM_gph_20250705T133000_Vv8011_001.h5
2025-07-06,2025-07-06 13:28:55+00:00,8.748,-75.878,0.225442424416542,0.2000926285982132,0.5390761494636536,0.4784862101078033,297.15924072265625,24.00924072265628,SMAP_L4_SM_gph_20250706T133000_Vv8011_001.h5
2025-07-07,2025-07-07 13:28:55+00:00,8.748,-75.878,0.1988984495401382,0.1961934119462967,0.4757193028926849,0.4692133665084839,298.0773010253906,24.927301025390648,SMAP_L4_SM_gph_20250707T133000_Vv8011_001.h5
2025-07-08,2025-07-08 13:28:55+00:00,8.748,-75.878,0.1919516026973724,0.1929375976324081,0.4590824246406555,0.4615544974803924,298.83709716796875,25.687097167968773,SMAP_L4_SM_gph_20250708T133000_Vv8011_001.h5
2025-07-09,2025-07-09 13:28:55+00:00,8.748,-75.878,0.2032151818275451,0.1919241249561309,0.4860863983631134,0.4591135084629059,298.7962951660156,25.646295166015648,SMAP_L4_SM_gph_20250709T133000_Vv8011_001.h5
2025-07-10,2025-07-10 13:28:55+00:00,8.748,-75.878,0.2908115983009338,0.200810819864273,0.695636510848999,0.4803392589092254,298.3155517578125,25.165551757812523,SMAP_L4_SM_gph_20250710T133000_Vv8011_001.h5
2025-07-11,2025-07-11 13:28:55+00:00,8.748,-75.878,0.2565606832504272,0.2122784554958343,0.6137544512748718,0.5076566338539124,297.9026184082031,24.752618408203148,SMAP_L4_SM_gph_20250711T133000_Vv8011_001.h5
2025-07-12,2025-07-12 13:28:55+00:00,8.748,-75.878,0.2612972855567932,0.2108666747808456,0.6250140070915222,0.5042992830276489,297.9168395996094,24.7668395996094,SMAP_L4_SM_gph_20250712T133000_Vv8011_001.h5
2025-07-13,2025-07-13 13:28:55+00:00,8.748,-75.878,0.2801667153835296,0.2171789407730102,0.6702008843421936,0.5194927453994751,297.7696533203125,24.619653320312523,SMAP_L4_SM_gph_20250713T133000_Vv8011_001.h5
2025-07-14,2025-07-14 13:28:55+00:00,8.748,-75.878,0.2614885866641998,0.2211883962154388,0.6255216598510742,0.5288655757904053,298.1370849609375,24.987084960937523,SMAP_L4_SM_gph_20250714T133000_Vv8011_001.h5
2025-07-15,2025-07-15 13:28:55+00:00,8.748,-75.878,0.2245391011238098,0.2134903222322464,0.5370705127716064,0.5106812715530396,298.9340209960937,25.784020996093773,SMAP_L4_SM_gph_20250715T133000_Vv8011_001.h5
2025-07-16,2025-07-16 13:28:55+00:00,8.748,-75.878,0.2105013281106948,0.2085015922784805,0.5034923553466797,0.4987604916095733,299.30926513671875,26.159265136718773,SMAP_L4_SM_gph_20250716T133000_Vv8011_001.h5
2025-07-17,2025-07-17 13:28:55+00:00,8.748,-75.878,0.2022938728332519,0.2044344693422317,0.4837989509105682,0.4888823330402374,299.51580810546875,26.365808105468773,SMAP_L4_SM_gph_20250717T133000_Vv8011_001.h5
2025-07-18,2025-07-18 13:28:55+00:00,8.748,-75.878,0.187183603644371,0.2008301168680191,0.4477312564849853,0.4802919328212738,299.3420715332031,26.192071533203148,SMAP_L4_SM_gph_20250718T133000_Vv8011_001.h5
2025-07-19,2025-07-19 13:28:55+00:00,8.748,-75.878,0.1946893632411956,0.1992468237876892,0.4655807912349701,0.4766392707824707,299.5632019042969,26.413201904296898,SMAP_L4_SM_gph_20250719T133000_Vv8011_001.h5
2025-07-20,2025-07-20 13:28:55+00:00,8.748,-75.878,0.1848010420799255,0.1967045366764068,0.441945731639862,0.4705540835857391,299.7784423828125,26.628442382812523,SMAP_L4_SM_gph_20250720T133000_Vv8011_001.h5
2025-07-21,2025-07-21 13:28:55+00:00,8.748,-75.878,0.1841960102319717,0.195290982723236,0.440570592880249,0.4671475291252136,299.3353576660156,26.185357666015648,SMAP_L4_SM_gph_20250721T133000_Vv8011_001.h5
2025-07-22,2025-07-22 13:28:55+00:00,8.748,-75.878,0.199798047542572,0.1956659853458404,0.4779742062091827,0.4680001139640808,298.97705078125,25.827050781250023,SMAP_L4_SM_gph_20250722T133000_Vv8011_001.h5
2025-07-23,2025-07-23 13:28:55+00:00,8.748,-75.878,0.1938168108463287,0.1944990456104278,0.4636921882629394,0.4651983082294464,298.919189453125,25.769189453125023,SMAP_L4_SM_gph_20250723T133000_Vv8011_001.h5
2025-07-24,2025-07-24 13:28:55+00:00,8.748,-75.878,0.2080707848072052,0.1951554715633392,0.4977102875709533,0.466843843460083,298.9085693359375,25.758569335937523,SMAP_L4_SM_gph_20250724T133000_Vv8011_001.h5
2025-07-25,2025-07-25 13:28:55+00:00,8.748,-75.878,0.1994330883026123,0.1938517242670059,0.4769333899021148,0.4636371731758117,299.2593688964844,26.1093688964844,SMAP_L4_SM_gph_20250725T133000_Vv8011_001.h5
2025-07-26,2025-07-26 13:28:55+00:00,8.748,-75.878,0.2209113389253616,0.1947849988937378,0.5283839702606201,0.4659291803836822,298.8121337890625,25.662133789062523,SMAP_L4_SM_gph_20250726T133000_Vv8011_001.h5
2025-07-27,2025-07-27 13:28:55+00:00,8.748,-75.878,0.2608284652233124,0.2027308791875839,0.6237591505050659,0.4849777221679687,298.4318542480469,25.281854248046898,SMAP_L4_SM_gph_20250727T133000_Vv8011_001.h5
2025-07-28,2025-07-28 13:28:55+00:00,8.748,-75.878,0.271644651889801,0.2119829505681991,0.6495863795280457,0.5070673227310181,298.11639404296875,24.966394042968773,SMAP_L4_SM_gph_20250728T133000_Vv8011_001.h5
2025-07-29,2025-07-29 13:28:55+00:00,8.748,-75.878,0.2583716809749603,0.2099953442811966,0.6180328726768494,0.5023079514503479,298.31707763671875,25.167077636718773,SMAP_L4_SM_gph_20250729T133000_Vv8011_001.h5
2025-07-30,2025-07-30 13:28:55+00:00,8.748,-75.878,0.2935247719287872,0.2207577675580978,0.7019954919815063,0.5280663967132568,298.5537414550781,25.403741455078148,SMAP_L4_SM_gph_20250730T133000_Vv8011_001.h5
2025-07-31,2025-07-31 13:28:55+00:00,8.748,-75.878,0.2531884610652923,0.218608558177948,0.6055395007133484,0.5230244994163513,298.53125,25.381250000000023,SMAP_L4_SM_gph_20250731T133000_Vv8011_001.h5
2025-08-01,2025-08-01 13:28:55+00:00,8.748,-75.878,0.239365354180336,0.2141279876232147,0.5723888874053955,0.5120126605033875,299.0797119140625,25.929711914062523,SMAP_L4_SM_gph_20250801T133000_Vv8011_001.h5
2025-08-02,2025-08-02 13:28:55+00:00,8.748,-75.878,0.2199098914861679,0.2095786184072494,0.5259158611297607,0.501389741897583,299.38262939453125,26.23262939453128,SMAP_L4_SM_gph_20250802T133000_Vv8011_001.h5
2025-08-03,2025-08-03 13:28:55+00:00,8.748,-75.878,0.2064692229032516,0.2064960300922393,0.4937866926193237,0.4938633441925049,298.5272216796875,25.377221679687523,SMAP_L4_SM_gph_20250803T133000_Vv8011_001.h5
2025-08-04,2025-08-04 13:28:55+00:00,8.748,-75.878,0.2736133635044098,0.2136957347393036,0.6544279456138611,0.5109834671020508,297.9948425292969,24.844842529296898,SMAP_L4_SM_gph_20250804T133000_Vv8011_001.h5
2025-08-05,2025-08-05 13:28:55+00:00,8.748,-75.878,0.2490722686052322,0.2136134803295135,0.5957266688346863,0.5108428597450256,297.95660400390625,24.80660400390628,SMAP_L4_SM_gph_20250805T133000_Vv8011_001.h5
2025-08-06,2025-08-06 13:28:55+00:00,8.748,-75.878,0.2215312421321869,0.2090488821268081,0.5299139618873596,0.5000126957893372,298.5972900390625,25.447290039062523,SMAP_L4_SM_gph_20250806T133000_Vv8011_001.h5
2025-08-07,2025-08-07 13:28:55+00:00,8.748,-75.878,0.2503476738929748,0.2105883508920669,0.5989120602607727,0.5036734342575073,298.68414306640625,25.53414306640628,SMAP_L4_SM_gph_20250807T133000_Vv8011_001.h5
2025-08-08,2025-08-08 13:28:55+00:00,8.748,-75.878,0.2319788932800293,0.2087680101394653,0.5549224615097046,0.4993067681789398,298.4185791015625,25.268579101562523,SMAP_L4_SM_gph_20250808T133000_Vv8011_001.h5
2025-08-09,2025-08-09 13:28:55+00:00,8.748,-75.878,0.3327302932739258,0.2183794230222702,0.7958046197891235,0.5223311185836792,297.973388671875,24.823388671875023,SMAP_L4_SM_gph_20250809T133000_Vv8011_001.h5
2025-08-10,2025-08-10 13:28:55+00:00,8.748,-75.878,0.2589008510112762,0.2212036103010177,0.6194103956222534,0.5291250944137573,297.6288757324219,24.478875732421898,SMAP_L4_SM_gph_20250810T133000_Vv8011_001.h5
2025-08-11,2025-08-11 13:28:55+00:00,8.748,-75.878,0.2679694592952728,0.2198486626148224,0.6410457491874695,0.5257606506347656,297.7189025878906,24.568902587890648,SMAP_L4_SM_gph_20250811T133000_Vv8011_001.h5
2025-08-12,2025-08-12 13:28:55+00:00,8.748,-75.878,0.2750217318534851,0.2300445437431335,0.6577669382095337,0.5501825213432312,298.2749328613281,25.124932861328148,SMAP_L4_SM_gph_20250812T133000_Vv8011_001.h5
2025-08-13,2025-08-13 13:28:55+00:00,8.748,-75.878,0.2814310193061828,0.2409258484840393,0.6730645298957825,0.5762647986412048,298.9032592773437,25.753259277343773,SMAP_L4_SM_gph_20250813T133000_Vv8011_001.h5
2025-08-14,2025-08-14 13:28:55+00:00,8.748,-75.878,0.2619229257106781,0.2340178042650222,0.6264585852622986,0.5597195029258728,298.45733642578125,25.30733642578128,SMAP_L4_SM_gph_20250814T133000_Vv8011_001.h5
2025-08-15,2025-08-15 13:28:55+00:00,8.748,-75.878,0.3098695278167724,0.2402002364397049,0.7410627007484436,0.5744146108627319,297.7623596191406,24.612359619140648,SMAP_L4_SM_gph_20250815T133000_Vv8011_001.h5
2025-08-16,2025-08-16 13:28:55+00:00,8.748,-75.878,0.2831981480121612,0.2420867979526519,0.6772773861885071,0.578953742980957,297.2672424316406,24.117242431640648,SMAP_L4_SM_gph_20250816T133000_Vv8011_001.h5
2025-08-17,2025-08-17 13:28:55+00:00,8.748,-75.878,0.283772200345993,0.247195765376091,0.6787216663360596,0.5912728905677795,297.4153137207031,24.265313720703148,SMAP_L4_SM_gph_20250817T133000_Vv8011_001.h5
2025-08-18,2025-08-18 13:28:55+00:00,8.748,-75.878,0.2721572518348694,0.2420216202735901,0.6510957479476929,0.5786989331245422,297.49493408203125,24.34493408203128,SMAP_L4_SM_gph_20250818T133000_Vv8011_001.h5
2025-08-19,2025-08-19 13:28:55+00:00,8.748,-75.878,0.2568030655384063,0.2382352650165558,0.614015519618988,0.5699891448020935,298.02557373046875,24.875573730468773,SMAP_L4_SM_gph_20250819T133000_Vv8011_001.h5
2025-08-20,2025-08-20 13:28:55+00:00,8.748,-75.878,0.2625291645526886,0.2369972318410873,0.6279156804084778,0.5669292211532593,298.8979797363281,25.747979736328148,SMAP_L4_SM_gph_20250820T133000_Vv8011_001.h5
2025-08-21,2025-08-21 13:28:55+00:00,8.748,-75.878,0.2482925802469253,0.2336643934249878,0.5937848091125488,0.558935284614563,298.9115600585937,25.761560058593773,SMAP_L4_SM_gph_20250821T133000_Vv8011_001.h5
2025-08-22,2025-08-22 13:28:55+00:00,8.748,-75.878,0.2706489861011505,0.2343903183937072,0.6471563577651978,0.5606273412704468,298.2911071777344,25.1411071777344,SMAP_L4_SM_gph_20250822T133000_Vv8011_001.h5
2025-08-23,2025-08-23 13:28:55+00:00,8.748,-75.878,0.3138644993305206,0.2529833614826202,0.7509419918060303,0.60499107837677,297.9201354980469,24.770135498046898,SMAP_L4_SM_gph_20250823T133000_Vv8011_001.h5
2025-08-24,2025-08-24 13:28:55+00:00,8.748,-75.878,0.2921226620674133,0.2586047649383545,0.6987762451171875,0.6185944080352783,298.0096740722656,24.859674072265648,SMAP_L4_SM_gph_20250824T133000_Vv8011_001.h5
2025-08-25,2025-08-25 13:28:55+00:00,8.748,-75.878,0.2811929881572723,0.2537507712841034,0.6725246906280518,0.6069508790969849,298.78466796875,25.634667968750023,SMAP_L4_SM_gph_20250825T133000_Vv8011_001.h5
2025-08-26,2025-08-26 13:28:55+00:00,8.748,-75.878,0.3138549327850342,0.260309487581253,0.7507964968681335,0.6225643754005432,298.864990234375,25.714990234375023,SMAP_L4_SM_gph_20250826T133000_Vv8011_001.h5
2025-08-27,2025-08-27 13:28:55+00:00,8.748,-75.878,0.2943742871284485,0.2611527144908905,0.7039241790771484,0.6244880557060242,298.8189697265625,25.668969726562523,SMAP_L4_SM_gph_20250827T133000_Vv8011_001.h5
2025-08-28,2025-08-28 13:28:55+00:00,8.748,-75.878,0.3082850575447082,0.2709781527519226,0.7373086214065552,0.6480069160461426,298.90496826171875,25.754968261718773,SMAP_L4_SM_gph_20250828T133000_Vv8011_001.h5
2025-08-29,2025-08-29 13:28:55+00:00,8.748,-75.878,0.3009224236011505,0.2692705988883972,0.7198020815849304,0.6441044211387634,298.8791198730469,25.729119873046898,SMAP_L4_SM_gph_20250829T133000_Vv8011_001.h5
2025-08-30,2025-08-30 13:28:55+00:00,8.748,-75.878,0.3130549788475036,0.2666832506656647,0.748756468296051,0.6376944184303284,298.7867431640625,25.636743164062523,SMAP_L4_SM_gph_20250830T133000_Vv8011_001.h5
2025-08-31,2025-08-31 13:28:55+00:00,8.748,-75.878,0.306356817483902,0.2768801748752594,0.7326783537864685,0.6620349287986755,298.65631103515625,25.50631103515628,SMAP_L4_SM_gph_20250831T133000_Vv8011_001.h5
2025-09-01,2025-09-01 13:28:55+00:00,8.748,-75.878,0.3067912459373474,0.272586852312088,0.7337648272514343,0.6519699692726135,298.13555908203125,24.98555908203128,SMAP_L4_SM_gph_20250901T133000_Vv8011_001.h5
2025-09-02,2025-09-02 13:28:55+00:00,8.748,-75.878,0.3174992501735687,0.2824131548404693,0.7592317461967468,0.6754913330078125,297.9479064941406,24.797906494140648,SMAP_L4_SM_gph_20250902T133000_Vv8011_001.h5
2025-09-03,2025-09-03 13:28:55+00:00,8.748,-75.878,0.3157958686351776,0.2821547091007232,0.7552186250686646,0.6747965216636658,297.8661499023437,24.716149902343773,SMAP_L4_SM_gph_20250903T133000_Vv8011_001.h5
2025-09-04,2025-09-04 13:28:55+00:00,8.748,-75.878,0.3022094964981079,0.2765548825263977,0.7228214740753174,0.6613340973854065,298.03369140625,24.883691406250023,SMAP_L4_SM_gph_20250904T133000_Vv8011_001.h5
2025-09-05,2025-09-05 13:28:55+00:00,8.748,-75.878,0.3269895017147064,0.2812145054340362,0.7820338010787964,0.6726192235946655,297.27154541015625,24.12154541015628,SMAP_L4_SM_gph_20250905T133000_Vv8011_001.h5
2025-09-06,2025-09-06 13:28:55+00:00,8.748,-75.878,0.3229358494281769,0.286412626504898,0.7725803852081299,0.6851814985275269,297.1049194335937,23.954919433593773,SMAP_L4_SM_gph_20250906T133000_Vv8011_001.h5
2025-09-07,2025-09-07 13:28:55+00:00,8.748,-75.878,0.3165205121040344,0.2857987284660339,0.7569555640220642,0.6834632754325867,297.4091186523437,24.259118652343773,SMAP_L4_SM_gph_20250907T133000_Vv8011_001.h5
2025-09-08,2025-09-08 13:28:55+00:00,8.748,-75.878,0.3197450041770935,0.2859989106655121,0.7646366357803345,0.6840810775756836,297.47467041015625,24.32467041015628,SMAP_L4_SM_gph_20250908T133000_Vv8011_001.h5
2025-09-09,2025-09-09 13:28:55+00:00,8.748,-75.878,0.3087874054908752,0.2820416986942291,0.7385445237159729,0.6747452020645142,297.8385009765625,24.688500976562523,SMAP_L4_SM_gph_20250909T133000_Vv8011_001.h5
2025-09-10,2025-09-10 13:28:55+00:00,8.748,-75.878,0.2989749014377594,0.2786779403686523,0.7148489952087402,0.6665113568305969,298.3891296386719,25.239129638671898,SMAP_L4_SM_gph_20250910T133000_Vv8011_001.h5
2025-09-11,2025-09-11 13:28:55+00:00,8.748,-75.878,0.2869256734848022,0.27602618932724,0.686191737651825,0.6600077152252197,299.10015869140625,25.95015869140628,SMAP_L4_SM_gph_20250911T133000_Vv8011_001.h5
2025-09-12,2025-09-12 13:28:55+00:00,8.748,-75.878,0.2888760566711426,0.2750275731086731,0.6907908916473389,0.6577529311180115,297.8979187011719,24.747918701171898,SMAP_L4_SM_gph_20250912T133000_Vv8011_001.h5
2025-09-13,2025-09-13 13:28:55+00:00,8.748,-75.878,0.2884178459644317,0.2740628123283386,0.689883291721344,0.6553423404693604,298.2049560546875,25.054956054687523,SMAP_L4_SM_gph_20250913T133000_Vv8011_001.h5
2025-09-14,2025-09-14 13:28:55+00:00,8.748,-75.878,0.3386252522468567,0.2805678844451904,0.8099265694618225,0.6709851622581482,298.0492858886719,24.899285888671898,SMAP_L4_SM_gph_20250914T133000_Vv8011_001.h5
2025-09-15,2025-09-15 13:28:55+00:00,8.748,-75.878,0.3062156438827514,0.2785345613956451,0.7324320673942566,0.6661373972892761,298.21319580078125,25.06319580078128,SMAP_L4_SM_gph_20250915T133000_Vv8011_001.h5
2025-09-16,2025-09-16 13:28:55+00:00,8.748,-75.878,0.3154833614826202,0.2786489725112915,0.7547880411148071,0.6666055917739868,298.01220703125,24.862207031250023,SMAP_L4_SM_gph_20250916T133000_Vv8011_001.h5
2025-09-17,2025-09-17 13:28:55+00:00,8.748,-75.878,0.3081525266170501,0.278408408164978,0.7370349168777466,0.665882408618927,297.72332763671875,24.573327636718773,SMAP_L4_SM_gph_20250917T133000_Vv8011_001.h5
2025-09-18,2025-09-18 13:28:55+00:00,8.748,-75.878,0.295902669429779,0.2755188941955566,0.707710325717926,0.6588332653045654,297.59539794921875,24.445397949218773,SMAP_L4_SM_gph_20250918T133000_Vv8011_001.h5
2025-09-19,2025-09-19 13:28:55+00:00,8.748,-75.878,0.3089450001716614,0.2768049538135528,0.7388632893562317,0.6619332432746887,297.2398376464844,24.0898376464844,SMAP_L4_SM_gph_20250919T133000_Vv8011_001.h5
2025-09-20,2025-09-20 13:28:55+00:00,8.748,-75.878,0.3006944358348846,0.2756707370281219,0.7189943194389343,0.659155011177063,297.6248779296875,24.474877929687523,SMAP_L4_SM_gph_20250920T133000_Vv8011_001.h5
2025-09-21,2025-09-21 13:28:55+00:00,8.748,-75.878,0.3045379519462585,0.2747787535190582,0.7283152341842651,0.6571780443191528,298.1436767578125,24.993676757812523,SMAP_L4_SM_gph_20250921T133000_Vv8011_001.h5
2025-09-22,2025-09-22 13:28:55+00:00,8.748,-75.878,0.3066664636135101,0.2770132720470428,0.7335177659988403,0.6625722646713257,298.1479187011719,24.997918701171898,SMAP_L4_SM_gph_20250922T133000_Vv8011_001.h5
2025-09-23,2025-09-23 13:28:55+00:00,8.748,-75.878,0.2825750410556793,0.272682249546051,0.6759951114654541,0.6521658301353455,298.2981262207031,25.148126220703148,SMAP_L4_SM_gph_20250923T133000_Vv8011_001.h5
2025-09-24,2025-09-24 13:28:55+00:00,8.748,-75.878,0.2826744019985199,0.2709900140762329,0.676148533821106,0.648059070110321,298.7884521484375,25.638452148437523,SMAP_L4_SM_gph_20250924T133000_Vv8011_001.h5
2025-09-25,2025-09-25 13:28:55+00:00,8.748,-75.878,0.3276992738246918,0.2768643498420715,0.7836641073226929,0.6622582077980042,298.5581970214844,25.4081970214844,SMAP_L4_SM_gph_20250925T133000_Vv8011_001.h5
2025-09-26,2025-09-26 13:28:55+00:00,8.748,-75.878,0.3219742178916931,0.2780812382698059,0.7701733708381653,0.6649338006973267,298.302001953125,25.152001953125023,SMAP_L4_SM_gph_20250926T133000_Vv8011_001.h5
2025-09-27,2025-09-27 13:28:55+00:00,8.748,-75.878,0.3124693930149078,0.2839126288890838,0.7473151683807373,0.6790211200714111,297.648681640625,24.498681640625023,SMAP_L4_SM_gph_20250927T133000_Vv8011_001.h5
2025-09-28,2025-09-28 13:28:55+00:00,8.748,-75.878,0.3256194293498993,0.2824617028236389,0.778751790523529,0.6754691004753113,297.7821960449219,24.632196044921898,SMAP_L4_SM_gph_20250928T133000_Vv8011_001.h5
2025-09-29,2025-09-29 13:28:55+00:00,8.748,-75.878,0.3181253671646118,0.2825509309768677,0.7609393000602722,0.6758717894554138,297.6259155273437,24.475915527343773,SMAP_L4_SM_gph_20250929T133000_Vv8011_001.h5
2025-09-30,2025-09-30 13:28:55+00:00,8.748,-75.878,0.3139703273773193,0.2824402451515198,0.7508299350738525,0.675657331943512,298.07244873046875,24.922448730468773,SMAP_L4_SM_gph_20250930T133000_Vv8011_001.h5
2025-10-01,2025-10-01 13:28:55+00:00,8.748,-75.878,0.3099758327007293,0.280434787273407,0.7413448095321655,0.6709563732147217,297.8355712890625,24.685571289062523,SMAP_L4_SM_gph_20251001T133000_Vv8011_001.h5
2025-10-02,2025-10-02 13:28:55+00:00,8.748,-75.878,0.3173063099384308,0.2857589423656463,0.7587985396385193,0.683529257774353,297.70086669921875,24.550866699218773,SMAP_L4_SM_gph_20251002T133000_Vv8011_001.h5
2025-10-03,2025-10-03 13:28:55+00:00,8.748,-75.878,0.2995913326740265,0.2813828587532043,0.7165462970733643,0.6730054020881653,297.59722900390625,24.44722900390628,SMAP_L4_SM_gph_20251003T133000_Vv8011_001.h5
2025-10-04,2025-10-04 13:28:55+00:00,8.748,-75.878,0.3011248707771301,0.2788756489753723,0.720150887966156,0.6669747829437256,297.552490234375,24.402490234375023,SMAP_L4_SM_gph_20251004T133000_Vv8011_001.h5
2025-10-05,2025-10-05 13:28:55+00:00,8.748,-75.878,0.2936697900295257,0.2776016592979431,0.702355682849884,0.6639798879623413,297.3668518066406,24.216851806640648,SMAP_L4_SM_gph_20251005T133000_Vv8011_001.h5
2025-10-06,2025-10-06 13:28:55+00:00,8.748,-75.878,0.2907488346099853,0.2758805751800537,0.6954560875892639,0.6597244739532471,297.8040771484375,24.654077148437523,SMAP_L4_SM_gph_20251006T133000_Vv8011_001.h5
2025-10-07,2025-10-07 13:28:55+00:00,8.748,-75.878,0.2652685940265655,0.2721867263317108,0.6344558000564575,0.6510971784591675,297.89404296875,24.744042968750023,SMAP_L4_SM_gph_20251007T133000_Vv8011_001.h5
2025-10-08,2025-10-08 13:28:55+00:00,8.748,-75.878,0.2665937542915344,0.2706778645515442,0.637628972530365,0.6473206281661987,298.1778564453125,25.027856445312523,SMAP_L4_SM_gph_20251008T133000_Vv8011_001.h5
2025-10-09,2025-10-09 13:28:55+00:00,8.748,-75.878,0.2743090689182281,0.2703611254692077,0.6560975313186646,0.6467167735099792,297.9413757324219,24.791375732421898,SMAP_L4_SM_gph_20251009T133000_Vv8011_001.h5
2025-10-10,2025-10-10 13:28:55+00:00,8.748,-75.878,0.2960146069526672,0.270037442445755,0.7080565094947815,0.6460949778556824,297.4165954589844,24.2665954589844,SMAP_L4_SM_gph_20251010T133000_Vv8011_001.h5
2025-10-11,2025-10-11 13:28:55+00:00,8.748,-75.878,0.2935987114906311,0.2711642980575561,0.702242910861969,0.6485365629196167,296.79736328125,23.647363281250023,SMAP_L4_SM_gph_20251011T133000_Vv8011_001.h5
2025-10-12,2025-10-12 13:28:55+00:00,8.748,-75.878,0.2508971095085144,0.2670036852359772,0.6000382304191589,0.6385002136230469,296.9759521484375,23.825952148437523,SMAP_L4_SM_gph_20251012T133000_Vv8011_001.h5
2025-10-13,2025-10-13 13:28:55+00:00,8.748,-75.878,0.2599295377731323,0.2660392522811889,0.6215872764587402,0.6361634135246277,296.947998046875,23.797998046875023,SMAP_L4_SM_gph_20251013T133000_Vv8011_001.h5
2025-10-14,2025-10-14 13:28:55+00:00,8.748,-75.878,0.2592671811580658,0.2646665573120117,0.6199354529380798,0.6331560611724854,297.4595947265625,24.309594726562523,SMAP_L4_SM_gph_20251014T133000_Vv8011_001.h5
2025-10-15,2025-10-15 13:28:55+00:00,8.748,-75.878,0.3171783089637756,0.2694036364555359,0.7586608529090881,0.6443249583244324,297.46807861328125,24.31807861328128,SMAP_L4_SM_gph_20251015T133000_Vv8011_001.h5
2025-10-16,2025-10-16 13:28:55+00:00,8.748,-75.878,0.2993720471858978,0.2693206369876861,0.7158403992652893,0.6441093683242798,296.8532409667969,23.703240966796898,SMAP_L4_SM_gph_20251016T133000_Vv8011_001.h5
2025-10-17,2025-10-17 13:28:55+00:00,8.748,-75.878,0.2886915504932403,0.2672636210918426,0.6903666853904724,0.6394450068473816,297.4723205566406,24.322320556640648,SMAP_L4_SM_gph_20251017T133000_Vv8011_001.h5
2025-10-18,2025-10-18 13:28:55+00:00,8.748,-75.878,0.2704516947269439,0.2642445862293243,0.6468543410301208,0.6319614052772522,297.6624450683594,24.5124450683594,SMAP_L4_SM_gph_20251018T133000_Vv8011_001.h5
2025-10-19,2025-10-19 13:28:55+00:00,8.748,-75.878,0.2650570869445801,0.2624683976173401,0.6341155171394348,0.6277095079421997,297.7163391113281,24.566339111328148,SMAP_L4_SM_gph_20251019T133000_Vv8011_001.h5
2025-10-20,2025-10-20 13:28:55+00:00,8.748,-75.878,0.3115379810333252,0.2686849236488342,0.745074987411499,0.6425786018371582,297.9029846191406,24.752984619140648,SMAP_L4_SM_gph_20251020T133000_Vv8011_001.h5
2025-10-21,2025-10-21 13:28:55+00:00,8.748,-75.878,0.3042007684707641,0.2699981331825256,0.7276324033737183,0.6457486748695374,297.64312744140625,24.49312744140628,SMAP_L4_SM_gph_20251021T133000_Vv8011_001.h5
2025-10-22,2025-10-22 13:28:55+00:00,8.748,-75.878,0.2978990077972412,0.2686548829078674,0.7125449776649475,0.6425508260726929,297.4818420410156,24.331842041015648,SMAP_L4_SM_gph_20251022T133000_Vv8011_001.h5
2025-10-23,2025-10-23 13:28:55+00:00,8.748,-75.878,0.2710030674934387,0.2635396718978882,0.6482559442520142,0.6303002834320068,297.5606689453125,24.410668945312523,SMAP_L4_SM_gph_20251023T133000_Vv8011_001.h5
2025-10-24,2025-10-24 13:28:55+00:00,8.748,-75.878,0.3124182522296905,0.2664067149162292,0.7470738887786865,0.6369727253913879,297.8252868652344,24.6752868652344,SMAP_L4_SM_gph_20251024T133000_Vv8011_001.h5
2025-10-25,2025-10-25 13:28:55+00:00,8.748,-75.878,0.2959338128566742,0.2679221928119659,0.7078932523727417,0.6409371495246887,297.3658752441406,24.215875244140648,SMAP_L4_SM_gph_20251025T133000_Vv8011_001.h5
2025-10-26,2025-10-26 13:28:55+00:00,8.748,-75.878,0.2662595510482788,0.2634576857089996,0.636846125125885,0.629916250705719,297.71893310546875,24.568933105468773,SMAP_L4_SM_gph_20251026T133000_Vv8011_001.h5
2025-10-27,2025-10-27 13:28:55+00:00,8.748,-75.878,0.267191082239151,0.261079728603363,0.6390798687934875,0.6244667172431946,297.5171203613281,24.367120361328148,SMAP_L4_SM_gph_20251027T133000_Vv8011_001.h5
2025-10-28,2025-10-28 13:28:55+00:00,8.748,-75.878,0.2550341188907623,0.2589426040649414,0.610080897808075,0.6194222569465637,297.61053466796875,24.460534667968773,SMAP_L4_SM_gph_20251028T133000_Vv8011_001.h5
2025-10-29,2025-10-29 13:28:55+00:00,8.748,-75.878,0.2382495105266571,0.2555313408374786,0.5697795152664185,0.6111389994621277,297.85791015625,24.707910156250023,SMAP_L4_SM_gph_20251029T133000_Vv8011_001.h5
2025-10-30,2025-10-30 13:28:55+00:00,8.748,-75.878,0.3015556037425995,0.2618873119354248,0.7210657000541687,0.6265414953231812,297.9827880859375,24.832788085937523,SMAP_L4_SM_gph_20251030T133000_Vv8011_001.h5
2025-10-31,2025-10-31 13:28:55+00:00,8.748,-75.878,0.294016420841217,0.2602018713951111,0.7031617760658264,0.6225488185882568,297.6214294433594,24.4714294433594,SMAP_L4_SM_gph_20251031T133000_Vv8011_001.h5
2025-11-01,2025-11-01 13:28:55+00:00,8.748,-75.878,0.293718159198761,0.2625086903572082,0.702502429485321,0.6279610395431519,297.5995788574219,24.449578857421898,SMAP_L4_SM_gph_20251101T133000_Vv8011_001.h5
2025-11-02,2025-11-02 13:28:55+00:00,8.748,-75.878,0.271185427904129,0.2591436207294464,0.6485647559165955,0.6199683547019958,297.9236145019531,24.773614501953148,SMAP_L4_SM_gph_20251102T133000_Vv8011_001.h5
2025-11-03,2025-11-03 13:28:55+00:00,8.748,-75.878,0.28718301653862,0.2573089301586151,0.6869199275970459,0.6153202056884766,297.71075439453125,24.56075439453128,SMAP_L4_SM_gph_20251103T133000_Vv8011_001.h5
2025-11-04,2025-11-04 13:28:55+00:00,8.748,-75.878,0.2691036462783813,0.2554893791675567,0.6438791155815125,0.6111998558044434,297.6618347167969,24.511834716796898,SMAP_L4_SM_gph_20251104T133000_Vv8011_001.h5
2025-11-05,2025-11-05 13:28:55+00:00,8.748,-75.878,0.2342778742313385,0.2508895397186279,0.5603737235069275,0.5999968647956848,297.7548522949219,24.604852294921898,SMAP_L4_SM_gph_20251105T133000_Vv8011_001.h5
2025-11-06,2025-11-06 13:28:55+00:00,8.748,-75.878,0.259100079536438,0.2503265142440796,0.6196428537368774,0.598814070224762,297.9493408203125,24.799340820312523,SMAP_L4_SM_gph_20251106T133000_Vv8011_001.h5
2025-11-07,2025-11-07 13:28:55+00:00,8.748,-75.878,0.2467787116765976,0.248394176363945,0.5901941657066345,0.5941444635391235,297.938232421875,24.788232421875023,SMAP_L4_SM_gph_20251107T133000_Vv8011_001.h5
2025-11-08,2025-11-08 13:28:55+00:00,8.748,-75.878,0.2349706441164016,0.246172547340393,0.5618541240692139,0.5886361002922058,298.638427734375,25.488427734375023,SMAP_L4_SM_gph_20251108T133000_Vv8011_001.h5
2025-11-09,2025-11-09 13:28:55+00:00,8.748,-75.878,0.2539649903774261,0.2453806549310684,0.6072958707809448,0.5870165228843689,298.64581298828125,25.49581298828128,SMAP_L4_SM_gph_20251109T133000_Vv8011_001.h5
2025-11-10,2025-11-10 13:28:55+00:00,8.748,-75.878,0.3757189214229584,0.2683834433555603,0.8985909223556519,0.6417701840400696,298.1413879394531,24.991387939453148,SMAP_L4_SM_gph_20251110T133000_Vv8011_001.h5
2025-11-11,2025-11-11 13:28:55+00:00,8.748,-75.878,0.2958191633224487,0.2628490626811981,0.7076572179794312,0.6287967562675476,298.1025390625,24.952539062500023,SMAP_L4_SM_gph_20251111T133000_Vv8011_001.h5
2025-11-12,2025-11-12 13:28:55+00:00,8.748,-75.878,0.2787376642227173,0.2586385905742645,0.6667009592056274,0.6187040209770203,298.02587890625,24.875878906250023,SMAP_L4_SM_gph_20251112T133000_Vv8011_001.h5
2025-11-13,2025-11-13 13:28:55+00:00,8.748,-75.878,0.276758998632431,0.256030410528183,0.6620790362358093,0.6124111413955688,297.6070556640625,24.457055664062523,SMAP_L4_SM_gph_20251113T133000_Vv8011_001.h5
2025-11-14,2025-11-14 13:28:55+00:00,8.748,-75.878,0.2807627916336059,0.2548523545265198,0.671555757522583,0.6094952821731567,297.2200927734375,24.070092773437523,SMAP_L4_SM_gph_20251114T133000_Vv8011_001.h5
2025-11-15,2025-11-15 13:28:55+00:00,8.748,-75.878,0.2623407542705536,0.2526553273200989,0.6276401877403259,0.6042839884757996,297.62750244140625,24.47750244140628,SMAP_L4_SM_gph_20251115T133000_Vv8011_001.h5
2025-11-16,2025-11-16 13:28:55+00:00,8.748,-75.878,0.2619188725948334,0.2503281831741333,0.6265090703964233,0.5985862016677856,297.2817077636719,24.131707763671898,SMAP_L4_SM_gph_20251116T133000_Vv8011_001.h5
2025-11-17,2025-11-17 13:28:55+00:00,8.748,-75.878,0.2534428834915161,0.249456912279129,0.6061883568763733,0.5965774655342102,296.9791259765625,23.829125976562523,SMAP_L4_SM_gph_20251117T133000_Vv8011_001.h5
2025-11-18,2025-11-18 13:28:55+00:00,8.748,-75.878,0.2505705058574676,0.2487167567014694,0.5993118286132812,0.5947632193565369,297.2913818359375,24.141381835937523,SMAP_L4_SM_gph_20251118T133000_Vv8011_001.h5
2025-11-19,2025-11-19 13:28:55+00:00,8.748,-75.878,0.2381063997745514,0.2459849268198013,0.5695127844810486,0.5883802771568298,298.0666809082031,24.916680908203148,SMAP_L4_SM_gph_20251119T133000_Vv8011_001.h5
2025-11-20,2025-11-20 13:28:55+00:00,8.748,-75.878,0.2334639281034469,0.2437761276960373,0.5583438277244568,0.5829677581787109,298.0708312988281,24.920831298828148,SMAP_L4_SM_gph_20251120T133000_Vv8011_001.h5
2025-11-21,2025-11-21 13:28:55+00:00,8.748,-75.878,0.2218169867992401,0.2410322576761245,0.5305889844894409,0.5763830542564392,297.77008056640625,24.62008056640628,SMAP_L4_SM_gph_20251121T133000_Vv8011_001.h5
2025-11-22,2025-11-22 13:28:55+00:00,8.748,-75.878,0.2160949110984802,0.2387982159852981,0.516962468624115,0.5712453126907349,297.8389892578125,24.688989257812523,SMAP_L4_SM_gph_20251122T133000_Vv8011_001.h5
2025-11-23,2025-11-23 13:28:55+00:00,8.748,-75.878,0.2314348667860031,0.2384199500083923,0.5534632802009583,0.570237398147583,298.2926025390625,25.142602539062523,SMAP_L4_SM_gph_20251123T133000_Vv8011_001.h5
2025-11-24,2025-11-24 13:28:55+00:00,8.748,-75.878,0.2201745212078094,0.2359495609998703,0.5266703367233276,0.5642173886299133,298.2767333984375,25.126733398437523,SMAP_L4_SM_gph_20251124T133000_Vv8011_001.h5
2025-11-25,2025-11-25 13:28:55+00:00,8.748,-75.878,0.2428026050329208,0.2375176101922989,0.5808125734329224,0.5679154396057129,297.8580017089844,24.7080017089844,SMAP_L4_SM_gph_20251125T133000_Vv8011_001.h5
2025-11-26,2025-11-26 13:28:55+00:00,8.748,-75.878,0.2281297743320465,0.2352100908756256,0.5456117987632751,0.562489926815033,298.1385498046875,24.988549804687523,SMAP_L4_SM_gph_20251126T133000_Vv8011_001.h5
2025-11-27,2025-11-27 13:28:55+00:00,8.748,-75.878,0.1958639621734619,0.230685144662857,0.4684883952140808,0.5518113374710083,298.3675537109375,25.217553710937523,SMAP_L4_SM_gph_20251127T133000_Vv8011_001.h5
2025-11-28,2025-11-28 13:28:55+00:00,8.748,-75.878,0.3202388882637024,0.2559351027011871,0.766107439994812,0.6120656728744507,297.9845886230469,24.834588623046898,SMAP_L4_SM_gph_20251128T133000_Vv8011_001.h5
2025-11-29,2025-11-29 13:28:55+00:00,8.748,-75.878,0.3103582859039306,0.273802787065506,0.7424333691596985,0.6546643376350403,296.87420654296875,23.724206542968773,SMAP_L4_SM_gph_20251129T133000_Vv8011_001.h5
2025-11-30,2025-11-30 13:28:55+00:00,8.748,-75.878,0.298540711402893,0.2663604319095611,0.7139121294021606,0.6370963454246521,296.9494323730469,23.799432373046898,SMAP_L4_SM_gph_20251130T133000_Vv8011_001.h5
2025-12-01,2025-12-01 13:28:55+00:00,8.748,-75.878,0.3143889904022217,0.2795545756816864,0.7519718408584595,0.6686180830001831,297.03533935546875,23.885339355468773,SMAP_L4_SM_gph_20251201T133000_Vv8011_001.h5
2025-12-02,2025-12-02 13:28:55+00:00,8.748,-75.878,0.309744119644165,0.2787865400314331,0.7408333420753479,0.6669871211051941,296.7420959472656,23.592095947265648,SMAP_L4_SM_gph_20251202T133000_Vv8011_001.h5
2025-12-03,2025-12-03 13:28:55+00:00,8.748,-75.878,0.3113367855548858,0.2819596230983734,0.7447457313537598,0.6743093729019165,297.27166748046875,24.121667480468773,SMAP_L4_SM_gph_20251203T133000_Vv8011_001.h5
2025-12-04,2025-12-04 13:28:55+00:00,8.748,-75.878,0.286647230386734,0.2742331326007843,0.6855170726776123,0.6559051871299744,297.1092529296875,23.959252929687523,SMAP_L4_SM_gph_20251204T133000_Vv8011_001.h5
2025-12-05,2025-12-05 13:28:55+00:00,8.748,-75.878,0.26865154504776,0.2692277431488037,0.6425877213478088,0.6439409255981445,296.79656982421875,23.646569824218773,SMAP_L4_SM_gph_20251205T133000_Vv8011_001.h5
2025-12-06,2025-12-06 13:28:55+00:00,8.748,-75.878,0.2981714904308319,0.2717258930206299,0.7131766676902771,0.6499478220939636,297.3000183105469,24.150018310546898,SMAP_L4_SM_gph_20251206T133000_Vv8011_001.h5
2025-12-07,2025-12-07 13:28:55+00:00,8.748,-75.878,0.2792922556400299,0.2678823173046112,0.6681134104728699,0.6407601833343506,297.3756103515625,24.225610351562523,SMAP_L4_SM_gph_20251207T133000_Vv8011_001.h5
2025-12-08,2025-12-08 13:28:55+00:00,8.748,-75.878,0.2728621065616607,0.266532838344574,0.6526438593864441,0.6373247504234314,297.3314819335937,24.181481933593773,SMAP_L4_SM_gph_20251208T133000_Vv8011_001.h5
2025-12-09,2025-12-09 13:28:55+00:00,8.748,-75.878,0.2726964652538299,0.2650871872901916,0.6522948145866394,0.6339566707611084,297.2640380859375,24.114038085937523,SMAP_L4_SM_gph_20251209T133000_Vv8011_001.h5
2025-12-10,2025-12-10 13:28:55+00:00,8.748,-75.878,0.2873992323875427,0.2648561894893646,0.6874696612358093,0.633575975894928,297.5284423828125,24.378442382812523,SMAP_L4_SM_gph_20251210T133000_Vv8011_001.h5
2025-12-11,2025-12-11 13:28:55+00:00,8.748,-75.878,0.3003491461277008,0.2653215825557709,0.7182749509811401,0.6344929337501526,298.03875732421875,24.888757324218773,SMAP_L4_SM_gph_20251211T133000_Vv8011_001.h5
2025-12-12,2025-12-12 13:28:55+00:00,8.748,-75.878,0.2967228591442108,0.2657628059387207,0.7099071741104126,0.6354205012321472,297.7993469238281,24.649346923828148,SMAP_L4_SM_gph_20251212T133000_Vv8011_001.h5
2025-12-13,2025-12-13 13:28:55+00:00,8.748,-75.878,0.3157197833061218,0.2714478671550751,0.7551917433738708,0.6492006778717041,297.87841796875,24.728417968750023,SMAP_L4_SM_gph_20251213T133000_Vv8011_001.h5
2025-12-14,2025-12-14 13:28:55+00:00,8.748,-75.878,0.3039785623550415,0.2718541622161865,0.727091372013092,0.650452196598053,297.883544921875,24.733544921875023,SMAP_L4_SM_gph_20251214T133000_Vv8011_001.h5
2025-12-15,2025-12-15 13:28:55+00:00,8.748,-75.878,0.2850829064846039,0.2676640450954437,0.6818175911903381,0.6401683688163757,297.482177734375,24.332177734375023,SMAP_L4_SM_gph_20251215T133000_Vv8011_001.h5
2025-12-16,2025-12-16 13:28:55+00:00,8.748,-75.878,0.2776512801647186,0.2658213376998901,0.6640869379043579,0.6357434988021851,297.43218994140625,24.28218994140628,SMAP_L4_SM_gph_20251216T133000_Vv8011_001.h5
2025-12-17,2025-12-17 13:28:55+00:00,8.748,-75.878,0.2684412896633148,0.2634338736534118,0.6421142816543579,0.6300246119499207,297.5410461425781,24.391046142578148,SMAP_L4_SM_gph_20251217T133000_Vv8011_001.h5
2025-12-18,2025-12-18 13:28:55+00:00,8.748,-75.878,0.2682831883430481,0.2608641982078552,0.6417217254638672,0.6239048838615417,297.7382202148437,24.588220214843773,SMAP_L4_SM_gph_20251218T133000_Vv8011_001.h5
2025-12-19,2025-12-19 13:28:55+00:00,8.748,-75.878,0.2856154143810272,0.2608520686626434,0.6831474900245667,0.6238564252853394,297.7648620605469,24.614862060546898,SMAP_L4_SM_gph_20251219T133000_Vv8011_001.h5
2025-12-20,2025-12-20 13:28:55+00:00,8.748,-75.878,0.278680682182312,0.260746568441391,0.6665343046188354,0.623672366142273,297.8443298339844,24.6943298339844,SMAP_L4_SM_gph_20251220T133000_Vv8011_001.h5
2025-12-21,2025-12-21 13:28:55+00:00,8.748,-75.878,0.2487073689699173,0.256946861743927,0.5948430299758911,0.614525318145752,297.3915405273437,24.241540527343773,SMAP_L4_SM_gph_20251221T133000_Vv8011_001.h5
2025-12-22,2025-12-22 13:28:55+00:00,8.748,-75.878,0.2364814579486847,0.2543377578258514,0.5656020641326904,0.6083030104637146,297.42901611328125,24.27901611328128,SMAP_L4_SM_gph_20251222T133000_Vv8011_001.h5
2025-12-23,2025-12-23 13:28:55+00:00,8.748,-75.878,0.2302734106779098,0.2517018318176269,0.5507320761680603,0.6019991040229797,297.7881774902344,24.6381774902344,SMAP_L4_SM_gph_20251223T133000_Vv8011_001.h5
2025-12-24,2025-12-24 13:28:55+00:00,8.748,-75.878,0.2236522436141967,0.2491311430931091,0.5348297357559204,0.5957915186882019,297.9120483398437,24.762048339843773,SMAP_L4_SM_gph_20251224T133000_Vv8011_001.h5
2025-12-25,2025-12-25 13:28:55+00:00,8.748,-75.878,0.2189278751611709,0.2469678372144699,0.5235839486122131,0.5907530188560486,297.43438720703125,24.28438720703128,SMAP_L4_SM_gph_20251225T133000_Vv8011_001.h5
2025-12-26,2025-12-26 13:28:55+00:00,8.748,-75.878,0.2147459238767624,0.2449983358383178,0.5135927200317383,0.5859864950180054,297.4546203613281,24.304620361328148,SMAP_L4_SM_gph_20251226T133000_Vv8011_001.h5
2025-12-27,2025-12-27 13:28:55+00:00,8.748,-75.878,0.2112648040056228,0.2429116368293762,0.5053187012672424,0.5810736417770386,297.179443359375,24.029443359375023,SMAP_L4_SM_gph_20251227T133000_Vv8011_001.h5
2025-12-28,2025-12-28 13:28:55+00:00,8.748,-75.878,0.2046377807855606,0.2407130748033523,0.4894589483737945,0.5756990909576416,297.2390441894531,24.089044189453148,SMAP_L4_SM_gph_20251228T133000_Vv8011_001.h5
2025-12-29,2025-12-29 13:28:55+00:00,8.748,-75.878,0.188055619597435,0.2375747859477996,0.4497763812541961,0.5682235360145569,297.339599609375,24.189599609375023,SMAP_L4_SM_gph_20251229T133000_Vv8011_001.h5
2025-12-30,2025-12-30 13:28:55+00:00,8.748,-75.878,0.1906140297651291,0.2357887625694275,0.4558287262916565,0.5639462471008301,297.93951416015625,24.78951416015628,SMAP_L4_SM_gph_20251230T133000_Vv8011_001.h5
2025-12-31,2025-12-31 13:28:55+00:00,8.748,-75.878,0.1838373243808746,0.2335705459117889,0.4396752715110779,0.5586796998977661,298.1507568359375,25.000756835937523,SMAP_L4_SM_gph_20251231T133000_Vv8011_001.h5
