fecha,sm_surface,sm_rootzone,sm_surface_wetness,sm_rootzone_wetness,soil_temp_layer1_celsius,observaciones_smap
2020-01-01,0.1802038345485925,0.18661007471382615,0.43097733706235886,0.44635921716690063,26.65396652221682,8
2020-01-02,0.17564861848950383,0.1852126251906156,0.4201150462031364,0.44300825893878937,26.795224761962913,8
2020-01-03,0.16604262590408322,0.18361036665737626,0.39712631702423096,0.4391596168279648,27.014257049560573,8
2020-01-04,0.1510354224592447,0.1815095245838165,0.361258577555418,0.4341431446373462,27.042146301269554,8
2020-01-05,0.15032769553363318,0.18022424355149264,0.35955860465765,0.4310562387108803,26.940408325195335,8
2020-01-06,0.1503249984234571,0.17934609018266198,0.3595541678369045,0.42893617600202555,26.511495208740257,8
2020-01-07,0.14313006028532976,0.17805851064622397,0.3422948606312275,0.4258851259946823,26.602555847167995,8
2020-01-08,0.1405385546386242,0.17662611603736875,0.33612118661403656,0.42243813723325724,26.99994812011721,8
2020-01-09,0.1284357830882072,0.1748667154461145,0.3072164058685303,0.41827548667788506,27.203626251220726,8
2020-01-10,0.11697599198669191,0.17319288477301592,0.27978901937603945,0.41421682015061373,26.73453292846682,8
2020-01-11,0.12944658286869523,0.1726750079542398,0.309610303491354,0.4130164422094822,26.86343154907229,8
2020-01-12,0.121759096160531,0.17133024148643014,0.29124343022704124,0.4097972735762596,27.225110626220726,8
2020-01-13,0.12957888469099993,0.171136375516653,0.30991188809275627,0.4093213751912117,27.065614318847683,8
2020-01-14,0.12927304115146393,0.1702274046838283,0.30920061841607094,0.4071645736694336,27.302548980712913,8
2020-01-15,0.11540163587778803,0.16866071894764897,0.2759981676936149,0.40337351337075233,27.19195709228518,8
2020-01-16,0.11399973463267084,0.1676118448376655,0.27265341952443123,0.4009356386959552,27.757112121582054,8
2020-01-17,0.10539690498262638,0.16639043577015394,0.25209237821400166,0.39792914688587183,28.3469062805176,8
2020-01-18,0.09943624399602409,0.16508316807448864,0.23783163167536253,0.3948068954050541,28.859067535400413,8
2020-01-19,0.10776321124285457,0.16500849090516564,0.2577527649700641,0.3946559689939022,28.68142471313479,8
2020-01-20,0.10963576193898912,0.16458434797823424,0.26221054047346115,0.3936316072940826,28.163350677490257,8
2020-01-21,0.12452576123178002,0.16486949659883973,0.29783473536372185,0.39433169364929194,27.573739624023464,8
2020-01-22,0.1306547615677118,0.16505024209618566,0.31249809637665743,0.394810501486063,26.966424560546898,8
2020-01-23,0.1398123353719711,0.1655214428901672,0.3343758285045624,0.3958992958068847,24.909020996093773,1
2020-01-24,0.1359448730945587,0.16500124335289,0.3252438902854919,0.3947175443172455,24.6462341308594,1
2020-01-25,0.1370177417993545,0.1648712009191513,0.3277705013751983,0.3942824006080627,24.57857666015628,1
2020-01-26,0.1265723258256912,0.1640639901161193,0.3026622533798218,0.3924154639244079,24.52071533203128,1
2020-01-27,0.1279934495687484,0.1639441549777984,0.3061171770095825,0.3921034038066864,24.236657714843773,1
2020-01-28,0.1261498481035232,0.1634758561849594,0.3017839789390564,0.3910198509693146,24.2724548339844,1
2020-01-29,0.1364684700965881,0.1635927706956863,0.3264736235141754,0.3912138342857361,24.875878906250023,1
2020-01-30,0.1331855058670044,0.1630013436079025,0.3185528814792633,0.3897981643676758,25.050164794921898,1
2020-01-31,0.1246758252382278,0.1622470319271087,0.2982065379619598,0.3881057798862457,25.338952636718773,1
2020-02-01,0.1263997256755828,0.1619063764810562,0.3022875189781189,0.3872326612472534,25.466455078125023,1
2020-02-02,0.1653814166784286,0.1640551686286926,0.3955554664134979,0.3922703564167022,25.903985595703148,1
2020-02-03,0.1831926256418228,0.1701837629079818,0.4382605254650116,0.4071176052093506,25.642907714843773,1
2020-02-04,0.1453611105680465,0.1668796986341476,0.3476665019989013,0.3991987109184265,25.242944335937523,1
2020-02-05,0.1312229186296463,0.1649002283811569,0.3138002157211303,0.3943579792976379,25.038354492187523,1
2020-02-06,0.1243872717022895,0.1635945290327072,0.2974958419799804,0.3913287818431854,25.310876464843773,1
2020-02-07,0.1129544898867607,0.1621071696281433,0.2701077759265899,0.387682169675827,25.485375976562523,1
2020-02-08,0.107793815433979,0.1609658002853393,0.2578514814376831,0.3849594295024872,26.247735595703148,1
2020-02-09,0.115672267973423,0.1610217243432998,0.2766159176826477,0.3851904273033142,25.274682617187523,1
2020-02-10,0.1087220311164856,0.159970685839653,0.2600044012069702,0.3825544416904449,24.995690917968773,1
2020-02-11,0.1025382801890373,0.1590191423892974,0.2452147901058197,0.3803853988647461,25.046014404296898,1
2020-02-12,0.1068097725510597,0.1588291227817535,0.2554768323898315,0.3798313736915588,25.423394775390648,1
2020-02-13,0.1029787510633468,0.158110111951828,0.2463223338127136,0.3780726194381714,25.794580078125023,1
2020-02-14,0.1085901632905006,0.1579756140708923,0.2596711814403534,0.3778808712959289,26.241357421875023,1
2020-02-15,0.103456012904644,0.1572316735982895,0.2474419623613357,0.3761417865753174,25.98653564453128,1
2020-02-16,0.0962257832288742,0.1563781648874282,0.2301578521728515,0.3740318715572357,26.286401367187523,1
2020-02-17,0.1003738790750503,0.156166061758995,0.2400857657194137,0.3735425174236297,25.926416015625023,1
2020-02-18,0.0964457392692565,0.1555754095315933,0.2307048141956329,0.3721767663955688,25.673852539062523,1
2020-02-19,0.0891794115304946,0.1546964645385742,0.2132972329854965,0.3700005412101745,26.2722106933594,1
2020-02-20,0.0972415581345558,0.1547471135854721,0.232552170753479,0.3700954914093017,26.97994384765628,1
2020-02-21,0.0956443548202514,0.1541206389665603,0.2287523299455642,0.368625670671463,26.826745605468773,1
2020-02-22,0.104040116071701,0.1541301608085632,0.2488365918397903,0.3687725365161896,26.02779541015628,1
2020-02-23,0.1002510488033294,0.153681144118309,0.2397561371326446,0.3676173090934753,25.569177246093773,1
2020-02-24,0.0955697000026702,0.1532593071460724,0.2285408228635788,0.3665224015712738,25.44527587890628,1
2020-02-25,0.0953600779175758,0.1529512554407119,0.2281263321638107,0.3657927811145782,25.218591308593773,1
2020-02-26,0.0962438583374023,0.1526677161455154,0.2301536500453949,0.3651170134544372,25.79757080078128,1
2020-02-27,0.09600830078125,0.1523489505052566,0.2296188473701477,0.3644339442253113,26.065576171875023,1
2020-02-28,0.0994251146912574,0.1523460447788238,0.2378291338682174,0.3644263446331024,25.51754150390628,1
2020-02-29,0.0970772951841354,0.1518379598855972,0.2321550548076629,0.3631541132926941,26.066064453125023,1
2020-03-01,0.099320963025093,0.1515000015497207,0.2375432252883911,0.3623363673686981,25.943750000000023,1
2020-03-02,0.0968697369098663,0.1510192155838012,0.2317015081644058,0.3612571656703949,25.760034179687523,1
2020-03-03,0.092674933373928,0.1504525691270828,0.2216439992189407,0.3597472310066223,26.272851562500023,1
2020-03-04,0.0894197970628738,0.1499231457710266,0.2138753235340118,0.3585783541202545,26.106530761718773,1
2020-03-05,0.0876663848757743,0.1494355499744415,0.2096489369869232,0.357359379529953,25.688012695312523,1
2020-03-06,0.090625524520874,0.1491426974534988,0.2167606800794601,0.3568297326564789,26.171472167968773,1
2020-03-07,0.0943131446838378,0.1490691751241684,0.2255725860595703,0.3565897345542907,26.257989501953148,1
2020-03-08,0.0962374731898307,0.1488772928714752,0.230197936296463,0.3561154901981354,26.092858886718773,1
2020-03-09,0.1022450551390647,0.1489782929420471,0.2445234358310699,0.3563047051429748,26.053857421875023,1
2020-03-10,0.0931410789489746,0.1482324004173278,0.2227608263492584,0.3545238375663757,26.244653320312523,1
2020-03-11,0.112457275390625,0.1491502225399017,0.2689537107944488,0.3567272424697876,26.144219970703148,1
2020-03-12,0.118295133113861,0.1494911164045334,0.2828888893127441,0.3574304580688476,25.673913574218773,1
2020-03-13,0.1163091957569122,0.1493008285760879,0.2782529294490814,0.3570456206798553,26.0463806152344,1
2020-03-14,0.1109023913741111,0.148829698562622,0.2652480006217956,0.3560283780097961,26.088281250000023,1
2020-03-15,0.1059496030211448,0.1482745856046676,0.2534833550453186,0.3545853793621063,25.747888183593773,1
2020-03-16,0.1014515683054924,0.147803857922554,0.2426389902830124,0.3534954488277435,25.74239501953128,1
2020-03-17,0.0955531373620033,0.1471234560012817,0.2285230159759521,0.3518852591514587,26.336083984375023,1
2020-03-18,0.0900723934173584,0.1464329659938812,0.2154695689678192,0.350248634815216,26.089898681640648,1
2020-03-19,0.1085109636187553,0.1471329629421234,0.2595532238483429,0.351909875869751,26.251092529296898,1
2020-03-20,0.1254674643278122,0.1480572521686554,0.3000814616680145,0.3540078699588775,26.183160400390648,1
2020-03-21,0.1244461983442306,0.1481830328702926,0.2976301610469818,0.3543838262557983,25.780786132812523,1
2020-03-22,0.1342076957225799,0.14933842420578,0.3209883868694305,0.3570581972599029,25.246179199218773,1
2020-03-23,0.116363301873207,0.1479889750480651,0.2783514857292175,0.3540630638599396,25.6970153808594,1
2020-03-24,0.1056363210082054,0.1471841037273407,0.2527108490467071,0.3519581258296966,26.395135498046898,1
2020-03-25,0.1208366379141807,0.147921934723854,0.2889684736728668,0.3538033664226532,26.534051513671898,1
2020-03-26,0.1213451623916626,0.147809162735939,0.2902017533779144,0.3535463809967041,26.638208007812523,1
2020-03-27,0.1131768226623535,0.1472648531198501,0.2706816792488098,0.3522166013717651,26.5236755371094,1
2020-03-28,0.104300282895565,0.1464594453573227,0.2494253069162368,0.350269466638565,26.057153320312523,1
2020-03-29,0.0997938141226768,0.1459794491529464,0.2386893630027771,0.3491552472114563,26.522241210937523,1
2020-03-30,0.0967417806386947,0.1455820649862289,0.2314274162054062,0.3481716215610504,26.579949951171898,1
2020-03-31,0.1027471721172332,0.145656868815422,0.2457025796175003,0.3484145998954773,26.97994384765628,1
2020-04-01,0.1069412901997566,0.1457371115684509,0.2557075023651123,0.3485867381095886,26.990045166015648,1
2020-04-02,0.1116430163383483,0.1458742171525955,0.2670057713985443,0.3488329946994781,25.965661621093773,1
2020-04-03,0.1063777059316635,0.1455645114183426,0.254480630159378,0.3482479751110077,26.117547607421898,1
2020-04-04,0.1104333102703094,0.1459247022867202,0.2641587853431701,0.348964512348175,26.184930419921898,1
2020-04-05,0.107322834432125,0.1456190943717956,0.2566938996315002,0.348353236913681,27.02291259765628,1
2020-04-06,0.1235354766249656,0.146664872765541,0.2955128252506256,0.35074183344841,26.9760681152344,1
2020-04-07,0.142446681857109,0.1488758474588394,0.3407537937164306,0.3561969399452209,27.1264587402344,1
2020-04-08,0.1361782103776931,0.148722231388092,0.3257265090942383,0.3557486832141876,27.421746826171898,1
2020-04-09,0.1243821680545806,0.1479289680719375,0.2974428236484527,0.3537960648536682,27.247857666015648,1
2020-04-10,0.1323861926794052,0.1483761370182037,0.3166133165359497,0.3549097180366516,27.121179199218773,1
2020-04-11,0.13248522579669952,0.14838334918022156,0.3169134557247162,0.354928582906723,27.224176025390648,1
2020-04-12,0.135690838098526,0.14895009994506836,0.32456308603286743,0.35615789890289307,27.241662597656273,1
2020-04-13,0.13504035770893097,0.14893461763858795,0.3231116831302643,0.3561910092830658,27.063348388671898,1
2020-04-14,0.13061556220054626,0.14855100214481354,0.31239330768585205,0.3553648889064789,26.436486816406273,1
2020-04-15,0.1212715357542038,0.1481187641620636,0.29008451104164124,0.35425326228141785,26.041436767578148,1
2020-04-16,0.11382486671209335,0.14726167917251587,0.2721870541572571,0.3522082567214966,26.009484863281273,1
2020-04-17,0.10598393529653549,0.14647530019283295,0.25345608592033386,0.35039564967155457,26.563348388671898,1
2020-04-18,0.11427533626556396,0.1466289907693863,0.2732633650302887,0.3507593274116516,26.274804687500023,1
2020-04-19,0.16541779041290283,0.150629922747612,0.39564940333366394,0.3603315055370331,26.232385253906273,1
2020-04-20,0.15115045011043549,0.15155023336410522,0.36143240332603455,0.36243030428886414,25.865136718750023,1
2020-04-21,0.19634109735488892,0.1560417115688324,0.4696498513221741,0.37319234013557434,26.150354003906273,1
2020-04-22,0.22335092723369598,0.1652851104736328,0.5340918302536011,0.395320862531662,25.965234375000023,1
2020-04-23,0.20995932817459106,0.17118169367313385,0.5021849274635315,0.40952929854393005,25.491937255859398,1
2020-04-24,0.1978360265493393,0.17321133613586426,0.4731839597225189,0.41436734795570374,26.159448242187523,1
2020-04-25,0.175584614276886,0.1703520268201828,0.41993486881256104,0.40743374824523926,26.007135009765648,1
2020-04-26,0.17514507472515106,0.16891200840473175,0.4188869893550873,0.40408045053482056,26.494592285156273,1
2020-04-27,0.15800227224826813,0.1666725128889084,0.37784358859062195,0.39863643050193787,26.504541015625023,1
2020-04-28,0.13818255066871643,0.16441309452056885,0.3306095004081726,0.3932253122329712,26.669946289062523,1
2020-04-29,0.17314843833446503,0.16603456437587738,0.41407790780067444,0.39709964394569397,26.595849609375023,1
2020-04-30,0.17774617671966553,0.16821616888046265,0.42506009340286255,0.40239283442497253,26.170922851562523,1
2020-05-01,0.1595471054315567,0.16695073246955872,0.38161909580230713,0.3993836045265198,25.778100585937523,1
2020-05-02,0.17071281373500824,0.16751550137996674,0.4083266854286194,0.4007296860218048,26.036401367187523,1
2020-05-03,0.158395454287529,0.16650989651679993,0.3788658082485199,0.39833468198776245,26.395745849609398,1
2020-05-04,0.16890671849250793,0.1672530472278595,0.4039808511734009,0.3999495506286621,26.496179199218773,1
2020-05-05,0.17306551337242126,0.16804932057857513,0.41397732496261597,0.4019951820373535,26.489495849609398,1
2020-05-06,0.1640486717224121,0.16727635264396667,0.3922593593597412,0.4000953435897827,26.409204101562523,1
2020-05-07,0.17487084865570068,0.1680508404970169,0.4183151125907898,0.40191394090652466,26.550958251953148,1
2020-05-08,0.1651517003774643,0.16754493117332458,0.3950992226600647,0.4007694721221924,26.469720458984398,1
2020-05-09,0.15435202419757843,0.16658195853233337,0.36911073327064514,0.3984485864639282,26.734826660156273,1
2020-05-10,0.15128231048583984,0.16559147834777832,0.361844003200531,0.39604467153549194,26.680322265625023,1
2020-05-11,0.14152982831001282,0.1645517796278,0.3384680449962616,0.393475741147995,26.728295898437523,1
2020-05-12,0.1836395412683487,0.16655954718589783,0.43923521041870117,0.39834195375442505,25.733666992187523,1
2020-05-13,0.17387624084949493,0.16758012771606445,0.4158928394317627,0.4007759690284729,25.999536132812523,1
2020-05-14,0.15365411341190338,0.1663467288017273,0.3675430119037628,0.39793527126312256,25.731469726562523,1
2020-05-15,0.18015548586845398,0.16852104663848877,0.43089401721954346,0.4031243920326233,26.156762695312523,1
2020-05-16,0.16057303547859192,0.16705727577209473,0.38404950499534607,0.3995872437953949,26.537072753906273,1
2020-05-17,0.27028968930244446,0.18469266593456268,0.6466985940933228,0.44169166684150696,26.392724609375023,1
2020-05-18,0.22607728838920593,0.1943434625864029,0.5407060980796814,0.46490392088890076,26.049920654296898,1
2020-05-19,0.3514050543308258,0.2248317450284958,0.8405167460441589,0.5375814437866211,25.264459228515648,1
2020-05-20,0.2567693591117859,0.22435793280601501,0.6141465902328491,0.5365574359893799,25.194299316406273,1
2020-05-21,0.2258048057556152,0.2129323035478592,0.5400851964950562,0.5094264149665833,26.115502929687523,1
2020-05-22,0.2951198816299438,0.2201420813798904,0.7059836983680725,0.5264874696731567,26.181787109375023,1
2020-05-23,0.2521018385887146,0.2209599316120147,0.6028085947036743,0.5284909605979919,25.90230712890628,1
2020-05-24,0.2242353409528732,0.2134951055049896,0.5363945364952087,0.5106937289237976,26.321191406250023,1
2020-05-25,0.2086206674575805,0.2096168994903564,0.4988696575164795,0.501452624797821,26.1169372558594,1
2020-05-26,0.2116580456495285,0.2078452408313751,0.5062766671180725,0.4970905184745788,26.162744140625023,1
2020-05-27,0.3161699175834656,0.2423160225152969,0.7563346028327942,0.579573392868042,25.851007080078148,1
2020-05-28,0.2872671484947204,0.2493072897195816,0.6871011853218079,0.5962615609169006,24.893426513671898,1
2020-05-29,0.2782767713069916,0.2423720210790634,0.665590226650238,0.5797191858291626,24.704614257812523,1
2020-05-30,0.2955430746078491,0.251991868019104,0.7069849371910095,0.602680504322052,24.663232421875023,1
2020-05-31,0.2824989557266235,0.251875102519989,0.6756955981254578,0.6024503111839294,24.417504882812523,1
2020-06-01,0.2727941274642944,0.2462179213762283,0.6523996591567993,0.5889872312545776,24.42525634765628,1
2020-06-02,0.3018373250961303,0.2521921694278717,0.7218018770217896,0.6032136678695679,24.857019042968773,1
2020-06-03,0.2940763235092163,0.2575699388980865,0.7034154534339905,0.6159263253211975,24.648492431640648,1
2020-06-04,0.2608488202095032,0.2507075071334839,0.6240618228912354,0.5997440814971924,25.059594726562523,1
2020-06-05,0.2767378687858581,0.2479289919137954,0.6620379686355591,0.5929839015007019,25.230554199218773,1
2020-06-06,0.2959277927875519,0.2514785826206207,0.7078685760498047,0.6014689207077026,25.4233337402344,1
2020-06-07,0.2792624235153198,0.251555860042572,0.6680996417999268,0.6016926765441895,25.784997558593773,1
2020-06-08,0.269036591053009,0.2487761974334716,0.6433770656585693,0.5950883626937866,25.622155761718773,1
2020-06-09,0.2677217423915863,0.2470834851264953,0.6403278112411499,0.5909693837165833,26.090966796875023,1
2020-06-10,0.3006859123706817,0.2524941563606262,0.718928337097168,0.6039491891860962,25.31783447265628,1
2020-06-11,0.2638871967792511,0.2493712455034256,0.6312037706375122,0.5965021848678589,24.340356445312523,1
2020-06-12,0.2444698065519333,0.2454074323177337,0.5847426056861877,0.5869795680046082,24.421289062500023,1
2020-06-13,0.2363434582948684,0.2427786439657211,0.5653333067893982,0.5805460214614868,24.972497558593773,1
2020-06-14,0.2651044726371765,0.2423561364412307,0.633903980255127,0.5795819163322449,24.970056152343773,1
2020-06-15,0.3092332184314728,0.2658425271511078,0.7395883202552795,0.6357772350311279,24.829675292968773,1
2020-06-16,0.2825862467288971,0.2585631608963012,0.6757925748825073,0.6183164119720459,25.375787353515648,1
2020-06-17,0.2785554826259613,0.2542596459388733,0.6660243272781372,0.6079812049865723,24.67867431640628,1
2020-06-18,0.2725619375705719,0.2523328959941864,0.6517382860183716,0.6035711169242859,24.889489746093773,1
2020-06-19,0.2781075239181518,0.2506044209003448,0.6652223467826843,0.5993697047233582,25.36690673828128,1
2020-06-20,0.2891168296337127,0.2541453540325165,0.6915959119796753,0.6076827049255371,24.956933593750023,1
2020-06-21,0.3305092751979828,0.264845609664917,0.7902584671974182,0.6334520578384399,24.859185791015648,1
2020-06-22,0.3001036047935486,0.262623518705368,0.7178690433502197,0.6282604932785034,25.213189697265648,1
2020-06-23,0.270294189453125,0.2574789524078369,0.6466484665870667,0.6160073280334473,25.954766845703148,1
2020-06-24,0.2470288276672363,0.2528156340122223,0.5908123850822449,0.6046276688575745,25.741784667968773,1
2020-06-25,0.2390905618667602,0.2498415112495422,0.5718311071395874,0.5976656675338745,26.037377929687523,1
2020-06-26,0.2329865545034408,0.2471596300601959,0.5573133230209351,0.5911048054695129,25.751885986328148,1
2020-06-27,0.3090918064117431,0.2577359080314636,0.7390974760055542,0.616455078125,25.302056884765648,1
2020-06-28,0.3152901232242584,0.2680759131908417,0.7539057731628418,0.6412636637687683,24.377496337890648,1
2020-06-29,0.2717430591583252,0.2611205875873565,0.6499729752540588,0.6244251132011414,24.593591308593773,1
2020-06-30,0.2544249892234802,0.2564789056777954,0.608599066734314,0.6135048866271973,24.77364501953128,1
2020-07-01,0.2612380087375641,0.2553083896636963,0.624705970287323,0.6105582118034363,24.406579589843773,1
2020-07-02,0.2462660670280456,0.2504548132419586,0.589078426361084,0.5989155173301697,24.601159667968773,1
2020-07-03,0.2618076801300049,0.2514161169528961,0.6261271238327026,0.6012319326400757,24.681573486328148,1
2020-07-04,0.311860978603363,0.2595116198062897,0.7457242608070374,0.6208761930465698,24.810388183593773,1
2020-07-05,0.2899537086486816,0.2588904500007629,0.6936429738998413,0.6192123889923096,24.179345703125023,1
2020-07-06,0.262223333120346,0.2546851336956024,0.6271018981933594,0.6091334223747253,24.764245605468773,1
2020-07-07,0.2497147023677826,0.2508294582366943,0.5971131324768066,0.599914014339447,25.604058837890648,1
2020-07-08,0.2985035479068756,0.2571251988410949,0.7139119505882263,0.6149892210960388,24.534692382812523,1
2020-07-09,0.2720133662223816,0.2540395557880401,0.6505656242370605,0.6076508164405823,24.528161621093773,1
2020-07-10,0.2527052462100982,0.2496623694896698,0.6045133471488953,0.5972945094108582,25.233056640625023,1
2020-07-11,0.2654121220111847,0.2495860606431961,0.6347992420196533,0.5969140529632568,24.145043945312523,1
2020-07-12,0.3413874804973602,0.2673902809619903,0.8163781762123108,0.6396030187606812,24.689508056640648,1
2020-07-13,0.2775161564350128,0.2607052028179168,0.6638908386230469,0.6234912276268005,24.899926757812523,1
2020-07-14,0.3480653464794159,0.2808343768119812,0.8325656652450562,0.6717017889022827,24.657556152343773,1
2020-07-15,0.3033957779407501,0.2759180068969726,0.7253966927528381,0.6598218083381653,25.472192382812523,1
2020-07-16,0.28252974152565,0.2681360244750976,0.6757501363754272,0.6411761045455933,25.617303466796898,1
2020-07-17,0.2831984162330627,0.2657816410064697,0.6773906350135803,0.6357137560844421,24.836572265625023,1
2020-07-18,0.2704451382160187,0.2628486454486847,0.6465849280357361,0.6286496520042419,25.757348632812523,1
2020-07-19,0.2649016380310058,0.2600396871566772,0.6334601044654846,0.6218596696853638,25.856561279296898,1
2020-07-20,0.327041894197464,0.2707802355289459,0.7820358276367188,0.6477342247962952,25.164117431640648,1
2020-07-21,0.3040976226329803,0.2730287313461303,0.72725909948349,0.6532390713691711,24.163262939453148,1
2020-07-22,0.3178827464580536,0.2738365530967712,0.7602847814559937,0.6548263430595398,23.824029541015648,1
2020-07-23,0.3111820220947265,0.2784673273563385,0.7444266080856323,0.6660361886024475,23.9067321777344,1
2020-07-24,0.2946354746818542,0.2735030949115753,0.7046940326690674,0.6541051268577576,24.298608398437523,1
2020-07-25,0.3129920363426208,0.2748904824256897,0.7488017082214355,0.6575656533241272,23.696923828125023,1
2020-07-26,0.2983359098434448,0.2731354534626007,0.7135059237480164,0.6533691883087158,24.049218750000023,1
2020-07-27,0.301061064004898,0.2723335027694702,0.7201403379440308,0.6514788866043091,24.54854736328128,1
2020-07-28,0.287057489156723,0.2698867321014404,0.6865226626396179,0.6452880501747131,24.750543212890648,1
2020-07-29,0.277202159166336,0.2672860026359558,0.6631016731262207,0.6393317580223083,25.391992187500023,1
2020-07-30,0.2799974977970123,0.2656879723072052,0.6696802377700806,0.6354697942733765,25.504693603515648,1
2020-07-31,0.2899881303310394,0.2664136290550232,0.6934542059898376,0.6371612548828125,25.77022705078128,1
2020-08-01,0.2820980250835418,0.2653837203979492,0.6747215390205383,0.6347522735595703,25.00020751953128,1
2020-08-02,0.267675369977951,0.263321042060852,0.6402596235275269,0.6297308206558228,25.338006591796898,1
2020-08-03,0.3033647239208221,0.264741837978363,0.7254000306129456,0.633034348487854,25.907983398437523,1
2020-08-04,0.2914292514324188,0.2657045722007751,0.6969779133796692,0.6354398727416992,25.424707031250023,1
2020-08-05,0.3285903930664062,0.2722514867782593,0.78603196144104,0.6510212421417236,25.488427734375023,1
2020-08-06,0.318563848733902,0.2795756757259369,0.7619569301605225,0.6685993075370789,24.6015563964844,1
2020-08-07,0.3034048676490783,0.2740733623504638,0.7256872653961182,0.6554656028747559,24.671411132812523,1
2020-08-08,0.2810976505279541,0.2697115540504455,0.6722362041473389,0.6452232003211975,25.5578552246094,1
2020-08-09,0.2632039487361908,0.2656123638153076,0.6296972036361694,0.6352732181549072,26.008355712890648,1
2020-08-10,0.3241836726665497,0.2716113924980163,0.7753896117210388,0.6495527029037476,25.73531494140628,1
2020-08-11,0.3231697380542755,0.2819673717021942,0.7729585766792297,0.6744768023490906,25.11275634765628,1
2020-08-12,0.2978735566139221,0.2772232294082641,0.7125756144523621,0.6630454659461975,25.1691833496094,1
2020-08-13,0.2885715663433075,0.2734333276748657,0.6902377009391785,0.6539973616600037,25.858758544921898,1
2020-08-14,0.30205237865448,0.2735549509525299,0.7224084138870239,0.6542402505874634,25.279199218750023,1
2020-08-15,0.3321326673030853,0.2881239950656891,0.7943351864814758,0.6892635822296143,24.252526855468773,1
2020-08-16,0.3014627695083618,0.2815006375312805,0.7211336493492126,0.6731424927711487,24.225976562500023,1
2020-08-17,0.3252611458301544,0.2846022844314575,0.7779760956764221,0.6807666420936584,24.3376403808594,1
2020-08-18,0.3092091977596283,0.2834384143352508,0.7396570444107056,0.6779109239578247,24.515740966796898,1
2020-08-19,0.3155391216278076,0.2833755016326904,0.7544359564781189,0.6775768995285034,24.367547607421898,1
2020-08-20,0.3218795359134674,0.2868171036243438,0.7697907090187073,0.6858651638031006,23.962304687500023,1
2020-08-21,0.3159762024879455,0.2847782671451568,0.7556381225585938,0.681247353553772,24.133843994140648,1
2020-08-22,0.3145155310630798,0.2830680906772613,0.7522751092910767,0.6769236326217651,24.211083984375023,1
2020-08-23,0.319719910621643,0.28436079621315,0.7644966840744019,0.6802114248275757,24.261865234375023,1
2020-08-24,0.3149980902671814,0.2839155793190002,0.7534027099609375,0.6791025996208191,24.237390136718773,1
2020-08-25,0.2994027733802795,0.2807721197605133,0.7160810828208923,0.6715394854545593,24.25386962890628,1
2020-08-26,0.2915005683898926,0.2785199284553528,0.6972987055778503,0.6660991311073303,23.888116455078148,1
2020-08-27,0.2854138612747192,0.2766185700893402,0.682573676109314,0.6615214943885803,24.538629150390648,1
2020-08-28,0.2814880311489105,0.2750736176967621,0.6732937097549438,0.6578951478004456,24.702722167968773,1
2020-08-29,0.3184212744235992,0.2781700193881988,0.7615197896957397,0.6654092073440552,24.976190185546898,1
2020-08-30,0.3097113370895386,0.2789159417152405,0.740965723991394,0.667153537273407,23.834619140625023,1
2020-08-31,0.2897487282752991,0.2755962908267975,0.692894697189331,0.6590348482131958,24.405084228515648,1
2020-09-01,0.2670385241508484,0.2712443768978119,0.6387081742286682,0.6485739946365356,24.661950683593773,1
2020-09-02,0.3313349485397339,0.2798549234867096,0.7924613952636719,0.6694969534873962,24.464440917968773,1
2020-09-03,0.3057870864868164,0.2825933992862701,0.7313883900642395,0.675982654094696,24.198266601562523,1
2020-09-04,0.3247450888156891,0.2844437658786773,0.7766126394271851,0.6802579164505005,24.008355712890648,1
2020-09-05,0.3012838065624237,0.2806641459465027,0.7204164862632751,0.6711620092391968,24.298242187500023,1
2020-09-06,0.3231904804706573,0.2809366583824157,0.7728904485702515,0.6721384525299072,24.67989501953128,1
2020-09-07,0.3170234560966491,0.2847574353218078,0.7582869529724121,0.6812670230865479,23.8764587402344,1
2020-09-08,0.3317019939422607,0.2929064631462097,0.7934205532073975,0.70079505443573,23.536279296875023,1
2020-09-09,0.3096841275691986,0.2867854237556457,0.7406923174858093,0.6860268115997314,23.84273681640628,1
2020-09-10,0.3030226826667785,0.2821783423423767,0.7247664332389832,0.674878716468811,24.1772399902344,1
2020-09-11,0.294887363910675,0.2794823944568634,0.7051326632499695,0.6685039401054382,25.243066406250023,1
2020-09-12,0.2840902507305145,0.2765833437442779,0.6794387102127075,0.6615036725997925,24.957604980468773,1
2020-09-13,0.2796396017074585,0.2749643921852112,0.6687491536140442,0.6575138568878174,25.002740478515648,1
2020-09-14,0.2863838374614715,0.2751057147979736,0.685044527053833,0.6580522656440735,24.66939697265628,1
2020-09-15,0.2985050082206726,0.2730326652526855,0.7141363024711609,0.6529309153556824,24.806298828125023,1
2020-09-16,0.3157340884208679,0.2781591415405273,0.7552466988563538,0.6653808951377869,24.587487792968773,1
2020-09-17,0.2752783000469208,0.2699112892150879,0.658399760723114,0.6454993486404419,24.2570739746094,1
2020-09-18,0.29675352573394775,0.2709485590457916,0.7096595168113708,0.6478550434112549,24.212609863281273,1
2020-09-19,0.2889569103717804,0.27016037702560425,0.6908960938453674,0.6462446451187134,24.651330566406273,1
2020-09-20,0.28753626346588135,0.2684638500213623,0.6877331733703613,0.642126739025116,24.526696777343773,1
2020-09-21,0.30416470766067505,0.2702468931674957,0.7277430295944214,0.6463961005210876,24.436730957031273,1
2020-09-22,0.292178213596344,0.2700870633125305,0.6989457607269287,0.6458094716072083,24.494714355468773,1
2020-09-23,0.26275917887687683,0.26570072770118713,0.6284652948379517,0.6354070901870728,24.599206542968773,1
2020-09-24,0.2662372291088104,0.2644737958908081,0.6366046071052551,0.6327050924301147,24.580987548828148,1
2020-09-25,0.37257298827171326,0.28226232528686523,0.8912020921707153,0.6750975847244263,24.295434570312523,1
2020-09-26,0.30169299244880676,0.27854761481285095,0.7216068506240845,0.666171669960022,23.984368896484398,1
2020-09-27,0.3324827551841736,0.2829601764678955,0.7954622507095337,0.6768868565559387,24.339959716796898,1
2020-09-28,0.3037773072719574,0.2797408103942871,0.7264813780784607,0.6692734956741333,23.978204345703148,1
2020-09-29,0.2851058542728424,0.27496713399887085,0.6819038987159729,0.6576916575431824,24.618615722656273,1
2020-09-30,0.3143138587474823,0.2776051461696625,0.7520079016685486,0.6639890670776367,24.177941894531273,1
2020-10-01,0.2832088768482208,0.27339309453964233,0.677194356918335,0.6541367173194885,23.871240234375023,1
2020-10-02,0.28385263681411743,0.27152931690216064,0.6788080334663391,0.6494127511978149,24.174859619140648,1
2020-10-03,0.3081386983394623,0.2734004557132721,0.7369803786277771,0.6539118885993958,24.267053222656273,1
2020-10-04,0.3254043459892273,0.2903760075569153,0.7782794237136841,0.6944592595100403,23.837213134765648,1
2020-10-05,0.31125324964523315,0.2852078676223755,0.7443902492523193,0.6821449398994446,23.877465820312523,1
2020-10-06,0.3316033184528351,0.30505889654159546,0.7931252121925354,0.7294612526893616,24.249566650390648,1
2020-10-07,0.32320499420166016,0.29367944598197937,0.7728877067565918,0.7022913098335266,24.474511718750023,1
2020-10-08,0.3233157694339752,0.28883540630340576,0.7731562256813049,0.6909179091453552,24.036889648437523,1
2020-10-09,0.3343820869922638,0.2897287905216217,0.7997221350669861,0.6928982138633728,24.292443847656273,1
2020-10-10,0.3150094747543335,0.2862664461135864,0.7533933520317078,0.6847261190414429,24.685662841796898,1
2020-10-11,0.31302058696746826,0.2841346859931946,0.7486613988876343,0.6796959638595581,25.634118652343773,1
2020-10-12,0.31220173835754395,0.28216490149497986,0.7467647194862366,0.6747700572013855,24.843377685546898,1
2020-10-13,0.32284483313560486,0.28395798802375793,0.7721800208091736,0.679139256477356,24.623040771484398,1
2020-10-14,0.31179079413414,0.28344112634658813,0.7456854581832886,0.6779178380966187,23.978417968750023,1
2020-10-15,0.3035244941711426,0.2812845706939697,0.7260600328445435,0.6728231310844421,24.813714599609398,1
2020-10-16,0.2897360622882843,0.2788681387901306,0.6929757595062256,0.6667847037315369,25.107446289062523,1
2020-10-17,0.3000302016735077,0.2783032953739166,0.7177136540412903,0.6656088829040527,25.588342285156273,1
2020-10-18,0.3037138879299164,0.2782582640647888,0.7263949513435364,0.6654915809631348,24.781213378906273,1
2020-10-19,0.29899677634239197,0.27720052003860474,0.7150800228118896,0.6631565690040588,24.382745361328148,1
2020-10-20,0.28853553533554077,0.2757970690727234,0.6899365186691284,0.659580647945404,23.984796142578148,1
2020-10-21,0.28775590658187866,0.2745630443096161,0.6883080005645752,0.6568605303764343,24.349328613281273,1
2020-10-22,0.27742692828178406,0.2723749876022339,0.6636239886283875,0.6515133380889893,24.645318603515648,1
2020-10-23,0.3018147051334381,0.27365654706954956,0.721795916557312,0.6546015739440918,24.845666503906273,1
2020-10-24,0.3115573227405548,0.2756890654563904,0.7453215718269348,0.6593731045722961,24.368402099609398,1
2020-10-25,0.29355189204216003,0.2739209532737732,0.7022107839584351,0.6553130745887756,23.678887939453148,1
2020-10-26,0.2753003239631653,0.27090325951576233,0.6582739949226379,0.6480774879455566,24.527185058593773,1
2020-10-27,0.27349454164505005,0.26940733194351196,0.6540378332138062,0.6443344950675964,25.039392089843773,1
2020-10-28,0.2728788256645202,0.2680774331092834,0.6528114080429077,0.6412677764892578,24.97921142578128,1
2020-10-29,0.2849600911140442,0.268292099237442,0.6817471981048584,0.641753077507019,24.32808837890628,1
2020-10-30,0.2722088396549225,0.2661108672618866,0.6511474251747131,0.6364237070083618,24.39840087890628,1
2020-10-31,0.2874352931976318,0.2656634449958801,0.6874129176139832,0.6354798078536987,24.03194580078128,1
2020-11-01,0.3050905168056488,0.2700657248497009,0.7296416163444519,0.6457537412643433,24.089624023437523,1
2020-11-02,0.2897041440010071,0.2681143879890442,0.6931273341178894,0.6411198377609253,23.930017089843773,1
2020-11-03,0.2728419899940491,0.265309065580368,0.6524512767791748,0.6347044706344604,24.0715270996094,1
2020-11-04,0.2747032642364502,0.2633799016475677,0.6569729447364807,0.6299577355384827,24.212182617187523,1
2020-11-05,0.2649111151695251,0.261136919260025,0.6335069537162781,0.6246380805969238,24.369927978515648,1
2020-11-06,0.2634114325046539,0.2594889998435974,0.6301460862159729,0.6204761266708374,23.99947509765628,1
2020-11-07,0.2397030591964721,0.2567671239376068,0.5732982158660889,0.6142780184745789,23.4851013183594,1
2020-11-08,0.2545159161090851,0.2556985914707184,0.6086785197257996,0.6117680072784424,24.089898681640648,1
2020-11-09,0.2501826882362366,0.254532516002655,0.5984249114990234,0.6088836789131165,24.058648681640648,1
2020-11-10,0.3368522524833679,0.2660169303417206,0.8057472109794617,0.6361790299415588,23.5622497558594,1
2020-11-11,0.301326721906662,0.2661489248275757,0.7206883430480957,0.6364489197731018,23.218621826171898,1
2020-11-12,0.2936877310276031,0.2679100930690765,0.7025277018547058,0.6409056782722473,23.76046142578128,1
2020-11-13,0.2649913430213928,0.262830376625061,0.6336877346038818,0.6285039782524109,23.79659423828128,1
2020-11-14,0.2687166333198547,0.26084965467453,0.6425447463989258,0.6236968040466309,23.620782470703148,1
2020-11-15,0.2699196934700012,0.2591980695724487,0.6455684304237366,0.6201101541519165,23.207788085937523,1
2020-11-16,0.2605941891670227,0.2576132118701935,0.6233364939689636,0.6162092089653015,23.29610595703128,1
2020-11-17,0.28060382604599,0.258508563041687,0.6710278391838074,0.6182689070701599,23.711236572265648,1
2020-11-18,0.3101539611816406,0.2731055021286011,0.7418751120567322,0.6530468463897705,24.018395996093773,1
2020-11-19,0.30281463265419,0.2764231860637665,0.724298894405365,0.6611602306365967,24.036035156250023,1
2020-11-20,0.2942447066307068,0.2698615193367004,0.7036328911781311,0.6452957987785339,24.308404541015648,1
2020-11-21,0.2779886722564697,0.2666814625263214,0.6647741794586182,0.6377113461494446,23.653741455078148,1
2020-11-22,0.26890629529953,0.2646631300449371,0.6430661082267761,0.6329765319824219,24.082604980468773,1
2020-11-23,0.264155775308609,0.2621988356113434,0.6316022276878357,0.6270575523376465,24.674401855468773,1
2020-11-24,0.2570614516735077,0.2600658237934112,0.6148543357849121,0.621853768825531,25.034722900390648,1
2020-11-25,0.2590944468975067,0.2588427662849426,0.6196185350418091,0.6191621422767639,25.160241699218773,1
2020-11-26,0.2524172961711883,0.2568602859973907,0.6038072109222412,0.6144469380378723,24.657098388671898,1
2020-11-27,0.2484556585550308,0.2553963363170624,0.594357430934906,0.6110313534736633,24.39962158203128,1
2020-11-28,0.2624985575675964,0.2549782395362854,0.6280357241630554,0.6099197268486023,24.218041992187523,1
2020-11-29,0.3054228127002716,0.2624745368957519,0.7306398153305054,0.6278721690177917,24.846093750000023,1
2020-11-30,0.2919074892997741,0.2616578340530395,0.6981878280639648,0.6257733106613159,24.428155517578148,1
2020-12-01,0.3006356954574585,0.2655054628849029,0.7190238833427429,0.6349717974662781,24.381280517578148,1
2020-12-02,0.2937318384647369,0.2639347612857818,0.7026299238204956,0.6312779188156128,24.09859619140628,1
2020-12-03,0.2984789609909057,0.263945072889328,0.7137508392333984,0.6315488815307617,23.928155517578148,1
2020-12-04,0.2793585658073425,0.2613332271575928,0.6680320501327515,0.6250754594802856,24.323388671875023,1
2020-12-05,0.2615000605583191,0.2581788003444671,0.6252503991127014,0.6173136234283447,24.546563720703148,1
2020-12-06,0.2462421953678131,0.255042165517807,0.5890525579452515,0.6098420023918152,24.420251464843773,1
2020-12-07,0.2479202002286911,0.25363290309906,0.593075156211853,0.6064950823783875,24.357049560546898,1
2020-12-08,0.2641306817531585,0.2536132335662842,0.6318958401679993,0.6064438223838806,24.752557373046898,1
2020-12-09,0.2424973994493484,0.2506862878799438,0.5800908207893372,0.5996149182319641,25.06075439453128,1
2020-12-10,0.2447400093078613,0.2494830787181854,0.5853025913238525,0.5967310070991516,24.6830993652344,1
2020-12-11,0.242569014430046,0.2480233758687973,0.5802990794181824,0.5931675434112549,24.76705322265628,1
2020-12-12,0.2331859320402145,0.2459357231855392,0.5577244758605957,0.5882522463798523,24.738824462890648,1
2020-12-13,0.2287148386240005,0.2440141439437866,0.5470892190933228,0.583536684513092,24.36324462890628,1
2020-12-14,0.2173871546983719,0.2414129227399826,0.5199292302131653,0.5774938464164734,24.842675781250023,1
2020-12-15,0.2138741612434387,0.239103689789772,0.511526346206665,0.5719050765037537,24.390649414062523,1
2020-12-16,0.2166763991117477,0.2375985085964203,0.5183749198913574,0.568138062953949,24.345788574218773,1
2020-12-17,0.1962512135505676,0.2340750694274902,0.4693365097045898,0.5598803758621216,24.27413330078128,1
2020-12-18,0.2013595700263977,0.2327895015478134,0.4816929996013641,0.556855320930481,24.630517578125023,1
2020-12-19,0.2053527534008026,0.2314492315053939,0.4910820722579956,0.5536026954650879,24.472985839843773,1
2020-12-20,0.1940884590148925,0.2291308492422104,0.4641826450824737,0.5481488108634949,24.212060546875023,1
2020-12-21,0.2030285447835922,0.2279136925935745,0.4855339825153351,0.5450693964958191,24.331109619140648,1
2020-12-22,0.1819708496332168,0.2247053533792495,0.4352900385856628,0.5375702977180481,24.870263671875023,1
2020-12-23,0.1848413348197937,0.2229471057653427,0.4420624077320099,0.5332804918289185,25.403497314453148,1
2020-12-24,0.1900587081909179,0.2216668874025344,0.454601526260376,0.5302698612213135,25.00777587890628,1
2020-12-25,0.1856718212366104,0.2198332548141479,0.4440552294254303,0.5257943272590637,25.124627685546898,1
2020-12-26,0.1980381160974502,0.2191994190216064,0.4736637771129608,0.5241832733154297,24.675195312500023,1
2020-12-27,0.1930004507303238,0.2176880538463592,0.4615633487701416,0.520643949508667,24.411157226562523,1
2020-12-28,0.1720410138368606,0.2147836089134216,0.4114865064620971,0.5136297345161438,23.49483642578128,1
2020-12-29,0.1771873980760574,0.2135480046272277,0.4238002002239227,0.5107355117797852,23.797448730468773,1
2020-12-30,0.1714708805084228,0.2115822434425354,0.4100850820541382,0.5061485767364502,23.790673828125023,1
2020-12-31,0.1725631803274154,0.210123062133789,0.4127071797847748,0.5024909377098083,23.827539062500023,1
2021-01-01,0.1745400726795196,0.2086274027824401,0.4174462854862213,0.4989456236362457,23.894555664062523,1
2021-01-02,0.163357675075531,0.2062743455171585,0.3907460868358612,0.4934486746788025,24.255914306640648,1
2021-01-03,0.1628642976284027,0.2046443223953247,0.3896129727363586,0.4893926084041595,24.4748474121094,1
2021-01-04,0.1654362380504608,0.2032360285520553,0.3956327140331268,0.4860849976539612,24.48922119140628,1
2021-01-05,0.1546619832515716,0.2017531096935272,0.3699999153614044,0.4825349450111389,23.470025634765648,1
2021-01-06,0.1566546857357025,0.2001542448997497,0.3746646046638489,0.4787570536136627,23.6555114746094,1
2021-01-07,0.1527605801820755,0.1983797997236251,0.3653788268566131,0.4745103716850281,23.705194091796898,1
2021-01-08,0.1518941968679428,0.197003424167633,0.3634032309055328,0.471211314201355,24.340417480468773,1
2021-01-09,0.2384246587753296,0.2033967673778534,0.5702193379402161,0.4865148663520813,24.1120544433594,1
2021-01-10,0.2309876680374145,0.2045357823371887,0.5523592829704285,0.4891093075275421,24.367333984375023,1
2021-01-11,0.2229433357715606,0.203118234872818,0.5332460999488831,0.4857776463031769,24.783471679687523,1
2021-01-12,0.2182312607765197,0.2019259929656982,0.5218636989593506,0.4830813705921173,24.860772705078148,1
2021-01-13,0.1929726600646972,0.1988962143659591,0.4615991711616516,0.4757774174213409,24.74044189453128,1
2021-01-14,0.1836330294609069,0.1968363970518112,0.4391841888427734,0.47081258893013,24.682763671875023,1
2021-01-15,0.1653284877538681,0.1943575739860534,0.3953673541545868,0.4647707045078277,24.635827636718773,1
2021-01-16,0.1690438687801361,0.193465381860733,0.4042885303497314,0.462634414434433,24.614556884765648,1
2021-01-17,0.1655091345310211,0.1924861222505569,0.3957856595516205,0.4603079259395599,24.536737060546898,1
2021-01-18,0.1628061383962631,0.1908485293388366,0.389457494020462,0.4565135836601257,24.753533935546898,1
2021-01-19,0.1602516323328018,0.1898390799760818,0.3832798302173614,0.4541085958480835,24.447595214843773,1
2021-01-20,0.1513914316892624,0.1879904866218567,0.3620760142803192,0.4495461583137512,24.336267089843773,1
2021-01-21,0.1478404551744461,0.1863523125648498,0.3536213934421539,0.4456766545772552,24.57955322265628,1
2021-01-22,0.1422114968299865,0.1850048452615738,0.340169757604599,0.4425274431705475,24.746240234375023,1
2021-01-23,0.1369780749082565,0.1836545467376709,0.3277262449264526,0.4391637444496155,24.749108886718773,1
2021-01-24,0.1356665045022964,0.182717353105545,0.3244456648826599,0.4370069205760956,24.735772705078148,1
2021-01-25,0.1339518874883651,0.1816955804824829,0.3204003870487213,0.4345367848873138,25.0820251464844,1
2021-01-26,0.1314830929040908,0.1805920749902725,0.3145407736301422,0.4319743812084198,25.12130126953128,1
2021-01-27,0.1285597532987594,0.1793067157268524,0.3075421452522278,0.4289583563804626,25.343103027343773,1
2021-01-28,0.1278119385242462,0.1782094985246658,0.3057511448860168,0.4262382984161377,25.5153747558594,1
2021-01-29,0.1197264045476913,0.176952064037323,0.2863382697105407,0.4232122004032135,25.103845214843773,1
2021-01-30,0.117402546107769,0.1757698655128479,0.2807945609092712,0.4203914105892181,24.725122070312523,1
2021-01-31,0.1147584542632103,0.1744958609342575,0.2745152115821838,0.4173600971698761,24.57686767578128,1
2021-02-01,0.1159602105617523,0.1735380142927169,0.2773827016353607,0.4150519371032715,25.04073486328128,1
2021-02-02,0.1164760887622833,0.1729655712842941,0.2785582244396209,0.4136863648891449,25.925103759765648,1
2021-02-03,0.1129782050848007,0.1722751557826995,0.2702172398567199,0.4120874404907226,25.281671142578148,1
2021-02-04,0.1137846335768699,0.1715731471776962,0.2720766961574554,0.4103824496269226,24.878442382812523,1
2021-02-05,0.1154000461101532,0.1709604561328888,0.2760356068611145,0.4087892770767212,25.509179687500023,1
2021-02-06,0.1100744158029556,0.1700919866561889,0.263290673494339,0.4068463444709778,25.164117431640648,1
2021-02-07,0.1087673678994178,0.1691816598176956,0.2601530849933624,0.4046626687049866,26.0861755371094,1
2021-02-08,0.1140652894973754,0.1687105596065521,0.2728903591632843,0.40340256690979,25.965020751953148,1
2021-02-09,0.1151745244860649,0.1680592745542526,0.2754576802253723,0.4019149839878082,25.606469726562523,1
2021-02-10,0.1311222463846206,0.1683903336524963,0.3135972619056701,0.4027995765209198,25.121697998046898,1
2021-02-11,0.1220083907246589,0.1674752682447433,0.2917855381965637,0.4006411433219909,25.132958984375023,1
2021-02-12,0.1181091740727424,0.1666096448898315,0.2824430167675018,0.3984902799129486,25.188256835937523,1
2021-02-13,0.1176241338253021,0.1659859716892242,0.2813387513160705,0.3970747888088226,24.993249511718773,1
2021-02-14,0.1072323620319366,0.1650276780128479,0.2565048336982727,0.3947282135486603,25.55416259765628,1
2021-02-15,0.1139665469527244,0.1649027019739151,0.2725912630558014,0.3943168818950653,25.46456298828128,1
2021-02-16,0.1245242282748222,0.1649706661701202,0.2978909313678741,0.3946165740489959,25.89913330078128,1
2021-02-17,0.1467270851135254,0.165893405675888,0.3509217202663421,0.3967580497264862,25.27657470703128,1
2021-02-18,0.1631249189376831,0.1668542772531509,0.3901175856590271,0.3991109728813171,24.750146484375023,1
2021-02-19,0.1372696161270141,0.1651370674371719,0.3283857703208923,0.3950237333774566,25.1464782714844,1
2021-02-20,0.1519910097122192,0.165953442454338,0.3635072112083435,0.3969146609306335,24.825524902343773,1
2021-02-21,0.1766626387834549,0.1705091148614883,0.4224744737148285,0.4078436195850372,25.035546875000023,1
2021-02-22,0.1382026672363281,0.1662187874317169,0.3305472731590271,0.397580474615097,24.799737548828148,1
2021-02-23,0.1279444992542266,0.1648605465888977,0.30604287981987,0.3943661749362945,25.240258789062523,1
2021-02-24,0.1183469742536544,0.1636528223752975,0.2830466330051422,0.3913483023643493,25.45064697265628,1
2021-02-25,0.1177551373839378,0.1627356857061386,0.2815963625907898,0.389253169298172,25.92769775390628,1
2021-02-26,0.1202273964881897,0.1622783839702606,0.2875213921070099,0.3882139027118683,26.217919921875023,1
2021-02-27,0.1073877438902854,0.1610374450683593,0.2568760514259338,0.3852687478065491,26.407983398437523,1
2021-02-28,0.104830577969551,0.1603257954120636,0.2507628500461578,0.3834918737411499,25.848199462890648,1
2021-03-01,0.0964279398322105,0.1591945588588714,0.2306276112794876,0.3808432519435882,25.489160156250023,1
2021-03-02,0.0835651829838752,0.1578254401683807,0.1998645663261413,0.377515971660614,24.957849121093773,1
2021-03-03,0.0829024910926818,0.1572279781103134,0.1982778310775756,0.3760473728179931,24.983911132812523,1
2021-03-04,0.0927666500210762,0.1572492718696594,0.2218905687332153,0.3761029839515686,24.981835937500023,1
2021-03-05,0.088044449687004,0.1564434319734573,0.2106123119592666,0.3741550147533417,25.338555908203148,1
2021-03-06,0.0859312191605568,0.1558369845151901,0.205496147274971,0.3726627826690674,25.69307861328128,1
2021-03-07,0.0850988924503326,0.1551681756973266,0.2035632580518722,0.3711201250553131,25.574395751953148,1
2021-03-08,0.1101456508040428,0.1563894301652908,0.2633743286132812,0.3740985691547394,25.846520996093773,1
2021-03-09,0.1530471295118332,0.1596981883049011,0.3660652935504913,0.3820293843746185,25.690454101562523,1
2021-03-10,0.1364441663026809,0.1573134362697601,0.3264000713825226,0.3762332201004028,25.92159423828128,1
2021-03-11,0.1384288966655731,0.1575791090726852,0.3310635685920715,0.3769100606441498,25.53829345703128,1
2021-03-12,0.1374456882476806,0.1579107642173767,0.3287371695041656,0.3777115941047668,25.300195312500023,1
2021-03-13,0.1207332611083984,0.1567125022411346,0.2887468338012695,0.3748405277729034,25.09859619140628,1
2021-03-14,0.1111700981855392,0.1558299362659454,0.265852689743042,0.3726548552513122,24.92720947265628,1
2021-03-15,0.103396899998188,0.1548431068658828,0.2472774237394333,0.3703458309173584,25.164605712890648,1
2021-03-16,0.1570345610380172,0.1596962362527847,0.3755505084991455,0.3819022476673126,25.521600341796898,1
2021-03-17,0.1813634186983108,0.1623472422361374,0.4337516129016876,0.3884038925170898,25.055718994140648,1
2021-03-18,0.1874585151672363,0.1660880148410797,0.4483256638050079,0.3972018957138061,25.387963867187523,1
2021-03-19,0.1964849084615707,0.1766099780797958,0.46995410323143,0.4224105477333069,25.16988525390628,1
2021-03-20,0.1845526099205017,0.1734727919101715,0.4413118958473205,0.4149380028247833,24.70504150390628,1
2021-03-21,0.1686740219593048,0.1711315810680389,0.4034461677074432,0.4092656672000885,24.916772460937523,1
2021-03-22,0.1542925685644149,0.1690160483121872,0.3689926564693451,0.4042037725448608,25.449792480468773,1
2021-03-23,0.1638159304857254,0.1688614934682846,0.3918216228485107,0.4039488732814789,24.949365234375023,1
2021-03-24,0.1483506709337234,0.1672182828187942,0.354800134897232,0.3999328017234802,25.185693359375023,1
2021-03-25,0.1375064849853515,0.1659690141677856,0.3288573622703552,0.3968436121940613,25.38033447265628,1
2021-03-26,0.1355054229497909,0.1650042533874511,0.3241214752197265,0.3945550918579101,26.030358886718773,1
2021-03-27,0.1236476972699165,0.1636600643396377,0.2957027852535248,0.3914625644683838,25.758203125000023,1
2021-03-28,0.1377850919961929,0.1640797406435012,0.3295904397964477,0.3924195170402527,25.663964843750023,1
2021-03-29,0.1285940706729889,0.1630793213844299,0.3076249361038208,0.3900380432605743,26.243249511718773,1
2021-03-30,0.1291989684104919,0.1625671833753585,0.3090472817420959,0.3887920677661896,26.287469482421898,1
2021-03-31,0.1510729491710662,0.1634630411863327,0.3612729012966156,0.3909381330013275,26.633386230468773,1
2021-04-01,0.1727766841650009,0.1674623340368271,0.4131352603435516,0.4005059599876404,26.526940917968773,1
2021-04-02,0.1617863774299621,0.1667683273553848,0.3868675529956817,0.3988233804702759,26.414392089843773,1
2021-04-03,0.2896193861961365,0.1963828653097152,0.6924566030502319,0.4697787165641784,25.7241149902344,1
2021-04-04,0.2376977354288101,0.2046916931867599,0.5685089230537415,0.489660382270813,25.339044189453148,1
2021-04-05,0.2388147264719009,0.1967818737030029,0.5711012482643127,0.4706450998783111,25.62325439453128,1
2021-04-06,0.2314320355653762,0.1944861859083175,0.5534892082214355,0.4651281833648681,25.55025634765628,1
2021-04-07,0.2254527360200882,0.1932961642742157,0.5393497347831726,0.4624004065990448,25.293481445312523,1
2021-04-08,0.20960533618927,0.1913624405860901,0.5012288093566895,0.4576534628868103,25.024011230468773,1
2021-04-09,0.3166504800319671,0.2287719696760177,0.7573397159576416,0.5471177697181702,25.08004150390628,1
2021-04-10,0.2539056539535522,0.225703552365303,0.6073266863822937,0.5397502183914185,24.676538085937523,1
2021-04-11,0.2316539734601974,0.2176139056682586,0.5541505217552185,0.5205360054969788,25.272790527343773,1
2021-04-12,0.2064144164323806,0.2112680971622467,0.493766039609909,0.5052087306976318,25.58419189453128,1
2021-04-13,0.2036307156085968,0.2077185064554214,0.4869993329048157,0.4968830049037933,26.026391601562523,1
2021-04-14,0.2738008201122284,0.2135639488697052,0.6550628542900085,0.5108848810195923,25.85885009765628,1
2021-04-15,0.2483629286289215,0.2150407880544662,0.5940608978271484,0.5143342018127441,25.847985839843773,1
2021-04-16,0.2398699223995208,0.2117515653371811,0.5736822485923767,0.5065389275550842,24.45113525390628,1
2021-04-17,0.216711550951004,0.2093735784292221,0.5184813141822815,0.5007224082946777,25.093621826171898,1
2021-04-18,0.3041630685329437,0.2278279364109039,0.7272927761077881,0.5449316501617432,24.962762451171898,1
2021-04-19,0.2326165437698364,0.2164040654897689,0.5562453866004944,0.5177198648452759,25.033563232421898,1
2021-04-20,0.2082826793193817,0.2123759537935257,0.498124212026596,0.5078694820404053,25.809960937500023,1
2021-04-21,0.1827785372734069,0.2085496485233307,0.4372293055057525,0.4987634718418121,25.903649902343773,1
2021-04-22,0.172891154885292,0.2058377712965011,0.4134216606616974,0.4923840463161468,25.856011962890648,1
2021-04-23,0.1650755852460861,0.2034087032079696,0.3947114944458008,0.4864833652973175,25.920739746093773,1
2021-04-24,0.1537318527698516,0.2009632587432861,0.3676694929599762,0.4806869328022003,26.161431884765648,1
2021-04-25,0.1632230132818222,0.1999753415584564,0.3904262483119964,0.4782529473304748,26.10933837890628,1
2021-04-26,0.1661729216575622,0.1991117000579834,0.3974339663982391,0.4761170148849487,26.164147949218773,1
2021-04-27,0.138028010725975,0.1962215155363083,0.3301742374897003,0.469298779964447,25.991845703125023,1
2021-04-28,0.1478377133607864,0.1960341036319732,0.3535239696502685,0.4688475728034973,25.425103759765648,1
2021-04-29,0.1221712678670883,0.1935944706201553,0.2921938896179199,0.4630297720432281,25.009545898437523,1
2021-04-30,0.1248039081692695,0.1922596246004104,0.2985051572322845,0.4598397016525268,24.88375244140628,1
2021-05-01,0.1371328234672546,0.1917239427566528,0.3280238509178161,0.4585692286491394,25.086480712890648,1
2021-05-02,0.1300318092107772,0.1901019811630249,0.3110027909278869,0.4547307789325714,24.709527587890648,1
2021-05-03,0.1730396747589111,0.1918442100286483,0.4139493405818939,0.4588086307048797,24.686547851562523,1
2021-05-04,0.2099881917238235,0.1944132447242736,0.5023067593574524,0.4649266898632049,24.582299804687523,1
2021-05-05,0.1838391274213791,0.1901126354932785,0.4397044777870178,0.4547586441040039,24.85665283203128,1
2021-05-06,0.2067492604255676,0.1915002912282943,0.4944064319133758,0.4579384624958038,24.759423828125023,1
2021-05-07,0.2266077250242233,0.192763477563858,0.5419245362281799,0.4610159993171692,24.639550781250023,1
2021-05-08,0.2205031663179397,0.1925681978464126,0.527453601360321,0.4605331420898437,24.495263671875023,1
2021-05-09,0.2515101134777069,0.1997139155864715,0.6016737818717957,0.477719634771347,24.802911376953148,1
2021-05-10,0.2257471829652786,0.1963496506214141,0.540041446685791,0.4696808457374573,25.257928466796898,1
2021-05-11,0.2559310495853424,0.2052704393863678,0.6120430827140808,0.4909575581550598,25.410058593750023,1
2021-05-12,0.2591490745544433,0.2083252966403961,0.6198267340660095,0.498326689004898,25.744744873046898,1
2021-05-13,0.2403310239315033,0.2104219496250152,0.5748553276062012,0.5032654404640198,25.790307617187523,1
2021-05-14,0.2099793404340744,0.2046384364366531,0.5021233558654785,0.4893998205661773,26.138757324218773,1
2021-05-15,0.1773928850889206,0.1992447823286056,0.4242812395095825,0.476645827293396,26.3810974121094,1
2021-05-16,0.1692908108234405,0.1958076655864715,0.4048637151718139,0.4684173464775085,26.42745361328128,1
2021-05-17,0.1847280114889145,0.1955641806125641,0.4418550133705139,0.4677232503890991,25.4570251464844,1
2021-05-18,0.2528124451637268,0.201806291937828,0.6046286225318909,0.4826220870018005,24.52364501953128,1
2021-05-19,0.2343039363622665,0.2042288929224014,0.5603362917900085,0.4884692430496216,25.011254882812523,1
2021-05-20,0.2026986181735992,0.1995675414800644,0.484728455543518,0.4772901237010956,25.650292968750023,1
2021-05-21,0.1633686125278473,0.1947588175535202,0.3907944560050964,0.4658494591712951,26.059747314453148,1
2021-05-22,0.1922456473112106,0.1954662054777145,0.4597845673561096,0.4675302505493164,26.07149658203128,1
2021-05-23,0.2123759537935257,0.1956002861261367,0.5078497529029846,0.4678056240081787,25.55416259765628,1
2021-05-24,0.2061963528394699,0.1951025128364563,0.4932034909725189,0.4667192697525024,25.719750976562523,1
2021-05-25,0.2782579958438873,0.2073544859886169,0.6654970645904541,0.4960113763809204,25.900903320312523,1
2021-05-26,0.2437434047460556,0.2155712693929672,0.5831241011619568,0.5155572891235352,26.209252929687523,1
2021-05-27,0.2464290261268615,0.2115053832530975,0.5892642736434937,0.5059003233909607,25.766198730468773,1
2021-05-28,0.2731788158416748,0.2175580561161041,0.6534726023674011,0.5202941298484802,24.893090820312523,1
2021-05-29,0.256101906299591,0.2133963257074356,0.6126021146774292,0.5104989409446716,24.488183593750023,1
2021-05-30,0.237123817205429,0.2118700891733169,0.5670358538627625,0.5067988634109497,24.8513122558594,1
2021-05-31,0.2091294825077057,0.2069138437509536,0.5002017617225647,0.4949256777763366,25.121240234375023,1
2021-06-01,0.24760402739048,0.2077957093715667,0.5923051238059998,0.4969872534275055,25.366784667968773,1
2021-06-02,0.2454245686531067,0.2096852362155914,0.5868584513664246,0.5014230608940125,24.750329589843773,1
2021-06-03,0.228071853518486,0.2085541039705276,0.5456076264381409,0.4988120198249817,24.860192871093773,1
2021-06-04,0.2097164094448089,0.2054483741521835,0.5016323328018188,0.4914693236351013,25.392114257812523,1
2021-06-05,0.2081636488437652,0.203839436173439,0.4978101253509521,0.4875425100326538,25.260034179687523,1
2021-06-06,0.2261203229427337,0.2038572877645492,0.5409013032913208,0.487589031457901,25.403253173828148,1
2021-06-07,0.2490378767251968,0.208281323313713,0.5956897139549255,0.4981270134449005,24.421685791015648,1
2021-06-08,0.2373558729887008,0.2087638080120086,0.5676240921020508,0.4993695914745331,24.082360839843773,1
2021-06-09,0.2573391199111938,0.2145935297012329,0.6155312657356262,0.5132823586463928,24.0344177246094,1
2021-06-10,0.2463351339101791,0.2153730541467666,0.5892762541770935,0.5152841806411743,23.92745361328128,1
2021-06-11,0.2216000854969024,0.2108215540647506,0.5298675298690796,0.5042069554328918,24.327966308593773,1
2021-06-12,0.2344851940870285,0.2093119621276855,0.5608332753181458,0.5005871653556824,24.881158447265648,1
2021-06-13,0.2411058694124221,0.2094046771526336,0.5766677856445312,0.5009138584136963,24.874200439453148,1
2021-06-14,0.2228214740753173,0.2070828825235366,0.5330313444137573,0.4953294098377228,25.027215576171898,1
2021-06-15,0.2112975418567657,0.2049536854028701,0.5054561495780945,0.4900987148284912,24.86910400390628,1
2021-06-16,0.1943084746599197,0.2024197280406952,0.4647471606731415,0.4841570854187011,24.777246093750023,1
2021-06-17,0.1830833852291107,0.2001659721136093,0.4378975033760071,0.4787978827953338,25.620690917968773,1
2021-06-18,0.3270143270492553,0.2248134613037109,0.7822685837745667,0.5376077890396118,24.93038330078128,1
2021-06-19,0.2465522587299347,0.2167333662509918,0.5896043181419373,0.5182597637176514,25.43428955078128,1
2021-06-20,0.2223584800958633,0.2120296061038971,0.531699001789093,0.507140576839447,25.712304687500023,1
2021-06-21,0.2766533195972442,0.2197105884552002,0.6617974638938904,0.525389552116394,25.239587402343773,1
2021-06-22,0.2430207729339599,0.2155559509992599,0.5811631083488464,0.5155277848243713,24.766015625000023,1
2021-06-23,0.2379769533872604,0.2137034684419632,0.5692423582077026,0.5109922885894775,24.951196289062523,1
2021-06-24,0.2333806902170181,0.2105241864919662,0.558283269405365,0.5036060214042664,24.402185058593773,1
2021-06-25,0.2277294099330902,0.2096059024333953,0.5447039008140564,0.501364529132843,24.429284667968773,1
2021-06-26,0.211549699306488,0.206890732049942,0.505992591381073,0.4947433769702911,24.435327148437523,1
2021-06-27,0.2125466763973236,0.2051921784877777,0.5083903670310974,0.4908643662929535,24.582696533203148,1
2021-06-28,0.2665643692016601,0.2115116268396377,0.6376736760139465,0.5059643983840942,24.559228515625023,1
2021-06-29,0.2401390969753265,0.2109951972961425,0.5743971467018127,0.5046705007553101,25.156518554687523,1
2021-06-30,0.2653457522392273,0.2139965295791626,0.6348012089729309,0.5118523240089417,25.554528808593773,1
2021-07-01,0.2465846091508865,0.2153511643409729,0.589686393737793,0.5150571465492249,24.691735839843773,1
2021-07-02,0.2304784953594207,0.211664006114006,0.5511854290962219,0.5063247680664062,24.51558837890628,1
2021-07-03,0.2345186471939087,0.2098344713449478,0.5608509182929993,0.501934289932251,24.636315917968773,1
2021-07-04,0.2391653656959533,0.2099767625331878,0.5720717310905457,0.5023160576820374,24.549645996093773,1
2021-07-05,0.2434962540864944,0.2109699845314026,0.582341194152832,0.5046417713165283,24.579431152343773,1
2021-07-06,0.2226144522428512,0.208558589220047,0.5324441194534302,0.4988237619400024,25.091119384765648,1
2021-07-07,0.2099990844726562,0.2052909433841705,0.5021437406539917,0.4909627139568329,25.5422302246094,1
2021-07-08,0.2571050226688385,0.2089204788208007,0.6150354146957397,0.4997409582138061,25.8122497558594,1
2021-07-09,0.254868596792221,0.2115023583173751,0.6097900867462158,0.5058552622795105,26.00924072265628,1
2021-07-10,0.3168033063411712,0.2295670360326767,0.7577511072158813,0.5490637421607971,24.746728515625023,1
2021-07-11,0.2750270366668701,0.232218250632286,0.6578672528266907,0.5554810166358948,24.38399658203128,1
2021-07-12,0.241846352815628,0.2256615906953811,0.5784327983856201,0.5397781729698181,24.920465087890648,1
2021-07-13,0.2345111668109893,0.2213223576545715,0.5608428716659546,0.5292651653289795,25.56734619140628,1
2021-07-14,0.2536631226539612,0.2215392738580703,0.6067088842391968,0.5297572016716003,25.3264099121094,1
2021-07-15,0.2324670106172561,0.2197394222021103,0.5559278130531311,0.5256883502006531,25.35885009765628,1
2021-07-16,0.2239327728748321,0.2177625447511673,0.5356283187866211,0.5207434296607971,25.409326171875023,1
2021-07-17,0.2219853997230529,0.215613380074501,0.5308935642242432,0.5156672596931458,25.49727783203128,1
2021-07-18,0.2153127491474151,0.2138876318931579,0.515134334564209,0.5114730596542358,25.65279541015628,1
2021-07-19,0.2286287248134613,0.2124857455492019,0.5468837022781372,0.5082197189331055,25.550469970703148,1
2021-07-20,0.2129497677087783,0.2099994122982025,0.5092464089393616,0.5022428631782532,25.795556640625023,1
2021-07-21,0.2047006636857986,0.2074783444404602,0.4895082116127014,0.4962500631809234,25.96260986328128,1
2021-07-22,0.1923682242631912,0.2045659869909286,0.4601421356201172,0.4892529845237732,26.213647460937523,1
2021-07-23,0.184712529182434,0.2026343792676925,0.4417270720005035,0.4847550392150879,26.061425781250023,1
2021-07-24,0.2599575519561767,0.2124816924333572,0.6217120885848999,0.5081245303153992,25.032800292968773,1
2021-07-25,0.2550548315048218,0.2188240885734558,0.6099353432655334,0.5233320593833923,24.089196777343773,1
2021-07-26,0.2338817566633224,0.2153642773628235,0.5593758225440979,0.5151568055152893,24.056298828125023,1
2021-07-27,0.2873069047927856,0.2208485901355743,0.6873553395271301,0.5283264517784119,24.352380371093773,1
2021-07-28,0.2560259103775024,0.2201794683933258,0.6122395992279053,0.5267081260681152,24.447839355468773,1
2021-07-29,0.2416785955429077,0.2166317552328109,0.5780555605888367,0.5181431770324707,25.540612792968773,1
2021-07-30,0.3188375532627105,0.2404390275478363,0.7628157138824463,0.5751221179962158,25.210260009765648,1
2021-07-31,0.2754016816616058,0.2376092672348022,0.6588345766067505,0.5684724450111389,25.227319335937523,1
2021-08-01,0.2573046684265136,0.2293961644172668,0.6153813004493713,0.5485970973968506,26.436669921875023,1
2021-08-02,0.2660627961158752,0.228132739663124,0.6363074779510498,0.5456405282020569,25.398370361328148,1
2021-08-03,0.2829383611679077,0.2286150306463241,0.6767539978027344,0.5467609763145447,24.77486572265628,1
2021-08-04,0.2717160284519195,0.2297026664018631,0.649776041507721,0.5494177341461182,23.99215087890628,1
2021-08-05,0.237229511141777,0.2254628986120224,0.5672441124916077,0.5393338799476624,25.218652343750023,1
2021-08-06,0.2215080857276916,0.2217522263526916,0.5297502875328064,0.5303331613540649,25.740869140625023,1
2021-08-07,0.2586548030376434,0.2228391468524933,0.6185446977615356,0.5329880714416504,24.907342529296898,1
2021-08-08,0.2740076780319214,0.228153109550476,0.6552485823631287,0.5457785725593567,24.674218750000023,1
2021-08-09,0.2546950876712799,0.2261861711740493,0.6092098951339722,0.5409448146820068,24.962670898437523,1
2021-08-10,0.3280724585056305,0.2378770262002945,0.7845169305801392,0.5690969824790955,24.980615234375023,1
2021-08-11,0.2818160653114319,0.2287626415491104,0.6739484071731567,0.5472412109375,24.172143554687523,1
2021-08-12,0.2548015117645263,0.2268796563148498,0.6093059182167053,0.5424672961235046,24.621911621093773,1
2021-08-13,0.2811687588691711,0.2297431081533432,0.6724621653556824,0.5495336055755615,24.874353027343773,1
2021-08-14,0.2874561548233032,0.2396644502878189,0.6875157952308655,0.5732181668281555,23.976098632812523,1
2021-08-15,0.2879678308963775,0.238605111837387,0.6886487007141113,0.5706351399421692,24.212426757812523,1
2021-08-16,0.2614067494869232,0.2363223135471344,0.6253207921981812,0.5652850270271301,24.00484619140628,1
2021-08-17,0.2978874146938324,0.24869205057621,0.7124958634376526,0.5947625041007996,24.001153564453148,1
2021-08-18,0.2840105295181274,0.2461538314819336,0.6792798638343811,0.5885760188102722,24.029199218750023,1
2021-08-19,0.2657306492328644,0.2408632785081863,0.6356116533279419,0.5761757493019104,24.455407714843773,1
2021-08-20,0.2752605676651001,0.2406540662050247,0.6582129001617432,0.5756193995475769,24.222558593750023,1
2021-08-21,0.2491982877254486,0.2372506111860275,0.5962008833885193,0.5674415826797485,24.249780273437523,1
2021-08-22,0.2844913303852081,0.2407300025224685,0.6805291771888733,0.5757433772087097,24.59981689453128,1
2021-08-23,0.2618155181407928,0.2385057359933853,0.6262302398681641,0.57030189037323,24.77535400390628,1
2021-08-24,0.2693457901477813,0.2381152659654617,0.6442739963531494,0.5696653723716736,24.722253417968773,1
2021-08-25,0.2547474205493927,0.235569953918457,0.6093027591705322,0.563450038433075,24.044213867187523,1
2021-08-26,0.2683466672897339,0.2366764992475509,0.641975998878479,0.5660709738731384,24.362664794921898,1
2021-08-27,0.3251902461051941,0.249627336859703,0.777899980545044,0.5971066951751709,24.549127197265648,1
2021-08-28,0.2714188992977142,0.2473553121089935,0.6493040919303894,0.5916996598243713,24.289147949218773,1
2021-08-29,0.2490752935409546,0.2423147410154342,0.5956903100013733,0.5794738531112671,25.174890136718773,1
2021-08-30,0.2854168117046356,0.2441707402467727,0.6827446818351746,0.5839335918426514,24.51339111328128,1
2021-08-31,0.2908217906951904,0.2459007352590561,0.6954582333564758,0.5882236361503601,23.592675781250023,1
2021-09-01,0.2696375846862793,0.2451462149620056,0.644981324672699,0.5864569544792175,23.656762695312523,1
2021-09-02,0.2596506476402282,0.2424132525920868,0.6210035085678101,0.5797309875488281,24.516503906250023,1
2021-09-03,0.2693457305431366,0.2421365529298782,0.6441028118133545,0.579242467880249,25.403131103515648,1
2021-09-04,0.3114610314369201,0.2528547048568725,0.7450653910636902,0.6048891544342041,25.251641845703148,1
2021-09-05,0.2891995310783386,0.25657719373703,0.6915872097015381,0.6137612462043762,25.043725585937523,1
2021-09-06,0.268087774515152,0.2508800029754638,0.641133189201355,0.6000347137451172,24.76802978515628,1
2021-09-07,0.2804542779922485,0.2507640719413757,0.670714259147644,0.5998066663742065,24.5522399902344,1
2021-09-08,0.2727287113666534,0.2490482181310653,0.6521984338760376,0.5957130193710327,24.344628906250023,1
2021-09-09,0.2802749574184418,0.2489609867334365,0.6703722476959229,0.5953157544136047,24.777673339843773,1
2021-09-10,0.2788611054420471,0.2486752867698669,0.6669143438339233,0.5947188138961792,24.9352966308594,1
2021-09-11,0.3972743451595306,0.2789775133132934,0.9500680565834044,0.6672192215919495,24.545922851562523,1
2021-09-12,0.2973783314228058,0.273902952671051,0.7111181020736694,0.6550741791725159,23.700769042968773,1
2021-09-13,0.2982295751571655,0.2683254182338714,0.7131808400154114,0.6419143676757812,24.087731933593773,1
2021-09-14,0.28366219997406,0.2640916407108307,0.6783193349838257,0.6316869258880615,24.017236328125023,1
2021-09-15,0.2761172652244568,0.2619069516658783,0.6604090929031372,0.626592755317688,24.265802001953148,1
2021-09-16,0.2755633294582367,0.2596586346626282,0.6591363549232483,0.6211628913879395,24.69405517578128,1
2021-09-17,0.2694614231586456,0.2574273943901062,0.6442451477050781,0.6157776713371277,25.4130798339844,1
2021-09-18,0.2994758784770965,0.2595089077949524,0.7162145972251892,0.6206772327423096,25.884667968750023,1
2021-09-19,0.2980832159519195,0.2627779841423034,0.7129469513893127,0.6285890340805054,25.246606445312523,1
2021-09-20,0.2726737558841705,0.2583894431591034,0.6521759629249573,0.6181814670562744,24.548364257812523,1
2021-09-21,0.2642453610897064,0.2565896809101105,0.6319061517715454,0.6135496497154236,24.378747558593773,1
2021-09-22,0.2934440076351166,0.2586467266082763,0.702000081539154,0.6188733577728271,24.407769775390648,1
2021-09-23,0.2935525774955749,0.2605496644973755,0.7019857168197632,0.6231369376182556,24.09591064453128,1
2021-09-24,0.2754527926445007,0.2584839761257171,0.6589444279670715,0.618034839630127,24.25240478515628,1
2021-09-25,0.2526164948940277,0.2545974552631378,0.604057788848877,0.6090531349182129,24.88448486328128,1
2021-09-26,0.3181356489658355,0.2650521397590637,0.761059582233429,0.634086549282074,25.107446289062523,1
2021-09-27,0.285444974899292,0.2615389823913574,0.6827749013900757,0.6256116628646851,25.581719970703148,1
2021-09-28,0.3120577931404114,0.2639557421207428,0.7465696334838867,0.6311625242233276,24.964501953125023,1
2021-09-29,0.2814993560314178,0.2608092427253723,0.6734914779663086,0.623835563659668,24.3410583496094,1
2021-09-30,0.269251137971878,0.2574431002140045,0.6437755227088928,0.615669846534729,24.0407653808594,1
2021-10-01,0.3066161274909973,0.2622763812541961,0.733427107334137,0.6272595524787903,24.153100585937523,1
2021-10-02,0.2907156944274902,0.2625339925289154,0.6953988671302795,0.6280269622802734,24.144708251953148,1
2021-10-03,0.3017542362213135,0.2654549479484558,0.7219349145889282,0.6348402500152588,24.440454101562523,1
2021-10-04,0.2915943562984466,0.2651059329509735,0.6974545121192932,0.6341527104377747,24.761315917968773,1
2021-10-05,0.2945207059383392,0.2661438286304474,0.7042685151100159,0.6365097761154175,24.827081298828148,1
2021-10-06,0.3460917472839355,0.2792806327342987,0.8278836607933044,0.6678819060325623,24.451989746093773,1
2021-10-07,0.2886190712451935,0.2710073292255401,0.6902307868003845,0.6481782793998718,24.471368408203148,1
2021-10-08,0.3020055294036865,0.2695842087268829,0.7222450971603394,0.6448689103126526,24.674493408203148,1
2021-10-09,0.2970587313175201,0.2717824280261993,0.7106068730354309,0.6499243378639221,24.68746337890628,1
2021-10-10,0.2767012417316437,0.2676097750663757,0.6616960763931274,0.6398564577102661,24.488549804687523,1
2021-10-11,0.2639673054218292,0.2645434439182281,0.6313630938529968,0.6327386498451233,24.561547851562523,1
2021-10-12,0.2614013254642486,0.2627715170383453,0.6252386569976807,0.6284979581832886,25.080102539062523,1
2021-10-13,0.2542446255683899,0.2603935003280639,0.6081209182739258,0.6227298378944397,24.755670166015648,1
2021-10-14,0.2577123641967773,0.2593107223510742,0.6163445115089417,0.6200858950614929,24.693383789062523,1
2021-10-15,0.2793241739273071,0.2597343325614929,0.6679401993751526,0.6211379766464233,24.757104492187523,1
2021-10-16,0.3593369126319885,0.2884446978569031,0.8595385551452637,0.6898035407066345,24.291284179687523,1
2021-10-17,0.3161305785179138,0.2911869883537292,0.7560117244720459,0.6962252855300903,24.021295166015648,1
2021-10-18,0.3108360767364502,0.2819421589374542,0.743416965007782,0.6743372082710266,24.504693603515648,1
2021-10-19,0.296176552772522,0.2769672870635986,0.7085297107696533,0.6624525785446167,24.202722167968773,1
2021-10-20,0.3040753304958343,0.2772484421730041,0.7271038889884949,0.6630372405052185,24.253747558593773,1
2021-10-21,0.3054299652576446,0.2754110991954803,0.7305710315704346,0.6586262583732605,24.378442382812523,1
2021-10-22,0.3020491600036621,0.2755110561847687,0.7222920060157776,0.6588867902755737,24.387109375000023,1
2021-10-23,0.2873985469341278,0.2727729976177215,0.6873774528503418,0.6525725722312927,24.149835205078148,1
2021-10-24,0.3044033646583557,0.2740042805671692,0.7280393242835999,0.655285656452179,24.23385009765628,1
2021-10-25,0.3087215423583984,0.2754149138927459,0.7382112145423889,0.658880352973938,24.547265625000023,1
2021-10-26,0.2976331710815429,0.2739022672176361,0.7116760611534119,0.6552644371986389,25.137139892578148,1
2021-10-27,0.2921503782272339,0.2718841731548309,0.6987113356590271,0.6501153707504272,24.503320312500023,1
2021-10-28,0.2902221381664276,0.2715209722518921,0.6942123770713806,0.64931720495224,24.37935791015628,1
2021-10-29,0.3605151176452636,0.2868770956993103,0.8623097538948059,0.6861182451248169,24.010095214843773,1
2021-10-30,0.3153837621212005,0.2871724367141723,0.7542873620986938,0.6868135333061218,23.633386230468773,1
2021-10-31,0.3041732907295227,0.2808272838592529,0.7275844216346741,0.6715878248214722,23.65377197265628,1
2021-11-01,0.3107572495937347,0.2793065309524536,0.7432193160057068,0.6680238842964172,23.635400390625023,1
2021-11-02,0.3202643990516662,0.2889684736728668,0.7658907175064087,0.691190779209137,23.76412353515628,1
2021-11-03,0.3140748739242553,0.2841869592666626,0.7510369420051575,0.6796618103981018,23.30538330078128,1
2021-11-04,0.2993215322494507,0.2810298502445221,0.716066837310791,0.6721372008323669,23.444757080078148,1
2021-11-05,0.3114793598651886,0.281068354845047,0.7449173331260681,0.6721635460853577,23.941522216796898,1
2021-11-06,0.3056791424751282,0.2787182331085205,0.7310099005699158,0.6665419936180115,24.447686767578148,1
2021-11-07,0.309177428483963,0.2789509892463684,0.7396412491798401,0.6670006513595581,24.555932617187523,1
2021-11-08,0.3238752484321594,0.2863472402095794,0.7745696902275085,0.6849367022514343,24.407037353515648,1
2021-11-09,0.3309797942638397,0.2926935851573944,0.7915729880332947,0.7000699639320374,24.363092041015648,1
2021-11-10,0.3247221708297729,0.2932376563549042,0.7765697836875916,0.701117992401123,24.12886962890628,1
2021-11-11,0.3048171997070312,0.2858081758022308,0.7292349934577942,0.6835836172103882,24.22872314453128,1
2021-11-12,0.2891328930854797,0.2814933657646179,0.691496729850769,0.6732933521270752,24.476129150390648,1
2021-11-13,0.3046389818191528,0.2815231382846832,0.7286860942840576,0.6732968688011169,24.496850585937523,1
2021-11-14,0.2880895137786865,0.2786898910999298,0.6893044114112854,0.6666383147239685,24.3676696777344,1
2021-11-15,0.3146538436412811,0.2796928286552429,0.7524862289428711,0.6689782738685608,24.3964782714844,1
2021-11-16,0.3054873645305633,0.2796774804592132,0.7306510210037231,0.6688643097877502,24.55855712890628,1
2021-11-17,0.2863837778568268,0.2769284844398498,0.6848189234733582,0.6624253392219543,24.699731445312523,1
2021-11-18,0.2842747569084167,0.275479793548584,0.6799576878547668,0.6587315201759338,24.8037048339844,1
2021-11-19,0.2766899466514587,0.2735306918621063,0.6617788672447205,0.6541032791137695,24.808374023437523,1
2021-11-20,0.275151640176773,0.272168219089508,0.6582240462303162,0.6508782505989075,23.903833007812523,1
2021-11-21,0.27277472615242,0.2705305814743042,0.6525285243988037,0.64683997631073,24.1884704589844,1
2021-11-22,0.2963450253009796,0.2710346281528473,0.708859920501709,0.6483458876609802,24.084375000000023,1
2021-11-23,0.3098107576370239,0.2718790173530578,0.74094158411026,0.6502727270126343,23.792169189453148,1
2021-11-24,0.30835622549057,0.2731225788593292,0.737610936164856,0.6532617807388306,23.694421386718773,1
2021-11-25,0.310250461101532,0.2749828994274139,0.7419605851173401,0.657659113407135,23.563531494140648,1
2021-11-26,0.3066595792770386,0.2784466743469238,0.7333609461784363,0.6660059094429016,23.474145507812523,1
2021-11-27,0.3158678710460663,0.2827961444854736,0.7556347846984863,0.6763870120048523,23.8935485839844,1
2021-11-28,0.2993200123310089,0.2784125506877899,0.7159737944602966,0.6659172773361206,23.799645996093773,1
2021-11-29,0.308008074760437,0.276734858751297,0.736653745174408,0.6618480682373047,24.520654296875023,1
2021-11-30,0.3091515600681305,0.2785634398460388,0.7395188212394714,0.6662362813949585,24.215417480468773,1
2021-12-01,0.3088041841983795,0.2772977650165558,0.7384495735168457,0.6631898880004883,24.0493103027344,1
2021-12-02,0.3016968369483948,0.2762259542942047,0.7218003869056702,0.6608180403709412,24.374658203125023,1
2021-12-03,0.2823885381221771,0.2732017934322357,0.6754854917526245,0.6535419225692749,24.566094970703148,1
2021-12-04,0.2762690186500549,0.2709863781929016,0.6605940461158752,0.6482938528060913,24.805047607421898,1
2021-12-05,0.2780206203460693,0.2704646587371826,0.6649215221405029,0.6469646096229553,24.448358154296898,1
2021-12-06,0.2754013836383819,0.2690909504890442,0.6589256525039673,0.643540620803833,25.0256286621094,1
2021-12-07,0.2633860111236572,0.266753077507019,0.6299875974655151,0.6378242373466492,25.17916259765628,1
2021-12-08,0.2542913854122162,0.2642834186553955,0.6080037355422974,0.6319647431373596,24.755456542968773,1
2021-12-09,0.2443529963493347,0.2619722783565521,0.5843333601951599,0.6265192031860352,24.884057617187523,1
2021-12-10,0.2411941140890121,0.2598702311515808,0.5768100023269653,0.6215662360191345,24.937036132812523,1
2021-12-11,0.235440194606781,0.2579016983509063,0.5631858706474304,0.6168873906135559,24.857537841796898,1
2021-12-12,0.2263216376304626,0.255053848028183,0.5414785146713257,0.6098724007606506,24.346032714843773,1
2021-12-13,0.2303848266601562,0.2541005313396454,0.5510374903678894,0.6077357530593872,23.651177978515648,1
2021-12-14,0.2265979796648025,0.2523417472839355,0.5420670509338379,0.6036146879196167,23.983056640625023,1
2021-12-15,0.2098380029201507,0.2491449862718582,0.5017263889312744,0.5958275198936462,24.307214355468773,1
2021-12-16,0.2175717949867248,0.2478724420070648,0.5203460454940796,0.592921793460846,24.534692382812523,1
2021-12-17,0.2122223079204559,0.2457897514104843,0.5074771046638489,0.5878492593765259,24.698388671875023,1
2021-12-18,0.2360796332359314,0.2462345659732818,0.5647476315498352,0.5890308022499084,24.498376464843773,1
2021-12-19,0.2758246660232544,0.2513740062713623,0.6595335006713867,0.6011856198310852,24.134149169921898,1
2021-12-20,0.2520301342010498,0.2475946396589279,0.6029027104377747,0.5922497510910034,24.426110839843773,1
2021-12-21,0.2670444548130035,0.2475620806217193,0.6389222145080566,0.5919771790504456,24.209039306640648,1
2021-12-22,0.2676275372505188,0.2475881278514862,0.6401136517524719,0.5921218991279602,24.209283447265648,1
2021-12-23,0.2454026043415069,0.2445084303617477,0.5870607495307922,0.5848254561424255,24.17598876953128,1
2021-12-24,0.240014761686325,0.2431951165199279,0.5741032958030701,0.5816539525985718,24.06490478515628,1
2021-12-25,0.2160656005144119,0.2397183030843734,0.5167996883392334,0.5732844471931458,24.306512451171898,1
2021-12-26,0.2124383896589279,0.2376805245876312,0.5081976652145386,0.5684990882873535,24.399011230468773,1
2021-12-27,0.2646695375442505,0.2397928833961486,0.6331160068511963,0.5735636949539185,24.7133728027344,1
2021-12-28,0.2652862966060638,0.2409400194883346,0.6344748735427856,0.5763016939163208,24.63814697265628,1
2021-12-29,0.2395904809236526,0.2380992025136947,0.5730352401733398,0.5693792104721069,24.447656250000023,1
2021-12-30,0.2249511331319809,0.2354289591312408,0.5380674004554749,0.5631566643714905,24.654931640625023,1
2021-12-31,0.2220408916473388,0.2338220328092575,0.5310631394386292,0.559198260307312,24.36715087890628,1
2022-01-01,0.2121881395578384,0.2312981486320495,0.5073825120925903,0.5531979203224182,24.004205322265648,1
2022-01-02,0.2133515775203704,0.2298577278852462,0.5101956129074097,0.5498434901237488,24.750543212890648,1
2022-01-03,0.206135556101799,0.2275144904851913,0.4930435121059418,0.5442399382591248,24.6838317871094,1
2022-01-04,0.200089156627655,0.2253553867340088,0.4785222113132477,0.5391384959220886,25.091455078125023,1
2022-01-05,0.1904161423444748,0.222864955663681,0.4553993046283722,0.5329923629760742,24.487969970703148,1
2022-01-06,0.1872855126857757,0.2210006862878799,0.4478864371776581,0.5284261703491211,24.065332031250023,1
2022-01-07,0.182656317949295,0.2190325260162353,0.4369193613529205,0.5237483978271484,24.230310058593773,1
2022-01-08,0.1888881921768188,0.2175436168909073,0.4518388211727142,0.520415723323822,24.168969726562523,1
2022-01-09,0.2471272647380828,0.2224122881889343,0.5910202264785767,0.531927764415741,23.721276855468773,1
2022-01-10,0.216766744852066,0.2182073295116424,0.5185666680335999,0.5218332409858704,23.346032714843773,1
2022-01-11,0.2158689498901367,0.2173199206590652,0.5163226127624512,0.5197266340255737,23.512322998046898,1
2022-01-12,0.2495475560426712,0.2216918617486953,0.5967732071876526,0.5301564931869507,23.576104736328148,1
2022-01-13,0.2244578450918197,0.2181148529052734,0.5369541645050049,0.5216837525367737,23.686151123046898,1
2022-01-14,0.2375129759311676,0.2191539108753204,0.5681937336921692,0.5240540504455566,23.380792236328148,1
2022-01-15,0.2143341898918151,0.2162195295095443,0.5126800537109375,0.5171962976455688,23.43892822265628,1
2022-01-16,0.1975604742765426,0.2136408388614654,0.4725780785083771,0.5111474394798279,23.795800781250023,1
2022-01-17,0.2058737576007843,0.2128638625144958,0.4923902153968811,0.5091524720191956,24.14669189453128,1
2022-01-18,0.1938515156507492,0.2105526328086853,0.4635676443576813,0.5035958290100098,24.449884033203148,1
2022-01-19,0.1835528463125229,0.2087810635566711,0.4389913380146026,0.4992723762989044,24.215844726562523,1
2022-01-20,0.17811881005764,0.2067804783582687,0.4259179830551147,0.4946316182613373,24.25362548828128,1
2022-01-21,0.1685408949851989,0.2050018906593322,0.4031084179878235,0.4902146458625793,24.740014648437523,1
2022-01-22,0.1666834652423858,0.2032287120819091,0.3986763656139374,0.4860936999320984,25.36226806640628,1
2022-01-23,0.1635421514511108,0.2014047801494598,0.3910590410232544,0.4818022549152374,24.98092041015628,1
2022-01-24,0.1479640454053878,0.1991901397705078,0.3538962602615356,0.4763481318950653,24.460351562500023,1
2022-01-25,0.1492317169904709,0.1979789435863495,0.356937974691391,0.4734807908535003,24.462579345703148,1
2022-01-26,0.1591351777315139,0.1973375827074051,0.3806880712509155,0.4719724357128143,24.440850830078148,1
2022-01-27,0.1624869108200073,0.1963085383176803,0.3885902166366577,0.4695535004138946,24.500878906250023,1
2022-01-28,0.1611089408397674,0.1951890438795089,0.3854013085365295,0.4668885469436645,24.230249023437523,1
2022-01-29,0.1630360633134842,0.1944014728069305,0.3899013698101043,0.4649133086204529,24.557458496093773,1
2022-01-30,0.1606905609369278,0.1935094445943832,0.3843890428543091,0.4628995656967163,23.576196289062523,1
2022-01-31,0.1590950042009353,0.192500814795494,0.3805135488510132,0.4605432450771332,22.871911621093773,1
2022-02-01,0.1394673138856887,0.1902610212564468,0.3335805833339691,0.4549762308597564,23.259851074218773,1
2022-02-02,0.137924313545227,0.1887817978858947,0.3299658000469208,0.4514833390712738,23.767846679687523,1
2022-02-03,0.1293248683214187,0.1869387030601501,0.3093336522579193,0.4470946788787842,24.3227478027344,1
2022-02-04,0.1311098486185073,0.1856720745563507,0.3136115074157715,0.4440449476242065,24.761834716796898,1
2022-02-05,0.136181354522705,0.1850219219923019,0.3258444666862488,0.4424762725830078,24.447778320312523,1
2022-02-06,0.1356594413518905,0.1842197179794311,0.3243816792964935,0.4406596720218658,23.774957275390648,1
2022-02-07,0.1450131833553314,0.1837948262691497,0.3469123840332031,0.4396892786026001,23.945336914062523,1
2022-02-08,0.1620708405971527,0.1847784370183944,0.3876143991947174,0.4419524073600769,24.450524902343773,1
2022-02-09,0.1374153792858123,0.1826410591602325,0.3286114931106567,0.4367852807044983,24.68233642578128,1
2022-02-10,0.1718764901161193,0.1838729977607727,0.4111402630805969,0.4397815763950348,24.884057617187523,1
2022-02-11,0.1481117308139801,0.1818689554929733,0.3543648719787597,0.4349251985549927,25.23092041015628,1
2022-02-12,0.1435667127370834,0.1805614680051803,0.3433936238288879,0.4318061172962188,24.85396728515628,1
2022-02-13,0.1382759511470794,0.1791372448205948,0.3307207226753235,0.4284941554069519,24.879998779296898,1
2022-02-14,0.1408261954784393,0.1783043593168258,0.3367627263069153,0.4265127778053283,25.537652587890648,1
2022-02-15,0.1749496906995773,0.1798035800457,0.4184511005878448,0.4300678670406341,25.093530273437523,1
2022-02-16,0.1643992960453033,0.178635761141777,0.3931737244129181,0.4272867143154144,24.556787109375023,1
2022-02-17,0.1371313333511352,0.1762855798006057,0.3279765844345093,0.4215433001518249,24.541528320312523,1
2022-02-18,0.1289552748203277,0.174907848238945,0.3085119426250458,0.4183631837368011,25.321374511718773,1
2022-02-19,0.1320047974586486,0.1742211580276489,0.3157791495323181,0.4166513979434967,25.02779541015628,1
2022-02-20,0.1271421760320663,0.173292264342308,0.3041093945503235,0.4143822193145752,24.612817382812523,1
2022-02-21,0.1335237175226211,0.172996774315834,0.3193956613540649,0.4137601554393768,24.348962402343773,1
2022-02-22,0.1216012686491012,0.1716358661651611,0.2908799946308136,0.4104540348052978,24.289697265625023,1
2022-02-23,0.114584781229496,0.1703779399394989,0.2740042209625244,0.4075863063335418,24.966668701171898,1
2022-02-24,0.111197829246521,0.1694432944059372,0.2659954130649566,0.4052912592887878,25.039697265625023,1
2022-02-25,0.1175237596035003,0.1690926551818847,0.2810142636299133,0.4044032990932464,25.303033447265648,1
2022-02-26,0.1112290471792221,0.1680831313133239,0.2660801112651825,0.4020720720291137,24.872155761718773,1
2022-02-27,0.1198622584342956,0.1679116040468216,0.2866628170013428,0.4015292823314667,24.8920837402344,1
2022-02-28,0.1744940131902694,0.1710854470729828,0.4173785150051117,0.4091824293136596,25.11129150390628,1
2022-03-01,0.2749613523483276,0.1984235793352127,0.6574944853782654,0.4745603501796722,24.320916748046898,1
2022-03-02,0.2641655206680298,0.1905756741762161,0.6317436695098877,0.4558283388614654,24.290338134765648,1
2022-03-03,0.2259862273931503,0.1968681961297989,0.5405133366584778,0.4707844853401184,24.781396484375023,1
2022-03-04,0.2019883543252945,0.1915720254182815,0.4830809235572815,0.4581252038478851,25.017663574218773,1
2022-03-05,0.1971011608839035,0.1890455037355423,0.4714343845844269,0.4522032439708709,24.931665039062523,1
2022-03-06,0.2248667478561401,0.1909219920635223,0.5377980470657349,0.4565939903259277,24.7763610839844,1
2022-03-07,0.2113130539655685,0.190126284956932,0.5053888559341431,0.4547571837902069,24.486871337890648,1
2022-03-08,0.1950348764657974,0.1877642422914505,0.4665518701076507,0.4490675330162048,24.58541259765628,1
2022-03-09,0.187065303325653,0.1864911615848541,0.4474911689758301,0.4461234807968139,24.67769775390628,1
2022-03-10,0.1692752987146377,0.1846074163913726,0.4048210084438324,0.441591739654541,24.757592773437523,1
2022-03-11,0.1637050211429596,0.1833830177783966,0.391607791185379,0.4387010931968689,24.759881591796898,1
2022-03-12,0.1516043096780777,0.1813669204711914,0.3625398874282837,0.4338133931159973,25.473962402343773,1
2022-03-13,0.1456294953823089,0.1801010817289352,0.3482829630374908,0.4308027625083923,25.432214355468773,1
2022-03-14,0.1580976098775863,0.1800794452428817,0.3781972825527191,0.4307831823825836,25.28145751953128,1
2022-03-15,0.1418930441141128,0.1784845143556594,0.3392829000949859,0.4268927872180938,25.203942871093773,1
2022-03-16,0.13192680478096,0.1769414842128753,0.3154602944850921,0.423222929239273,25.473413085937523,1
2022-03-17,0.130159318447113,0.1758842766284942,0.3113782405853271,0.4206570982933044,25.481317138671898,1
2022-03-18,0.1193587556481361,0.1744558364152908,0.2854547500610351,0.4172482490539551,25.804528808593773,1
2022-03-19,0.1164231300354003,0.1734937727451324,0.2784668803215027,0.4149300456047058,25.826013183593773,1
2022-03-20,0.116653949022293,0.1727688461542129,0.2789843082427978,0.4132772386074066,25.614801025390648,1
2022-03-21,0.1059263572096824,0.1714768558740615,0.2533507049083709,0.410113513469696,25.727655029296898,1
2022-03-22,0.1104362308979034,0.1709421873092651,0.2640929222106933,0.408808946609497,25.673364257812523,1
2022-03-23,0.099289558827877,0.1696261167526245,0.2374813705682754,0.4057898223400116,25.8376403808594,1
2022-03-24,0.0986204966902732,0.1687709689140319,0.2358424961566925,0.4036761522293091,25.863122558593773,1
2022-03-25,0.1132104024291038,0.1687930524349212,0.2707818746566772,0.4037704467773437,25.917810058593773,1
2022-03-26,0.1143690645694732,0.168081521987915,0.2734809219837188,0.402115911245346,25.996240234375023,1
2022-03-27,0.1539583653211593,0.1701263487339019,0.368161529302597,0.4069197177886963,25.777612304687523,1
2022-03-28,0.2291340827941894,0.1795455813407898,0.5481777787208557,0.4293954074382782,25.292657470703148,1
2022-03-29,0.1982789188623428,0.1773102730512619,0.4741683006286621,0.4241209924221039,25.829980468750023,1
2022-03-30,0.2053275257349014,0.1790103912353515,0.4910730123519897,0.4282113313674927,25.689508056640648,1
2022-03-31,0.2188762426376342,0.1837034374475479,0.5233548879623413,0.4394245147705078,25.5632263183594,1
2022-04-01,0.2352693080902099,0.1904557049274444,0.5627656579017639,0.4555158019065857,25.162438964843773,1
2022-04-02,0.2091341614723205,0.188626691699028,0.500148594379425,0.4512116909027099,25.322534179687523,1
2022-04-03,0.2308774292469024,0.1885235607624054,0.5522765517234802,0.4508947134017944,25.574517822265648,1
2022-04-04,0.2387343347072601,0.1949706673622131,0.5709152221679688,0.4663756191730499,25.20504150390628,1
2022-04-05,0.235459491610527,0.1962431222200393,0.5632319450378418,0.4692811369895935,25.147637939453148,1
2022-04-06,0.2013378292322158,0.1899598091840744,0.4815552234649658,0.4544342458248138,25.787988281250023,1
2022-04-07,0.2952339351177215,0.2042577266693115,0.7061425447463989,0.488544225692749,25.431542968750023,1
2022-04-08,0.2537026703357696,0.2000085115432739,0.6069738864898682,0.4783507287502289,25.377099609375023,1
2022-04-09,0.217254564166069,0.1968871355056762,0.5196149945259094,0.4708820879459381,25.735498046875023,1
2022-04-10,0.1911468207836151,0.1933468431234359,0.4571811258792877,0.462373286485672,25.751611328125023,1
2022-04-11,0.1866438388824463,0.1916853934526443,0.4464534819126129,0.4584689438343048,25.740136718750023,1
2022-04-12,0.1981008797883987,0.1911536753177642,0.4738802313804626,0.4572088122367859,26.227929687500023,1
2022-04-13,0.1746646463871002,0.1885582953691482,0.4177402853965759,0.4510591924190521,26.287622070312523,1
2022-04-14,0.1790403425693512,0.1874908059835434,0.4282838702201843,0.4484549462795257,26.41964111328128,1
2022-04-15,0.1926669031381607,0.1877004504203796,0.4608260691165924,0.4489752948284149,26.076226806640648,1
2022-04-16,0.2073412239551544,0.1877512037754058,0.4959646463394165,0.4489485025405884,26.09395751953128,1
2022-04-17,0.2140727341175079,0.1889306604862213,0.512114942073822,0.4519297480583191,25.826501464843773,1
2022-04-18,0.2121410965919494,0.1895936131477356,0.5073574781417847,0.453579694032669,25.17574462890628,1
2022-04-19,0.2905872166156769,0.198568508028984,0.6951476335525513,0.4749974012374878,25.1799255371094,1
2022-04-20,0.2300238162279129,0.1969153434038162,0.5501760840415955,0.4708703160285949,24.407861328125023,1
2022-04-21,0.2209283709526062,0.1954731494188308,0.528504490852356,0.4674744606018066,24.535821533203148,1
2022-04-22,0.2571176290512085,0.1998010277748108,0.6149908900260925,0.4778357744216919,24.262292480468773,1
2022-04-23,0.2158613502979278,0.1976464241743087,0.5161067247390747,0.4726978540420532,24.318658447265648,1
2022-04-24,0.1848948746919632,0.1931915581226349,0.4422784447669983,0.46204274892807,24.818627929687523,1
2022-04-25,0.213746041059494,0.1934501379728317,0.5110861659049988,0.4627276062965393,24.911401367187523,1
2022-04-26,0.2207722663879394,0.1951328217983245,0.5280209183692932,0.4667242765426636,25.119042968750023,1
2022-04-27,0.2089214473962783,0.1932827681303024,0.4996991157531738,0.4622802734375,25.171441650390648,1
2022-04-28,0.2911153733730316,0.2120184600353241,0.6962981820106506,0.5071598291397095,25.39864501953128,1
2022-04-29,0.2509743571281433,0.2142922729253769,0.6003118753433228,0.5126564502716064,24.903894042968773,1
2022-04-30,0.2127778828144073,0.2065329253673553,0.5089814066886902,0.4939959943294525,25.112573242187523,1
2022-05-01,0.2344307005405426,0.2060587704181671,0.5607298612594604,0.4927752614021301,25.069909667968773,1
2022-05-02,0.2298448532819748,0.2038665115833282,0.5499073266983032,0.4876613616943359,25.224877929687523,1
2022-05-03,0.2124734818935394,0.2018123120069503,0.5081369280815125,0.4827480316162109,25.978326416015648,1
2022-05-04,0.1947368681430816,0.1989749521017074,0.4658072292804718,0.475993663072586,26.33248291015628,1
2022-05-05,0.2661799788475036,0.20567087829113,0.6365067362785339,0.4918159544467926,25.924676513671898,1
2022-05-06,0.2415476739406585,0.2101994305849075,0.5777440667152405,0.5027114152908325,25.04317626953128,1
2022-05-07,0.2210433632135391,0.2067534476518631,0.5285989046096802,0.4945449233055115,25.122155761718773,1
2022-05-08,0.2050953209400177,0.2028780281543731,0.490466445684433,0.4852626323699951,25.737451171875023,1
2022-05-09,0.2312592267990112,0.2034485042095184,0.5531325936317444,0.4866127669811249,25.930596923828148,1
2022-05-10,0.2540615200996399,0.2055992633104324,0.6076438426971436,0.4918148815631866,25.685571289062523,1
2022-05-11,0.260183036327362,0.2120854258537292,0.6221621036529541,0.5072861909866333,24.731591796875023,1
2022-05-12,0.2350142896175384,0.2099219262599945,0.5620978474617004,0.50213623046875,24.864404296875023,1
2022-05-13,0.3145167529582977,0.2236996740102768,0.7521310448646545,0.5351381897926331,24.98458251953128,1
2022-05-14,0.2643804550170898,0.2227190434932708,0.6324082612991333,0.5326747894287109,25.0095153808594,1
2022-05-15,0.2601023614406585,0.2209333330392837,0.6221301555633545,0.5284097790718079,25.114770507812523,1
2022-05-16,0.2189032286405563,0.2153236716985702,0.52358078956604,0.5150818228721619,25.45162353515628,1
2022-05-17,0.2353696823120117,0.213736891746521,0.562938928604126,0.5110905766487122,25.196313476562523,1
2022-05-18,0.2823703587055206,0.2227059602737426,0.675313413143158,0.5324817299842834,25.128015136718773,1
2022-05-19,0.2526372075080871,0.2214222699403762,0.6042875647544861,0.5294618010520935,24.3654724121094,1
2022-05-20,0.2433659732341766,0.2187858968973159,0.5822193622589111,0.5234124660491943,24.456689453125023,1
2022-05-21,0.222904548048973,0.2159274220466613,0.5331313610076904,0.5165180563926697,24.436120605468773,1
2022-05-22,0.2053814679384231,0.2124514728784561,0.4913021028041839,0.5081402659416199,25.031549072265648,1
2022-05-23,0.2116035223007202,0.210113525390625,0.5061054229736328,0.5025244355201721,25.643823242187523,1
2022-05-24,0.1886420845985412,0.2069766968488693,0.4512644708156585,0.4949675500392914,25.038415527343773,1
2022-05-25,0.2299333214759826,0.2086250633001327,0.5499494671821594,0.4989598095417022,25.189294433593773,1
2022-05-26,0.2284096330404281,0.206975907087326,0.5463643074035645,0.4949653148651123,25.12349853515628,1
2022-05-27,0.2418481707572937,0.2077628821134567,0.5786024332046509,0.4969760775566101,24.637780761718773,1
2022-05-28,0.2483120113611221,0.2109620869159698,0.59394770860672,0.5046581625938416,24.665795898437523,1
2022-05-29,0.257938414812088,0.2178517282009124,0.6170024871826172,0.5209964513778687,24.691979980468773,1
2022-05-30,0.2517759799957275,0.2156998068094253,0.6022723913192749,0.515987753868103,24.9182067871094,1
2022-05-31,0.2641328275203705,0.2204899489879608,0.6316174864768982,0.5273911952972412,24.655572509765648,1
2022-06-01,0.2391544431447982,0.2157747000455856,0.5721511840820312,0.5161202549934387,24.701776123046898,1
2022-06-02,0.2188528776168823,0.2118639051914215,0.5233954787254333,0.5066237449645996,24.608819580078148,1
2022-06-03,0.2232974171638488,0.2096185684204101,0.534023642539978,0.5013716220855713,23.994531250000023,1
2022-06-04,0.210848718881607,0.2078765332698822,0.5042884945869446,0.4972207248210907,24.398339843750023,1
2022-06-05,0.2089066505432129,0.2067681849002838,0.4996799826622009,0.494450032711029,24.56002197265628,1
2022-06-06,0.2524048686027527,0.2106019556522369,0.6036807894706726,0.5037087798118591,24.568261718750023,1
2022-06-07,0.250105619430542,0.2122576534748077,0.5981635451316833,0.5077572464942932,24.351159667968773,1
2022-06-08,0.2355231940746307,0.2112824618816375,0.5631330609321594,0.5053315162658691,23.751855468750023,1
2022-06-09,0.2258544266223907,0.2082092612981796,0.5402225852012634,0.497988224029541,24.46065673828128,1
2022-06-10,0.2179421931505203,0.2060486376285553,0.5214110612869263,0.4927857220172882,24.49044189453128,1
2022-06-11,0.3306924402713775,0.231741115450859,0.7908307313919067,0.5541540384292603,24.243005371093773,1
2022-06-12,0.2459849268198013,0.2244452685117721,0.5884954929351807,0.536722719669342,24.0849548339844,1
2022-06-13,0.3116798102855682,0.246695727109909,0.7453219294548035,0.5901917219161987,24.304833984375023,1
2022-06-14,0.2857643961906433,0.244242861866951,0.6833839416503906,0.5841560959815979,23.952478027343773,1
2022-06-15,0.249355062842369,0.2366925328969955,0.5965006351470947,0.5662095546722412,23.951104736328148,1
2022-06-16,0.2316018640995025,0.2315536588430404,0.5540105104446411,0.5537401437759399,24.58394775390628,1
2022-06-17,0.3023122549057007,0.2420365661382675,0.7231211066246033,0.5788474678993225,24.333581542968773,1
2022-06-18,0.2660281956195831,0.2394124418497085,0.6362305879592896,0.5724760890007019,23.812829589843773,1
2022-06-19,0.2674507796764374,0.2364795356988906,0.6398289799690247,0.5656701922416687,23.92476806640628,1
2022-06-20,0.2681429982185364,0.2359650582075119,0.6413818001747131,0.5644282102584839,23.95357666015628,1
2022-06-21,0.2852005064487457,0.2388988733291626,0.6821186542510986,0.5714337229728699,24.333367919921898,1
2022-06-22,0.2607267796993255,0.2364242970943451,0.6236681938171387,0.5654273629188538,24.547784423828148,1
2022-06-23,0.2662309110164642,0.2356471270322799,0.6367323398590088,0.5634920597076416,24.676110839843773,1
2022-06-24,0.2993172109127044,0.2376567125320434,0.715708315372467,0.5683873891830444,24.689630126953148,1
2022-06-25,0.2804587185382843,0.241577997803688,0.670890212059021,0.5779352784156799,24.220391845703148,1
2022-06-26,0.3247953951358795,0.2506560385227203,0.7768559455871582,0.5994399785995483,24.013604736328148,1
2022-06-27,0.2828576564788818,0.2490524500608444,0.6763285398483276,0.5957576036453247,23.337182617187523,1
2022-06-28,0.2827415466308594,0.2471228092908859,0.6763349771499634,0.5911679267883301,23.987603759765648,1
2022-06-29,0.2805728912353515,0.245742380619049,0.6711624264717102,0.5878109335899353,23.990869140625023,1
2022-06-30,0.2782407701015472,0.2441916018724441,0.665478527545929,0.5840958952903748,24.805596923828148,1
2022-07-01,0.2810835540294647,0.2440440356731414,0.6722210645675659,0.5837733745574951,24.364282226562523,1
2022-07-02,0.2887459397315979,0.2440266013145446,0.6905014514923096,0.583581805229187,24.63155517578128,1
2022-07-03,0.2586228847503662,0.2408191561698913,0.6185470819473267,0.5759263038635254,24.784844970703148,1
2022-07-04,0.2977172434329986,0.2474309355020523,0.7120687961578369,0.5918346643447876,25.047387695312523,1
2022-07-05,0.3106898665428161,0.2617867290973663,0.7432049512863159,0.6262310743331909,24.522027587890648,1
2022-07-06,0.2868575155735016,0.2577289640903473,0.686045229434967,0.616534411907196,24.68355712890628,1
2022-07-07,0.2600055038928985,0.2515487372875213,0.6219711899757385,0.6016741394996643,25.163415527343773,1
2022-07-08,0.2730728685855865,0.2502670586109161,0.6531329154968262,0.598598837852478,24.947534179687523,1
2022-07-09,0.2636699080467224,0.2484090328216552,0.6305185556411743,0.5940240621566772,25.562066650390648,1
2022-07-10,0.2923963665962219,0.2499653697013855,0.6991650462150574,0.5979612469673157,25.332940673828148,1
2022-07-11,0.3332928419113159,0.2616643905639648,0.7972181439399719,0.6257421970367432,24.884362792968773,1
2022-07-12,0.2950948774814605,0.264994204044342,0.7057707905769348,0.6337881088256836,24.466882324218773,1
2022-07-13,0.303866297006607,0.2678921818733215,0.7269737124443054,0.6408845782279968,24.447900390625023,1
2022-07-14,0.2933072745800018,0.2653067111968994,0.701459527015686,0.6346251368522644,24.674371337890648,1
2022-07-15,0.2645244896411896,0.2593649327754974,0.6326030492782593,0.6203973889350891,24.863854980468773,1
2022-07-16,0.2780671119689941,0.2587209939956665,0.6650660634040833,0.6189430952072144,25.165124511718773,1
2022-07-17,0.2899940311908722,0.2583708763122558,0.6935734748840332,0.6178370118141174,25.265313720703148,1
2022-07-18,0.2980154752731323,0.2617760300636291,0.7128776907920837,0.6262034773826599,25.446435546875023,1
2022-07-19,0.2875871062278747,0.260343849658966,0.6878823637962341,0.6226984858512878,25.780114746093773,1
2022-07-20,0.2694354653358459,0.2567600607872009,0.6444432139396667,0.6139418482780457,26.002008056640648,1
2022-07-21,0.3036823272705078,0.2622007429599762,0.7262359261512756,0.627331554889679,24.398278808593773,1
2022-07-22,0.2998658716678619,0.2648117542266845,0.7171251177787781,0.63338702917099,24.204370117187523,1
2022-07-23,0.3122715651988983,0.2677268981933594,0.7467485070228577,0.6404294371604919,23.822839355468773,1
2022-07-24,0.2858880758285522,0.2643971741199493,0.6837427020072937,0.6324564814567566,23.977685546875023,1
2022-07-25,0.304422914981842,0.2663226127624511,0.7280420660972595,0.6369245648384094,24.085229492187523,1
2022-07-26,0.2964026629924774,0.2652902603149414,0.709056556224823,0.6346814632415771,23.817254638671898,1
2022-07-27,0.2966692149639129,0.2652364671230316,0.709663450717926,0.6342980265617371,24.052087402343773,1
2022-07-28,0.3145643174648285,0.2704483270645141,0.7522222995758057,0.6467974781990051,23.79952392578128,1
2022-07-29,0.3069950044155121,0.2725603878498077,0.7342677712440491,0.6519056558609009,24.15548095703128,1
2022-07-30,0.2778570055961609,0.2667349576950073,0.6645014882087708,0.6380212306976318,25.1352478027344,1
2022-07-31,0.2634955048561096,0.2627494633197784,0.6302547454833984,0.6283669471740723,25.611016845703148,1
2022-08-01,0.3098579347133636,0.2657380104064941,0.7410685420036316,0.6354299187660217,24.709405517578148,1
2022-08-02,0.3053900897502899,0.2704639136791229,0.7302109003067017,0.6467183828353882,24.425897216796898,1
2022-08-03,0.3189380466938019,0.2768028080463409,0.7628291845321655,0.6620763540267944,24.386254882812523,1
2022-08-04,0.3002018630504608,0.2755185961723327,0.7180876135826111,0.6592249274253845,24.368066406250023,1
2022-08-05,0.334994912147522,0.279356449842453,0.8010802865028381,0.6680796146392822,24.356011962890648,1
2022-08-06,0.3339214026927948,0.2966905236244201,0.7986658811569214,0.7095836997032166,23.9760681152344,1
2022-08-07,0.3094411194324493,0.2872015237808227,0.7401321530342102,0.6869633197784424,23.931542968750023,1
2022-08-08,0.2917437851428985,0.2795453071594238,0.697822630405426,0.6686678528785706,24.723474121093773,1
2022-08-09,0.282690167427063,0.2751497328281402,0.6760538816452026,0.6581671237945557,25.38741455078128,1
2022-08-10,0.3484370410442352,0.2877373695373535,0.833566427230835,0.6884040236473083,24.707910156250023,1
2022-08-11,0.344352513551712,0.2950202822685241,0.8234962821006775,0.7054601907730103,24.297662353515648,1
2022-08-12,0.3129820227622986,0.2879400849342346,0.748565137386322,0.688444197177887,24.318963623046898,1
2022-08-13,0.3329482972621918,0.2945276796817779,0.7963594198226929,0.7043771743774414,23.996911621093773,1
2022-08-14,0.3271503746509552,0.2912369072437286,0.782247006893158,0.6965034008026123,24.167626953125023,1
2022-08-15,0.3227877616882324,0.2880776524543762,0.7718961834907532,0.6891428232192993,23.921197509765648,1
2022-08-16,0.3206155300140381,0.2860890626907348,0.7666832208633423,0.6843163967132568,24.133874511718773,1
2022-08-17,0.3099870085716247,0.2832304835319519,0.7413202524185181,0.6774221658706665,25.0231872558594,1
2022-08-18,0.2933971881866455,0.2801890671253204,0.7017636895179749,0.6701250076293945,25.6203552246094,1
2022-08-19,0.2850630581378937,0.277981162071228,0.6817632913589478,0.6647260189056396,25.74385986328128,1
2022-08-20,0.2900184690952301,0.2770603597164154,0.6935235261917114,0.6625997424125671,25.547204589843773,1
2022-08-21,0.3417250514030456,0.2886214256286621,0.8173789381980896,0.6903386116027832,24.615289306640648,1
2022-08-22,0.3212975859642029,0.285368800163269,0.7686371803283691,0.6826391816139221,23.999444580078148,1
2022-08-23,0.3075641095638275,0.2816442251205444,0.7354990839958191,0.6737618446350098,24.041589355468773,1
2022-08-24,0.2925534844398498,0.2787390947341919,0.6998405456542969,0.6667459607124329,24.698663330078148,1
2022-08-25,0.3232104778289795,0.2810516655445099,0.7730830311775208,0.672099232673645,24.8393493652344,1
2022-08-26,0.3138828575611114,0.2825933396816253,0.7505102157592773,0.675887405872345,24.451287841796898,1
2022-08-27,0.2924258112907409,0.2787059545516968,0.6991747617721558,0.6664149761199951,24.906365966796898,1
2022-08-28,0.3240224421024322,0.2842515110969543,0.7749507427215576,0.6799048781394958,24.176416015625023,1
2022-08-29,0.322816252708435,0.2821898758411407,0.772167444229126,0.6748133897781372,23.461511230468773,1
2022-08-30,0.3028430342674255,0.2799700200557709,0.7242711186408997,0.6696274280548096,23.709771728515648,1
2022-08-31,0.2990784347057342,0.277769386768341,0.7155033349990845,0.6643224358558655,24.587792968750023,1
2022-09-01,0.2967735826969147,0.2766101062297821,0.709848940372467,0.6617225408554077,24.452966308593773,1
2022-09-02,0.2884782552719116,0.2746930122375488,0.6898714900016785,0.6569339036941528,24.273095703125023,1
2022-09-03,0.2802649438381195,0.2731179594993591,0.6700953841209412,0.6532279253005981,24.581933593750023,1
2022-09-04,0.3457173705101013,0.2856606841087341,0.8269708156585693,0.6831775307655334,24.893212890625023,1
2022-09-05,0.3123590648174286,0.2842468023300171,0.7472728490829468,0.6798180341720581,24.432183837890648,1
2022-09-06,0.311807245016098,0.2806876897811889,0.7458891272544861,0.6714674234390259,24.582421875000023,1
2022-09-07,0.3122187852859497,0.2795398831367492,0.746841311454773,0.6686537265777588,25.182153320312523,1
2022-09-08,0.3081149458885193,0.279128223657608,0.7368415594100952,0.6678028702735901,24.219659423828148,1
2022-09-09,0.2921167612075805,0.2769905626773834,0.6986172199249268,0.6625131368637085,24.457543945312523,1
2022-09-10,0.2800827622413635,0.2744278013706207,0.6699213981628418,0.6564854979515076,24.986230468750023,1
2022-09-11,0.3494650423526764,0.3003377914428711,0.835724413394928,0.7183339595794678,24.428033447265648,1
2022-09-12,0.3269159197807312,0.2959156632423401,0.7819151282310486,0.7077641487121582,24.385339355468773,1
2022-09-13,0.3267831802368164,0.2905297875404358,0.7814921140670776,0.6948603987693787,24.213494873046898,1
2022-09-14,0.3234924972057342,0.2876647114753723,0.7738162279129028,0.6881185173988342,24.60201416015628,1
2022-09-15,0.3119746446609497,0.2845454216003418,0.7462897896766663,0.680618166923523,24.528619384765648,1
2022-09-16,0.3298015296459198,0.2862057685852051,0.788948118686676,0.6847161054611206,24.442651367187523,1
2022-09-17,0.3175356984138489,0.28513303399086,0.7594385743141174,0.681779682636261,23.951470947265648,1
2022-09-18,0.3173713088035583,0.2844321131706238,0.7590357661247253,0.6801528930664062,24.017724609375023,1
2022-09-19,0.3306667506694793,0.2939750850200653,0.7910438776016235,0.7031581401824951,23.5712829589844,1
2022-09-20,0.3203567862510681,0.2888198494911194,0.7662492394447327,0.6906331777572632,23.945397949218773,1
2022-09-21,0.3245633244514465,0.2900179922580719,0.776114821434021,0.6937482357025146,23.990106201171898,1
2022-09-22,0.3308561146259308,0.2952602505683899,0.7914918661117554,0.7061818242073059,24.10079345703128,1
2022-09-23,0.3333651423454284,0.2935470640659332,0.7972011566162109,0.7020204067230225,24.225244140625023,1
2022-09-24,0.3269539475440979,0.2929975092411041,0.7819961905479431,0.7008843421936035,24.166864013671898,1
2022-09-25,0.335227906703949,0.2922961413860321,0.8016476631164551,0.6990861296653748,24.07100830078128,1
2022-09-26,0.3282515108585357,0.290764570236206,0.7851396203041077,0.6954202651977539,24.53609619140628,1
2022-09-27,0.3221385478973388,0.2891771793365478,0.7702548503875732,0.6915866136550903,24.590844726562523,1
2022-09-28,0.3215570151805877,0.2919506132602691,0.7692731022834778,0.6981635689735413,24.43453369140628,1
2022-09-29,0.3266434967517853,0.2906407117843628,0.7811644077301025,0.695075511932373,24.437585449218773,1
2022-09-30,0.3223962485790252,0.2892346978187561,0.771056592464447,0.6917365789413452,24.11617431640628,1
2022-10-01,0.3173132240772247,0.2876452803611755,0.7591283917427063,0.6879938244819641,23.533715820312523,1
2022-10-02,0.3117839097976684,0.2866906523704529,0.7457466721534729,0.6856096386909485,24.026391601562523,1
2022-10-03,0.3005332052707672,0.2843054533004761,0.7187976837158203,0.6800671219825745,24.890527343750023,1
2022-10-04,0.3084893226623535,0.2835735380649566,0.7378197312355042,0.6781152486801147,25.717950439453148,1
2022-10-05,0.3269014954566955,0.2855569720268249,0.7820894122123718,0.6830770969390869,24.972436523437523,1
2022-10-06,0.315639317035675,0.2846590280532837,0.7550686001777649,0.6810106039047241,24.109490966796898,1
2022-10-07,0.3175222873687744,0.2839159965515136,0.7593876123428345,0.6792740821838379,24.204187011718773,1
2022-10-08,0.3124156296253204,0.282920092344284,0.747202455997467,0.6767821907997131,24.060449218750023,1
2022-10-09,0.3029990792274475,0.2816773951053619,0.7248359322547913,0.6735511422157288,23.785729980468773,1
2022-10-10,0.3171682953834533,0.2827226519584656,0.7586317658424377,0.6760979294776917,24.300073242187523,1
2022-10-11,0.3191348910331726,0.286989152431488,0.763303279876709,0.6863363981246948,23.87056884765628,1
2022-10-12,0.3202279210090637,0.2855435013771057,0.7660956978797913,0.6828951239585876,23.72579345703128,1
2022-10-13,0.3269590735435486,0.2915879487991333,0.7820016741752625,0.6973901987075806,24.069421386718773,1
2022-10-14,0.3130751848220825,0.2870972454547882,0.7488329410552979,0.6864711046218872,23.90767822265628,1
2022-10-15,0.3177738487720489,0.2862225770950317,0.760033130645752,0.6847827434539795,24.32003173828128,1
2022-10-16,0.3137864172458648,0.2847892045974731,0.7506684064865112,0.6812757849693298,24.17745361328128,1
2022-10-17,0.30647873878479,0.283008873462677,0.7332574129104614,0.6767693161964417,24.165917968750023,1
2022-10-18,0.3102418482303619,0.2823171317577362,0.7421005368232727,0.6751663088798523,23.825311279296898,1
2022-10-19,0.3047605454921722,0.2810468375682831,0.7289115786552429,0.672351598739624,24.170587158203148,1
2022-10-20,0.3012620508670807,0.2800833880901336,0.7207865715026855,0.6697001457214355,24.083581542968773,1
2022-10-21,0.303581029176712,0.2796020209789276,0.7260443568229675,0.6687415838241577,24.168786621093773,1
2022-10-22,0.3017086088657379,0.2788662314414978,0.7215872406959534,0.6667797565460205,24.154351806640648,1
2022-10-23,0.2978939116001129,0.2782024145126343,0.7125028967857361,0.6654199361801147,24.044366455078148,1
2022-10-24,0.3148024976253509,0.2816428244113922,0.752966582775116,0.6737791299819946,24.1921325683594,1
2022-10-25,0.3147339820861816,0.2837966084480285,0.752761721611023,0.6787927746772766,24.093347167968773,1
2022-10-26,0.3320973515510559,0.2999710142612457,0.7941261529922485,0.7175260782241821,24.065301513671898,1
2022-10-27,0.3113060891628265,0.2903053760528564,0.7446181774139404,0.6942753195762634,24.037683105468773,1
2022-10-28,0.3153538703918457,0.2874148190021515,0.7542732954025269,0.6875411868095398,23.923211669921898,1
2022-10-29,0.3029073774814605,0.2836646139621734,0.7246426939964294,0.6785966157913208,23.59346923828128,1
2022-10-30,0.2912877798080444,0.2807050049304962,0.696618378162384,0.6714385151863098,23.461724853515648,1
2022-10-31,0.3028432726860046,0.2805346250534057,0.724198579788208,0.6708984375,23.50289306640628,1
2022-11-01,0.2862523198127746,0.2780637145042419,0.6846771836280823,0.6651323437690735,24.233056640625023,1
2022-11-02,0.2765399813652038,0.2757821381092071,0.6613736748695374,0.6594453454017639,24.835534667968773,1
2022-11-03,0.3362691402435303,0.2828819453716278,0.8042716383934021,0.676756739616394,24.970361328125023,1
2022-11-04,0.3326674401760101,0.2960264384746551,0.7955293655395508,0.7079047560691833,23.639184570312523,1
2022-11-05,0.3285328149795532,0.2908137142658233,0.7858571410179138,0.6955481171607971,23.373925781250023,1
2022-11-06,0.3212705254554748,0.289265513420105,0.7683638334274292,0.6919868588447571,23.062585449218773,1
2022-11-07,0.3109540939331054,0.2856752872467041,0.7436566948890686,0.6833851933479309,23.61348876953128,1
2022-11-08,0.3196922838687897,0.2857441008090973,0.7644852995872498,0.6832464933395386,23.932916259765648,1
2022-11-09,0.3263282775878906,0.2912015616893768,0.7805513739585876,0.6964111924171448,23.807641601562523,1
2022-11-10,0.3240771293640136,0.288874477148056,0.775198757648468,0.6910198330879211,23.9301696777344,1
2022-11-11,0.3247797787189483,0.2883712351322174,0.7768574953079224,0.6896860003471375,23.96383056640628,1
2022-11-12,0.3275342285633087,0.2885969579219818,0.7832792401313782,0.6903705596923828,23.72774658203128,1
2022-11-13,0.3249700367450714,0.2894576489925384,0.7770437002182007,0.6923398375511169,23.257012939453148,1
2022-11-14,0.3201746642589569,0.288129448890686,0.7659071683883667,0.6891302466392517,23.81441650390628,1
2022-11-15,0.309349924325943,0.2850326597690582,0.7398632168769836,0.6817624568939209,24.116021728515648,1
2022-11-16,0.3213965594768524,0.2852703034877777,0.7688348293304443,0.6822337508201599,24.454492187500023,1
2022-11-17,0.3129008710384369,0.2841481268405914,0.7485874891281128,0.6795607805252075,24.500848388671898,1
2022-11-18,0.3079229593276977,0.2827516198158264,0.7364859580993652,0.6762469410896301,24.13155517578128,1
2022-11-19,0.3108008205890655,0.2832252979278564,0.7434921264648438,0.6773560047149658,24.979028320312523,1
2022-11-20,0.3062176406383514,0.2817456424236297,0.7324656844139099,0.6739729642868042,24.428125000000023,1
2022-11-21,0.319887101650238,0.2830987572669983,0.7651548981666565,0.6771001815795898,24.36348876953128,1
2022-11-22,0.3050776720046997,0.2816308736801147,0.7296819686889648,0.6737478375434875,24.397119140625023,1
2022-11-23,0.2911852598190307,0.2794138193130493,0.6965808272361755,0.6683253645896912,23.71822509765628,1
2022-11-24,0.2930638492107391,0.2781606912612915,0.7009720206260681,0.6653112173080444,23.588159179687523,1
2022-11-25,0.2843433916568756,0.2765581011772156,0.6799551844596863,0.6612908840179443,23.663995361328148,1
2022-11-26,0.2773501873016357,0.2748732268810272,0.663279116153717,0.6575206518173218,24.04024658203128,1
2022-11-27,0.3062065243721008,0.2766730785369873,0.7324039340019226,0.6618340611457825,23.9782653808594,1
2022-11-28,0.3195669651031494,0.2824204266071319,0.7640698552131653,0.6756057143211365,23.540917968750023,1
2022-11-29,0.3148348331451416,0.2828786671161651,0.7530195713043213,0.6765781044960022,22.995660400390648,1
2022-11-30,0.3016942739486694,0.2800101339817047,0.7216262817382812,0.6695832014083862,23.222100830078148,1
2022-12-01,0.2896783053874969,0.2772141098976135,0.6928372383117676,0.6628519296646118,23.426416015625023,1
2022-12-02,0.2947233021259308,0.276857316493988,0.7048067450523376,0.6620696783065796,23.358728027343773,1
2022-12-03,0.2806347012519836,0.2742167711257934,0.671305239200592,0.6557652950286865,23.53072509765628,1
2022-12-04,0.2725200355052948,0.2718268036842346,0.6519556641578674,0.6502102017402649,24.018670654296898,1
2022-12-05,0.2936293482780456,0.2735965251922607,0.7022390961647034,0.6542744636535645,23.44454345703128,1
2022-12-06,0.2744933664798736,0.2708836197853088,0.6565032005310059,0.647855818271637,23.45357666015628,1
2022-12-07,0.275016039609909,0.2701236605644226,0.6578554511070251,0.6458309292793274,23.011163330078148,1
2022-12-08,0.2601347863674164,0.2676456570625305,0.6222414374351501,0.6399500370025635,22.601342773437523,1
2022-12-09,0.2528722584247589,0.2654748558998108,0.6048425436019897,0.6351361274719238,22.689019775390648,1
2022-12-10,0.2643605172634125,0.2645869851112366,0.6323138475418091,0.6327564120292664,23.697656250000023,1
2022-12-11,0.2551091313362121,0.2627906501293182,0.6102561950683594,0.6286221742630005,23.6733337402344,1
2022-12-12,0.2499211430549621,0.2609289288520813,0.59769207239151,0.6240733861923218,23.785729980468773,1
2022-12-13,0.2427068054676056,0.2587356269359588,0.5806441307067871,0.6189568638801575,23.78121337890628,1
2022-12-14,0.2486591041088104,0.2577478289604187,0.594743549823761,0.6165602803230286,23.93697509765628,1
2022-12-15,0.2328947037458419,0.2551629245281219,0.5570070147514343,0.6104007959365845,24.487664794921898,1
2022-12-16,0.2340759038925171,0.2535299062728882,0.5598469376564026,0.6063745021820068,24.490289306640648,1
2022-12-17,0.2303502410650253,0.2514250874519348,0.5510369539260864,0.6014143228530884,24.943017578125023,1
2022-12-18,0.2473961412906646,0.2507235407829284,0.5916009545326233,0.5997120141983032,24.7631774902344,1
2022-12-19,0.261343777179718,0.2505558729171753,0.6250638961791992,0.5992639064788818,24.203179931640648,1
2022-12-20,0.2449929416179657,0.2484840750694275,0.5860741138458252,0.5943164229393005,23.971948242187523,1
2022-12-21,0.2311863452196121,0.2460022121667862,0.5528863668441772,0.5883517861366272,24.023950195312523,1
2022-12-22,0.2244904339313507,0.2438049465417862,0.5367633700370789,0.5832249522209167,24.735284423828148,1
2022-12-23,0.2075428515672683,0.2407034039497375,0.4964271187782287,0.5758131742477417,25.044000244140648,1
2022-12-24,0.1961089223623275,0.2380484342575073,0.4690523147583008,0.5695453882217407,24.755273437500023,1
2022-12-25,0.1927330195903778,0.2359135895967483,0.4609643816947937,0.5643375515937805,23.632897949218773,1
2022-12-26,0.1867757588624954,0.2333603650331497,0.4468502998352051,0.5581011772155762,23.655908203125023,1
2022-12-27,0.1949435770511627,0.2319099754095077,0.4662461280822754,0.5546457767486572,23.879785156250023,1
2022-12-28,0.2252396345138549,0.2334477305412292,0.5387345552444458,0.5584235787391663,23.588677978515648,1
2022-12-29,0.2022038698196411,0.2306026667356491,0.4835786521434784,0.5516493320465088,23.881463623046898,1
2022-12-30,0.2024261355400085,0.2289634644985199,0.4841563701629638,0.5475316643714905,24.501641845703148,1
2022-12-31,0.1875891238451004,0.2261659204959869,0.4487501084804535,0.540966272354126,24.264581298828148,1
2023-01-01,0.1985056698322296,0.2250547409057617,0.4747981131076813,0.5384072065353394,24.038842773437523,1
2023-01-02,0.2187787443399429,0.2253198623657226,0.523326575756073,0.5389503240585327,23.631158447265648,1
2023-01-03,0.2011137753725052,0.2226486057043075,0.4809952974319458,0.5326399207115173,23.457299804687523,1
2023-01-04,0.1959129869937896,0.220787838101387,0.4686814844608307,0.5280085206031799,23.459588623046898,1
2023-01-05,0.1915684938430786,0.219032809138298,0.4581533372402191,0.523982048034668,23.539666748046898,1
2023-01-06,0.1867432743310928,0.2172947376966476,0.4467588663101196,0.5197558403015137,24.109246826171898,1
2023-01-07,0.1886385828256607,0.2157126069068908,0.4511659145355224,0.5158128142356873,24.154809570312523,1
2023-01-08,0.2220059931278228,0.2161475569009781,0.5311018824577332,0.5171141028404236,24.262719726562523,1
2023-01-09,0.2460826635360717,0.2177540212869644,0.5885421633720398,0.5209123492240906,24.22652587890628,1
2023-01-10,0.2754964232444763,0.2264756113290786,0.658896803855896,0.5417212247848511,23.537438964843773,1
2023-01-11,0.2681032419204712,0.2287807166576385,0.6410766243934631,0.5471291542053223,23.270166015625023,1
2023-01-12,0.2727386355400085,0.2348837405443191,0.6523035764694214,0.5617660284042358,23.57027587890628,1
2023-01-13,0.2617248296737671,0.2324982732534408,0.6260197758674622,0.5559781789779663,23.955468750000023,1
2023-01-14,0.2538032531738281,0.2299606651067733,0.606933057308197,0.5498788356781006,24.003289794921898,1
2023-01-15,0.2497333139181137,0.228697583079338,0.5971482992172241,0.5469977855682373,23.605126953125023,1
2023-01-16,0.2269298732280731,0.2255498468875885,0.5426205396652222,0.539571225643158,23.605584716796898,1
2023-01-17,0.2119308710098266,0.2228845059871673,0.5069636702537537,0.5330321788787842,23.72774658203128,1
2023-01-18,0.2033064514398574,0.2204392552375793,0.4861736595630646,0.5273221731185913,24.130944824218773,1
2023-01-19,0.1924785673618316,0.218321606516838,0.4602391421794891,0.5221588611602783,24.079919433593773,1
2023-01-20,0.1859184652566909,0.2160112857818603,0.4447678327560425,0.5165775418281555,24.258691406250023,1
2023-01-21,0.1813020706176757,0.2139587700366974,0.4336403608322143,0.5118388533592224,23.9428649902344,1
2023-01-22,0.1719456911087036,0.2115970700979232,0.4113277494907379,0.5060763955116272,23.5849548339844,1
2023-01-23,0.1724731028079986,0.2098358571529388,0.4124593436717987,0.5019752383232117,24.242761230468773,1
2023-01-24,0.1669150292873382,0.2080398648977279,0.3993388712406158,0.4974755942821502,24.716607666015648,1
2023-01-25,0.1610504984855651,0.2067319899797439,0.3851714730262756,0.4944407343864441,24.419854736328148,1
2023-01-26,0.1648138165473938,0.2053518146276474,0.3942113220691681,0.4911694526672363,24.739038085937523,1
2023-01-27,0.1539379656314849,0.203046053647995,0.3681140840053558,0.4857117831707001,23.811364746093773,1
2023-01-28,0.1496060937643051,0.2011796683073043,0.3577962219715118,0.4811030626296997,23.608331298828148,1
2023-01-29,0.1497997343540191,0.199424535036087,0.3581813871860504,0.4770283997058868,22.387109375000023,1
2023-01-30,0.1472734063863754,0.1977894306182861,0.3521467447280884,0.4729965329170227,23.255792236328148,1
2023-01-31,0.1454025208950042,0.1961609870195388,0.3478879928588867,0.4691041707992553,23.74166259765628,1
2023-02-01,0.1395098567008972,0.1942498087882995,0.3335898518562317,0.4646488428115845,23.6125427246094,1
2023-02-02,0.140890434384346,0.1927852630615234,0.3369429111480713,0.4611095786094665,23.0385681152344,1
2023-02-03,0.1382487416267395,0.19131700694561,0.3306440711021423,0.4576455652713775,23.652490234375023,1
2023-02-04,0.1632059067487716,0.1917683631181717,0.3903863728046417,0.4586480855941772,24.336572265625023,1
2023-02-05,0.1839658468961715,0.1926785707473755,0.4401156604290008,0.4608313739299774,23.703881835937523,1
2023-02-06,0.1914292275905609,0.1928919553756714,0.4577777981758117,0.4613135457038879,24.028192138671898,1
2023-02-07,0.1564855873584747,0.1897417902946472,0.37425696849823,0.4538918435573578,24.48629150390628,1
2023-02-08,0.152981087565422,0.1880732178688049,0.365890622138977,0.4498099386692047,24.50167236328128,1
2023-02-09,0.1353384405374527,0.1857519298791885,0.3236977756023407,0.4443009495735168,24.65474853515628,1
2023-02-10,0.1316323578357696,0.1842267513275146,0.3148340284824371,0.4406035244464874,24.803125000000023,1
2023-02-11,0.1312885731458664,0.1829643249511718,0.3140219449996948,0.4376019835472107,24.967919921875023,1
2023-02-12,0.1196113377809524,0.1812774240970611,0.2860980033874511,0.4334721565246582,25.232781982421898,1
2023-02-13,0.1226135641336441,0.1803715974092483,0.2932741940021515,0.4313850700855255,25.387261962890648,1
2023-02-14,0.1314781457185745,0.1798992305994033,0.3145444393157959,0.4302429556846618,25.395379638671898,1
2023-02-15,0.1349299103021621,0.1794749796390533,0.3227213323116302,0.4293591976165771,25.474267578125023,1
2023-02-16,0.1584158539772033,0.1800486594438552,0.3789839148521423,0.4306433796882629,25.36934814453128,1
2023-02-17,0.1340542435646057,0.1777840405702591,0.3206540644168854,0.4251337945461273,25.318780517578148,1
2023-02-18,0.1328647583723068,0.176657423377037,0.3178673982620239,0.4224232733249664,25.130670166015648,1
2023-02-19,0.1221441403031349,0.1750957369804382,0.2920937538146972,0.4189010262489319,24.07515869140628,1
2023-02-20,0.1192497014999389,0.17397041618824,0.2852795124053955,0.4161089062690735,23.657006835937523,1
2023-02-21,0.1168766319751739,0.1728542894124984,0.2795258164405823,0.4134628176689148,24.106561279296898,1
2023-02-22,0.1136515215039253,0.1717578172683715,0.2718443274497986,0.4108197689056396,24.602105712890648,1
2023-02-23,0.134334459900856,0.172487273812294,0.3212375938892364,0.4126062989234924,25.102380371093773,1
2023-02-24,0.1258535385131836,0.1713189780712127,0.3009679317474365,0.4096910059452057,25.0573669433594,1
2023-02-25,0.1100089251995086,0.1696174591779709,0.2631127536296844,0.405682235956192,24.788201904296898,1
2023-02-26,0.1125286743044853,0.1689911037683487,0.2692020535469055,0.4041755795478821,24.786462402343773,1
2023-02-27,0.1095201224088668,0.1681563705205917,0.2619752585887909,0.4021519422531128,25.084802246093773,1
2023-02-28,0.1117269694805145,0.1674453169107437,0.2672165930271148,0.4004986584186554,25.4130798339844,1
2023-03-01,0.1127377152442932,0.1669196784496307,0.2695924639701843,0.3992546796798706,25.323632812500023,1
2023-03-02,0.1120525300502777,0.1664629876613617,0.2679854035377502,0.3981164395809173,25.683740234375023,1
2023-03-03,0.0996835082769393,0.1651581227779388,0.2384013831615448,0.3949671685695648,25.864068603515648,1
2023-03-04,0.1026641204953193,0.1646853238344192,0.2455507665872573,0.3939570486545563,25.5703063964844,1
2023-03-05,0.1078957021236419,0.1643228679895401,0.2580761611461639,0.3931122124195099,26.073358154296898,1
2023-03-06,0.1262107044458389,0.1650227457284927,0.3018333315849304,0.3946883678436279,25.478082275390648,1
2023-03-07,0.1299764215946197,0.1649859249591827,0.3107863664627075,0.394666463136673,25.452081298828148,1
2023-03-08,0.1217340975999832,0.1641908288002014,0.2911738157272339,0.3926349282264709,25.087335205078148,1
2023-03-09,0.1173209100961685,0.1633658409118652,0.2805847525596618,0.390758752822876,25.468560791015648,1
2023-03-10,0.1116161346435546,0.1624848842620849,0.2669096291065216,0.3885776102542877,25.918634033203148,1
2023-03-11,0.1073784083127975,0.1615960150957107,0.2568022310733795,0.3864982724189758,25.291375732421898,1
2023-03-12,0.1058817654848098,0.1610375493764877,0.253231793642044,0.3851316273212433,25.090173339843773,1
2023-03-13,0.1059707477688789,0.1606107652187347,0.2534824311733246,0.3841563463211059,25.462243652343773,1
2023-03-14,0.1212276220321655,0.1609985828399658,0.2900357544422149,0.3850670456886291,25.506524658203148,1
2023-03-15,0.1445254385471344,0.1625501215457916,0.3456389009952545,0.3887845277786255,25.214868164062523,1
2023-03-16,0.1377482563257217,0.1610771864652633,0.3294576108455658,0.3852234184741974,24.76778564453128,1
2023-03-17,0.147352933883667,0.1620396971702575,0.3524215519428253,0.3875913023948669,24.597924804687523,1
2023-03-18,0.1507667899131775,0.1625405550003051,0.3606050014495849,0.3888340890407562,25.033532714843773,1
2023-03-19,0.1345303058624267,0.1613163203001022,0.3218584358692169,0.3858209252357483,25.120233154296898,1
2023-03-20,0.1216441467404365,0.1603526920080185,0.2909809947013855,0.3836202621459961,25.396295166015648,1
2023-03-21,0.118974968791008,0.1596967279911041,0.2845381498336792,0.3819515109062195,25.2455993652344,1
2023-03-22,0.1089276820421218,0.1586463451385498,0.2605680823326111,0.3794288337230682,25.602685546875023,1
2023-03-23,0.0999096184968948,0.1575539410114288,0.2390070110559463,0.3768816888332367,25.48189697265628,1
2023-03-24,0.1078692004084587,0.1575888693332672,0.2579821646213531,0.3769630193710327,25.57369384765628,1
2023-03-25,0.102074034512043,0.1567534953355789,0.2441405355930328,0.3748361766338348,25.677087402343773,1
2023-03-26,0.1022214442491531,0.1562566310167312,0.2444911897182464,0.3737519979476928,25.783532714843773,1
2023-03-27,0.1135231778025627,0.1566862612962722,0.2715481519699096,0.3747829794883728,25.915155029296898,1
2023-03-28,0.1177914068102836,0.1566994935274124,0.2817245423793793,0.374780535697937,25.688531494140648,1
2023-03-29,0.1511831879615783,0.1591015607118606,0.361548364162445,0.3805743753910064,25.9880310058594,1
2023-03-30,0.1294057518243789,0.1576663702726364,0.3095030486583709,0.3769895136356354,25.680352783203148,1
2023-03-31,0.120683342218399,0.1568188667297363,0.2886328399181366,0.374969333410263,26.076562500000023,1
2023-04-01,0.1233725622296333,0.1566837728023529,0.295102596282959,0.3747029602527618,25.858697509765648,1
2023-04-02,0.131015807390213,0.1569477319717407,0.3132846653461456,0.3754503428936004,26.15621337890628,1
2023-04-03,0.1239363327622413,0.1563026756048202,0.2964701950550079,0.3738464415073395,26.239831542968773,1
2023-04-04,0.1182181909680366,0.1555761694908142,0.282795250415802,0.3720308244228363,26.670831298828148,1
2023-04-05,0.1085740402340889,0.1545678675174713,0.2597073316574096,0.369677871465683,26.687097167968773,1
2023-04-06,0.1187296211719513,0.1543509513139724,0.2840193212032318,0.3691747486591339,26.287866210937523,1
2023-04-07,0.1329708695411682,0.155136153101921,0.3181219398975372,0.3710579872131347,25.59859619140628,1
2023-04-08,0.1255707293748855,0.1547597199678421,0.3003672659397125,0.3702505230903625,25.687158203125023,1
2023-04-09,0.1238054856657981,0.154566079378128,0.2961018979549408,0.3695648312568664,26.2460876464844,1
2023-04-10,0.1155334413051605,0.1537927836179733,0.276280790567398,0.3678341805934906,26.566461181640648,1
2023-04-11,0.1294789314270019,0.1544441878795623,0.3097219467163086,0.369395762681961,26.5175720214844,1
2023-04-12,0.1631148308515548,0.1563490331172943,0.3901739120483398,0.3739457130432129,26.234155273437523,1
2023-04-13,0.1625860035419464,0.158882275223732,0.3889366388320923,0.3798956871032715,26.572564697265648,1
2023-04-14,0.146704763174057,0.1576066613197326,0.3508380353450775,0.3770193457603454,26.700036621093773,1
2023-04-15,0.1383007019758224,0.1566579192876815,0.330736368894577,0.3747724294662475,26.485406494140648,1
2023-04-16,0.1881920844316482,0.1620007008314132,0.4501668810844421,0.3875159025192261,26.007440185546898,1
2023-04-17,0.1584663242101669,0.1609516739845276,0.3789601624011993,0.3850076198577881,25.925561523437523,1
2023-04-18,0.1410285830497741,0.1591883897781372,0.3372880220413208,0.3807526230812073,25.606805419921898,1
2023-04-19,0.129872053861618,0.1578945517539978,0.3106158673763275,0.3776691854000091,26.142602539062523,1
2023-04-20,0.1303976774215698,0.1575128436088562,0.3118857145309448,0.3767372369766235,26.210595703125023,1
2023-04-21,0.122953861951828,0.1567224264144897,0.2941134870052337,0.3748292922973633,26.014337158203148,1
2023-04-22,0.1200119480490684,0.1561135947704315,0.2870983481407165,0.3733682930469513,25.739801025390648,1
2023-04-23,0.120655246078968,0.155679389834404,0.2885611951351166,0.3723366260528564,26.07344970703128,1
2023-04-24,0.1448537409305572,0.1578703969717025,0.3463926911354065,0.3776543736457824,25.097589111328148,1
2023-04-25,0.1559548377990722,0.1594320684671402,0.372988760471344,0.3812507688999176,25.524804687500023,1
2023-04-26,0.1361186504364013,0.1579264551401138,0.3255199491977691,0.377763420343399,25.877465820312523,1
2023-04-27,0.1226599067449569,0.1567724496126175,0.2933968007564544,0.3750074803829193,25.557946777343773,1
2023-04-28,0.1752327382564544,0.1597777605056762,0.4191125631332397,0.3821738660335541,25.153466796875023,1
2023-04-29,0.1717174053192138,0.1633307635784149,0.4108000695705414,0.3907157480716705,25.906365966796898,1
2023-04-30,0.3423663973808288,0.2111347466707229,0.8190450072288513,0.5050939917564392,25.504022216796898,1
2023-05-01,0.2330101281404495,0.2069261968135833,0.5573644042015076,0.4948474466800689,25.349389648437523,1
2023-05-02,0.1926421225070953,0.1950120776891708,0.4607812762260437,0.4664467275142669,26.500421142578148,1
2023-05-03,0.1967189908027649,0.1894348859786987,0.4705220758914947,0.4531549215316772,27.067926025390648,1
2023-05-04,0.1735002547502517,0.1851273626089096,0.415047824382782,0.4426875710487366,27.050805664062523,1
2023-05-05,0.1578897386789322,0.1818133443593979,0.3776538670063019,0.4349132180213928,27.167169189453148,1
2023-05-06,0.1546792834997177,0.1796571314334869,0.369905412197113,0.4296121597290039,27.183465576171898,1
2023-05-07,0.1468522995710373,0.1778007894754409,0.351260781288147,0.4252737760543823,27.078179931640648,1
2023-05-08,0.1335969716310501,0.1759726852178573,0.3196035921573639,0.4209723472595215,27.167504882812523,1
2023-05-09,0.1271790415048599,0.1743012815713882,0.3042604923248291,0.4168713092803955,26.98946533203128,1
2023-05-10,0.2346892952919006,0.1830620467662811,0.5613878965377808,0.4377935826778412,26.4975524902344,1
2023-05-11,0.2117986679077148,0.1869181543588638,0.5066690444946289,0.4470993280410766,26.252832031250023,1
2023-05-12,0.1801832616329193,0.1827771216630935,0.4310149848461151,0.4371509253978729,26.553002929687523,1
2023-05-13,0.1595750600099563,0.1792914271354675,0.38163822889328,0.4287221729755401,27.213037109375023,1
2023-05-14,0.1663467437028885,0.1780281513929367,0.3978444337844848,0.4256817996501922,26.629968261718773,1
2023-05-15,0.2976186573505401,0.1940029561519622,0.7117552757263184,0.4639204740524292,26.000817871093773,1
2023-05-16,0.2392702996730804,0.1977924704551696,0.5722211003303528,0.4730162322521209,25.8764587402344,1
2023-05-17,0.2485157549381256,0.2042379230260849,0.5945348143577576,0.4885294139385223,25.429559326171898,1
2023-05-18,0.2164247184991836,0.1984333246946334,0.5177289843559265,0.4746339619159698,26.276239013671898,1
2023-05-19,0.2147096544504165,0.1949294507503509,0.5134407877922058,0.4662573933601379,26.956384277343773,1
2023-05-20,0.2177110612392425,0.1938853859901428,0.5208126306533813,0.4637733399868011,26.668725585937523,1
2023-05-21,0.2251558750867843,0.1945065259933471,0.5384368896484375,0.4653031527996063,25.828393554687523,1
2023-05-22,0.2388373911380767,0.2039416432380676,0.5711328387260437,0.4877596795558929,25.527490234375023,1
2023-05-23,0.2318341881036758,0.2003206610679626,0.5544938445091248,0.4791501760482788,25.36519775390628,1
2023-05-24,0.2256600558757782,0.1981290727853775,0.5397585034370422,0.4739786088466644,25.854089355468773,1
2023-05-25,0.2525388896465301,0.2026137560606002,0.6039744019508362,0.4845998287200928,25.466333007812523,1
2023-05-26,0.241724893450737,0.2036317735910415,0.578208327293396,0.486979216337204,25.186608886718773,1
2023-05-27,0.2518644332885742,0.2067655026912689,0.6023644208908081,0.4945520162582397,25.459588623046898,1
2023-05-28,0.2913675904273987,0.2235892117023468,0.6970030069351196,0.5347539782524109,25.318505859375023,1
2023-05-29,0.2871341705322265,0.2385396510362625,0.6867680549621582,0.5705727934837341,25.159753417968773,1
2023-05-30,0.2672759294509887,0.2332090586423874,0.6392620801925659,0.5579098463058472,25.371972656250023,1
2023-05-31,0.2536529898643493,0.2267910540103912,0.6068475842475891,0.542492151260376,25.61861572265628,1
2023-06-01,0.2981657087802887,0.2293246984481811,0.7130208611488342,0.5484452247619629,24.774835205078148,1
2023-06-02,0.2511843144893646,0.2270190864801406,0.6006017923355103,0.5430119633674622,24.730340576171898,1
2023-06-03,0.2269794940948486,0.2220454663038253,0.5429288148880005,0.5310452580451965,25.718927001953148,1
2023-06-04,0.2997511029243469,0.2307391762733459,0.7170566916465759,0.5518183708190918,25.823358154296898,1
2023-06-05,0.2665373384952545,0.2370291948318481,0.637681245803833,0.5668653249740601,25.745965576171898,1
2023-06-06,0.2375999093055725,0.2302789986133575,0.5683853626251221,0.5508289337158203,26.03609619140628,1
2023-06-07,0.2419631034135818,0.228548526763916,0.578689455986023,0.546622633934021,25.816247558593773,1
2023-06-08,0.2613700330257416,0.2277992069721222,0.6251683831214905,0.5450157523155212,25.41036376953128,1
2023-06-09,0.2185867577791214,0.2229405790567398,0.5227630734443665,0.5333722829818726,25.226647949218773,1
2023-06-10,0.224675565958023,0.2216954678297042,0.5374613404273987,0.5301225185394287,25.483056640625023,1
2023-06-11,0.220833882689476,0.219920352101326,0.5283007621765137,0.5259589552879333,25.509332275390648,1
2023-06-12,0.1991641819477081,0.2173246145248413,0.4763528406620025,0.5197842717170715,25.955743408203148,1
2023-06-13,0.1959231346845626,0.2149376422166824,0.4686465859413147,0.5142245888710022,26.401300048828148,1
2023-06-14,0.2525454461574554,0.2193137258291244,0.6041341423988342,0.5246021747589111,26.03194580078128,1
2023-06-15,0.2969459295272827,0.2384289801120758,0.7101684808731079,0.5703714489936829,25.87716064453128,1
2023-06-16,0.2806737720966339,0.2413224726915359,0.6712160110473633,0.577087938785553,25.788232421875023,1
2023-06-17,0.3249931633472442,0.2557511329650879,0.7774804830551147,0.611758828163147,25.659326171875023,1
2023-06-18,0.2867136597633362,0.2525040507316589,0.6857196092605591,0.6039015650749207,24.964501953125023,1
2023-06-19,0.2557187378406524,0.2444025427103042,0.6115706562995911,0.5846447348594666,26.225366210937523,1
2023-06-20,0.2521023154258728,0.2407689690589904,0.6028490662574768,0.5760402679443359,26.577569580078148,1
2023-06-21,0.2313816100358963,0.2360849976539611,0.5533037781715393,0.5646791458129883,26.401513671875023,1
2023-06-22,0.2419840991497039,0.2344655096530914,0.5786281824111938,0.5607739686965942,26.229058837890648,1
2023-06-23,0.2872427105903625,0.2428543269634246,0.6870788335800171,0.5808771848678589,25.741571044921898,1
2023-06-24,0.275400310754776,0.2451708614826202,0.658869743347168,0.5864588022232056,25.474389648437523,1
2023-06-25,0.231144979596138,0.2380539029836654,0.5528601408004761,0.5694724321365356,25.234155273437523,1
2023-06-26,0.2650095522403717,0.238063707947731,0.6336890459060669,0.5695427060127258,25.046533203125023,1
2023-06-27,0.248677983880043,0.2367212772369384,0.5948511958122253,0.5661138296127319,25.018151855468773,1
2023-06-28,0.2232518792152404,0.2332020550966262,0.5341060161590576,0.5578336715698242,25.955957031250023,1
2023-06-29,0.2150747030973434,0.2305464297533035,0.5144268274307251,0.5513533353805542,26.426538085937523,1
2023-06-30,0.2574182748794555,0.2318970113992691,0.6157657504081726,0.5546444654464722,26.849725341796898,1
2023-07-01,0.2320152819156646,0.2270794808864593,0.5549432039260864,0.5431938767433167,26.610742187500023,1
2023-07-02,0.2870741486549377,0.2390466183423996,0.6867629289627075,0.5718299150466919,25.982568359375023,1
2023-07-03,0.2664319276809692,0.2364979982376098,0.637342095375061,0.5656916499137878,25.50191650390628,1
2023-07-04,0.2551518082618713,0.2337830364704132,0.6103966236114502,0.5592556595802307,25.48922119140628,1
2023-07-05,0.251603364944458,0.232753038406372,0.6015985608100891,0.5566750764846802,25.665917968750023,1
2023-07-06,0.3234584629535675,0.247037872672081,0.773575484752655,0.590800940990448,25.383325195312523,1
2023-07-07,0.2717743515968323,0.2445225417613983,0.6499699950218201,0.5848835110664368,25.158471679687523,1
2023-07-08,0.2524722218513489,0.2400543689727783,0.6039425134658813,0.5740610957145691,25.097039794921898,1
2023-07-09,0.2930564284324646,0.2484620213508606,0.7010586857795715,0.5941274166107178,25.449548339843773,1
2023-07-10,0.2707856893539428,0.2450239062309265,0.6475338935852051,0.5859914422035217,25.91036376953128,1
2023-07-11,0.2669820785522461,0.2413502931594848,0.6386475563049316,0.5772716403007507,26.3764587402344,1
2023-07-12,0.292742371559143,0.2529404759407043,0.7000434994697571,0.604987621307373,25.87130126953128,1
2023-07-13,0.2827849090099334,0.2553901970386505,0.6764944791793823,0.6108686923980713,26.344079589843773,1
2023-07-14,0.3043026030063629,0.2546680867671966,0.7279127240180969,0.6090413331985474,26.100671386718773,1
2023-07-15,0.2758979797363281,0.2518359720706939,0.6599876284599304,0.6022011637687683,26.149011230468773,1
2023-07-16,0.251237004995346,0.2469092607498169,0.6008659601211548,0.590467631816864,26.260430908203148,1
2023-07-17,0.2597431242465973,0.2456809431314468,0.6213504076004028,0.5875046849250793,26.010278320312523,1
2023-07-18,0.3116669952869415,0.2566606998443603,0.7455340027809143,0.6140008568763733,26.18892822265628,1
2023-07-19,0.2795896232128143,0.2537405788898468,0.6686588525772095,0.606971263885498,25.698358154296898,1
2023-07-20,0.2464651763439178,0.2475859224796295,0.5894634127616882,0.5923352837562561,26.470635986328148,1
2023-07-21,0.2267736494541168,0.2427691966295242,0.5423504710197449,0.5807881951332092,26.908471679687523,1
2023-07-22,0.2938792109489441,0.250023603439331,0.7029593586921692,0.5980265140533447,26.594628906250023,1
2023-07-23,0.2703540027141571,0.2483078837394714,0.6465998291969299,0.5938460826873779,25.37545166015628,1
2023-07-24,0.2412395477294922,0.2436617314815521,0.5770190358161926,0.5827803611755371,26.242761230468773,1
2023-07-25,0.2337406426668167,0.2412185370922088,0.5590928792953491,0.5769162774085999,26.38985595703128,1
2023-07-26,0.2751646637916565,0.2422824651002884,0.6581280827522278,0.5794127583503723,26.11324462890628,1
2023-07-27,0.2818365395069122,0.242873728275299,0.6739521026611328,0.5809139013290405,25.578881835937523,1
2023-07-28,0.2637515664100647,0.2406549751758575,0.6308321952819824,0.575536847114563,26.082574462890648,1
2023-07-29,0.2407591044902801,0.2371199280023574,0.5757884383201599,0.5671749711036682,26.558984375000023,1
2023-07-30,0.22566519677639,0.2338869869709015,0.5397565364837646,0.5593791007995605,26.745202636718773,1
2023-07-31,0.3046966195106506,0.2590782344341278,0.7286750674247742,0.6196277737617493,26.099511718750023,1
2023-08-01,0.2799281477928161,0.255342960357666,0.6693980693817139,0.6106480360031128,25.642694091796898,1
2023-08-02,0.2897428870201111,0.2510936856269836,0.6932088732719421,0.6004435420036316,26.181268310546898,1
2023-08-03,0.3007746934890747,0.2545487880706787,0.7193808555603027,0.6086819171905518,26.53634033203128,1
2023-08-04,0.2745642066001892,0.2510921955108642,0.6565027236938477,0.6006096601486206,26.568017578125023,1
2023-08-05,0.258063942193985,0.2464492619037628,0.6172503232955933,0.5895270705223083,26.756127929687523,1
2023-08-06,0.240132987499237,0.2426187396049499,0.574259340763092,0.580214262008667,26.93624267578128,1
2023-08-07,0.2842276096343994,0.2441473603248596,0.6797574162483215,0.5838834643363953,26.186791992187523,1
2023-08-08,0.2654008865356445,0.2429510951042175,0.6349367499351501,0.5811025500297546,25.5627380371094,1
2023-08-09,0.2767102122306824,0.2425188720226287,0.6620081663131714,0.5800396203994751,26.292993164062523,1
2023-08-10,0.2760969698429107,0.2434011995792389,0.6605219841003418,0.5822363495826721,26.318994140625023,1
2023-08-11,0.2602818608283996,0.2413507103919983,0.622494101524353,0.577332079410553,26.453759765625023,1
2023-08-12,0.2889044880867004,0.2462295889854431,0.6910654902458191,0.5889812707901001,25.83809814453128,1
2023-08-13,0.278050035238266,0.2445654273033142,0.6650476455688477,0.584848165512085,25.577569580078148,1
2023-08-14,0.2497606575489044,0.2408479005098343,0.5973593592643738,0.5761469602584839,25.45650634765628,1
2023-08-15,0.290942370891571,0.2438546568155288,0.6958319544792175,0.5831226110458374,25.7705017089844,1
2023-08-16,0.2956399023532867,0.2487500756978988,0.7070708274841309,0.5950204730033875,25.43355712890628,1
2023-08-17,0.2649910151958465,0.2448397278785705,0.6339865922927856,0.5856855511665344,25.42012939453128,1
2023-08-18,0.2684663236141205,0.2422486096620559,0.6421810388565063,0.5794243216514587,25.614587402343773,1
2023-08-19,0.2624253928661346,0.240808218717575,0.6275051832199097,0.5759705305099487,25.722253417968773,1
2023-08-20,0.2626487016677856,0.239379271864891,0.6282733082771301,0.5726011991500854,25.85177001953128,1
2023-08-21,0.2725852131843567,0.242179736495018,0.6519891023635864,0.5791463851928711,25.30172119140628,1
2023-08-22,0.2812157869338989,0.2429142892360687,0.6726439595222473,0.5809335708618164,24.476464843750023,1
2023-08-23,0.2570491135120392,0.2404232174158096,0.6148043274879456,0.5750444531440735,24.272576904296898,1
2023-08-24,0.2520595490932464,0.2384844422340393,0.6028397083282471,0.5703438520431519,25.14449462890628,1
2023-08-25,0.2291592359542846,0.2347057163715362,0.5481575727462769,0.5614962577819824,25.647485351562523,1
2023-08-26,0.1909824311733245,0.2300552874803543,0.4567801654338836,0.5502352118492126,25.830865478515648,1
2023-08-27,0.2049358934164047,0.2282591760158538,0.4901837706565857,0.546089768409729,26.095483398437523,1
2023-08-28,0.2035178542137146,0.2259869426488876,0.4867214858531952,0.5405241250991821,26.063500976562523,1
2023-08-29,0.2133334577083587,0.224596619606018,0.5101181864738464,0.537202000617981,26.3476501464844,1
2023-08-30,0.2056335210800171,0.22199147939682,0.4918718934059143,0.5310752987861633,27.034020996093773,1
2023-08-31,0.301676869392395,0.2320932894945144,0.721458375453949,0.5552527904510498,27.242517089843773,1
2023-09-01,0.2605651319026947,0.2314328700304031,0.6231556534767151,0.5535721182823181,26.913903808593773,1
2023-09-02,0.2713054716587066,0.2313832640647888,0.6486755013465881,0.5534433126449585,26.64791259765628,1
2023-09-03,0.2532805204391479,0.2290039211511612,0.6059954762458801,0.5476722717285156,26.09346923828128,1
2023-09-04,0.2476539611816406,0.2269678115844726,0.5924608707427979,0.5428784489631653,25.313317871093773,1
2023-09-05,0.2227120697498321,0.2238077670335769,0.532622218132019,0.5353716611862183,25.969140625000023,1
2023-09-06,0.2062157988548278,0.2200593501329422,0.4932882487773895,0.5264179706573486,26.68673095703128,1
2023-09-07,0.2917896807193756,0.2294323742389679,0.6980030536651611,0.5485662817955017,26.306817626953148,1
2023-09-08,0.2619012594223022,0.2308221906423568,0.6262643337249756,0.5521195530891418,26.065576171875023,1
2023-09-09,0.2870070040225982,0.2351877689361572,0.6863154172897339,0.562443733215332,25.714776611328148,1
2023-09-10,0.2847658693790436,0.2397273778915405,0.681010365486145,0.5732585191726685,25.674645996093773,1
2023-09-11,0.2557812035083771,0.2342907041311264,0.6118056774139404,0.5603071451187134,25.864434814453148,1
2023-09-12,0.2747805416584015,0.2335098534822464,0.657168984413147,0.5585328936576843,26.2177673339844,1
2023-09-13,0.2604200541973114,0.2310010641813278,0.6229051947593689,0.5525109767913818,26.35177001953128,1
2023-09-14,0.2386590987443924,0.2279997617006302,0.5707446932792664,0.5453052520751953,26.573144531250023,1
2023-09-15,0.3594772517681122,0.26531982421875,0.8597434759140015,0.6344882845878601,26.025781250000023,1
2023-09-16,0.2876273393630981,0.2585359513759613,0.6877726912498474,0.6182914972305298,25.510400390625023,1
2023-09-17,0.2729856371879577,0.250764399766922,0.6528859734535217,0.5996715426445007,25.694116210937523,1
2023-09-18,0.2971179187297821,0.2508650720119476,0.7107835412025452,0.5999459028244019,25.772149658203148,1
2023-09-19,0.2788212597370147,0.2497387081384658,0.6670892238616943,0.597346842288971,25.41109619140628,1
2023-09-20,0.2512297332286834,0.2452872544527053,0.6008182168006897,0.5866028666496277,25.771325683593773,1
2023-09-21,0.2333222925662994,0.2410226166248321,0.5579512119293213,0.5764244198799133,26.343408203125023,1
2023-09-22,0.2216365486383438,0.2374811321496963,0.5302347540855408,0.5680646896362305,26.463311767578148,1
2023-09-23,0.279463917016983,0.2407441288232803,0.6684840321540833,0.5757063627243042,26.59859619140628,1
2023-09-24,0.275203138589859,0.2458709180355072,0.6584502458572388,0.5879983305931091,25.812646484375023,1
2023-09-25,0.3281471729278564,0.2605420351028442,0.7847832441329956,0.6232134699821472,25.182000732421898,1
2023-09-26,0.3157470226287842,0.2712902426719665,0.7551477551460266,0.6487907767295837,25.605859375000023,1
2023-09-27,0.2960377931594848,0.2684794068336487,0.7078736424446106,0.6421905159950256,26.197412109375023,1
2023-09-28,0.274645447731018,0.2608783841133117,0.6569289565086365,0.6240392327308655,26.422967529296898,1
2023-09-29,0.2660249769687652,0.2570915222167969,0.6362271904945374,0.6149991154670715,26.236474609375023,1
2023-09-30,0.2696364820003509,0.2546980082988739,0.6447176933288574,0.609019935131073,26.003228759765648,1
2023-10-01,0.264327734708786,0.2537246644496918,0.6323515772819519,0.6068310141563416,25.8598571777344,1
2023-10-02,0.288128912448883,0.2540723383426666,0.6891973614692688,0.6075886487960815,26.09859619140628,1
2023-10-03,0.2905958294868469,0.2567585110664367,0.6951021552085876,0.6142555475234985,25.278344726562523,1
2023-10-04,0.2887508869171142,0.2569442987442016,0.6905031204223633,0.614518404006958,24.960809326171898,1
2023-10-05,0.2816005051136017,0.2553712725639343,0.6735273599624634,0.6106484532356262,24.879327392578148,1
2023-10-06,0.2637086510658264,0.2528456747531891,0.6306518316268921,0.6047288775444031,25.347070312500023,1
2023-10-07,0.257774144411087,0.2500521242618561,0.6167129278182983,0.5981736183166504,25.608575439453148,1
2023-10-08,0.3109674155712127,0.2584073841571808,0.7437839508056641,0.6181760430335999,25.6005798339844,1
2023-10-09,0.2798700332641601,0.2554185092449188,0.6695032119750977,0.6110154986381531,25.63790283203128,1
2023-10-10,0.252825528383255,0.2512442171573639,0.6046028733253479,0.6008580923080444,26.357324218750023,1
2023-10-11,0.3089446425437927,0.2578282654285431,0.738826334476471,0.6165483593940735,26.303247070312523,1
2023-10-12,0.2869988083839416,0.262219101190567,0.6864961385726929,0.6272808909416199,25.754052734375023,1
2023-10-13,0.2724102139472961,0.2577660381793976,0.6516117453575134,0.6164597868919373,26.261315917968773,1
2023-10-14,0.2794179022312164,0.2553837299346924,0.6683613657951355,0.6109984517097473,25.66378173828128,1
2023-10-15,0.266613245010376,0.2534698247909546,0.6376316547393799,0.6062178015708923,25.380975341796898,1
2023-10-16,0.2729444801807403,0.2520124018192291,0.6529002785682678,0.6026601791381836,24.942285156250023,1
2023-10-17,0.2617742121219635,0.2512641251087188,0.6258652806282043,0.6009098887443542,24.852868652343773,1
2023-10-18,0.2278817147016525,0.2463793754577636,0.5449881553649902,0.5893568396568298,25.452905273437523,1
2023-10-19,0.2253902852535247,0.2438379526138305,0.539056658744812,0.5833107233047485,26.080438232421898,1
2023-10-20,0.3113456070423126,0.258978396654129,0.7448863387107849,0.619367778301239,25.344079589843773,1
2023-10-21,0.2797684371471405,0.2575532793998718,0.6692081689834595,0.6159798502922058,24.687585449218773,1
2023-10-22,0.258609265089035,0.2532222270965576,0.6185141205787659,0.6055735945701599,24.773126220703148,1
2023-10-23,0.2474329173564911,0.2499443292617797,0.5917823910713196,0.5978079438209534,25.283837890625023,1
2023-10-24,0.3185259401798248,0.2610041499137878,0.7619526982307434,0.6240488886833191,25.523461914062523,1
2023-10-25,0.3016042709350586,0.2636967599391937,0.7213619947433472,0.630659282207489,24.289727783203148,1
2023-10-26,0.2830577790737152,0.2595720589160919,0.6771632432937622,0.6208873987197876,24.824029541015648,1
2023-10-27,0.2920642793178558,0.2583142518997192,0.6985241174697876,0.6179341077804565,23.732934570312523,1
2023-10-28,0.2771071493625641,0.2576242685317993,0.6626607179641724,0.6162624359130859,23.784967041015648,1
2023-10-29,0.2474554032087326,0.2536628246307373,0.59184330701828,0.6065979599952698,23.72359619140628,1
2023-10-30,0.2365858107805252,0.2502467036247253,0.5658272504806519,0.5985459685325623,24.405450439453148,1
2023-10-31,0.2281456440687179,0.2474476248025894,0.5456579923629761,0.5917322635650635,24.820245361328148,1
2023-11-01,0.2291964888572693,0.2451597154140472,0.548226535320282,0.5863568782806396,24.830926513671898,1
2023-11-02,0.246645987033844,0.2450405359268188,0.5898729562759399,0.5861933827400208,24.738824462890648,1
2023-11-03,0.2450620979070663,0.2438561171293258,0.586184561252594,0.5833578705787659,24.451745605468773,1
2023-11-04,0.24879752099514,0.2432594150304794,0.595016360282898,0.5816844701766968,24.836816406250023,1
2023-11-05,0.2768397927284241,0.2438029199838638,0.6622969508171082,0.5832197070121765,25.46578369140628,1
2023-11-06,0.2428311556577682,0.241435706615448,0.5806463956832886,0.5775655508041382,25.024285888671898,1
2023-11-07,0.2399889528751373,0.2402321994304657,0.5738885402679443,0.574680507183075,24.872949218750023,1
2023-11-08,0.2147105932235717,0.2370010316371917,0.5135180950164795,0.5668776035308838,25.617761230468773,1
2023-11-09,0.2068685740232467,0.2344200313091278,0.4947806298732757,0.5606430172920227,25.9980407714844,1
2023-11-10,0.2732813656330108,0.2387640327215194,0.6538087129592896,0.5711684823036194,26.049951171875023,1
2023-11-11,0.2683095335960388,0.2402595579624176,0.6418813467025757,0.5748246908187866,25.632012939453148,1
2023-11-12,0.2687609493732452,0.2399972230195999,0.6429859399795532,0.574044942855835,25.052636718750023,1
2023-11-13,0.2595420181751251,0.2389138489961624,0.6207008361816406,0.5713260173797607,25.268121337890648,1
2023-11-14,0.2582951188087463,0.2385217249393463,0.6176117658615112,0.5705263018608093,25.556787109375023,1
2023-11-15,0.2582020461559295,0.237253800034523,0.6177375912666321,0.5673027634620667,25.389916992187523,1
2023-11-16,0.2488234639167785,0.2356308698654174,0.5951387882232666,0.5636201500892639,25.01583251953128,1
2023-11-17,0.2796541750431061,0.2396742105484008,0.6690089106559753,0.5731930136680603,25.152185058593773,1
2023-11-18,0.2715279459953308,0.2389099597930908,0.6495341062545776,0.5713889598846436,24.668786621093773,1
2023-11-19,0.293858915567398,0.2484240531921386,0.7027484178543091,0.594245970249176,24.29610595703128,1
2023-11-20,0.2759045660495758,0.2483840733766555,0.6597687602043152,0.5941420793533325,24.343621826171898,1
2023-11-21,0.2673860192298889,0.2449364513158798,0.6396463513374329,0.585910439491272,24.593103027343773,1
2023-11-22,0.2772443890571594,0.244268998503685,0.6631835699081421,0.5843096971511841,24.650292968750023,1
2023-11-23,0.260069876909256,0.2428733557462692,0.6220403909683228,0.5807545781135559,24.58443603515628,1
2023-11-24,0.2448002099990844,0.239622876048088,0.5855098366737366,0.5731208324432373,25.382623291015648,1
2023-11-25,0.2635062038898468,0.2390455454587936,0.6300587058067322,0.571852445602417,25.003747558593773,1
2023-11-26,0.2548630237579345,0.2372093647718429,0.6095399856567383,0.5672605037689209,25.632592773437523,1
2023-11-27,0.2465779781341552,0.2358469665050506,0.5898104906082153,0.5641211271286011,25.574243164062523,1
2023-11-28,0.2255124002695083,0.2327516227960586,0.539450466632843,0.5567693114280701,25.858819580078148,1
2023-11-29,0.2181228250265121,0.2303294092416763,0.5216525197029114,0.5508741140365601,25.957910156250023,1
2023-11-30,0.225912719964981,0.2295268177986145,0.540343165397644,0.5489829778671265,25.859887695312523,1
2023-12-01,0.2142985761165619,0.2274035662412643,0.5123794078826904,0.5438039302825928,26.115808105468773,1
2023-12-02,0.201261967420578,0.22442626953125,0.4813347160816192,0.536673367023468,25.600610351562523,1
2023-12-03,0.1976307034492492,0.2221533805131912,0.4727100729942322,0.5313498377799988,25.577539062500023,1
2023-12-04,0.1932261437177658,0.21978360414505,0.4621264338493347,0.5256035327911377,26.068688964843773,1
2023-12-05,0.1990555673837661,0.2181253582239151,0.4759629368782043,0.5216705203056335,25.791101074218773,1
2023-12-06,0.192273274064064,0.2160476297140121,0.4598784148693084,0.5168542265892029,25.95382080078128,1
2023-12-07,0.189328908920288,0.2144257873296737,0.4528298079967499,0.5128572583198547,25.99288330078128,1
2023-12-08,0.1810515075922012,0.2124253213405609,0.4330140054225921,0.5080955624580383,25.6374450683594,1
2023-12-09,0.1766941249370575,0.2104301899671554,0.4226688146591186,0.5031893253326416,25.799645996093773,1
2023-12-10,0.1725594252347946,0.2083495408296585,0.4128360450267792,0.4983161985874176,26.3229919433594,1
2023-12-11,0.1732297837734222,0.2066425532102584,0.4143364429473877,0.4942564666271209,26.181054687500023,1
2023-12-12,0.1710115522146225,0.2053729742765426,0.4090556502342224,0.4911997318267822,26.004785156250023,1
2023-12-13,0.1714683175086975,0.2036513984203338,0.410045713186264,0.4871387779712677,26.072167968750023,1
2023-12-14,0.167857363820076,0.2018021196126938,0.4015648066997528,0.4826967716217041,26.158807373046898,1
2023-12-15,0.1704474538564682,0.2006464451551437,0.4076787531375885,0.4798632264137268,26.388238525390648,1
2023-12-16,0.1579584330320358,0.1984799206256866,0.3777216672897339,0.474816083908081,25.840844726562523,1
2023-12-17,0.1699632555246353,0.1981124579906463,0.4065188467502594,0.473799854516983,25.524285888671898,1
2023-12-18,0.1724220961332321,0.1965085566043853,0.4123969376087188,0.470130056142807,25.827478027343773,1
2023-12-19,0.1667335033416748,0.1954047530889511,0.3988049030303955,0.4673090875148773,25.729364013671898,1
2023-12-20,0.1657592803239822,0.1944367587566375,0.3964606523513794,0.4649757146835327,25.528344726562523,1
2023-12-21,0.1751046478748321,0.1938099861145019,0.4187978208065033,0.4635902047157287,25.73653564453128,1
2023-12-22,0.1912364214658737,0.1937350630760193,0.4573919773101806,0.463346391916275,25.839196777343773,1
2023-12-23,0.1741826683282852,0.1915296614170074,0.4166102707386017,0.4579904973506927,26.240533447265648,1
2023-12-24,0.1702819019556045,0.1901518702507019,0.4072749018669128,0.4546765387058258,26.274468994140648,1
2023-12-25,0.195619061589241,0.191156655550003,0.4678024649620056,0.4573133289813995,26.012780761718773,1
2023-12-26,0.1887337863445282,0.190626248717308,0.451419472694397,0.4558611214160919,25.73018798828128,1
2023-12-27,0.2000655233860016,0.1902734637260437,0.4783929586410522,0.4550782442092895,25.690087890625023,1
2023-12-28,0.2061808854341507,0.1904906928539276,0.4931395947933197,0.4556810259819031,25.252526855468773,1
2023-12-29,0.1978615820407867,0.1894527822732925,0.473156601190567,0.4531168937683105,25.09493408203128,1
2023-12-30,0.192200556397438,0.1887252926826477,0.4597727954387665,0.4513582289218902,25.128686523437523,1
2023-12-31,0.178858608007431,0.1869382113218307,0.4278642535209656,0.4471782147884369,25.556939697265648,1
2024-01-01,0.1783759146928787,0.1863967329263687,0.4266495108604431,0.4457556903362274,25.092919921875023,1
2024-01-02,0.1682126224040985,0.1846766769886016,0.4023801684379577,0.4418206214904785,25.435815429687523,1
2024-01-03,0.1753616780042648,0.1842712014913559,0.4193289577960968,0.4406347572803497,25.836358642578148,1
2024-01-04,0.1662770360708236,0.1827097833156585,0.3977130949497223,0.4370239973068237,25.934594726562523,1
2024-01-05,0.157204657793045,0.1811574548482895,0.3760172724723816,0.4333185255527496,25.739129638671898,1
2024-01-06,0.1546684652566909,0.1801257133483886,0.3699720203876495,0.4308553636074066,25.622399902343773,1
2024-01-07,0.1437129378318786,0.1784375160932541,0.3437218368053436,0.4268194437026977,25.408319091796898,1
2024-01-08,0.1349815428256988,0.1767436414957046,0.3228625655174255,0.422770231962204,25.448846435546898,1
2024-01-09,0.1375154554843902,0.1758060753345489,0.3288594484329223,0.4204173684120178,25.746362304687523,1
2024-01-10,0.1314689218997955,0.1745781898498535,0.3145348131656647,0.4175548553466797,26.362329101562523,1
2024-01-11,0.1336644440889358,0.1737357378005981,0.3196780085563659,0.4154753684997558,26.56466064453128,1
2024-01-12,0.1279472410678863,0.1727284640073776,0.3059678375720978,0.4131481051445007,26.70162353515628,1
2024-01-13,0.1215571090579032,0.1715644001960754,0.2907814085483551,0.4102678298950195,25.929132080078148,1
2024-01-14,0.1341779977083206,0.171781376004219,0.3209444880485534,0.4109296798706054,25.89449462890628,1
2024-01-15,0.1259713023900985,0.1706009805202484,0.3012205064296722,0.4079582393169403,25.966363525390648,1
2024-01-16,0.1162135079503059,0.1691712439060211,0.277961254119873,0.4046081900596618,26.3295837402344,1
2024-01-17,0.1301236748695373,0.1690960824489593,0.3113089799880981,0.4044727385044098,26.741235351562523,1
2024-01-18,0.1181704998016357,0.167601853609085,0.2825863063335418,0.4009420275688171,26.740625000000023,1
2024-01-19,0.1213460192084312,0.1670681685209274,0.2902290225028991,0.3995906412601471,26.691461181640648,1
2024-01-20,0.1178051903843879,0.1661456823348999,0.2817812860012054,0.3973881006240845,26.799737548828148,1
2024-01-21,0.1107276678085327,0.1650111824274063,0.2648506760597229,0.3945733308792114,26.756738281250023,1
2024-01-22,0.1150832772254943,0.1645749062299728,0.27522674202919,0.3936952650547027,26.505761718750023,1
2024-01-23,0.1050439029932022,0.1632746458053589,0.2512401938438415,0.3905331194400787,26.60128173828128,1
2024-01-24,0.1025915369391441,0.1623633354902267,0.2453688830137252,0.3882867395877838,26.364770507812523,1
2024-01-25,0.1212335079908371,0.1628496497869491,0.2899070680141449,0.3894894421100616,26.3652282714844,1
2024-01-26,0.1103054285049438,0.1616397500038147,0.2638649642467499,0.3866736888885498,26.524591064453148,1
2024-01-27,0.1154192388057708,0.1612468808889389,0.276034265756607,0.3855661451816559,26.552758789062523,1
2024-01-28,0.1147841960191726,0.1606815010309219,0.2745081186294555,0.3842435479164123,26.679956054687523,1
2024-01-29,0.1036190092563629,0.1595302522182464,0.2478267252445221,0.3815806806087494,26.620050048828148,1
2024-01-30,0.1199762746691703,0.1598969995975494,0.2869457602500915,0.3824592530727386,26.601892089843773,1
2024-01-31,0.112191118299961,0.1591026484966278,0.2683402299880981,0.3804803192615509,26.445886230468773,1
2024-02-01,0.1078005135059356,0.158584177494049,0.2578572034835815,0.3792778849601745,26.66402587890628,1
2024-02-02,0.1029940024018287,0.1581944525241851,0.2462952584028244,0.3784240484237671,26.231958007812523,1
2024-02-03,0.1149138808250427,0.1587829738855362,0.2747952044010162,0.379746526479721,26.498651123046898,1
2024-02-04,0.1633634120225906,0.1622786521911621,0.39077228307724,0.3881512880325317,26.168328857421898,1
2024-02-05,0.18190798163414,0.166378915309906,0.4351095855236053,0.3980065882205963,25.733178710937523,1
2024-02-06,0.1582156121730804,0.1648325622081756,0.3784680962562561,0.3942931890487671,26.00899658203128,1
2024-02-07,0.1816608756780624,0.1661688238382339,0.4344685971736908,0.397375613451004,25.265008544921898,1
2024-02-08,0.1575644314289093,0.1651049554347992,0.3768647909164428,0.394902765750885,24.64132080078128,1
2024-02-09,0.1396960020065307,0.1633392721414566,0.334147036075592,0.3906416893005371,25.06685791015628,1
2024-02-10,0.1659356951713562,0.1647687256336212,0.3969035148620605,0.3940521776676178,25.701318359375023,1
2024-02-11,0.1341333389282226,0.1624667197465896,0.3207758665084839,0.3885673284530639,26.377954101562523,1
2024-02-12,0.143124833703041,0.1621988117694854,0.3423190414905548,0.3879320025444031,26.755059814453148,1
2024-02-13,0.1345039755105972,0.1611911952495575,0.321784496307373,0.3855210542678833,27.095849609375023,1
2024-02-14,0.121047556400299,0.1598003953695297,0.2895088195800781,0.3822218179702759,27.154443359375023,1
2024-02-15,0.1318817138671875,0.16023650765419,0.3155064284801483,0.3833435177803039,26.954522705078148,1
2024-02-16,0.11858831346035,0.1590193808078766,0.2836356163024902,0.3802640438079834,27.204705810546898,1
2024-02-17,0.1188328564167022,0.1583706438541412,0.2841952741146087,0.3787842392921448,27.211267089843773,1
2024-02-18,0.1369411647319793,0.1590406894683838,0.3276301622390747,0.3803307712078094,27.249169921875023,1
2024-02-19,0.1242158859968185,0.1580176204442978,0.2970620989799499,0.3779270648956299,27.970086669921898,1
2024-02-20,0.1305687129497528,0.1581945121288299,0.312326431274414,0.3782770037651062,27.610437011718773,1
2024-02-21,0.1187693402171135,0.1572270095348358,0.2840979993343353,0.3760665953159332,27.05367431640628,1
2024-02-22,0.1134411171078682,0.1567858606576919,0.2713923156261444,0.3750173449516296,26.252557373046898,1
2024-02-23,0.1222520768642425,0.1571074277162552,0.2923882901668548,0.3757069110870361,26.169366455078148,1
2024-02-24,0.112273633480072,0.1561169475317001,0.2684778869152069,0.3732781708240509,26.4409118652344,1
2024-02-25,0.1081443950533866,0.155446246266365,0.2586220800876617,0.3718150854110718,26.45040283203128,1
2024-02-26,0.1104882806539535,0.1554550975561142,0.2641942799091339,0.3718380928039551,26.03756103515628,1
2024-02-27,0.1037990972399711,0.1546802520751953,0.2482289224863052,0.3698479235172272,26.579431152343773,1
2024-02-28,0.1183665096759796,0.1550736725330352,0.283096581697464,0.3709805905818939,26.633325195312523,1
2024-02-29,0.1192719265818595,0.1547913253307342,0.2853089272975921,0.3701855540275574,26.763757324218773,1
2024-03-01,0.1061668023467063,0.1536127924919128,0.2538954019546509,0.3674876093864441,26.819665527343773,1
2024-03-02,0.1149228811264038,0.1538227051496505,0.2748886346817016,0.3679235279560089,26.875177001953148,1
2024-03-03,0.1092838943004608,0.1531160026788711,0.2614171802997589,0.36624476313591,26.752130126953148,1
2024-03-04,0.0994792133569717,0.1523011624813079,0.2379010766744613,0.3642727732658386,26.81392822265628,1
2024-03-05,0.1137010753154754,0.1526463031768798,0.2719174325466156,0.3650723695755005,27.053308105468773,1
2024-03-06,0.1069851890206337,0.1520483344793319,0.2558278143405914,0.3636398017406463,27.297753906250023,1
2024-03-07,0.1032411977648735,0.1515975892543792,0.2469025552272796,0.362553596496582,27.515740966796898,1
2024-03-08,0.1009158790111541,0.1511787474155426,0.2413977235555648,0.361476868391037,27.70382080078128,1
2024-03-09,0.0997910723090171,0.150802806019783,0.2386273890733719,0.3607560694217682,28.09468994140628,1
2024-03-10,0.1123664379119873,0.1511888206005096,0.268770694732666,0.3615883290767669,27.678521728515648,1
2024-03-11,0.1057363152503967,0.1506369262933731,0.2528351545333862,0.3603608906269073,27.977471923828148,1
2024-03-12,0.1002371981739997,0.1502726227045059,0.2397832423448562,0.3594745397567749,27.6306091308594,1
2024-03-13,0.0982986465096473,0.1498753577470779,0.2351160049438476,0.358502596616745,27.822778320312523,1
2024-03-14,0.1128420308232307,0.1504851877689361,0.269846647977829,0.3599661290645599,27.749597167968773,1
2024-03-15,0.1124078556895256,0.1505759209394455,0.2688280045986175,0.360250860452652,27.756372070312523,1
2024-03-16,0.1176125630736351,0.1506605446338653,0.2812716364860534,0.3603976368904114,28.019433593750023,1
2024-03-17,0.1118652373552322,0.150154247879982,0.2676048278808594,0.3591301143169403,27.850518798828148,1
2024-03-18,0.093860737979412,0.1489081233739853,0.2244493812322616,0.3561708927154541,27.856561279296898,1
2024-03-19,0.104944422841072,0.149181842803955,0.251015841960907,0.3568581938743591,28.044976806640648,1
2024-03-20,0.1260996162891388,0.1502811908721923,0.301622986793518,0.3594601452350616,27.9997497558594,1
2024-03-21,0.1735001802444458,0.1554153859615326,0.4150460958480835,0.3716859221458435,27.46090087890628,1
2024-03-22,0.1593845784664154,0.1569715589284896,0.3812079727649688,0.3754267990589142,27.444177246093773,1
2024-03-23,0.1461071819067001,0.1548552960157394,0.3495013415813446,0.370388776063919,28.073327636718773,1
2024-03-24,0.133873775601387,0.1537922471761703,0.3202034533023834,0.3679178953170776,27.983728027343773,1
2024-03-25,0.1243225708603859,0.1529558598995208,0.2973717153072357,0.3658898770809173,27.039880371093773,1
2024-03-26,0.1262908428907394,0.1527273505926132,0.3020923137664795,0.3653572797775268,27.935937500000023,1
2024-03-27,0.1137252151966095,0.1518188714981079,0.2720585167407989,0.3631044626235962,26.8962341308594,1
2024-03-28,0.1054251790046691,0.1508607268333435,0.2522038221359253,0.3608700335025787,26.825372314453148,1
2024-03-29,0.1123702377080917,0.1507744193077087,0.2687857151031494,0.3606822490692138,26.929467773437523,1
2024-03-30,0.1009303703904151,0.1498273909091949,0.2413674294948578,0.3583175837993622,26.883874511718773,1
2024-03-31,0.108389563858509,0.1499651074409485,0.2592463791370392,0.3586507737636566,27.264978027343773,1
2024-04-01,0.1203307434916496,0.1502376496791839,0.287834882736206,0.3593351244926452,27.497460937500023,1
2024-04-02,0.1166437566280365,0.1501138359308242,0.2790173888206482,0.3590495586395263,27.471307373046898,1
2024-04-03,0.1183366626501083,0.1499497890472412,0.2830884754657745,0.358659565448761,26.962731933593773,1
2024-04-04,0.1501619070768356,0.1519334614276886,0.3591443300247192,0.3633410632610321,26.484155273437523,1
2024-04-05,0.1396493315696716,0.1524282693862915,0.3339734077453613,0.3644933104515075,26.188562011718773,1
2024-04-06,0.1461280733346939,0.1535519063472747,0.3495331108570099,0.3672438561916351,27.251000976562523,1
2024-04-07,0.1336693912744522,0.1525998562574386,0.3197963535785675,0.3649883866310119,28.273217773437523,1
2024-04-08,0.1498947292566299,0.1537880003452301,0.3585656583309173,0.3678332567214966,27.967584228515648,1
2024-04-09,0.2386015057563781,0.1840038448572158,0.570773720741272,0.4401932060718536,27.42427978515628,1
2024-04-10,0.190112367272377,0.1776480823755264,0.4546534419059753,0.4249133765697479,28.113061523437523,1
2024-04-11,0.1688435822725296,0.1729885190725326,0.4037798047065735,0.413701981306076,28.251611328125023,1
2024-04-12,0.1439630985260009,0.1684821546077728,0.3442990183830261,0.4029011726379394,27.879235839843773,1
2024-04-13,0.123708501458168,0.1652002781629562,0.2958666384220123,0.3951369225978851,28.00045166015628,1
2024-04-14,0.1428395509719848,0.1647335886955261,0.3417176306247711,0.3940213322639465,28.207391357421898,1
2024-04-15,0.1298592835664749,0.1633195728063583,0.3105657398700714,0.3906133770942688,28.109246826171898,1
2024-04-16,0.1363431364297866,0.1630439013242721,0.3260931372642517,0.3899211585521698,27.804101562500023,1
2024-04-17,0.1259531825780868,0.1617622077465057,0.301237553358078,0.3868694007396698,27.925897216796898,1
2024-04-18,0.186749130487442,0.1660771518945694,0.4466210901737213,0.3971972465515136,27.84029541015628,1
2024-04-19,0.2029671967029571,0.1705482006072998,0.4855162501335144,0.4078576266765594,27.413751220703148,1
2024-04-20,0.1992452591657638,0.1751972436904907,0.4764271974563598,0.4190294146537781,26.883691406250023,1
2024-04-21,0.2326593995094299,0.180775836110115,0.5563932061195374,0.43247190117836,26.69747314453128,1
2024-04-22,0.2556817829608917,0.1964538991451263,0.6115642189979553,0.4699268937110901,25.295190429687523,1
2024-04-23,0.3037087917327881,0.2084541916847229,0.7263493537902832,0.4985886216163635,24.919519042968773,1
2024-04-24,0.2304436564445495,0.2030259370803833,0.5510717034339905,0.485622376203537,25.918847656250023,1
2024-04-25,0.2431747913360595,0.2007336467504501,0.5816170573234558,0.4800776243209839,26.717309570312523,1
2024-04-26,0.29944509267807,0.2341974079608917,0.7162177562713623,0.560283899307251,25.791772460937523,1
2024-04-27,0.2585203647613525,0.2239087969064712,0.6185461282730103,0.5356943011283875,25.90816650390628,1
2024-04-28,0.2803550362586975,0.2329887300729751,0.6706620454788208,0.5573855638504028,25.820916748046898,1
2024-04-29,0.2510733902454376,0.2259018123149871,0.6005010008811951,0.540448784828186,25.5246520996094,1
2024-04-30,0.2040590345859527,0.217323899269104,0.4879790842533111,0.5197578072547913,25.99044189453128,1
2024-05-01,0.1939506977796554,0.2134144902229309,0.4639384150505066,0.5104841589927673,26.406549072265648,1
2024-05-02,0.1764120906591415,0.2102293819189071,0.4219048023223877,0.5028864741325378,26.463677978515648,1
2024-05-03,0.2171263992786407,0.2114331722259521,0.5192812085151672,0.5057234764099121,25.73580322265628,1
2024-05-04,0.263498842716217,0.2173001766204834,0.6302186846733093,0.5197080373764038,25.681512451171898,1
2024-05-05,0.2287742346525192,0.2126769721508026,0.5470370054244995,0.5085178017616272,25.592065429687523,1
2024-05-06,0.251986563205719,0.216338500380516,0.6026300191879272,0.517549455165863,25.823754882812523,1
2024-05-07,0.2475972324609756,0.2151121795177459,0.5921849012374878,0.5143876075744629,26.664880371093773,1
2024-05-08,0.2912691533565521,0.2237931340932846,0.6966348886489868,0.535247802734375,26.391259765625023,1
2024-05-09,0.2775913774967193,0.2369365096092224,0.6641578078269958,0.5666244626045227,25.38253173828128,1
2024-05-10,0.2733617424964905,0.2350444793701172,0.653742253780365,0.562157392501831,25.895349121093773,1
2024-05-11,0.2952659726142883,0.2448362857103347,0.7062718272209167,0.5856500267982483,25.980798339843773,1
2024-05-12,0.285455584526062,0.2420904636383056,0.6828261017799377,0.5789872407913208,25.7607360839844,1
2024-05-13,0.2455637007951736,0.2347356975078582,0.587394118309021,0.5614026784896851,26.391290283203148,1
2024-05-14,0.2322196960449218,0.2306621223688125,0.555472731590271,0.5516781210899353,27.001794433593773,1
2024-05-15,0.226404070854187,0.2282340079545974,0.5414615273475647,0.545866072177887,26.051416015625023,1
2024-05-16,0.1682411283254623,0.2208532691001892,0.4022961854934692,0.5282139182090759,26.415551757812523,1
2024-05-17,0.1746707409620285,0.219125896692276,0.417736142873764,0.5242599248886108,26.279931640625023,1
2024-05-18,0.1356185972690582,0.2150329202413559,0.3243941962718963,0.5142545104026794,26.546289062500023,1
2024-05-19,0.1830657869577407,0.2152908742427826,0.4378693997859955,0.5149365067481995,26.934411621093773,1
2024-05-20,0.2466591596603393,0.2201010882854461,0.5899450182914734,0.5265533328056335,26.61470947265628,1
2024-05-21,0.358222484588623,0.2351010292768478,0.8567994236946106,0.5623040795326233,25.698846435546898,1
2024-05-22,0.3019943535327911,0.2443221062421798,0.722327709197998,0.5843889713287354,25.392175292968773,1
2024-05-23,0.306079238653183,0.2501795589923858,0.7318336367607117,0.598472535610199,25.600427246093773,1
2024-05-24,0.290504902601242,0.2452662289142608,0.6947787404060364,0.5866464972496033,25.246118164062523,1
2024-05-25,0.2925328314304352,0.2464561462402343,0.699931263923645,0.5894241333007812,25.869317626953148,1
2024-05-26,0.2589426040649414,0.2387564033269882,0.6193423867225647,0.5709174275398254,26.209344482421898,1
2024-05-27,0.3075246512889862,0.2456337809562683,0.7356060147285461,0.5874550342559814,26.345086669921898,1
2024-05-28,0.2772513329982757,0.2451364696025848,0.6630780100822449,0.586296558380127,25.641931152343773,1
2024-05-29,0.2957372963428497,0.2486950606107711,0.7074379324913025,0.5947185158729553,25.344628906250023,1
2024-05-30,0.2724171280860901,0.2460981160402298,0.6516192555427551,0.5887720584869385,25.340234375000023,1
2024-05-31,0.3193672895431518,0.2659899592399597,0.7639100551605225,0.6360616087913513,25.38790283203128,1
2024-06-01,0.2634937763214111,0.2537723481655121,0.6301583647727966,0.6069550514221191,25.900476074218773,1
2024-06-02,0.2460452169179916,0.2483443319797516,0.5884184241294861,0.5940389633178711,26.727685546875023,1
2024-06-03,0.3062440156936645,0.2586456537246704,0.732517421245575,0.6187476515769958,26.581689453125023,1
2024-06-04,0.2993625402450561,0.2595991790294647,0.7161872982978821,0.6209576725959778,26.092065429687523,1
2024-06-05,0.3059636652469635,0.2678580284118652,0.7317094206809998,0.6406242847442627,25.312127685546898,1
2024-06-06,0.312490314245224,0.2673821449279785,0.7473773956298828,0.6395086050033569,25.494958496093773,1
2024-06-07,0.2927506268024444,0.2657940089702606,0.7003912329673767,0.6355991363525391,25.434472656250023,1
2024-06-08,0.2683245539665222,0.2607634365558624,0.6416716575622559,0.6237409710884094,25.547937011718773,1
2024-06-09,0.3238106369972229,0.2701125741004944,0.7745735049247742,0.6460462212562561,25.78023681640628,1
2024-06-10,0.2909588515758514,0.2676094770431518,0.6957948207855225,0.6400522589683533,25.67965087890628,1
2024-06-11,0.2952879071235657,0.2636158764362335,0.706222414970398,0.6306207180023193,25.36763916015628,1
2024-06-12,0.2731119096279144,0.2595124542713165,0.6533823609352112,0.6207326650619507,25.294335937500023,1
2024-06-13,0.2866060733795166,0.2601345479488373,0.6854361891746521,0.6221557259559631,25.534112548828148,1
2024-06-14,0.2989305257797241,0.2627245187759399,0.7147464156150818,0.6284002065658569,25.09151611328128,1
2024-06-15,0.2820046246051788,0.2605813443660736,0.6744899153709412,0.623413622379303,24.77681884765628,1
2024-06-16,0.2790051400661468,0.2595380842685699,0.6674476861953735,0.6208992600440979,24.504907226562523,1
2024-06-17,0.2448392510414123,0.2549668550491333,0.585664689540863,0.6099878549575806,24.836999511718773,1
2024-06-18,0.2385426610708236,0.2527900040149688,0.5706591606140137,0.6047691106796265,25.845849609375023,1
2024-06-19,0.1953725963830948,0.2467699944972992,0.4672735929489136,0.5901789665222168,25.674157714843773,1
2024-06-20,0.2689096629619598,0.2499054074287414,0.6432405114173889,0.5977067947387695,24.631433105468773,1
2024-06-21,0.2561539113521576,0.2491658180952072,0.6126580238342285,0.5960783362388611,25.052850341796898,1
2024-06-22,0.2285114824771881,0.2439915388822555,0.5465318560600281,0.583405077457428,25.255975341796898,1
2024-06-23,0.233702465891838,0.2437267750501632,0.558986246585846,0.5828632712364197,25.092126464843773,1
2024-06-24,0.2726861238479614,0.246331125497818,0.652228832244873,0.5890003442764282,25.07418212890628,1
2024-06-25,0.2420094460248947,0.2430344521999359,0.5788812041282654,0.5813314914703369,25.224877929687523,1
2024-06-26,0.2564288973808288,0.2431272864341735,0.6135181784629822,0.5815982222557068,24.80513916015628,1
2024-06-27,0.2321018576622009,0.239636555314064,0.5551965236663818,0.573095440864563,24.53023681640628,1
2024-06-28,0.2802063524723053,0.2417237609624862,0.6702801585197449,0.5782410502433777,24.961541748046898,1
2024-06-29,0.2682919800281524,0.2415041327476501,0.6416183114051819,0.5777563452720642,24.911157226562523,1
2024-06-30,0.2390918284654617,0.2376933693885803,0.571927011013031,0.5684700012207031,25.474023437500023,1
2024-07-01,0.2609707713127136,0.2374082803726196,0.6241562962532043,0.5677899122238159,25.941430664062523,1
2024-07-02,0.2784138023853302,0.2483936250209808,0.6657775044441223,0.5941668748855591,25.192773437500023,1
2024-07-03,0.2389370799064636,0.242710068821907,0.5713273882865906,0.5804636478424072,25.306420898437523,1
2024-07-04,0.3092575967311859,0.2493358552455902,0.7397273778915405,0.5963479280471802,24.6608825683594,1
2024-07-05,0.2587580680847168,0.2428598552942276,0.6187869310379028,0.5807065963745117,24.415124511718773,1
2024-07-06,0.2688909769058227,0.2441182732582092,0.6431075930595398,0.5837343335151672,24.599389648437523,1
2024-07-07,0.2437742054462433,0.2400080561637878,0.5830625891685486,0.5741586089134216,25.615502929687523,1
2024-07-08,0.2925566136837005,0.2484664171934127,0.6997674703598022,0.5944293141365051,25.90133056640628,1
2024-07-09,0.2774448096752167,0.2473985999822616,0.6634570956230164,0.5916650295257568,26.330926513671898,1
2024-07-10,0.2595095336437225,0.2429538667201995,0.6207422614097595,0.581122100353241,26.000085449218773,1
2024-07-11,0.2401648610830307,0.2393839061260223,0.5742936134338379,0.5724871158599854,25.802545166015648,1
2024-07-12,0.2297494262456894,0.2365324348211288,0.5494145154953003,0.5656225681304932,25.918603515625023,1
2024-07-13,0.2239433676004409,0.233390063047409,0.5355924367904663,0.5582215189933777,26.370690917968773,1
2024-07-14,0.2224646359682083,0.232147678732872,0.5321228504180908,0.5551498532295227,26.20772705078128,1
2024-07-15,0.2139313220977783,0.2292356193065643,0.5117404460906982,0.5482010841369629,26.6953063964844,1
2024-07-16,0.1998639553785324,0.2257291674613952,0.4779611229896545,0.539731502532959,26.907586669921898,1
2024-07-17,0.218295082449913,0.2247297614812851,0.5220925211906433,0.5374747514724731,26.527856445312523,1
2024-07-18,0.2945753037929535,0.2330779433250427,0.7046293616294861,0.5575565695762634,25.837548828125023,1
2024-07-19,0.2894764840602875,0.2355165481567382,0.6923396587371826,0.5633962750434875,25.421777343750023,1
2024-07-20,0.2655510306358337,0.2356978952884674,0.6351980566978455,0.5638067126274109,25.340966796875023,1
2024-07-21,0.2327429205179214,0.2305690050125122,0.5566470623016357,0.551436185836792,26.146325683593773,1
2024-07-22,0.238818809390068,0.2282242476940155,0.5711345672607422,0.5458158254623413,26.00216064453128,1
2024-07-23,0.2930998206138611,0.2344957888126373,0.7009741067886353,0.5607544779777527,25.481103515625023,1
2024-07-24,0.2719356715679168,0.2322213649749755,0.6503875851631165,0.5555856227874756,25.665399169921898,1
2024-07-25,0.2930945158004761,0.237061321735382,0.7009683847427368,0.5669487118721008,26.090142822265648,1
2024-07-26,0.2743871808052063,0.2432304322719574,0.6562760472297668,0.5817800760269165,25.442285156250023,1
2024-07-27,0.286174476146698,0.2413430213928222,0.6845388412475586,0.5773121118545532,25.1535583496094,1
2024-07-28,0.2625277638435364,0.2382338345050811,0.6277862787246704,0.5697531700134277,25.208154296875023,1
2024-07-29,0.2212854921817779,0.2325349301099777,0.5292851328849792,0.5562666058540344,26.184991455078148,1
2024-07-30,0.2241481989622116,0.2292929291725158,0.5360490679740906,0.5483501553535461,26.606378173828148,1
2024-07-31,0.2300003618001938,0.2283303141593933,0.5500229597091675,0.5461159944534302,26.37471923828128,1
2024-08-01,0.2948896288871765,0.2319006025791168,0.7053208351135254,0.5545810461044312,26.320397949218773,1
2024-08-02,0.2722633183002472,0.2406022399663925,0.6511914134025574,0.575581431388855,25.072412109375023,1
2024-08-03,0.2447659820318222,0.2353752851486206,0.585502028465271,0.5628705620765686,25.457360839843773,1
2024-08-04,0.2173051834106445,0.2305493354797363,0.5197023749351501,0.5514581203460693,25.64864501953128,1
2024-08-05,0.2600923776626587,0.2313943058252334,0.6220645904541016,0.5534719824790955,25.343774414062523,1
2024-08-06,0.293193370103836,0.2406503111124038,0.7014317512512207,0.5757191181182861,25.069421386718773,1
2024-08-07,0.2772663533687591,0.2397617697715759,0.6630577445030212,0.5735061168670654,24.79122314453128,1
2024-08-08,0.2585333585739136,0.2367413491010666,0.6182745695114136,0.5661049485206604,24.692712402343773,1
2024-08-09,0.2419423460960388,0.2330052703619003,0.5786454677581787,0.5573679804801941,25.201043701171898,1
2024-08-10,0.2487481832504272,0.2316085547208786,0.5949158072471619,0.5539684295654297,25.558923339843773,1
2024-08-11,0.2974613308906555,0.2388565093278885,0.7114914059638977,0.5712628364562988,24.736505126953148,1
2024-08-12,0.2367231696844101,0.2325900942087173,0.5661351680755615,0.5563369989395142,24.478173828125023,1
2024-08-13,0.3038583695888519,0.2403433173894882,0.7266994118690491,0.5747378468513489,25.190454101562523,1
2024-08-14,0.2856788337230682,0.2465468496084213,0.683120846748352,0.5896590352058411,25.545220947265648,1
2024-08-15,0.2682158648967743,0.2397354692220688,0.6414964199066162,0.5735235810279846,25.866113281250023,1
2024-08-16,0.239988699555397,0.2349515408277511,0.57404625415802,0.5619030594825745,25.961511230468773,1
2024-08-17,0.3425690531730652,0.2496059536933899,0.8192261457443237,0.5970023274421692,25.8351989746094,1
2024-08-18,0.2677553296089172,0.2454293668270111,0.640363872051239,0.5869970917701721,25.493920898437523,1
2024-08-19,0.2393491417169571,0.2396739572286605,0.5724477767944336,0.5731199383735657,26.216699218750023,1
2024-08-20,0.220677375793457,0.2348445206880569,0.5278303027153015,0.5616980195045471,25.874688720703148,1
2024-08-21,0.2723768949508667,0.2365888357162475,0.6514630913734436,0.5659401416778564,25.3935485839844,1
2024-08-22,0.2976109981536865,0.2412053942680359,0.7119912505149841,0.5770406126976013,25.03389892578128,1
2024-08-23,0.2647767066955566,0.2375699281692505,0.6331183314323425,0.568076491355896,24.977655029296898,1
2024-08-24,0.3314956426620483,0.2516226768493652,0.7928565740585327,0.601891815662384,24.966699218750023,1
2024-08-25,0.2801074981689453,0.2473220378160476,0.670079231262207,0.5916507840156555,24.529840087890648,1
2024-08-26,0.2702802717685699,0.2443160116672516,0.6463496685028076,0.5843591094017029,24.223016357421898,1
2024-08-27,0.2699673175811767,0.2446064054965973,0.6458057761192322,0.584895133972168,23.83321533203128,1
2024-08-28,0.2311989217996597,0.2395346760749817,0.5528417229652405,0.5728310942649841,25.31124267578128,1
2024-08-29,0.2179977595806121,0.2355310618877411,0.5213578343391418,0.5633737444877625,26.1220642089844,1
2024-08-30,0.2037685513496399,0.2314329743385315,0.4873006939888,0.553585410118103,26.069390869140648,1
2024-08-31,0.2142474800348281,0.2296586781740188,0.5125395655632019,0.5492523908615112,25.809106445312523,1
2024-09-01,0.2740361988544464,0.2363915294408798,0.6553341746330261,0.565342366695404,25.084741210937523,1
2024-09-02,0.230444073677063,0.2305542975664138,0.5510432720184326,0.5513255596160889,25.409326171875023,1
2024-09-03,0.2164248973131179,0.2273515313863754,0.5176635384559631,0.5435962080955505,25.561364746093773,1
2024-09-04,0.2150722295045852,0.2252664417028427,0.5144683718681335,0.5388597846031189,25.467187500000023,1
2024-09-05,0.2009094655513763,0.2229062020778656,0.4804896712303161,0.5331250429153442,25.55831298828128,1
2024-09-06,0.2021869570016861,0.2216043174266815,0.4836151897907257,0.530056893825531,25.884912109375023,1
2024-09-07,0.3174386620521545,0.2428152710199356,0.7590134143829346,0.5806899666786194,25.615319824218773,1
2024-09-08,0.2671854197978973,0.237923189997673,0.6390336751937866,0.569105327129364,25.807794189453148,1
2024-09-09,0.2380191683769226,0.2324600964784622,0.5692163109779358,0.5559996962547302,25.87984619140628,1
2024-09-10,0.2222175002098083,0.2285555303096771,0.5314205288887024,0.5467267632484436,25.922143554687523,1
2024-09-11,0.2263971120119094,0.2270142287015915,0.5415163040161133,0.5429388284683228,25.948571777343773,1
2024-09-12,0.2720201015472412,0.2305218428373336,0.6505123376846313,0.551485538482666,25.722253417968773,1
2024-09-13,0.2293192148208618,0.2264089286327362,0.5483897924423218,0.5414869785308838,25.550714111328148,1
2024-09-14,0.2204473614692688,0.2237095236778259,0.527214765548706,0.5350175499916077,26.188836669921898,1
2024-09-15,0.1951893419027328,0.2197157889604568,0.4668506681919098,0.5255133509635925,26.62227783203128,1
2024-09-16,0.2524527609348297,0.2213976681232452,0.6039182543754578,0.5294353365898132,26.589746093750023,1
2024-09-17,0.2656938135623932,0.2263906747102737,0.6354739665985107,0.5414536595344543,26.43331298828128,1
2024-09-18,0.2325899451971054,0.2225080728530883,0.5562818646430969,0.5321512222290039,26.659936523437523,1
2024-09-19,0.2213722616434097,0.2198359668254852,0.5295417308807373,0.5258384346961975,26.2802673339844,1
2024-09-20,0.3222362399101257,0.2448402941226959,0.7705678343772888,0.5856010317802429,25.22017822265628,1
2024-09-21,0.2649547159671783,0.2367313057184219,0.6336628198623657,0.5663228631019592,25.049951171875023,1
2024-09-22,0.2524378299713135,0.2325274646282196,0.6037343740463257,0.5562470555305481,24.924615478515648,1
2024-09-23,0.2396440207958221,0.2294604480266571,0.5731360912322998,0.5488964915275574,25.138757324218773,1
2024-09-24,0.221291184425354,0.2258138656616211,0.5292332172393799,0.5401349067687988,25.436212158203148,1
2024-09-25,0.257040798664093,0.2265964299440384,0.6147549748420715,0.542072594165802,25.263574218750023,1
2024-09-26,0.2667268812656402,0.2285059094429016,0.6380344033241272,0.5464264750480652,24.9682556152344,1
2024-09-27,0.260373055934906,0.2279731780290603,0.6227193474769592,0.5453344583511353,24.9511657714844,1
2024-09-28,0.3114446699619293,0.2407047301530838,0.7448395490646362,0.5757877230644226,24.56759033203128,1
2024-09-29,0.2723986804485321,0.2389604896306991,0.651595950126648,0.5714601278305054,24.073419189453148,1
2024-09-30,0.2634623348712921,0.2369012236595153,0.6302922964096069,0.5665328502655029,23.931787109375023,1
2024-10-01,0.2557922303676605,0.2341926395893097,0.6119783520698547,0.5600529909133911,24.830163574218773,1
2024-10-02,0.2360700219869613,0.2302452176809311,0.5646573305130005,0.5506555438041687,24.987695312500023,1
2024-10-03,0.2233453243970871,0.2267786860466003,0.5341256856918335,0.54254549741745,25.137139892578148,1
2024-10-04,0.2335322350263595,0.2254524081945419,0.5585084557533264,0.5392560362815857,25.371362304687523,1
2024-10-05,0.22354157269001,0.2231960594654083,0.5346798896789551,0.5338901281356812,25.581872558593773,1
2024-10-06,0.2558105289936065,0.2263129353523254,0.6118917465209961,0.5412381291389465,25.037408447265648,1
2024-10-07,0.2601038515567779,0.2278964817523956,0.6220736503601074,0.5450498461723328,24.709130859375023,1
2024-10-08,0.2799673974514007,0.2334709465503692,0.6696081161499023,0.558371901512146,24.615838623046898,1
2024-10-09,0.263444036245346,0.2328529506921768,0.630028486251831,0.556887149810791,24.864556884765648,1
2024-10-10,0.2981875538825989,0.2381698787212371,0.7130046486854553,0.5697585344314575,25.171197509765648,1
2024-10-11,0.2741951942443847,0.2415774017572403,0.6558804512023926,0.577873945236206,24.585229492187523,1
2024-10-12,0.2437703013420105,0.2356960922479629,0.5830657482147217,0.563815176486969,25.455621337890648,1
2024-10-13,0.2751074433326721,0.235098510980606,0.6579321026802063,0.5622976422309875,25.2853942871094,1
2024-10-14,0.3039635717868805,0.2442587018013,0.727246105670929,0.5841972827911377,25.11568603515628,1
2024-10-15,0.3336405754089355,0.2681276500225067,0.7980618476867676,0.6413249373435974,25.012048339843773,1
2024-10-16,0.3012691438198089,0.2686482071876526,0.7204372882843018,0.6425561904907227,24.940515136718773,1
2024-10-17,0.2913537621498108,0.2617072165012359,0.6966128945350647,0.6259257793426514,25.143579101562523,1
2024-10-18,0.2838660776615143,0.2579262852668762,0.6788773536682129,0.6169009804725647,25.398828125000023,1
2024-10-19,0.2619193792343139,0.2531594038009643,0.6265095472335815,0.6052656769752502,25.602807617187523,1
2024-10-20,0.2816982269287109,0.2530442774295807,0.6736142039299011,0.6053559184074402,25.17720947265628,1
2024-10-21,0.2935701012611389,0.2612137496471405,0.7022663950920105,0.6246190667152405,24.91646728515628,1
2024-10-22,0.2661771476268768,0.2554855942726135,0.63648521900177,0.6109707951545715,24.917077636718773,1
2024-10-23,0.2807542979717254,0.2547442615032196,0.6716193556785583,0.6093113422393799,24.756036376953148,1
2024-10-24,0.2878843545913696,0.2552688121795654,0.6885554790496826,0.6103094220161438,24.9792419433594,1
2024-10-25,0.2616795599460602,0.2518080770969391,0.6259494423866272,0.6023001670837402,25.713006591796898,1
2024-10-26,0.2599492073059082,0.2494938224554062,0.6218525171279907,0.5968565344810486,26.210595703125023,1
2024-10-27,0.3862259984016418,0.2795059084892273,0.923575758934021,0.6685891151428223,25.761865234375023,1
2024-10-28,0.3119553625583648,0.2843897342681885,0.7461613416671753,0.6803106069564819,25.371240234375023,1
2024-10-29,0.2908170521259308,0.2745010554790497,0.6955613493919373,0.6565537452697754,25.60323486328128,1
2024-10-30,0.3135914206504822,0.2733839750289917,0.749988853931427,0.6538203954696655,24.763513183593773,1
2024-10-31,0.3068750500679016,0.2702796757221222,0.733985960483551,0.6464323997497559,24.826440429687523,1
2024-11-01,0.3036814630031585,0.27071213722229,0.7263599634170532,0.6475808620452881,24.491113281250023,1
2024-11-02,0.3126424849033355,0.2794160544872284,0.7477666735649109,0.6681118607521057,23.638940429687523,1
2024-11-03,0.2941010296344757,0.2745367884635925,0.7033290863037109,0.6567191481590271,23.636651611328148,1
2024-11-04,0.3042437136173248,0.2745483219623565,0.727528989315033,0.6565049290657043,23.33321533203128,1
2024-11-05,0.2913214564323425,0.2719326317310333,0.6967675089836121,0.6503388285636902,24.045495605468773,1
2024-11-06,0.271258682012558,0.268855482339859,0.6486617922782898,0.6429486274719238,24.94600830078128,1
2024-11-07,0.2700810730457306,0.2669593095779419,0.6460042595863342,0.6384580135345459,24.752221679687523,1
2024-11-08,0.2920115888118744,0.2671648263931274,0.6984493136405945,0.6391633749008179,24.267449951171898,1
2024-11-09,0.3015889525413513,0.27093505859375,0.7213090062141418,0.6481601595878601,23.66060791015628,1
2024-11-10,0.2721221148967743,0.2667538821697235,0.6508504748344421,0.6380704045295715,23.834008789062523,1
2024-11-11,0.3308022916316986,0.2829053699970245,0.7910434603691101,0.6767439842224121,23.573144531250023,1
2024-11-12,0.295110821723938,0.2764766812324524,0.7057116627693176,0.6611523628234863,23.832666015625023,1
2024-11-13,0.2735277712345123,0.2709074318408966,0.6542229652404785,0.6480151414871216,23.763574218750023,1
2024-11-14,0.2631657421588897,0.2677282691001892,0.6296704411506653,0.6404328942298889,23.228540039062523,1
2024-11-15,0.2594449520111084,0.2660076022148132,0.6203885674476624,0.6360812187194824,23.628106689453148,1
2024-11-16,0.2419090867042541,0.2626063227653503,0.5786496996879578,0.6282389163970947,23.987634277343773,1
2024-11-17,0.2428827136754989,0.2606325149536133,0.5808342695236206,0.6233024597167969,24.352136230468773,1
2024-11-18,0.2286464869976043,0.2582038044929504,0.5470191240310669,0.6174760460853577,24.114831542968773,1
2024-11-19,0.2330460101366043,0.2566362023353576,0.5572900176048279,0.6138641238212585,24.344537353515648,1
2024-11-20,0.2343901991844177,0.2553231716156006,0.5606697797775269,0.6105967164039612,24.096948242187523,1
2024-11-21,0.2665311396121979,0.2565552890300751,0.6373862624168396,0.6138002276420593,24.1682067871094,1
2024-11-22,0.2562948763370514,0.2549023330211639,0.6130867600440979,0.6096490621566772,24.150201416015648,1
2024-11-23,0.2667718827724457,0.2550696134567261,0.6382507085800171,0.6100106239318848,23.900506591796898,1
2024-11-24,0.2671791911125183,0.2546533644199371,0.6391400694847107,0.6091482043266296,24.190515136718773,1
2024-11-25,0.2554135918617248,0.2532209455966949,0.6109042167663574,0.605698823928833,24.590966796875023,1
2024-11-26,0.2251039296388626,0.2487919926643371,0.5383154153823853,0.5951413512229919,24.922021484375023,1
2024-11-27,0.2220672965049743,0.2466259151697158,0.5310577750205994,0.5898513197898865,24.6318298339844,1
2024-11-28,0.2238301336765289,0.2451132982969284,0.5353556871414185,0.5863092541694641,24.705651855468773,1
2024-11-29,0.2492031753063202,0.2453726232051849,0.5960752964019775,0.5869225859642029,24.754541015625023,1
2024-11-30,0.2857120037078857,0.2524233162403106,0.683382511138916,0.6036919355392456,25.072595214843773,1
2024-12-01,0.2563149631023407,0.2487826198339462,0.6130935549736023,0.5949585437774658,25.351983642578148,1
2024-12-02,0.2314362078905105,0.244547888636589,0.5534937381744385,0.584888219833374,25.467370605468773,1
2024-12-03,0.2404018938541412,0.2434101849794387,0.5750259757041931,0.5821740627288818,25.021356201171898,1
2024-12-04,0.2145753353834152,0.2399046272039413,0.5132125020027161,0.5738043189048767,25.007928466796898,1
2024-12-05,0.2101334184408188,0.2377529740333557,0.5025323033332825,0.5684788227081299,25.221704101562523,1
2024-12-06,0.2098797112703323,0.2358112037181854,0.5020703673362732,0.5638695955276489,24.963189697265648,1
2024-12-07,0.2085132747888565,0.2338784486055374,0.4987306594848633,0.5595280528068542,24.584863281250023,1
2024-12-08,0.2003613710403442,0.2315277606248855,0.4792568981647491,0.5535871982574463,23.971246337890648,1
2024-12-09,0.1965586841106414,0.2293077409267425,0.4701564908027649,0.5484012961387634,24.199395751953148,1
2024-12-10,0.1911508738994598,0.227194681763649,0.4572530686855316,0.5434201955795288,25.114648437500023,1
2024-12-11,0.1881581842899322,0.2249960303306579,0.45011967420578,0.5382896065711975,25.510125732421898,1
2024-12-12,0.1682326644659042,0.2217753380537033,0.4023255407810211,0.5304281711578369,25.264916992187523,1
2024-12-13,0.1677959114313125,0.2200579643249511,0.4014314711093902,0.5264144539833069,25.032067871093773,1
2024-12-14,0.170252725481987,0.2183251678943634,0.4071198999881744,0.522287905216217,24.31832275390628,1
2024-12-15,0.1562995463609695,0.2157813608646392,0.3739316165447235,0.5160771012306213,24.2521911621094,1
2024-12-16,0.1633514612913131,0.2144931405782699,0.3906648159027099,0.5131306648254395,24.255212402343773,1
2024-12-17,0.1672309339046478,0.2131021916866302,0.400081068277359,0.5096737146377563,24.825708007812523,1
2024-12-18,0.1529697477817535,0.2107435464859008,0.3658692538738251,0.5039926767349243,25.364404296875023,1
2024-12-19,0.1692869663238525,0.2100675255060196,0.4048778116703033,0.5024661421775818,25.63448486328128,1
2024-12-20,0.1918172091245651,0.2098407298326492,0.4587288200855255,0.5019504427909851,25.664941406250023,1
2024-12-21,0.2262398302555084,0.2115248292684555,0.5410882830619812,0.505950391292572,25.035760498046898,1
2024-12-22,0.2470107078552246,0.2141364812850952,0.5906800627708435,0.5122514963150024,24.61080322265628,1
2024-12-23,0.2428039014339447,0.2134756445884704,0.5807591080665588,0.5105699300765991,24.361749267578148,1
2024-12-24,0.2364004403352737,0.2131605446338653,0.5655150413513184,0.5099831223487854,24.488885498046898,1
2024-12-25,0.2354379892349243,0.2128480523824691,0.563220202922821,0.5091460347175598,24.55269775390628,1
2024-12-26,0.1961243748664856,0.2087981402873993,0.4691345393657684,0.4993606507778168,24.660333251953148,1
2024-12-27,0.2054213583469391,0.2078626453876495,0.4912504255771637,0.4971751272678375,24.3891540527344,1
2024-12-28,0.1892840564250946,0.2054576724767685,0.4526412189006805,0.4913713634014129,24.437829589843773,1
2024-12-29,0.2055774331092834,0.2050630450248718,0.4917752742767334,0.4904550015926361,24.42427978515628,1
2024-12-30,0.2141144126653671,0.2053635418415069,0.5121050477027893,0.491211861371994,24.10518798828128,1
2024-12-31,0.2304659187793731,0.2067255973815918,0.5512160062789917,0.4944358170032501,24.3330017089844,1
2025-01-01,0.2475957423448562,0.2103933244943618,0.5921908020973206,0.5032028555870056,24.27926025390628,1
2025-01-02,0.2420731782913208,0.210210382938385,0.5790702700614929,0.5028736591339111,24.239038085937523,1
2025-01-03,0.2469508051872253,0.208803042769432,0.5906522870063782,0.4993979036808014,24.443627929687523,1
2025-01-04,0.2420192062854766,0.2093187719583511,0.5788337588310242,0.5006420612335205,24.129235839843773,1
2025-01-05,0.2327782660722732,0.2076953053474426,0.5568055510520935,0.4967739582061767,24.151635742187523,1
2025-01-06,0.2364519983530044,0.2078649997711181,0.5654941201210022,0.49716717004776,24.50142822265628,1
2025-01-07,0.2165074944496154,0.2055638879537582,0.5178177356719971,0.4916718900203705,24.866235351562523,1
2025-01-08,0.2048145085573196,0.2036080062389373,0.4898257851600647,0.4869769811630249,24.70089111328128,1
2025-01-09,0.1919125169515609,0.2011229246854782,0.4590568542480469,0.4810405969619751,24.919763183593773,1
2025-01-10,0.1779508143663406,0.1985417306423187,0.4256080389022827,0.4748425781726837,24.788446044921898,1
2025-01-11,0.180363193154335,0.1970666944980621,0.4313707053661346,0.4713979959487915,24.885675048828148,1
2025-01-12,0.1717416793107986,0.1952799260616302,0.4107149243354797,0.4670819640159607,24.617822265625023,1
2025-01-13,0.1691866666078567,0.1937583535909652,0.4045639932155609,0.4634310603141784,25.104364013671898,1
2025-01-14,0.1596766710281372,0.1918876320123672,0.3819659054279327,0.4590553343296051,25.248071289062523,1
2025-01-15,0.1527473032474517,0.1900970488786697,0.3653295636177063,0.4546928107738495,25.002343750000023,1
2025-01-16,0.1580550670623779,0.1890634000301361,0.3780407309532165,0.4521394968032837,24.9670349121094,1
2025-01-17,0.1530819535255432,0.1876249015331268,0.3661301434040069,0.448716938495636,24.779687500000023,1
2025-01-18,0.1472989916801452,0.1861636191606521,0.3523620367050171,0.4452227354049682,24.756860351562523,1
2025-01-19,0.1415222883224487,0.1847270429134369,0.3384781777858734,0.4418781697750091,24.665429687500023,1
2025-01-20,0.1373042911291122,0.1833456456661224,0.328434020280838,0.4384818971157074,24.801660156250023,1
2025-01-21,0.1297038942575454,0.1817069351673126,0.3101745843887329,0.4345997273921966,24.960015869140648,1
2025-01-22,0.1248072907328605,0.1802490055561065,0.2984539866447449,0.4311509430408478,24.975915527343773,1
2025-01-23,0.1231083199381828,0.1788671463727951,0.294450968503952,0.4278270304203033,25.108331298828148,1
2025-01-24,0.1409400552511215,0.1789215803146362,0.3371109664440155,0.427858293056488,25.40621337890628,1
2025-01-25,0.1334454268217086,0.1775386333465576,0.3190856575965881,0.424579918384552,25.5493103027344,1
2025-01-26,0.1281744390726089,0.1762535274028778,0.306574285030365,0.4215560555458069,25.54439697265628,1
2025-01-27,0.1210983619093895,0.1747113615274429,0.2896497547626495,0.4179252386093139,25.159783935546898,1
2025-01-28,0.1434247642755508,0.1752036362886428,0.343082457780838,0.4190342128276825,25.427026367187523,1
2025-01-29,0.1471420675516128,0.1748431622982025,0.3518744111061096,0.4182329773902893,26.072930908203148,1
2025-01-30,0.1337993443012237,0.1733454912900924,0.320096343755722,0.4146543741226196,26.038415527343773,1
2025-01-31,0.1285151988267898,0.1722515821456909,0.3073540329933166,0.4119934439659118,26.2690368652344,1
2025-02-01,0.117417961359024,0.1709391325712204,0.2808257043361664,0.408776193857193,25.964196777343773,1
2025-02-02,0.1148664280772209,0.1699573397636413,0.2746967673301697,0.4064798057079315,25.960382080078148,1
2025-02-03,0.1330074518918991,0.1704984456300735,0.3181646764278412,0.4077526032924652,25.593133544921898,1
2025-02-04,0.1418018490076065,0.1702032089233398,0.3391264379024505,0.4069978594779968,25.456933593750023,1
2025-02-05,0.1431953161954879,0.1698605269193649,0.3425219058990478,0.4062417149543762,25.633386230468773,1
2025-02-06,0.1230891793966293,0.1678545475006103,0.2943737804889679,0.4014959931373596,25.794702148437523,1
2025-02-07,0.1209330707788467,0.1673280000686645,0.2892545759677887,0.4001564383506775,25.750421142578148,1
2025-02-08,0.1233987957239151,0.1667547076940536,0.2951400876045227,0.3988412022590637,25.739434814453148,1
2025-02-09,0.129455417394638,0.166248932480812,0.3096435070037842,0.3976071178913116,25.497827148437523,1
2025-02-10,0.1547877937555313,0.1674280017614364,0.370105892419815,0.4004285335540771,25.472222900390648,1
2025-02-11,0.1403286904096603,0.1664760410785675,0.3355501890182495,0.3981244266033172,25.413110351562523,1
2025-02-12,0.1316466778516769,0.1656150072813034,0.314922571182251,0.3960690200328827,25.681787109375023,1
2025-02-13,0.1212785542011261,0.1646643877029419,0.2900157570838928,0.3938913643360138,25.753991699218773,1
2025-02-14,0.1187265142798423,0.1640031337738037,0.2839883267879486,0.3923051655292511,25.3625427246094,1
2025-02-15,0.1518399715423584,0.1657949984073639,0.3631750047206878,0.3965976238250732,25.044793701171898,1
2025-02-16,0.1435462236404419,0.1649841666221618,0.3432383835315704,0.3946247696876526,24.71846923828128,1
2025-02-17,0.126755490899086,0.1637041717767715,0.3031323850154876,0.391492635011673,25.200219726562523,1
2025-02-18,0.1534771025180816,0.1653421968221664,0.3670704662799835,0.3954101502895355,25.286187744140648,1
2025-02-19,0.1395319253206253,0.1643372476100921,0.3337065577507019,0.3930540680885315,25.302667236328148,1
2025-02-20,0.1329321265220642,0.1635804325342178,0.3180348873138428,0.3912716507911682,25.438287353515648,1
2025-02-21,0.1312784105539322,0.1632220149040222,0.3139712214469909,0.3903999328613281,25.485009765625023,1
2025-02-22,0.1376057416200637,0.1628982722759246,0.3291241824626922,0.3895343244075775,25.8134704589844,1
2025-02-23,0.1664186269044876,0.1650188267230987,0.3979673981666565,0.3946676254272461,25.86666259765628,1
2025-02-24,0.2047749608755111,0.1812843978404998,0.489830732345581,0.4335648715496063,25.453149414062523,1
2025-02-25,0.1658698618412017,0.1734846830368042,0.3967580497264862,0.4149214625358581,25.442895507812523,1
2025-02-26,0.2031265050172805,0.1763080954551696,0.4858017265796661,0.4217613041400909,25.338800048828148,1
2025-02-27,0.1991199553012848,0.1787828952074051,0.4762290418148041,0.4275859594345093,25.4438415527344,1
2025-02-28,0.1843827962875366,0.1767701059579849,0.4410430192947387,0.4228661358356476,25.758569335937523,1
2025-03-01,0.1657627820968628,0.1745595335960388,0.3964827060699463,0.4174978137016296,25.386163330078148,1
2025-03-02,0.1613344401121139,0.173238456249237,0.3858552575111389,0.4142964780330658,25.573144531250023,1
2025-03-03,0.174190416932106,0.1735606342554092,0.4166294038295746,0.4151109755039215,25.704644775390648,1
2025-03-04,0.1751409769058227,0.1730798631906509,0.4188734591007232,0.4139942526817322,25.356988525390648,1
2025-03-05,0.1870329976081848,0.1745522767305374,0.4474000036716461,0.4174321293830871,25.236993408203148,1
2025-03-06,0.1713515520095825,0.1736791729927063,0.4098530113697052,0.4153925478458404,25.370935058593773,1
2025-03-07,0.1613837778568267,0.172568067908287,0.3860014081001282,0.4127214848995209,25.210717773437523,1
2025-03-08,0.1357762962579727,0.1704436689615249,0.3247987031936645,0.4076630175113678,25.236871337890648,1
2025-03-09,0.1266051232814788,0.1689246296882629,0.3028112053871155,0.4040187001228332,25.979180908203148,1
2025-03-10,0.1215301305055618,0.1677599251270294,0.2906411588191986,0.4013198316097259,26.316491699218773,1
2025-03-11,0.1161590293049812,0.1666620224714279,0.2778441905975342,0.3986363410949707,26.05098876953128,1
2025-03-12,0.113168753683567,0.1659360378980636,0.2706790864467621,0.396906703710556,25.86544189453128,1
2025-03-13,0.1118828281760215,0.1652619242668151,0.2676556408405304,0.3952280879020691,26.002526855468773,1
2025-03-14,0.1116735264658927,0.1647976040840149,0.2670827805995941,0.3941545784473419,25.802087402343773,1
2025-03-15,0.1053097397089004,0.1640700399875641,0.2518830299377441,0.3925428986549377,25.951745605468773,1
2025-03-16,0.1014038696885109,0.16317018866539,0.2425442337989807,0.3902271389961242,25.712976074218773,1
2025-03-17,0.1956479102373123,0.1689745783805847,0.4679611027240753,0.4041589796543121,25.601892089843773,1
2025-03-18,0.2019369900226593,0.1773464828729629,0.4830172657966614,0.424167662858963,25.56856689453128,1
2025-03-19,0.1776152402162552,0.174715369939804,0.4248095452785492,0.4179247319698334,24.898278808593773,1
2025-03-20,0.1563503444194793,0.1720346510410308,0.3739184737205505,0.4115049242973327,25.720300292968773,1
2025-03-21,0.1593355387449264,0.1708908528089523,0.3810600638389587,0.4087862372398376,26.138543701171898,1
2025-03-22,0.1853437721729278,0.1734300851821899,0.4433950781822204,0.4148266315460205,26.373132324218773,1
2025-03-23,0.1569739282131195,0.1710569262504577,0.3755342066287994,0.4091452360153198,26.688989257812523,1
2025-03-24,0.1341054439544677,0.1688384711742401,0.3207383155822754,0.4038410186767578,26.645654296875023,1
2025-03-25,0.1315932273864746,0.1676548421382904,0.3146577179431915,0.4010557532310486,27.330895996093773,1
2025-03-26,0.1580323725938797,0.1692121028900146,0.3779126107692718,0.404640644788742,27.4567810058594,1
2025-03-27,0.1572238802909851,0.1685405671596527,0.3760272264480591,0.403175413608551,26.40157470703128,1
2025-03-28,0.1539777666330337,0.1680942475795745,0.3683443963527679,0.4019900858402252,26.247888183593773,1
2025-03-29,0.1878573447465896,0.1722044348716735,0.4493282437324524,0.4118840098381042,25.962670898437523,1
2025-03-30,0.1963129043579101,0.1725624799728393,0.4695506393909454,0.4127543270587921,26.151239013671898,1
2025-03-31,0.1907126009464264,0.1750088036060333,0.4561407566070556,0.4185893535614013,26.012841796875023,1
2025-04-01,0.147756427526474,0.1705596596002578,0.3533344566822052,0.4079490602016449,25.89791259765628,1
2025-04-02,0.1451877802610397,0.1694736331701278,0.3471470773220062,0.4053333699703216,26.214746093750023,1
2025-04-03,0.1588573604822158,0.1697495132684707,0.3798887431621551,0.4059893488883972,26.079766845703148,1
2025-04-04,0.1787433326244354,0.1712030619382858,0.4275510907173157,0.4094149172306061,26.241784667968773,1
2025-04-05,0.1758369952440261,0.1717530190944671,0.4206250607967376,0.410770446062088,26.162713623046898,1
2025-04-06,0.1522673666477203,0.1699494272470474,0.3643108606338501,0.4064106047153473,26.409478759765648,1
2025-04-07,0.2003218382596969,0.1762671023607254,0.4790510833263397,0.4216281175613403,26.205102539062523,1
2025-04-08,0.1740182340145111,0.174156904220581,0.416122555732727,0.4165690541267395,26.048120117187523,1
2025-04-09,0.1539887338876724,0.1719094812870025,0.368230938911438,0.4111041724681854,26.568048095703148,1
2025-04-10,0.2313862144947052,0.1783911734819412,0.5534476637840271,0.4266752898693084,26.18941650390628,1
2025-04-11,0.2062514722347259,0.1797687262296676,0.4933740794658661,0.4299398064613342,25.6572204589844,1
2025-04-12,0.1921445727348327,0.1785957813262939,0.4594942927360534,0.4272196292877197,25.60860595703128,1
2025-04-13,0.1709380894899368,0.1759812831878662,0.408927857875824,0.4208610355854034,26.504235839843773,1
2025-04-14,0.1739904284477234,0.1754234880208969,0.4161868989467621,0.419618159532547,26.69552001953128,1
2025-04-15,0.152420625090599,0.1731182336807251,0.3645631968975067,0.4141617119312286,27.1030212402344,1
2025-04-16,0.1361007988452911,0.171143889427185,0.3255101442337036,0.4093457162380218,27.251062011718773,1
2025-04-17,0.1338971853256225,0.1702040731906891,0.3202821314334869,0.4070853292942047,27.525170898437523,1
2025-04-18,0.128725379705429,0.1690061241388321,0.3079775273799896,0.4043368101119995,27.401635742187523,1
2025-04-19,0.1597509682178497,0.1700265109539032,0.3820988535881042,0.4066484570503235,27.168603515625023,1
2025-04-20,0.1871746629476547,0.1720394194126129,0.4477019011974334,0.4115649759769439,27.137292480468773,1
2025-04-21,0.1877103596925735,0.1742002964019775,0.4488949775695801,0.4167191386222839,26.73458251953128,1
2025-04-22,0.1801442950963974,0.1729450523853302,0.4308600425720215,0.4136514663696289,25.9484802246094,1
2025-04-23,0.1692004650831222,0.1722762584686279,0.4046992361545563,0.4121562540531158,25.269067382812523,1
2025-04-24,0.1589273661375045,0.1712991893291473,0.3802173733711242,0.4097136259078979,26.000756835937523,1
2025-04-25,0.1498871445655822,0.1700872033834457,0.3585119247436523,0.4067695736885071,26.252221679687523,1
2025-04-26,0.1672483533620834,0.1704933196306228,0.4001045227050781,0.4078130424022674,25.902856445312523,1
2025-04-27,0.2040960937738418,0.1747330874204635,0.4881117939949035,0.4178966581821441,25.356958007812523,1
2025-04-28,0.2313695698976516,0.1814479529857635,0.5535609722137451,0.4340496659278869,25.84664306640628,1
2025-04-29,0.2390718013048172,0.1893855035305023,0.5718730092048645,0.4530155956745147,25.765191650390648,1
2025-04-30,0.2258820831775665,0.1910098642110824,0.5402628779411316,0.4567753672599792,25.552056884765648,1
2025-05-01,0.2041981667280197,0.1873490363359451,0.4884966015815735,0.4480745792388916,25.461724853515648,1
2025-05-02,0.2158921658992767,0.1885806322097778,0.516376793384552,0.451107382774353,25.024499511718773,1
2025-05-03,0.1982410550117492,0.1864801496267318,0.4740421175956726,0.4460363686084747,25.287164306640648,1
2025-05-04,0.211501732468605,0.1870443671941757,0.505842924118042,0.4473433494567871,25.5712829589844,1
2025-05-05,0.2050797194242477,0.1853926330804824,0.4905974864959717,0.4434645473957062,25.600122070312523,1
2025-05-06,0.2363349795341491,0.1918254494667053,0.5653389692306519,0.4589188396930694,25.075494384765648,1
2025-05-07,0.2124033272266388,0.1898871064186096,0.5081018209457397,0.4540745913982391,24.972253417968773,1
2025-05-08,0.2393639534711837,0.1954016387462616,0.5725258588790894,0.467399001121521,24.943750000000023,1
2025-05-09,0.2188408523797989,0.1934262067079544,0.5234845280647278,0.4626171588897705,25.279565429687523,1
2025-05-10,0.1898710578680038,0.1888414621353149,0.4542396366596222,0.4517456293106079,26.213189697265648,1
2025-05-11,0.200309082865715,0.186562642455101,0.4790210127830505,0.4461875855922699,26.79049072265628,1
2025-05-12,0.1971427202224731,0.1858500838279724,0.4714987874031067,0.4445304870605469,27.072167968750023,1
2025-05-13,0.2222044616937637,0.1867769807577133,0.5313624739646912,0.446683406829834,27.189569091796898,1
2025-05-14,0.2346435338258743,0.197297140955925,0.5611163973808289,0.4718874990940094,25.577233886718773,1
2025-05-15,0.2337154895067215,0.1961041390895843,0.5589712858200073,0.4689930379390716,25.421228027343773,1
2025-05-16,0.2109983712434768,0.1930737793445587,0.5046935677528381,0.4618467092514038,24.691918945312523,1
2025-05-17,0.2190874516963958,0.1936040818691253,0.5239315629005432,0.463054746389389,24.906030273437523,1
2025-05-18,0.226218581199646,0.1932872831821441,0.5410106778144836,0.4623404145240783,25.066522216796898,1
2025-05-19,0.2290817946195602,0.1956364959478378,0.5479720234870911,0.4678746461868286,24.940820312500023,1
2025-05-20,0.2043120563030243,0.1931850910186767,0.488684594631195,0.4620259404182434,25.273706054687523,1
2025-05-21,0.2278002649545669,0.1921697705984115,0.5449371933937073,0.4595691561698913,25.376306152343773,1
2025-05-22,0.2240659445524215,0.1927755922079086,0.5359682440757751,0.4610955715179443,25.314050292968773,1
2025-05-23,0.2012445926666259,0.1907068043947219,0.4813252091407776,0.4561442732810974,26.1708923339844,1
2025-05-24,0.1833061873912811,0.1876382678747177,0.4384284615516662,0.4486790597438812,26.754937744140648,1
2025-05-25,0.1996954977512359,0.1876586675643921,0.4775436222553253,0.4488779008388519,26.279565429687523,1
2025-05-26,0.208083838224411,0.187509074807167,0.4977701604366302,0.4485023021697998,25.738183593750023,1
2025-05-27,0.2151402533054351,0.1892815828323364,0.5146101713180542,0.4527315497398376,25.576806640625023,1
2025-05-28,0.2097366601228714,0.1894667297601699,0.5017670392990112,0.4531531035900116,25.860620117187523,1
2025-05-29,0.1720441132783889,0.1851020157337188,0.4115664064884186,0.4426900744438171,26.30562744140628,1
2025-05-30,0.1720595806837082,0.1833446323871612,0.4115555584430694,0.4385284781455993,26.4799743652344,1
2025-05-31,0.1951532065868377,0.1843291521072387,0.4667645394802093,0.4408192336559295,25.960595703125023,1
2025-06-01,0.2262375950813293,0.1881377547979354,0.5412752628326416,0.4500146806240082,25.643395996093773,1
2025-06-02,0.2091542035341262,0.1879182904958725,0.5002009868621826,0.4493698179721832,25.62081298828128,1
2025-06-03,0.2292328029870987,0.1880366504192352,0.5482000112533569,0.4497527182102203,26.115319824218773,1
2025-06-04,0.228907898068428,0.1965382993221283,0.5473806858062744,0.4701484739780426,25.602441406250023,1
2025-06-05,0.2148330509662628,0.1930195391178131,0.5138282775878906,0.4616810977458954,25.012567138671898,1
2025-06-06,0.2015352100133896,0.1902184784412384,0.4820694029331207,0.454961746931076,24.78316650390628,1
2025-06-07,0.1902862936258316,0.1879204362630844,0.455137699842453,0.4493880271911621,25.701074218750023,1
2025-06-08,0.1758476346731186,0.1853447407484054,0.4206219613552093,0.4432891309261322,26.365808105468773,1
2025-06-09,0.1976151466369629,0.1851047724485397,0.4726658463478088,0.4426669478416443,26.086114501953148,1
2025-06-10,0.2377211451530456,0.1917511224746704,0.5685446262359619,0.458627700805664,24.99947509765628,1
2025-06-11,0.2295708954334259,0.1934033632278442,0.5492408871650696,0.4625587463378906,24.813867187500023,1
2025-06-12,0.2172436267137527,0.1911319196224212,0.5195233225822449,0.4571176767349243,25.014672851562523,1
2025-06-13,0.2403146624565124,0.2033536732196808,0.5747171640396118,0.4863892495632171,24.738122558593773,1
2025-06-14,0.2249999344348907,0.1987940222024917,0.5381304621696472,0.4753550291061401,24.519219970703148,1
2025-06-15,0.2105325311422348,0.1951856911182403,0.5034130215644836,0.4667274355888366,24.934838867187523,1
2025-06-16,0.202101469039917,0.1926961690187454,0.4833282232284546,0.4608523547649383,25.7241149902344,1
2025-06-17,0.223957747220993,0.1957478374242782,0.5355789065361023,0.4682031273841858,25.399102783203148,1
2025-06-18,0.2033290416002273,0.1930331587791443,0.4863873124122619,0.4617164731025696,25.330346679687523,1
2025-06-19,0.1904176771640777,0.1913439333438873,0.4554681181907654,0.4575736820697784,25.8422790527344,1
2025-06-20,0.2043965756893158,0.1905650645494461,0.4889357388019562,0.4557802081108093,26.210839843750023,1
2025-06-21,0.2363166809082031,0.1964101046323776,0.5653884410858154,0.4697163701057434,26.147302246093773,1
2025-06-22,0.238044872879982,0.2019678652286529,0.5694282650947571,0.4830813109874725,25.105310058593773,1
2025-06-23,0.2472240924835205,0.2018336206674575,0.5913610458374023,0.4827666878700256,24.4121032714844,1
2025-06-24,0.2327027916908264,0.2005357593297958,0.5565199851989746,0.4795994758605957,24.57369384765628,1
2025-06-25,0.2163795828819275,0.1984008997678756,0.5175782442092896,0.474517285823822,24.978143310546898,1
2025-06-26,0.1978475451469421,0.1946047693490982,0.4733108580112457,0.4654610157012939,25.537194824218773,1
2025-06-27,0.2143821120262146,0.1947715580463409,0.5126950740814209,0.4658447802066803,25.805108642578148,1
2025-06-28,0.2132914513349533,0.1933695822954177,0.5100074410438538,0.4625575244426727,25.148767089843773,1
2025-06-29,0.2146376073360443,0.1927848309278488,0.5132505893707275,0.4610590040683746,25.71016845703128,1
2025-06-30,0.2019317597150802,0.1907751411199569,0.4829107820987701,0.456287682056427,26.029840087890648,1
2025-07-01,0.2323500961065292,0.1923659741878509,0.5557547807693481,0.4601769745349884,26.05123291015628,1
2025-07-02,0.2316154241561889,0.1966935396194458,0.5539778470993042,0.4703790247440338,25.8281188964844,1
2025-07-03,0.2203758507966995,0.1945790350437164,0.526970624923706,0.4653359949588775,25.421990966796898,1
2025-07-04,0.2269126921892166,0.194151759147644,0.5426784753799438,0.4644174873828888,25.621728515625023,1
2025-07-05,0.2679980099201202,0.2012515664100647,0.641058087348938,0.4813279807567596,24.616784667968773,1
2025-07-06,0.225442424416542,0.2000926285982132,0.5390761494636536,0.4784862101078033,24.00924072265628,1
2025-07-07,0.1988984495401382,0.1961934119462967,0.4757193028926849,0.4692133665084839,24.927301025390648,1
2025-07-08,0.1919516026973724,0.1929375976324081,0.4590824246406555,0.4615544974803924,25.687097167968773,1
2025-07-09,0.2032151818275451,0.1919241249561309,0.4860863983631134,0.4591135084629059,25.646295166015648,1
2025-07-10,0.2908115983009338,0.200810819864273,0.695636510848999,0.4803392589092254,25.165551757812523,1
2025-07-11,0.2565606832504272,0.2122784554958343,0.6137544512748718,0.5076566338539124,24.752618408203148,1
2025-07-12,0.2612972855567932,0.2108666747808456,0.6250140070915222,0.5042992830276489,24.7668395996094,1
2025-07-13,0.2801667153835296,0.2171789407730102,0.6702008843421936,0.5194927453994751,24.619653320312523,1
2025-07-14,0.2614885866641998,0.2211883962154388,0.6255216598510742,0.5288655757904053,24.987084960937523,1
2025-07-15,0.2245391011238098,0.2134903222322464,0.5370705127716064,0.5106812715530396,25.784020996093773,1
2025-07-16,0.2105013281106948,0.2085015922784805,0.5034923553466797,0.4987604916095733,26.159265136718773,1
2025-07-17,0.2022938728332519,0.2044344693422317,0.4837989509105682,0.4888823330402374,26.365808105468773,1
2025-07-18,0.187183603644371,0.2008301168680191,0.4477312564849853,0.4802919328212738,26.192071533203148,1
2025-07-19,0.1946893632411956,0.1992468237876892,0.4655807912349701,0.4766392707824707,26.413201904296898,1
2025-07-20,0.1848010420799255,0.1967045366764068,0.441945731639862,0.4705540835857391,26.628442382812523,1
2025-07-21,0.1841960102319717,0.195290982723236,0.440570592880249,0.4671475291252136,26.185357666015648,1
2025-07-22,0.199798047542572,0.1956659853458404,0.4779742062091827,0.4680001139640808,25.827050781250023,1
2025-07-23,0.1938168108463287,0.1944990456104278,0.4636921882629394,0.4651983082294464,25.769189453125023,1
2025-07-24,0.2080707848072052,0.1951554715633392,0.4977102875709533,0.466843843460083,25.758569335937523,1
2025-07-25,0.1994330883026123,0.1938517242670059,0.4769333899021148,0.4636371731758117,26.1093688964844,1
2025-07-26,0.2209113389253616,0.1947849988937378,0.5283839702606201,0.4659291803836822,25.662133789062523,1
2025-07-27,0.2608284652233124,0.2027308791875839,0.6237591505050659,0.4849777221679687,25.281854248046898,1
2025-07-28,0.271644651889801,0.2119829505681991,0.6495863795280457,0.5070673227310181,24.966394042968773,1
2025-07-29,0.2583716809749603,0.2099953442811966,0.6180328726768494,0.5023079514503479,25.167077636718773,1
2025-07-30,0.2935247719287872,0.2207577675580978,0.7019954919815063,0.5280663967132568,25.403741455078148,1
2025-07-31,0.2531884610652923,0.218608558177948,0.6055395007133484,0.5230244994163513,25.381250000000023,1
2025-08-01,0.239365354180336,0.2141279876232147,0.5723888874053955,0.5120126605033875,25.929711914062523,1
2025-08-02,0.2199098914861679,0.2095786184072494,0.5259158611297607,0.501389741897583,26.23262939453128,1
2025-08-03,0.2064692229032516,0.2064960300922393,0.4937866926193237,0.4938633441925049,25.377221679687523,1
2025-08-04,0.2736133635044098,0.2136957347393036,0.6544279456138611,0.5109834671020508,24.844842529296898,1
2025-08-05,0.2490722686052322,0.2136134803295135,0.5957266688346863,0.5108428597450256,24.80660400390628,1
2025-08-06,0.2215312421321869,0.2090488821268081,0.5299139618873596,0.5000126957893372,25.447290039062523,1
2025-08-07,0.2503476738929748,0.2105883508920669,0.5989120602607727,0.5036734342575073,25.53414306640628,1
2025-08-08,0.2319788932800293,0.2087680101394653,0.5549224615097046,0.4993067681789398,25.268579101562523,1
2025-08-09,0.3327302932739258,0.2183794230222702,0.7958046197891235,0.5223311185836792,24.823388671875023,1
2025-08-10,0.2589008510112762,0.2212036103010177,0.6194103956222534,0.5291250944137573,24.478875732421898,1
2025-08-11,0.2679694592952728,0.2198486626148224,0.6410457491874695,0.5257606506347656,24.568902587890648,1
2025-08-12,0.2750217318534851,0.2300445437431335,0.6577669382095337,0.5501825213432312,25.124932861328148,1
2025-08-13,0.2814310193061828,0.2409258484840393,0.6730645298957825,0.5762647986412048,25.753259277343773,1
2025-08-14,0.2619229257106781,0.2340178042650222,0.6264585852622986,0.5597195029258728,25.30733642578128,1
2025-08-15,0.3098695278167724,0.2402002364397049,0.7410627007484436,0.5744146108627319,24.612359619140648,1
2025-08-16,0.2831981480121612,0.2420867979526519,0.6772773861885071,0.578953742980957,24.117242431640648,1
2025-08-17,0.283772200345993,0.247195765376091,0.6787216663360596,0.5912728905677795,24.265313720703148,1
2025-08-18,0.2721572518348694,0.2420216202735901,0.6510957479476929,0.5786989331245422,24.34493408203128,1
2025-08-19,0.2568030655384063,0.2382352650165558,0.614015519618988,0.5699891448020935,24.875573730468773,1
2025-08-20,0.2625291645526886,0.2369972318410873,0.6279156804084778,0.5669292211532593,25.747979736328148,1
2025-08-21,0.2482925802469253,0.2336643934249878,0.5937848091125488,0.558935284614563,25.761560058593773,1
2025-08-22,0.2706489861011505,0.2343903183937072,0.6471563577651978,0.5606273412704468,25.1411071777344,1
2025-08-23,0.3138644993305206,0.2529833614826202,0.7509419918060303,0.60499107837677,24.770135498046898,1
2025-08-24,0.2921226620674133,0.2586047649383545,0.6987762451171875,0.6185944080352783,24.859674072265648,1
2025-08-25,0.2811929881572723,0.2537507712841034,0.6725246906280518,0.6069508790969849,25.634667968750023,1
2025-08-26,0.3138549327850342,0.260309487581253,0.7507964968681335,0.6225643754005432,25.714990234375023,1
2025-08-27,0.2943742871284485,0.2611527144908905,0.7039241790771484,0.6244880557060242,25.668969726562523,1
2025-08-28,0.3082850575447082,0.2709781527519226,0.7373086214065552,0.6480069160461426,25.754968261718773,1
2025-08-29,0.3009224236011505,0.2692705988883972,0.7198020815849304,0.6441044211387634,25.729119873046898,1
2025-08-30,0.3130549788475036,0.2666832506656647,0.748756468296051,0.6376944184303284,25.636743164062523,1
2025-08-31,0.306356817483902,0.2768801748752594,0.7326783537864685,0.6620349287986755,25.50631103515628,1
2025-09-01,0.3067912459373474,0.272586852312088,0.7337648272514343,0.6519699692726135,24.98555908203128,1
2025-09-02,0.3174992501735687,0.2824131548404693,0.7592317461967468,0.6754913330078125,24.797906494140648,1
2025-09-03,0.3157958686351776,0.2821547091007232,0.7552186250686646,0.6747965216636658,24.716149902343773,1
2025-09-04,0.3022094964981079,0.2765548825263977,0.7228214740753174,0.6613340973854065,24.883691406250023,1
2025-09-05,0.3269895017147064,0.2812145054340362,0.7820338010787964,0.6726192235946655,24.12154541015628,1
2025-09-06,0.3229358494281769,0.286412626504898,0.7725803852081299,0.6851814985275269,23.954919433593773,1
2025-09-07,0.3165205121040344,0.2857987284660339,0.7569555640220642,0.6834632754325867,24.259118652343773,1
2025-09-08,0.3197450041770935,0.2859989106655121,0.7646366357803345,0.6840810775756836,24.32467041015628,1
2025-09-09,0.3087874054908752,0.2820416986942291,0.7385445237159729,0.6747452020645142,24.688500976562523,1
2025-09-10,0.2989749014377594,0.2786779403686523,0.7148489952087402,0.6665113568305969,25.239129638671898,1
2025-09-11,0.2869256734848022,0.27602618932724,0.686191737651825,0.6600077152252197,25.95015869140628,1
2025-09-12,0.2888760566711426,0.2750275731086731,0.6907908916473389,0.6577529311180115,24.747918701171898,1
2025-09-13,0.2884178459644317,0.2740628123283386,0.689883291721344,0.6553423404693604,25.054956054687523,1
2025-09-14,0.3386252522468567,0.2805678844451904,0.8099265694618225,0.6709851622581482,24.899285888671898,1
2025-09-15,0.3062156438827514,0.2785345613956451,0.7324320673942566,0.6661373972892761,25.06319580078128,1
2025-09-16,0.3154833614826202,0.2786489725112915,0.7547880411148071,0.6666055917739868,24.862207031250023,1
2025-09-17,0.3081525266170501,0.278408408164978,0.7370349168777466,0.665882408618927,24.573327636718773,1
2025-09-18,0.295902669429779,0.2755188941955566,0.707710325717926,0.6588332653045654,24.445397949218773,1
2025-09-19,0.3089450001716614,0.2768049538135528,0.7388632893562317,0.6619332432746887,24.0898376464844,1
2025-09-20,0.3006944358348846,0.2756707370281219,0.7189943194389343,0.659155011177063,24.474877929687523,1
2025-09-21,0.3045379519462585,0.2747787535190582,0.7283152341842651,0.6571780443191528,24.993676757812523,1
2025-09-22,0.3066664636135101,0.2770132720470428,0.7335177659988403,0.6625722646713257,24.997918701171898,1
2025-09-23,0.2825750410556793,0.272682249546051,0.6759951114654541,0.6521658301353455,25.148126220703148,1
2025-09-24,0.2826744019985199,0.2709900140762329,0.676148533821106,0.648059070110321,25.638452148437523,1
2025-09-25,0.3276992738246918,0.2768643498420715,0.7836641073226929,0.6622582077980042,25.4081970214844,1
2025-09-26,0.3219742178916931,0.2780812382698059,0.7701733708381653,0.6649338006973267,25.152001953125023,1
2025-09-27,0.3124693930149078,0.2839126288890838,0.7473151683807373,0.6790211200714111,24.498681640625023,1
2025-09-28,0.3256194293498993,0.2824617028236389,0.778751790523529,0.6754691004753113,24.632196044921898,1
2025-09-29,0.3181253671646118,0.2825509309768677,0.7609393000602722,0.6758717894554138,24.475915527343773,1
2025-09-30,0.3139703273773193,0.2824402451515198,0.7508299350738525,0.675657331943512,24.922448730468773,1
2025-10-01,0.3099758327007293,0.280434787273407,0.7413448095321655,0.6709563732147217,24.685571289062523,1
2025-10-02,0.3173063099384308,0.2857589423656463,0.7587985396385193,0.683529257774353,24.550866699218773,1
2025-10-03,0.2995913326740265,0.2813828587532043,0.7165462970733643,0.6730054020881653,24.44722900390628,1
2025-10-04,0.3011248707771301,0.2788756489753723,0.720150887966156,0.6669747829437256,24.402490234375023,1
2025-10-05,0.2936697900295257,0.2776016592979431,0.702355682849884,0.6639798879623413,24.216851806640648,1
2025-10-06,0.2907488346099853,0.2758805751800537,0.6954560875892639,0.6597244739532471,24.654077148437523,1
2025-10-07,0.2652685940265655,0.2721867263317108,0.6344558000564575,0.6510971784591675,24.744042968750023,1
2025-10-08,0.2665937542915344,0.2706778645515442,0.637628972530365,0.6473206281661987,25.027856445312523,1
2025-10-09,0.2743090689182281,0.2703611254692077,0.6560975313186646,0.6467167735099792,24.791375732421898,1
2025-10-10,0.2960146069526672,0.270037442445755,0.7080565094947815,0.6460949778556824,24.2665954589844,1
2025-10-11,0.2935987114906311,0.2711642980575561,0.702242910861969,0.6485365629196167,23.647363281250023,1
2025-10-12,0.2508971095085144,0.2670036852359772,0.6000382304191589,0.6385002136230469,23.825952148437523,1
2025-10-13,0.2599295377731323,0.2660392522811889,0.6215872764587402,0.6361634135246277,23.797998046875023,1
2025-10-14,0.2592671811580658,0.2646665573120117,0.6199354529380798,0.6331560611724854,24.309594726562523,1
2025-10-15,0.3171783089637756,0.2694036364555359,0.7586608529090881,0.6443249583244324,24.31807861328128,1
2025-10-16,0.2993720471858978,0.2693206369876861,0.7158403992652893,0.6441093683242798,23.703240966796898,1
2025-10-17,0.2886915504932403,0.2672636210918426,0.6903666853904724,0.6394450068473816,24.322320556640648,1
2025-10-18,0.2704516947269439,0.2642445862293243,0.6468543410301208,0.6319614052772522,24.5124450683594,1
2025-10-19,0.2650570869445801,0.2624683976173401,0.6341155171394348,0.6277095079421997,24.566339111328148,1
2025-10-20,0.3115379810333252,0.2686849236488342,0.745074987411499,0.6425786018371582,24.752984619140648,1
2025-10-21,0.3042007684707641,0.2699981331825256,0.7276324033737183,0.6457486748695374,24.49312744140628,1
2025-10-22,0.2978990077972412,0.2686548829078674,0.7125449776649475,0.6425508260726929,24.331842041015648,1
2025-10-23,0.2710030674934387,0.2635396718978882,0.6482559442520142,0.6303002834320068,24.410668945312523,1
2025-10-24,0.3124182522296905,0.2664067149162292,0.7470738887786865,0.6369727253913879,24.6752868652344,1
2025-10-25,0.2959338128566742,0.2679221928119659,0.7078932523727417,0.6409371495246887,24.215875244140648,1
2025-10-26,0.2662595510482788,0.2634576857089996,0.636846125125885,0.629916250705719,24.568933105468773,1
2025-10-27,0.267191082239151,0.261079728603363,0.6390798687934875,0.6244667172431946,24.367120361328148,1
2025-10-28,0.2550341188907623,0.2589426040649414,0.610080897808075,0.6194222569465637,24.460534667968773,1
2025-10-29,0.2382495105266571,0.2555313408374786,0.5697795152664185,0.6111389994621277,24.707910156250023,1
2025-10-30,0.3015556037425995,0.2618873119354248,0.7210657000541687,0.6265414953231812,24.832788085937523,1
2025-10-31,0.294016420841217,0.2602018713951111,0.7031617760658264,0.6225488185882568,24.4714294433594,1
2025-11-01,0.293718159198761,0.2625086903572082,0.702502429485321,0.6279610395431519,24.449578857421898,1
2025-11-02,0.271185427904129,0.2591436207294464,0.6485647559165955,0.6199683547019958,24.773614501953148,1
2025-11-03,0.28718301653862,0.2573089301586151,0.6869199275970459,0.6153202056884766,24.56075439453128,1
2025-11-04,0.2691036462783813,0.2554893791675567,0.6438791155815125,0.6111998558044434,24.511834716796898,1
2025-11-05,0.2342778742313385,0.2508895397186279,0.5603737235069275,0.5999968647956848,24.604852294921898,1
2025-11-06,0.259100079536438,0.2503265142440796,0.6196428537368774,0.598814070224762,24.799340820312523,1
2025-11-07,0.2467787116765976,0.248394176363945,0.5901941657066345,0.5941444635391235,24.788232421875023,1
2025-11-08,0.2349706441164016,0.246172547340393,0.5618541240692139,0.5886361002922058,25.488427734375023,1
2025-11-09,0.2539649903774261,0.2453806549310684,0.6072958707809448,0.5870165228843689,25.49581298828128,1
2025-11-10,0.3757189214229584,0.2683834433555603,0.8985909223556519,0.6417701840400696,24.991387939453148,1
2025-11-11,0.2958191633224487,0.2628490626811981,0.7076572179794312,0.6287967562675476,24.952539062500023,1
2025-11-12,0.2787376642227173,0.2586385905742645,0.6667009592056274,0.6187040209770203,24.875878906250023,1
2025-11-13,0.276758998632431,0.256030410528183,0.6620790362358093,0.6124111413955688,24.457055664062523,1
2025-11-14,0.2807627916336059,0.2548523545265198,0.671555757522583,0.6094952821731567,24.070092773437523,1
2025-11-15,0.2623407542705536,0.2526553273200989,0.6276401877403259,0.6042839884757996,24.47750244140628,1
2025-11-16,0.2619188725948334,0.2503281831741333,0.6265090703964233,0.5985862016677856,24.131707763671898,1
2025-11-17,0.2534428834915161,0.249456912279129,0.6061883568763733,0.5965774655342102,23.829125976562523,1
2025-11-18,0.2505705058574676,0.2487167567014694,0.5993118286132812,0.5947632193565369,24.141381835937523,1
2025-11-19,0.2381063997745514,0.2459849268198013,0.5695127844810486,0.5883802771568298,24.916680908203148,1
2025-11-20,0.2334639281034469,0.2437761276960373,0.5583438277244568,0.5829677581787109,24.920831298828148,1
2025-11-21,0.2218169867992401,0.2410322576761245,0.5305889844894409,0.5763830542564392,24.62008056640628,1
2025-11-22,0.2160949110984802,0.2387982159852981,0.516962468624115,0.5712453126907349,24.688989257812523,1
2025-11-23,0.2314348667860031,0.2384199500083923,0.5534632802009583,0.570237398147583,25.142602539062523,1
2025-11-24,0.2201745212078094,0.2359495609998703,0.5266703367233276,0.5642173886299133,25.126733398437523,1
2025-11-25,0.2428026050329208,0.2375176101922989,0.5808125734329224,0.5679154396057129,24.7080017089844,1
2025-11-26,0.2281297743320465,0.2352100908756256,0.5456117987632751,0.562489926815033,24.988549804687523,1
2025-11-27,0.1958639621734619,0.230685144662857,0.4684883952140808,0.5518113374710083,25.217553710937523,1
2025-11-28,0.3202388882637024,0.2559351027011871,0.766107439994812,0.6120656728744507,24.834588623046898,1
2025-11-29,0.3103582859039306,0.273802787065506,0.7424333691596985,0.6546643376350403,23.724206542968773,1
2025-11-30,0.298540711402893,0.2663604319095611,0.7139121294021606,0.6370963454246521,23.799432373046898,1
2025-12-01,0.3143889904022217,0.2795545756816864,0.7519718408584595,0.6686180830001831,23.885339355468773,1
2025-12-02,0.309744119644165,0.2787865400314331,0.7408333420753479,0.6669871211051941,23.592095947265648,1
2025-12-03,0.3113367855548858,0.2819596230983734,0.7447457313537598,0.6743093729019165,24.121667480468773,1
2025-12-04,0.286647230386734,0.2742331326007843,0.6855170726776123,0.6559051871299744,23.959252929687523,1
2025-12-05,0.26865154504776,0.2692277431488037,0.6425877213478088,0.6439409255981445,23.646569824218773,1
2025-12-06,0.2981714904308319,0.2717258930206299,0.7131766676902771,0.6499478220939636,24.150018310546898,1
2025-12-07,0.2792922556400299,0.2678823173046112,0.6681134104728699,0.6407601833343506,24.225610351562523,1
2025-12-08,0.2728621065616607,0.266532838344574,0.6526438593864441,0.6373247504234314,24.181481933593773,1
2025-12-09,0.2726964652538299,0.2650871872901916,0.6522948145866394,0.6339566707611084,24.114038085937523,1
2025-12-10,0.2873992323875427,0.2648561894893646,0.6874696612358093,0.633575975894928,24.378442382812523,1
2025-12-11,0.3003491461277008,0.2653215825557709,0.7182749509811401,0.6344929337501526,24.888757324218773,1
2025-12-12,0.2967228591442108,0.2657628059387207,0.7099071741104126,0.6354205012321472,24.649346923828148,1
2025-12-13,0.3157197833061218,0.2714478671550751,0.7551917433738708,0.6492006778717041,24.728417968750023,1
2025-12-14,0.3039785623550415,0.2718541622161865,0.727091372013092,0.650452196598053,24.733544921875023,1
2025-12-15,0.2850829064846039,0.2676640450954437,0.6818175911903381,0.6401683688163757,24.332177734375023,1
2025-12-16,0.2776512801647186,0.2658213376998901,0.6640869379043579,0.6357434988021851,24.28218994140628,1
2025-12-17,0.2684412896633148,0.2634338736534118,0.6421142816543579,0.6300246119499207,24.391046142578148,1
2025-12-18,0.2682831883430481,0.2608641982078552,0.6417217254638672,0.6239048838615417,24.588220214843773,1
2025-12-19,0.2856154143810272,0.2608520686626434,0.6831474900245667,0.6238564252853394,24.614862060546898,1
2025-12-20,0.278680682182312,0.260746568441391,0.6665343046188354,0.623672366142273,24.6943298339844,1
2025-12-21,0.2487073689699173,0.256946861743927,0.5948430299758911,0.614525318145752,24.241540527343773,1
2025-12-22,0.2364814579486847,0.2543377578258514,0.5656020641326904,0.6083030104637146,24.27901611328128,1
2025-12-23,0.2302734106779098,0.2517018318176269,0.5507320761680603,0.6019991040229797,24.6381774902344,1
2025-12-24,0.2236522436141967,0.2491311430931091,0.5348297357559204,0.5957915186882019,24.762048339843773,1
2025-12-25,0.2189278751611709,0.2469678372144699,0.5235839486122131,0.5907530188560486,24.28438720703128,1
2025-12-26,0.2147459238767624,0.2449983358383178,0.5135927200317383,0.5859864950180054,24.304620361328148,1
2025-12-27,0.2112648040056228,0.2429116368293762,0.5053187012672424,0.5810736417770386,24.029443359375023,1
2025-12-28,0.2046377807855606,0.2407130748033523,0.4894589483737945,0.5756990909576416,24.089044189453148,1
2025-12-29,0.188055619597435,0.2375747859477996,0.4497763812541961,0.5682235360145569,24.189599609375023,1
2025-12-30,0.1906140297651291,0.2357887625694275,0.4558287262916565,0.5639462471008301,24.78951416015628,1
2025-12-31,0.1838373243808746,0.2335705459117889,0.4396752715110779,0.5586796998977661,25.000756835937523,1
