DATE,T2M,T2M_MAX,T2M_MIN,PRECTOTCORR,RH2M,WS10M,ALLSKY_SFC_SW_DWN
2020-01-01,27.51,33.28,23.95,10.27,83.54,1.16,16.66
2020-01-02,27.75,34.42,23.21,1.22,80.05,1.24,19.97
2020-01-03,28.09,35.41,23.14,0.04,78.11,1.13,20.79
2020-01-04,28.6,36.0,23.72,0.12,76.53,1.03,19.74
2020-01-05,27.54,34.54,23.36,0.12,80.21,1.29,19.36
2020-01-06,27.11,34.38,22.43,0.18,79.81,1.22,19.08
2020-01-07,27.56,34.91,22.54,0.07,76.76,1.23,20.34
2020-01-08,27.55,34.34,22.84,0.06,78.79,1.42,21.21
2020-01-09,27.78,34.92,22.81,0.0,75.19,1.47,22.07
2020-01-10,26.83,34.13,20.59,0.0,71.55,1.69,22.53
2020-01-11,27.68,35.39,22.07,0.03,70.45,1.48,22.6
2020-01-12,28.3,35.94,22.73,0.02,70.15,1.54,22.64
2020-01-13,28.22,35.95,22.38,0.02,68.56,1.6,22.61
2020-01-14,27.85,35.36,22.13,0.01,70.56,1.62,22.12
2020-01-15,27.95,35.51,22.3,0.03,74.57,1.46,20.44
2020-01-16,28.76,36.23,23.15,0.02,75.51,1.34,21.47
2020-01-17,29.46,37.09,24.44,0.01,73.31,1.45,22.12
2020-01-18,29.94,38.13,24.31,0.02,72.16,1.4,21.62
2020-01-19,29.26,36.4,25.16,0.05,74.55,1.42,20.3
2020-01-20,29.28,37.18,23.9,0.52,75.35,1.16,15.24
2020-01-21,28.58,36.03,24.52,4.36,77.17,1.22,15.08
2020-01-22,26.25,31.25,23.51,8.59,85.29,1.67,14.24
2020-01-23,27.59,35.13,22.63,0.08,76.76,1.16,15.53
2020-01-24,27.54,34.7,23.2,0.1,77.12,1.55,12.74
2020-01-25,27.59,35.08,23.21,0.07,77.71,1.33,15.79
2020-01-26,27.04,34.33,23.18,0.41,77.98,1.6,18.39
2020-01-27,26.75,34.04,22.53,0.18,78.29,1.48,17.8
2020-01-28,27.57,35.85,22.41,0.06,75.42,1.24,18.72
2020-01-29,27.59,35.57,22.74,0.1,76.22,1.36,18.82
2020-01-30,28.22,36.07,22.27,0.01,73.98,1.12,20.71
2020-01-31,28.81,36.5,23.34,0.0,73.11,1.31,18.63
2020-02-01,29.16,37.01,23.99,0.82,75.19,1.19,16.8
2020-02-02,28.06,33.05,24.77,3.33,80.81,1.07,15.04
2020-02-03,29.41,37.81,23.66,0.23,72.93,1.52,16.47
2020-02-04,29.47,38.36,23.63,0.04,71.21,1.54,22.28
2020-02-05,29.23,37.7,23.3,0.08,70.91,1.25,21.04
2020-02-06,29.31,38.15,22.95,0.01,71.61,1.27,21.57
2020-02-07,29.5,38.26,23.34,0.01,69.21,1.3,23.02
2020-02-08,29.19,37.95,23.66,0.05,71.56,1.54,20.39
2020-02-09,28.68,37.49,22.79,0.02,69.75,1.56,22.63
2020-02-10,29.03,37.69,22.98,0.11,69.56,1.56,23.4
2020-02-11,29.99,38.92,23.46,0.2,67.71,1.54,22.15
2020-02-12,29.94,38.76,23.52,0.04,68.7,1.6,21.45
2020-02-13,29.95,39.01,23.7,0.05,68.68,1.58,21.71
2020-02-14,29.72,38.47,23.64,0.14,70.56,1.38,20.92
2020-02-15,30.03,38.94,24.05,0.04,67.82,1.5,19.63
2020-02-16,30.01,39.26,23.87,0.01,68.41,1.58,20.86
2020-02-17,30.35,38.79,23.89,0.03,67.75,1.48,22.16
2020-02-18,30.94,40.94,24.2,0.01,65.96,1.75,23.22
2020-02-19,30.91,41.18,24.28,0.1,67.19,1.72,22.39
2020-02-20,30.49,40.09,24.36,0.28,69.04,1.56,21.81
2020-02-21,29.24,37.64,24.18,1.13,72.14,1.98,18.63
2020-02-22,27.66,33.15,23.89,1.25,73.43,1.72,17.14
2020-02-23,27.79,34.72,23.11,0.09,69.02,1.67,15.74
2020-02-24,28.55,37.88,22.16,0.0,65.56,1.57,17.63
2020-02-25,28.71,37.31,22.67,0.03,69.72,1.86,14.36
2020-02-26,28.66,36.47,23.98,0.78,72.14,1.79,18.01
2020-02-27,28.76,36.98,23.56,0.14,70.88,1.86,17.28
2020-02-28,29.21,38.05,23.47,0.04,67.97,1.51,20.31
2020-02-29,29.38,37.78,23.75,0.0,67.06,1.72,18.68
2020-03-01,29.33,38.67,22.67,0.06,65.87,1.69,22.92
2020-03-02,29.8,39.29,23.34,1.66,67.43,1.61,21.98
2020-03-03,29.89,39.24,23.45,0.0,67.33,1.59,21.64
2020-03-04,30.1,39.89,23.2,0.01,66.04,1.58,22.16
2020-03-05,30.29,39.53,23.47,0.03,66.77,1.58,20.57
2020-03-06,30.48,40.12,24.06,0.0,66.25,1.6,22.0
2020-03-07,28.93,36.75,24.44,0.32,68.53,2.41,16.61
2020-03-08,29.24,38.28,23.51,0.4,65.17,1.83,18.68
2020-03-09,29.79,39.16,23.02,0.15,64.38,1.79,22.25
2020-03-10,29.23,37.68,24.09,0.79,67.28,1.64,18.1
2020-03-11,29.07,36.5,24.26,0.48,69.51,1.92,12.5
2020-03-12,28.34,35.48,23.73,0.41,70.84,2.28,12.57
2020-03-13,29.07,38.13,23.72,0.06,67.1,1.98,16.3
2020-03-14,29.38,38.46,23.48,0.17,66.64,1.86,21.78
2020-03-15,29.66,38.8,23.58,0.05,65.78,1.69,22.45
2020-03-16,29.93,39.0,23.59,0.01,64.77,1.74,24.06
2020-03-17,29.83,39.0,23.8,0.06,65.07,1.63,23.98
2020-03-18,29.56,38.17,23.33,0.04,63.81,1.56,23.14
2020-03-19,29.69,39.02,23.48,1.48,64.51,1.79,22.83
2020-03-20,28.8,36.88,23.45,6.52,69.52,1.65,17.41
2020-03-21,28.85,36.73,23.68,0.28,67.75,1.6,20.42
2020-03-22,29.51,38.86,22.98,0.05,63.72,1.7,22.05
2020-03-23,29.78,38.47,23.15,0.07,66.21,1.62,21.67
2020-03-24,30.09,38.96,24.44,0.02,66.05,1.68,19.68
2020-03-25,29.94,38.41,24.48,0.7,67.16,1.55,20.25
2020-03-26,29.58,38.36,24.07,0.59,68.57,2.15,19.21
2020-03-27,29.42,37.39,23.91,0.03,65.6,1.76,22.21
2020-03-28,29.87,39.16,22.95,0.02,63.91,1.54,24.73
2020-03-29,30.13,39.3,23.8,0.64,64.88,1.68,23.26
2020-03-30,30.18,38.54,24.28,1.39,66.85,1.66,15.46
2020-03-31,29.85,38.31,24.22,1.55,68.94,1.5,13.99
2020-04-01,28.99,36.36,24.14,1.65,70.71,1.75,10.69
2020-04-02,29.57,38.05,24.1,0.09,67.98,1.87,12.38
2020-04-03,28.94,36.72,24.4,0.44,69.82,1.59,14.63
2020-04-04,29.19,36.48,24.47,0.74,70.83,1.96,15.45
2020-04-05,29.7,35.63,24.98,0.83,70.95,1.37,15.73
2020-04-06,29.74,34.9,25.77,1.25,73.87,1.08,13.37
2020-04-07,30.74,38.62,26.01,0.03,66.9,1.1,17.28
2020-04-08,30.44,37.64,26.24,0.15,70.62,1.46,17.8
2020-04-09,30.56,37.98,25.6,0.07,67.82,1.6,16.36
2020-04-10,30.01,36.62,25.51,0.2,70.95,1.26,16.7
2020-04-11,29.27,33.72,25.7,1.88,74.59,1.24,14.9
2020-04-12,31.55,40.82,25.47,1.97,64.64,1.72,16.69
2020-04-13,31.06,39.3,25.94,0.18,65.24,1.77,18.92
2020-04-14,30.19,38.25,24.84,0.42,66.92,1.8,17.91
2020-04-15,30.1,38.43,24.21,0.32,65.18,1.65,17.84
2020-04-16,30.83,40.13,24.2,0.12,61.89,1.48,18.72
2020-04-17,30.81,39.29,24.03,0.05,62.32,1.65,19.33
2020-04-18,30.04,37.5,25.18,3.89,66.47,1.53,16.46
2020-04-19,28.09,33.45,24.88,5.76,76.22,1.05,17.27
2020-04-20,29.09,35.72,24.19,0.34,71.49,1.36,17.27
2020-04-21,27.69,32.06,24.37,6.0,79.68,1.34,8.87
2020-04-22,28.01,34.38,24.43,11.85,76.62,1.45,16.6
2020-04-23,27.32,32.44,24.25,12.54,81.39,1.41,19.0
2020-04-24,28.23,33.31,24.52,6.52,79.2,1.15,18.72
2020-04-25,28.88,35.27,24.27,2.25,76.22,1.24,19.11
2020-04-26,29.61,36.6,25.06,0.58,72.89,1.44,19.96
2020-04-27,29.78,37.25,25.09,0.85,70.64,1.22,19.69
2020-04-28,29.24,35.26,25.22,1.4,74.25,1.17,17.72
2020-04-29,30.09,37.39,25.28,0.25,70.41,1.41,17.6
2020-04-30,28.7,34.77,25.43,1.64,77.44,0.96,16.35
2020-05-01,30.45,37.74,24.97,0.39,70.15,1.1,15.98
2020-05-02,30.95,39.4,25.85,0.01,68.68,1.55,16.79
2020-05-03,30.65,38.08,25.64,0.33,69.2,1.35,15.18
2020-05-04,29.81,36.15,25.57,4.32,75.39,1.06,10.79
2020-05-05,29.36,35.85,25.9,4.16,76.58,0.96,18.02
2020-05-06,29.79,36.4,25.96,1.51,74.9,1.0,17.3
2020-05-07,29.45,34.83,25.72,0.44,76.01,0.99,14.47
2020-05-08,30.37,37.55,25.26,1.13,73.15,1.09,17.53
2020-05-09,30.08,36.08,26.12,5.45,76.42,1.03,19.37
2020-05-10,31.37,40.2,25.56,2.21,70.2,1.42,19.87
2020-05-11,30.61,38.33,26.13,1.95,72.67,1.55,16.75
2020-05-12,28.39,33.91,25.43,1.29,79.17,1.52,14.03
2020-05-13,27.97,32.31,25.16,0.07,79.56,1.65,12.03
2020-05-14,29.43,36.16,24.39,0.07,71.61,1.56,18.38
2020-05-15,27.86,32.44,24.92,0.88,80.84,0.86,18.24
2020-05-16,29.26,35.35,24.92,23.88,79.1,1.03,17.86
2020-05-17,29.54,35.63,25.4,18.65,77.79,0.92,15.16
2020-05-18,28.31,33.25,25.09,2.25,80.64,0.98,17.7
2020-05-19,27.61,31.87,25.14,1.78,84.01,0.88,13.21
2020-05-20,30.05,37.69,24.44,0.23,71.68,1.18,21.41
2020-05-21,29.1,34.87,25.09,0.28,77.3,1.16,17.61
2020-05-22,28.73,34.17,25.51,1.65,80.27,1.05,11.02
2020-05-23,30.21,38.31,25.49,0.14,72.79,0.98,19.34
2020-05-24,29.47,35.85,25.46,1.2,77.62,1.18,17.95
2020-05-25,28.44,32.69,25.38,0.58,82.97,0.98,15.87
2020-05-26,28.92,34.06,25.17,21.29,81.12,0.75,17.99
2020-05-27,28.21,32.83,25.26,10.27,84.57,0.95,9.5
2020-05-28,26.81,30.49,24.54,2.86,86.45,1.04,18.5
2020-05-29,28.13,34.41,23.41,6.43,78.34,0.94,19.56
2020-05-30,26.1,29.29,24.11,3.6,89.54,1.18,8.94
2020-05-31,26.49,30.23,23.35,5.53,82.05,0.87,17.71
2020-06-01,28.08,34.3,23.17,4.84,77.61,1.18,16.74
2020-06-02,28.0,32.89,24.57,2.17,81.89,0.85,9.99
2020-06-03,29.05,36.04,24.55,1.31,75.55,1.25,18.06
2020-06-04,28.47,34.67,24.7,0.62,77.76,0.84,21.33
2020-06-05,28.27,34.26,24.49,2.24,80.99,1.02,15.48
2020-06-06,28.19,35.21,24.74,3.68,80.92,1.03,13.16
2020-06-07,28.01,33.7,24.65,1.36,78.15,0.96,20.68
2020-06-08,28.98,35.89,23.61,1.55,75.66,0.82,21.79
2020-06-09,28.3,33.43,24.95,4.71,82.19,0.79,18.92
2020-06-10,25.09,27.39,23.2,3.93,89.49,0.9,10.93
2020-06-11,27.5,34.97,22.27,7.03,76.72,0.86,19.34
2020-06-12,29.01,37.21,22.8,3.21,72.69,1.02,16.45
2020-06-13,28.85,36.47,23.95,2.43,75.11,1.07,20.17
2020-06-14,27.8,32.9,24.41,4.74,83.02,1.11,17.71
2020-06-15,27.22,32.77,24.0,7.07,84.8,1.04,12.14
2020-06-16,28.34,34.22,23.96,1.36,80.65,1.06,19.1
2020-06-17,29.76,36.81,24.68,0.44,74.17,0.96,17.62
2020-06-18,29.35,36.17,25.21,5.21,75.78,1.19,20.72
2020-06-19,28.53,33.57,24.51,8.99,78.16,0.88,20.69
2020-06-20,28.86,34.79,24.46,4.64,79.85,0.91,17.68
2020-06-21,28.39,32.84,25.5,3.43,82.07,0.88,16.87
2020-06-22,29.91,36.89,24.66,1.21,73.36,1.0,21.01
2020-06-23,29.74,35.97,25.39,3.76,73.9,1.11,18.0
2020-06-24,29.43,36.06,24.65,0.8,73.59,1.05,19.39
2020-06-25,29.36,36.41,24.56,0.18,74.1,1.1,19.22
2020-06-26,29.61,36.5,24.86,0.24,72.35,1.15,17.78
2020-06-27,29.37,35.81,25.13,2.86,76.27,1.04,18.39
2020-06-28,27.18,31.14,24.73,13.75,86.52,1.21,14.73
2020-06-29,28.51,35.31,23.92,0.0,74.0,1.03,21.05
2020-06-30,27.83,32.99,24.09,0.93,79.8,0.97,20.0
2020-07-01,28.81,36.19,24.76,3.66,77.88,1.11,18.73
2020-07-02,28.08,33.39,24.66,20.86,81.32,0.94,15.3
2020-07-03,28.2,33.04,24.6,28.25,82.93,0.9,22.2
2020-07-04,27.78,32.46,24.53,4.46,82.83,1.0,15.45
2020-07-05,27.74,33.57,24.69,0.8,82.64,0.96,15.4
2020-07-06,28.06,33.34,23.89,1.45,80.59,0.95,21.49
2020-07-07,29.26,35.52,24.19,4.35,75.84,1.19,18.33
2020-07-08,27.81,34.09,24.04,1.82,81.44,1.01,19.89
2020-07-09,28.24,35.09,23.19,2.39,76.9,1.12,22.78
2020-07-10,27.98,33.97,24.32,1.84,76.93,0.86,14.35
2020-07-11,26.4,30.94,23.18,12.19,86.82,0.93,17.7
2020-07-12,26.47,30.55,23.95,4.29,86.43,0.85,18.42
2020-07-13,28.69,35.01,23.55,17.67,76.19,1.03,23.25
2020-07-14,27.6,31.96,24.62,25.9,84.21,1.0,18.49
2020-07-15,27.84,33.54,23.5,0.12,79.92,1.0,22.69
2020-07-16,27.08,31.04,24.83,0.5,84.96,0.93,15.68
2020-07-17,28.98,36.18,23.9,0.61,74.2,1.02,21.65
2020-07-18,28.13,33.41,24.54,0.44,82.55,0.88,19.87
2020-07-19,27.7,32.34,25.03,0.16,84.35,1.0,22.35
2020-07-20,27.28,31.51,24.09,10.24,85.51,0.77,9.75
2020-07-21,27.22,32.82,23.95,14.76,84.44,1.01,19.34
2020-07-22,26.45,31.12,23.36,33.61,89.06,0.95,13.54
2020-07-23,27.0,32.61,24.23,0.5,85.56,0.92,18.37
2020-07-24,27.39,33.85,23.6,3.95,83.33,0.85,14.17
2020-07-25,26.89,30.87,23.67,10.61,84.95,0.82,13.85
2020-07-26,27.79,33.97,22.63,2.68,79.26,1.03,21.06
2020-07-27,27.92,33.39,24.33,9.03,82.15,0.89,21.45
2020-07-28,27.73,32.71,23.9,8.17,83.3,1.04,24.36
2020-07-29,28.71,35.72,24.04,0.17,80.02,1.02,24.06
2020-07-30,28.46,34.35,24.98,0.43,82.71,0.97,16.59
2020-07-31,28.36,33.71,24.85,0.39,81.79,0.92,21.47
2020-08-01,26.75,31.57,24.33,4.15,84.08,1.0,23.99
2020-08-02,29.59,36.95,24.07,5.24,74.82,0.96,22.28
2020-08-03,27.97,31.92,24.79,15.64,85.09,0.91,16.62
2020-08-04,27.71,32.62,24.55,2.12,84.95,0.84,22.66
2020-08-05,27.96,32.66,24.07,3.6,84.52,0.85,19.36
2020-08-06,26.8,31.3,24.23,1.46,87.16,0.9,15.11
2020-08-07,28.0,34.19,24.06,1.14,79.86,0.84,20.52
2020-08-08,29.29,36.47,23.79,0.1,76.6,1.15,23.12
2020-08-09,28.22,33.44,24.91,8.53,84.18,1.02,20.91
2020-08-10,28.88,34.81,25.24,11.49,80.54,1.01,21.26
2020-08-11,28.11,33.74,24.84,12.2,85.68,0.91,15.76
2020-08-12,28.88,35.08,24.43,4.22,79.88,0.94,20.38
2020-08-13,28.48,33.29,25.41,2.4,83.03,1.03,19.53
2020-08-14,28.23,33.4,24.72,1.62,82.62,0.98,22.1
2020-08-15,26.65,30.24,24.1,4.06,88.22,1.17,18.83
2020-08-16,27.52,33.25,24.14,3.87,84.18,0.79,16.74
2020-08-17,27.86,32.53,24.32,3.6,84.14,0.95,18.09
2020-08-18,27.06,31.51,24.73,0.44,85.85,1.28,16.54
2020-08-19,28.61,35.16,23.96,4.08,81.08,0.88,13.92
2020-08-20,25.82,31.26,22.9,1.91,85.72,1.42,19.16
2020-08-21,27.73,33.37,23.63,6.33,82.09,0.62,14.98
2020-08-22,26.69,30.59,23.97,12.69,88.47,1.05,18.42
2020-08-23,27.45,32.13,24.01,5.85,81.89,0.71,22.57
2020-08-24,27.39,31.9,24.02,4.77,84.29,0.94,21.5
2020-08-25,27.74,33.69,23.88,3.37,82.3,0.89,18.31
2020-08-26,27.33,34.13,23.52,0.14,84.0,0.65,16.18
2020-08-27,27.11,33.6,23.49,0.12,82.83,1.03,19.52
2020-08-28,28.52,34.59,24.16,0.05,79.75,1.03,22.25
2020-08-29,26.15,30.13,23.93,1.58,87.98,0.97,22.49
2020-08-30,27.5,34.16,22.42,0.23,79.32,1.04,16.78
2020-08-31,28.27,36.17,23.48,1.58,77.22,0.98,22.45
2020-09-01,27.91,34.11,24.04,12.55,81.97,1.01,22.31
2020-09-02,27.15,31.52,23.89,26.64,85.33,0.84,13.38
2020-09-03,26.45,30.97,23.24,9.69,86.51,1.02,23.09
2020-09-04,26.62,31.79,23.45,10.09,83.6,0.71,18.47
2020-09-05,28.34,35.36,23.15,2.36,80.23,0.96,23.21
2020-09-06,27.87,32.87,24.58,4.43,85.69,0.96,15.88
2020-09-07,26.37,30.33,24.27,2.23,90.26,1.19,18.27
2020-09-08,25.91,29.77,23.4,7.87,88.85,1.02,8.92
2020-09-09,27.1,32.75,23.38,2.82,82.37,0.85,24.01
2020-09-10,27.1,31.94,23.7,0.96,84.92,0.89,23.9
2020-09-11,27.37,32.88,24.02,0.42,85.11,0.89,14.22
2020-09-12,26.58,29.29,24.27,0.41,88.52,0.94,18.43
2020-09-13,26.97,32.11,23.87,10.69,87.49,0.86,18.65
2020-09-14,27.85,32.68,24.11,1.05,84.4,0.84,18.4
2020-09-15,27.04,30.22,24.42,1.16,86.33,1.01,13.44
2020-09-16,27.53,32.91,23.77,1.5,85.06,0.89,12.16
2020-09-17,28.57,37.55,23.32,6.9,80.72,0.81,20.72
2020-09-18,25.41,27.53,23.62,8.44,90.82,1.11,16.08
2020-09-19,27.76,34.19,23.03,3.56,81.68,0.95,19.66
2020-09-20,27.3,32.58,24.11,5.96,87.93,0.76,19.01
2020-09-21,27.56,32.28,24.53,3.23,84.46,0.97,20.67
2020-09-22,27.0,32.45,23.91,0.48,86.35,0.93,22.25
2020-09-23,27.78,32.51,24.08,0.47,80.14,0.68,19.69
2020-09-24,27.84,32.85,24.08,17.43,82.41,0.7,17.81
2020-09-25,27.81,33.38,24.03,13.91,79.02,0.81,16.75
2020-09-26,27.05,33.53,22.92,1.28,82.74,1.09,23.68
2020-09-27,26.52,31.62,23.89,2.13,87.89,0.83,15.04
2020-09-28,27.16,32.24,24.01,0.25,83.61,0.83,22.07
2020-09-29,26.75,31.79,23.59,0.24,87.69,0.92,22.53
2020-09-30,24.97,26.74,22.86,2.85,93.0,1.29,15.88
2020-10-01,26.57,33.33,21.77,0.19,82.1,0.84,18.56
2020-10-02,26.83,31.76,23.48,0.15,85.94,1.03,18.64
2020-10-03,25.88,29.88,23.6,0.83,89.26,1.08,16.44
2020-10-04,25.14,27.52,23.51,0.39,92.74,1.27,19.37
2020-10-05,26.67,33.96,23.43,0.0,79.68,1.11,22.06
2020-10-06,28.33,35.66,23.46,0.0,78.1,0.77,12.55
2020-10-07,27.05,33.15,23.65,0.01,84.66,1.05,18.29
2020-10-08,25.32,27.53,23.4,0.29,92.09,1.29,16.98
2020-10-09,27.16,33.8,23.12,0.0,81.11,0.93,17.36
2020-10-10,28.12,35.19,23.45,0.0,78.9,1.15,22.36
2020-10-11,28.0,34.46,24.28,2.59,82.55,0.9,19.45
2020-10-12,28.3,34.36,24.88,3.57,83.02,0.79,18.18
2020-10-13,26.66,30.08,24.17,3.08,86.78,0.76,11.9
2020-10-14,25.92,29.74,23.57,0.63,88.4,0.86,18.2
2020-10-15,27.94,34.79,23.38,0.23,79.65,0.98,18.01
2020-10-16,29.13,36.87,24.1,0.22,78.42,0.95,19.67
2020-10-17,27.95,32.66,25.0,8.87,86.15,0.84,10.58
2020-10-18,28.1,32.91,24.96,7.65,84.68,0.69,19.08
2020-10-19,26.85,32.01,23.87,0.18,85.61,1.02,16.85
2020-10-20,26.42,30.62,23.7,0.0,87.46,1.08,16.47
2020-10-21,28.12,34.97,23.77,0.0,79.61,0.85,18.68
2020-10-22,27.11,31.57,24.38,1.11,85.47,0.94,15.61
2020-10-23,27.97,33.89,24.42,0.63,82.36,1.01,15.24
2020-10-24,25.78,28.29,24.02,0.89,91.84,1.52,9.59
2020-10-25,25.77,29.92,23.53,1.58,88.41,1.11,18.04
2020-10-26,27.38,34.0,23.04,0.01,81.74,0.91,18.96
2020-10-27,28.19,35.83,23.67,0.33,80.51,1.15,18.92
2020-10-28,27.5,33.08,24.07,4.51,85.38,1.11,17.69
2020-10-29,27.41,32.58,23.95,3.84,83.71,1.37,20.25
2020-10-30,27.63,33.94,23.67,1.29,81.31,1.15,18.93
2020-10-31,26.48,31.33,24.12,1.02,85.9,1.48,16.61
2020-11-01,26.44,30.77,23.96,2.55,84.85,0.97,15.84
2020-11-02,27.38,34.47,22.99,4.17,80.33,1.03,17.35
2020-11-03,28.36,36.61,23.05,0.69,76.16,0.93,18.54
2020-11-04,28.2,35.32,23.96,0.01,76.11,1.09,18.49
2020-11-05,27.67,34.17,23.78,0.01,79.2,1.36,15.64
2020-11-06,27.72,34.91,23.38,0.2,77.86,1.21,17.22
2020-11-07,27.74,35.56,23.06,0.08,76.66,1.09,17.7
2020-11-08,27.02,34.02,22.87,0.0,79.07,1.03,17.14
2020-11-09,27.7,35.13,23.08,0.0,77.38,1.27,12.82
2020-11-10,26.58,32.08,23.23,1.69,82.24,1.25,16.72
2020-11-11,25.58,30.03,21.9,3.82,84.78,1.0,6.18
2020-11-12,27.39,33.8,23.0,3.51,81.15,1.27,17.24
2020-11-13,25.83,28.66,23.96,1.37,89.63,1.13,16.53
2020-11-14,26.04,30.8,23.29,0.56,84.81,1.88,14.41
2020-11-15,26.51,33.44,22.48,0.76,77.99,1.28,17.8
2020-11-16,27.66,35.31,22.91,0.86,79.21,1.03,17.07
2020-11-17,27.88,34.74,23.76,0.01,77.23,1.14,11.35
2020-11-18,27.47,33.85,23.77,0.0,78.66,1.09,15.85
2020-11-19,28.19,36.16,23.36,0.72,74.53,1.03,17.3
2020-11-20,27.7,34.0,24.15,1.06,80.19,1.18,12.23
2020-11-21,26.36,30.25,23.64,0.5,85.23,1.06,18.02
2020-11-22,28.13,36.46,23.06,3.23,76.74,1.09,18.87
2020-11-23,28.91,36.86,23.42,3.3,74.97,1.14,17.25
2020-11-24,28.47,34.84,24.7,0.01,79.71,0.84,16.02
2020-11-25,27.41,31.39,24.83,0.39,83.83,0.75,15.3
2020-11-26,28.37,34.97,24.67,0.28,79.21,1.04,16.79
2020-11-27,26.97,30.75,24.02,0.33,85.0,0.8,17.33
2020-11-28,26.51,30.25,24.39,0.14,87.72,1.05,16.33
2020-11-29,27.81,33.96,23.69,0.27,80.21,0.96,17.6
2020-11-30,28.0,33.64,24.76,0.22,80.31,0.81,14.54
2020-12-01,26.41,31.11,23.85,0.67,86.7,1.08,14.4
2020-12-02,27.11,33.18,23.45,1.18,83.12,1.09,18.34
2020-12-03,26.28,29.44,24.07,0.59,86.52,1.28,17.3
2020-12-04,28.21,35.1,23.36,0.05,77.13,1.11,19.47
2020-12-05,28.7,36.59,23.4,0.0,73.42,1.23,18.65
2020-12-06,28.33,34.91,24.05,0.0,77.34,1.0,18.81
2020-12-07,26.78,30.24,24.64,0.17,86.98,0.93,16.93
2020-12-08,28.12,34.46,23.99,0.05,79.15,0.92,14.84
2020-12-09,26.94,30.96,24.53,0.0,84.95,1.15,14.26
2020-12-10,28.45,36.21,23.64,0.0,76.15,1.17,18.8
2020-12-11,27.98,34.49,23.93,0.0,77.23,1.08,19.13
2020-12-12,28.81,37.24,23.4,0.0,72.42,1.23,18.54
2020-12-13,28.75,36.67,23.38,0.15,73.46,1.2,19.58
2020-12-14,29.05,37.9,23.09,0.19,71.41,1.35,19.18
2020-12-15,29.0,37.45,23.72,0.38,72.2,1.05,19.51
2020-12-16,29.13,37.32,23.9,0.32,72.72,1.03,18.07
2020-12-17,29.12,36.86,24.26,0.04,72.89,1.21,18.07
2020-12-18,29.38,37.42,24.39,0.0,71.68,1.08,19.34
2020-12-19,29.14,36.6,24.25,0.57,72.47,1.28,20.1
2020-12-20,29.16,37.47,23.51,0.16,70.93,1.37,20.77
2020-12-21,28.98,36.73,23.4,0.09,72.87,1.17,18.2
2020-12-22,28.79,35.9,24.38,0.37,74.94,1.01,19.51
2020-12-23,29.42,37.38,23.99,0.15,72.83,1.16,18.58
2020-12-24,29.3,36.66,24.6,0.0,71.31,1.31,18.59
2020-12-25,28.23,34.91,24.31,0.71,76.19,1.72,15.62
2020-12-26,28.09,35.78,23.42,0.31,73.0,1.55,18.1
2020-12-27,27.83,36.28,22.26,0.23,71.16,1.37,18.25
2020-12-28,28.21,37.26,22.68,0.24,68.86,1.11,18.89
2020-12-29,28.12,36.33,23.19,4.18,73.12,0.95,17.86
2020-12-30,28.36,36.45,23.05,3.74,72.87,1.17,18.42
2020-12-31,28.65,36.72,23.47,1.44,71.45,1.09,19.88
2021-01-01,28.18,36.07,22.83,2.77,73.39,1.2,21.54
2021-01-02,28.54,36.26,23.23,10.75,73.98,1.51,19.15
2021-01-03,28.95,37.04,23.6,4.36,73.28,1.29,20.15
2021-01-04,28.08,36.39,23.23,1.2,72.67,1.26,19.14
2021-01-05,27.96,36.48,22.42,1.24,70.51,1.24,19.93
2021-01-06,28.19,36.67,22.86,0.0,70.96,1.08,19.68
2021-01-07,28.23,36.39,22.76,0.06,72.08,1.19,17.05
2021-01-08,28.07,35.26,23.96,0.11,74.83,1.06,16.66
2021-01-09,27.07,32.58,24.39,0.31,81.15,1.06,11.69
2021-01-10,27.66,34.7,24.18,2.64,78.53,1.2,18.33
2021-01-11,27.98,34.66,24.29,4.37,78.4,1.24,14.71
2021-01-12,28.96,36.5,23.86,1.51,72.31,1.51,18.53
2021-01-13,28.92,37.17,23.3,0.0,70.52,1.19,18.17
2021-01-14,28.65,37.16,22.66,0.57,72.16,1.22,19.36
2021-01-15,28.16,35.27,23.56,5.65,77.54,1.21,18.46
2021-01-16,28.65,36.74,23.15,2.35,72.76,1.31,18.94
2021-01-17,28.67,36.84,23.06,0.26,71.71,1.24,21.37
2021-01-18,28.33,35.97,23.15,0.55,71.93,1.25,18.33
2021-01-19,28.36,36.79,22.7,0.22,69.99,1.69,22.02
2021-01-20,28.39,37.09,22.53,0.39,71.02,1.73,21.13
2021-01-21,28.69,36.98,23.08,0.0,70.77,1.42,19.54
2021-01-22,28.98,37.48,23.01,0.0,71.03,1.34,19.42
2021-01-23,28.8,36.76,22.89,0.0,71.97,1.38,17.53
2021-01-24,28.14,34.65,23.52,0.0,72.86,1.12,19.75
2021-01-25,28.73,36.65,24.13,0.89,71.5,1.45,20.18
2021-01-26,28.68,36.76,23.12,1.41,71.59,1.66,19.1
2021-01-27,28.71,36.6,23.97,3.53,73.28,1.4,19.24
2021-01-28,28.92,37.38,23.06,3.29,71.49,1.51,19.87
2021-01-29,28.22,36.48,23.09,1.69,71.06,1.5,20.17
2021-01-30,28.18,37.43,21.94,0.76,66.5,1.68,23.53
2021-01-31,29.04,38.66,21.94,2.9,68.53,1.49,23.59
2021-02-01,28.97,37.47,23.34,8.32,74.84,1.31,19.37
2021-02-02,28.86,36.5,24.12,3.89,75.09,1.69,17.62
2021-02-03,28.6,35.88,24.03,0.0,72.05,1.47,18.13
2021-02-04,29.33,37.65,23.71,0.0,71.88,1.38,17.45
2021-02-05,29.92,38.42,24.08,0.0,70.84,1.45,18.33
2021-02-06,29.76,37.32,24.45,0.0,72.07,1.36,19.82
2021-02-07,29.82,38.22,23.93,0.01,68.99,1.5,17.58
2021-02-08,29.67,38.37,24.1,0.01,68.89,1.52,20.22
2021-02-09,29.65,38.33,23.89,0.04,68.82,1.52,18.62
2021-02-10,29.41,37.37,24.33,0.09,69.56,1.73,18.98
2021-02-11,29.65,38.32,23.72,0.03,67.91,1.54,21.64
2021-02-12,29.19,37.43,23.38,0.07,67.93,1.36,20.25
2021-02-13,27.83,34.65,23.25,7.26,74.93,1.25,18.25
2021-02-14,29.53,37.73,23.78,4.55,69.44,1.2,16.33
2021-02-15,29.75,38.4,24.37,0.01,70.81,1.51,20.94
2021-02-16,28.31,34.31,24.78,0.15,74.9,1.51,18.81
2021-02-17,28.68,36.77,23.24,0.28,69.67,1.49,18.29
2021-02-18,28.33,36.39,23.4,5.06,72.8,1.39,20.61
2021-02-19,28.86,37.21,23.2,2.51,69.93,1.39,20.07
2021-02-20,28.77,37.57,23.07,0.45,68.93,1.46,19.83
2021-02-21,29.05,37.72,23.29,0.35,66.78,1.51,22.44
2021-02-22,28.89,37.82,22.69,0.06,67.72,1.49,21.94
2021-02-23,29.29,37.92,23.44,0.27,68.41,1.69,19.0
2021-02-24,30.01,38.92,23.29,0.74,67.06,1.71,22.86
2021-02-25,30.47,39.77,23.99,0.18,67.42,1.78,21.48
2021-02-26,30.21,38.7,24.46,0.78,69.6,1.51,21.42
2021-02-27,30.09,38.44,24.3,0.39,66.27,1.71,21.67
2021-02-28,29.65,38.98,22.85,0.08,62.4,2.02,22.97
2021-03-01,29.29,39.13,22.36,1.46,65.84,1.97,25.46
2021-03-02,28.87,37.69,22.69,6.61,66.55,1.38,22.79
2021-03-03,27.94,35.96,21.3,0.27,69.67,1.32,22.45
2021-03-04,28.08,36.42,23.07,0.0,68.98,1.76,22.66
2021-03-05,28.4,37.39,22.63,0.0,66.57,1.84,20.32
2021-03-06,29.04,37.94,23.11,0.05,68.51,1.62,17.1
2021-03-07,29.54,37.87,24.53,0.03,69.42,1.93,17.61
2021-03-08,28.84,35.84,24.81,0.01,71.92,1.47,14.8
2021-03-09,27.35,33.36,24.11,0.03,73.24,1.22,15.98
2021-03-10,28.83,37.22,22.9,0.0,68.89,1.64,19.53
2021-03-11,28.79,36.42,23.59,0.0,65.78,1.87,18.09
2021-03-12,28.5,36.39,23.68,0.0,65.05,1.53,20.65
2021-03-13,28.87,37.29,23.01,0.19,65.63,1.86,23.06
2021-03-14,28.64,36.11,23.42,0.26,66.7,1.52,21.22
2021-03-15,28.68,36.54,23.26,0.53,67.45,1.52,20.19
2021-03-16,29.12,36.17,24.07,0.19,67.98,1.24,16.86
2021-03-17,28.57,34.25,25.02,0.08,71.49,1.44,18.52
2021-03-18,28.2,33.54,24.36,0.31,73.62,1.46,17.1
2021-03-19,27.51,32.11,24.74,0.18,75.12,1.14,12.75
2021-03-20,28.93,35.72,23.51,0.03,68.1,1.71,14.94
2021-03-21,29.83,38.68,23.88,0.0,64.38,1.73,22.44
2021-03-22,27.78,32.51,24.36,0.01,67.35,1.18,16.22
2021-03-23,29.07,36.24,23.38,0.0,63.9,1.82,17.37
2021-03-24,29.93,39.04,23.1,0.02,64.4,1.49,23.04
2021-03-25,30.02,38.41,24.65,0.34,65.02,1.63,21.89
2021-03-26,30.52,38.88,24.65,0.02,63.13,1.56,23.47
2021-03-27,30.38,37.14,24.19,0.01,60.77,1.6,19.45
2021-03-28,30.76,37.67,25.02,0.06,56.33,1.72,22.1
2021-03-29,30.52,37.0,24.89,0.19,61.14,1.42,20.17
2021-03-30,30.58,37.9,24.94,0.56,63.98,1.52,22.48
2021-03-31,31.39,38.64,25.2,0.29,64.18,1.87,21.9
2021-04-01,30.86,37.53,25.92,0.16,63.99,1.72,16.78
2021-04-02,29.99,35.73,25.79,0.07,66.89,1.53,15.37
2021-04-03,29.46,35.09,25.71,0.0,66.74,1.72,15.67
2021-04-04,30.7,39.42,24.99,0.0,62.72,1.85,17.8
2021-04-05,27.98,31.24,25.56,0.0,72.19,1.24,15.08
2021-04-06,28.82,33.97,25.27,0.0,70.22,1.15,11.79
2021-04-07,28.84,33.75,25.26,0.0,70.69,1.8,11.04
2021-04-08,27.4,31.07,24.87,2.18,77.77,1.25,19.47
2021-04-09,27.68,32.73,24.43,3.18,74.87,1.23,8.16
2021-04-10,30.09,37.71,23.43,0.23,65.95,1.46,18.03
2021-04-11,29.45,35.29,24.93,0.0,67.54,1.03,17.66
2021-04-12,30.02,36.44,24.87,0.51,67.45,1.15,17.94
2021-04-13,27.68,30.85,24.94,1.27,78.72,0.83,19.62
2021-04-14,28.43,33.4,24.38,1.01,77.44,0.9,15.23
2021-04-15,29.1,34.75,25.4,1.41,74.66,1.13,14.92
2021-04-16,27.45,32.3,24.63,14.51,82.72,1.37,12.69
2021-04-17,27.65,33.34,24.39,13.12,81.11,1.4,19.81
2021-04-18,26.95,32.19,23.95,13.95,81.63,1.26,8.58
2021-04-19,29.12,36.54,23.68,0.15,71.84,1.23,19.28
2021-04-20,29.59,37.02,24.78,0.12,70.59,1.25,21.87
2021-04-21,30.14,38.05,24.68,0.05,68.39,1.16,19.14
2021-04-22,29.9,38.36,24.92,0.0,69.49,1.45,21.57
2021-04-23,30.86,40.17,24.54,0.0,65.16,1.59,20.21
2021-04-24,30.45,38.61,24.88,0.0,66.14,1.55,18.01
2021-04-25,29.64,36.68,25.24,0.0,71.32,1.75,19.34
2021-04-26,29.04,34.87,25.44,0.03,73.27,1.65,18.05
2021-04-27,27.92,32.68,24.84,0.01,73.8,1.9,14.25
2021-04-28,28.11,35.31,23.62,2.25,70.27,1.99,18.42
2021-04-29,28.76,37.0,22.81,0.28,67.53,2.02,21.02
2021-04-30,29.52,37.87,23.18,0.0,65.71,1.41,19.28
2021-05-01,28.68,34.75,24.73,0.02,70.47,1.63,16.99
2021-05-02,28.22,34.03,24.02,0.05,71.38,1.31,22.19
2021-05-03,27.88,35.3,24.09,0.53,70.53,1.55,18.72
2021-05-04,29.01,36.62,23.25,0.1,66.83,1.38,16.09
2021-05-05,29.26,36.18,23.85,0.01,67.03,1.17,19.5
2021-05-06,26.92,30.66,24.52,1.95,80.78,1.02,20.63
2021-05-07,27.66,33.09,23.84,0.11,78.36,1.28,21.67
2021-05-08,29.34,35.68,23.76,0.0,69.03,1.06,22.0
2021-05-09,29.1,34.47,25.04,0.0,71.77,1.17,18.27
2021-05-10,28.49,33.05,25.36,0.0,77.5,1.11,15.87
2021-05-11,30.69,39.02,25.02,0.0,66.82,1.4,23.64
2021-05-12,29.83,35.91,25.47,0.0,71.13,0.94,21.35
2021-05-13,31.45,40.21,25.7,0.0,64.59,1.35,19.61
2021-05-14,31.83,41.1,24.97,0.0,63.57,1.44,19.97
2021-05-15,31.74,40.71,25.85,0.0,63.3,1.6,20.07
2021-05-16,31.0,37.75,26.29,0.0,65.98,1.43,17.02
2021-05-17,29.49,35.06,26.25,0.0,70.25,1.31,15.9
2021-05-18,28.75,32.91,25.68,0.05,71.68,0.7,11.99
2021-05-19,31.2,39.34,25.37,0.02,63.48,1.26,23.83
2021-05-20,29.73,34.85,26.16,0.0,68.21,1.04,21.47
2021-05-21,30.17,35.42,26.26,0.0,68.31,1.03,11.24
2021-05-22,30.81,37.56,26.05,0.26,67.42,1.26,17.3
2021-05-23,30.63,36.62,26.73,0.78,68.39,1.16,10.23
2021-05-24,31.15,38.65,26.35,1.23,68.9,1.35,19.53
2021-05-25,30.42,36.04,26.79,0.99,70.65,1.04,20.69
2021-05-26,31.31,38.8,25.85,0.2,64.51,1.21,21.98
2021-05-27,30.45,37.7,25.37,3.0,69.36,1.39,20.66
2021-05-28,28.82,34.13,25.78,4.66,75.79,1.29,22.79
2021-05-29,27.79,30.88,24.94,2.3,80.24,1.11,13.24
2021-05-30,27.78,31.98,24.65,0.19,77.96,1.27,19.7
2021-05-31,29.22,35.47,24.87,0.0,71.8,0.84,19.21
2021-06-01,28.19,32.42,25.54,0.0,76.54,1.08,15.23
2021-06-02,29.06,35.96,24.95,1.5,71.63,1.06,11.76
2021-06-03,30.28,37.6,25.11,0.19,67.61,1.32,20.33
2021-06-04,29.47,35.2,25.53,0.07,70.1,0.92,17.94
2021-06-05,29.39,34.59,25.31,1.1,71.3,0.97,12.58
2021-06-06,28.71,34.5,25.38,2.0,73.87,1.17,17.76
2021-06-07,28.82,33.81,25.2,1.38,71.39,0.92,11.66
2021-06-08,28.27,33.54,24.86,1.18,74.5,1.52,16.06
2021-06-09,27.55,31.98,24.47,0.29,75.43,1.06,12.82
2021-06-10,30.22,38.52,24.22,0.01,64.5,1.21,18.97
2021-06-11,29.66,36.14,24.43,0.01,66.69,1.2,19.19
2021-06-12,28.34,32.94,25.29,0.53,75.13,1.03,12.2
2021-06-13,29.07,35.15,24.74,0.51,69.76,1.04,14.61
2021-06-14,27.84,32.17,24.91,0.3,72.73,1.13,18.57
2021-06-15,27.5,31.75,24.55,0.25,76.27,1.31,20.59
2021-06-16,30.28,38.17,24.04,0.12,65.72,1.3,22.17
2021-06-17,30.3,36.6,25.01,0.03,67.82,1.53,20.09
2021-06-18,29.63,34.79,25.6,0.27,67.95,1.38,17.36
2021-06-19,30.79,37.97,25.42,1.49,65.93,1.05,21.28
2021-06-20,30.47,37.63,25.41,0.77,68.36,0.94,19.41
2021-06-21,30.82,38.89,25.1,0.19,62.81,1.26,18.78
2021-06-22,29.23,34.55,25.42,0.0,64.45,1.45,17.01
2021-06-23,26.82,30.99,24.33,0.0,73.54,1.51,21.1
2021-06-24,27.29,31.61,24.33,0.0,77.4,1.45,13.87
2021-06-25,27.23,32.7,23.67,0.0,74.62,1.4,20.69
2021-06-26,27.72,32.77,23.16,0.38,72.68,1.13,18.48
2021-06-27,26.63,30.11,24.0,0.41,81.65,1.67,18.99
2021-06-28,28.46,34.74,24.58,0.02,74.81,1.47,19.32
2021-06-29,29.94,37.18,24.73,0.15,69.26,1.24,19.81
2021-06-30,28.64,34.24,25.7,0.19,73.03,1.42,19.98
2021-07-01,30.29,38.16,23.92,0.12,63.52,1.35,14.98
2021-07-02,28.12,34.22,24.44,6.32,76.89,1.22,20.98
2021-07-03,28.2,33.9,23.99,5.1,76.8,1.19,13.53
2021-07-04,28.24,35.08,24.4,0.46,73.56,1.12,21.38
2021-07-05,29.21,36.66,24.1,0.11,69.07,1.08,23.28
2021-07-06,30.33,38.3,24.48,0.12,67.24,1.26,19.74
2021-07-07,31.32,39.89,24.86,0.0,64.35,1.39,23.16
2021-07-08,31.15,39.99,26.08,1.9,65.75,1.33,22.7
2021-07-09,30.08,36.22,26.05,1.01,69.51,0.83,16.55
2021-07-10,28.26,33.36,25.29,2.75,76.52,0.95,14.19
2021-07-11,29.88,37.35,24.49,0.08,68.68,1.3,16.03
2021-07-12,30.72,38.67,25.16,0.38,67.06,1.4,23.77
2021-07-13,30.05,37.62,24.87,0.28,64.34,1.21,20.71
2021-07-14,29.76,35.89,25.18,0.0,67.76,1.13,20.19
2021-07-15,30.69,37.76,25.31,0.0,65.05,1.23,19.57
2021-07-16,29.3,35.55,25.75,6.38,72.56,1.18,18.62
2021-07-17,30.5,39.01,24.78,6.34,68.71,1.37,20.6
2021-07-18,31.49,41.11,25.52,0.03,65.19,1.55,20.78
2021-07-19,30.98,39.18,25.37,0.01,66.34,1.0,24.52
2021-07-20,31.35,40.05,24.78,0.0,65.82,1.25,24.58
2021-07-21,31.31,38.77,25.41,0.0,65.54,1.22,21.92
2021-07-22,30.25,37.6,25.91,2.61,72.09,1.09,21.88
2021-07-23,30.05,36.39,25.49,1.69,72.28,1.37,23.07
2021-07-24,26.78,29.22,24.45,7.21,85.05,1.16,13.74
2021-07-25,26.72,32.93,23.43,5.41,81.59,1.29,10.71
2021-07-26,28.69,36.25,23.53,1.27,71.79,1.1,20.66
2021-07-27,28.01,34.27,23.71,0.0,74.7,1.24,15.97
2021-07-28,28.95,37.11,23.73,0.0,70.48,1.17,21.07
2021-07-29,29.76,36.93,24.44,0.0,70.32,1.24,20.86
2021-07-30,28.65,35.01,25.26,1.08,73.22,1.46,22.0
2021-07-31,31.18,41.16,24.02,4.69,66.19,1.44,24.47
2021-08-01,29.71,36.27,25.52,2.56,75.33,1.37,21.39
2021-08-02,28.23,33.31,25.06,0.08,76.03,1.14,18.89
2021-08-03,26.72,31.15,24.29,2.4,79.79,1.06,20.99
2021-08-04,28.6,34.99,24.35,0.17,72.03,0.93,22.68
2021-08-05,29.61,37.06,24.28,1.17,71.69,1.11,24.14
2021-08-06,27.82,33.21,24.35,2.08,79.11,1.36,23.44
2021-08-07,28.49,35.98,23.55,0.08,71.51,1.28,17.38
2021-08-08,27.82,33.37,24.63,0.09,76.27,1.67,21.14
2021-08-09,30.23,38.13,24.39,0.03,66.11,1.33,23.27
2021-08-10,28.97,33.53,25.26,0.02,71.51,1.11,16.06
2021-08-11,28.73,33.96,25.15,0.0,72.92,1.0,14.05
2021-08-12,31.01,40.14,24.17,0.39,62.36,1.22,21.02
2021-08-13,29.28,34.92,25.48,0.85,69.86,1.38,18.44
2021-08-14,28.5,34.21,25.3,0.03,70.26,1.45,19.44
2021-08-15,26.34,30.75,23.71,10.9,83.97,1.0,18.1
2021-08-16,28.22,35.32,23.01,1.01,74.33,1.29,16.56
2021-08-17,27.39,33.57,24.09,0.1,75.6,1.2,21.02
2021-08-18,28.18,35.7,23.57,0.0,72.71,1.33,21.32
2021-08-19,26.71,31.55,24.0,9.9,82.46,1.01,11.45
2021-08-20,27.04,33.57,22.96,3.96,76.77,1.21,20.31
2021-08-21,28.48,35.61,23.68,6.46,74.5,0.91,22.9
2021-08-22,27.79,33.58,24.51,12.44,81.44,0.97,18.61
2021-08-23,26.55,30.2,24.45,12.36,88.1,1.3,20.62
2021-08-24,27.81,34.53,23.95,2.8,80.99,1.42,21.21
2021-08-25,27.98,33.97,23.75,0.95,75.62,1.31,12.79
2021-08-26,27.23,32.08,23.96,0.53,77.65,1.2,15.16
2021-08-27,27.77,33.23,23.99,2.53,77.85,1.16,19.83
2021-08-28,27.8,33.54,24.23,0.03,77.01,1.22,17.98
2021-08-29,29.72,38.42,23.84,1.76,72.14,1.14,21.91
2021-08-30,26.99,32.05,24.05,2.56,79.92,1.89,18.58
2021-08-31,26.91,34.7,22.1,0.0,68.68,1.27,13.03
2021-09-01,28.76,37.67,22.64,0.0,69.81,0.95,21.47
2021-09-02,30.37,39.49,24.31,0.0,68.05,1.14,23.73
2021-09-03,29.21,35.52,25.39,2.42,76.24,1.19,21.1
2021-09-04,29.36,35.89,25.75,1.4,76.18,1.49,15.56
2021-09-05,26.98,31.33,23.95,1.23,82.08,1.46,15.27
2021-09-06,26.91,32.18,23.52,1.65,76.83,1.05,19.0
2021-09-07,28.67,35.92,23.75,0.14,72.11,1.29,18.57
2021-09-08,28.4,35.0,24.6,0.18,71.54,1.22,17.32
2021-09-09,28.33,34.71,23.68,0.3,72.09,1.15,17.58
2021-09-10,29.38,37.59,24.55,0.28,73.51,1.28,21.15
2021-09-11,28.05,34.94,24.67,11.0,74.83,1.07,15.17
2021-09-12,28.03,34.75,24.44,7.9,75.68,1.04,17.38
2021-09-13,28.2,35.51,23.51,3.69,76.21,1.25,19.2
2021-09-14,27.88,33.58,24.72,5.16,78.93,1.15,16.83
2021-09-15,27.22,32.85,23.9,0.04,79.88,1.19,20.58
2021-09-16,28.05,34.73,24.15,0.02,76.59,1.07,21.01
2021-09-17,29.7,38.37,23.66,8.01,72.58,1.16,22.34
2021-09-18,28.42,34.25,24.87,5.55,79.62,1.5,18.02
2021-09-19,28.37,34.57,24.38,0.11,76.13,1.42,18.1
2021-09-20,27.1,31.58,24.3,0.0,83.83,1.06,18.26
2021-09-21,28.33,35.51,24.22,0.0,77.07,1.13,14.28
2021-09-22,26.67,30.1,24.93,8.72,90.57,1.57,16.2
2021-09-23,25.79,29.8,24.07,8.74,88.89,2.02,19.13
2021-09-24,26.59,32.06,23.64,2.2,83.63,1.11,16.76
2021-09-25,28.51,35.37,23.83,0.01,76.03,1.01,20.54
2021-09-26,27.8,32.86,25.19,0.05,81.23,1.26,23.41
2021-09-27,28.71,36.28,24.51,0.01,76.23,1.21,21.65
2021-09-28,27.87,32.76,25.22,0.27,81.41,0.92,11.21
2021-09-29,27.25,32.92,23.36,0.6,78.67,1.58,19.03
2021-09-30,28.02,34.4,23.18,0.23,75.58,1.15,20.92
2021-10-01,26.48,30.29,24.21,0.81,84.1,1.07,16.13
2021-10-02,28.5,36.54,23.71,0.73,74.7,1.27,20.31
2021-10-03,27.37,33.44,23.62,11.89,80.79,1.16,18.63
2021-10-04,28.18,34.79,24.36,11.23,80.25,1.41,20.51
2021-10-05,27.08,30.15,25.28,0.02,84.59,0.98,18.31
2021-10-06,28.79,36.9,23.92,11.14,77.88,0.96,9.76
2021-10-07,29.12,35.5,24.71,4.26,77.22,1.03,20.02
2021-10-08,27.39,32.5,25.03,2.44,83.16,1.07,10.58
2021-10-09,28.56,34.21,24.77,24.15,78.8,0.77,17.99
2021-10-10,27.68,33.79,24.2,19.29,83.58,1.01,21.59
2021-10-11,27.95,32.86,24.11,2.24,81.31,0.88,14.08
2021-10-12,26.83,30.72,24.46,1.55,88.13,1.24,20.88
2021-10-13,27.11,32.33,23.99,0.67,82.28,1.23,15.17
2021-10-14,28.34,33.98,23.68,0.35,77.81,0.75,20.34
2021-10-15,28.74,35.07,24.53,5.61,77.66,1.08,16.15
2021-10-16,27.87,34.23,24.86,9.39,83.29,1.16,11.41
2021-10-17,27.51,33.25,23.96,6.95,81.65,1.24,19.21
2021-10-18,28.08,34.45,24.04,4.85,79.71,0.81,16.64
2021-10-19,26.48,30.19,23.82,4.33,85.52,0.95,19.52
2021-10-20,27.59,33.42,23.83,6.47,82.15,1.19,20.0
2021-10-21,27.33,31.75,24.27,0.1,83.89,1.44,17.43
2021-10-22,27.09,34.11,23.81,0.04,81.17,1.27,20.92
2021-10-23,26.17,28.97,23.7,0.31,86.28,1.1,12.72
2021-10-24,27.04,32.99,23.85,6.61,83.15,0.94,14.32
2021-10-25,26.86,31.62,23.31,6.83,87.95,1.01,18.48
2021-10-26,28.32,33.54,24.75,4.86,82.5,1.04,18.8
2021-10-27,26.79,30.06,24.65,0.02,89.15,1.02,12.73
2021-10-28,27.72,34.68,24.17,5.42,81.27,0.99,18.46
2021-10-29,27.17,32.8,23.46,32.26,83.99,0.97,5.59
2021-10-30,26.84,33.33,22.44,3.09,82.46,1.02,18.47
2021-10-31,26.09,30.59,23.53,0.17,85.12,1.27,19.46
2021-11-01,25.9,29.91,23.18,5.9,85.85,0.85,18.5
2021-11-02,27.02,33.41,22.95,1.64,78.58,0.84,19.73
2021-11-03,25.88,30.28,23.37,0.1,85.07,0.8,15.45
2021-11-04,27.19,34.11,22.68,0.01,80.84,1.15,19.43
2021-11-05,26.67,30.99,23.39,5.14,85.79,0.92,19.32
2021-11-06,28.78,36.16,23.47,2.73,77.85,1.0,16.68
2021-11-07,27.09,31.39,24.88,0.4,86.24,0.93,18.09
2021-11-08,26.78,31.03,24.7,0.0,88.07,1.09,13.16
2021-11-09,26.73,30.99,24.41,0.01,87.03,1.08,17.15
2021-11-10,27.55,34.01,23.71,0.0,80.98,1.24,18.24
2021-11-11,28.86,36.82,23.81,0.0,75.56,1.06,19.67
2021-11-12,29.3,37.64,23.85,0.04,73.52,1.14,20.14
2021-11-13,29.2,37.28,24.33,2.2,75.17,1.05,19.69
2021-11-14,27.05,31.93,24.71,1.79,84.81,1.14,17.81
2021-11-15,28.23,34.62,24.22,1.76,79.95,0.97,11.27
2021-11-16,28.77,35.53,24.17,0.04,76.81,1.04,18.13
2021-11-17,29.43,37.25,24.76,0.0,72.45,1.11,19.48
2021-11-18,29.07,37.15,23.72,0.43,73.92,1.09,19.47
2021-11-19,29.06,37.11,24.03,0.32,75.06,1.15,16.13
2021-11-20,28.93,36.69,23.77,0.0,75.38,1.21,20.33
2021-11-21,26.56,29.83,24.36,3.75,87.64,0.91,17.86
2021-11-22,26.83,31.14,24.36,10.52,88.86,1.15,15.21
2021-11-23,25.97,30.01,23.66,11.98,90.8,0.99,16.65
2021-11-24,26.85,32.12,23.15,4.27,84.21,0.72,15.02
2021-11-25,27.31,33.71,23.33,0.1,81.55,1.06,16.93
2021-11-26,25.79,28.23,23.94,0.64,90.48,0.96,10.73
2021-11-27,27.53,34.04,23.28,0.43,80.78,0.99,17.49
2021-11-28,28.31,35.23,23.93,0.15,78.51,0.94,18.83
2021-11-29,28.1,34.01,24.25,8.78,82.0,0.96,14.08
2021-11-30,27.15,31.53,24.31,7.75,84.93,0.94,10.67
2021-12-01,26.86,32.99,23.71,10.41,85.96,0.94,17.27
2021-12-02,28.22,35.3,22.79,1.57,76.01,1.07,17.99
2021-12-03,28.76,35.37,24.52,1.12,76.64,1.37,20.05
2021-12-04,28.55,35.09,23.97,0.15,77.65,1.29,15.48
2021-12-05,27.87,32.37,24.79,0.01,80.68,1.0,13.1
2021-12-06,29.07,36.42,23.72,0.0,73.59,1.17,18.24
2021-12-07,29.43,37.11,24.37,0.0,72.98,1.23,19.2
2021-12-08,29.12,36.78,24.47,0.78,75.52,1.21,18.76
2021-12-09,29.28,37.12,23.56,0.3,73.69,1.2,18.29
2021-12-10,28.61,35.45,23.82,0.48,74.92,1.25,20.01
2021-12-11,27.91,34.82,23.52,0.45,76.29,1.33,18.55
2021-12-12,27.12,32.12,23.66,1.13,79.1,0.93,15.12
2021-12-13,28.32,35.98,23.45,0.08,74.21,0.98,19.96
2021-12-14,28.11,35.73,23.51,3.6,76.44,1.01,19.93
2021-12-15,27.6,32.73,24.04,5.87,82.42,0.82,18.19
2021-12-16,26.9,31.01,23.76,0.39,83.27,0.93,17.95
2021-12-17,28.01,33.45,24.59,0.48,77.42,1.19,16.07
2021-12-18,28.15,34.26,23.94,0.1,76.43,0.72,13.31
2021-12-19,27.38,33.37,23.12,0.07,79.7,0.93,16.57
2021-12-20,26.02,29.4,23.61,0.06,85.73,0.95,16.9
2021-12-21,26.81,32.27,23.62,0.32,82.36,0.74,15.17
2021-12-22,26.14,30.96,23.38,1.42,86.03,1.42,18.21
2021-12-23,27.79,35.09,22.82,0.13,77.88,1.54,13.5
2021-12-24,28.0,34.55,24.29,0.07,78.47,1.58,15.62
2021-12-25,28.21,34.76,23.83,2.12,78.21,1.18,18.22
2021-12-26,28.71,35.95,24.15,8.51,77.44,1.12,17.76
2021-12-27,29.31,36.59,24.5,7.18,74.34,1.16,15.55
2021-12-28,28.19,34.22,24.56,0.53,77.94,0.8,15.3
2021-12-29,28.18,34.22,24.39,1.29,75.59,0.91,16.97
2021-12-30,28.97,36.8,23.3,0.56,73.62,1.18,15.93
2021-12-31,28.94,37.4,24.19,0.16,71.45,1.23,18.57
2022-01-01,28.95,36.87,23.24,0.24,72.29,1.2,18.0
2022-01-02,29.46,37.36,23.56,0.49,71.05,1.21,17.83
2022-01-03,29.25,36.97,23.61,0.05,72.39,1.26,18.87
2022-01-04,29.11,37.04,23.67,0.0,69.76,1.52,19.91
2022-01-05,28.47,36.82,23.07,0.0,70.11,1.39,20.23
2022-01-06,28.09,36.57,22.59,1.41,70.53,1.21,19.25
2022-01-07,27.09,34.14,22.94,2.66,76.33,1.06,16.12
2022-01-08,27.79,34.59,22.88,2.93,75.05,1.06,15.91
2022-01-09,28.19,35.82,23.42,0.36,71.67,1.23,19.41
2022-01-10,26.84,32.55,22.62,0.0,74.56,1.06,15.17
2022-01-11,27.24,34.86,22.98,0.12,74.95,1.07,11.71
2022-01-12,27.49,34.48,22.72,0.17,74.42,1.35,18.09
2022-01-13,25.86,31.11,22.87,3.4,81.01,1.34,14.99
2022-01-14,26.84,34.68,21.56,2.92,73.91,1.4,18.7
2022-01-15,27.61,36.34,21.74,0.02,71.38,1.3,17.82
2022-01-16,28.23,36.4,22.48,0.02,73.39,1.17,14.34
2022-01-17,28.25,35.93,23.21,0.11,74.85,1.37,15.31
2022-01-18,28.59,35.9,24.44,0.81,73.69,1.36,16.65
2022-01-19,28.83,37.78,22.84,0.08,70.0,1.44,18.25
2022-01-20,29.71,38.31,23.62,0.01,71.05,1.37,21.42
2022-01-21,28.48,34.08,24.73,0.04,75.94,1.19,16.62
2022-01-22,29.19,37.19,24.13,0.03,70.8,1.18,18.49
2022-01-23,28.87,37.46,23.32,0.0,71.19,1.56,17.57
2022-01-24,28.62,36.97,23.14,0.0,70.3,1.52,18.68
2022-01-25,28.38,36.43,23.01,0.2,71.2,1.48,19.15
2022-01-26,28.59,36.58,23.65,0.18,72.57,1.64,17.84
2022-01-27,28.9,37.05,23.83,0.03,71.0,1.62,17.82
2022-01-28,28.8,37.83,22.81,0.03,70.1,1.53,19.02
2022-01-29,27.78,35.65,23.07,0.08,71.52,1.98,17.65
2022-01-30,26.8,34.24,21.66,0.01,71.23,1.84,17.17
2022-01-31,27.72,37.12,21.32,0.0,69.77,1.43,20.22
2022-02-01,28.23,37.61,21.79,0.01,67.94,1.37,21.38
2022-02-02,28.91,37.82,22.57,0.01,68.28,1.24,20.85
2022-02-03,29.56,38.72,23.28,0.07,68.19,1.44,19.71
2022-02-04,29.37,38.02,23.77,0.33,69.85,1.55,19.18
2022-02-05,28.53,36.58,23.71,0.52,70.76,1.85,18.42
2022-02-06,28.56,37.69,22.53,0.09,67.2,1.6,20.37
2022-02-07,28.0,35.18,23.45,0.54,71.82,1.34,10.91
2022-02-08,27.54,33.57,23.76,1.55,76.59,1.43,15.44
2022-02-09,28.34,35.6,23.97,3.93,74.99,1.22,11.06
2022-02-10,27.88,34.74,23.52,3.06,77.47,1.36,18.47
2022-02-11,29.08,37.55,23.78,1.05,70.3,1.63,20.59
2022-02-12,29.36,38.52,22.68,0.45,68.96,1.53,21.45
2022-02-13,29.21,36.83,23.52,1.05,70.61,1.56,19.43
2022-02-14,28.57,35.83,23.99,1.16,74.68,1.64,17.47
2022-02-15,29.33,36.96,24.27,1.5,68.99,1.59,20.54
2022-02-16,29.85,38.77,24.04,0.02,64.08,1.74,22.38
2022-02-17,29.85,39.06,23.14,0.02,66.25,1.63,20.39
2022-02-18,30.25,39.67,24.16,0.51,66.9,1.87,20.23
2022-02-19,28.18,34.81,23.77,0.83,71.11,1.58,18.42
2022-02-20,29.18,37.97,23.19,0.31,65.86,1.55,22.27
2022-02-21,29.0,38.4,22.26,0.04,61.24,1.64,23.4
2022-02-22,29.24,38.9,22.42,0.26,65.29,1.78,23.09
2022-02-23,29.48,38.51,23.13,0.0,66.31,1.55,20.45
2022-02-24,29.54,38.32,23.46,0.04,65.41,1.55,20.49
2022-02-25,29.74,38.91,23.16,0.06,62.98,1.8,22.08
2022-02-26,29.11,38.11,22.69,0.14,65.94,1.77,20.69
2022-02-27,28.61,36.34,23.74,2.05,69.87,1.39,14.6
2022-02-28,26.82,31.63,24.14,5.53,79.73,1.18,10.61
2022-03-01,28.31,35.28,23.72,4.56,75.53,1.35,13.13
2022-03-02,29.08,36.62,24.31,1.74,73.16,1.39,10.23
2022-03-03,28.87,35.5,23.98,1.77,72.89,1.46,20.38
2022-03-04,28.81,35.96,24.47,8.37,72.35,1.62,18.6
2022-03-05,28.7,36.4,23.95,1.68,72.3,1.49,17.53
2022-03-06,27.72,33.82,23.81,50.96,78.21,1.16,15.19
2022-03-07,28.0,35.08,23.4,20.61,77.39,1.33,21.84
2022-03-08,28.51,36.73,22.78,0.58,72.59,1.6,21.78
2022-03-09,28.71,36.82,22.73,0.13,70.76,1.37,23.3
2022-03-10,27.73,34.77,23.57,0.1,75.01,1.48,20.99
2022-03-11,28.33,35.94,23.41,0.55,73.77,0.99,22.32
2022-03-12,28.6,34.37,23.55,0.84,75.39,0.95,20.33
2022-03-13,29.41,36.88,24.36,1.11,72.41,1.21,15.53
2022-03-14,29.69,38.89,24.14,3.48,69.24,1.58,20.92
2022-03-15,29.62,37.82,24.17,2.55,68.95,1.51,19.73
2022-03-16,29.61,38.33,23.96,0.48,69.71,1.61,21.95
2022-03-17,28.83,35.77,24.65,0.35,73.78,1.69,18.16
2022-03-18,28.99,35.79,24.99,0.23,73.67,1.44,20.63
2022-03-19,29.65,37.83,24.12,0.24,70.14,1.46,18.77
2022-03-20,29.07,35.57,24.4,1.14,73.53,1.51,17.99
2022-03-21,29.43,36.79,24.61,0.64,72.1,1.48,18.83
2022-03-22,29.84,37.51,24.71,0.52,69.19,1.68,21.91
2022-03-23,30.47,39.21,24.45,0.25,68.43,1.56,23.73
2022-03-24,30.38,39.11,24.0,0.3,68.3,1.49,20.82
2022-03-25,29.74,38.01,24.36,0.79,69.3,1.68,18.5
2022-03-26,28.63,35.73,24.31,3.12,74.28,2.15,14.59
2022-03-27,28.06,34.59,24.06,3.61,76.96,1.58,13.0
2022-03-28,27.12,31.72,24.47,2.06,81.9,1.52,15.72
2022-03-29,29.06,36.21,23.92,9.24,74.73,1.53,15.69
2022-03-30,27.05,31.0,24.58,15.0,85.29,1.1,19.81
2022-03-31,27.56,32.72,24.2,5.66,78.56,1.13,16.84
2022-04-01,28.86,35.59,23.7,9.36,73.67,1.17,13.93
2022-04-02,29.01,36.56,24.47,8.9,75.31,1.4,17.79
2022-04-03,26.8,30.31,24.87,13.38,87.86,1.3,11.58
2022-04-04,27.86,34.97,23.87,16.01,81.94,1.34,15.64
2022-04-05,28.57,34.32,24.83,22.07,79.56,0.72,19.61
2022-04-06,27.91,32.84,24.73,1.92,83.06,0.83,17.84
2022-04-07,27.79,32.03,24.75,11.6,84.61,0.84,14.1
2022-04-08,26.75,29.26,24.88,8.65,90.28,1.25,10.3
2022-04-09,27.59,32.45,24.77,8.07,85.08,1.35,18.44
2022-04-10,28.7,36.42,23.93,0.25,75.81,1.53,17.97
2022-04-11,29.39,37.49,24.52,1.58,74.38,1.37,18.7
2022-04-12,28.97,36.45,24.91,6.59,78.48,1.41,19.24
2022-04-13,30.29,38.38,25.14,2.79,73.48,1.41,18.47
2022-04-14,28.64,34.61,25.19,9.41,79.78,0.99,18.67
2022-04-15,29.86,37.38,25.0,4.24,74.92,1.44,18.87
2022-04-16,29.17,35.84,24.75,1.66,77.24,0.97,13.96
2022-04-17,28.39,33.65,24.66,2.74,81.45,0.94,18.65
2022-04-18,25.72,27.64,23.77,10.11,89.87,1.68,15.7
2022-04-19,26.55,31.64,23.42,12.41,85.08,1.54,14.87
2022-04-20,26.78,32.16,23.3,8.4,82.49,1.83,18.19
2022-04-21,27.05,31.22,23.72,12.05,83.32,0.65,17.86
2022-04-22,26.66,31.67,23.5,31.91,82.47,1.3,18.79
2022-04-23,27.57,34.03,23.05,0.35,77.42,0.91,21.85
2022-04-24,28.15,35.51,23.21,1.08,77.01,1.17,21.79
2022-04-25,26.79,30.07,24.25,16.84,87.95,1.0,17.86
2022-04-26,28.04,33.85,23.87,5.52,81.54,1.04,16.92
2022-04-27,27.63,32.48,24.44,5.4,83.76,1.1,20.15
2022-04-28,26.53,29.89,24.15,17.9,88.95,0.93,15.65
2022-04-29,27.71,32.99,23.92,4.7,83.22,0.93,18.59
2022-04-30,27.17,31.21,24.35,2.31,87.19,1.04,16.13
2022-05-01,27.84,32.89,24.35,9.97,84.0,0.98,19.1
2022-05-02,27.3,31.08,24.65,11.5,86.76,0.93,11.31
2022-05-03,29.09,34.63,24.64,0.25,79.14,1.14,22.22
2022-05-04,28.32,33.26,25.48,0.11,84.11,1.08,17.39
2022-05-05,27.26,31.16,24.92,4.66,86.74,1.02,6.4
2022-05-06,26.17,28.82,24.5,6.02,89.94,1.09,17.64
2022-05-07,28.17,34.04,23.46,0.89,79.42,1.04,18.31
2022-05-08,28.16,32.59,24.6,0.09,82.72,0.93,20.02
2022-05-09,27.81,31.59,24.7,14.6,86.26,1.04,17.46
2022-05-10,28.19,32.96,24.92,28.44,86.64,0.85,19.24
2022-05-11,27.24,30.82,25.24,7.02,91.11,0.75,18.09
2022-05-12,28.31,34.16,23.9,4.37,81.21,0.93,22.38
2022-05-13,27.08,30.04,25.03,14.01,90.55,1.18,15.8
2022-05-14,27.73,32.11,24.95,2.02,84.57,1.07,13.37
2022-05-15,27.95,33.28,24.44,2.32,83.41,0.77,14.5
2022-05-16,27.91,33.07,24.9,7.0,86.12,0.97,15.58
2022-05-17,27.54,31.8,24.69,5.96,85.37,0.84,17.51
2022-05-18,27.66,33.72,23.96,1.71,83.18,0.93,14.97
2022-05-19,27.72,33.09,24.09,0.92,83.27,0.9,16.9
2022-05-20,27.42,31.84,23.9,0.6,81.97,0.88,17.8
2022-05-21,26.95,32.88,23.99,0.21,84.97,0.9,20.77
2022-05-22,28.76,35.28,23.84,1.89,77.6,1.19,21.32
2022-05-23,27.45,31.55,24.57,5.22,89.87,1.12,14.23
2022-05-24,27.23,31.12,24.27,4.44,84.19,0.9,19.77
2022-05-25,27.05,31.14,23.62,5.38,86.47,0.78,12.44
2022-05-26,25.79,28.09,23.83,13.78,92.57,0.92,17.23
2022-05-27,27.76,32.29,23.61,29.65,82.08,0.83,18.08
2022-05-28,28.26,33.28,24.23,22.1,80.79,0.85,11.76
2022-05-29,27.8,33.24,23.6,14.2,79.63,0.97,19.37
2022-05-30,27.81,32.97,24.38,13.89,83.71,0.83,15.63
2022-05-31,27.88,33.49,24.31,15.22,83.34,0.8,17.59
2022-06-01,27.2,32.53,24.29,6.06,85.93,0.97,20.6
2022-06-02,25.79,29.75,23.4,2.45,90.45,1.2,19.1
2022-06-03,27.6,33.37,22.43,0.84,78.35,0.91,11.26
2022-06-04,26.98,31.51,23.99,4.08,83.28,0.91,15.6
2022-06-05,27.77,32.77,23.68,8.37,82.28,1.03,18.1
2022-06-06,26.79,31.39,23.93,2.77,87.24,0.92,19.19
2022-06-07,26.94,30.6,23.86,1.12,84.91,0.76,10.79
2022-06-08,25.95,29.11,23.46,1.01,86.83,0.68,19.91
2022-06-09,27.13,33.24,23.12,1.07,81.29,0.64,15.0
2022-06-10,25.97,29.9,23.66,3.38,90.11,1.03,18.94
2022-06-11,26.21,29.71,23.79,1.42,88.99,0.72,8.7
2022-06-12,25.79,30.79,23.03,58.86,90.98,0.93,18.7
2022-06-13,26.87,31.53,23.08,33.11,84.83,0.8,18.05
2022-06-14,27.21,31.11,23.63,5.19,83.08,0.88,12.55
2022-06-15,27.09,32.67,22.62,1.96,82.17,0.92,18.8
2022-06-16,26.78,31.22,24.14,1.01,87.28,1.19,18.54
2022-06-17,25.68,28.27,24.06,5.49,92.55,1.19,6.12
2022-06-18,25.76,29.37,23.56,7.27,90.2,0.89,19.57
2022-06-19,26.48,30.88,22.96,0.97,84.38,0.98,11.12
2022-06-20,27.33,31.92,23.33,1.38,83.14,1.01,18.42
2022-06-21,28.12,33.72,23.93,1.43,80.12,0.85,15.52
2022-06-22,27.44,33.35,22.86,0.51,81.95,0.88,16.49
2022-06-23,27.33,32.03,24.12,3.3,86.25,0.83,19.47
2022-06-24,27.65,32.42,24.68,4.97,84.33,0.98,17.96
2022-06-25,27.71,32.13,24.16,3.07,81.98,0.6,11.68
2022-06-26,27.49,32.45,23.83,5.87,83.95,0.78,12.01
2022-06-27,25.65,29.92,23.32,11.15,90.44,0.93,17.5
2022-06-28,25.55,28.16,22.75,13.84,87.04,0.91,17.82
2022-06-29,27.36,32.15,23.37,5.0,84.29,1.01,18.36
2022-06-30,27.6,32.88,23.93,1.3,84.68,0.89,15.76
2022-07-01,26.87,30.99,24.42,1.2,88.25,0.79,21.54
2022-07-02,27.45,31.76,23.89,2.14,86.89,0.78,16.98
2022-07-03,28.13,33.18,24.55,7.24,83.38,0.76,20.4
2022-07-04,27.87,31.28,24.83,24.7,85.74,0.86,18.32
2022-07-05,28.02,31.91,24.32,8.72,82.39,0.88,18.76
2022-07-06,26.4,29.27,24.28,0.11,87.07,0.84,15.69
2022-07-07,27.01,31.31,24.13,1.39,86.64,0.93,19.76
2022-07-08,26.88,30.03,24.27,2.35,88.07,0.99,19.17
2022-07-09,28.57,34.12,24.17,1.55,78.54,0.96,21.36
2022-07-10,28.86,33.58,24.55,22.0,79.92,1.04,19.0
2022-07-11,27.59,32.38,24.97,5.43,85.38,0.73,13.26
2022-07-12,26.9,30.72,24.24,13.24,83.12,1.0,13.91
2022-07-13,27.04,30.71,23.45,0.61,81.99,1.01,20.36
2022-07-14,28.07,34.25,23.84,0.21,81.11,0.91,18.7
2022-07-15,28.88,35.34,24.23,0.08,79.92,0.92,21.06
2022-07-16,28.2,34.0,24.53,0.37,81.49,0.86,19.07
2022-07-17,27.15,30.66,24.77,5.06,83.4,0.83,17.22
2022-07-18,28.77,34.38,24.41,2.22,79.69,0.89,20.91
2022-07-19,28.49,34.06,24.55,0.18,82.21,0.96,20.33
2022-07-20,28.19,32.5,25.32,3.34,83.16,0.78,17.92
2022-07-21,27.38,33.69,24.11,3.22,83.41,1.11,18.14
2022-07-22,27.54,33.47,23.96,2.08,83.4,0.96,16.61
2022-07-23,28.42,33.63,24.48,8.92,80.45,0.95,18.71
2022-07-24,26.77,30.93,24.02,9.02,86.61,0.83,16.41
2022-07-25,27.72,33.61,23.32,7.8,82.65,0.77,18.0
2022-07-26,26.38,29.49,23.8,1.5,86.97,0.66,16.29
2022-07-27,27.28,31.95,23.39,1.25,83.11,0.78,13.2
2022-07-28,26.35,31.0,23.73,56.31,90.57,0.91,16.2
2022-07-29,27.07,32.35,23.72,1.68,83.12,1.16,19.88
2022-07-30,28.06,33.32,23.62,1.79,81.07,1.19,21.07
2022-07-31,28.03,32.31,24.92,4.05,82.52,1.09,15.33
2022-08-01,28.1,32.91,24.55,2.48,81.32,0.91,16.57
2022-08-02,27.14,31.35,23.62,7.02,81.49,0.9,19.22
2022-08-03,27.06,30.96,23.97,2.76,85.04,0.96,16.87
2022-08-04,27.01,31.09,23.54,6.9,86.07,0.88,16.83
2022-08-05,27.46,32.74,23.65,24.32,83.07,1.01,17.52
2022-08-06,26.36,30.23,23.52,3.28,85.24,0.77,12.74
2022-08-07,27.39,32.83,23.26,0.75,82.38,0.99,18.95
2022-08-08,27.77,33.27,23.9,0.43,83.39,0.83,23.43
2022-08-09,28.28,33.15,24.79,5.02,82.72,1.04,21.1
2022-08-10,28.46,33.18,24.59,9.34,81.89,0.71,19.61
2022-08-11,25.73,28.44,24.03,5.76,90.83,1.32,20.34
2022-08-12,27.45,33.17,23.46,6.0,82.41,0.8,19.13
2022-08-13,25.67,29.7,23.09,10.16,88.76,1.05,18.35
2022-08-14,27.36,32.24,23.22,8.44,82.56,0.94,14.11
2022-08-15,26.16,29.78,23.22,7.93,87.76,1.04,21.07
2022-08-16,26.96,32.94,22.51,0.5,80.7,1.05,17.72
2022-08-17,27.92,34.32,23.39,0.38,79.53,1.03,24.41
2022-08-18,28.31,34.07,24.34,0.44,80.94,1.1,23.13
2022-08-19,29.06,35.38,24.38,1.8,77.28,1.05,23.28
2022-08-20,29.28,34.84,24.78,7.73,79.31,0.77,11.36
2022-08-21,27.44,31.23,24.48,4.69,83.27,1.02,16.46
2022-08-22,26.96,31.15,23.69,1.65,84.94,0.81,15.58
2022-08-23,26.4,29.09,24.38,1.06,87.44,0.71,12.19
2022-08-24,27.47,32.94,23.56,6.6,80.02,0.79,21.35
2022-08-25,27.82,33.01,23.99,8.94,82.51,1.04,15.02
2022-08-26,26.83,30.89,23.88,1.53,86.32,0.74,11.72
2022-08-27,26.94,32.48,22.84,2.4,83.86,0.78,22.93
2022-08-28,26.98,32.46,23.71,3.64,84.99,1.0,19.56
2022-08-29,26.19,30.53,23.52,2.74,87.98,0.85,16.33
2022-08-30,28.16,35.15,23.11,1.46,77.54,1.15,20.95
2022-08-31,28.16,34.01,23.83,6.75,79.78,1.09,17.38
2022-09-01,25.61,28.34,23.83,9.04,92.11,1.11,19.07
2022-09-02,26.95,32.18,22.8,1.16,84.61,0.81,19.32
2022-09-03,26.29,29.24,23.91,12.22,90.43,0.93,18.71
2022-09-04,27.57,32.33,24.72,3.89,84.37,0.99,18.94
2022-09-05,27.13,30.38,24.39,9.79,85.76,0.95,16.82
2022-09-06,27.67,34.1,24.04,5.06,81.08,1.11,21.23
2022-09-07,28.0,34.22,24.14,2.81,82.14,0.99,14.22
2022-09-08,27.56,32.34,23.87,4.85,88.02,0.82,17.64
2022-09-09,27.36,31.7,24.4,0.57,83.09,0.71,20.7
2022-09-10,28.15,34.3,24.16,5.38,80.88,1.07,19.8
2022-09-11,27.68,32.75,24.36,5.38,86.44,0.8,17.19
2022-09-12,26.66,30.49,23.36,7.93,84.93,0.8,19.69
2022-09-13,26.88,31.32,23.78,5.69,83.41,0.67,21.18
2022-09-14,27.28,32.84,23.24,1.7,81.84,0.79,15.68
2022-09-15,26.96,33.08,23.8,11.5,85.95,0.87,17.97
2022-09-16,25.7,29.19,23.91,13.51,92.41,1.15,16.4
2022-09-17,25.99,30.58,23.02,8.86,89.46,0.93,20.26
2022-09-18,26.49,32.72,23.21,10.75,85.85,0.94,17.14
2022-09-19,27.35,32.32,23.49,1.41,79.19,0.63,13.7
2022-09-20,27.02,33.76,21.89,18.01,81.58,0.7,19.73
2022-09-21,25.9,30.47,23.33,13.94,87.44,0.79,20.27
2022-09-22,27.19,32.72,22.48,2.35,80.66,0.72,16.69
2022-09-23,26.72,31.88,22.83,1.23,83.49,1.09,17.92
2022-09-24,27.53,34.34,22.59,0.83,80.47,0.89,20.6
2022-09-25,27.14,31.91,23.68,4.03,83.66,0.78,17.81
2022-09-26,27.52,32.42,23.92,1.84,83.17,0.82,19.63
2022-09-27,26.91,31.12,24.13,2.17,87.14,0.98,11.31
2022-09-28,27.54,31.98,23.71,11.86,83.78,0.94,19.21
2022-09-29,26.9,31.08,23.94,8.27,85.82,0.84,15.9
2022-09-30,26.33,30.6,23.87,0.63,87.22,0.7,15.61
2022-10-01,25.94,31.37,23.11,4.92,87.01,0.75,14.03
2022-10-02,26.97,32.75,22.31,0.96,81.69,1.27,19.74
2022-10-03,28.0,34.32,24.09,0.24,80.16,0.89,20.96
2022-10-04,28.21,33.04,24.34,2.25,83.02,0.86,15.76
2022-10-05,27.79,32.89,24.41,3.71,84.12,0.75,9.75
2022-10-06,27.4,33.28,24.26,6.14,86.23,0.76,14.3
2022-10-07,27.2,32.8,24.27,1.37,83.69,0.68,16.75
2022-10-08,26.29,29.43,23.89,1.84,83.96,0.59,13.61
2022-10-09,26.48,31.08,22.83,5.3,85.12,1.04,16.23
2022-10-10,26.53,31.49,23.03,2.3,82.39,1.05,14.55
2022-10-11,27.62,33.47,23.59,3.64,79.71,0.74,18.99
2022-10-12,28.02,33.78,23.97,6.77,82.51,0.91,15.99
2022-10-13,26.84,31.6,24.17,2.84,88.06,0.85,16.04
2022-10-14,27.4,32.74,23.21,0.52,81.22,0.99,15.83
2022-10-15,26.34,30.82,23.79,8.81,86.29,1.04,17.66
2022-10-16,26.79,31.34,23.03,2.79,85.43,0.8,14.17
2022-10-17,27.12,32.33,23.48,2.75,85.93,1.11,17.84
2022-10-18,27.35,31.95,24.17,2.54,85.35,0.9,16.97
2022-10-19,27.42,32.99,23.3,5.43,84.33,0.75,16.63
2022-10-20,26.22,29.63,24.01,3.84,88.63,1.26,14.68
2022-10-21,26.46,30.85,23.18,1.65,87.95,1.07,18.26
2022-10-22,26.03,29.68,23.74,2.24,91.42,1.28,17.81
2022-10-23,26.98,32.58,22.97,7.7,85.63,1.07,17.62
2022-10-24,26.31,29.19,23.99,17.91,89.27,0.81,13.27
2022-10-25,27.06,32.7,23.1,51.18,86.43,1.02,18.65
2022-10-26,27.18,31.21,24.86,6.23,90.1,1.07,16.49
2022-10-27,26.84,31.77,23.77,55.4,86.87,1.32,18.51
2022-10-28,27.14,34.17,22.36,4.58,80.43,1.18,21.56
2022-10-29,26.77,33.78,22.49,0.57,81.73,1.28,19.2
2022-10-30,26.09,33.91,21.62,0.01,79.21,1.16,19.71
2022-10-31,26.3,33.97,20.86,0.11,76.9,0.92,19.8
2022-11-01,27.17,33.96,22.01,0.07,79.78,0.9,20.18
2022-11-02,26.98,31.44,23.57,2.22,87.14,1.02,16.8
2022-11-03,27.64,32.99,24.52,5.13,86.14,1.13,14.63
2022-11-04,25.4,26.94,23.94,4.62,94.96,1.09,14.12
2022-11-05,25.52,28.93,23.15,1.58,87.13,0.94,12.61
2022-11-06,26.11,30.38,22.54,0.59,84.24,0.75,13.98
2022-11-07,26.89,32.91,23.32,1.86,84.29,0.73,14.46
2022-11-08,27.1,32.23,23.9,5.54,85.53,0.72,15.92
2022-11-09,25.88,30.52,23.21,6.19,88.66,0.9,16.04
2022-11-10,26.4,31.52,22.94,4.7,88.65,0.58,19.38
2022-11-11,26.27,30.79,22.68,12.33,85.91,0.9,15.54
2022-11-12,25.97,30.21,23.02,44.78,89.66,1.14,14.38
2022-11-13,25.77,29.64,23.65,11.66,89.72,1.1,15.36
2022-11-14,27.2,33.24,23.03,1.57,81.77,0.88,16.95
2022-11-15,27.36,33.06,23.46,1.81,84.68,0.98,16.99
2022-11-16,27.15,30.27,24.18,1.24,86.31,0.74,13.5
2022-11-17,26.85,32.17,24.06,0.92,87.02,0.85,16.59
2022-11-18,26.42,31.03,23.68,0.86,87.42,1.04,14.92
2022-11-19,26.94,31.6,23.31,7.98,86.45,1.06,17.6
2022-11-20,27.72,33.13,24.02,3.17,85.29,0.93,14.83
2022-11-21,27.69,32.61,24.48,6.08,88.64,0.8,11.83
2022-11-22,27.89,33.98,23.46,0.83,81.95,0.87,18.6
2022-11-23,27.32,32.32,23.6,0.12,81.64,0.78,17.78
2022-11-24,26.24,30.81,23.07,0.06,86.11,0.89,17.0
2022-11-25,27.14,33.28,23.1,0.07,80.65,0.79,17.44
2022-11-26,26.61,32.15,23.03,0.49,85.13,0.95,14.76
2022-11-27,26.83,32.57,23.02,3.37,84.72,0.75,12.57
2022-11-28,25.81,30.39,23.29,24.83,89.24,1.05,12.8
2022-11-29,25.8,30.8,22.69,2.45,85.51,0.77,16.07
2022-11-30,26.57,32.77,22.73,1.98,82.54,0.86,15.84
2022-12-01,26.42,32.35,22.85,0.06,82.91,1.13,17.42
2022-12-02,26.2,32.23,23.01,0.0,80.64,1.22,21.6
2022-12-03,26.2,32.72,21.14,0.03,80.75,1.13,20.88
2022-12-04,27.01,33.89,22.48,0.04,80.13,0.82,18.87
2022-12-05,26.96,33.25,22.92,0.31,82.63,0.8,20.11
2022-12-06,25.77,31.83,22.26,0.8,79.11,1.29,21.7
2022-12-07,25.53,32.43,21.1,0.0,77.64,1.2,22.19
2022-12-08,25.9,32.74,21.18,0.0,78.37,1.01,20.8
2022-12-09,25.75,32.29,21.21,0.03,81.16,1.26,18.9
2022-12-10,26.29,32.94,21.73,0.0,81.2,1.11,16.85
2022-12-11,26.71,33.04,22.5,4.31,82.99,0.95,18.22
2022-12-12,26.86,32.23,23.36,7.16,84.47,0.77,14.62
2022-12-13,27.2,33.61,22.62,0.64,80.51,0.92,15.95
2022-12-14,27.52,33.6,23.5,1.44,80.21,0.92,17.78
2022-12-15,27.33,33.07,23.59,1.18,83.56,1.03,14.76
2022-12-16,27.3,33.78,23.15,0.21,81.07,1.26,18.95
2022-12-17,27.54,34.12,23.47,1.19,81.68,1.28,17.88
2022-12-18,26.55,32.35,23.33,2.43,82.25,1.32,17.37
2022-12-19,26.91,33.65,22.57,0.8,79.97,1.25,18.12
2022-12-20,26.94,33.4,23.07,0.19,79.28,1.15,18.68
2022-12-21,27.26,33.94,22.59,0.38,77.48,1.1,19.79
2022-12-22,27.56,34.3,23.13,0.02,77.31,1.06,19.17
2022-12-23,27.58,34.86,22.87,0.0,78.43,1.2,19.6
2022-12-24,27.2,34.25,22.97,0.16,77.61,1.41,20.97
2022-12-25,26.29,33.55,21.97,0.23,78.19,1.41,20.25
2022-12-26,26.88,33.46,21.8,0.95,77.6,1.07,19.64
2022-12-27,28.13,36.01,22.8,0.77,78.2,0.85,12.94
2022-12-28,27.25,33.63,23.64,1.87,81.06,0.93,18.52
2022-12-29,27.81,34.86,22.78,0.08,78.45,0.99,19.5
2022-12-30,27.84,34.68,23.59,0.23,76.57,1.25,19.32
2022-12-31,27.8,34.89,22.98,6.64,77.83,1.09,19.44
2023-01-01,26.97,33.52,22.71,10.04,81.9,1.37,16.44
2023-01-02,25.44,32.06,20.83,1.73,83.81,1.01,16.58
2023-01-03,27.2,34.52,22.2,0.35,78.3,1.02,19.38
2023-01-04,26.94,34.0,21.8,0.11,78.18,0.96,20.0
2023-01-05,27.43,34.72,22.32,0.03,74.48,1.02,20.35
2023-01-06,27.73,34.77,22.64,2.91,77.4,0.96,17.27
2023-01-07,27.86,34.22,23.29,5.31,78.88,0.94,18.18
2023-01-08,27.49,32.65,23.62,7.47,81.51,1.2,16.1
2023-01-09,27.32,33.62,23.12,3.64,80.67,0.97,11.36
2023-01-10,26.67,32.51,22.95,3.45,82.57,0.95,11.26
2023-01-11,26.43,32.17,22.54,6.23,83.52,0.83,16.92
2023-01-12,27.16,33.65,22.92,2.43,80.1,1.3,16.4
2023-01-13,27.24,33.67,24.02,0.08,81.23,1.22,17.74
2023-01-14,26.23,31.83,22.97,3.08,84.9,1.37,14.46
2023-01-15,26.76,33.3,22.09,1.13,80.41,1.17,14.38
2023-01-16,27.38,34.75,22.6,0.04,75.94,1.23,18.64
2023-01-17,27.62,35.11,22.55,0.26,75.53,1.1,18.49
2023-01-18,27.68,34.74,22.51,1.04,74.58,0.92,18.87
2023-01-19,27.68,34.9,22.54,0.43,74.33,1.02,20.38
2023-01-20,27.22,34.12,22.12,0.0,75.39,1.27,19.81
2023-01-21,27.28,35.22,21.89,0.01,74.02,1.39,20.62
2023-01-22,27.77,34.81,22.66,0.03,74.83,1.26,19.67
2023-01-23,27.04,32.91,22.88,0.0,78.67,0.98,18.81
2023-01-24,28.21,35.23,23.54,0.0,75.14,1.23,15.79
2023-01-25,28.72,36.4,23.93,0.0,74.27,1.16,20.76
2023-01-26,28.16,36.01,23.27,0.0,73.46,1.28,19.13
2023-01-27,27.5,35.81,22.08,0.0,72.46,1.52,21.96
2023-01-28,27.15,35.23,21.82,0.0,73.0,1.63,22.67
2023-01-29,27.12,36.15,20.22,0.0,69.98,1.45,23.4
2023-01-30,27.76,36.54,22.11,0.0,71.72,1.35,23.31
2023-01-31,27.3,35.72,21.67,0.0,71.15,1.44,22.09
2023-02-01,26.5,35.6,20.66,0.0,70.21,1.71,23.94
2023-02-02,27.26,36.29,20.58,0.0,70.28,1.6,23.72
2023-02-03,28.23,37.15,22.24,0.0,70.63,1.19,19.84
2023-02-04,27.74,35.91,21.82,0.0,71.45,1.21,16.96
2023-02-05,28.22,36.01,21.95,0.0,71.72,1.28,18.48
2023-02-06,28.84,36.21,22.96,0.0,73.29,1.3,18.8
2023-02-07,29.41,37.38,23.5,0.0,68.7,1.48,20.55
2023-02-08,29.59,38.21,24.09,0.0,68.0,1.68,21.75
2023-02-09,29.24,37.74,23.1,0.0,68.99,1.52,20.96
2023-02-10,29.14,37.36,23.77,0.0,69.24,1.28,20.59
2023-02-11,29.45,37.57,23.9,0.0,70.33,1.31,20.32
2023-02-12,29.12,37.77,23.14,0.05,70.77,1.38,18.89
2023-02-13,29.15,37.02,23.96,0.04,70.23,1.46,15.49
2023-02-14,28.89,37.46,23.52,1.46,71.0,1.62,17.42
2023-02-15,28.75,36.87,23.37,12.55,75.0,1.46,18.23
2023-02-16,28.88,35.84,23.94,10.46,75.87,1.37,20.01
2023-02-17,28.9,37.49,23.53,0.02,69.6,1.69,20.74
2023-02-18,28.08,37.2,22.05,0.0,68.63,1.63,22.82
2023-02-19,27.96,37.7,21.77,0.0,65.86,1.59,25.04
2023-02-20,27.85,37.33,20.99,0.03,68.15,1.6,24.26
2023-02-21,28.25,37.66,21.65,0.12,68.47,1.51,23.35
2023-02-22,27.65,35.29,20.94,0.06,70.52,1.25,21.04
2023-02-23,28.84,37.98,22.98,0.0,68.41,1.39,21.2
2023-02-24,28.57,38.02,22.3,0.0,67.75,1.59,21.97
2023-02-25,28.13,37.55,21.56,0.0,68.07,1.43,22.47
2023-02-26,28.81,38.47,21.91,0.02,68.94,1.44,21.6
2023-02-27,29.17,38.44,22.35,0.01,68.76,1.33,19.61
2023-02-28,29.25,38.44,22.94,0.0,70.41,1.21,19.12
2023-03-01,29.23,38.34,23.32,0.0,69.11,1.33,16.05
2023-03-02,29.34,38.15,23.38,0.14,69.55,1.45,19.41
2023-03-03,28.43,35.17,24.01,0.49,74.54,1.18,17.82
2023-03-04,29.98,39.14,23.85,0.5,68.96,1.51,17.29
2023-03-05,28.8,35.69,24.2,0.65,73.04,1.25,14.64
2023-03-06,29.09,36.25,24.13,0.33,71.95,1.39,15.46
2023-03-07,28.0,34.29,23.98,0.79,75.31,1.33,16.75
2023-03-08,28.22,36.57,22.99,0.89,70.05,1.88,16.16
2023-03-09,27.52,34.59,22.94,0.5,72.22,1.8,18.19
2023-03-10,28.21,36.77,22.47,0.32,68.43,1.91,18.86
2023-03-11,28.0,35.79,22.71,0.81,70.0,1.42,16.65
2023-03-12,29.04,37.13,23.2,1.07,69.91,1.06,15.95
2023-03-13,28.84,35.84,23.69,0.28,70.4,1.04,16.54
2023-03-14,27.34,32.64,24.15,0.78,75.96,1.05,14.98
2023-03-15,27.22,32.68,23.75,10.97,78.88,1.85,14.75
2023-03-16,27.35,33.5,23.82,7.87,78.68,2.26,12.37
2023-03-17,28.18,35.44,23.26,1.23,73.23,1.61,16.34
2023-03-18,27.76,33.54,23.28,1.64,76.44,1.8,16.81
2023-03-19,28.33,34.68,23.49,0.23,74.96,1.26,19.81
2023-03-20,29.63,38.22,23.15,0.03,68.84,1.3,19.28
2023-03-21,30.58,39.27,24.37,0.01,65.47,1.37,19.24
2023-03-22,29.7,38.5,23.68,0.12,63.21,2.02,20.86
2023-03-23,29.57,38.55,23.36,0.01,65.56,1.69,21.41
2023-03-24,28.78,36.0,24.17,61.34,72.37,1.32,21.69
2023-03-25,29.18,36.83,23.03,42.79,71.33,1.42,19.3
2023-03-26,28.57,34.65,24.11,0.09,73.78,1.23,18.07
2023-03-27,28.79,34.51,24.52,1.2,73.89,0.99,15.46
2023-03-28,28.86,35.57,24.48,0.95,74.72,1.05,18.97
2023-03-29,29.28,36.99,24.41,0.34,72.14,1.4,18.54
2023-03-30,29.31,36.85,24.26,0.44,71.66,1.41,20.76
2023-03-31,27.63,32.99,24.59,0.36,77.6,1.25,19.25
2023-04-01,29.78,38.03,24.08,0.02,69.99,1.37,18.82
2023-04-02,29.66,36.97,24.65,0.04,70.44,1.35,19.24
2023-04-03,30.96,39.96,24.66,0.02,66.94,1.49,20.51
2023-04-04,30.68,39.75,24.59,0.26,68.54,1.63,20.53
2023-04-05,29.87,38.01,24.87,1.03,71.73,1.65,19.11
2023-04-06,29.43,37.45,24.31,3.36,71.5,1.78,17.78
2023-04-07,26.96,30.58,23.96,2.25,80.36,1.21,16.28
2023-04-08,28.37,35.57,23.5,0.39,73.45,1.52,19.44
2023-04-09,30.01,38.56,23.39,0.0,68.83,1.24,18.26
2023-04-10,28.41,33.07,24.88,0.23,77.15,1.19,17.21
2023-04-11,28.46,34.92,24.72,1.39,78.04,1.61,15.94
2023-04-12,28.25,33.88,24.96,6.52,80.56,1.12,15.67
2023-04-13,28.68,33.43,25.17,4.85,77.21,1.04,17.73
2023-04-14,29.65,36.54,25.09,0.01,70.96,1.31,19.93
2023-04-15,29.16,35.61,24.73,1.59,73.88,1.16,15.17
2023-04-16,28.63,35.59,24.47,7.7,76.2,1.43,6.81
2023-04-17,28.66,35.38,24.23,4.64,76.29,1.16,18.74
2023-04-18,28.75,35.43,24.41,0.39,74.16,1.56,18.83
2023-04-19,29.4,37.79,23.79,0.16,70.67,1.53,19.8
2023-04-20,27.72,31.93,24.54,0.62,78.7,1.08,17.11
2023-04-21,26.92,30.38,24.47,2.26,81.14,2.52,16.08
2023-04-22,28.52,35.62,23.89,2.75,75.68,1.32,16.82
2023-04-23,28.24,35.73,23.92,11.22,75.52,1.8,15.77
2023-04-24,27.14,33.12,23.59,7.49,78.73,1.23,17.95
2023-04-25,29.59,38.33,23.3,0.69,68.39,1.16,20.78
2023-04-26,29.29,37.38,23.64,0.24,71.46,1.17,19.22
2023-04-27,26.45,29.58,24.16,0.3,81.63,1.13,18.31
2023-04-28,27.1,32.71,23.71,6.99,83.81,1.23,14.32
2023-04-29,28.33,32.95,24.4,13.75,82.28,0.83,17.71
2023-04-30,27.87,31.33,25.11,19.79,88.53,0.69,4.55
2023-05-01,28.6,33.61,24.77,7.89,80.5,1.18,20.97
2023-05-02,30.25,37.33,24.91,0.0,74.81,1.17,22.16
2023-05-03,30.74,38.1,25.2,0.0,74.68,1.01,19.5
2023-05-04,31.11,37.84,26.09,0.0,72.74,1.0,20.93
2023-05-05,30.35,36.02,26.27,0.0,76.18,0.96,18.97
2023-05-06,29.84,36.01,25.9,0.0,73.44,1.17,18.81
2023-05-07,30.7,38.84,25.13,0.0,70.88,1.14,19.12
2023-05-08,30.91,38.7,25.71,0.02,71.56,1.21,18.81
2023-05-09,27.98,31.44,25.53,11.92,86.5,0.79,17.83
2023-05-10,28.93,33.32,25.08,12.37,80.19,0.99,9.93
2023-05-11,29.11,34.1,25.33,0.02,78.39,0.93,19.26
2023-05-12,29.46,35.71,25.48,0.01,78.12,0.81,22.67
2023-05-13,28.89,34.52,25.41,0.06,81.37,0.83,19.73
2023-05-14,28.72,32.61,25.85,2.69,84.94,0.62,11.43
2023-05-15,28.44,32.66,25.4,3.93,84.03,0.94,7.33
2023-05-16,26.95,30.5,24.61,12.15,88.1,1.16,14.17
2023-05-17,26.82,31.58,23.98,2.96,83.07,1.42,15.05
2023-05-18,30.21,38.61,23.19,0.02,72.22,1.24,16.28
2023-05-19,29.22,33.97,26.18,6.43,84.16,0.85,15.46
2023-05-20,28.86,34.35,26.12,3.13,84.4,0.9,12.9
2023-05-21,28.11,32.56,25.51,22.08,88.61,1.2,9.06
2023-05-22,27.29,30.2,25.2,5.33,89.53,0.91,18.04
2023-05-23,28.63,34.57,24.73,0.54,80.71,1.05,17.02
2023-05-24,28.1,33.16,24.77,0.24,81.43,1.14,12.28
2023-05-25,28.93,34.75,24.47,0.8,78.6,0.87,13.27
2023-05-26,27.94,31.67,25.02,2.37,84.28,0.85,18.39
2023-05-27,28.27,33.57,24.53,27.82,81.41,0.92,20.22
2023-05-28,28.58,33.38,24.89,30.27,82.98,0.94,20.57
2023-05-29,26.98,29.51,25.0,8.84,91.8,1.04,14.65
2023-05-30,28.21,33.3,24.32,6.32,84.3,0.89,19.55
2023-05-31,27.2,30.56,24.98,9.15,90.61,0.9,16.2
2023-06-01,28.05,32.72,24.48,8.39,84.8,0.72,11.23
2023-06-02,27.79,32.41,24.18,2.75,82.57,0.69,19.76
2023-06-03,28.89,35.82,23.9,0.11,79.01,0.92,21.58
2023-06-04,28.34,32.33,24.85,10.49,84.49,0.89,5.73
2023-06-05,28.37,32.96,24.11,9.62,81.0,0.93,18.62
2023-06-06,28.51,33.12,24.86,1.34,80.84,0.9,17.27
2023-06-07,28.77,33.67,25.0,3.71,82.36,0.81,21.13
2023-06-08,28.15,32.32,25.25,15.4,86.98,0.91,8.95
2023-06-09,27.37,32.13,24.0,4.4,87.21,0.78,19.83
2023-06-10,28.05,33.71,23.28,1.63,79.52,0.83,10.34
2023-06-11,28.32,33.52,24.28,2.17,81.11,1.05,23.53
2023-06-12,28.88,33.97,24.8,0.0,78.81,0.78,20.67
2023-06-13,28.71,33.27,25.47,1.47,83.34,0.87,20.25
2023-06-14,29.16,35.14,25.69,22.53,84.08,0.94,20.74
2023-06-15,28.86,33.76,25.51,7.04,83.73,0.88,18.39
2023-06-16,29.46,34.18,25.7,11.64,79.72,0.85,18.92
2023-06-17,27.62,30.86,24.74,10.02,84.49,1.0,20.3
2023-06-18,29.06,35.38,24.33,3.37,78.57,1.16,20.24
2023-06-19,30.32,37.25,24.84,0.53,76.53,0.8,22.62
2023-06-20,29.91,34.71,26.47,0.03,77.92,0.83,24.29
2023-06-21,28.59,33.54,25.55,0.06,85.15,0.96,19.5
2023-06-22,28.41,32.47,25.86,4.95,86.46,0.6,15.32
2023-06-23,28.48,34.23,25.41,10.2,84.97,0.98,18.78
2023-06-24,27.85,31.7,24.88,0.26,86.65,0.87,18.67
2023-06-25,27.28,31.17,24.1,11.74,86.58,0.81,14.0
2023-06-26,26.93,30.89,23.9,1.58,85.61,0.85,17.31
2023-06-27,27.55,32.99,24.02,0.82,84.04,0.92,20.65
2023-06-28,27.79,31.19,25.01,0.71,84.12,0.79,18.5
2023-06-29,28.95,34.0,24.98,1.46,78.12,0.82,21.22
2023-06-30,28.54,33.48,25.24,2.97,82.42,1.04,20.24
2023-07-01,28.48,33.3,25.48,4.51,84.36,0.9,15.35
2023-07-02,28.96,33.66,25.5,8.56,80.49,0.69,9.62
2023-07-03,27.88,32.72,24.44,14.43,84.65,1.02,20.21
2023-07-04,27.34,31.49,24.47,5.73,85.46,0.81,10.37
2023-07-05,27.02,30.46,24.17,20.17,87.71,0.98,21.45
2023-07-06,27.15,31.62,23.8,34.13,85.8,1.13,11.95
2023-07-07,26.22,30.22,23.88,2.33,89.05,1.18,19.01
2023-07-08,27.55,33.21,23.78,0.91,84.19,0.77,12.83
2023-07-09,28.67,34.02,24.39,0.98,76.73,0.87,19.73
2023-07-10,29.47,36.38,24.17,2.79,77.82,0.84,21.59
2023-07-11,29.21,35.09,25.31,12.6,79.46,1.1,20.54
2023-07-12,28.41,33.25,24.98,8.6,79.94,0.87,22.89
2023-07-13,28.59,33.85,24.21,2.24,80.77,0.91,23.48
2023-07-14,28.58,32.65,25.75,3.17,82.85,1.05,15.15
2023-07-15,28.9,33.58,24.95,3.55,81.0,0.82,22.61
2023-07-16,28.51,33.1,25.0,2.13,83.47,0.81,17.52
2023-07-17,28.01,32.5,25.15,2.78,85.67,0.89,22.71
2023-07-18,28.03,32.61,24.57,0.8,84.5,0.86,21.4
2023-07-19,29.31,35.69,24.27,0.0,78.48,1.31,24.06
2023-07-20,29.71,36.14,25.08,0.0,75.82,0.87,24.84
2023-07-21,29.34,34.79,25.53,0.98,79.21,0.67,22.03
2023-07-22,27.85,32.62,25.09,1.54,84.17,0.9,11.67
2023-07-23,28.44,33.09,24.85,0.82,81.53,0.98,18.53
2023-07-24,28.64,33.71,24.73,3.33,81.42,1.01,20.57
2023-07-25,28.77,34.25,25.21,1.74,82.21,1.05,19.09
2023-07-26,26.72,29.96,24.48,10.47,90.83,0.95,19.42
2023-07-27,28.5,33.83,24.29,5.62,81.96,0.88,21.41
2023-07-28,28.22,32.92,25.11,11.42,83.8,0.97,20.95
2023-07-29,29.18,34.47,25.19,3.26,79.67,0.87,23.13
2023-07-30,29.48,34.58,25.39,17.36,80.31,0.94,19.01
2023-07-31,28.17,31.92,25.3,14.38,84.68,0.83,20.45
2023-08-01,28.41,33.51,24.96,6.84,83.51,0.88,19.91
2023-08-02,29.03,34.41,24.96,20.86,80.31,0.98,24.37
2023-08-03,29.17,35.07,24.73,11.21,77.68,0.93,19.1
2023-08-04,29.04,34.39,25.18,0.03,79.56,0.97,24.06
2023-08-05,29.36,35.74,25.05,5.72,79.26,0.94,24.72
2023-08-06,29.95,36.52,25.4,2.58,78.93,0.99,19.96
2023-08-07,28.57,32.86,25.89,0.31,86.44,0.82,13.13
2023-08-08,28.72,33.2,25.63,0.07,84.61,0.98,20.75
2023-08-09,28.37,33.29,25.18,0.69,86.05,0.98,14.12
2023-08-10,29.66,35.55,25.33,0.84,78.92,0.89,20.3
2023-08-11,28.5,32.32,26.1,5.78,87.49,0.99,20.07
2023-08-12,28.95,34.0,24.88,1.48,80.38,0.7,17.42
2023-08-13,28.42,33.74,25.28,0.4,84.87,0.89,17.05
2023-08-14,27.89,32.07,25.58,3.62,88.83,0.93,21.63
2023-08-15,28.38,34.33,25.15,2.75,82.69,1.01,18.43
2023-08-16,27.4,32.15,24.32,0.88,83.64,0.86,21.17
2023-08-17,28.11,33.42,24.19,0.88,82.43,0.95,22.46
2023-08-18,27.8,32.18,24.97,1.29,87.09,0.88,20.98
2023-08-19,29.03,35.64,25.08,1.41,81.48,0.86,11.99
2023-08-20,28.57,32.8,25.48,3.28,86.62,0.7,15.73
2023-08-21,27.12,30.59,25.02,5.24,90.75,0.88,17.98
2023-08-22,26.91,30.41,24.72,4.34,88.2,0.87,16.53
2023-08-23,28.68,36.24,24.09,1.29,78.69,0.91,21.72
2023-08-24,27.97,33.82,24.69,0.9,82.01,0.84,19.76
2023-08-25,28.96,35.27,24.62,1.62,78.29,0.9,21.66
2023-08-26,29.48,35.8,25.28,2.34,79.58,0.82,20.96
2023-08-27,27.47,31.0,24.92,0.34,87.53,0.97,23.17
2023-08-28,28.41,35.05,24.62,0.77,81.2,1.08,22.92
2023-08-29,29.31,35.79,25.01,0.69,80.68,0.89,19.83
2023-08-30,30.1,36.42,25.62,4.62,77.05,1.13,22.33
2023-08-31,29.54,34.41,26.18,5.23,82.37,0.95,21.91
2023-09-01,29.72,34.39,25.74,0.4,79.62,1.02,19.19
2023-09-02,29.48,35.3,25.44,8.49,82.29,0.94,9.59
2023-09-03,28.17,34.19,24.93,2.38,81.54,1.18,21.13
2023-09-04,27.66,34.39,23.46,0.47,80.22,1.2,19.31
2023-09-05,28.8,33.84,24.63,0.12,80.41,0.8,20.87
2023-09-06,29.18,33.45,25.4,9.41,81.23,0.84,21.92
2023-09-07,29.62,35.42,25.87,16.64,80.97,0.67,16.64
2023-09-08,28.42,32.93,25.53,0.53,83.39,0.91,17.39
2023-09-09,27.89,32.5,25.33,5.4,85.91,0.88,11.78
2023-09-10,29.19,36.09,24.78,2.71,76.78,0.8,13.69
2023-09-11,28.86,33.79,24.91,2.61,80.39,0.76,19.78
2023-09-12,28.56,33.47,25.79,4.11,85.37,0.81,14.42
2023-09-13,28.87,33.94,25.56,0.18,83.54,0.76,16.02
2023-09-14,29.01,33.12,25.87,29.24,84.26,0.79,20.7
2023-09-15,28.93,34.3,25.6,20.93,82.19,0.8,18.79
2023-09-16,29.19,35.02,25.1,0.6,78.02,0.83,19.46
2023-09-17,28.38,36.26,25.15,2.86,84.77,0.95,12.35
2023-09-18,27.82,31.9,25.31,1.52,86.87,0.77,14.84
2023-09-19,28.34,33.82,24.15,1.92,82.15,0.88,20.77
2023-09-20,28.42,34.06,24.69,5.04,84.03,0.91,20.76
2023-09-21,28.15,33.89,24.87,2.64,84.29,1.18,21.52
2023-09-22,28.32,33.33,24.44,3.36,82.54,0.81,20.27
2023-09-23,29.96,36.63,25.51,13.85,81.43,0.67,8.95
2023-09-24,28.46,33.3,25.57,6.59,85.04,0.75,21.01
2023-09-25,27.7,32.01,24.32,14.46,86.37,0.96,20.4
2023-09-26,28.67,33.48,25.41,7.49,86.11,0.93,17.51
2023-09-27,27.88,31.7,25.33,2.18,87.96,0.99,17.96
2023-09-28,28.2,33.16,25.32,2.94,88.5,1.1,18.47
2023-09-29,29.32,33.65,26.02,2.49,82.53,0.73,21.51
2023-09-30,28.04,31.04,25.92,1.0,88.15,1.02,17.24
2023-10-01,28.46,33.71,25.75,1.15,86.95,0.84,18.19
2023-10-02,27.76,32.24,25.06,22.81,88.94,0.97,14.6
2023-10-03,27.01,31.64,24.28,34.36,89.42,1.17,17.19
2023-10-04,27.72,32.01,24.58,0.86,83.6,0.91,14.83
2023-10-05,27.48,32.68,24.44,1.32,85.22,0.78,16.4
2023-10-06,28.54,33.77,24.34,1.4,81.53,0.69,17.98
2023-10-07,29.16,34.57,25.45,2.42,81.27,0.92,18.69
2023-10-08,28.38,32.47,25.21,5.73,85.04,0.79,10.68
2023-10-09,27.55,30.23,25.11,0.86,82.1,0.65,19.19
2023-10-10,29.2,35.88,24.3,6.46,79.23,0.69,16.34
2023-10-11,27.33,29.82,25.06,21.13,91.2,0.98,14.81
2023-10-12,28.93,35.84,24.63,6.59,81.41,1.04,18.47
2023-10-13,28.91,34.15,25.35,1.91,82.93,0.97,17.76
2023-10-14,27.89,33.1,24.4,2.67,84.2,0.9,17.39
2023-10-15,28.18,34.26,24.48,2.92,83.79,0.98,20.31
2023-10-16,27.87,33.09,24.16,1.24,83.1,0.85,10.65
2023-10-17,28.83,35.29,24.67,0.3,78.64,0.87,22.17
2023-10-18,28.57,33.5,25.24,0.0,83.37,0.82,20.05
2023-10-19,28.96,33.74,25.54,0.57,83.91,0.86,19.83
2023-10-20,26.91,30.27,25.08,2.97,90.88,0.69,10.4
2023-10-21,27.15,31.69,23.65,5.31,86.05,1.13,14.95
2023-10-22,29.44,35.64,24.39,1.78,77.33,0.46,16.31
2023-10-23,28.32,33.43,25.72,0.61,85.83,0.84,18.33
2023-10-24,28.08,34.02,24.96,3.28,85.64,1.11,13.14
2023-10-25,26.8,30.83,24.19,5.95,88.48,0.77,13.36
2023-10-26,25.77,28.13,23.82,2.9,92.24,0.96,18.16
2023-10-27,26.88,32.84,23.29,2.32,83.06,1.16,16.46
2023-10-28,26.08,30.4,22.9,2.19,84.29,0.95,18.42
2023-10-29,28.06,34.99,22.85,0.98,79.88,0.74,18.4
2023-10-30,28.26,35.82,23.77,0.48,78.36,1.13,17.52
2023-10-31,27.15,31.36,24.13,0.88,85.6,0.87,17.08
2023-11-01,25.92,30.46,23.27,2.1,86.93,1.0,10.6
2023-11-02,26.66,32.2,23.46,0.81,85.66,1.11,17.87
2023-11-03,27.03,31.2,24.1,7.29,84.72,0.66,15.97
2023-11-04,28.02,33.44,24.3,4.68,79.41,0.78,17.81
2023-11-05,28.57,34.37,24.65,0.39,80.89,0.76,9.82
2023-11-06,27.89,32.89,25.3,17.66,90.3,0.98,15.85
2023-11-07,27.94,31.41,25.25,18.08,87.45,0.76,16.84
2023-11-08,28.7,34.78,24.11,0.55,82.0,1.03,16.8
2023-11-09,29.16,34.87,25.2,10.28,81.3,1.08,18.79
2023-11-10,28.47,32.62,25.77,9.57,86.19,1.05,17.47
2023-11-11,28.1,31.75,25.96,0.24,86.63,1.01,16.47
2023-11-12,27.69,31.39,25.16,0.16,86.9,0.92,15.4
2023-11-13,28.39,33.93,24.82,0.44,83.55,1.11,16.72
2023-11-14,28.73,34.09,25.65,1.82,84.92,1.0,16.58
2023-11-15,29.25,34.66,25.74,0.57,80.08,0.73,10.65
2023-11-16,27.1,30.54,24.51,0.57,87.13,0.73,15.99
2023-11-17,28.35,34.7,23.97,1.7,82.04,0.78,15.86
2023-11-18,26.78,30.14,24.64,17.83,88.91,1.08,19.07
2023-11-19,27.05,32.06,23.91,0.97,85.46,0.97,16.2
2023-11-20,27.92,34.2,24.07,13.27,82.86,0.73,17.57
2023-11-21,28.03,33.95,24.15,9.3,82.66,0.88,17.82
2023-11-22,26.58,29.35,24.53,4.0,88.38,0.93,14.81
2023-11-23,28.1,34.73,23.35,0.0,81.1,0.91,18.69
2023-11-24,28.75,34.1,24.62,0.68,81.7,0.92,17.02
2023-11-25,27.59,35.25,23.07,1.16,82.33,1.19,17.02
2023-11-26,27.35,31.93,24.3,0.01,84.76,0.96,16.35
2023-11-27,28.89,35.63,24.46,0.0,81.14,1.29,19.2
2023-11-28,28.7,34.6,25.02,5.98,83.82,1.22,20.03
2023-11-29,28.49,34.17,25.15,2.59,83.05,1.05,17.43
2023-11-30,27.76,31.37,25.53,0.04,87.95,0.98,17.38
2023-12-01,28.22,34.29,24.6,0.0,80.91,1.4,20.9
2023-12-02,28.43,35.28,23.51,0.0,79.49,1.35,20.9
2023-12-03,28.92,35.57,24.42,0.0,79.22,1.34,20.53
2023-12-04,28.77,35.6,24.4,0.0,79.2,1.39,19.68
2023-12-05,28.62,35.23,24.47,0.0,80.1,1.29,19.69
2023-12-06,28.28,33.3,24.93,0.0,82.35,1.25,19.34
2023-12-07,27.36,31.24,24.89,1.83,87.27,0.87,17.33
2023-12-08,28.19,34.07,24.89,0.32,81.56,1.13,18.89
2023-12-09,29.37,36.34,24.73,0.0,78.18,1.17,20.46
2023-12-10,28.77,33.43,25.63,1.16,83.1,1.02,16.58
2023-12-11,29.01,34.92,25.46,1.28,81.45,1.2,17.29
2023-12-12,28.79,34.1,25.12,0.1,81.4,1.32,19.02
2023-12-13,28.09,33.21,25.28,0.0,83.73,1.18,18.7
2023-12-14,28.08,33.6,24.89,0.0,84.46,1.01,16.98
2023-12-15,28.88,34.64,25.15,0.82,82.61,0.86,15.48
2023-12-16,27.54,31.11,25.11,7.91,89.54,1.0,14.42
2023-12-17,28.08,34.05,24.15,6.48,83.29,1.03,18.44
2023-12-18,28.54,35.86,24.48,0.0,81.5,1.23,16.68
2023-12-19,28.52,35.3,24.79,0.0,80.27,1.33,17.34
2023-12-20,28.47,35.71,24.24,0.0,78.88,1.08,17.41
2023-12-21,28.81,35.85,24.33,0.0,78.58,0.98,17.96
2023-12-22,29.45,36.57,24.77,0.0,77.09,1.44,17.6
2023-12-23,29.36,36.85,24.85,0.63,78.76,1.25,17.56
2023-12-24,29.09,34.98,25.32,0.61,81.05,1.03,15.15
2023-12-25,28.56,33.54,25.67,0.94,84.91,0.83,13.23
2023-12-26,29.42,35.54,25.77,10.62,81.63,0.96,15.97
2023-12-27,28.36,33.53,25.11,0.87,83.76,1.32,10.93
2023-12-28,27.64,32.95,24.55,1.27,84.07,1.35,15.23
2023-12-29,27.09,32.34,23.85,6.08,83.09,1.69,15.31
2023-12-30,28.11,34.88,24.06,0.32,80.69,1.09,17.41
2023-12-31,28.68,36.07,24.34,0.37,79.36,1.28,16.12
2024-01-01,28.87,36.79,23.9,0.19,76.95,1.04,16.98
2024-01-02,29.07,36.4,24.55,0.01,76.21,1.23,15.97
2024-01-03,28.89,35.97,24.35,0.0,75.73,1.47,18.81
2024-01-04,29.31,36.9,24.2,0.0,75.98,1.27,19.81
2024-01-05,29.58,36.63,24.61,0.0,74.62,1.46,18.57
2024-01-06,29.49,37.54,24.02,0.0,73.13,1.34,19.65
2024-01-07,29.73,38.23,24.59,0.0,72.24,1.39,19.76
2024-01-08,29.88,38.27,24.71,0.0,72.41,1.37,19.31
2024-01-09,30.03,38.35,25.18,0.72,69.18,1.44,21.76
2024-01-10,30.05,38.68,24.51,0.92,72.52,1.33,20.73
2024-01-11,29.9,38.61,24.33,0.15,73.27,1.19,21.21
2024-01-12,29.46,37.99,24.33,0.02,72.73,1.21,19.15
2024-01-13,29.22,37.12,24.45,0.0,74.26,1.09,18.61
2024-01-14,29.76,37.94,24.44,0.0,72.78,1.23,19.19
2024-01-15,29.87,38.66,24.94,0.0,69.75,1.34,20.34
2024-01-16,30.3,38.13,24.34,0.0,73.66,1.31,20.28
2024-01-17,30.6,39.11,25.04,0.0,71.96,1.45,19.32
2024-01-18,30.68,39.55,25.06,0.0,71.13,1.47,19.89
2024-01-19,30.33,38.92,24.53,0.0,70.99,1.35,17.75
2024-01-20,30.36,39.04,24.75,0.0,70.74,1.35,19.22
2024-01-21,30.16,39.0,24.8,0.0,70.72,1.38,18.35
2024-01-22,30.4,39.69,24.32,0.0,69.06,1.43,20.53
2024-01-23,30.58,39.38,24.59,0.0,66.87,1.19,20.5
2024-01-24,30.86,39.83,24.64,0.0,69.72,1.39,19.46
2024-01-25,30.51,39.62,24.99,0.0,67.28,1.5,20.84
2024-01-26,30.02,39.38,23.99,0.0,68.0,1.6,21.73
2024-01-27,30.21,39.04,24.27,0.0,69.85,1.42,20.29
2024-01-28,29.44,37.38,24.28,0.0,69.86,1.33,20.06
2024-01-29,29.34,38.23,23.18,0.02,69.63,1.42,17.96
2024-01-30,29.42,37.81,23.71,0.09,70.47,1.44,18.18
2024-01-31,29.35,37.94,24.06,0.01,70.57,1.74,15.45
2024-02-01,28.85,35.93,24.31,0.17,73.07,1.58,12.39
2024-02-02,26.87,31.33,24.41,0.76,81.56,1.38,11.43
2024-02-03,27.42,33.33,23.86,8.5,81.58,1.35,13.68
2024-02-04,29.47,37.23,23.84,1.3,72.48,1.04,16.56
2024-02-05,28.85,35.34,24.8,6.76,77.06,1.05,13.44
2024-02-06,30.03,38.99,24.0,5.18,69.36,1.18,16.27
2024-02-07,26.61,30.58,23.6,1.32,79.71,1.87,7.81
2024-02-08,27.83,36.01,22.56,0.13,69.14,1.62,12.99
2024-02-09,28.77,37.39,22.61,0.0,68.11,1.59,18.55
2024-02-10,30.13,39.96,23.14,0.0,67.58,1.83,22.48
2024-02-11,30.94,39.72,24.53,0.0,68.7,1.69,23.35
2024-02-12,31.3,40.2,25.21,0.0,68.91,1.45,20.19
2024-02-13,30.36,39.09,24.62,0.0,69.83,1.73,20.46
2024-02-14,30.53,38.96,25.05,0.0,69.41,1.45,17.79
2024-02-15,30.83,39.25,25.2,0.01,69.87,1.73,20.2
2024-02-16,31.35,39.24,25.92,0.0,69.24,1.46,21.37
2024-02-17,31.15,38.74,25.82,0.02,68.96,1.49,17.23
2024-02-18,31.38,40.42,25.85,0.46,69.42,1.64,21.09
2024-02-19,30.45,37.97,25.97,0.41,72.35,1.95,16.38
2024-02-20,30.1,38.82,25.28,0.1,70.25,1.96,18.08
2024-02-21,28.38,35.37,24.33,3.06,72.85,2.57,12.84
2024-02-22,28.47,36.35,23.16,0.15,67.91,2.12,19.76
2024-02-23,29.07,37.36,23.26,0.02,68.35,1.61,22.16
2024-02-24,29.3,37.65,23.39,0.01,68.78,1.94,21.07
2024-02-25,29.09,37.34,23.6,0.02,68.86,1.82,19.42
2024-02-26,29.52,37.88,23.66,0.07,68.47,1.67,18.15
2024-02-27,30.04,39.0,24.1,0.04,67.08,1.56,21.87
2024-02-28,30.37,40.15,23.83,0.0,63.03,1.69,24.04
2024-02-29,30.35,40.12,23.55,0.0,63.06,1.77,23.07
2024-03-01,30.86,40.24,24.12,0.0,64.07,1.81,20.01
2024-03-02,30.37,38.54,24.91,0.02,66.29,1.8,18.68
2024-03-03,30.4,39.29,24.65,0.26,66.67,1.75,19.01
2024-03-04,30.74,40.15,24.26,0.17,64.53,1.69,19.8
2024-03-05,30.96,39.81,24.56,0.01,64.09,1.62,19.77
2024-03-06,31.23,40.54,24.57,0.01,63.94,1.71,18.85
2024-03-07,31.03,39.75,25.26,0.02,65.65,1.94,16.98
2024-03-08,31.2,39.71,25.56,0.21,66.64,1.95,14.68
2024-03-09,31.53,40.32,25.85,0.18,66.64,1.7,16.79
2024-03-10,31.48,39.5,26.46,0.02,67.05,1.74,16.86
2024-03-11,31.27,38.08,27.1,0.02,66.54,2.04,15.11
2024-03-12,32.41,40.99,26.8,0.0,61.77,1.85,16.85
2024-03-13,31.61,38.45,26.5,0.04,64.01,1.67,16.78
2024-03-14,31.75,38.25,26.73,0.0,64.74,1.61,15.51
2024-03-15,32.5,41.64,26.17,0.0,62.04,1.92,18.15
2024-03-16,32.44,42.02,25.66,0.0,60.92,1.71,17.03
2024-03-17,32.8,41.83,26.61,0.0,61.02,1.77,15.53
2024-03-18,32.39,40.23,27.16,0.01,63.26,1.75,16.02
2024-03-19,30.21,35.07,27.19,0.88,73.91,1.92,15.17
2024-03-20,29.5,34.64,26.51,5.16,77.03,1.87,12.8
2024-03-21,29.36,34.95,25.79,19.02,77.14,1.31,16.48
2024-03-22,30.97,38.98,25.01,0.05,68.94,1.7,19.63
2024-03-23,30.67,38.34,25.96,2.14,70.44,1.49,17.14
2024-03-24,29.8,36.47,25.63,0.81,72.02,1.97,17.17
2024-03-25,30.66,39.75,24.48,0.09,66.31,1.7,18.29
2024-03-26,30.26,38.68,24.61,0.4,67.68,2.0,21.13
2024-03-27,29.48,38.07,23.53,0.05,67.39,2.06,16.69
2024-03-28,30.03,38.59,24.27,0.02,66.71,1.95,19.94
2024-03-29,30.26,39.47,24.33,0.01,60.96,1.8,21.5
2024-03-30,30.3,38.94,23.9,0.01,63.74,1.72,17.2
2024-03-31,30.74,39.0,24.72,0.2,63.37,1.8,18.71
2024-04-01,30.37,37.58,25.41,0.27,66.82,1.74,17.31
2024-04-02,30.42,38.78,25.09,0.5,67.35,1.56,17.49
2024-04-03,29.8,36.42,25.47,0.74,70.47,1.86,16.34
2024-04-04,28.39,34.06,25.06,7.5,76.6,1.31,11.06
2024-04-05,30.51,38.46,24.3,1.38,68.43,1.36,17.83
2024-04-06,31.1,38.74,25.6,0.7,69.78,1.32,18.6
2024-04-07,31.03,38.4,26.39,2.26,70.82,1.36,18.0
2024-04-08,29.83,35.44,26.29,18.46,78.6,1.13,17.63
2024-04-09,30.33,35.72,26.37,17.88,75.85,1.4,18.91
2024-04-10,31.75,39.97,26.36,1.79,68.8,1.26,19.51
2024-04-11,31.99,40.35,26.19,0.88,69.28,1.43,18.25
2024-04-12,32.31,40.95,26.07,0.0,65.9,1.83,21.45
2024-04-13,31.62,40.16,25.84,0.0,64.26,1.87,21.17
2024-04-14,31.42,39.74,25.98,0.0,66.06,1.83,18.7
2024-04-15,31.42,39.73,26.18,0.06,67.35,1.82,16.99
2024-04-16,31.12,39.21,26.08,0.04,67.93,1.78,16.49
2024-04-17,30.18,37.12,26.18,2.1,72.83,2.05,16.54
2024-04-18,29.09,35.38,25.56,1.28,78.51,1.54,13.91
2024-04-19,27.75,31.24,25.8,37.72,87.36,1.42,10.05
2024-04-20,29.16,34.79,25.24,7.62,78.84,1.29,20.13
2024-04-21,28.02,32.04,25.43,5.58,84.84,1.43,14.28
2024-04-22,27.59,32.17,25.21,18.73,85.09,1.44,14.06
2024-04-23,28.41,33.56,24.81,36.02,80.7,1.01,19.57
2024-04-24,28.5,33.7,25.2,5.05,82.18,0.86,19.13
2024-04-25,27.47,31.96,25.13,14.65,87.4,1.41,13.2
2024-04-26,27.27,32.67,23.66,20.33,84.04,1.08,13.03
2024-04-27,28.51,34.67,23.98,1.89,80.17,0.98,18.32
2024-04-28,27.47,30.85,25.17,2.42,87.93,0.69,14.18
2024-04-29,29.34,35.78,24.88,0.56,75.64,1.11,19.2
2024-04-30,30.26,37.46,24.72,0.19,73.54,1.3,18.37
2024-05-01,29.09,34.29,25.97,2.74,81.9,1.04,17.61
2024-05-02,29.03,34.66,25.74,12.31,82.49,1.19,14.46
2024-05-03,28.92,35.28,25.36,11.67,82.21,1.42,14.96
2024-05-04,28.35,33.1,25.21,5.77,83.19,1.15,10.08
2024-05-05,29.51,36.04,24.87,1.09,76.98,1.25,20.11
2024-05-06,29.7,36.1,25.69,4.91,80.25,1.16,17.48
2024-05-07,30.05,36.51,25.97,18.25,79.56,0.87,12.63
2024-05-08,28.35,32.3,25.51,19.53,86.46,0.79,11.09
2024-05-09,28.98,35.07,25.26,3.29,82.48,0.88,15.28
2024-05-10,29.44,34.9,25.82,0.37,81.04,0.74,19.25
2024-05-11,28.62,32.86,25.81,6.23,85.09,0.97,16.97
2024-05-12,28.78,32.32,25.73,2.76,82.91,0.67,11.65
2024-05-13,30.01,36.02,26.19,0.5,76.31,1.19,20.02
2024-05-14,28.79,33.22,25.98,2.86,85.96,1.24,18.64
2024-05-15,29.91,36.58,25.08,0.8,77.04,1.12,18.5
2024-05-16,28.88,33.83,26.06,0.07,82.4,1.4,19.49
2024-05-17,28.22,32.15,25.72,1.12,87.41,1.26,17.64
2024-05-18,27.54,30.06,25.54,0.51,89.23,0.95,19.55
2024-05-19,30.31,37.56,25.06,6.47,77.52,0.84,16.81
2024-05-20,28.97,31.73,26.68,16.26,88.42,0.89,19.15
2024-05-21,28.22,32.41,26.09,30.71,88.14,0.97,14.01
2024-05-22,26.93,29.34,25.24,16.87,90.47,0.95,11.9
2024-05-23,28.5,33.42,24.92,9.27,82.61,0.86,18.87
2024-05-24,28.37,32.78,25.13,4.79,85.53,0.85,10.64
2024-05-25,28.16,32.73,25.18,12.53,85.71,0.83,19.48
2024-05-26,29.1,34.71,25.35,8.65,82.35,0.95,18.5
2024-05-27,27.78,32.51,24.52,9.03,85.76,1.35,15.54
2024-05-28,27.28,31.35,24.31,8.27,86.94,0.98,19.19
2024-05-29,27.37,31.79,24.74,16.46,87.35,0.84,9.75
2024-05-30,28.28,32.36,24.31,11.07,84.56,0.91,18.52
2024-05-31,28.45,33.33,25.83,11.58,83.89,0.84,18.04
2024-06-01,29.86,35.84,25.53,1.05,80.05,0.97,22.78
2024-06-02,30.05,34.62,26.29,3.62,81.06,0.76,18.32
2024-06-03,28.72,32.64,25.93,8.28,85.3,0.93,19.49
2024-06-04,27.95,31.8,25.13,21.34,87.39,0.81,16.38
2024-06-05,28.14,32.01,24.93,5.15,82.88,0.73,17.17
2024-06-06,27.51,30.98,24.42,13.21,86.59,0.81,3.81
2024-06-07,28.46,34.88,23.7,0.59,81.11,0.74,20.06
2024-06-08,29.18,34.22,25.5,12.74,81.96,0.97,20.75
2024-06-09,28.62,33.04,25.12,21.06,84.18,0.98,14.85
2024-06-10,28.12,32.52,25.18,7.15,84.49,0.9,19.84
2024-06-11,28.0,33.21,24.06,4.21,83.42,0.95,17.25
2024-06-12,27.42,31.35,24.67,3.24,87.62,1.07,18.7
2024-06-13,27.82,32.27,24.57,4.88,83.75,0.95,17.38
2024-06-14,26.85,30.56,24.25,8.13,89.69,1.14,16.99
2024-06-15,25.74,27.91,24.16,3.44,93.29,0.91,12.75
2024-06-16,27.28,31.52,24.12,0.41,86.16,0.6,12.14
2024-06-17,28.31,33.38,24.26,0.48,80.77,1.07,20.97
2024-06-18,27.89,31.8,24.94,0.9,86.39,0.98,16.18
2024-06-19,27.06,30.52,24.75,2.42,86.27,0.69,19.1
2024-06-20,26.48,30.85,23.37,2.11,84.33,0.59,15.99
2024-06-21,27.49,32.89,23.13,3.11,83.52,1.04,19.06
2024-06-22,28.6,34.92,24.56,3.61,80.37,1.17,16.77
2024-06-23,28.3,33.56,24.11,2.17,82.21,0.98,14.25
2024-06-24,28.48,33.63,24.61,5.46,81.35,0.92,16.66
2024-06-25,27.59,31.72,24.7,11.07,85.4,0.87,16.44
2024-06-26,26.67,30.09,24.3,4.92,88.52,0.73,16.74
2024-06-27,26.7,30.91,23.29,9.94,86.02,0.8,18.52
2024-06-28,26.23,29.99,23.5,2.29,88.07,0.86,20.07
2024-06-29,27.67,33.76,22.67,1.51,81.69,0.79,18.87
2024-06-30,28.22,33.99,24.3,3.26,80.68,1.14,23.6
2024-07-01,28.11,33.07,24.77,8.0,81.52,0.91,20.63
2024-07-02,28.04,32.79,24.29,2.33,85.0,0.85,17.11
2024-07-03,28.71,35.81,24.2,6.4,81.71,0.73,20.24
2024-07-04,27.52,31.63,24.34,2.86,86.4,0.73,16.14
2024-07-05,26.41,30.6,23.95,11.62,87.45,0.8,11.27
2024-07-06,27.34,33.32,23.26,0.42,82.62,1.22,20.83
2024-07-07,28.11,33.56,24.07,31.31,82.83,1.01,21.82
2024-07-08,28.69,34.42,24.95,16.58,83.13,1.11,24.44
2024-07-09,29.05,33.71,25.44,1.25,80.09,0.96,19.85
2024-07-10,28.8,34.08,24.91,0.43,80.27,0.94,20.79
2024-07-11,27.68,31.65,25.15,0.05,86.66,0.83,15.16
2024-07-12,27.95,32.61,24.98,0.35,84.74,0.92,22.78
2024-07-13,28.47,32.94,25.05,2.92,81.27,0.93,21.05
2024-07-14,29.07,34.96,25.05,0.97,79.48,1.17,23.83
2024-07-15,29.69,36.1,25.36,0.07,77.92,1.0,23.85
2024-07-16,30.37,35.98,26.38,0.47,75.81,0.54,21.17
2024-07-17,29.77,35.17,25.99,15.21,77.69,0.83,18.56
2024-07-18,26.73,29.23,25.08,12.99,87.64,0.93,21.16
2024-07-19,27.99,33.5,23.59,2.49,78.84,0.84,16.17
2024-07-20,28.27,33.86,24.44,0.03,82.09,1.05,21.15
2024-07-21,28.98,34.32,25.22,0.75,81.0,1.14,20.89
2024-07-22,28.72,34.12,25.2,3.9,82.62,1.18,21.98
2024-07-23,28.14,33.13,25.6,16.58,87.76,1.03,20.65
2024-07-24,29.54,35.18,25.46,9.67,80.35,0.83,21.42
2024-07-25,29.17,34.52,25.71,7.14,81.53,0.82,17.33
2024-07-26,28.86,33.14,25.52,11.95,79.81,0.87,18.38
2024-07-27,28.56,33.07,24.98,15.77,80.41,1.0,19.28
2024-07-28,28.55,33.26,25.05,4.47,82.16,1.03,16.5
2024-07-29,28.8,33.83,25.45,0.52,83.02,1.12,24.36
2024-07-30,29.3,34.2,25.24,2.78,80.83,0.84,20.37
2024-07-31,28.7,34.26,24.57,2.22,80.37,1.05,24.05
2024-08-01,28.11,33.51,24.65,47.33,85.72,0.84,19.03
2024-08-02,27.88,32.11,24.31,9.08,82.68,0.8,20.19
2024-08-03,27.34,31.78,24.13,6.73,84.84,0.94,14.48
2024-08-04,28.15,33.26,24.58,2.4,83.33,0.88,21.47
2024-08-05,28.72,33.81,25.09,4.93,83.1,0.88,17.46
2024-08-06,26.39,29.41,24.23,3.47,91.19,0.81,17.94
2024-08-07,27.67,33.07,23.79,0.72,80.8,0.69,9.64
2024-08-08,28.0,33.2,23.96,5.18,82.23,1.0,18.65
2024-08-09,27.45,32.17,24.18,4.81,85.47,1.05,16.41
2024-08-10,27.52,32.56,24.94,0.81,85.05,0.9,16.4
2024-08-11,26.55,30.12,23.73,1.51,87.35,0.88,22.68
2024-08-12,28.05,34.48,23.24,4.06,81.2,0.85,21.59
2024-08-13,28.71,34.95,24.69,7.08,79.83,0.98,21.32
2024-08-14,28.45,33.54,24.77,4.08,79.52,0.8,20.46
2024-08-15,29.5,36.17,24.75,1.81,76.57,0.78,20.84
2024-08-16,29.23,35.48,24.61,1.52,78.88,1.01,21.78
2024-08-17,27.68,31.54,24.99,1.56,82.49,0.83,13.74
2024-08-18,28.72,35.66,23.57,0.38,75.23,1.13,24.12
2024-08-19,28.58,34.43,24.22,1.53,81.53,1.06,19.99
2024-08-20,29.77,36.26,25.35,2.41,76.89,1.1,20.51
2024-08-21,28.78,33.59,25.57,4.09,82.89,0.85,16.91
2024-08-22,27.97,32.28,25.06,23.41,87.2,0.88,12.11
2024-08-23,28.23,33.92,24.81,11.15,83.95,0.76,20.11
2024-08-24,28.99,35.95,25.04,14.45,80.85,0.82,18.54
2024-08-25,28.16,33.24,24.56,0.65,83.36,0.76,15.81
2024-08-26,27.22,30.83,24.68,1.78,84.23,0.79,13.04
2024-08-27,28.0,33.66,23.44,0.58,79.87,1.13,20.48
2024-08-28,28.55,35.07,24.58,0.08,80.19,1.33,20.89
2024-08-29,29.17,35.54,25.0,0.3,79.66,1.08,21.04
2024-08-30,29.19,35.72,25.29,0.68,79.02,0.81,20.37
2024-08-31,27.69,32.12,24.73,2.17,86.05,0.67,18.58
2024-09-01,27.67,31.46,24.86,1.49,84.05,0.67,19.12
2024-09-02,27.89,33.0,23.5,1.47,81.01,1.05,19.9
2024-09-03,28.71,35.05,24.55,4.48,82.24,0.8,18.27
2024-09-04,28.55,33.73,25.05,3.53,83.5,0.96,20.1
2024-09-05,29.08,34.32,25.04,1.65,81.04,0.81,18.66
2024-09-06,28.73,33.57,25.32,9.49,84.05,0.96,17.09
2024-09-07,27.59,31.07,24.78,1.56,87.75,0.95,17.88
2024-09-08,27.75,31.68,23.8,0.09,83.7,0.88,15.71
2024-09-09,28.79,33.81,25.34,0.02,80.02,0.75,18.97
2024-09-10,29.13,35.2,24.8,3.27,79.93,0.89,16.12
2024-09-11,28.64,33.72,25.48,4.89,83.71,0.73,19.56
2024-09-12,28.16,33.1,25.16,2.68,85.63,0.76,6.71
2024-09-13,28.38,33.73,24.49,0.57,82.35,0.93,15.93
2024-09-14,29.21,35.47,25.23,0.01,80.62,0.94,19.79
2024-09-15,30.15,37.23,25.82,0.77,77.09,0.88,22.88
2024-09-16,30.7,37.76,25.63,1.68,76.28,0.64,15.94
2024-09-17,29.7,35.45,25.53,0.35,78.56,1.01,13.68
2024-09-18,28.82,33.83,25.47,0.1,84.0,1.05,21.6
2024-09-19,28.96,34.02,25.39,1.69,82.34,0.85,19.67
2024-09-20,27.89,32.59,25.08,24.23,85.8,0.93,15.76
2024-09-21,27.26,31.98,24.0,3.23,86.38,1.11,21.08
2024-09-22,26.73,32.22,23.36,2.93,86.27,1.04,17.21
2024-09-23,27.17,32.56,23.69,5.08,83.24,0.94,20.91
2024-09-24,28.38,33.63,24.19,7.43,80.25,0.81,19.88
2024-09-25,27.41,32.19,24.44,3.13,85.47,1.01,10.93
2024-09-26,27.13,31.85,23.91,1.85,84.24,0.86,13.0
2024-09-27,28.0,33.77,23.87,3.05,80.84,1.06,19.65
2024-09-28,27.62,33.11,24.51,12.27,88.47,0.85,14.38
2024-09-29,25.7,29.79,22.77,9.36,87.91,0.7,14.91
2024-09-30,27.31,34.61,21.91,14.22,78.58,0.9,19.84
2024-10-01,28.23,35.52,23.68,14.78,78.18,0.9,18.96
2024-10-02,27.7,33.17,23.32,1.47,80.4,0.89,18.88
2024-10-03,27.92,33.42,23.69,11.57,83.31,0.86,19.6
2024-10-04,27.64,31.79,24.98,8.62,87.49,0.84,17.85
2024-10-05,27.68,32.01,24.5,2.89,83.5,0.84,18.53
2024-10-06,27.73,32.38,24.19,6.26,86.61,0.85,16.78
2024-10-07,28.21,34.65,24.41,1.56,82.0,1.1,16.42
2024-10-08,26.42,30.44,24.15,2.26,86.66,0.91,15.57
2024-10-09,27.21,33.57,22.85,1.06,80.61,0.8,20.87
2024-10-10,28.04,33.76,23.6,7.08,81.52,0.76,10.91
2024-10-11,27.74,32.28,24.03,10.81,83.44,0.98,19.5
2024-10-12,27.63,31.84,24.52,2.44,84.92,0.94,18.22
2024-10-13,28.02,32.11,24.79,7.79,85.02,1.0,11.53
2024-10-14,28.76,37.52,24.71,25.14,83.45,0.82,17.57
2024-10-15,27.16,32.42,24.31,25.56,86.62,0.8,13.8
2024-10-16,26.86,31.18,24.08,0.03,84.68,0.78,13.05
2024-10-17,28.01,33.38,24.05,4.32,83.41,0.88,18.91
2024-10-18,28.53,33.67,24.73,9.66,83.99,0.98,19.29
2024-10-19,27.97,32.51,25.05,6.74,86.62,0.84,14.93
2024-10-20,27.97,34.0,24.36,20.02,84.41,0.94,16.19
2024-10-21,26.82,31.28,24.22,16.29,87.99,1.26,17.64
2024-10-22,26.56,29.99,24.22,3.06,89.24,0.9,17.22
2024-10-23,27.56,32.59,23.86,0.57,84.53,1.05,16.61
2024-10-24,28.3,34.39,24.31,0.35,82.85,1.01,16.98
2024-10-25,28.45,33.58,24.91,0.04,83.39,1.15,19.75
2024-10-26,28.43,32.95,25.56,0.62,85.59,1.02,14.58
2024-10-27,28.46,32.57,25.19,0.11,84.21,0.82,18.48
2024-10-28,28.24,32.5,25.27,1.66,85.58,0.93,17.48
2024-10-29,28.26,32.51,24.76,0.35,85.58,0.81,16.21
2024-10-30,28.41,32.63,25.08,4.98,83.41,0.83,14.44
2024-10-31,27.59,33.39,24.7,17.38,84.19,0.72,12.22
2024-11-01,26.75,32.46,23.47,55.9,86.1,0.66,13.59
2024-11-02,25.3,28.41,22.89,2.65,90.98,0.89,13.56
2024-11-03,25.28,27.45,23.37,4.37,93.46,0.7,13.78
2024-11-04,26.51,30.87,22.56,1.05,86.34,0.98,14.89
2024-11-05,27.92,34.64,22.87,0.39,79.34,0.8,18.21
2024-11-06,27.48,32.35,23.85,1.29,82.76,0.99,17.31
2024-11-07,26.06,29.51,24.22,3.75,92.55,1.18,11.52
2024-11-08,26.23,29.67,23.68,1.61,90.13,1.04,10.07
2024-11-09,26.29,31.32,23.59,1.45,88.1,1.14,18.03
2024-11-10,27.34,33.44,23.08,6.23,82.29,0.75,17.81
2024-11-11,24.71,26.49,22.4,14.34,89.89,0.93,8.38
2024-11-12,26.72,34.23,22.02,0.32,80.33,0.67,19.96
2024-11-13,27.91,36.89,22.81,0.69,77.44,0.73,20.71
2024-11-14,26.59,32.33,22.1,1.27,80.58,0.75,18.07
2024-11-15,26.9,33.87,21.93,0.49,80.33,0.85,19.58
2024-11-16,26.64,33.3,21.77,1.07,82.3,0.99,16.1
2024-11-17,26.77,32.07,23.29,4.78,85.68,0.87,14.04
2024-11-18,27.81,35.22,23.13,2.06,83.28,0.93,16.57
2024-11-19,28.25,34.42,23.49,1.46,81.21,0.86,16.34
2024-11-20,26.63,31.21,23.69,1.12,88.36,0.79,19.25
2024-11-21,27.07,31.7,23.19,1.27,82.96,0.7,16.62
2024-11-22,27.09,32.79,23.32,1.35,83.97,1.12,13.92
2024-11-23,27.05,31.92,23.64,4.34,84.4,0.71,16.64
2024-11-24,27.87,34.2,23.77,4.06,81.95,1.0,16.22
2024-11-25,28.36,33.29,24.44,3.46,81.0,0.88,18.03
2024-11-26,27.48,32.89,24.59,5.29,86.42,0.9,16.77
2024-11-27,27.71,33.15,24.04,1.96,83.25,0.97,16.83
2024-11-28,27.55,32.01,24.38,4.24,83.79,0.83,15.31
2024-11-29,27.68,33.37,23.52,11.23,84.8,0.94,15.11
2024-11-30,28.08,34.09,24.81,2.55,84.1,1.13,18.92
2024-12-01,28.74,35.03,24.56,0.45,80.65,0.96,17.09
2024-12-02,27.1,31.66,24.73,5.47,88.46,1.13,14.48
2024-12-03,28.02,34.07,24.61,1.43,83.58,1.04,17.17
2024-12-04,25.94,29.87,23.71,4.23,90.65,1.1,14.82
2024-12-05,27.87,34.57,23.33,0.44,80.81,1.05,16.89
2024-12-06,27.4,33.6,23.65,0.04,81.28,1.32,19.44
2024-12-07,26.61,32.94,22.82,0.06,79.11,1.45,20.6
2024-12-08,26.75,33.47,21.87,0.0,79.79,1.33,20.43
2024-12-09,27.91,34.55,23.24,0.0,79.96,1.29,17.84
2024-12-10,28.22,34.86,23.85,0.13,79.56,1.34,19.77
2024-12-11,28.62,35.07,24.37,0.23,79.57,1.13,17.21
2024-12-12,28.32,34.32,24.92,0.48,81.42,1.14,18.38
2024-12-13,27.95,34.91,23.75,0.01,79.19,1.21,20.48
2024-12-14,27.25,34.04,22.83,4.91,82.08,1.08,19.57
2024-12-15,27.68,34.91,22.42,2.23,78.37,0.92,17.17
2024-12-16,28.03,34.41,23.3,0.18,77.87,0.8,15.67
2024-12-17,28.07,34.02,24.15,0.02,80.26,1.04,17.52
2024-12-18,28.73,35.14,24.68,0.0,79.92,0.97,15.75
2024-12-19,28.1,32.6,25.34,0.11,83.94,0.93,10.44
2024-12-20,28.35,34.1,25.05,0.96,81.69,0.97,15.31
2024-12-21,27.98,33.1,24.55,0.58,83.98,0.98,14.7
2024-12-22,28.02,33.91,24.58,2.08,83.9,1.0,12.59
2024-12-23,26.73,30.41,24.48,0.77,87.26,1.08,12.09
2024-12-24,27.47,32.54,24.2,4.79,83.12,0.96,14.9
2024-12-25,28.06,34.22,24.33,1.73,79.84,0.93,16.64
2024-12-26,25.92,30.08,23.83,4.5,90.0,1.17,11.58
2024-12-27,26.51,31.53,22.93,1.64,84.44,0.96,16.49
2024-12-28,27.29,32.95,23.51,6.4,84.65,1.03,13.67
2024-12-29,27.39,32.89,23.65,3.96,84.68,0.7,14.12
2024-12-30,26.22,30.22,23.32,1.22,85.75,0.78,15.21
2024-12-31,25.83,30.0,23.12,1.22,85.56,0.86,16.09
2025-01-01,27.04,32.34,22.68,11.78,79.98,0.84,16.93
2025-01-02,27.26,33.05,23.21,35.77,82.0,0.9,17.98
2025-01-03,26.87,32.45,23.75,29.32,87.29,0.83,16.29
2025-01-04,26.86,32.8,23.69,7.16,85.75,0.83,15.2
2025-01-05,26.88,30.56,23.74,9.01,84.69,0.98,13.98
2025-01-06,27.01,32.04,23.72,2.48,83.2,1.05,16.01
2025-01-07,28.35,35.22,23.85,0.0,79.08,1.05,17.73
2025-01-08,28.08,34.73,24.07,0.01,79.04,1.52,18.82
2025-01-09,27.66,34.51,23.66,0.04,79.39,1.31,19.36
2025-01-10,27.77,34.49,23.41,0.04,76.66,1.29,20.75
2025-01-11,27.83,34.95,23.52,0.23,79.1,1.14,18.71
2025-01-12,27.64,34.32,22.87,0.25,76.5,1.34,21.32
2025-01-13,28.28,35.21,23.09,0.0,77.81,1.16,18.74
2025-01-14,27.6,33.22,23.69,0.0,80.57,1.64,18.89
2025-01-15,27.53,34.22,23.06,0.0,80.49,1.51,18.77
2025-01-16,27.73,35.16,23.0,0.22,78.14,1.38,19.33
2025-01-17,27.91,35.1,22.75,0.12,76.53,1.07,20.6
2025-01-18,27.95,35.42,22.66,0.01,76.61,1.17,21.42
2025-01-19,28.22,35.42,23.46,0.01,75.9,1.28,20.99
2025-01-20,28.66,35.57,23.78,0.0,74.21,1.29,20.24
2025-01-21,28.26,35.88,23.3,0.01,74.52,1.35,21.87
2025-01-22,28.61,36.18,23.84,0.0,73.39,1.17,21.02
2025-01-23,28.8,36.15,23.9,0.0,73.72,1.28,21.79
2025-01-24,28.38,34.91,23.92,0.3,77.96,1.1,20.67
2025-01-25,28.1,34.47,23.22,0.32,75.45,1.2,19.78
2025-01-26,28.17,34.64,23.79,0.27,75.88,1.3,20.43
2025-01-27,28.1,34.35,24.02,0.48,77.23,1.28,20.76
2025-01-28,27.87,33.14,23.93,1.32,78.1,0.99,13.7
2025-01-29,27.76,33.5,23.49,0.19,79.36,1.05,17.71
2025-01-30,28.79,36.45,23.83,0.1,77.25,1.37,18.49
2025-01-31,28.96,34.76,25.08,0.54,78.1,1.15,18.97
2025-02-01,29.15,36.83,25.08,12.46,76.7,1.2,19.01
2025-02-02,27.9,33.49,24.46,7.07,79.0,1.29,16.5
2025-02-03,28.33,36.56,22.61,0.08,74.52,1.57,18.85
2025-02-04,28.21,34.83,24.15,0.29,74.54,1.16,18.13
2025-02-05,28.7,35.72,23.81,0.73,74.42,1.35,17.22
2025-02-06,28.18,34.76,23.94,0.07,74.87,1.27,17.74
2025-02-07,29.06,37.36,23.59,1.97,72.97,1.3,19.33
2025-02-08,27.53,32.55,24.25,10.24,78.06,1.22,13.48
2025-02-09,28.06,34.98,23.67,3.89,77.23,1.35,13.99
2025-02-10,27.99,33.99,23.66,0.71,75.3,1.23,17.43
2025-02-11,27.79,34.07,23.13,1.28,77.15,1.15,18.54
2025-02-12,29.03,36.65,23.68,1.81,72.46,1.2,18.46
2025-02-13,29.09,37.23,24.21,3.65,74.74,1.28,18.78
2025-02-14,28.94,36.85,24.18,4.42,74.44,1.36,17.34
2025-02-15,28.71,35.73,24.04,1.6,74.25,1.12,17.92
2025-02-16,28.33,36.38,23.07,0.57,73.84,1.34,18.38
2025-02-17,28.71,36.63,23.57,1.39,73.12,1.18,15.67
2025-02-18,27.75,34.06,23.73,1.32,78.83,1.14,18.53
2025-02-19,28.83,36.38,24.33,1.66,75.07,1.09,17.39
2025-02-20,28.73,36.44,23.95,2.02,77.25,1.38,17.12
2025-02-21,29.06,36.53,24.27,0.94,75.95,1.3,17.72
2025-02-22,29.28,37.35,24.19,0.39,72.99,1.36,16.29
2025-02-23,29.15,37.01,24.13,0.94,73.29,1.41,15.11
2025-02-24,28.13,35.15,24.3,2.39,78.47,1.79,14.83
2025-02-25,28.18,35.04,24.07,4.52,79.0,1.5,13.09
2025-02-26,27.09,31.86,24.33,1.59,83.46,1.64,9.45
2025-02-27,28.76,36.47,23.77,0.11,76.96,1.27,16.59
2025-02-28,27.76,33.15,24.37,0.36,79.24,1.44,16.12
2025-03-01,28.42,34.87,23.84,0.19,76.82,1.18,19.79
2025-03-02,28.45,35.62,24.5,5.01,77.71,1.83,17.72
2025-03-03,26.98,31.84,23.83,3.44,81.58,1.43,17.18
2025-03-04,27.84,34.85,23.16,0.68,77.11,1.45,16.46
2025-03-05,27.89,34.97,23.77,2.08,77.63,1.84,17.31
2025-03-06,27.43,33.18,23.98,1.66,78.29,2.12,18.48
2025-03-07,27.84,34.86,23.59,2.42,76.83,1.28,18.45
2025-03-08,29.46,38.25,23.66,0.0,70.76,1.63,21.94
2025-03-09,29.55,37.86,24.22,0.11,71.79,1.47,19.51
2025-03-10,29.19,37.91,23.94,0.14,71.18,1.7,17.59
2025-03-11,28.97,37.13,23.5,1.43,72.36,1.65,18.52
2025-03-12,29.1,37.2,23.98,1.2,72.14,1.59,19.02
2025-03-13,29.15,37.51,23.6,0.14,71.62,1.71,18.04
2025-03-14,28.45,35.2,24.34,0.33,75.27,1.79,18.07
2025-03-15,28.97,36.38,24.52,0.2,72.99,1.45,18.93
2025-03-16,28.51,35.03,24.17,5.16,76.88,1.47,16.81
2025-03-17,28.53,34.94,24.63,9.21,79.71,1.38,15.34
2025-03-18,26.25,30.28,22.97,24.8,84.75,1.88,10.23
2025-03-19,28.37,36.85,22.3,0.37,73.69,1.53,15.59
2025-03-20,29.31,37.95,23.24,7.08,73.52,1.33,17.23
2025-03-21,29.09,34.72,25.05,9.82,78.95,1.23,14.27
2025-03-22,28.98,35.3,25.32,0.24,77.58,1.38,19.57
2025-03-23,29.52,37.02,24.87,1.68,75.61,1.57,19.84
2025-03-24,31.03,38.95,25.68,1.03,70.62,1.66,21.93
2025-03-25,30.36,37.98,25.44,6.33,74.4,1.67,16.28
2025-03-26,29.02,35.17,25.14,55.98,79.39,1.31,18.39
2025-03-27,29.42,37.41,24.75,1.05,75.83,1.36,18.11
2025-03-28,28.21,34.09,24.75,0.56,80.57,1.24,17.14
2025-03-29,28.59,33.57,24.51,0.37,78.86,1.17,18.8
2025-03-30,26.98,30.37,24.9,0.5,84.26,1.15,12.86
2025-03-31,29.13,36.92,24.41,0.53,75.38,1.46,20.14
2025-04-01,29.02,35.06,24.6,1.17,77.18,1.42,18.2
2025-04-02,28.55,33.87,25.01,1.73,78.18,1.2,17.39
2025-04-03,27.54,31.86,25.53,4.02,83.27,0.97,15.84
2025-04-04,28.56,34.7,24.81,6.94,77.87,1.21,13.18
2025-04-05,29.8,37.37,24.62,3.03,72.56,1.32,18.17
2025-04-06,27.66,31.49,25.5,14.52,85.14,1.03,15.84
2025-04-07,28.0,32.75,25.05,14.07,84.77,0.86,17.55
2025-04-08,29.02,34.72,24.68,0.83,79.62,0.59,20.56
2025-04-09,28.7,33.52,25.48,0.94,82.04,1.31,12.11
2025-04-10,26.71,29.26,25.23,4.26,89.11,1.42,4.81
2025-04-11,27.44,31.95,24.75,0.54,85.56,1.12,15.0
2025-04-12,27.51,33.01,24.5,0.15,81.86,1.23,20.7
2025-04-13,29.3,36.38,24.3,0.51,76.68,1.19,16.42
2025-04-14,30.19,38.16,25.3,0.43,73.02,1.44,20.65
2025-04-15,29.94,37.53,25.09,0.01,75.05,1.26,19.14
2025-04-16,29.95,37.32,25.57,0.73,75.27,1.39,18.85
2025-04-17,29.95,37.35,25.48,0.31,74.35,1.24,18.94
2025-04-18,29.89,37.26,25.01,4.37,74.95,1.49,16.85
2025-04-19,29.28,34.97,25.88,6.91,79.87,1.2,17.46
2025-04-20,28.36,34.42,24.83,4.65,77.85,1.51,16.9
2025-04-21,28.16,32.61,25.09,3.19,78.95,1.14,16.85
2025-04-22,27.91,32.6,24.35,2.95,79.66,1.12,17.33
2025-04-23,26.79,31.37,24.46,7.22,84.7,1.1,18.09
2025-04-24,28.62,35.46,24.12,4.67,77.69,1.45,19.95
2025-04-25,28.1,34.71,24.36,12.05,80.25,1.66,18.82
2025-04-26,27.5,32.44,24.48,8.55,84.78,0.92,11.71
2025-04-27,28.57,35.28,24.37,3.38,80.2,1.04,20.66
2025-04-28,27.76,33.32,24.89,9.76,83.13,1.22,17.7
2025-04-29,27.15,31.45,24.56,10.34,85.59,1.09,15.24
2025-04-30,27.6,33.05,24.33,3.28,83.63,1.08,16.44
2025-05-01,27.23,31.86,24.79,1.76,85.95,1.13,8.42
2025-05-02,28.66,35.44,24.05,2.62,77.94,0.96,17.64
2025-05-03,27.69,31.91,24.48,16.82,81.75,0.95,9.21
2025-05-04,26.95,30.45,24.04,9.29,84.77,0.92,17.29
2025-05-05,27.61,32.94,23.68,8.36,82.06,0.86,18.75
2025-05-06,27.24,33.09,23.38,15.9,84.1,1.28,15.48
2025-05-07,27.83,31.97,23.99,17.06,81.45,0.78,11.14
2025-05-08,26.99,30.63,24.46,6.3,85.63,1.04,16.32
2025-05-09,28.08,33.32,24.23,0.78,80.84,0.97,21.78
2025-05-10,29.08,34.61,24.5,2.36,78.0,0.94,20.85
2025-05-11,30.2,37.05,25.07,3.23,76.43,1.0,22.06
2025-05-12,28.72,33.0,25.52,10.4,82.99,1.08,21.52
2025-05-13,28.92,33.94,25.62,4.15,81.59,1.32,15.53
2025-05-14,26.63,28.67,24.88,0.75,92.11,1.42,14.9
2025-05-15,26.61,30.38,24.53,1.51,90.17,1.12,9.03
2025-05-16,26.84,31.3,23.55,3.84,88.16,0.88,9.35
2025-05-17,28.08,33.6,23.92,2.39,81.22,0.88,21.49
2025-05-18,27.94,32.72,24.36,3.48,83.46,0.82,15.9
2025-05-19,27.44,31.6,24.36,1.78,83.96,0.78,20.99
2025-05-20,28.35,34.45,24.1,0.77,81.53,0.77,15.18
2025-05-21,28.1,32.96,24.98,8.84,85.08,0.85,19.89
2025-05-22,28.04,32.4,25.3,3.8,83.24,1.16,16.7
2025-05-23,29.1,35.34,24.56,1.76,77.6,1.33,21.2
2025-05-24,28.81,33.69,25.36,2.39,79.47,1.14,20.14
2025-05-25,29.35,35.57,25.12,0.73,77.04,1.19,19.55
2025-05-26,28.95,33.92,25.54,1.75,80.57,0.96,12.87
2025-05-27,28.31,33.6,25.03,0.48,80.8,1.23,12.63
2025-05-28,29.21,36.31,24.02,0.1,73.67,1.27,19.4
2025-05-29,27.94,32.33,24.97,2.06,84.88,1.04,20.28
2025-05-30,28.34,33.79,24.25,1.76,81.35,1.05,17.64
2025-05-31,28.37,32.7,25.43,9.98,82.81,0.79,13.9
2025-06-01,28.46,34.31,24.75,7.35,80.44,1.11,16.87
2025-06-02,27.87,32.26,24.47,43.4,84.42,0.87,17.55
2025-06-03,26.7,30.37,24.38,25.77,88.83,1.22,8.81
2025-06-04,26.88,30.85,23.81,3.46,83.45,1.01,19.63
2025-06-05,26.63,30.64,23.44,32.97,86.28,0.88,12.93
2025-06-06,27.19,31.94,23.91,4.02,85.39,0.96,16.41
2025-06-07,28.45,33.66,24.95,0.72,81.76,1.1,21.72
2025-06-08,28.55,34.29,24.64,1.67,81.11,1.16,19.18
2025-06-09,27.77,32.27,24.6,0.87,84.13,0.97,15.44
2025-06-10,28.2,34.11,24.68,13.0,82.86,0.8,15.34
2025-06-11,26.36,29.78,24.24,6.41,89.36,0.85,15.97
2025-06-12,27.81,33.17,23.77,11.08,82.78,1.09,17.28
2025-06-13,27.01,31.04,24.35,10.17,86.93,0.79,15.85
2025-06-14,27.34,32.2,24.16,0.34,83.68,0.77,17.18
2025-06-15,28.0,33.39,24.21,1.03,82.22,1.11,18.98
2025-06-16,28.27,33.61,25.04,4.85,81.78,0.94,15.9
2025-06-17,28.21,33.73,24.33,3.1,81.48,1.14,17.93
2025-06-18,28.09,33.13,24.47,54.24,83.67,0.92,19.66
2025-06-19,28.76,35.27,24.69,12.3,81.5,1.32,21.15
2025-06-20,27.79,32.63,24.97,15.73,87.15,1.09,19.61
2025-06-21,28.08,33.11,24.68,9.35,83.3,1.37,19.39
2025-06-22,27.54,31.68,23.8,13.13,82.19,0.94,16.37
2025-06-23,27.7,33.46,22.77,8.88,80.75,0.94,16.89
2025-06-24,26.84,29.97,24.03,1.44,84.19,0.86,14.77
2025-06-25,27.79,34.33,23.66,2.25,81.36,1.24,20.85
2025-06-26,28.78,35.04,23.77,4.77,79.41,0.96,19.21
2025-06-27,28.73,34.7,24.9,12.09,81.37,1.08,20.2
2025-06-28,29.02,34.45,25.08,4.56,79.32,0.73,18.55
2025-06-29,27.97,32.28,25.01,3.83,84.68,1.12,21.08
2025-06-30,28.39,32.56,25.16,5.91,82.78,1.0,19.92
2025-07-01,28.71,33.66,25.09,3.15,79.66,1.19,19.36
2025-07-02,27.37,31.92,24.55,6.89,87.67,0.91,17.15
2025-07-03,27.42,31.86,24.4,4.36,85.41,0.96,20.85
2025-07-04,27.96,33.4,24.09,15.89,82.63,0.93,8.66
2025-07-05,27.25,31.32,23.7,6.16,79.95,0.97,9.57
2025-07-06,26.57,30.37,23.49,0.17,83.05,1.0,19.41
2025-07-07,26.8,32.04,22.8,0.23,84.34,1.09,22.48
2025-07-08,27.44,31.48,24.37,0.84,83.74,0.94,15.88
2025-07-09,27.7,32.38,24.31,7.75,82.99,0.97,20.09
2025-07-10,28.11,32.83,24.72,2.0,81.8,0.71,18.54
2025-07-11,27.16,30.82,24.45,9.98,85.32,0.8,16.23
2025-07-12,27.47,32.46,23.08,22.73,81.68,1.06,18.68
2025-07-13,27.31,32.63,23.73,14.71,83.64,1.27,16.88
2025-07-14,27.87,32.7,24.44,4.57,81.29,1.15,20.3
2025-07-15,28.43,34.05,23.98,0.67,80.93,0.99,22.33
2025-07-16,28.75,34.86,24.17,0.51,80.32,1.07,22.18
2025-07-17,28.53,33.35,24.95,1.79,80.71,1.18,22.7
2025-07-18,29.42,34.87,24.7,1.2,74.16,0.93,24.01
2025-07-19,29.29,35.12,24.9,0.22,76.33,0.94,22.4
2025-07-20,28.87,33.82,25.11,2.63,79.52,0.95,22.86
2025-07-21,28.13,32.75,25.17,3.15,83.09,0.92,18.88
2025-07-22,28.67,33.85,25.09,0.4,78.9,0.59,16.94
2025-07-23,27.79,33.15,24.51,3.29,84.39,0.88,14.04
2025-07-24,28.79,34.74,24.86,3.69,80.53,0.98,21.33
2025-07-25,28.54,34.42,24.57,2.22,80.57,0.89,14.8
2025-07-26,27.94,33.62,24.28,16.04,82.03,0.91,19.82
2025-07-27,27.56,31.11,24.47,6.42,83.82,0.91,23.01
2025-07-28,28.38,33.38,24.12,4.82,79.64,1.02,19.09
2025-07-29,28.06,32.5,24.8,10.33,82.83,0.66,19.93
2025-07-30,27.13,31.84,24.35,8.23,84.57,1.08,16.02
2025-07-31,27.53,33.77,22.82,0.06,81.09,1.09,19.82
2025-08-01,29.13,35.1,24.93,0.05,77.37,1.0,16.56
2025-08-02,27.72,31.93,24.77,0.29,85.1,0.94,16.5
2025-08-03,27.99,32.13,24.64,9.19,82.52,0.89,19.67
2025-08-04,27.61,31.88,24.42,4.22,83.25,1.02,17.33
2025-08-05,27.95,32.85,23.73,2.68,80.18,0.84,21.25
2025-08-06,27.87,33.17,24.28,5.25,82.43,0.82,21.81
2025-08-07,27.84,32.6,24.3,3.32,81.77,0.81,20.23
2025-08-08,28.75,34.7,24.13,3.68,76.85,0.79,18.91
2025-08-09,27.93,32.58,24.48,9.22,80.59,0.85,14.3
2025-08-10,26.83,30.39,23.96,10.65,85.97,0.82,17.96
2025-08-11,27.94,33.29,23.55,21.35,79.48,0.99,20.99
2025-08-12,28.26,33.6,23.62,14.84,78.98,1.19,22.89
2025-08-13,27.85,32.46,24.54,9.63,83.9,1.03,18.01
2025-08-14,28.46,34.52,23.97,9.76,79.1,0.96,19.45
2025-08-15,27.56,32.35,23.85,29.97,84.9,0.82,11.92
2025-08-16,26.45,32.27,23.54,28.27,86.15,0.8,14.19
2025-08-17,27.83,34.23,22.3,12.25,77.86,0.76,21.21
2025-08-18,27.74,32.52,24.02,7.9,81.76,0.78,17.03
2025-08-19,27.59,33.13,24.08,0.3,82.3,1.03,18.83
2025-08-20,28.52,34.57,24.42,1.69,80.26,0.99,20.32
2025-08-21,28.96,35.28,25.08,4.25,77.72,1.04,20.75
2025-08-22,27.91,33.31,24.41,5.49,83.92,0.86,18.34
2025-08-23,27.56,32.45,24.23,7.38,84.94,0.89,21.47
2025-08-24,28.32,33.96,24.03,0.96,80.71,1.19,22.37
2025-08-25,28.57,34.25,24.63,1.67,81.65,1.12,19.03
2025-08-26,28.37,32.51,25.03,4.63,83.95,0.84,20.57
2025-08-27,28.42,33.98,24.71,5.97,80.89,1.05,21.37
2025-08-28,28.27,33.14,25.16,23.54,84.73,0.83,19.99
2025-08-29,27.72,31.96,24.41,3.38,83.79,0.73,23.32
2025-08-30,27.89,33.49,23.87,3.22,82.52,0.93,18.23
2025-08-31,28.71,34.61,24.79,1.3,79.65,0.89,18.07
2025-09-01,27.64,31.99,24.71,9.42,87.44,0.95,20.85
2025-09-02,27.79,31.6,24.82,5.25,85.34,0.77,20.02
2025-09-03,27.88,31.81,24.62,1.97,83.85,0.9,15.7
2025-09-04,28.09,33.49,24.63,4.48,83.85,0.87,17.82
2025-09-05,27.78,32.31,24.3,19.61,83.98,0.78,18.92
2025-09-06,27.36,32.09,24.19,29.99,84.31,0.93,17.62
2025-09-07,26.69,31.51,23.73,5.45,87.28,0.9,18.58
2025-09-08,27.66,32.7,23.91,6.35,82.26,0.68,12.23
2025-09-09,28.05,33.89,23.55,4.9,80.51,1.22,21.41
2025-09-10,28.95,34.89,24.25,1.36,78.62,1.11,20.44
2025-09-11,29.0,34.94,24.78,4.05,80.46,0.9,19.13
2025-09-12,27.42,32.86,24.51,4.62,84.67,1.03,15.5
2025-09-13,27.51,32.32,23.36,4.75,83.27,0.92,19.04
2025-09-14,28.43,33.4,24.33,25.43,80.74,0.94,9.75
2025-09-15,28.7,34.64,24.57,7.96,77.64,1.06,21.58
2025-09-16,27.87,33.08,24.48,0.13,82.97,0.79,17.96
2025-09-17,25.69,28.25,23.68,2.37,93.0,1.21,17.53
2025-09-18,27.23,33.34,22.89,14.4,82.62,0.85,16.28
2025-09-19,28.31,34.36,23.71,10.93,79.91,0.56,20.39
2025-09-20,27.98,33.59,23.77,10.02,80.57,0.96,20.91
2025-09-21,28.12,33.6,24.05,7.47,82.32,1.11,15.25
2025-09-22,27.55,32.91,24.56,0.32,83.78,0.81,18.9
2025-09-23,28.52,34.52,24.37,0.07,80.61,1.02,19.01
2025-09-24,28.66,33.82,25.06,1.24,83.01,0.89,17.79
2025-09-25,26.58,29.32,24.58,5.31,91.02,0.8,21.99
2025-09-26,27.15,31.88,23.68,25.35,84.75,0.77,14.98
2025-09-27,27.51,32.81,23.27,10.76,83.4,0.7,20.73
2025-09-28,27.14,31.33,24.12,18.19,84.38,0.81,16.54
2025-09-29,27.14,31.87,23.74,20.98,85.42,1.06,18.15
2025-09-30,26.97,30.49,24.29,1.71,84.83,0.81,18.12
2025-10-01,27.82,33.21,23.85,3.56,81.16,0.76,17.67
2025-10-02,25.71,28.96,23.45,5.06,91.19,1.02,19.48
2025-10-03,25.74,30.31,23.33,1.56,89.82,0.68,16.35
2025-10-04,25.81,29.68,22.87,0.73,86.22,0.61,15.72
2025-10-05,27.24,33.97,22.69,2.94,82.11,0.96,18.92
2025-10-06,27.26,31.88,23.87,4.24,84.22,0.82,11.79
2025-10-07,27.4,32.94,23.92,0.76,82.8,0.94,20.73
2025-10-08,27.32,32.0,23.89,3.29,85.04,0.76,16.17
2025-10-09,27.26,32.4,23.72,8.86,84.89,1.1,17.11
2025-10-10,27.41,33.77,22.89,3.25,82.59,0.77,15.08
2025-10-11,25.52,29.55,23.36,5.66,87.71,0.99,16.21
2025-10-12,26.41,31.96,22.32,1.2,83.56,0.94,18.18
2025-10-13,27.07,33.18,22.98,0.37,79.95,1.06,16.71
2025-10-14,27.09,32.62,23.62,3.12,83.88,0.98,18.46
2025-10-15,26.32,31.24,23.67,10.97,89.52,1.03,18.0
2025-10-16,27.23,32.79,22.87,3.79,82.06,0.91,9.38
2025-10-17,27.4,33.55,23.37,1.19,81.6,1.0,19.43
2025-10-18,27.22,33.4,23.29,2.48,84.39,1.1,17.76
2025-10-19,27.91,33.41,24.14,5.09,83.64,1.2,19.09
2025-10-20,27.83,33.56,24.57,6.24,83.94,0.87,17.09
2025-10-21,27.72,33.4,23.85,2.39,81.54,0.73,16.98
2025-10-22,27.69,34.05,23.7,0.89,81.04,0.93,14.1
2025-10-23,27.03,32.27,23.73,2.44,86.37,1.11,17.01
2025-10-24,27.38,33.63,24.39,0.6,86.51,0.69,17.91
2025-10-25,28.19,34.79,23.11,1.07,78.35,0.8,18.66
2025-10-26,29.09,35.85,24.43,0.77,77.18,0.6,19.36
2025-10-27,26.88,30.29,24.31,0.74,87.16,1.08,12.74
2025-10-28,26.77,30.19,24.37,0.0,87.07,1.05,17.61
2025-10-29,27.91,33.86,24.4,1.92,82.5,0.92,17.91
2025-10-30,27.83,32.39,24.7,4.72,84.41,0.77,15.97
2025-10-31,26.39,30.38,24.1,1.15,87.77,0.82,17.08
2025-11-01,26.49,30.43,23.74,0.74,87.28,1.04,17.34
2025-11-02,27.57,32.94,23.91,4.83,85.07,0.93,13.18
2025-11-03,27.62,32.01,24.34,2.19,84.44,0.85,15.54
2025-11-04,28.3,34.51,24.02,0.5,80.72,0.73,16.74
2025-11-05,26.79,31.03,24.14,0.15,86.27,0.79,17.21
2025-11-06,26.74,31.53,23.33,0.28,84.88,0.82,18.27
2025-11-07,27.3,32.58,23.53,0.1,84.0,0.85,15.85
2025-11-08,28.13,33.35,24.51,0.01,82.71,1.03,17.28
2025-11-09,28.93,34.49,24.86,3.68,79.78,0.95,16.63
2025-11-10,26.95,31.51,24.31,4.2,91.07,0.94,15.55
2025-11-11,27.38,33.18,23.88,8.12,87.79,0.73,15.12
2025-11-12,27.42,32.5,23.74,6.84,84.9,0.95,16.16
2025-11-13,27.03,31.42,24.2,5.9,86.91,0.8,16.23
2025-11-14,26.35,30.43,24.26,2.02,90.45,0.95,16.54
2025-11-15,25.85,29.43,23.95,0.8,91.51,0.94,14.5
2025-11-16,26.27,30.73,23.59,3.31,87.55,0.75,16.05
2025-11-17,27.05,33.14,22.76,1.73,79.81,0.69,16.81
2025-11-18,27.33,32.23,23.88,0.18,84.27,1.02,16.28
2025-11-19,27.2,31.23,24.48,0.18,84.57,0.97,16.0
2025-11-20,27.29,32.76,23.93,0.27,83.44,0.97,16.55
2025-11-21,26.68,32.23,23.7,0.14,84.62,0.94,14.51
2025-11-22,27.29,33.2,23.41,0.1,82.33,1.05,17.05
2025-11-23,26.56,30.48,23.77,0.34,86.71,1.07,12.98
2025-11-24,26.79,31.14,24.37,0.29,84.97,0.8,14.39
2025-11-25,26.82,32.29,24.24,0.23,85.56,1.15,16.28
2025-11-26,27.22,32.73,23.87,0.1,83.03,1.2,16.66
2025-11-27,27.49,33.41,23.87,0.54,82.8,1.04,14.49
2025-11-28,27.02,32.51,23.77,21.42,87.3,0.88,5.99
2025-11-29,27.12,35.04,23.1,27.08,82.8,0.71,13.58
2025-11-30,27.26,33.06,22.54,1.74,81.59,0.89,15.95
2025-12-01,25.85,29.66,23.68,5.51,93.94,0.57,11.97
2025-12-02,26.16,31.74,22.61,0.03,83.64,1.01,15.93
2025-12-03,26.35,31.48,22.86,4.64,86.08,1.07,16.19
2025-12-04,27.12,34.02,22.79,2.16,81.29,1.07,19.71
2025-12-05,27.48,34.16,22.27,0.8,78.78,0.9,16.4
2025-12-06,27.58,34.3,23.04,3.77,81.33,0.73,16.98
2025-12-07,26.13,31.24,23.22,6.94,88.44,0.96,13.99
2025-12-08,27.56,34.56,22.4,3.94,80.61,0.88,16.91
2025-12-09,27.94,34.07,23.67,2.3,79.98,0.95,14.55
2025-12-10,28.17,33.99,24.46,0.37,80.25,0.98,17.14
2025-12-11,28.46,34.77,24.29,0.29,79.56,1.01,11.53
2025-12-12,28.04,33.11,24.7,0.37,83.31,0.84,13.05
2025-12-13,27.28,31.26,24.41,1.48,85.72,0.85,10.41
2025-12-14,26.65,30.89,23.94,3.69,87.91,0.93,15.71
2025-12-15,27.34,33.69,23.52,4.93,84.02,1.02,17.43
2025-12-16,28.62,35.98,23.71,3.76,79.56,0.81,16.37
2025-12-17,27.52,33.16,24.29,1.12,82.55,0.84,14.41
2025-12-18,28.19,34.74,23.48,3.18,78.68,0.82,15.56
2025-12-19,28.05,34.89,24.13,4.29,81.26,0.93,16.47
2025-12-20,27.28,33.82,23.39,0.12,78.65,1.15,18.58
2025-12-21,27.46,33.97,22.67,0.0,78.3,1.1,18.33
2025-12-22,27.88,34.58,23.84,0.0,78.26,1.04,17.91
2025-12-23,28.0,34.94,22.94,0.01,78.02,1.02,18.22
2025-12-24,27.96,34.91,23.4,0.3,76.38,0.92,19.17
2025-12-25,27.71,34.79,23.21,1.69,77.29,0.95,18.93
2025-12-26,27.34,34.18,22.52,0.0,76.42,1.05,19.5
2025-12-27,27.49,34.36,23.0,0.23,76.06,0.98,18.99
2025-12-28,27.91,34.77,23.13,0.28,76.57,0.99,17.79
2025-12-29,28.41,35.8,23.52,0.25,76.03,0.93,18.31
2025-12-30,27.28,32.2,24.31,0.35,83.88,0.65,16.92
2025-12-31,27.6,32.93,24.36,0.41,83.52,0.94,13.13
