fuente,fecha_consulta,ecocrop_id,nombre,url_ecocrop
FAO ECOCROP,2026-09-27,289,Abelmoschus esculentus,https://ecocrop.apps.fao.org/ecocrop/srv/en/cropView?id=289
FAO ECOCROP,2026-09-27,290,Abelmoschus manihot,https://ecocrop.apps.fao.org/ecocrop/srv/en/cropView?id=290
FAO ECOCROP,2026-09-27,291,Abelmoschus moschatus,https://ecocrop.apps.fao.org/ecocrop/srv/en/cropView?id=291
FAO ECOCROP,2026-09-27,2550,Abies alba,https://ecocrop.apps.fao.org/ecocrop/srv/en/cropView?id=2550
FAO ECOCROP,2026-09-27,196860,Abies amabilis,https://ecocrop.apps.fao.org/ecocrop/srv/en/cropView?id=196860
FAO ECOCROP,2026-09-27,2551,Abies balsamea,https://ecocrop.apps.fao.org/ecocrop/srv/en/cropView?id=2551
FAO ECOCROP,2026-09-27,2553,Abies concolor,https://ecocrop.apps.fao.org/ecocrop/srv/en/cropView?id=2553
FAO ECOCROP,2026-09-27,2558,Abies pindrow,https://ecocrop.apps.fao.org/ecocrop/srv/en/cropView?id=2558
FAO ECOCROP,2026-09-27,2561,Abroma augustum,https://ecocrop.apps.fao.org/ecocrop/srv/en/cropView?id=2561
FAO ECOCROP,2026-09-27,11067,Abutilon theophrasti,https://ecocrop.apps.fao.org/ecocrop/srv/en/cropView?id=11067
FAO ECOCROP,2026-09-27,11776,Acacia abyssinica,https://ecocrop.apps.fao.org/ecocrop/srv/en/cropView?id=11776
FAO ECOCROP,2026-09-27,2569,Acacia acradenia,https://ecocrop.apps.fao.org/ecocrop/srv/en/cropView?id=2569
FAO ECOCROP,2026-09-27,2570,Acacia acuminata,https://ecocrop.apps.fao.org/ecocrop/srv/en/cropView?id=2570
FAO ECOCROP,2026-09-27,2575,Acacia ammobia,https://ecocrop.apps.fao.org/ecocrop/srv/en/cropView?id=2575
FAO ECOCROP,2026-09-27,2576,Acacia ampliceps,https://ecocrop.apps.fao.org/ecocrop/srv/en/cropView?id=2576
FAO ECOCROP,2026-09-27,2578,Acacia ancistrocarpa,https://ecocrop.apps.fao.org/ecocrop/srv/en/cropView?id=2578
FAO ECOCROP,2026-09-27,2579,Acacia aneura,https://ecocrop.apps.fao.org/ecocrop/srv/en/cropView?id=2579
FAO ECOCROP,2026-09-27,126290,Acacia angustissima,https://ecocrop.apps.fao.org/ecocrop/srv/en/cropView?id=126290
FAO ECOCROP,2026-09-27,2580,Acacia anticeps,https://ecocrop.apps.fao.org/ecocrop/srv/en/cropView?id=2580
FAO ECOCROP,2026-09-27,2581,Acacia argyrodendron,https://ecocrop.apps.fao.org/ecocrop/srv/en/cropView?id=2581
FAO ECOCROP,2026-09-27,2582,Acacia ataxacantha,https://ecocrop.apps.fao.org/ecocrop/srv/en/cropView?id=2582
FAO ECOCROP,2026-09-27,2583,Acacia aulacocarpa,https://ecocrop.apps.fao.org/ecocrop/srv/en/cropView?id=2583
FAO ECOCROP,2026-09-27,295,Acacia auriculiformis,https://ecocrop.apps.fao.org/ecocrop/srv/en/cropView?id=295
FAO ECOCROP,2026-09-27,2586,Acacia bidwillii,https://ecocrop.apps.fao.org/ecocrop/srv/en/cropView?id=2586
FAO ECOCROP,2026-09-27,2588,Acacia brachystachya,https://ecocrop.apps.fao.org/ecocrop/srv/en/cropView?id=2588
FAO ECOCROP,2026-09-27,2589,Acacia brassii,https://ecocrop.apps.fao.org/ecocrop/srv/en/cropView?id=2589
FAO ECOCROP,2026-09-27,11711,Acacia brevispica,https://ecocrop.apps.fao.org/ecocrop/srv/en/cropView?id=11711
FAO ECOCROP,2026-09-27,11814,Acacia burkei,https://ecocrop.apps.fao.org/ecocrop/srv/en/cropView?id=11814
FAO ECOCROP,2026-09-27,2590,Acacia burrowii,https://ecocrop.apps.fao.org/ecocrop/srv/en/cropView?id=2590
FAO ECOCROP,2026-09-27,11819,Acacia caffra,https://ecocrop.apps.fao.org/ecocrop/srv/en/cropView?id=11819
FAO ECOCROP,2026-09-27,2591,Acacia calcicola,https://ecocrop.apps.fao.org/ecocrop/srv/en/cropView?id=2591
FAO ECOCROP,2026-09-27,2592,Acacia cambagei,https://ecocrop.apps.fao.org/ecocrop/srv/en/cropView?id=2592
FAO ECOCROP,2026-09-27,75752,Acacia cana,https://ecocrop.apps.fao.org/ecocrop/srv/en/cropView?id=75752
FAO ECOCROP,2026-09-27,2593,Acacia catechu,https://ecocrop.apps.fao.org/ecocrop/srv/en/cropView?id=2593
FAO ECOCROP,2026-09-27,75753,Acacia catenulata,https://ecocrop.apps.fao.org/ecocrop/srv/en/cropView?id=75753
FAO ECOCROP,2026-09-27,11822,Acacia caven,https://ecocrop.apps.fao.org/ecocrop/srv/en/cropView?id=11822
FAO ECOCROP,2026-09-27,2595,Acacia cincinnata,https://ecocrop.apps.fao.org/ecocrop/srv/en/cropView?id=2595
FAO ECOCROP,2026-09-27,2599,Acacia coriacea,https://ecocrop.apps.fao.org/ecocrop/srv/en/cropView?id=2599
FAO ECOCROP,2026-09-27,2600,Acacia cowleana,https://ecocrop.apps.fao.org/ecocrop/srv/en/cropView?id=2600
FAO ECOCROP,2026-09-27,2601,Acacia crassicarpa,https://ecocrop.apps.fao.org/ecocrop/srv/en/cropView?id=2601
FAO ECOCROP,2026-09-27,75754,Acacia cunninghamii,https://ecocrop.apps.fao.org/ecocrop/srv/en/cropView?id=75754
FAO ECOCROP,2026-09-27,2604,Acacia cyclops,https://ecocrop.apps.fao.org/ecocrop/srv/en/cropView?id=2604
FAO ECOCROP,2026-09-27,75755,Acacia cyperophylla,https://ecocrop.apps.fao.org/ecocrop/srv/en/cropView?id=75755
FAO ECOCROP,2026-09-27,2605,Acacia dealbata,https://ecocrop.apps.fao.org/ecocrop/srv/en/cropView?id=2605
FAO ECOCROP,2026-09-27,11840,Acacia deanei,https://ecocrop.apps.fao.org/ecocrop/srv/en/cropView?id=11840
FAO ECOCROP,2026-09-27,17807,Acacia decurrens,https://ecocrop.apps.fao.org/ecocrop/srv/en/cropView?id=17807
FAO ECOCROP,2026-09-27,2608,Acacia dictyophleba,https://ecocrop.apps.fao.org/ecocrop/srv/en/cropView?id=2608
FAO ECOCROP,2026-09-27,2609,Acacia difficilis,https://ecocrop.apps.fao.org/ecocrop/srv/en/cropView?id=2609
FAO ECOCROP,2026-09-27,75756,Acacia doratoxylon,https://ecocrop.apps.fao.org/ecocrop/srv/en/cropView?id=75756
FAO ECOCROP,2026-09-27,11848,Acacia dudgeoni,https://ecocrop.apps.fao.org/ecocrop/srv/en/cropView?id=11848
FAO ECOCROP,2026-09-27,11849,Acacia ehrenbergiana,https://ecocrop.apps.fao.org/ecocrop/srv/en/cropView?id=11849
FAO ECOCROP,2026-09-27,2614,Acacia erioloba,https://ecocrop.apps.fao.org/ecocrop/srv/en/cropView?id=2614
FAO ECOCROP,2026-09-27,11856,Acacia erythrocalyx,https://ecocrop.apps.fao.org/ecocrop/srv/en/cropView?id=11856
FAO ECOCROP,2026-09-27,2616,Acacia estrophiolata,https://ecocrop.apps.fao.org/ecocrop/srv/en/cropView?id=2616
FAO ECOCROP,2026-09-27,11860,Acacia excelsa,https://ecocrop.apps.fao.org/ecocrop/srv/en/cropView?id=11860
FAO ECOCROP,2026-09-27,2617,Acacia falciformis,https://ecocrop.apps.fao.org/ecocrop/srv/en/cropView?id=2617
FAO ECOCROP,2026-09-27,297,Acacia farnesiana,https://ecocrop.apps.fao.org/ecocrop/srv/en/cropView?id=297
FAO ECOCROP,2026-09-27,2618,Acacia fasciculifera,https://ecocrop.apps.fao.org/ecocrop/srv/en/cropView?id=2618
FAO ECOCROP,2026-09-27,2619,Acacia flavescens,https://ecocrop.apps.fao.org/ecocrop/srv/en/cropView?id=2619
FAO ECOCROP,2026-09-27,11870,Acacia georginae,https://ecocrop.apps.fao.org/ecocrop/srv/en/cropView?id=11870
FAO ECOCROP,2026-09-27,77244,Acacia gerrardii,https://ecocrop.apps.fao.org/ecocrop/srv/en/cropView?id=77244
FAO ECOCROP,2026-09-27,2623,Acacia glaucocaesia,https://ecocrop.apps.fao.org/ecocrop/srv/en/cropView?id=2623
FAO ECOCROP,2026-09-27,2624,Acacia glaucocarpa,https://ecocrop.apps.fao.org/ecocrop/srv/en/cropView?id=2624
FAO ECOCROP,2026-09-27,11878,Acacia gourmaensis,https://ecocrop.apps.fao.org/ecocrop/srv/en/cropView?id=11878
FAO ECOCROP,2026-09-27,11881,Acacia gummifera,https://ecocrop.apps.fao.org/ecocrop/srv/en/cropView?id=11881
FAO ECOCROP,2026-09-27,11882,Acacia haematoxylon,https://ecocrop.apps.fao.org/ecocrop/srv/en/cropView?id=11882
FAO ECOCROP,2026-09-27,2627,Acacia harpophylla,https://ecocrop.apps.fao.org/ecocrop/srv/en/cropView?id=2627
FAO ECOCROP,2026-09-27,298,Acacia holosericea,https://ecocrop.apps.fao.org/ecocrop/srv/en/cropView?id=298
FAO ECOCROP,2026-09-27,2630,Acacia homalophylla,https://ecocrop.apps.fao.org/ecocrop/srv/en/cropView?id=2630
FAO ECOCROP,2026-09-27,2633,Acacia irrorata,https://ecocrop.apps.fao.org/ecocrop/srv/en/cropView?id=2633
FAO ECOCROP,2026-09-27,2635,Acacia jennerae,https://ecocrop.apps.fao.org/ecocrop/srv/en/cropView?id=2635
FAO ECOCROP,2026-09-27,2636,Acacia jensenii,https://ecocrop.apps.fao.org/ecocrop/srv/en/cropView?id=2636
FAO ECOCROP,2026-09-27,2637,Acacia julifera ssp. gilbertensis,https://ecocrop.apps.fao.org/ecocrop/srv/en/cropView?id=2637
FAO ECOCROP,2026-09-27,2638,Acacia julifera ssp. julifera,https://ecocrop.apps.fao.org/ecocrop/srv/en/cropView?id=2638
FAO ECOCROP,2026-09-27,2639,Acacia karroo,https://ecocrop.apps.fao.org/ecocrop/srv/en/cropView?id=2639
FAO ECOCROP,2026-09-27,75758,Acacia koa,https://ecocrop.apps.fao.org/ecocrop/srv/en/cropView?id=75758
FAO ECOCROP,2026-09-27,2642,Acacia laeta,https://ecocrop.apps.fao.org/ecocrop/srv/en/cropView?id=2642
FAO ECOCROP,2026-09-27,2643,Acacia latzii,https://ecocrop.apps.fao.org/ecocrop/srv/en/cropView?id=2643
FAO ECOCROP,2026-09-27,2645,Acacia leptocarpa,https://ecocrop.apps.fao.org/ecocrop/srv/en/cropView?id=2645
FAO ECOCROP,2026-09-27,2646,Acacia leucophloea,https://ecocrop.apps.fao.org/ecocrop/srv/en/cropView?id=2646
FAO ECOCROP,2026-09-27,2647,Acacia ligulata,https://ecocrop.apps.fao.org/ecocrop/srv/en/cropView?id=2647
FAO ECOCROP,2026-09-27,75759,Acacia litakunensis,https://ecocrop.apps.fao.org/ecocrop/srv/en/cropView?id=75759
FAO ECOCROP,2026-09-27,2651,Acacia macdonnelliensis,https://ecocrop.apps.fao.org/ecocrop/srv/en/cropView?id=2651
FAO ECOCROP,2026-09-27,2652,Acacia maconochieana,https://ecocrop.apps.fao.org/ecocrop/srv/en/cropView?id=2652
FAO ECOCROP,2026-09-27,11929,Acacia macrostachya,https://ecocrop.apps.fao.org/ecocrop/srv/en/cropView?id=11929
FAO ECOCROP,2026-09-27,2654,Acacia macrothyrsa,https://ecocrop.apps.fao.org/ecocrop/srv/en/cropView?id=2654
FAO ECOCROP,2026-09-27,2656,Acacia maidenii,https://ecocrop.apps.fao.org/ecocrop/srv/en/cropView?id=2656
FAO ECOCROP,2026-09-27,2658,Acacia mangium,https://ecocrop.apps.fao.org/ecocrop/srv/en/cropView?id=2658
FAO ECOCROP,2026-09-27,2660,Acacia mearnsii,https://ecocrop.apps.fao.org/ecocrop/srv/en/cropView?id=2660
FAO ECOCROP,2026-09-27,2661,Acacia melanoxylon,https://ecocrop.apps.fao.org/ecocrop/srv/en/cropView?id=2661
FAO ECOCROP,2026-09-27,299,Acacia mellifera,https://ecocrop.apps.fao.org/ecocrop/srv/en/cropView?id=299
FAO ECOCROP,2026-09-27,2662,Acacia millifera,https://ecocrop.apps.fao.org/ecocrop/srv/en/cropView?id=2662
FAO ECOCROP,2026-09-27,2663,Acacia monticola,https://ecocrop.apps.fao.org/ecocrop/srv/en/cropView?id=2663
FAO ECOCROP,2026-09-27,2664,Acacia murrayana,https://ecocrop.apps.fao.org/ecocrop/srv/en/cropView?id=2664
FAO ECOCROP,2026-09-27,2665,Acacia neriifolia,https://ecocrop.apps.fao.org/ecocrop/srv/en/cropView?id=2665
FAO ECOCROP,2026-09-27,11949,Acacia nigrescens,https://ecocrop.apps.fao.org/ecocrop/srv/en/cropView?id=11949
FAO ECOCROP,2026-09-27,2667,Acacia nilotica,https://ecocrop.apps.fao.org/ecocrop/srv/en/cropView?id=2667
FAO ECOCROP,2026-09-27,11951,Acacia nubica,https://ecocrop.apps.fao.org/ecocrop/srv/en/cropView?id=11951
FAO ECOCROP,2026-09-27,2674,Acacia oraria,https://ecocrop.apps.fao.org/ecocrop/srv/en/cropView?id=2674
FAO ECOCROP,2026-09-27,75762,Acacia oswaldii,https://ecocrop.apps.fao.org/ecocrop/srv/en/cropView?id=75762
FAO ECOCROP,2026-09-27,2676,Acacia pachyacra,https://ecocrop.apps.fao.org/ecocrop/srv/en/cropView?id=2676
FAO ECOCROP,2026-09-27,2677,Acacia parchcarpa,https://ecocrop.apps.fao.org/ecocrop/srv/en/cropView?id=2677
FAO ECOCROP,2026-09-27,2678,Acacia pendula,https://ecocrop.apps.fao.org/ecocrop/srv/en/cropView?id=2678
FAO ECOCROP,2026-09-27,75763,Acacia peuce,https://ecocrop.apps.fao.org/ecocrop/srv/en/cropView?id=75763
FAO ECOCROP,2026-09-27,2680,Acacia plectocarpa,https://ecocrop.apps.fao.org/ecocrop/srv/en/cropView?id=2680
FAO ECOCROP,2026-09-27,2681,Acacia podalyriifolia,https://ecocrop.apps.fao.org/ecocrop/srv/en/cropView?id=2681
FAO ECOCROP,2026-09-27,400001,Acacia polyacantha,https://ecocrop.apps.fao.org/ecocrop/srv/en/cropView?id=400001
FAO ECOCROP,2026-09-27,2683,Acacia polystachya,https://ecocrop.apps.fao.org/ecocrop/srv/en/cropView?id=2683
FAO ECOCROP,2026-09-27,2684,Acacia pruinocarpa,https://ecocrop.apps.fao.org/ecocrop/srv/en/cropView?id=2684
FAO ECOCROP,2026-09-27,2685,Acacia pycnantha,https://ecocrop.apps.fao.org/ecocrop/srv/en/cropView?id=2685
FAO ECOCROP,2026-09-27,2692,Acacia rothii,https://ecocrop.apps.fao.org/ecocrop/srv/en/cropView?id=2692
FAO ECOCROP,2026-09-27,2694,Acacia salicina,https://ecocrop.apps.fao.org/ecocrop/srv/en/cropView?id=2694
FAO ECOCROP,2026-09-27,2695,Acacia saligna,https://ecocrop.apps.fao.org/ecocrop/srv/en/cropView?id=2695
FAO ECOCROP,2026-09-27,2696,Acacia sclerosperma,https://ecocrop.apps.fao.org/ecocrop/srv/en/cropView?id=2696
FAO ECOCROP,2026-09-27,2697,Acacia senegal,https://ecocrop.apps.fao.org/ecocrop/srv/en/cropView?id=2697
FAO ECOCROP,2026-09-27,2698,Acacia seyal,https://ecocrop.apps.fao.org/ecocrop/srv/en/cropView?id=2698
FAO ECOCROP,2026-09-27,2699,Acacia shirleyi,https://ecocrop.apps.fao.org/ecocrop/srv/en/cropView?id=2699
FAO ECOCROP,2026-09-27,2700,Acacia sieberiana,https://ecocrop.apps.fao.org/ecocrop/srv/en/cropView?id=2700
FAO ECOCROP,2026-09-27,2701,Acacia silvestris,https://ecocrop.apps.fao.org/ecocrop/srv/en/cropView?id=2701
FAO ECOCROP,2026-09-27,2702,Acacia simsii,https://ecocrop.apps.fao.org/ecocrop/srv/en/cropView?id=2702
FAO ECOCROP,2026-09-27,75764,Acacia sparsiflora,https://ecocrop.apps.fao.org/ecocrop/srv/en/cropView?id=75764
FAO ECOCROP,2026-09-27,2705,Acacia stenophylla,https://ecocrop.apps.fao.org/ecocrop/srv/en/cropView?id=2705
FAO ECOCROP,2026-09-27,75765,Acacia sutherlandii,https://ecocrop.apps.fao.org/ecocrop/srv/en/cropView?id=75765
FAO ECOCROP,2026-09-27,2708,Acacia synchronicia,https://ecocrop.apps.fao.org/ecocrop/srv/en/cropView?id=2708
FAO ECOCROP,2026-09-27,2710,Acacia tephrina,https://ecocrop.apps.fao.org/ecocrop/srv/en/cropView?id=2710
FAO ECOCROP,2026-09-27,2711,Acacia tetragonophylla,https://ecocrop.apps.fao.org/ecocrop/srv/en/cropView?id=2711
FAO ECOCROP,2026-09-27,2712,Acacia tortilis,https://ecocrop.apps.fao.org/ecocrop/srv/en/cropView?id=2712
FAO ECOCROP,2026-09-27,2714,Acacia torulosa,https://ecocrop.apps.fao.org/ecocrop/srv/en/cropView?id=2714
FAO ECOCROP,2026-09-27,2715,Acacia trachycarpa,https://ecocrop.apps.fao.org/ecocrop/srv/en/cropView?id=2715
FAO ECOCROP,2026-09-27,2717,Acacia tumida,https://ecocrop.apps.fao.org/ecocrop/srv/en/cropView?id=2717
FAO ECOCROP,2026-09-27,2718,Acacia victoriae,https://ecocrop.apps.fao.org/ecocrop/srv/en/cropView?id=2718
FAO ECOCROP,2026-09-27,2720,Acacia xiphohylla,https://ecocrop.apps.fao.org/ecocrop/srv/en/cropView?id=2720
FAO ECOCROP,2026-09-27,31703,Acanthosicyos horridus,https://ecocrop.apps.fao.org/ecocrop/srv/en/cropView?id=31703
FAO ECOCROP,2026-09-27,2735,Acanthosicyos naudinianus,https://ecocrop.apps.fao.org/ecocrop/srv/en/cropView?id=2735
FAO ECOCROP,2026-09-27,2736,Acanthus ilicifolius,https://ecocrop.apps.fao.org/ecocrop/srv/en/cropView?id=2736
FAO ECOCROP,2026-09-27,2737,Acanthus mollis,https://ecocrop.apps.fao.org/ecocrop/srv/en/cropView?id=2737
FAO ECOCROP,2026-09-27,2741,Acca sellowiana,https://ecocrop.apps.fao.org/ecocrop/srv/en/cropView?id=2741
FAO ECOCROP,2026-09-27,2742,Acehmea magdalenae,https://ecocrop.apps.fao.org/ecocrop/srv/en/cropView?id=2742
FAO ECOCROP,2026-09-27,2743,Acer caesium,https://ecocrop.apps.fao.org/ecocrop/srv/en/cropView?id=2743
FAO ECOCROP,2026-09-27,2744,Acer campestre,https://ecocrop.apps.fao.org/ecocrop/srv/en/cropView?id=2744
FAO ECOCROP,2026-09-27,2756,Acer saccharum,https://ecocrop.apps.fao.org/ecocrop/srv/en/cropView?id=2756
FAO ECOCROP,2026-09-27,2761,Achillea fragrantissima,https://ecocrop.apps.fao.org/ecocrop/srv/en/cropView?id=2761
FAO ECOCROP,2026-09-27,2762,Achillea millefolium,https://ecocrop.apps.fao.org/ecocrop/srv/en/cropView?id=2762
FAO ECOCROP,2026-09-27,2763,Achillea millefolium ssp. millefolium,https://ecocrop.apps.fao.org/ecocrop/srv/en/cropView?id=2763
FAO ECOCROP,2026-09-27,2766,Achnatherum splendens,https://ecocrop.apps.fao.org/ecocrop/srv/en/cropView?id=2766
FAO ECOCROP,2026-09-27,2770,Acmena smithii,https://ecocrop.apps.fao.org/ecocrop/srv/en/cropView?id=2770
FAO ECOCROP,2026-09-27,149006,Acokanthera schimperi,https://ecocrop.apps.fao.org/ecocrop/srv/en/cropView?id=149006
FAO ECOCROP,2026-09-27,2777,Aconitum napellus,https://ecocrop.apps.fao.org/ecocrop/srv/en/cropView?id=2777
FAO ECOCROP,2026-09-27,2779,Acorus calamus,https://ecocrop.apps.fao.org/ecocrop/srv/en/cropView?id=2779
FAO ECOCROP,2026-09-27,2780,Acrocarpus fraxinifolius,https://ecocrop.apps.fao.org/ecocrop/srv/en/cropView?id=2780
FAO ECOCROP,2026-09-27,2782,Acroceras macrum,https://ecocrop.apps.fao.org/ecocrop/srv/en/cropView?id=2782
FAO ECOCROP,2026-09-27,2783,Acrocomia aculeata,https://ecocrop.apps.fao.org/ecocrop/srv/en/cropView?id=2783
FAO ECOCROP,2026-09-27,2787,Acrocomia totai,https://ecocrop.apps.fao.org/ecocrop/srv/en/cropView?id=2787
FAO ECOCROP,2026-09-27,2803,Actinidia arguta,https://ecocrop.apps.fao.org/ecocrop/srv/en/cropView?id=2803
FAO ECOCROP,2026-09-27,889,Actinidia chinensis,https://ecocrop.apps.fao.org/ecocrop/srv/en/cropView?id=889
FAO ECOCROP,2026-09-27,2807,Adansonia digitata,https://ecocrop.apps.fao.org/ecocrop/srv/en/cropView?id=2807
FAO ECOCROP,2026-09-27,2808,Adansonia grandidieri,https://ecocrop.apps.fao.org/ecocrop/srv/en/cropView?id=2808
FAO ECOCROP,2026-09-27,2809,Adansonia gregorii,https://ecocrop.apps.fao.org/ecocrop/srv/en/cropView?id=2809
FAO ECOCROP,2026-09-27,318,Adenanthera pavonina,https://ecocrop.apps.fao.org/ecocrop/srv/en/cropView?id=318
FAO ECOCROP,2026-09-27,370377,Adesmia bicolor,https://ecocrop.apps.fao.org/ecocrop/srv/en/cropView?id=370377
FAO ECOCROP,2026-09-27,372215,Adesmia latifolia,https://ecocrop.apps.fao.org/ecocrop/srv/en/cropView?id=372215
FAO ECOCROP,2026-09-27,372216,Adesmia punctata,https://ecocrop.apps.fao.org/ecocrop/srv/en/cropView?id=372216
FAO ECOCROP,2026-09-27,372217,Adesmia securigerifolia,https://ecocrop.apps.fao.org/ecocrop/srv/en/cropView?id=372217
FAO ECOCROP,2026-09-27,2823,Adiantum capillus-veneris,https://ecocrop.apps.fao.org/ecocrop/srv/en/cropView?id=2823
FAO ECOCROP,2026-09-27,2824,Adina cordifolia,https://ecocrop.apps.fao.org/ecocrop/srv/en/cropView?id=2824
FAO ECOCROP,2026-09-27,2829,Adonis vernalis,https://ecocrop.apps.fao.org/ecocrop/srv/en/cropView?id=2829
FAO ECOCROP,2026-09-27,2830,Aegiceras corniculatum,https://ecocrop.apps.fao.org/ecocrop/srv/en/cropView?id=2830
FAO ECOCROP,2026-09-27,2844,Aegle marmelos,https://ecocrop.apps.fao.org/ecocrop/srv/en/cropView?id=2844
FAO ECOCROP,2026-09-27,326,Aeschynomene americana,https://ecocrop.apps.fao.org/ecocrop/srv/en/cropView?id=326
FAO ECOCROP,2026-09-27,372219,Aeschynomene brasiliana,https://ecocrop.apps.fao.org/ecocrop/srv/en/cropView?id=372219
FAO ECOCROP,2026-09-27,197462,Aeschynomene evenia,https://ecocrop.apps.fao.org/ecocrop/srv/en/cropView?id=197462
FAO ECOCROP,2026-09-27,2851,Aeschynomene falcata,https://ecocrop.apps.fao.org/ecocrop/srv/en/cropView?id=2851
FAO ECOCROP,2026-09-27,197464,Aeschynomene histrix,https://ecocrop.apps.fao.org/ecocrop/srv/en/cropView?id=197464
FAO ECOCROP,2026-09-27,2852,Aeschynomene indica,https://ecocrop.apps.fao.org/ecocrop/srv/en/cropView?id=2852
FAO ECOCROP,2026-09-27,197471,Aeschynomene villosa,https://ecocrop.apps.fao.org/ecocrop/srv/en/cropView?id=197471
FAO ECOCROP,2026-09-27,2856,Aesculus hippocastanum,https://ecocrop.apps.fao.org/ecocrop/srv/en/cropView?id=2856
FAO ECOCROP,2026-09-27,2857,Aesculus indica,https://ecocrop.apps.fao.org/ecocrop/srv/en/cropView?id=2857
FAO ECOCROP,2026-09-27,2863,Aframomum corrorima,https://ecocrop.apps.fao.org/ecocrop/srv/en/cropView?id=2863
FAO ECOCROP,2026-09-27,2872,Aframomum melegueta,https://ecocrop.apps.fao.org/ecocrop/srv/en/cropView?id=2872
FAO ECOCROP,2026-09-27,2877,Afzelia africana,https://ecocrop.apps.fao.org/ecocrop/srv/en/cropView?id=2877
FAO ECOCROP,2026-09-27,2881,Afzelia quanzensis,https://ecocrop.apps.fao.org/ecocrop/srv/en/cropView?id=2881
FAO ECOCROP,2026-09-27,329,Agathis australis,https://ecocrop.apps.fao.org/ecocrop/srv/en/cropView?id=329
FAO ECOCROP,2026-09-27,2886,Agathis dammara,https://ecocrop.apps.fao.org/ecocrop/srv/en/cropView?id=2886
FAO ECOCROP,2026-09-27,2887,Agathis labillardieri,https://ecocrop.apps.fao.org/ecocrop/srv/en/cropView?id=2887
FAO ECOCROP,2026-09-27,331,Agathis macrophylla,https://ecocrop.apps.fao.org/ecocrop/srv/en/cropView?id=331
FAO ECOCROP,2026-09-27,2888,Agathis microstachya,https://ecocrop.apps.fao.org/ecocrop/srv/en/cropView?id=2888
FAO ECOCROP,2026-09-27,333,Agathis robusta,https://ecocrop.apps.fao.org/ecocrop/srv/en/cropView?id=333
FAO ECOCROP,2026-09-27,2894,Agave cantala,https://ecocrop.apps.fao.org/ecocrop/srv/en/cropView?id=2894
FAO ECOCROP,2026-09-27,2896,Agave fourcroydes,https://ecocrop.apps.fao.org/ecocrop/srv/en/cropView?id=2896
FAO ECOCROP,2026-09-27,2897,Agave lecheguilla,https://ecocrop.apps.fao.org/ecocrop/srv/en/cropView?id=2897
FAO ECOCROP,2026-09-27,339,Agave sisalana,https://ecocrop.apps.fao.org/ecocrop/srv/en/cropView?id=339
FAO ECOCROP,2026-09-27,2914,Agrimonia eupatoria,https://ecocrop.apps.fao.org/ecocrop/srv/en/cropView?id=2914
FAO ECOCROP,2026-09-27,2919,Agropyron cristatum,https://ecocrop.apps.fao.org/ecocrop/srv/en/cropView?id=2919
FAO ECOCROP,2026-09-27,2920,Agropyron dasystachyum,https://ecocrop.apps.fao.org/ecocrop/srv/en/cropView?id=2920
FAO ECOCROP,2026-09-27,2921,Agropyron desertorum,https://ecocrop.apps.fao.org/ecocrop/srv/en/cropView?id=2921
FAO ECOCROP,2026-09-27,2922,Agropyron elongatum,https://ecocrop.apps.fao.org/ecocrop/srv/en/cropView?id=2922
FAO ECOCROP,2026-09-27,2541,Agropyron intermedium,https://ecocrop.apps.fao.org/ecocrop/srv/en/cropView?id=2541
FAO ECOCROP,2026-09-27,2924,Agropyron mongolicum,https://ecocrop.apps.fao.org/ecocrop/srv/en/cropView?id=2924
FAO ECOCROP,2026-09-27,2925,Agropyron repens,https://ecocrop.apps.fao.org/ecocrop/srv/en/cropView?id=2925
FAO ECOCROP,2026-09-27,2926,Agropyron riparium,https://ecocrop.apps.fao.org/ecocrop/srv/en/cropView?id=2926
FAO ECOCROP,2026-09-27,2927,Agropyron sibiricum,https://ecocrop.apps.fao.org/ecocrop/srv/en/cropView?id=2927
FAO ECOCROP,2026-09-27,2928,Agropyron smithii,https://ecocrop.apps.fao.org/ecocrop/srv/en/cropView?id=2928
FAO ECOCROP,2026-09-27,2929,Agropyron spicatum,https://ecocrop.apps.fao.org/ecocrop/srv/en/cropView?id=2929
FAO ECOCROP,2026-09-27,2930,Agropyron tauri,https://ecocrop.apps.fao.org/ecocrop/srv/en/cropView?id=2930
FAO ECOCROP,2026-09-27,2931,Agropyron trachycaulum,https://ecocrop.apps.fao.org/ecocrop/srv/en/cropView?id=2931
FAO ECOCROP,2026-09-27,2932,Agropyron trichophorum,https://ecocrop.apps.fao.org/ecocrop/srv/en/cropView?id=2932
FAO ECOCROP,2026-09-27,2934,Agrostis canina,https://ecocrop.apps.fao.org/ecocrop/srv/en/cropView?id=2934
FAO ECOCROP,2026-09-27,2937,Agrostis gigantea,https://ecocrop.apps.fao.org/ecocrop/srv/en/cropView?id=2937
FAO ECOCROP,2026-09-27,376597,Agrostis keniensis,https://ecocrop.apps.fao.org/ecocrop/srv/en/cropView?id=376597
FAO ECOCROP,2026-09-27,376598,Agrostis quinqueseta,https://ecocrop.apps.fao.org/ecocrop/srv/en/cropView?id=376598
FAO ECOCROP,2026-09-27,12170,Agrostis stolonifera,https://ecocrop.apps.fao.org/ecocrop/srv/en/cropView?id=12170
FAO ECOCROP,2026-09-27,2941,Agrostis tenuis,https://ecocrop.apps.fao.org/ecocrop/srv/en/cropView?id=2941
FAO ECOCROP,2026-09-27,376599,Agrostis trachyphylla,https://ecocrop.apps.fao.org/ecocrop/srv/en/cropView?id=376599
FAO ECOCROP,2026-09-27,2942,Agrostis trinii,https://ecocrop.apps.fao.org/ecocrop/srv/en/cropView?id=2942
FAO ECOCROP,2026-09-27,376600,Agrostis volkensii,https://ecocrop.apps.fao.org/ecocrop/srv/en/cropView?id=376600
FAO ECOCROP,2026-09-27,2943,Ailanthus altissima,https://ecocrop.apps.fao.org/ecocrop/srv/en/cropView?id=2943
FAO ECOCROP,2026-09-27,2944,Ailanthus excelsa,https://ecocrop.apps.fao.org/ecocrop/srv/en/cropView?id=2944
FAO ECOCROP,2026-09-27,2945,Ailanthus grandis,https://ecocrop.apps.fao.org/ecocrop/srv/en/cropView?id=2945
FAO ECOCROP,2026-09-27,197703,Aiphanes aculeata,https://ecocrop.apps.fao.org/ecocrop/srv/en/cropView?id=197703
FAO ECOCROP,2026-09-27,12183,Ajuga reptans,https://ecocrop.apps.fao.org/ecocrop/srv/en/cropView?id=12183
FAO ECOCROP,2026-09-27,2957,Albizia adianthifolia,https://ecocrop.apps.fao.org/ecocrop/srv/en/cropView?id=2957
FAO ECOCROP,2026-09-27,12184,Albizia amara,https://ecocrop.apps.fao.org/ecocrop/srv/en/cropView?id=12184
FAO ECOCROP,2026-09-27,372218,Albizia basaltica,https://ecocrop.apps.fao.org/ecocrop/srv/en/cropView?id=372218
FAO ECOCROP,2026-09-27,2958,Albizia chevalieri,https://ecocrop.apps.fao.org/ecocrop/srv/en/cropView?id=2958
FAO ECOCROP,2026-09-27,2959,Albizia chinensis,https://ecocrop.apps.fao.org/ecocrop/srv/en/cropView?id=2959
FAO ECOCROP,2026-09-27,347,Albizia falcataria,https://ecocrop.apps.fao.org/ecocrop/srv/en/cropView?id=347
FAO ECOCROP,2026-09-27,42642,Albizia harveyi,https://ecocrop.apps.fao.org/ecocrop/srv/en/cropView?id=42642
FAO ECOCROP,2026-09-27,349,Albizia lebbeck,https://ecocrop.apps.fao.org/ecocrop/srv/en/cropView?id=349
FAO ECOCROP,2026-09-27,2964,Albizia lophantha,https://ecocrop.apps.fao.org/ecocrop/srv/en/cropView?id=2964
FAO ECOCROP,2026-09-27,2965,Albizia lucida,https://ecocrop.apps.fao.org/ecocrop/srv/en/cropView?id=2965
FAO ECOCROP,2026-09-27,2966,Albizia odoratissima,https://ecocrop.apps.fao.org/ecocrop/srv/en/cropView?id=2966
FAO ECOCROP,2026-09-27,350,Albizia procera,https://ecocrop.apps.fao.org/ecocrop/srv/en/cropView?id=350
FAO ECOCROP,2026-09-27,2967,Albizia pullenii,https://ecocrop.apps.fao.org/ecocrop/srv/en/cropView?id=2967
FAO ECOCROP,2026-09-27,352,Albizia stipulata,https://ecocrop.apps.fao.org/ecocrop/srv/en/cropView?id=352
FAO ECOCROP,2026-09-27,2968,Albizia toona,https://ecocrop.apps.fao.org/ecocrop/srv/en/cropView?id=2968
FAO ECOCROP,2026-09-27,2972,Alchemilla vulgaris,https://ecocrop.apps.fao.org/ecocrop/srv/en/cropView?id=2972
FAO ECOCROP,2026-09-27,353,Aleurites fordii,https://ecocrop.apps.fao.org/ecocrop/srv/en/cropView?id=353
FAO ECOCROP,2026-09-27,354,Aleurites moluccana,https://ecocrop.apps.fao.org/ecocrop/srv/en/cropView?id=354
FAO ECOCROP,2026-09-27,355,Aleurites montana,https://ecocrop.apps.fao.org/ecocrop/srv/en/cropView?id=355
FAO ECOCROP,2026-09-27,12200,Alisma plantago-aquatica,https://ecocrop.apps.fao.org/ecocrop/srv/en/cropView?id=12200
FAO ECOCROP,2026-09-27,2979,Alkanna tinctoria,https://ecocrop.apps.fao.org/ecocrop/srv/en/cropView?id=2979
FAO ECOCROP,2026-09-27,2984,Alliaria petiolata,https://ecocrop.apps.fao.org/ecocrop/srv/en/cropView?id=2984
FAO ECOCROP,2026-09-27,363,Allium ampeloprasum,https://ecocrop.apps.fao.org/ecocrop/srv/en/cropView?id=363
FAO ECOCROP,2026-09-27,364,Allium cepa,https://ecocrop.apps.fao.org/ecocrop/srv/en/cropView?id=364
FAO ECOCROP,2026-09-27,1096,Allium cepa var. aggregatum,https://ecocrop.apps.fao.org/ecocrop/srv/en/cropView?id=1096
FAO ECOCROP,2026-09-27,551,Allium cepa var. cepa,https://ecocrop.apps.fao.org/ecocrop/srv/en/cropView?id=551
FAO ECOCROP,2026-09-27,2992,Allium cepa x A. fistulosum,https://ecocrop.apps.fao.org/ecocrop/srv/en/cropView?id=2992
FAO ECOCROP,2026-09-27,2994,Allium chinense,https://ecocrop.apps.fao.org/ecocrop/srv/en/cropView?id=2994
FAO ECOCROP,2026-09-27,365,Allium fistulosum,https://ecocrop.apps.fao.org/ecocrop/srv/en/cropView?id=365
FAO ECOCROP,2026-09-27,367,Allium sativum,https://ecocrop.apps.fao.org/ecocrop/srv/en/cropView?id=367
FAO ECOCROP,2026-09-27,810,Allium schoenoprasum,https://ecocrop.apps.fao.org/ecocrop/srv/en/cropView?id=810
FAO ECOCROP,2026-09-27,594,Allium tuberosum,https://ecocrop.apps.fao.org/ecocrop/srv/en/cropView?id=594
FAO ECOCROP,2026-09-27,3010,Allium ursinum,https://ecocrop.apps.fao.org/ecocrop/srv/en/cropView?id=3010
FAO ECOCROP,2026-09-27,367714,Alloteropsis semialata,https://ecocrop.apps.fao.org/ecocrop/srv/en/cropView?id=367714
FAO ECOCROP,2026-09-27,3020,Alnus acuminata,https://ecocrop.apps.fao.org/ecocrop/srv/en/cropView?id=3020
FAO ECOCROP,2026-09-27,3021,Alnus glutinosa,https://ecocrop.apps.fao.org/ecocrop/srv/en/cropView?id=3021
FAO ECOCROP,2026-09-27,3023,Alnus japonica,https://ecocrop.apps.fao.org/ecocrop/srv/en/cropView?id=3023
FAO ECOCROP,2026-09-27,77301,Alnus maritima,https://ecocrop.apps.fao.org/ecocrop/srv/en/cropView?id=77301
FAO ECOCROP,2026-09-27,3024,Alnus nepalensis,https://ecocrop.apps.fao.org/ecocrop/srv/en/cropView?id=3024
FAO ECOCROP,2026-09-27,3025,Alnus rubra,https://ecocrop.apps.fao.org/ecocrop/srv/en/cropView?id=3025
FAO ECOCROP,2026-09-27,2486,Alocasia macrorrhizos,https://ecocrop.apps.fao.org/ecocrop/srv/en/cropView?id=2486
FAO ECOCROP,2026-09-27,3031,Aloe arborescens,https://ecocrop.apps.fao.org/ecocrop/srv/en/cropView?id=3031
FAO ECOCROP,2026-09-27,3032,Aloe barbadensis,https://ecocrop.apps.fao.org/ecocrop/srv/en/cropView?id=3032
FAO ECOCROP,2026-09-27,3036,Aloe ferox,https://ecocrop.apps.fao.org/ecocrop/srv/en/cropView?id=3036
FAO ECOCROP,2026-09-27,3039,Aloe perryi,https://ecocrop.apps.fao.org/ecocrop/srv/en/cropView?id=3039
FAO ECOCROP,2026-09-27,3044,Alopecurus arundinaceus,https://ecocrop.apps.fao.org/ecocrop/srv/en/cropView?id=3044
FAO ECOCROP,2026-09-27,3045,Alopecurus geniculatus,https://ecocrop.apps.fao.org/ecocrop/srv/en/cropView?id=3045
FAO ECOCROP,2026-09-27,3046,Alopecurus pratensis,https://ecocrop.apps.fao.org/ecocrop/srv/en/cropView?id=3046
FAO ECOCROP,2026-09-27,3048,Aloysia triphylla,https://ecocrop.apps.fao.org/ecocrop/srv/en/cropView?id=3048
FAO ECOCROP,2026-09-27,197937,Alphitonia excelsa,https://ecocrop.apps.fao.org/ecocrop/srv/en/cropView?id=197937
FAO ECOCROP,2026-09-27,3052,Alpinia galanga,https://ecocrop.apps.fao.org/ecocrop/srv/en/cropView?id=3052
FAO ECOCROP,2026-09-27,3054,Alpinia officinarum,https://ecocrop.apps.fao.org/ecocrop/srv/en/cropView?id=3054
FAO ECOCROP,2026-09-27,379,Alstonia scholaris,https://ecocrop.apps.fao.org/ecocrop/srv/en/cropView?id=379
FAO ECOCROP,2026-09-27,3066,Althaea officinalis,https://ecocrop.apps.fao.org/ecocrop/srv/en/cropView?id=3066
FAO ECOCROP,2026-09-27,11281,Althaea rosea,https://ecocrop.apps.fao.org/ecocrop/srv/en/cropView?id=11281
FAO ECOCROP,2026-09-27,3067,Altingia excelsa,https://ecocrop.apps.fao.org/ecocrop/srv/en/cropView?id=3067
FAO ECOCROP,2026-09-27,12245,Alysicarpus monilifer,https://ecocrop.apps.fao.org/ecocrop/srv/en/cropView?id=12245
FAO ECOCROP,2026-09-27,12247,Alysicarpus ovalifolius,https://ecocrop.apps.fao.org/ecocrop/srv/en/cropView?id=12247
FAO ECOCROP,2026-09-27,3069,Alysicarpus rugosus,https://ecocrop.apps.fao.org/ecocrop/srv/en/cropView?id=3069
FAO ECOCROP,2026-09-27,3070,Alysicarpus vaginalis,https://ecocrop.apps.fao.org/ecocrop/srv/en/cropView?id=3070
FAO ECOCROP,2026-09-27,2187,Amaranthus caudatus,https://ecocrop.apps.fao.org/ecocrop/srv/en/cropView?id=2187
FAO ECOCROP,2026-09-27,390,Amaranthus cruentus,https://ecocrop.apps.fao.org/ecocrop/srv/en/cropView?id=390
FAO ECOCROP,2026-09-27,2188,Amaranthus dubius,https://ecocrop.apps.fao.org/ecocrop/srv/en/cropView?id=2188
FAO ECOCROP,2026-09-27,3086,Amaranthus hybridus,https://ecocrop.apps.fao.org/ecocrop/srv/en/cropView?id=3086
FAO ECOCROP,2026-09-27,3090,Amaranthus hypochondriacus,https://ecocrop.apps.fao.org/ecocrop/srv/en/cropView?id=3090
FAO ECOCROP,2026-09-27,2189,Amaranthus lividus,https://ecocrop.apps.fao.org/ecocrop/srv/en/cropView?id=2189
FAO ECOCROP,2026-09-27,391,Amaranthus sp.,https://ecocrop.apps.fao.org/ecocrop/srv/en/cropView?id=391
FAO ECOCROP,2026-09-27,2190,Amaranthus tricolor,https://ecocrop.apps.fao.org/ecocrop/srv/en/cropView?id=2190
FAO ECOCROP,2026-09-27,367215,Ambelania acida,https://ecocrop.apps.fao.org/ecocrop/srv/en/cropView?id=367215
FAO ECOCROP,2026-09-27,198033,Amelanchier pallida,https://ecocrop.apps.fao.org/ecocrop/srv/en/cropView?id=198033
FAO ECOCROP,2026-09-27,3127,Ammandra natalia,https://ecocrop.apps.fao.org/ecocrop/srv/en/cropView?id=3127
FAO ECOCROP,2026-09-27,3131,Ammophila arenaria,https://ecocrop.apps.fao.org/ecocrop/srv/en/cropView?id=3131
FAO ECOCROP,2026-09-27,3132,Ammophila breviligulata,https://ecocrop.apps.fao.org/ecocrop/srv/en/cropView?id=3132
FAO ECOCROP,2026-09-27,400,Amorphophallus paeoniifolius,https://ecocrop.apps.fao.org/ecocrop/srv/en/cropView?id=400
FAO ECOCROP,2026-09-27,376601,Anabasis syriaca,https://ecocrop.apps.fao.org/ecocrop/srv/en/cropView?id=376601
FAO ECOCROP,2026-09-27,401,Anacardium occidentale,https://ecocrop.apps.fao.org/ecocrop/srv/en/cropView?id=401
FAO ECOCROP,2026-09-27,3187,Anagallis arvensis,https://ecocrop.apps.fao.org/ecocrop/srv/en/cropView?id=3187
FAO ECOCROP,2026-09-27,402,Ananas comosus,https://ecocrop.apps.fao.org/ecocrop/srv/en/cropView?id=402
FAO ECOCROP,2026-09-27,17836,Anchusa azurea,https://ecocrop.apps.fao.org/ecocrop/srv/en/cropView?id=17836
FAO ECOCROP,2026-09-27,12320,Andrographis paniculata,https://ecocrop.apps.fao.org/ecocrop/srv/en/cropView?id=12320
FAO ECOCROP,2026-09-27,376602,Andropogon abyssinicus,https://ecocrop.apps.fao.org/ecocrop/srv/en/cropView?id=376602
FAO ECOCROP,2026-09-27,376603,Andropogon africanus,https://ecocrop.apps.fao.org/ecocrop/srv/en/cropView?id=376603
FAO ECOCROP,2026-09-27,376604,Andropogon amethystinus,https://ecocrop.apps.fao.org/ecocrop/srv/en/cropView?id=376604
FAO ECOCROP,2026-09-27,376605,Andropogon chrysostachyus,https://ecocrop.apps.fao.org/ecocrop/srv/en/cropView?id=376605
FAO ECOCROP,2026-09-27,3202,Andropogon gayanus,https://ecocrop.apps.fao.org/ecocrop/srv/en/cropView?id=3202
FAO ECOCROP,2026-09-27,3203,Andropogon gerardii var. gerardii,https://ecocrop.apps.fao.org/ecocrop/srv/en/cropView?id=3203
FAO ECOCROP,2026-09-27,376606,Andropogon greenwayi,https://ecocrop.apps.fao.org/ecocrop/srv/en/cropView?id=376606
FAO ECOCROP,2026-09-27,3204,Andropogon hallii,https://ecocrop.apps.fao.org/ecocrop/srv/en/cropView?id=3204
FAO ECOCROP,2026-09-27,376607,Andropogon heterantherus,https://ecocrop.apps.fao.org/ecocrop/srv/en/cropView?id=376607
FAO ECOCROP,2026-09-27,368286,Andropogon laxatus,https://ecocrop.apps.fao.org/ecocrop/srv/en/cropView?id=368286
FAO ECOCROP,2026-09-27,50040,Anemone hepatica,https://ecocrop.apps.fao.org/ecocrop/srv/en/cropView?id=50040
FAO ECOCROP,2026-09-27,3217,Anemone nemorosa,https://ecocrop.apps.fao.org/ecocrop/srv/en/cropView?id=3217
FAO ECOCROP,2026-09-27,2192,Anethum graveolens,https://ecocrop.apps.fao.org/ecocrop/srv/en/cropView?id=2192
FAO ECOCROP,2026-09-27,3218,Angelica archangelica,https://ecocrop.apps.fao.org/ecocrop/srv/en/cropView?id=3218
FAO ECOCROP,2026-09-27,12347,Angelica atropurpurea,https://ecocrop.apps.fao.org/ecocrop/srv/en/cropView?id=12347
FAO ECOCROP,2026-09-27,3220,Angelica sylvestris,https://ecocrop.apps.fao.org/ecocrop/srv/en/cropView?id=3220
FAO ECOCROP,2026-09-27,3221,Angophora costata,https://ecocrop.apps.fao.org/ecocrop/srv/en/cropView?id=3221
FAO ECOCROP,2026-09-27,3222,Angophora floribunda,https://ecocrop.apps.fao.org/ecocrop/srv/en/cropView?id=3222
FAO ECOCROP,2026-09-27,3230,Anisoptera scaphula,https://ecocrop.apps.fao.org/ecocrop/srv/en/cropView?id=3230
FAO ECOCROP,2026-09-27,3236,Annona atemoya,https://ecocrop.apps.fao.org/ecocrop/srv/en/cropView?id=3236
FAO ECOCROP,2026-09-27,2194,Annona cherimola,https://ecocrop.apps.fao.org/ecocrop/srv/en/cropView?id=2194
FAO ECOCROP,2026-09-27,2465,Annona cherimola x Annona squamosa,https://ecocrop.apps.fao.org/ecocrop/srv/en/cropView?id=2465
FAO ECOCROP,2026-09-27,2196,Annona diversifolia,https://ecocrop.apps.fao.org/ecocrop/srv/en/cropView?id=2196
FAO ECOCROP,2026-09-27,3241,Annona montana,https://ecocrop.apps.fao.org/ecocrop/srv/en/cropView?id=3241
FAO ECOCROP,2026-09-27,411,Annona muricata,https://ecocrop.apps.fao.org/ecocrop/srv/en/cropView?id=411
FAO ECOCROP,2026-09-27,2197,Annona purpurea,https://ecocrop.apps.fao.org/ecocrop/srv/en/cropView?id=2197
FAO ECOCROP,2026-09-27,412,Annona reticulata,https://ecocrop.apps.fao.org/ecocrop/srv/en/cropView?id=412
FAO ECOCROP,2026-09-27,3242,Annona scleroderma,https://ecocrop.apps.fao.org/ecocrop/srv/en/cropView?id=3242
FAO ECOCROP,2026-09-27,3243,Annona senegalensis,https://ecocrop.apps.fao.org/ecocrop/srv/en/cropView?id=3243
FAO ECOCROP,2026-09-27,414,Annona squamosa,https://ecocrop.apps.fao.org/ecocrop/srv/en/cropView?id=414
FAO ECOCROP,2026-09-27,3245,Anogeissus acuminata,https://ecocrop.apps.fao.org/ecocrop/srv/en/cropView?id=3245
FAO ECOCROP,2026-09-27,3246,Anogeissus latifolia,https://ecocrop.apps.fao.org/ecocrop/srv/en/cropView?id=3246
FAO ECOCROP,2026-09-27,3248,Anogeissus pendula,https://ecocrop.apps.fao.org/ecocrop/srv/en/cropView?id=3248
FAO ECOCROP,2026-09-27,50041,Antennaria dioica,https://ecocrop.apps.fao.org/ecocrop/srv/en/cropView?id=50041
FAO ECOCROP,2026-09-27,3254,Anthemis nobilis,https://ecocrop.apps.fao.org/ecocrop/srv/en/cropView?id=3254
FAO ECOCROP,2026-09-27,3256,Anthephora pubescens,https://ecocrop.apps.fao.org/ecocrop/srv/en/cropView?id=3256
FAO ECOCROP,2026-09-27,418,Anthocephalus chinensis,https://ecocrop.apps.fao.org/ecocrop/srv/en/cropView?id=418
FAO ECOCROP,2026-09-27,3259,Anthocephalus macrophyllus,https://ecocrop.apps.fao.org/ecocrop/srv/en/cropView?id=3259
FAO ECOCROP,2026-09-27,3260,Anthocleista nobilis,https://ecocrop.apps.fao.org/ecocrop/srv/en/cropView?id=3260
FAO ECOCROP,2026-09-27,3263,Anthoxanthum odoratum,https://ecocrop.apps.fao.org/ecocrop/srv/en/cropView?id=3263
FAO ECOCROP,2026-09-27,3265,Anthriscus cerefolium,https://ecocrop.apps.fao.org/ecocrop/srv/en/cropView?id=3265
FAO ECOCROP,2026-09-27,3270,Anthyllis vulneraria,https://ecocrop.apps.fao.org/ecocrop/srv/en/cropView?id=3270
FAO ECOCROP,2026-09-27,2198,Antidesma bunius,https://ecocrop.apps.fao.org/ecocrop/srv/en/cropView?id=2198
FAO ECOCROP,2026-09-27,12381,Antirrhinum majus,https://ecocrop.apps.fao.org/ecocrop/srv/en/cropView?id=12381
FAO ECOCROP,2026-09-27,3286,Apios americana,https://ecocrop.apps.fao.org/ecocrop/srv/en/cropView?id=3286
FAO ECOCROP,2026-09-27,431,Apium graveolens,https://ecocrop.apps.fao.org/ecocrop/srv/en/cropView?id=431
FAO ECOCROP,2026-09-27,432,Apium graveolens var. dulce,https://ecocrop.apps.fao.org/ecocrop/srv/en/cropView?id=432
FAO ECOCROP,2026-09-27,3289,Apium graveolens var. rapaceum,https://ecocrop.apps.fao.org/ecocrop/srv/en/cropView?id=3289
FAO ECOCROP,2026-09-27,12393,Apocynum cannabinum,https://ecocrop.apps.fao.org/ecocrop/srv/en/cropView?id=12393
FAO ECOCROP,2026-09-27,12396,Aponogeton distachyos,https://ecocrop.apps.fao.org/ecocrop/srv/en/cropView?id=12396
FAO ECOCROP,2026-09-27,3302,Aquilaria malaccensis,https://ecocrop.apps.fao.org/ecocrop/srv/en/cropView?id=3302
FAO ECOCROP,2026-09-27,198891,Aquilegia canadensis,https://ecocrop.apps.fao.org/ecocrop/srv/en/cropView?id=198891
FAO ECOCROP,2026-09-27,3304,Aquilegia vulgaris,https://ecocrop.apps.fao.org/ecocrop/srv/en/cropView?id=3304
FAO ECOCROP,2026-09-27,3308,Arachis glabrata,https://ecocrop.apps.fao.org/ecocrop/srv/en/cropView?id=3308
FAO ECOCROP,2026-09-27,2199,Arachis hypogaea,https://ecocrop.apps.fao.org/ecocrop/srv/en/cropView?id=2199
FAO ECOCROP,2026-09-27,3309,Arachis monticola,https://ecocrop.apps.fao.org/ecocrop/srv/en/cropView?id=3309
FAO ECOCROP,2026-09-27,3310,Arachis pintoi,https://ecocrop.apps.fao.org/ecocrop/srv/en/cropView?id=3310
FAO ECOCROP,2026-09-27,11617,Arachis villosa,https://ecocrop.apps.fao.org/ecocrop/srv/en/cropView?id=11617
FAO ECOCROP,2026-09-27,3318,Araucaria angustifolia,https://ecocrop.apps.fao.org/ecocrop/srv/en/cropView?id=3318
FAO ECOCROP,2026-09-27,3320,Araucaria bidwillii,https://ecocrop.apps.fao.org/ecocrop/srv/en/cropView?id=3320
FAO ECOCROP,2026-09-27,443,Araucaria cunninghamii,https://ecocrop.apps.fao.org/ecocrop/srv/en/cropView?id=443
FAO ECOCROP,2026-09-27,3321,Araucaria hunsteinii,https://ecocrop.apps.fao.org/ecocrop/srv/en/cropView?id=3321
FAO ECOCROP,2026-09-27,3325,Arbutus unedo,https://ecocrop.apps.fao.org/ecocrop/srv/en/cropView?id=3325
FAO ECOCROP,2026-09-27,3327,Archidendron jiringa,https://ecocrop.apps.fao.org/ecocrop/srv/en/cropView?id=3327
FAO ECOCROP,2026-09-27,3329,Archontophoenix cunningham,https://ecocrop.apps.fao.org/ecocrop/srv/en/cropView?id=3329
FAO ECOCROP,2026-09-27,3330,Arctium lappa,https://ecocrop.apps.fao.org/ecocrop/srv/en/cropView?id=3330
FAO ECOCROP,2026-09-27,12414,Arctostaphylos uva-ursi,https://ecocrop.apps.fao.org/ecocrop/srv/en/cropView?id=12414
FAO ECOCROP,2026-09-27,449,Areca catechu,https://ecocrop.apps.fao.org/ecocrop/srv/en/cropView?id=449
FAO ECOCROP,2026-09-27,3348,Arenga pinnata,https://ecocrop.apps.fao.org/ecocrop/srv/en/cropView?id=3348
FAO ECOCROP,2026-09-27,3351,Argania sideroxylon,https://ecocrop.apps.fao.org/ecocrop/srv/en/cropView?id=3351
FAO ECOCROP,2026-09-27,3356,Argyrodendron actinophyllum,https://ecocrop.apps.fao.org/ecocrop/srv/en/cropView?id=3356
FAO ECOCROP,2026-09-27,17654,Argyrodendron actinophyllum ssp. diversifolium,https://ecocrop.apps.fao.org/ecocrop/srv/en/cropView?id=17654
FAO ECOCROP,2026-09-27,3357,Argyrodendron peralatum,https://ecocrop.apps.fao.org/ecocrop/srv/en/cropView?id=3357
FAO ECOCROP,2026-09-27,376608,Aristida adoensis,https://ecocrop.apps.fao.org/ecocrop/srv/en/cropView?id=376608
FAO ECOCROP,2026-09-27,3369,Aristida adscensionis,https://ecocrop.apps.fao.org/ecocrop/srv/en/cropView?id=3369
FAO ECOCROP,2026-09-27,3370,Aristida ciliata,https://ecocrop.apps.fao.org/ecocrop/srv/en/cropView?id=3370
FAO ECOCROP,2026-09-27,12427,Aristida congesta,https://ecocrop.apps.fao.org/ecocrop/srv/en/cropView?id=12427
FAO ECOCROP,2026-09-27,366448,Aristida funiculata,https://ecocrop.apps.fao.org/ecocrop/srv/en/cropView?id=366448
FAO ECOCROP,2026-09-27,12429,Aristida hordeacea,https://ecocrop.apps.fao.org/ecocrop/srv/en/cropView?id=12429
FAO ECOCROP,2026-09-27,17854,Aristida junciformis,https://ecocrop.apps.fao.org/ecocrop/srv/en/cropView?id=17854
FAO ECOCROP,2026-09-27,376609,Aristida kenyensis,https://ecocrop.apps.fao.org/ecocrop/srv/en/cropView?id=376609
FAO ECOCROP,2026-09-27,3372,Aristida lanata,https://ecocrop.apps.fao.org/ecocrop/srv/en/cropView?id=3372
FAO ECOCROP,2026-09-27,3373,Aristida latifolia,https://ecocrop.apps.fao.org/ecocrop/srv/en/cropView?id=3373
FAO ECOCROP,2026-09-27,376610,Aristida mollissima,https://ecocrop.apps.fao.org/ecocrop/srv/en/cropView?id=376610
FAO ECOCROP,2026-09-27,376611,Aristida mutabilis,https://ecocrop.apps.fao.org/ecocrop/srv/en/cropView?id=376611
FAO ECOCROP,2026-09-27,3374,Aristida obtusa,https://ecocrop.apps.fao.org/ecocrop/srv/en/cropView?id=3374
FAO ECOCROP,2026-09-27,3376,Aristida pennata,https://ecocrop.apps.fao.org/ecocrop/srv/en/cropView?id=3376
FAO ECOCROP,2026-09-27,3377,Aristida plumosa,https://ecocrop.apps.fao.org/ecocrop/srv/en/cropView?id=3377
FAO ECOCROP,2026-09-27,3379,Aristida pungens,https://ecocrop.apps.fao.org/ecocrop/srv/en/cropView?id=3379
FAO ECOCROP,2026-09-27,3380,Aristida raddiana,https://ecocrop.apps.fao.org/ecocrop/srv/en/cropView?id=3380
FAO ECOCROP,2026-09-27,376612,Aristida sieberana,https://ecocrop.apps.fao.org/ecocrop/srv/en/cropView?id=376612
FAO ECOCROP,2026-09-27,376613,Aristida somalensis,https://ecocrop.apps.fao.org/ecocrop/srv/en/cropView?id=376613
FAO ECOCROP,2026-09-27,3381,Aristida stipoides,https://ecocrop.apps.fao.org/ecocrop/srv/en/cropView?id=3381
FAO ECOCROP,2026-09-27,367567,Aristida transvaalensis,https://ecocrop.apps.fao.org/ecocrop/srv/en/cropView?id=367567
FAO ECOCROP,2026-09-27,12445,Aristolochia rotunda,https://ecocrop.apps.fao.org/ecocrop/srv/en/cropView?id=12445
FAO ECOCROP,2026-09-27,3384,Armoracia rusticana,https://ecocrop.apps.fao.org/ecocrop/srv/en/cropView?id=3384
FAO ECOCROP,2026-09-27,3385,Arnica montana,https://ecocrop.apps.fao.org/ecocrop/srv/en/cropView?id=3385
FAO ECOCROP,2026-09-27,3116,Aronia alnifolia,https://ecocrop.apps.fao.org/ecocrop/srv/en/cropView?id=3116
FAO ECOCROP,2026-09-27,3386,Arracacia xanthorrhiza,https://ecocrop.apps.fao.org/ecocrop/srv/en/cropView?id=3386
FAO ECOCROP,2026-09-27,3387,Arrhenatherum elatius,https://ecocrop.apps.fao.org/ecocrop/srv/en/cropView?id=3387
FAO ECOCROP,2026-09-27,3389,Artemisia abrotanum,https://ecocrop.apps.fao.org/ecocrop/srv/en/cropView?id=3389
FAO ECOCROP,2026-09-27,3390,Artemisia absinthium,https://ecocrop.apps.fao.org/ecocrop/srv/en/cropView?id=3390
FAO ECOCROP,2026-09-27,3391,Artemisia afra,https://ecocrop.apps.fao.org/ecocrop/srv/en/cropView?id=3391
FAO ECOCROP,2026-09-27,3392,Artemisia annua,https://ecocrop.apps.fao.org/ecocrop/srv/en/cropView?id=3392
FAO ECOCROP,2026-09-27,3402,Artemisia dracunculus,https://ecocrop.apps.fao.org/ecocrop/srv/en/cropView?id=3402
FAO ECOCROP,2026-09-27,49189,Artemisia glacialis,https://ecocrop.apps.fao.org/ecocrop/srv/en/cropView?id=49189
FAO ECOCROP,2026-09-27,12459,Artemisia herba-alba,https://ecocrop.apps.fao.org/ecocrop/srv/en/cropView?id=12459
FAO ECOCROP,2026-09-27,3415,Artemisia vulgaris,https://ecocrop.apps.fao.org/ecocrop/srv/en/cropView?id=3415
FAO ECOCROP,2026-09-27,3423,Artocarpus altilis,https://ecocrop.apps.fao.org/ecocrop/srv/en/cropView?id=3423
FAO ECOCROP,2026-09-27,3428,Artocarpus chaplasha,https://ecocrop.apps.fao.org/ecocrop/srv/en/cropView?id=3428
FAO ECOCROP,2026-09-27,459,Artocarpus heterophyllus,https://ecocrop.apps.fao.org/ecocrop/srv/en/cropView?id=459
FAO ECOCROP,2026-09-27,3433,Artocarpus hirsutus,https://ecocrop.apps.fao.org/ecocrop/srv/en/cropView?id=3433
FAO ECOCROP,2026-09-27,3435,Artocarpus integer,https://ecocrop.apps.fao.org/ecocrop/srv/en/cropView?id=3435
FAO ECOCROP,2026-09-27,3437,Artocarpus lakoocha,https://ecocrop.apps.fao.org/ecocrop/srv/en/cropView?id=3437
FAO ECOCROP,2026-09-27,77358,Arundinaria alpina,https://ecocrop.apps.fao.org/ecocrop/srv/en/cropView?id=77358
FAO ECOCROP,2026-09-27,3458,Arundinaria pusilla,https://ecocrop.apps.fao.org/ecocrop/srv/en/cropView?id=3458
FAO ECOCROP,2026-09-27,3460,Arundinella hirta,https://ecocrop.apps.fao.org/ecocrop/srv/en/cropView?id=3460
FAO ECOCROP,2026-09-27,465,Arundo donax,https://ecocrop.apps.fao.org/ecocrop/srv/en/cropView?id=465
FAO ECOCROP,2026-09-27,50042,Asarum europaeum,https://ecocrop.apps.fao.org/ecocrop/srv/en/cropView?id=50042
FAO ECOCROP,2026-09-27,12484,Asclepias incarnata,https://ecocrop.apps.fao.org/ecocrop/srv/en/cropView?id=12484
FAO ECOCROP,2026-09-27,199708,Asclepias lanceolata,https://ecocrop.apps.fao.org/ecocrop/srv/en/cropView?id=199708
FAO ECOCROP,2026-09-27,12493,Asclepias speciosa,https://ecocrop.apps.fao.org/ecocrop/srv/en/cropView?id=12493
FAO ECOCROP,2026-09-27,3466,Asclepias tuberosa,https://ecocrop.apps.fao.org/ecocrop/srv/en/cropView?id=3466
FAO ECOCROP,2026-09-27,11029,Asimina triloba,https://ecocrop.apps.fao.org/ecocrop/srv/en/cropView?id=11029
FAO ECOCROP,2026-09-27,3478,Asparagus densiflorus,https://ecocrop.apps.fao.org/ecocrop/srv/en/cropView?id=3478
FAO ECOCROP,2026-09-27,468,Asparagus officinalis,https://ecocrop.apps.fao.org/ecocrop/srv/en/cropView?id=468
FAO ECOCROP,2026-09-27,12500,Asperula odorata,https://ecocrop.apps.fao.org/ecocrop/srv/en/cropView?id=12500
FAO ECOCROP,2026-09-27,3487,Asphodelus albus,https://ecocrop.apps.fao.org/ecocrop/srv/en/cropView?id=3487
FAO ECOCROP,2026-09-27,50043,Asplenium ruta-muraria,https://ecocrop.apps.fao.org/ecocrop/srv/en/cropView?id=50043
FAO ECOCROP,2026-09-27,199890,Aster cordifolius var. cordifolius,https://ecocrop.apps.fao.org/ecocrop/srv/en/cropView?id=199890
FAO ECOCROP,2026-09-27,200000,Astragalus adsurgens,https://ecocrop.apps.fao.org/ecocrop/srv/en/cropView?id=200000
FAO ECOCROP,2026-09-27,3500,Astragalus cicer,https://ecocrop.apps.fao.org/ecocrop/srv/en/cropView?id=3500
FAO ECOCROP,2026-09-27,3504,Astragalus gummifer,https://ecocrop.apps.fao.org/ecocrop/srv/en/cropView?id=3504
FAO ECOCROP,2026-09-27,3509,Astragalus sinicus,https://ecocrop.apps.fao.org/ecocrop/srv/en/cropView?id=3509
FAO ECOCROP,2026-09-27,50044,Astrantia major,https://ecocrop.apps.fao.org/ecocrop/srv/en/cropView?id=50044
FAO ECOCROP,2026-09-27,3510,Astrebla elymoides,https://ecocrop.apps.fao.org/ecocrop/srv/en/cropView?id=3510
FAO ECOCROP,2026-09-27,3511,Astrebla lappacea,https://ecocrop.apps.fao.org/ecocrop/srv/en/cropView?id=3511
FAO ECOCROP,2026-09-27,3512,Astrebla pectinata,https://ecocrop.apps.fao.org/ecocrop/srv/en/cropView?id=3512
FAO ECOCROP,2026-09-27,3513,Astrebla squarrosa,https://ecocrop.apps.fao.org/ecocrop/srv/en/cropView?id=3513
FAO ECOCROP,2026-09-27,3515,Astrocaryum jauari,https://ecocrop.apps.fao.org/ecocrop/srv/en/cropView?id=3515
FAO ECOCROP,2026-09-27,3522,Astrocaryum vulgare,https://ecocrop.apps.fao.org/ecocrop/srv/en/cropView?id=3522
FAO ECOCROP,2026-09-27,478,Asystasia gangetica,https://ecocrop.apps.fao.org/ecocrop/srv/en/cropView?id=478
FAO ECOCROP,2026-09-27,3529,Atalaya hemiglauca,https://ecocrop.apps.fao.org/ecocrop/srv/en/cropView?id=3529
FAO ECOCROP,2026-09-27,3530,Atherosperma moschatum,https://ecocrop.apps.fao.org/ecocrop/srv/en/cropView?id=3530
FAO ECOCROP,2026-09-27,3531,Athrotaxis selaginoides,https://ecocrop.apps.fao.org/ecocrop/srv/en/cropView?id=3531
FAO ECOCROP,2026-09-27,3540,Atriplex canescens,https://ecocrop.apps.fao.org/ecocrop/srv/en/cropView?id=3540
FAO ECOCROP,2026-09-27,3542,Atriplex confertifolia,https://ecocrop.apps.fao.org/ecocrop/srv/en/cropView?id=3542
FAO ECOCROP,2026-09-27,3544,Atriplex gardneri,https://ecocrop.apps.fao.org/ecocrop/srv/en/cropView?id=3544
FAO ECOCROP,2026-09-27,3545,Atriplex glauca,https://ecocrop.apps.fao.org/ecocrop/srv/en/cropView?id=3545
FAO ECOCROP,2026-09-27,3546,Atriplex halimus,https://ecocrop.apps.fao.org/ecocrop/srv/en/cropView?id=3546
FAO ECOCROP,2026-09-27,3549,Atriplex hortensis,https://ecocrop.apps.fao.org/ecocrop/srv/en/cropView?id=3549
FAO ECOCROP,2026-09-27,3550,Atriplex lentiformis,https://ecocrop.apps.fao.org/ecocrop/srv/en/cropView?id=3550
FAO ECOCROP,2026-09-27,3552,Atriplex nummularia,https://ecocrop.apps.fao.org/ecocrop/srv/en/cropView?id=3552
FAO ECOCROP,2026-09-27,3557,Atriplex vesicaria,https://ecocrop.apps.fao.org/ecocrop/srv/en/cropView?id=3557
FAO ECOCROP,2026-09-27,3558,Atropa belladonna,https://ecocrop.apps.fao.org/ecocrop/srv/en/cropView?id=3558
FAO ECOCROP,2026-09-27,3560,Attalea cohune,https://ecocrop.apps.fao.org/ecocrop/srv/en/cropView?id=3560
FAO ECOCROP,2026-09-27,3561,Attalea funifera,https://ecocrop.apps.fao.org/ecocrop/srv/en/cropView?id=3561
FAO ECOCROP,2026-09-27,12565,Atylosia scarabaeoides,https://ecocrop.apps.fao.org/ecocrop/srv/en/cropView?id=12565
FAO ECOCROP,2026-09-27,3564,Aucoumea klaineana,https://ecocrop.apps.fao.org/ecocrop/srv/en/cropView?id=3564
FAO ECOCROP,2026-09-27,3568,Avena byzantina,https://ecocrop.apps.fao.org/ecocrop/srv/en/cropView?id=3568
FAO ECOCROP,2026-09-27,3569,Avena fatau,https://ecocrop.apps.fao.org/ecocrop/srv/en/cropView?id=3569
FAO ECOCROP,2026-09-27,3571,Avena nuda,https://ecocrop.apps.fao.org/ecocrop/srv/en/cropView?id=3571
FAO ECOCROP,2026-09-27,481,Avena sativa,https://ecocrop.apps.fao.org/ecocrop/srv/en/cropView?id=481
FAO ECOCROP,2026-09-27,3572,Avena sterilis,https://ecocrop.apps.fao.org/ecocrop/srv/en/cropView?id=3572
FAO ECOCROP,2026-09-27,376614,Avenula pratensis,https://ecocrop.apps.fao.org/ecocrop/srv/en/cropView?id=376614
FAO ECOCROP,2026-09-27,215991,Avenula pubescens,https://ecocrop.apps.fao.org/ecocrop/srv/en/cropView?id=215991
FAO ECOCROP,2026-09-27,482,Averrhoa bilimbi,https://ecocrop.apps.fao.org/ecocrop/srv/en/cropView?id=482
FAO ECOCROP,2026-09-27,483,Averrhoa carambola,https://ecocrop.apps.fao.org/ecocrop/srv/en/cropView?id=483
FAO ECOCROP,2026-09-27,3575,Avicennia germinans,https://ecocrop.apps.fao.org/ecocrop/srv/en/cropView?id=3575
FAO ECOCROP,2026-09-27,3576,Avicennia marina,https://ecocrop.apps.fao.org/ecocrop/srv/en/cropView?id=3576
FAO ECOCROP,2026-09-27,2501,Avicennia officinalis,https://ecocrop.apps.fao.org/ecocrop/srv/en/cropView?id=2501
FAO ECOCROP,2026-09-27,3578,Axonopus affinis,https://ecocrop.apps.fao.org/ecocrop/srv/en/cropView?id=3578
FAO ECOCROP,2026-09-27,485,Axonopus compressus,https://ecocrop.apps.fao.org/ecocrop/srv/en/cropView?id=485
FAO ECOCROP,2026-09-27,74953,Axonopus fissifolius,https://ecocrop.apps.fao.org/ecocrop/srv/en/cropView?id=74953
FAO ECOCROP,2026-09-27,376615,Axonopus flexuosus,https://ecocrop.apps.fao.org/ecocrop/srv/en/cropView?id=376615
FAO ECOCROP,2026-09-27,3580,Axonopus scoparius,https://ecocrop.apps.fao.org/ecocrop/srv/en/cropView?id=3580
FAO ECOCROP,2026-09-27,3581,Azadirachta indica,https://ecocrop.apps.fao.org/ecocrop/srv/en/cropView?id=3581
FAO ECOCROP,2026-09-27,3582,Azanza garckeana,https://ecocrop.apps.fao.org/ecocrop/srv/en/cropView?id=3582
FAO ECOCROP,2026-09-27,3585,Azolla pinnata,https://ecocrop.apps.fao.org/ecocrop/srv/en/cropView?id=3585
FAO ECOCROP,2026-09-27,3591,Baccaurea motleyana,https://ecocrop.apps.fao.org/ecocrop/srv/en/cropView?id=3591
FAO ECOCROP,2026-09-27,3596,Baccaurea racemosa,https://ecocrop.apps.fao.org/ecocrop/srv/en/cropView?id=3596
FAO ECOCROP,2026-09-27,3597,Baccaurea ramiflora,https://ecocrop.apps.fao.org/ecocrop/srv/en/cropView?id=3597
FAO ECOCROP,2026-09-27,2307,Bactris gasipaes,https://ecocrop.apps.fao.org/ecocrop/srv/en/cropView?id=2307
FAO ECOCROP,2026-09-27,42707,Baikiaea plurijuga,https://ecocrop.apps.fao.org/ecocrop/srv/en/cropView?id=42707
FAO ECOCROP,2026-09-27,3608,Balanites aegyptiaca,https://ecocrop.apps.fao.org/ecocrop/srv/en/cropView?id=3608
FAO ECOCROP,2026-09-27,3613,Bambusa arundinacea,https://ecocrop.apps.fao.org/ecocrop/srv/en/cropView?id=3613
FAO ECOCROP,2026-09-27,3615,Bambusa balcooa,https://ecocrop.apps.fao.org/ecocrop/srv/en/cropView?id=3615
FAO ECOCROP,2026-09-27,3618,Bambusa blumeana,https://ecocrop.apps.fao.org/ecocrop/srv/en/cropView?id=3618
FAO ECOCROP,2026-09-27,3621,Bambusa longispiculata,https://ecocrop.apps.fao.org/ecocrop/srv/en/cropView?id=3621
FAO ECOCROP,2026-09-27,3623,Bambusa nutans,https://ecocrop.apps.fao.org/ecocrop/srv/en/cropView?id=3623
FAO ECOCROP,2026-09-27,3624,Bambusa polymorpha,https://ecocrop.apps.fao.org/ecocrop/srv/en/cropView?id=3624
FAO ECOCROP,2026-09-27,3627,Bambusa tulda,https://ecocrop.apps.fao.org/ecocrop/srv/en/cropView?id=3627
FAO ECOCROP,2026-09-27,493,Bambusa vulgaris,https://ecocrop.apps.fao.org/ecocrop/srv/en/cropView?id=493
FAO ECOCROP,2026-09-27,3632,Banksia integrifolia,https://ecocrop.apps.fao.org/ecocrop/srv/en/cropView?id=3632
FAO ECOCROP,2026-09-27,3635,Baphia nitida,https://ecocrop.apps.fao.org/ecocrop/srv/en/cropView?id=3635
FAO ECOCROP,2026-09-27,501,Barringtonia racemosa,https://ecocrop.apps.fao.org/ecocrop/srv/en/cropView?id=501
FAO ECOCROP,2026-09-27,504,Basella alba,https://ecocrop.apps.fao.org/ecocrop/srv/en/cropView?id=504
FAO ECOCROP,2026-09-27,505,Basella rubra,https://ecocrop.apps.fao.org/ecocrop/srv/en/cropView?id=505
FAO ECOCROP,2026-09-27,3655,Bassia latifolia,https://ecocrop.apps.fao.org/ecocrop/srv/en/cropView?id=3655
FAO ECOCROP,2026-09-27,3659,Bauhinia esculenta,https://ecocrop.apps.fao.org/ecocrop/srv/en/cropView?id=3659
FAO ECOCROP,2026-09-27,3664,Bauhinia petersiana,https://ecocrop.apps.fao.org/ecocrop/srv/en/cropView?id=3664
FAO ECOCROP,2026-09-27,3666,Bauhinia racemosa,https://ecocrop.apps.fao.org/ecocrop/srv/en/cropView?id=3666
FAO ECOCROP,2026-09-27,3669,Bauhinia rufescens,https://ecocrop.apps.fao.org/ecocrop/srv/en/cropView?id=3669
FAO ECOCROP,2026-09-27,376616,Bauhinia thonningii,https://ecocrop.apps.fao.org/ecocrop/srv/en/cropView?id=376616
FAO ECOCROP,2026-09-27,3670,Bauhinia tomentosa,https://ecocrop.apps.fao.org/ecocrop/srv/en/cropView?id=3670
FAO ECOCROP,2026-09-27,508,Bauhinia variegata,https://ecocrop.apps.fao.org/ecocrop/srv/en/cropView?id=508
FAO ECOCROP,2026-09-27,3673,Beckmannia eruciformis,https://ecocrop.apps.fao.org/ecocrop/srv/en/cropView?id=3673
FAO ECOCROP,2026-09-27,3674,Beckmannia syzigachne,https://ecocrop.apps.fao.org/ecocrop/srv/en/cropView?id=3674
FAO ECOCROP,2026-09-27,3682,Bellis perennis,https://ecocrop.apps.fao.org/ecocrop/srv/en/cropView?id=3682
FAO ECOCROP,2026-09-27,513,Benincasa hispida,https://ecocrop.apps.fao.org/ecocrop/srv/en/cropView?id=513
FAO ECOCROP,2026-09-27,3696,Berberis vulgaris,https://ecocrop.apps.fao.org/ecocrop/srv/en/cropView?id=3696
FAO ECOCROP,2026-09-27,3697,Berchemia discolor,https://ecocrop.apps.fao.org/ecocrop/srv/en/cropView?id=3697
FAO ECOCROP,2026-09-27,3698,Berrya cordifolia,https://ecocrop.apps.fao.org/ecocrop/srv/en/cropView?id=3698
FAO ECOCROP,2026-09-27,2087,Bersama lucens,https://ecocrop.apps.fao.org/ecocrop/srv/en/cropView?id=2087
FAO ECOCROP,2026-09-27,3699,Bertholletia excelsa,https://ecocrop.apps.fao.org/ecocrop/srv/en/cropView?id=3699
FAO ECOCROP,2026-09-27,514,Beta vulgaris,https://ecocrop.apps.fao.org/ecocrop/srv/en/cropView?id=514
FAO ECOCROP,2026-09-27,2474,Beta vulgaris var. cicla,https://ecocrop.apps.fao.org/ecocrop/srv/en/cropView?id=2474
FAO ECOCROP,2026-09-27,3712,Beta vulgaris var. crassa,https://ecocrop.apps.fao.org/ecocrop/srv/en/cropView?id=3712
FAO ECOCROP,2026-09-27,3713,Beta vulgaris var. flavescens,https://ecocrop.apps.fao.org/ecocrop/srv/en/cropView?id=3713
FAO ECOCROP,2026-09-27,48742,Beta vulgaris var. saccharifera,https://ecocrop.apps.fao.org/ecocrop/srv/en/cropView?id=48742
FAO ECOCROP,2026-09-27,3721,Betula pendula,https://ecocrop.apps.fao.org/ecocrop/srv/en/cropView?id=3721
FAO ECOCROP,2026-09-27,3722,Betula pubescens,https://ecocrop.apps.fao.org/ecocrop/srv/en/cropView?id=3722
FAO ECOCROP,2026-09-27,517,Bidens pilosa,https://ecocrop.apps.fao.org/ecocrop/srv/en/cropView?id=517
FAO ECOCROP,2026-09-27,372221,Biserrula pelecinus,https://ecocrop.apps.fao.org/ecocrop/srv/en/cropView?id=372221
FAO ECOCROP,2026-09-27,520,Bixa orellana,https://ecocrop.apps.fao.org/ecocrop/srv/en/cropView?id=520
FAO ECOCROP,2026-09-27,2214,Blighia sapida,https://ecocrop.apps.fao.org/ecocrop/srv/en/cropView?id=2214
FAO ECOCROP,2026-09-27,3742,Blumea balsamifera,https://ecocrop.apps.fao.org/ecocrop/srv/en/cropView?id=3742
FAO ECOCROP,2026-09-27,3746,Boehmeria nivea,https://ecocrop.apps.fao.org/ecocrop/srv/en/cropView?id=3746
FAO ECOCROP,2026-09-27,3750,Boesenbergia rotunda,https://ecocrop.apps.fao.org/ecocrop/srv/en/cropView?id=3750
FAO ECOCROP,2026-09-27,42760,Bolusanthus speciosus,https://ecocrop.apps.fao.org/ecocrop/srv/en/cropView?id=42760
FAO ECOCROP,2026-09-27,3754,Bombacopsis quinata,https://ecocrop.apps.fao.org/ecocrop/srv/en/cropView?id=3754
FAO ECOCROP,2026-09-27,3756,Bombax ceiba,https://ecocrop.apps.fao.org/ecocrop/srv/en/cropView?id=3756
FAO ECOCROP,2026-09-27,3758,Bombax insigne,https://ecocrop.apps.fao.org/ecocrop/srv/en/cropView?id=3758
FAO ECOCROP,2026-09-27,3761,Borago officinalis,https://ecocrop.apps.fao.org/ecocrop/srv/en/cropView?id=3761
FAO ECOCROP,2026-09-27,32427,Borassus aethiopum,https://ecocrop.apps.fao.org/ecocrop/srv/en/cropView?id=32427
FAO ECOCROP,2026-09-27,3765,Borassus flabellifer,https://ecocrop.apps.fao.org/ecocrop/srv/en/cropView?id=3765
FAO ECOCROP,2026-09-27,3771,Borojoa patinoi,https://ecocrop.apps.fao.org/ecocrop/srv/en/cropView?id=3771
FAO ECOCROP,2026-09-27,3776,Boscia angustifolia,https://ecocrop.apps.fao.org/ecocrop/srv/en/cropView?id=3776
FAO ECOCROP,2026-09-27,3783,Boswellia serrata,https://ecocrop.apps.fao.org/ecocrop/srv/en/cropView?id=3783
FAO ECOCROP,2026-09-27,530,Bothriochloa bladhii,https://ecocrop.apps.fao.org/ecocrop/srv/en/cropView?id=530
FAO ECOCROP,2026-09-27,376617,Bothriochloa caucasica,https://ecocrop.apps.fao.org/ecocrop/srv/en/cropView?id=376617
FAO ECOCROP,2026-09-27,3786,Bothriochloa insculpta,https://ecocrop.apps.fao.org/ecocrop/srv/en/cropView?id=3786
FAO ECOCROP,2026-09-27,12709,Bothriochloa ischaemum,https://ecocrop.apps.fao.org/ecocrop/srv/en/cropView?id=12709
FAO ECOCROP,2026-09-27,3789,Bothriochloa pertusa,https://ecocrop.apps.fao.org/ecocrop/srv/en/cropView?id=3789
FAO ECOCROP,2026-09-27,48854,Bothriochloa radicans,https://ecocrop.apps.fao.org/ecocrop/srv/en/cropView?id=48854
FAO ECOCROP,2026-09-27,3795,Bougainvillea glabra,https://ecocrop.apps.fao.org/ecocrop/srv/en/cropView?id=3795
FAO ECOCROP,2026-09-27,3796,Bouteloua curtipendula,https://ecocrop.apps.fao.org/ecocrop/srv/en/cropView?id=3796
FAO ECOCROP,2026-09-27,3798,Bouteloua gracilis,https://ecocrop.apps.fao.org/ecocrop/srv/en/cropView?id=3798
FAO ECOCROP,2026-09-27,376618,Brachiaria ambigens,https://ecocrop.apps.fao.org/ecocrop/srv/en/cropView?id=376618
FAO ECOCROP,2026-09-27,376619,Brachiaria aura,https://ecocrop.apps.fao.org/ecocrop/srv/en/cropView?id=376619
FAO ECOCROP,2026-09-27,367716,Brachiaria bovonei,https://ecocrop.apps.fao.org/ecocrop/srv/en/cropView?id=367716
FAO ECOCROP,2026-09-27,376620,Brachiaria breviglumis,https://ecocrop.apps.fao.org/ecocrop/srv/en/cropView?id=376620
FAO ECOCROP,2026-09-27,536,Brachiaria brizantha,https://ecocrop.apps.fao.org/ecocrop/srv/en/cropView?id=536
FAO ECOCROP,2026-09-27,376621,Brachiaria chusqueoides,https://ecocrop.apps.fao.org/ecocrop/srv/en/cropView?id=376621
FAO ECOCROP,2026-09-27,376622,Brachiaria comata,https://ecocrop.apps.fao.org/ecocrop/srv/en/cropView?id=376622
FAO ECOCROP,2026-09-27,537,Brachiaria decumbens,https://ecocrop.apps.fao.org/ecocrop/srv/en/cropView?id=537
FAO ECOCROP,2026-09-27,3803,Brachiaria deflexa,https://ecocrop.apps.fao.org/ecocrop/srv/en/cropView?id=3803
FAO ECOCROP,2026-09-27,17884,Brachiaria distachya,https://ecocrop.apps.fao.org/ecocrop/srv/en/cropView?id=17884
FAO ECOCROP,2026-09-27,3805,Brachiaria dura,https://ecocrop.apps.fao.org/ecocrop/srv/en/cropView?id=3805
FAO ECOCROP,2026-09-27,538,Brachiaria humidicola,https://ecocrop.apps.fao.org/ecocrop/srv/en/cropView?id=538
FAO ECOCROP,2026-09-27,3807,Brachiaria jubata,https://ecocrop.apps.fao.org/ecocrop/srv/en/cropView?id=3807
FAO ECOCROP,2026-09-27,376623,Brachiaria lachnantha,https://ecocrop.apps.fao.org/ecocrop/srv/en/cropView?id=376623
FAO ECOCROP,2026-09-27,376624,Brachiaria leersioides,https://ecocrop.apps.fao.org/ecocrop/srv/en/cropView?id=376624
FAO ECOCROP,2026-09-27,367718,Brachiaria leucacrantha,https://ecocrop.apps.fao.org/ecocrop/srv/en/cropView?id=367718
FAO ECOCROP,2026-09-27,376625,Brachiaria lindiensis,https://ecocrop.apps.fao.org/ecocrop/srv/en/cropView?id=376625
FAO ECOCROP,2026-09-27,539,Brachiaria miliiformis,https://ecocrop.apps.fao.org/ecocrop/srv/en/cropView?id=539
FAO ECOCROP,2026-09-27,540,Brachiaria mutica,https://ecocrop.apps.fao.org/ecocrop/srv/en/cropView?id=540
FAO ECOCROP,2026-09-27,3813,Brachiaria radicans,https://ecocrop.apps.fao.org/ecocrop/srv/en/cropView?id=3813
FAO ECOCROP,2026-09-27,3814,Brachiaria ramosa,https://ecocrop.apps.fao.org/ecocrop/srv/en/cropView?id=3814
FAO ECOCROP,2026-09-27,543,Brachiaria ruziziensis,https://ecocrop.apps.fao.org/ecocrop/srv/en/cropView?id=543
FAO ECOCROP,2026-09-27,76830,Brachiaria serrata,https://ecocrop.apps.fao.org/ecocrop/srv/en/cropView?id=76830
FAO ECOCROP,2026-09-27,3820,Brachychiton acerifolius,https://ecocrop.apps.fao.org/ecocrop/srv/en/cropView?id=3820
FAO ECOCROP,2026-09-27,545,Brachychiton populneus,https://ecocrop.apps.fao.org/ecocrop/srv/en/cropView?id=545
FAO ECOCROP,2026-09-27,30442,Brachylaena huillensis,https://ecocrop.apps.fao.org/ecocrop/srv/en/cropView?id=30442
FAO ECOCROP,2026-09-27,3837,Brachystegia spiciformis,https://ecocrop.apps.fao.org/ecocrop/srv/en/cropView?id=3837
FAO ECOCROP,2026-09-27,3844,Brassica campestris,https://ecocrop.apps.fao.org/ecocrop/srv/en/cropView?id=3844
FAO ECOCROP,2026-09-27,3848,Brassica carinata,https://ecocrop.apps.fao.org/ecocrop/srv/en/cropView?id=3848
FAO ECOCROP,2026-09-27,547,Brassica chinensis,https://ecocrop.apps.fao.org/ecocrop/srv/en/cropView?id=547
FAO ECOCROP,2026-09-27,548,Brassica juncea,https://ecocrop.apps.fao.org/ecocrop/srv/en/cropView?id=548
FAO ECOCROP,2026-09-27,549,Brassica napus,https://ecocrop.apps.fao.org/ecocrop/srv/en/cropView?id=549
FAO ECOCROP,2026-09-27,3861,Brassica napus var. napobrassica,https://ecocrop.apps.fao.org/ecocrop/srv/en/cropView?id=3861
FAO ECOCROP,2026-09-27,550,Brassica nigra,https://ecocrop.apps.fao.org/ecocrop/srv/en/cropView?id=550
FAO ECOCROP,2026-09-27,3867,Brassica oleracea var. acephala,https://ecocrop.apps.fao.org/ecocrop/srv/en/cropView?id=3867
FAO ECOCROP,2026-09-27,553,Brassica oleracea var. botrytis,https://ecocrop.apps.fao.org/ecocrop/srv/en/cropView?id=553
FAO ECOCROP,2026-09-27,554,Brassica oleracea var. capitata,https://ecocrop.apps.fao.org/ecocrop/srv/en/cropView?id=554
FAO ECOCROP,2026-09-27,555,Brassica oleracea var. gemmifera,https://ecocrop.apps.fao.org/ecocrop/srv/en/cropView?id=555
FAO ECOCROP,2026-09-27,2220,Brassica oleracea var. gongyloides,https://ecocrop.apps.fao.org/ecocrop/srv/en/cropView?id=2220
FAO ECOCROP,2026-09-27,556,Brassica oleracea var. italica,https://ecocrop.apps.fao.org/ecocrop/srv/en/cropView?id=556
FAO ECOCROP,2026-09-27,3877,Brassica rapa Gaisin gr.,https://ecocrop.apps.fao.org/ecocrop/srv/en/cropView?id=3877
FAO ECOCROP,2026-09-27,3878,Brassica rapa Pak Choi,https://ecocrop.apps.fao.org/ecocrop/srv/en/cropView?id=3878
FAO ECOCROP,2026-09-27,3881,Brassica rapa var. rapifera,https://ecocrop.apps.fao.org/ecocrop/srv/en/cropView?id=3881
FAO ECOCROP,2026-09-27,3896,Bridelia micrantha,https://ecocrop.apps.fao.org/ecocrop/srv/en/cropView?id=3896
FAO ECOCROP,2026-09-27,3903,Briza media,https://ecocrop.apps.fao.org/ecocrop/srv/en/cropView?id=3903
FAO ECOCROP,2026-09-27,3912,Bromus carinatus,https://ecocrop.apps.fao.org/ecocrop/srv/en/cropView?id=3912
FAO ECOCROP,2026-09-27,3913,Bromus catharticus,https://ecocrop.apps.fao.org/ecocrop/srv/en/cropView?id=3913
FAO ECOCROP,2026-09-27,12746,Bromus erectus,https://ecocrop.apps.fao.org/ecocrop/srv/en/cropView?id=12746
FAO ECOCROP,2026-09-27,3916,Bromus hordeaceus,https://ecocrop.apps.fao.org/ecocrop/srv/en/cropView?id=3916
FAO ECOCROP,2026-09-27,3917,Bromus inermis,https://ecocrop.apps.fao.org/ecocrop/srv/en/cropView?id=3917
FAO ECOCROP,2026-09-27,3922,Bromus marginatus,https://ecocrop.apps.fao.org/ecocrop/srv/en/cropView?id=3922
FAO ECOCROP,2026-09-27,3930,Bromus tomentellus,https://ecocrop.apps.fao.org/ecocrop/srv/en/cropView?id=3930
FAO ECOCROP,2026-09-27,3931,Bromus unioloides,https://ecocrop.apps.fao.org/ecocrop/srv/en/cropView?id=3931
FAO ECOCROP,2026-09-27,2469,Brosimum alicastrum,https://ecocrop.apps.fao.org/ecocrop/srv/en/cropView?id=2469
FAO ECOCROP,2026-09-27,565,Broussonetia papyrifera,https://ecocrop.apps.fao.org/ecocrop/srv/en/cropView?id=565
FAO ECOCROP,2026-09-27,2499,Bruguiera gymnorrhiza,https://ecocrop.apps.fao.org/ecocrop/srv/en/cropView?id=2499
FAO ECOCROP,2026-09-27,17895,Bryonia cretica,https://ecocrop.apps.fao.org/ecocrop/srv/en/cropView?id=17895
FAO ECOCROP,2026-09-27,3957,Buchanania latifolia,https://ecocrop.apps.fao.org/ecocrop/srv/en/cropView?id=3957
FAO ECOCROP,2026-09-27,3961,Buchloe dactyloides,https://ecocrop.apps.fao.org/ecocrop/srv/en/cropView?id=3961
FAO ECOCROP,2026-09-27,3962,Buckinghamia celsissima,https://ecocrop.apps.fao.org/ecocrop/srv/en/cropView?id=3962
FAO ECOCROP,2026-09-27,42696,Burkea africana,https://ecocrop.apps.fao.org/ecocrop/srv/en/cropView?id=42696
FAO ECOCROP,2026-09-27,3982,Bursera simaruba,https://ecocrop.apps.fao.org/ecocrop/srv/en/cropView?id=3982
FAO ECOCROP,2026-09-27,3986,Butea monosperma,https://ecocrop.apps.fao.org/ecocrop/srv/en/cropView?id=3986
FAO ECOCROP,2026-09-27,3988,Butomus umbellatus,https://ecocrop.apps.fao.org/ecocrop/srv/en/cropView?id=3988
FAO ECOCROP,2026-09-27,3989,Butyrospermum paradoxum ssp. parkii,https://ecocrop.apps.fao.org/ecocrop/srv/en/cropView?id=3989
FAO ECOCROP,2026-09-27,3993,Buxus sempervirens,https://ecocrop.apps.fao.org/ecocrop/srv/en/cropView?id=3993
FAO ECOCROP,2026-09-27,4004,Caesalpinia coriaria,https://ecocrop.apps.fao.org/ecocrop/srv/en/cropView?id=4004
FAO ECOCROP,2026-09-27,4006,Caesalpinia sappan,https://ecocrop.apps.fao.org/ecocrop/srv/en/cropView?id=4006
FAO ECOCROP,2026-09-27,576,Cajanus cajan,https://ecocrop.apps.fao.org/ecocrop/srv/en/cropView?id=576
FAO ECOCROP,2026-09-27,4016,Calamagrostis epigeios,https://ecocrop.apps.fao.org/ecocrop/srv/en/cropView?id=4016
FAO ECOCROP,2026-09-27,4023,Calamus caesius,https://ecocrop.apps.fao.org/ecocrop/srv/en/cropView?id=4023
FAO ECOCROP,2026-09-27,4027,Calamus erinaceus,https://ecocrop.apps.fao.org/ecocrop/srv/en/cropView?id=4027
FAO ECOCROP,2026-09-27,4033,Calamus peregrinus,https://ecocrop.apps.fao.org/ecocrop/srv/en/cropView?id=4033
FAO ECOCROP,2026-09-27,4037,Calathea allouia,https://ecocrop.apps.fao.org/ecocrop/srv/en/cropView?id=4037
FAO ECOCROP,2026-09-27,4040,Calendula officinalis,https://ecocrop.apps.fao.org/ecocrop/srv/en/cropView?id=4040
FAO ECOCROP,2026-09-27,4042,Calliandra calothyrsus,https://ecocrop.apps.fao.org/ecocrop/srv/en/cropView?id=4042
FAO ECOCROP,2026-09-27,126505,Calliandra tweedii,https://ecocrop.apps.fao.org/ecocrop/srv/en/cropView?id=126505
FAO ECOCROP,2026-09-27,4053,Callitris columellaris,https://ecocrop.apps.fao.org/ecocrop/srv/en/cropView?id=4053
FAO ECOCROP,2026-09-27,4054,Callitris endlicheri,https://ecocrop.apps.fao.org/ecocrop/srv/en/cropView?id=4054
FAO ECOCROP,2026-09-27,4055,Callitris glauca,https://ecocrop.apps.fao.org/ecocrop/srv/en/cropView?id=4055
FAO ECOCROP,2026-09-27,4056,Callitris macleayana,https://ecocrop.apps.fao.org/ecocrop/srv/en/cropView?id=4056
FAO ECOCROP,2026-09-27,4058,Callitris preissii ssp. preissii,https://ecocrop.apps.fao.org/ecocrop/srv/en/cropView?id=4058
FAO ECOCROP,2026-09-27,4057,Callitris preissii var. Murray,https://ecocrop.apps.fao.org/ecocrop/srv/en/cropView?id=4057
FAO ECOCROP,2026-09-27,4059,Callitris preissii var. verrucosa,https://ecocrop.apps.fao.org/ecocrop/srv/en/cropView?id=4059
FAO ECOCROP,2026-09-27,4061,Calluna vulgaris,https://ecocrop.apps.fao.org/ecocrop/srv/en/cropView?id=4061
FAO ECOCROP,2026-09-27,44868,Calodendrum capense,https://ecocrop.apps.fao.org/ecocrop/srv/en/cropView?id=44868
FAO ECOCROP,2026-09-27,4073,Calophyllum apetalum,https://ecocrop.apps.fao.org/ecocrop/srv/en/cropView?id=4073
FAO ECOCROP,2026-09-27,4074,Calophyllum brasiliense,https://ecocrop.apps.fao.org/ecocrop/srv/en/cropView?id=4074
FAO ECOCROP,2026-09-27,4075,Calophyllum elatum,https://ecocrop.apps.fao.org/ecocrop/srv/en/cropView?id=4075
FAO ECOCROP,2026-09-27,588,Calophyllum inophyllum,https://ecocrop.apps.fao.org/ecocrop/srv/en/cropView?id=588
FAO ECOCROP,2026-09-27,4076,Calophyllum peekelii,https://ecocrop.apps.fao.org/ecocrop/srv/en/cropView?id=4076
FAO ECOCROP,2026-09-27,595,Calopogonium caeruleum,https://ecocrop.apps.fao.org/ecocrop/srv/en/cropView?id=595
FAO ECOCROP,2026-09-27,596,Calopogonium mucunoides,https://ecocrop.apps.fao.org/ecocrop/srv/en/cropView?id=596
FAO ECOCROP,2026-09-27,4079,Calotropis procera,https://ecocrop.apps.fao.org/ecocrop/srv/en/cropView?id=4079
FAO ECOCROP,2026-09-27,4081,Caltha palustris,https://ecocrop.apps.fao.org/ecocrop/srv/en/cropView?id=4081
FAO ECOCROP,2026-09-27,400004,Camelina sativa,https://ecocrop.apps.fao.org/ecocrop/srv/en/cropView?id=400004
FAO ECOCROP,2026-09-27,599,Camellia sinensis,https://ecocrop.apps.fao.org/ecocrop/srv/en/cropView?id=599
FAO ECOCROP,2026-09-27,4089,Camellia sinensis var. assamica,https://ecocrop.apps.fao.org/ecocrop/srv/en/cropView?id=4089
FAO ECOCROP,2026-09-27,4090,Camellia sinensis var. sinensis,https://ecocrop.apps.fao.org/ecocrop/srv/en/cropView?id=4090
FAO ECOCROP,2026-09-27,4094,Campanula rapunculus,https://ecocrop.apps.fao.org/ecocrop/srv/en/cropView?id=4094
FAO ECOCROP,2026-09-27,601,Campnosperma brevipetiolata,https://ecocrop.apps.fao.org/ecocrop/srv/en/cropView?id=601
FAO ECOCROP,2026-09-27,603,Cananga odorata,https://ecocrop.apps.fao.org/ecocrop/srv/en/cropView?id=603
FAO ECOCROP,2026-09-27,606,Canarium indicum,https://ecocrop.apps.fao.org/ecocrop/srv/en/cropView?id=606
FAO ECOCROP,2026-09-27,4111,Canarium ovatum,https://ecocrop.apps.fao.org/ecocrop/srv/en/cropView?id=4111
FAO ECOCROP,2026-09-27,202719,Canavalia brasiliensis,https://ecocrop.apps.fao.org/ecocrop/srv/en/cropView?id=202719
FAO ECOCROP,2026-09-27,609,Canavalia ensiformis,https://ecocrop.apps.fao.org/ecocrop/srv/en/cropView?id=609
FAO ECOCROP,2026-09-27,2227,Canavalia gladiata,https://ecocrop.apps.fao.org/ecocrop/srv/en/cropView?id=2227
FAO ECOCROP,2026-09-27,2228,Canna edulis,https://ecocrop.apps.fao.org/ecocrop/srv/en/cropView?id=2228
FAO ECOCROP,2026-09-27,612,Canna indica,https://ecocrop.apps.fao.org/ecocrop/srv/en/cropView?id=612
FAO ECOCROP,2026-09-27,4127,Cannabis sativa ssp. indica,https://ecocrop.apps.fao.org/ecocrop/srv/en/cropView?id=4127
FAO ECOCROP,2026-09-27,4145,Capparis decidua,https://ecocrop.apps.fao.org/ecocrop/srv/en/cropView?id=4145
FAO ECOCROP,2026-09-27,4159,Capparis spinosa,https://ecocrop.apps.fao.org/ecocrop/srv/en/cropView?id=4159
FAO ECOCROP,2026-09-27,4161,Capparis tomentosa,https://ecocrop.apps.fao.org/ecocrop/srv/en/cropView?id=4161
FAO ECOCROP,2026-09-27,4164,Capsella bursa-pastoris,https://ecocrop.apps.fao.org/ecocrop/srv/en/cropView?id=4164
FAO ECOCROP,2026-09-27,618,Capsicum annuum,https://ecocrop.apps.fao.org/ecocrop/srv/en/cropView?id=618
FAO ECOCROP,2026-09-27,4177,Capsicum baccatum var. pendulum,https://ecocrop.apps.fao.org/ecocrop/srv/en/cropView?id=4177
FAO ECOCROP,2026-09-27,4178,Capsicum chinense,https://ecocrop.apps.fao.org/ecocrop/srv/en/cropView?id=4178
FAO ECOCROP,2026-09-27,621,Capsicum frutescens,https://ecocrop.apps.fao.org/ecocrop/srv/en/cropView?id=621
FAO ECOCROP,2026-09-27,4183,Capsicum pubescens,https://ecocrop.apps.fao.org/ecocrop/srv/en/cropView?id=4183
FAO ECOCROP,2026-09-27,12852,Caragana arborescens,https://ecocrop.apps.fao.org/ecocrop/srv/en/cropView?id=12852
FAO ECOCROP,2026-09-27,4185,Caragana intermedia,https://ecocrop.apps.fao.org/ecocrop/srv/en/cropView?id=4185
FAO ECOCROP,2026-09-27,4186,Caragana korshinskii,https://ecocrop.apps.fao.org/ecocrop/srv/en/cropView?id=4186
FAO ECOCROP,2026-09-27,4187,Caragana microphylla,https://ecocrop.apps.fao.org/ecocrop/srv/en/cropView?id=4187
FAO ECOCROP,2026-09-27,4189,Carallia lucida,https://ecocrop.apps.fao.org/ecocrop/srv/en/cropView?id=4189
FAO ECOCROP,2026-09-27,4198,Carapa guianensis,https://ecocrop.apps.fao.org/ecocrop/srv/en/cropView?id=4198
FAO ECOCROP,2026-09-27,4214,Cardwellia sublimis F.Muell,https://ecocrop.apps.fao.org/ecocrop/srv/en/cropView?id=4214
FAO ECOCROP,2026-09-27,630,Carica papaya,https://ecocrop.apps.fao.org/ecocrop/srv/en/cropView?id=630
FAO ECOCROP,2026-09-27,4218,Carica pubescens,https://ecocrop.apps.fao.org/ecocrop/srv/en/cropView?id=4218
FAO ECOCROP,2026-09-27,4221,Cariniaria pyriformis,https://ecocrop.apps.fao.org/ecocrop/srv/en/cropView?id=4221
FAO ECOCROP,2026-09-27,4223,Carissa carandas,https://ecocrop.apps.fao.org/ecocrop/srv/en/cropView?id=4223
FAO ECOCROP,2026-09-27,4225,Carissa edulis,https://ecocrop.apps.fao.org/ecocrop/srv/en/cropView?id=4225
FAO ECOCROP,2026-09-27,4229,Carissa macrocarpa,https://ecocrop.apps.fao.org/ecocrop/srv/en/cropView?id=4229
FAO ECOCROP,2026-09-27,49984,Carlina acaulis,https://ecocrop.apps.fao.org/ecocrop/srv/en/cropView?id=49984
FAO ECOCROP,2026-09-27,4233,Carludovica palmata,https://ecocrop.apps.fao.org/ecocrop/srv/en/cropView?id=4233
FAO ECOCROP,2026-09-27,4238,Carpinus betulus,https://ecocrop.apps.fao.org/ecocrop/srv/en/cropView?id=4238
FAO ECOCROP,2026-09-27,2514,Carthamus tinctorius,https://ecocrop.apps.fao.org/ecocrop/srv/en/cropView?id=2514
FAO ECOCROP,2026-09-27,4256,Carum carvi,https://ecocrop.apps.fao.org/ecocrop/srv/en/cropView?id=4256
FAO ECOCROP,2026-09-27,2231,Carya illinoensis,https://ecocrop.apps.fao.org/ecocrop/srv/en/cropView?id=2231
FAO ECOCROP,2026-09-27,4271,Caryocar nuciferum,https://ecocrop.apps.fao.org/ecocrop/srv/en/cropView?id=4271
FAO ECOCROP,2026-09-27,4273,Caryodendron orinocense,https://ecocrop.apps.fao.org/ecocrop/srv/en/cropView?id=4273
FAO ECOCROP,2026-09-27,4278,Caryota urens,https://ecocrop.apps.fao.org/ecocrop/srv/en/cropView?id=4278
FAO ECOCROP,2026-09-27,633,Casimiroa edulis,https://ecocrop.apps.fao.org/ecocrop/srv/en/cropView?id=633
FAO ECOCROP,2026-09-27,634,Cassia alata,https://ecocrop.apps.fao.org/ecocrop/srv/en/cropView?id=634
FAO ECOCROP,2026-09-27,4280,Cassia angustifolia,https://ecocrop.apps.fao.org/ecocrop/srv/en/cropView?id=4280
FAO ECOCROP,2026-09-27,4281,Cassia auriculata,https://ecocrop.apps.fao.org/ecocrop/srv/en/cropView?id=4281
FAO ECOCROP,2026-09-27,4283,Cassia brewsteri,https://ecocrop.apps.fao.org/ecocrop/srv/en/cropView?id=4283
FAO ECOCROP,2026-09-27,12957,Cassia eremophila,https://ecocrop.apps.fao.org/ecocrop/srv/en/cropView?id=12957
FAO ECOCROP,2026-09-27,635,Cassia fistula,https://ecocrop.apps.fao.org/ecocrop/srv/en/cropView?id=635
FAO ECOCROP,2026-09-27,4291,Cassia mimosoides,https://ecocrop.apps.fao.org/ecocrop/srv/en/cropView?id=4291
FAO ECOCROP,2026-09-27,639,Cassia occidentalis,https://ecocrop.apps.fao.org/ecocrop/srv/en/cropView?id=639
FAO ECOCROP,2026-09-27,4296,Cassia rotundifolia,https://ecocrop.apps.fao.org/ecocrop/srv/en/cropView?id=4296
FAO ECOCROP,2026-09-27,4298,Cassia senna,https://ecocrop.apps.fao.org/ecocrop/srv/en/cropView?id=4298
FAO ECOCROP,2026-09-27,4299,Cassia siamea,https://ecocrop.apps.fao.org/ecocrop/srv/en/cropView?id=4299
FAO ECOCROP,2026-09-27,4300,Cassia sieberana,https://ecocrop.apps.fao.org/ecocrop/srv/en/cropView?id=4300
FAO ECOCROP,2026-09-27,4305,Cassia tomentosa,https://ecocrop.apps.fao.org/ecocrop/srv/en/cropView?id=4305
FAO ECOCROP,2026-09-27,4312,Castanea crenata,https://ecocrop.apps.fao.org/ecocrop/srv/en/cropView?id=4312
FAO ECOCROP,2026-09-27,4313,Castanea dentata,https://ecocrop.apps.fao.org/ecocrop/srv/en/cropView?id=4313
FAO ECOCROP,2026-09-27,4314,Castanea mollissima,https://ecocrop.apps.fao.org/ecocrop/srv/en/cropView?id=4314
FAO ECOCROP,2026-09-27,4315,Castanea pumila,https://ecocrop.apps.fao.org/ecocrop/srv/en/cropView?id=4315
FAO ECOCROP,2026-09-27,2234,Castanea sativa,https://ecocrop.apps.fao.org/ecocrop/srv/en/cropView?id=2234
FAO ECOCROP,2026-09-27,2235,Castanospermum australe,https://ecocrop.apps.fao.org/ecocrop/srv/en/cropView?id=2235
FAO ECOCROP,2026-09-27,644,Castilla elastica,https://ecocrop.apps.fao.org/ecocrop/srv/en/cropView?id=644
FAO ECOCROP,2026-09-27,4335,Casuarina campestris,https://ecocrop.apps.fao.org/ecocrop/srv/en/cropView?id=4335
FAO ECOCROP,2026-09-27,4336,Casuarina cristata,https://ecocrop.apps.fao.org/ecocrop/srv/en/cropView?id=4336
FAO ECOCROP,2026-09-27,17652,Casuarina cristata ssp. pauper,https://ecocrop.apps.fao.org/ecocrop/srv/en/cropView?id=17652
FAO ECOCROP,2026-09-27,4337,Casuarina cunninghamiana,https://ecocrop.apps.fao.org/ecocrop/srv/en/cropView?id=4337
FAO ECOCROP,2026-09-27,4338,Casuarina decaisneana,https://ecocrop.apps.fao.org/ecocrop/srv/en/cropView?id=4338
FAO ECOCROP,2026-09-27,4339,Casuarina dielsiana,https://ecocrop.apps.fao.org/ecocrop/srv/en/cropView?id=4339
FAO ECOCROP,2026-09-27,646,Casuarina equisetifolia,https://ecocrop.apps.fao.org/ecocrop/srv/en/cropView?id=646
FAO ECOCROP,2026-09-27,4340,Casuarina fraseriana,https://ecocrop.apps.fao.org/ecocrop/srv/en/cropView?id=4340
FAO ECOCROP,2026-09-27,4341,Casuarina glauca,https://ecocrop.apps.fao.org/ecocrop/srv/en/cropView?id=4341
FAO ECOCROP,2026-09-27,4342,Casuarina huegeliana,https://ecocrop.apps.fao.org/ecocrop/srv/en/cropView?id=4342
FAO ECOCROP,2026-09-27,4343,Casuarina junghuhniana,https://ecocrop.apps.fao.org/ecocrop/srv/en/cropView?id=4343
FAO ECOCROP,2026-09-27,4344,Casuarina littoralis,https://ecocrop.apps.fao.org/ecocrop/srv/en/cropView?id=4344
FAO ECOCROP,2026-09-27,4345,Casuarina luehmannii,https://ecocrop.apps.fao.org/ecocrop/srv/en/cropView?id=4345
FAO ECOCROP,2026-09-27,4346,Casuarina obesa,https://ecocrop.apps.fao.org/ecocrop/srv/en/cropView?id=4346
FAO ECOCROP,2026-09-27,648,Casuarina oligodon,https://ecocrop.apps.fao.org/ecocrop/srv/en/cropView?id=648
FAO ECOCROP,2026-09-27,4347,Casuarina stricta,https://ecocrop.apps.fao.org/ecocrop/srv/en/cropView?id=4347
FAO ECOCROP,2026-09-27,4348,Casuarina torulosa,https://ecocrop.apps.fao.org/ecocrop/srv/en/cropView?id=4348
FAO ECOCROP,2026-09-27,4349,Catalpa bignonioides,https://ecocrop.apps.fao.org/ecocrop/srv/en/cropView?id=4349
FAO ECOCROP,2026-09-27,4352,Catha edulis,https://ecocrop.apps.fao.org/ecocrop/srv/en/cropView?id=4352
FAO ECOCROP,2026-09-27,652,Catharanthus roseus,https://ecocrop.apps.fao.org/ecocrop/srv/en/cropView?id=652
FAO ECOCROP,2026-09-27,656,Cedrela odorata,https://ecocrop.apps.fao.org/ecocrop/srv/en/cropView?id=656
FAO ECOCROP,2026-09-27,4363,Cedrus deodara,https://ecocrop.apps.fao.org/ecocrop/srv/en/cropView?id=4363
FAO ECOCROP,2026-09-27,658,Ceiba pentandra,https://ecocrop.apps.fao.org/ecocrop/srv/en/cropView?id=658
FAO ECOCROP,2026-09-27,660,Celosia argentea,https://ecocrop.apps.fao.org/ecocrop/srv/en/cropView?id=660
FAO ECOCROP,2026-09-27,13007,Celtis australis,https://ecocrop.apps.fao.org/ecocrop/srv/en/cropView?id=13007
FAO ECOCROP,2026-09-27,4387,Cenchrus biflorus,https://ecocrop.apps.fao.org/ecocrop/srv/en/cropView?id=4387
FAO ECOCROP,2026-09-27,666,Cenchrus ciliaris,https://ecocrop.apps.fao.org/ecocrop/srv/en/cropView?id=666
FAO ECOCROP,2026-09-27,4393,Cenchrus pennisetiformis,https://ecocrop.apps.fao.org/ecocrop/srv/en/cropView?id=4393
FAO ECOCROP,2026-09-27,4395,Cenchrus setigerus,https://ecocrop.apps.fao.org/ecocrop/srv/en/cropView?id=4395
FAO ECOCROP,2026-09-27,49985,Centaurea centaurium,https://ecocrop.apps.fao.org/ecocrop/srv/en/cropView?id=49985
FAO ECOCROP,2026-09-27,4398,Centaurea cyanus,https://ecocrop.apps.fao.org/ecocrop/srv/en/cropView?id=4398
FAO ECOCROP,2026-09-27,4400,Centaurea jacea,https://ecocrop.apps.fao.org/ecocrop/srv/en/cropView?id=4400
FAO ECOCROP,2026-09-27,669,Centella asiatica,https://ecocrop.apps.fao.org/ecocrop/srv/en/cropView?id=669
FAO ECOCROP,2026-09-27,127115,Centropodia glauca,https://ecocrop.apps.fao.org/ecocrop/srv/en/cropView?id=127115
FAO ECOCROP,2026-09-27,4409,Centrosema acutifolium,https://ecocrop.apps.fao.org/ecocrop/srv/en/cropView?id=4409
FAO ECOCROP,2026-09-27,372225,Centrosema acutifolium var. matogrossense,https://ecocrop.apps.fao.org/ecocrop/srv/en/cropView?id=372225
FAO ECOCROP,2026-09-27,372226,Centrosema brasilianum,https://ecocrop.apps.fao.org/ecocrop/srv/en/cropView?id=372226
FAO ECOCROP,2026-09-27,4410,Centrosema macrocarpum,https://ecocrop.apps.fao.org/ecocrop/srv/en/cropView?id=4410
FAO ECOCROP,2026-09-27,4411,Centrosema pascuorum,https://ecocrop.apps.fao.org/ecocrop/srv/en/cropView?id=4411
FAO ECOCROP,2026-09-27,4412,Centrosema plumieri,https://ecocrop.apps.fao.org/ecocrop/srv/en/cropView?id=4412
FAO ECOCROP,2026-09-27,671,Centrosema pubescens,https://ecocrop.apps.fao.org/ecocrop/srv/en/cropView?id=671
FAO ECOCROP,2026-09-27,372229,Centrosema rotundifolium,https://ecocrop.apps.fao.org/ecocrop/srv/en/cropView?id=372229
FAO ECOCROP,2026-09-27,4413,Centrosema virginianum,https://ecocrop.apps.fao.org/ecocrop/srv/en/cropView?id=4413
FAO ECOCROP,2026-09-27,4414,Cephaelis ipecacuanha,https://ecocrop.apps.fao.org/ecocrop/srv/en/cropView?id=4414
FAO ECOCROP,2026-09-27,4426,Ceratonia siliqua,https://ecocrop.apps.fao.org/ecocrop/srv/en/cropView?id=4426
FAO ECOCROP,2026-09-27,4427,Ceratopetalum apetalum,https://ecocrop.apps.fao.org/ecocrop/srv/en/cropView?id=4427
FAO ECOCROP,2026-09-27,4434,Ceriops decandra,https://ecocrop.apps.fao.org/ecocrop/srv/en/cropView?id=4434
FAO ECOCROP,2026-09-27,4435,Ceriops tagal,https://ecocrop.apps.fao.org/ecocrop/srv/en/cropView?id=4435
FAO ECOCROP,2026-09-27,49986,Ceterach officinarum,https://ecocrop.apps.fao.org/ecocrop/srv/en/cropView?id=49986
FAO ECOCROP,2026-09-27,49987,Cetraria islandica,https://ecocrop.apps.fao.org/ecocrop/srv/en/cropView?id=49987
FAO ECOCROP,2026-09-27,74962,Chamaecrista nictitans,https://ecocrop.apps.fao.org/ecocrop/srv/en/cropView?id=74962
FAO ECOCROP,2026-09-27,400000,Chamaecrista rotundifolia,https://ecocrop.apps.fao.org/ecocrop/srv/en/cropView?id=400000
FAO ECOCROP,2026-09-27,11660,Chamaecytisus palmensis,https://ecocrop.apps.fao.org/ecocrop/srv/en/cropView?id=11660
FAO ECOCROP,2026-09-27,4465,Chamaedorea sp.,https://ecocrop.apps.fao.org/ecocrop/srv/en/cropView?id=4465
FAO ECOCROP,2026-09-27,4466,Chamaedorea tepejilote,https://ecocrop.apps.fao.org/ecocrop/srv/en/cropView?id=4466
FAO ECOCROP,2026-09-27,4469,Chamaerops humilis,https://ecocrop.apps.fao.org/ecocrop/srv/en/cropView?id=4469
FAO ECOCROP,2026-09-27,4479,Cheiranthus cheiri,https://ecocrop.apps.fao.org/ecocrop/srv/en/cropView?id=4479
FAO ECOCROP,2026-09-27,4480,Chelidonium majus,https://ecocrop.apps.fao.org/ecocrop/srv/en/cropView?id=4480
FAO ECOCROP,2026-09-27,17797,Chenopodium album,https://ecocrop.apps.fao.org/ecocrop/srv/en/cropView?id=17797
FAO ECOCROP,2026-09-27,4481,Chenopodium album ssp. album,https://ecocrop.apps.fao.org/ecocrop/srv/en/cropView?id=4481
FAO ECOCROP,2026-09-27,4483,Chenopodium ambrosioides,https://ecocrop.apps.fao.org/ecocrop/srv/en/cropView?id=4483
FAO ECOCROP,2026-09-27,4485,Chenopodium bonus-henricus,https://ecocrop.apps.fao.org/ecocrop/srv/en/cropView?id=4485
FAO ECOCROP,2026-09-27,4494,Chenopodium pallidicaule,https://ecocrop.apps.fao.org/ecocrop/srv/en/cropView?id=4494
FAO ECOCROP,2026-09-27,2509,Chenopodium quinoa,https://ecocrop.apps.fao.org/ecocrop/srv/en/cropView?id=2509
FAO ECOCROP,2026-09-27,681,Chloris gayana,https://ecocrop.apps.fao.org/ecocrop/srv/en/cropView?id=681
FAO ECOCROP,2026-09-27,367651,Chloris mossambicensis,https://ecocrop.apps.fao.org/ecocrop/srv/en/cropView?id=367651
FAO ECOCROP,2026-09-27,4507,Chloris roxburghiana,https://ecocrop.apps.fao.org/ecocrop/srv/en/cropView?id=4507
FAO ECOCROP,2026-09-27,683,Chloris virgata,https://ecocrop.apps.fao.org/ecocrop/srv/en/cropView?id=683
FAO ECOCROP,2026-09-27,4509,Chlorogalum pomeridianum,https://ecocrop.apps.fao.org/ecocrop/srv/en/cropView?id=4509
FAO ECOCROP,2026-09-27,4510,Chlorophora excelsa,https://ecocrop.apps.fao.org/ecocrop/srv/en/cropView?id=4510
FAO ECOCROP,2026-09-27,34722,Chlorophytum comosum,https://ecocrop.apps.fao.org/ecocrop/srv/en/cropView?id=34722
FAO ECOCROP,2026-09-27,4516,Chloroxylon swietenia,https://ecocrop.apps.fao.org/ecocrop/srv/en/cropView?id=4516
FAO ECOCROP,2026-09-27,685,Chromolaena odorata,https://ecocrop.apps.fao.org/ecocrop/srv/en/cropView?id=685
FAO ECOCROP,2026-09-27,4523,Chrysanthemum coccineum,https://ecocrop.apps.fao.org/ecocrop/srv/en/cropView?id=4523
FAO ECOCROP,2026-09-27,4524,Chrysanthemum coronarium var. coronarium,https://ecocrop.apps.fao.org/ecocrop/srv/en/cropView?id=4524
FAO ECOCROP,2026-09-27,4528,Chrysanthemum leucanthemum,https://ecocrop.apps.fao.org/ecocrop/srv/en/cropView?id=4528
FAO ECOCROP,2026-09-27,4531,Chrysanthemum parthenium,https://ecocrop.apps.fao.org/ecocrop/srv/en/cropView?id=4531
FAO ECOCROP,2026-09-27,4538,Chrysophyllum albidum,https://ecocrop.apps.fao.org/ecocrop/srv/en/cropView?id=4538
FAO ECOCROP,2026-09-27,689,Chrysophyllum cainito,https://ecocrop.apps.fao.org/ecocrop/srv/en/cropView?id=689
FAO ECOCROP,2026-09-27,690,Chrysopogon aciculatus,https://ecocrop.apps.fao.org/ecocrop/srv/en/cropView?id=690
FAO ECOCROP,2026-09-27,376626,Chrysopogon aucheri,https://ecocrop.apps.fao.org/ecocrop/srv/en/cropView?id=376626
FAO ECOCROP,2026-09-27,13177,Chrysopogon orientalis,https://ecocrop.apps.fao.org/ecocrop/srv/en/cropView?id=13177
FAO ECOCROP,2026-09-27,4544,Chrysopogon plumulosus,https://ecocrop.apps.fao.org/ecocrop/srv/en/cropView?id=4544
FAO ECOCROP,2026-09-27,4548,Chukrasia velutina,https://ecocrop.apps.fao.org/ecocrop/srv/en/cropView?id=4548
FAO ECOCROP,2026-09-27,2479,Cicer arietinum,https://ecocrop.apps.fao.org/ecocrop/srv/en/cropView?id=2479
FAO ECOCROP,2026-09-27,693,Cichorium endivia,https://ecocrop.apps.fao.org/ecocrop/srv/en/cropView?id=693
FAO ECOCROP,2026-09-27,694,Cichorium intybus,https://ecocrop.apps.fao.org/ecocrop/srv/en/cropView?id=694
FAO ECOCROP,2026-09-27,49988,Cimicifuga racemosa,https://ecocrop.apps.fao.org/ecocrop/srv/en/cropView?id=49988
FAO ECOCROP,2026-09-27,4563,Cinchona calisaya,https://ecocrop.apps.fao.org/ecocrop/srv/en/cropView?id=4563
FAO ECOCROP,2026-09-27,4564,Cinchona ledgeriana,https://ecocrop.apps.fao.org/ecocrop/srv/en/cropView?id=4564
FAO ECOCROP,2026-09-27,4565,Cinchona officinalis,https://ecocrop.apps.fao.org/ecocrop/srv/en/cropView?id=4565
FAO ECOCROP,2026-09-27,697,Cinchona pubescens,https://ecocrop.apps.fao.org/ecocrop/srv/en/cropView?id=697
FAO ECOCROP,2026-09-27,4567,Cinnamomum burmannii,https://ecocrop.apps.fao.org/ecocrop/srv/en/cropView?id=4567
FAO ECOCROP,2026-09-27,699,Cinnamomum camphora,https://ecocrop.apps.fao.org/ecocrop/srv/en/cropView?id=699
FAO ECOCROP,2026-09-27,4568,Cinnamomum cassia,https://ecocrop.apps.fao.org/ecocrop/srv/en/cropView?id=4568
FAO ECOCROP,2026-09-27,4570,Cinnamomum loureirii,https://ecocrop.apps.fao.org/ecocrop/srv/en/cropView?id=4570
FAO ECOCROP,2026-09-27,702,Cinnamomum verum,https://ecocrop.apps.fao.org/ecocrop/srv/en/cropView?id=702
FAO ECOCROP,2026-09-27,4617,Citrofortunella x microcarpa,https://ecocrop.apps.fao.org/ecocrop/srv/en/cropView?id=4617
FAO ECOCROP,2026-09-27,4618,Citrullus colocynthis,https://ecocrop.apps.fao.org/ecocrop/srv/en/cropView?id=4618
FAO ECOCROP,2026-09-27,708,Citrullus lanatus,https://ecocrop.apps.fao.org/ecocrop/srv/en/cropView?id=708
FAO ECOCROP,2026-09-27,2242,Citrus aurantifolia,https://ecocrop.apps.fao.org/ecocrop/srv/en/cropView?id=2242
FAO ECOCROP,2026-09-27,711,Citrus aurantium,https://ecocrop.apps.fao.org/ecocrop/srv/en/cropView?id=711
FAO ECOCROP,2026-09-27,205644,Citrus aurantium ssp. bergamia,https://ecocrop.apps.fao.org/ecocrop/srv/en/cropView?id=205644
FAO ECOCROP,2026-09-27,4626,Citrus deliciosa,https://ecocrop.apps.fao.org/ecocrop/srv/en/cropView?id=4626
FAO ECOCROP,2026-09-27,712,Citrus grandis,https://ecocrop.apps.fao.org/ecocrop/srv/en/cropView?id=712
FAO ECOCROP,2026-09-27,4631,Citrus latifolia,https://ecocrop.apps.fao.org/ecocrop/srv/en/cropView?id=4631
FAO ECOCROP,2026-09-27,714,Citrus limon,https://ecocrop.apps.fao.org/ecocrop/srv/en/cropView?id=714
FAO ECOCROP,2026-09-27,4635,Citrus madurensis,https://ecocrop.apps.fao.org/ecocrop/srv/en/cropView?id=4635
FAO ECOCROP,2026-09-27,716,Citrus medica,https://ecocrop.apps.fao.org/ecocrop/srv/en/cropView?id=716
FAO ECOCROP,2026-09-27,717,Citrus paradisi,https://ecocrop.apps.fao.org/ecocrop/srv/en/cropView?id=717
FAO ECOCROP,2026-09-27,718,Citrus reticulata,https://ecocrop.apps.fao.org/ecocrop/srv/en/cropView?id=718
FAO ECOCROP,2026-09-27,720,Citrus sinensis,https://ecocrop.apps.fao.org/ecocrop/srv/en/cropView?id=720
FAO ECOCROP,2026-09-27,722,Citrus sp.,https://ecocrop.apps.fao.org/ecocrop/srv/en/cropView?id=722
FAO ECOCROP,2026-09-27,4646,Citrus unshiu,https://ecocrop.apps.fao.org/ecocrop/srv/en/cropView?id=4646
FAO ECOCROP,2026-09-27,4659,Clausena lansium,https://ecocrop.apps.fao.org/ecocrop/srv/en/cropView?id=4659
FAO ECOCROP,2026-09-27,4665,Cleistogenes chinensis,https://ecocrop.apps.fao.org/ecocrop/srv/en/cropView?id=4665
FAO ECOCROP,2026-09-27,4666,Cleistogenes squarrosa,https://ecocrop.apps.fao.org/ecocrop/srv/en/cropView?id=4666
FAO ECOCROP,2026-09-27,4667,Cleistopholis glauca,https://ecocrop.apps.fao.org/ecocrop/srv/en/cropView?id=4667
FAO ECOCROP,2026-09-27,4676,Clematis vitalba,https://ecocrop.apps.fao.org/ecocrop/srv/en/cropView?id=4676
FAO ECOCROP,2026-09-27,4693,Clinelymus dahuricus,https://ecocrop.apps.fao.org/ecocrop/srv/en/cropView?id=4693
FAO ECOCROP,2026-09-27,4698,Clitoria laurifolia,https://ecocrop.apps.fao.org/ecocrop/srv/en/cropView?id=4698
FAO ECOCROP,2026-09-27,738,Clitoria ternatea,https://ecocrop.apps.fao.org/ecocrop/srv/en/cropView?id=738
FAO ECOCROP,2026-09-27,4700,Cnicus benedictus,https://ecocrop.apps.fao.org/ecocrop/srv/en/cropView?id=4700
FAO ECOCROP,2026-09-27,4704,Cnidoscolus chayamansa,https://ecocrop.apps.fao.org/ecocrop/srv/en/cropView?id=4704
FAO ECOCROP,2026-09-27,743,Coccoloba uvifera,https://ecocrop.apps.fao.org/ecocrop/srv/en/cropView?id=743
FAO ECOCROP,2026-09-27,4730,Cochlospermum religiosum,https://ecocrop.apps.fao.org/ecocrop/srv/en/cropView?id=4730
FAO ECOCROP,2026-09-27,744,Cocos nucifera,https://ecocrop.apps.fao.org/ecocrop/srv/en/cropView?id=744
FAO ECOCROP,2026-09-27,749,Coffea arabica,https://ecocrop.apps.fao.org/ecocrop/srv/en/cropView?id=749
FAO ECOCROP,2026-09-27,750,Coffea canephora,https://ecocrop.apps.fao.org/ecocrop/srv/en/cropView?id=750
FAO ECOCROP,2026-09-27,2508,Coffea excelsa,https://ecocrop.apps.fao.org/ecocrop/srv/en/cropView?id=2508
FAO ECOCROP,2026-09-27,751,Coffea liberica,https://ecocrop.apps.fao.org/ecocrop/srv/en/cropView?id=751
FAO ECOCROP,2026-09-27,206429,Coix lacryma-jobi,https://ecocrop.apps.fao.org/ecocrop/srv/en/cropView?id=206429
FAO ECOCROP,2026-09-27,4744,Cola acuminata,https://ecocrop.apps.fao.org/ecocrop/srv/en/cropView?id=4744
FAO ECOCROP,2026-09-27,4755,Cola nitida,https://ecocrop.apps.fao.org/ecocrop/srv/en/cropView?id=4755
FAO ECOCROP,2026-09-27,4759,Colchicum autumnale,https://ecocrop.apps.fao.org/ecocrop/srv/en/cropView?id=4759
FAO ECOCROP,2026-09-27,754,Coleus amboinicus,https://ecocrop.apps.fao.org/ecocrop/srv/en/cropView?id=754
FAO ECOCROP,2026-09-27,4768,Coleus parviflorus,https://ecocrop.apps.fao.org/ecocrop/srv/en/cropView?id=4768
FAO ECOCROP,2026-09-27,758,Colocasia esculenta,https://ecocrop.apps.fao.org/ecocrop/srv/en/cropView?id=758
FAO ECOCROP,2026-09-27,4772,Colocasia esculenta var. antiquorum,https://ecocrop.apps.fao.org/ecocrop/srv/en/cropView?id=4772
FAO ECOCROP,2026-09-27,4779,Colophospermum mopane,https://ecocrop.apps.fao.org/ecocrop/srv/en/cropView?id=4779
FAO ECOCROP,2026-09-27,4780,Combretum aculeatum,https://ecocrop.apps.fao.org/ecocrop/srv/en/cropView?id=4780
FAO ECOCROP,2026-09-27,4782,Combretum micranthum,https://ecocrop.apps.fao.org/ecocrop/srv/en/cropView?id=4782
FAO ECOCROP,2026-09-27,47120,Combretum molle,https://ecocrop.apps.fao.org/ecocrop/srv/en/cropView?id=47120
FAO ECOCROP,2026-09-27,4804,Commiphora africana,https://ecocrop.apps.fao.org/ecocrop/srv/en/cropView?id=4804
FAO ECOCROP,2026-09-27,4815,Conium maculatum,https://ecocrop.apps.fao.org/ecocrop/srv/en/cropView?id=4815
FAO ECOCROP,2026-09-27,4816,Conocarpus erectus,https://ecocrop.apps.fao.org/ecocrop/srv/en/cropView?id=4816
FAO ECOCROP,2026-09-27,4817,Conocarpus lancifolius,https://ecocrop.apps.fao.org/ecocrop/srv/en/cropView?id=4817
FAO ECOCROP,2026-09-27,4824,Convallaria majalis,https://ecocrop.apps.fao.org/ecocrop/srv/en/cropView?id=4824
FAO ECOCROP,2026-09-27,4825,Convolvulus arvensis,https://ecocrop.apps.fao.org/ecocrop/srv/en/cropView?id=4825
FAO ECOCROP,2026-09-27,4837,Copaifera langsdorfii,https://ecocrop.apps.fao.org/ecocrop/srv/en/cropView?id=4837
FAO ECOCROP,2026-09-27,4849,Corchorus capsularis,https://ecocrop.apps.fao.org/ecocrop/srv/en/cropView?id=4849
FAO ECOCROP,2026-09-27,4854,Cordeauxia edulis,https://ecocrop.apps.fao.org/ecocrop/srv/en/cropView?id=4854
FAO ECOCROP,2026-09-27,4855,Cordia africana,https://ecocrop.apps.fao.org/ecocrop/srv/en/cropView?id=4855
FAO ECOCROP,2026-09-27,777,Cordia alliodora,https://ecocrop.apps.fao.org/ecocrop/srv/en/cropView?id=777
FAO ECOCROP,2026-09-27,784,Coriandrum sativum,https://ecocrop.apps.fao.org/ecocrop/srv/en/cropView?id=784
FAO ECOCROP,2026-09-27,4873,Cornus canadensis,https://ecocrop.apps.fao.org/ecocrop/srv/en/cropView?id=4873
FAO ECOCROP,2026-09-27,4880,Cornus mas,https://ecocrop.apps.fao.org/ecocrop/srv/en/cropView?id=4880
FAO ECOCROP,2026-09-27,50038,Cornus sanguinea,https://ecocrop.apps.fao.org/ecocrop/srv/en/cropView?id=50038
FAO ECOCROP,2026-09-27,4884,Coronilla varia,https://ecocrop.apps.fao.org/ecocrop/srv/en/cropView?id=4884
FAO ECOCROP,2026-09-27,2246,Corylus avellana,https://ecocrop.apps.fao.org/ecocrop/srv/en/cropView?id=2246
FAO ECOCROP,2026-09-27,4893,Corylus colurna var. colurna,https://ecocrop.apps.fao.org/ecocrop/srv/en/cropView?id=4893
FAO ECOCROP,2026-09-27,4899,Corylus maxima,https://ecocrop.apps.fao.org/ecocrop/srv/en/cropView?id=4899
FAO ECOCROP,2026-09-27,4912,Cotylelobium burckii,https://ecocrop.apps.fao.org/ecocrop/srv/en/cropView?id=4912
FAO ECOCROP,2026-09-27,4913,Cotylelobium lanceolatum,https://ecocrop.apps.fao.org/ecocrop/srv/en/cropView?id=4913
FAO ECOCROP,2026-09-27,4914,Cotylelobium melanoxylon,https://ecocrop.apps.fao.org/ecocrop/srv/en/cropView?id=4914
FAO ECOCROP,2026-09-27,4916,Coula edulis,https://ecocrop.apps.fao.org/ecocrop/srv/en/cropView?id=4916
FAO ECOCROP,2026-09-27,127526,Couma utilis,https://ecocrop.apps.fao.org/ecocrop/srv/en/cropView?id=127526
FAO ECOCROP,2026-09-27,4922,Crambe abyssinica,https://ecocrop.apps.fao.org/ecocrop/srv/en/cropView?id=4922
FAO ECOCROP,2026-09-27,4923,Crambe cordifolia,https://ecocrop.apps.fao.org/ecocrop/srv/en/cropView?id=4923
FAO ECOCROP,2026-09-27,4926,Crambe maritima,https://ecocrop.apps.fao.org/ecocrop/srv/en/cropView?id=4926
FAO ECOCROP,2026-09-27,4935,Crataegus monogyna,https://ecocrop.apps.fao.org/ecocrop/srv/en/cropView?id=4935
FAO ECOCROP,2026-09-27,13402,Crataegus oxyacantha,https://ecocrop.apps.fao.org/ecocrop/srv/en/cropView?id=13402
FAO ECOCROP,2026-09-27,372230,Cratylia argentea,https://ecocrop.apps.fao.org/ecocrop/srv/en/cropView?id=372230
FAO ECOCROP,2026-09-27,4959,Crithmum maritimum,https://ecocrop.apps.fao.org/ecocrop/srv/en/cropView?id=4959
FAO ECOCROP,2026-09-27,4962,Crocus sativus,https://ecocrop.apps.fao.org/ecocrop/srv/en/cropView?id=4962
FAO ECOCROP,2026-09-27,376627,Crotalaria arenaria,https://ecocrop.apps.fao.org/ecocrop/srv/en/cropView?id=376627
FAO ECOCROP,2026-09-27,376628,Crotalaria atrorubens,https://ecocrop.apps.fao.org/ecocrop/srv/en/cropView?id=376628
FAO ECOCROP,2026-09-27,4967,Crotalaria brevides var. brevides,https://ecocrop.apps.fao.org/ecocrop/srv/en/cropView?id=4967
FAO ECOCROP,2026-09-27,801,Crotalaria juncea,https://ecocrop.apps.fao.org/ecocrop/srv/en/cropView?id=801
FAO ECOCROP,2026-09-27,4975,Crotalaria lanceolata,https://ecocrop.apps.fao.org/ecocrop/srv/en/cropView?id=4975
FAO ECOCROP,2026-09-27,17987,Crotalaria macrocalyx,https://ecocrop.apps.fao.org/ecocrop/srv/en/cropView?id=17987
FAO ECOCROP,2026-09-27,803,Crotalaria pallida,https://ecocrop.apps.fao.org/ecocrop/srv/en/cropView?id=803
FAO ECOCROP,2026-09-27,43523,Crotalaria podocarpa,https://ecocrop.apps.fao.org/ecocrop/srv/en/cropView?id=43523
FAO ECOCROP,2026-09-27,4982,Crotalaria spectabilis,https://ecocrop.apps.fao.org/ecocrop/srv/en/cropView?id=4982
FAO ECOCROP,2026-09-27,4992,Cryptocarya erythroxylon,https://ecocrop.apps.fao.org/ecocrop/srv/en/cropView?id=4992
FAO ECOCROP,2026-09-27,4996,Cryptomeria japonica,https://ecocrop.apps.fao.org/ecocrop/srv/en/cropView?id=4996
FAO ECOCROP,2026-09-27,4999,Cryptotaenia japonica,https://ecocrop.apps.fao.org/ecocrop/srv/en/cropView?id=4999
FAO ECOCROP,2026-09-27,367657,Ctenium concinnum,https://ecocrop.apps.fao.org/ecocrop/srv/en/cropView?id=367657
FAO ECOCROP,2026-09-27,5008,Cucumis anguria,https://ecocrop.apps.fao.org/ecocrop/srv/en/cropView?id=5008
FAO ECOCROP,2026-09-27,5012,Cucumis ficifolius,https://ecocrop.apps.fao.org/ecocrop/srv/en/cropView?id=5012
FAO ECOCROP,2026-09-27,815,Cucumis melo,https://ecocrop.apps.fao.org/ecocrop/srv/en/cropView?id=815
FAO ECOCROP,2026-09-27,817,Cucumis sativus,https://ecocrop.apps.fao.org/ecocrop/srv/en/cropView?id=817
FAO ECOCROP,2026-09-27,5030,Cucurbita argyrosperma,https://ecocrop.apps.fao.org/ecocrop/srv/en/cropView?id=5030
FAO ECOCROP,2026-09-27,5032,Cucurbita ficifolia,https://ecocrop.apps.fao.org/ecocrop/srv/en/cropView?id=5032
FAO ECOCROP,2026-09-27,5033,Cucurbita foetidissima,https://ecocrop.apps.fao.org/ecocrop/srv/en/cropView?id=5033
FAO ECOCROP,2026-09-27,819,Cucurbita maxima,https://ecocrop.apps.fao.org/ecocrop/srv/en/cropView?id=819
FAO ECOCROP,2026-09-27,5035,Cucurbita mixta,https://ecocrop.apps.fao.org/ecocrop/srv/en/cropView?id=5035
FAO ECOCROP,2026-09-27,820,Cucurbita moschata,https://ecocrop.apps.fao.org/ecocrop/srv/en/cropView?id=820
FAO ECOCROP,2026-09-27,821,Cucurbita pepo,https://ecocrop.apps.fao.org/ecocrop/srv/en/cropView?id=821
FAO ECOCROP,2026-09-27,5042,Cullenia rosayroana,https://ecocrop.apps.fao.org/ecocrop/srv/en/cropView?id=5042
FAO ECOCROP,2026-09-27,5043,Cuminum cyminum,https://ecocrop.apps.fao.org/ecocrop/srv/en/cropView?id=5043
FAO ECOCROP,2026-09-27,5044,Cunninghamia lanceolata,https://ecocrop.apps.fao.org/ecocrop/srv/en/cropView?id=5044
FAO ECOCROP,2026-09-27,5046,Cupressus arizonica,https://ecocrop.apps.fao.org/ecocrop/srv/en/cropView?id=5046
FAO ECOCROP,2026-09-27,5048,Cupressus lusitanica,https://ecocrop.apps.fao.org/ecocrop/srv/en/cropView?id=5048
FAO ECOCROP,2026-09-27,5049,Cupressus macrocarpa,https://ecocrop.apps.fao.org/ecocrop/srv/en/cropView?id=5049
FAO ECOCROP,2026-09-27,5050,Cupressus sempervirens,https://ecocrop.apps.fao.org/ecocrop/srv/en/cropView?id=5050
FAO ECOCROP,2026-09-27,5053,Cupressus torulosa,https://ecocrop.apps.fao.org/ecocrop/srv/en/cropView?id=5053
FAO ECOCROP,2026-09-27,828,Curcuma longa,https://ecocrop.apps.fao.org/ecocrop/srv/en/cropView?id=828
FAO ECOCROP,2026-09-27,5066,Curcuma zedoaria,https://ecocrop.apps.fao.org/ecocrop/srv/en/cropView?id=5066
FAO ECOCROP,2026-09-27,5071,Cuscuta epithymum,https://ecocrop.apps.fao.org/ecocrop/srv/en/cropView?id=5071
FAO ECOCROP,2026-09-27,830,Cyamopsis tetragonoloba,https://ecocrop.apps.fao.org/ecocrop/srv/en/cropView?id=830
FAO ECOCROP,2026-09-27,5101,Cybistax donnellsmithii,https://ecocrop.apps.fao.org/ecocrop/srv/en/cropView?id=5101
FAO ECOCROP,2026-09-27,5117,Cydonia oblonga,https://ecocrop.apps.fao.org/ecocrop/srv/en/cropView?id=5117
FAO ECOCROP,2026-09-27,13538,Cymbalaria muralis,https://ecocrop.apps.fao.org/ecocrop/srv/en/cropView?id=13538
FAO ECOCROP,2026-09-27,841,Cymbopogon citratus,https://ecocrop.apps.fao.org/ecocrop/srv/en/cropView?id=841
FAO ECOCROP,2026-09-27,13541,Cymbopogon excavatus,https://ecocrop.apps.fao.org/ecocrop/srv/en/cropView?id=13541
FAO ECOCROP,2026-09-27,843,Cymbopogon flexuosus,https://ecocrop.apps.fao.org/ecocrop/srv/en/cropView?id=843
FAO ECOCROP,2026-09-27,5123,Cymbopogon martini var. motia,https://ecocrop.apps.fao.org/ecocrop/srv/en/cropView?id=5123
FAO ECOCROP,2026-09-27,5125,Cymbopogon martini var. sofia,https://ecocrop.apps.fao.org/ecocrop/srv/en/cropView?id=5125
FAO ECOCROP,2026-09-27,5124,Cymbopogon nardus var. lenabatu,https://ecocrop.apps.fao.org/ecocrop/srv/en/cropView?id=5124
FAO ECOCROP,2026-09-27,5126,Cymbopogon nardus var. mahapengiri,https://ecocrop.apps.fao.org/ecocrop/srv/en/cropView?id=5126
FAO ECOCROP,2026-09-27,5138,Cynara cardunculus,https://ecocrop.apps.fao.org/ecocrop/srv/en/cropView?id=5138
FAO ECOCROP,2026-09-27,847,Cynara scolymus,https://ecocrop.apps.fao.org/ecocrop/srv/en/cropView?id=847
FAO ECOCROP,2026-09-27,30571,Cynodon aethiopicus,https://ecocrop.apps.fao.org/ecocrop/srv/en/cropView?id=30571
FAO ECOCROP,2026-09-27,848,Cynodon dactylon,https://ecocrop.apps.fao.org/ecocrop/srv/en/cropView?id=848
FAO ECOCROP,2026-09-27,5143,Cynodon nlemfuensis,https://ecocrop.apps.fao.org/ecocrop/srv/en/cropView?id=5143
FAO ECOCROP,2026-09-27,5144,Cynodon plectostachyus,https://ecocrop.apps.fao.org/ecocrop/srv/en/cropView?id=5144
FAO ECOCROP,2026-09-27,5147,Cynoglossum officinale,https://ecocrop.apps.fao.org/ecocrop/srv/en/cropView?id=5147
FAO ECOCROP,2026-09-27,5148,Cynometra cauliflora,https://ecocrop.apps.fao.org/ecocrop/srv/en/cropView?id=5148
FAO ECOCROP,2026-09-27,5152,Cynosurus cristatus,https://ecocrop.apps.fao.org/ecocrop/srv/en/cropView?id=5152
FAO ECOCROP,2026-09-27,5158,Cyperus esculentus,https://ecocrop.apps.fao.org/ecocrop/srv/en/cropView?id=5158
FAO ECOCROP,2026-09-27,5163,Cyperus longus,https://ecocrop.apps.fao.org/ecocrop/srv/en/cropView?id=5163
FAO ECOCROP,2026-09-27,856,Cyperus rotundus,https://ecocrop.apps.fao.org/ecocrop/srv/en/cropView?id=856
FAO ECOCROP,2026-09-27,859,Cyphomandra betacea,https://ecocrop.apps.fao.org/ecocrop/srv/en/cropView?id=859
FAO ECOCROP,2026-09-27,50039,Cytisus alpinus,https://ecocrop.apps.fao.org/ecocrop/srv/en/cropView?id=50039
FAO ECOCROP,2026-09-27,5175,Cytisus proliferus,https://ecocrop.apps.fao.org/ecocrop/srv/en/cropView?id=5175
FAO ECOCROP,2026-09-27,5179,Dacrydium franklinii,https://ecocrop.apps.fao.org/ecocrop/srv/en/cropView?id=5179
FAO ECOCROP,2026-09-27,5181,Dacryodes edulis,https://ecocrop.apps.fao.org/ecocrop/srv/en/cropView?id=5181
FAO ECOCROP,2026-09-27,5184,Dactylis glomerata,https://ecocrop.apps.fao.org/ecocrop/srv/en/cropView?id=5184
FAO ECOCROP,2026-09-27,5185,Dactylis glomerata ssp. hispanica,https://ecocrop.apps.fao.org/ecocrop/srv/en/cropView?id=5185
FAO ECOCROP,2026-09-27,866,Dactyloctenium aegyptium,https://ecocrop.apps.fao.org/ecocrop/srv/en/cropView?id=866
FAO ECOCROP,2026-09-27,5186,Dactyloctenium giganteum,https://ecocrop.apps.fao.org/ecocrop/srv/en/cropView?id=5186
FAO ECOCROP,2026-09-27,5190,Dalbergia latifolia,https://ecocrop.apps.fao.org/ecocrop/srv/en/cropView?id=5190
FAO ECOCROP,2026-09-27,44088,Dalbergia melanoxylon,https://ecocrop.apps.fao.org/ecocrop/srv/en/cropView?id=44088
FAO ECOCROP,2026-09-27,5192,Dalbergia sissoo,https://ecocrop.apps.fao.org/ecocrop/srv/en/cropView?id=5192
FAO ECOCROP,2026-09-27,5199,Daphne mezereum,https://ecocrop.apps.fao.org/ecocrop/srv/en/cropView?id=5199
FAO ECOCROP,2026-09-27,870,Datura stramonium,https://ecocrop.apps.fao.org/ecocrop/srv/en/cropView?id=870
FAO ECOCROP,2026-09-27,871,Daucus carota,https://ecocrop.apps.fao.org/ecocrop/srv/en/cropView?id=871
FAO ECOCROP,2026-09-27,880,Delonix regia,https://ecocrop.apps.fao.org/ecocrop/srv/en/cropView?id=880
FAO ECOCROP,2026-09-27,5232,Dendrocalamus asper,https://ecocrop.apps.fao.org/ecocrop/srv/en/cropView?id=5232
FAO ECOCROP,2026-09-27,882,Dendrocalamus giganteus,https://ecocrop.apps.fao.org/ecocrop/srv/en/cropView?id=882
FAO ECOCROP,2026-09-27,5233,Dendrocalamus hamiltonii,https://ecocrop.apps.fao.org/ecocrop/srv/en/cropView?id=5233
FAO ECOCROP,2026-09-27,5235,Dendrocalamus longispathus,https://ecocrop.apps.fao.org/ecocrop/srv/en/cropView?id=5235
FAO ECOCROP,2026-09-27,5236,Dendrocalamus merrillianus,https://ecocrop.apps.fao.org/ecocrop/srv/en/cropView?id=5236
FAO ECOCROP,2026-09-27,5238,Dendrocalamus strictus,https://ecocrop.apps.fao.org/ecocrop/srv/en/cropView?id=5238
FAO ECOCROP,2026-09-27,5244,Dendrolobium umbellatum,https://ecocrop.apps.fao.org/ecocrop/srv/en/cropView?id=5244
FAO ECOCROP,2026-09-27,885,Derris elliptica,https://ecocrop.apps.fao.org/ecocrop/srv/en/cropView?id=885
FAO ECOCROP,2026-09-27,5250,Derris indica,https://ecocrop.apps.fao.org/ecocrop/srv/en/cropView?id=5250
FAO ECOCROP,2026-09-27,5251,Derris malaccensis,https://ecocrop.apps.fao.org/ecocrop/srv/en/cropView?id=5251
FAO ECOCROP,2026-09-27,13678,Deschampsia caespitosa,https://ecocrop.apps.fao.org/ecocrop/srv/en/cropView?id=13678
FAO ECOCROP,2026-09-27,13680,Deschampsia flexuosa,https://ecocrop.apps.fao.org/ecocrop/srv/en/cropView?id=13680
FAO ECOCROP,2026-09-27,372231,Desmanthus bicornutus,https://ecocrop.apps.fao.org/ecocrop/srv/en/cropView?id=372231
FAO ECOCROP,2026-09-27,209331,Desmanthus glandulosus,https://ecocrop.apps.fao.org/ecocrop/srv/en/cropView?id=209331
FAO ECOCROP,2026-09-27,209333,Desmanthus leptophyllus,https://ecocrop.apps.fao.org/ecocrop/srv/en/cropView?id=209333
FAO ECOCROP,2026-09-27,5258,Desmanthus virgatus,https://ecocrop.apps.fao.org/ecocrop/srv/en/cropView?id=5258
FAO ECOCROP,2026-09-27,209390,Desmodium affine,https://ecocrop.apps.fao.org/ecocrop/srv/en/cropView?id=209390
FAO ECOCROP,2026-09-27,13686,Desmodium barbatum,https://ecocrop.apps.fao.org/ecocrop/srv/en/cropView?id=13686
FAO ECOCROP,2026-09-27,376629,Desmodium biarticulatum,https://ecocrop.apps.fao.org/ecocrop/srv/en/cropView?id=376629
FAO ECOCROP,2026-09-27,376630,Desmodium capitatum,https://ecocrop.apps.fao.org/ecocrop/srv/en/cropView?id=376630
FAO ECOCROP,2026-09-27,5260,Desmodium cinereum,https://ecocrop.apps.fao.org/ecocrop/srv/en/cropView?id=5260
FAO ECOCROP,2026-09-27,376631,Desmodium cuneatum,https://ecocrop.apps.fao.org/ecocrop/srv/en/cropView?id=376631
FAO ECOCROP,2026-09-27,13690,Desmodium dichotomum,https://ecocrop.apps.fao.org/ecocrop/srv/en/cropView?id=13690
FAO ECOCROP,2026-09-27,77705,Desmodium discolor,https://ecocrop.apps.fao.org/ecocrop/srv/en/cropView?id=77705
FAO ECOCROP,2026-09-27,44074,Desmodium distortum,https://ecocrop.apps.fao.org/ecocrop/srv/en/cropView?id=44074
FAO ECOCROP,2026-09-27,5261,Desmodium gyroides,https://ecocrop.apps.fao.org/ecocrop/srv/en/cropView?id=5261
FAO ECOCROP,2026-09-27,372235,Desmodium heterocarpon sp. heterocarpon,https://ecocrop.apps.fao.org/ecocrop/srv/en/cropView?id=372235
FAO ECOCROP,2026-09-27,892,Desmodium heterophyllum,https://ecocrop.apps.fao.org/ecocrop/srv/en/cropView?id=892
FAO ECOCROP,2026-09-27,893,Desmodium incanum,https://ecocrop.apps.fao.org/ecocrop/srv/en/cropView?id=893
FAO ECOCROP,2026-09-27,894,Desmodium intortum,https://ecocrop.apps.fao.org/ecocrop/srv/en/cropView?id=894
FAO ECOCROP,2026-09-27,13695,Desmodium lasiocarpum,https://ecocrop.apps.fao.org/ecocrop/srv/en/cropView?id=13695
FAO ECOCROP,2026-09-27,5264,Desmodium ovalifolium,https://ecocrop.apps.fao.org/ecocrop/srv/en/cropView?id=5264
FAO ECOCROP,2026-09-27,5265,Desmodium sandwicense,https://ecocrop.apps.fao.org/ecocrop/srv/en/cropView?id=5265
FAO ECOCROP,2026-09-27,897,Desmodium scorpiurus,https://ecocrop.apps.fao.org/ecocrop/srv/en/cropView?id=897
FAO ECOCROP,2026-09-27,899,Desmodium tortuosum,https://ecocrop.apps.fao.org/ecocrop/srv/en/cropView?id=899
FAO ECOCROP,2026-09-27,900,Desmodium triflorum,https://ecocrop.apps.fao.org/ecocrop/srv/en/cropView?id=900
FAO ECOCROP,2026-09-27,902,Desmodium uncinatum,https://ecocrop.apps.fao.org/ecocrop/srv/en/cropView?id=902
FAO ECOCROP,2026-09-27,5267,Desmodium velutinum,https://ecocrop.apps.fao.org/ecocrop/srv/en/cropView?id=5267
FAO ECOCROP,2026-09-27,5273,Deyeuxia angustifolia,https://ecocrop.apps.fao.org/ecocrop/srv/en/cropView?id=5273
FAO ECOCROP,2026-09-27,5275,Dialium guineense,https://ecocrop.apps.fao.org/ecocrop/srv/en/cropView?id=5275
FAO ECOCROP,2026-09-27,909,Dichanthium annulatum,https://ecocrop.apps.fao.org/ecocrop/srv/en/cropView?id=909
FAO ECOCROP,2026-09-27,910,Dichanthium aristatum,https://ecocrop.apps.fao.org/ecocrop/srv/en/cropView?id=910
FAO ECOCROP,2026-09-27,912,Dichanthium caricosum,https://ecocrop.apps.fao.org/ecocrop/srv/en/cropView?id=912
FAO ECOCROP,2026-09-27,5296,Dichanthium sericeum,https://ecocrop.apps.fao.org/ecocrop/srv/en/cropView?id=5296
FAO ECOCROP,2026-09-27,376632,Dichanthium tenuiculum,https://ecocrop.apps.fao.org/ecocrop/srv/en/cropView?id=376632
FAO ECOCROP,2026-09-27,5302,Dichrostachys cinerea,https://ecocrop.apps.fao.org/ecocrop/srv/en/cropView?id=5302
FAO ECOCROP,2026-09-27,5310,Dictamnus albus,https://ecocrop.apps.fao.org/ecocrop/srv/en/cropView?id=5310
FAO ECOCROP,2026-09-27,127113,Didymopanax morototoni,https://ecocrop.apps.fao.org/ecocrop/srv/en/cropView?id=127113
FAO ECOCROP,2026-09-27,5320,Digitalis lanata,https://ecocrop.apps.fao.org/ecocrop/srv/en/cropView?id=5320
FAO ECOCROP,2026-09-27,5321,Digitalis lutea,https://ecocrop.apps.fao.org/ecocrop/srv/en/cropView?id=5321
FAO ECOCROP,2026-09-27,5322,Digitalis purpurea,https://ecocrop.apps.fao.org/ecocrop/srv/en/cropView?id=5322
FAO ECOCROP,2026-09-27,18030,Digitaria abyssinica,https://ecocrop.apps.fao.org/ecocrop/srv/en/cropView?id=18030
FAO ECOCROP,2026-09-27,209788,Digitaria argyrograpta,https://ecocrop.apps.fao.org/ecocrop/srv/en/cropView?id=209788
FAO ECOCROP,2026-09-27,919,Digitaria ciliaris,https://ecocrop.apps.fao.org/ecocrop/srv/en/cropView?id=919
FAO ECOCROP,2026-09-27,922,Digitaria decumbens,https://ecocrop.apps.fao.org/ecocrop/srv/en/cropView?id=922
FAO ECOCROP,2026-09-27,209793,Digitaria diagonalis,https://ecocrop.apps.fao.org/ecocrop/srv/en/cropView?id=209793
FAO ECOCROP,2026-09-27,920,Digitaria didactyla,https://ecocrop.apps.fao.org/ecocrop/srv/en/cropView?id=920
FAO ECOCROP,2026-09-27,18511,Digitaria eriantha,https://ecocrop.apps.fao.org/ecocrop/srv/en/cropView?id=18511
FAO ECOCROP,2026-09-27,921,Digitaria eriantha ssp. eriantha,https://ecocrop.apps.fao.org/ecocrop/srv/en/cropView?id=921
FAO ECOCROP,2026-09-27,5329,Digitaria exilis,https://ecocrop.apps.fao.org/ecocrop/srv/en/cropView?id=5329
FAO ECOCROP,2026-09-27,5333,Digitaria milanjiana,https://ecocrop.apps.fao.org/ecocrop/srv/en/cropView?id=5333
FAO ECOCROP,2026-09-27,209818,Digitaria tricholaenoides,https://ecocrop.apps.fao.org/ecocrop/srv/en/cropView?id=209818
FAO ECOCROP,2026-09-27,5340,Dillenia aurea,https://ecocrop.apps.fao.org/ecocrop/srv/en/cropView?id=5340
FAO ECOCROP,2026-09-27,932,Dillenia indica,https://ecocrop.apps.fao.org/ecocrop/srv/en/cropView?id=932
FAO ECOCROP,2026-09-27,5343,Dillenia pentagyna,https://ecocrop.apps.fao.org/ecocrop/srv/en/cropView?id=5343
FAO ECOCROP,2026-09-27,5349,Dimocarpus longan var. longan,https://ecocrop.apps.fao.org/ecocrop/srv/en/cropView?id=5349
FAO ECOCROP,2026-09-27,5350,Dimocarpus longan var. malesianus,https://ecocrop.apps.fao.org/ecocrop/srv/en/cropView?id=5350
FAO ECOCROP,2026-09-27,936,Dioscorea alata,https://ecocrop.apps.fao.org/ecocrop/srv/en/cropView?id=936
FAO ECOCROP,2026-09-27,938,Dioscorea bulbifera,https://ecocrop.apps.fao.org/ecocrop/srv/en/cropView?id=938
FAO ECOCROP,2026-09-27,5369,Dioscorea cayenensis,https://ecocrop.apps.fao.org/ecocrop/srv/en/cropView?id=5369
FAO ECOCROP,2026-09-27,5374,Dioscorea composita,https://ecocrop.apps.fao.org/ecocrop/srv/en/cropView?id=5374
FAO ECOCROP,2026-09-27,5382,Dioscorea dumetorum,https://ecocrop.apps.fao.org/ecocrop/srv/en/cropView?id=5382
FAO ECOCROP,2026-09-27,939,Dioscorea esculenta,https://ecocrop.apps.fao.org/ecocrop/srv/en/cropView?id=939
FAO ECOCROP,2026-09-27,5387,Dioscorea floribunda,https://ecocrop.apps.fao.org/ecocrop/srv/en/cropView?id=5387
FAO ECOCROP,2026-09-27,5408,Dioscorea opposita,https://ecocrop.apps.fao.org/ecocrop/srv/en/cropView?id=5408
FAO ECOCROP,2026-09-27,942,Dioscorea rotundata,https://ecocrop.apps.fao.org/ecocrop/srv/en/cropView?id=942
FAO ECOCROP,2026-09-27,5429,Dioscorea trifida,https://ecocrop.apps.fao.org/ecocrop/srv/en/cropView?id=5429
FAO ECOCROP,2026-09-27,2263,Diospyros digyna,https://ecocrop.apps.fao.org/ecocrop/srv/en/cropView?id=2263
FAO ECOCROP,2026-09-27,945,Diospyros kaki,https://ecocrop.apps.fao.org/ecocrop/srv/en/cropView?id=945
FAO ECOCROP,2026-09-27,5464,Diospyros malabarica,https://ecocrop.apps.fao.org/ecocrop/srv/en/cropView?id=5464
FAO ECOCROP,2026-09-27,5465,Diospyros melanoxylon,https://ecocrop.apps.fao.org/ecocrop/srv/en/cropView?id=5465
FAO ECOCROP,2026-09-27,5466,Diospyros mespiliformis,https://ecocrop.apps.fao.org/ecocrop/srv/en/cropView?id=5466
FAO ECOCROP,2026-09-27,5474,Diospyros virginiana,https://ecocrop.apps.fao.org/ecocrop/srv/en/cropView?id=5474
FAO ECOCROP,2026-09-27,5479,Diplachne fusca,https://ecocrop.apps.fao.org/ecocrop/srv/en/cropView?id=5479
FAO ECOCROP,2026-09-27,5485,Diploglottis cunninghamii,https://ecocrop.apps.fao.org/ecocrop/srv/en/cropView?id=5485
FAO ECOCROP,2026-09-27,13746,Dipsacus fullonum,https://ecocrop.apps.fao.org/ecocrop/srv/en/cropView?id=13746
FAO ECOCROP,2026-09-27,5498,Dipterocarpus alatus,https://ecocrop.apps.fao.org/ecocrop/srv/en/cropView?id=5498
FAO ECOCROP,2026-09-27,5499,Dipterocarpus costatus,https://ecocrop.apps.fao.org/ecocrop/srv/en/cropView?id=5499
FAO ECOCROP,2026-09-27,5500,Dipterocarpus gracilis,https://ecocrop.apps.fao.org/ecocrop/srv/en/cropView?id=5500
FAO ECOCROP,2026-09-27,5501,Dipterocarpus indicus,https://ecocrop.apps.fao.org/ecocrop/srv/en/cropView?id=5501
FAO ECOCROP,2026-09-27,5502,Dipterocarpus macrocarpus,https://ecocrop.apps.fao.org/ecocrop/srv/en/cropView?id=5502
FAO ECOCROP,2026-09-27,5503,Dipterocarpus turbinatus,https://ecocrop.apps.fao.org/ecocrop/srv/en/cropView?id=5503
FAO ECOCROP,2026-09-27,5505,Dipteryx odorata,https://ecocrop.apps.fao.org/ecocrop/srv/en/cropView?id=5505
FAO ECOCROP,2026-09-27,5521,Dobera glabra,https://ecocrop.apps.fao.org/ecocrop/srv/en/cropView?id=5521
FAO ECOCROP,2026-09-27,952,Dodonaea viscosa,https://ecocrop.apps.fao.org/ecocrop/srv/en/cropView?id=952
FAO ECOCROP,2026-09-27,5523,Dodonaea viscosa ssp. angustifolia,https://ecocrop.apps.fao.org/ecocrop/srv/en/cropView?id=5523
FAO ECOCROP,2026-09-27,11531,Dolichos sericeus,https://ecocrop.apps.fao.org/ecocrop/srv/en/cropView?id=11531
FAO ECOCROP,2026-09-27,363339,Donaldsonia stenopetala,https://ecocrop.apps.fao.org/ecocrop/srv/en/cropView?id=363339
FAO ECOCROP,2026-09-27,5531,Doryphora sassafras,https://ecocrop.apps.fao.org/ecocrop/srv/en/cropView?id=5531
FAO ECOCROP,2026-09-27,5534,Dovyalis caffra,https://ecocrop.apps.fao.org/ecocrop/srv/en/cropView?id=5534
FAO ECOCROP,2026-09-27,5536,Dovyalis hebecarpa,https://ecocrop.apps.fao.org/ecocrop/srv/en/cropView?id=5536
FAO ECOCROP,2026-09-27,5554,Drosera rotundifolia,https://ecocrop.apps.fao.org/ecocrop/srv/en/cropView?id=5554
FAO ECOCROP,2026-09-27,13775,Dryopteris filix-mas,https://ecocrop.apps.fao.org/ecocrop/srv/en/cropView?id=13775
FAO ECOCROP,2026-09-27,5571,Duboisia myoporoides,https://ecocrop.apps.fao.org/ecocrop/srv/en/cropView?id=5571
FAO ECOCROP,2026-09-27,963,Durio zibethinus,https://ecocrop.apps.fao.org/ecocrop/srv/en/cropView?id=963
FAO ECOCROP,2026-09-27,5588,Dysoxylum fraseranum,https://ecocrop.apps.fao.org/ecocrop/srv/en/cropView?id=5588
FAO ECOCROP,2026-09-27,5591,Ecballium elaterium,https://ecocrop.apps.fao.org/ecocrop/srv/en/cropView?id=5591
FAO ECOCROP,2026-09-27,148275,Echinacea purpurea,https://ecocrop.apps.fao.org/ecocrop/srv/en/cropView?id=148275
FAO ECOCROP,2026-09-27,969,Echinochloa colona,https://ecocrop.apps.fao.org/ecocrop/srv/en/cropView?id=969
FAO ECOCROP,2026-09-27,970,Echinochloa crus-galli,https://ecocrop.apps.fao.org/ecocrop/srv/en/cropView?id=970
FAO ECOCROP,2026-09-27,5597,Echinochloa frumentacea,https://ecocrop.apps.fao.org/ecocrop/srv/en/cropView?id=5597
FAO ECOCROP,2026-09-27,210763,Echinochloa haploclada,https://ecocrop.apps.fao.org/ecocrop/srv/en/cropView?id=210763
FAO ECOCROP,2026-09-27,5599,Echinochloa polystachya,https://ecocrop.apps.fao.org/ecocrop/srv/en/cropView?id=5599
FAO ECOCROP,2026-09-27,5600,Echinochloa pyramidalis,https://ecocrop.apps.fao.org/ecocrop/srv/en/cropView?id=5600
FAO ECOCROP,2026-09-27,376633,Echinochloa scabra,https://ecocrop.apps.fao.org/ecocrop/srv/en/cropView?id=376633
FAO ECOCROP,2026-09-27,5602,Echinochloa turneriana,https://ecocrop.apps.fao.org/ecocrop/srv/en/cropView?id=5602
FAO ECOCROP,2026-09-27,5603,Echinochloa utilis,https://ecocrop.apps.fao.org/ecocrop/srv/en/cropView?id=5603
FAO ECOCROP,2026-09-27,5608,Echium vulgare,https://ecocrop.apps.fao.org/ecocrop/srv/en/cropView?id=5608
FAO ECOCROP,2026-09-27,5620,Ehrharta calycina,https://ecocrop.apps.fao.org/ecocrop/srv/en/cropView?id=5620
FAO ECOCROP,2026-09-27,148289,Ehrharta villosa,https://ecocrop.apps.fao.org/ecocrop/srv/en/cropView?id=148289
FAO ECOCROP,2026-09-27,5622,Eichhornia crassipes,https://ecocrop.apps.fao.org/ecocrop/srv/en/cropView?id=5622
FAO ECOCROP,2026-09-27,45195,Ekebergia capensis,https://ecocrop.apps.fao.org/ecocrop/srv/en/cropView?id=45195
FAO ECOCROP,2026-09-27,5624,Elaeagnus angustifolia,https://ecocrop.apps.fao.org/ecocrop/srv/en/cropView?id=5624
FAO ECOCROP,2026-09-27,972,Elaeis guineensis,https://ecocrop.apps.fao.org/ecocrop/srv/en/cropView?id=972
FAO ECOCROP,2026-09-27,5632,Elaeis oleifera,https://ecocrop.apps.fao.org/ecocrop/srv/en/cropView?id=5632
FAO ECOCROP,2026-09-27,17653,Elaeocarpus grandis,https://ecocrop.apps.fao.org/ecocrop/srv/en/cropView?id=17653
FAO ECOCROP,2026-09-27,2494,Eleocharis dulcis,https://ecocrop.apps.fao.org/ecocrop/srv/en/cropView?id=2494
FAO ECOCROP,2026-09-27,18051,Elephantorrhiza elephantina,https://ecocrop.apps.fao.org/ecocrop/srv/en/cropView?id=18051
FAO ECOCROP,2026-09-27,984,Elettaria cardamomum,https://ecocrop.apps.fao.org/ecocrop/srv/en/cropView?id=984
FAO ECOCROP,2026-09-27,5655,Eleusine africana,https://ecocrop.apps.fao.org/ecocrop/srv/en/cropView?id=5655
FAO ECOCROP,2026-09-27,5657,Eleusine coracana ssp. coracana,https://ecocrop.apps.fao.org/ecocrop/srv/en/cropView?id=5657
FAO ECOCROP,2026-09-27,985,Eleusine indica,https://ecocrop.apps.fao.org/ecocrop/srv/en/cropView?id=985
FAO ECOCROP,2026-09-27,376634,Eleusine jaegeri,https://ecocrop.apps.fao.org/ecocrop/srv/en/cropView?id=376634
FAO ECOCROP,2026-09-27,5661,Elymus canadensis,https://ecocrop.apps.fao.org/ecocrop/srv/en/cropView?id=5661
FAO ECOCROP,2026-09-27,5663,Elymus cinereus,https://ecocrop.apps.fao.org/ecocrop/srv/en/cropView?id=5663
FAO ECOCROP,2026-09-27,5664,Elymus condensatus,https://ecocrop.apps.fao.org/ecocrop/srv/en/cropView?id=5664
FAO ECOCROP,2026-09-27,5665,Elymus glaucus,https://ecocrop.apps.fao.org/ecocrop/srv/en/cropView?id=5665
FAO ECOCROP,2026-09-27,8537,Emblica officinalis,https://ecocrop.apps.fao.org/ecocrop/srv/en/cropView?id=8537
FAO ECOCROP,2026-09-27,988,Emilia sonchifolia,https://ecocrop.apps.fao.org/ecocrop/srv/en/cropView?id=988
FAO ECOCROP,2026-09-27,5691,Endiandra palmerstonii,https://ecocrop.apps.fao.org/ecocrop/srv/en/cropView?id=5691
FAO ECOCROP,2026-09-27,48863,Enneapogon scoparius,https://ecocrop.apps.fao.org/ecocrop/srv/en/cropView?id=48863
FAO ECOCROP,2026-09-27,5700,Ensete ventricosum,https://ecocrop.apps.fao.org/ecocrop/srv/en/cropView?id=5700
FAO ECOCROP,2026-09-27,5701,Entada abyssinica,https://ecocrop.apps.fao.org/ecocrop/srv/en/cropView?id=5701
FAO ECOCROP,2026-09-27,244366,Entada africana,https://ecocrop.apps.fao.org/ecocrop/srv/en/cropView?id=244366
FAO ECOCROP,2026-09-27,5706,Enterolobium cyclocarpum,https://ecocrop.apps.fao.org/ecocrop/srv/en/cropView?id=5706
FAO ECOCROP,2026-09-27,367652,Enteropogon macrostachyus,https://ecocrop.apps.fao.org/ecocrop/srv/en/cropView?id=367652
FAO ECOCROP,2026-09-27,376635,Enteropogon somalensis,https://ecocrop.apps.fao.org/ecocrop/srv/en/cropView?id=376635
FAO ECOCROP,2026-09-27,5707,Entolasia imbricata,https://ecocrop.apps.fao.org/ecocrop/srv/en/cropView?id=5707
FAO ECOCROP,2026-09-27,5719,Epilobium angustifolium,https://ecocrop.apps.fao.org/ecocrop/srv/en/cropView?id=5719
FAO ECOCROP,2026-09-27,5723,Equisetum arvense,https://ecocrop.apps.fao.org/ecocrop/srv/en/cropView?id=5723
FAO ECOCROP,2026-09-27,13913,Eragrostis amabilis,https://ecocrop.apps.fao.org/ecocrop/srv/en/cropView?id=13913
FAO ECOCROP,2026-09-27,376636,Eragrostis caespitosa,https://ecocrop.apps.fao.org/ecocrop/srv/en/cropView?id=376636
FAO ECOCROP,2026-09-27,5727,Eragrostis chloromelas,https://ecocrop.apps.fao.org/ecocrop/srv/en/cropView?id=5727
FAO ECOCROP,2026-09-27,5728,Eragrostis cilianensis,https://ecocrop.apps.fao.org/ecocrop/srv/en/cropView?id=5728
FAO ECOCROP,2026-09-27,5731,Eragrostis curvula,https://ecocrop.apps.fao.org/ecocrop/srv/en/cropView?id=5731
FAO ECOCROP,2026-09-27,5738,Eragrostis lehmanniana,https://ecocrop.apps.fao.org/ecocrop/srv/en/cropView?id=5738
FAO ECOCROP,2026-09-27,76831,Eragrostis obtusa,https://ecocrop.apps.fao.org/ecocrop/srv/en/cropView?id=76831
FAO ECOCROP,2026-09-27,5743,Eragrostis pilosa,https://ecocrop.apps.fao.org/ecocrop/srv/en/cropView?id=5743
FAO ECOCROP,2026-09-27,18067,Eragrostis racemosa,https://ecocrop.apps.fao.org/ecocrop/srv/en/cropView?id=18067
FAO ECOCROP,2026-09-27,5745,Eragrostis superba,https://ecocrop.apps.fao.org/ecocrop/srv/en/cropView?id=5745
FAO ECOCROP,2026-09-27,5746,Eragrostis tef,https://ecocrop.apps.fao.org/ecocrop/srv/en/cropView?id=5746
FAO ECOCROP,2026-09-27,5748,Eragrostis tremula,https://ecocrop.apps.fao.org/ecocrop/srv/en/cropView?id=5748
FAO ECOCROP,2026-09-27,5749,Eragrostis trichodes,https://ecocrop.apps.fao.org/ecocrop/srv/en/cropView?id=5749
FAO ECOCROP,2026-09-27,18070,Eragrostis unioloides,https://ecocrop.apps.fao.org/ecocrop/srv/en/cropView?id=18070
FAO ECOCROP,2026-09-27,5753,Eremochloa ophiuroides,https://ecocrop.apps.fao.org/ecocrop/srv/en/cropView?id=5753
FAO ECOCROP,2026-09-27,18072,Erigeron canadensis,https://ecocrop.apps.fao.org/ecocrop/srv/en/cropView?id=18072
FAO ECOCROP,2026-09-27,1002,Eriobotrya japonica,https://ecocrop.apps.fao.org/ecocrop/srv/en/cropView?id=1002
FAO ECOCROP,2026-09-27,211875,Eriochloa fatmensis,https://ecocrop.apps.fao.org/ecocrop/srv/en/cropView?id=211875
FAO ECOCROP,2026-09-27,5773,Eriochloa punctata,https://ecocrop.apps.fao.org/ecocrop/srv/en/cropView?id=5773
FAO ECOCROP,2026-09-27,44223,Eriosema psoraleoides,https://ecocrop.apps.fao.org/ecocrop/srv/en/cropView?id=44223
FAO ECOCROP,2026-09-27,5794,Eruca sativa,https://ecocrop.apps.fao.org/ecocrop/srv/en/cropView?id=5794
FAO ECOCROP,2026-09-27,14023,Eryngium campestre,https://ecocrop.apps.fao.org/ecocrop/srv/en/cropView?id=14023
FAO ECOCROP,2026-09-27,5803,Erythrina abyssinica,https://ecocrop.apps.fao.org/ecocrop/srv/en/cropView?id=5803
FAO ECOCROP,2026-09-27,44104,Erythrina caffra,https://ecocrop.apps.fao.org/ecocrop/srv/en/cropView?id=44104
FAO ECOCROP,2026-09-27,5805,Erythrina edulis,https://ecocrop.apps.fao.org/ecocrop/srv/en/cropView?id=5805
FAO ECOCROP,2026-09-27,1007,Erythrina fusca,https://ecocrop.apps.fao.org/ecocrop/srv/en/cropView?id=1007
FAO ECOCROP,2026-09-27,5809,Erythrina poeppigiana,https://ecocrop.apps.fao.org/ecocrop/srv/en/cropView?id=5809
FAO ECOCROP,2026-09-27,1012,Erythrina variegata,https://ecocrop.apps.fao.org/ecocrop/srv/en/cropView?id=1012
FAO ECOCROP,2026-09-27,5810,Erythrina vespertilio,https://ecocrop.apps.fao.org/ecocrop/srv/en/cropView?id=5810
FAO ECOCROP,2026-09-27,5814,Erythrophleum chlorostahys,https://ecocrop.apps.fao.org/ecocrop/srv/en/cropView?id=5814
FAO ECOCROP,2026-09-27,14047,Erythroxylum coca,https://ecocrop.apps.fao.org/ecocrop/srv/en/cropView?id=14047
FAO ECOCROP,2026-09-27,5831,Eucalyptus accedens,https://ecocrop.apps.fao.org/ecocrop/srv/en/cropView?id=5831
FAO ECOCROP,2026-09-27,5832,Eucalyptus agglomerata,https://ecocrop.apps.fao.org/ecocrop/srv/en/cropView?id=5832
FAO ECOCROP,2026-09-27,5833,Eucalyptus albens,https://ecocrop.apps.fao.org/ecocrop/srv/en/cropView?id=5833
FAO ECOCROP,2026-09-27,5834,Eucalyptus astringens,https://ecocrop.apps.fao.org/ecocrop/srv/en/cropView?id=5834
FAO ECOCROP,2026-09-27,5835,Eucalyptus bosistoana,https://ecocrop.apps.fao.org/ecocrop/srv/en/cropView?id=5835
FAO ECOCROP,2026-09-27,5836,Eucalyptus botryoides,https://ecocrop.apps.fao.org/ecocrop/srv/en/cropView?id=5836
FAO ECOCROP,2026-09-27,5837,Eucalyptus brassiana,https://ecocrop.apps.fao.org/ecocrop/srv/en/cropView?id=5837
FAO ECOCROP,2026-09-27,5838,Eucalyptus brevifolia,https://ecocrop.apps.fao.org/ecocrop/srv/en/cropView?id=5838
FAO ECOCROP,2026-09-27,5839,Eucalyptus brockwayi,https://ecocrop.apps.fao.org/ecocrop/srv/en/cropView?id=5839
FAO ECOCROP,2026-09-27,5841,Eucalyptus calophylla,https://ecocrop.apps.fao.org/ecocrop/srv/en/cropView?id=5841
FAO ECOCROP,2026-09-27,1017,Eucalyptus camaldulensis,https://ecocrop.apps.fao.org/ecocrop/srv/en/cropView?id=1017
FAO ECOCROP,2026-09-27,17648,"Eucalyptus camaldulensis, northern provenances",https://ecocrop.apps.fao.org/ecocrop/srv/en/cropView?id=17648
FAO ECOCROP,2026-09-27,5842,Eucalyptus citriodora,https://ecocrop.apps.fao.org/ecocrop/srv/en/cropView?id=5842
FAO ECOCROP,2026-09-27,5843,Eucalyptus cladocalyx,https://ecocrop.apps.fao.org/ecocrop/srv/en/cropView?id=5843
FAO ECOCROP,2026-09-27,5844,Eucalyptus cloeziana,https://ecocrop.apps.fao.org/ecocrop/srv/en/cropView?id=5844
FAO ECOCROP,2026-09-27,5846,Eucalyptus consideniana,https://ecocrop.apps.fao.org/ecocrop/srv/en/cropView?id=5846
FAO ECOCROP,2026-09-27,5847,Eucalyptus cornuta,https://ecocrop.apps.fao.org/ecocrop/srv/en/cropView?id=5847
FAO ECOCROP,2026-09-27,5848,Eucalyptus crebra,https://ecocrop.apps.fao.org/ecocrop/srv/en/cropView?id=5848
FAO ECOCROP,2026-09-27,248819,Eucalyptus cypellocarpa,https://ecocrop.apps.fao.org/ecocrop/srv/en/cropView?id=248819
FAO ECOCROP,2026-09-27,5849,Eucalyptus dalrympleana,https://ecocrop.apps.fao.org/ecocrop/srv/en/cropView?id=5849
FAO ECOCROP,2026-09-27,1019,Eucalyptus deglupta,https://ecocrop.apps.fao.org/ecocrop/srv/en/cropView?id=1019
FAO ECOCROP,2026-09-27,5850,Eucalyptus delegatensis,https://ecocrop.apps.fao.org/ecocrop/srv/en/cropView?id=5850
FAO ECOCROP,2026-09-27,5851,Eucalyptus diversicolor,https://ecocrop.apps.fao.org/ecocrop/srv/en/cropView?id=5851
FAO ECOCROP,2026-09-27,5852,Eucalyptus dumosa,https://ecocrop.apps.fao.org/ecocrop/srv/en/cropView?id=5852
FAO ECOCROP,2026-09-27,5853,Eucalyptus elata,https://ecocrop.apps.fao.org/ecocrop/srv/en/cropView?id=5853
FAO ECOCROP,2026-09-27,5854,Eucalyptus eugenioides,https://ecocrop.apps.fao.org/ecocrop/srv/en/cropView?id=5854
FAO ECOCROP,2026-09-27,5855,Eucalyptus exserta,https://ecocrop.apps.fao.org/ecocrop/srv/en/cropView?id=5855
FAO ECOCROP,2026-09-27,5856,Eucalyptus fastigata,https://ecocrop.apps.fao.org/ecocrop/srv/en/cropView?id=5856
FAO ECOCROP,2026-09-27,5857,Eucalyptus fraxinoides,https://ecocrop.apps.fao.org/ecocrop/srv/en/cropView?id=5857
FAO ECOCROP,2026-09-27,248816,Eucalyptus globoidea,https://ecocrop.apps.fao.org/ecocrop/srv/en/cropView?id=248816
FAO ECOCROP,2026-09-27,14054,Eucalyptus globulus,https://ecocrop.apps.fao.org/ecocrop/srv/en/cropView?id=14054
FAO ECOCROP,2026-09-27,5861,Eucalyptus globulus ssp. globulus,https://ecocrop.apps.fao.org/ecocrop/srv/en/cropView?id=5861
FAO ECOCROP,2026-09-27,5862,Eucalyptus globulus ssp. maidenii,https://ecocrop.apps.fao.org/ecocrop/srv/en/cropView?id=5862
FAO ECOCROP,2026-09-27,5860,Eucalyptus globulus var. bicostata,https://ecocrop.apps.fao.org/ecocrop/srv/en/cropView?id=5860
FAO ECOCROP,2026-09-27,5863,Eucalyptus globulus var. pseudoglobulus,https://ecocrop.apps.fao.org/ecocrop/srv/en/cropView?id=5863
FAO ECOCROP,2026-09-27,5864,Eucalyptus gomphocephala,https://ecocrop.apps.fao.org/ecocrop/srv/en/cropView?id=5864
FAO ECOCROP,2026-09-27,5865,Eucalyptus gongylocarpa,https://ecocrop.apps.fao.org/ecocrop/srv/en/cropView?id=5865
FAO ECOCROP,2026-09-27,1021,Eucalyptus grandis,https://ecocrop.apps.fao.org/ecocrop/srv/en/cropView?id=1021
FAO ECOCROP,2026-09-27,5867,Eucalyptus guilfoylei,https://ecocrop.apps.fao.org/ecocrop/srv/en/cropView?id=5867
FAO ECOCROP,2026-09-27,5868,Eucalyptus gummifera,https://ecocrop.apps.fao.org/ecocrop/srv/en/cropView?id=5868
FAO ECOCROP,2026-09-27,5871,Eucalyptus intermedia,https://ecocrop.apps.fao.org/ecocrop/srv/en/cropView?id=5871
FAO ECOCROP,2026-09-27,5872,Eucalyptus intertexta,https://ecocrop.apps.fao.org/ecocrop/srv/en/cropView?id=5872
FAO ECOCROP,2026-09-27,5873,Eucalyptus jacksonii,https://ecocrop.apps.fao.org/ecocrop/srv/en/cropView?id=5873
FAO ECOCROP,2026-09-27,5874,Eucalyptus jensenii,https://ecocrop.apps.fao.org/ecocrop/srv/en/cropView?id=5874
FAO ECOCROP,2026-09-27,5875,Eucalyptus johnstonii,https://ecocrop.apps.fao.org/ecocrop/srv/en/cropView?id=5875
FAO ECOCROP,2026-09-27,5876,Eucalyptus largiflorens,https://ecocrop.apps.fao.org/ecocrop/srv/en/cropView?id=5876
FAO ECOCROP,2026-09-27,5879,Eucalyptus leucoxylon,https://ecocrop.apps.fao.org/ecocrop/srv/en/cropView?id=5879
FAO ECOCROP,2026-09-27,5880,Eucalyptus longifolia,https://ecocrop.apps.fao.org/ecocrop/srv/en/cropView?id=5880
FAO ECOCROP,2026-09-27,5881,Eucalyptus loxophleba,https://ecocrop.apps.fao.org/ecocrop/srv/en/cropView?id=5881
FAO ECOCROP,2026-09-27,5882,Eucalyptus maculata,https://ecocrop.apps.fao.org/ecocrop/srv/en/cropView?id=5882
FAO ECOCROP,2026-09-27,5884,Eucalyptus marginata,https://ecocrop.apps.fao.org/ecocrop/srv/en/cropView?id=5884
FAO ECOCROP,2026-09-27,5885,Eucalyptus melliodora,https://ecocrop.apps.fao.org/ecocrop/srv/en/cropView?id=5885
FAO ECOCROP,2026-09-27,5886,Eucalyptus microcarpa,https://ecocrop.apps.fao.org/ecocrop/srv/en/cropView?id=5886
FAO ECOCROP,2026-09-27,5887,Eucalyptus microcorys,https://ecocrop.apps.fao.org/ecocrop/srv/en/cropView?id=5887
FAO ECOCROP,2026-09-27,5888,Eucalyptus microtheca,https://ecocrop.apps.fao.org/ecocrop/srv/en/cropView?id=5888
FAO ECOCROP,2026-09-27,5890,Eucalyptus moluccana,https://ecocrop.apps.fao.org/ecocrop/srv/en/cropView?id=5890
FAO ECOCROP,2026-09-27,5891,Eucalyptus muelleriana,https://ecocrop.apps.fao.org/ecocrop/srv/en/cropView?id=5891
FAO ECOCROP,2026-09-27,5892,Eucalyptus nesophila,https://ecocrop.apps.fao.org/ecocrop/srv/en/cropView?id=5892
FAO ECOCROP,2026-09-27,5893,Eucalyptus nigra,https://ecocrop.apps.fao.org/ecocrop/srv/en/cropView?id=5893
FAO ECOCROP,2026-09-27,5894,Eucalyptus nitens,https://ecocrop.apps.fao.org/ecocrop/srv/en/cropView?id=5894
FAO ECOCROP,2026-09-27,5896,Eucalyptus obliqua,https://ecocrop.apps.fao.org/ecocrop/srv/en/cropView?id=5896
FAO ECOCROP,2026-09-27,5897,Eucalyptus occidentalis,https://ecocrop.apps.fao.org/ecocrop/srv/en/cropView?id=5897
FAO ECOCROP,2026-09-27,5898,Eucalyptus ochrophloia,https://ecocrop.apps.fao.org/ecocrop/srv/en/cropView?id=5898
FAO ECOCROP,2026-09-27,5899,Eucalyptus odontocarpa,https://ecocrop.apps.fao.org/ecocrop/srv/en/cropView?id=5899
FAO ECOCROP,2026-09-27,5901,Eucalyptus oreades,https://ecocrop.apps.fao.org/ecocrop/srv/en/cropView?id=5901
FAO ECOCROP,2026-09-27,5902,Eucalyptus oxymitra,https://ecocrop.apps.fao.org/ecocrop/srv/en/cropView?id=5902
FAO ECOCROP,2026-09-27,5904,Eucalyptus paniculata,https://ecocrop.apps.fao.org/ecocrop/srv/en/cropView?id=5904
FAO ECOCROP,2026-09-27,1022,Eucalyptus papuana,https://ecocrop.apps.fao.org/ecocrop/srv/en/cropView?id=1022
FAO ECOCROP,2026-09-27,5905,Eucalyptus patens,https://ecocrop.apps.fao.org/ecocrop/srv/en/cropView?id=5905
FAO ECOCROP,2026-09-27,5906,Eucalyptus pauciflora,https://ecocrop.apps.fao.org/ecocrop/srv/en/cropView?id=5906
FAO ECOCROP,2026-09-27,5907,Eucalyptus pellita,https://ecocrop.apps.fao.org/ecocrop/srv/en/cropView?id=5907
FAO ECOCROP,2026-09-27,5908,Eucalyptus phoenicea,https://ecocrop.apps.fao.org/ecocrop/srv/en/cropView?id=5908
FAO ECOCROP,2026-09-27,5909,Eucalyptus pilularis,https://ecocrop.apps.fao.org/ecocrop/srv/en/cropView?id=5909
FAO ECOCROP,2026-09-27,248817,Eucalyptus piperita,https://ecocrop.apps.fao.org/ecocrop/srv/en/cropView?id=248817
FAO ECOCROP,2026-09-27,5910,Eucalyptus planchoniana,https://ecocrop.apps.fao.org/ecocrop/srv/en/cropView?id=5910
FAO ECOCROP,2026-09-27,5911,Eucalyptus polyanthemos,https://ecocrop.apps.fao.org/ecocrop/srv/en/cropView?id=5911
FAO ECOCROP,2026-09-27,5912,Eucalyptus polycarpa,https://ecocrop.apps.fao.org/ecocrop/srv/en/cropView?id=5912
FAO ECOCROP,2026-09-27,5913,Eucalyptus populnea,https://ecocrop.apps.fao.org/ecocrop/srv/en/cropView?id=5913
FAO ECOCROP,2026-09-27,5915,Eucalyptus propinqua,https://ecocrop.apps.fao.org/ecocrop/srv/en/cropView?id=5915
FAO ECOCROP,2026-09-27,5917,Eucalyptus pulchella,https://ecocrop.apps.fao.org/ecocrop/srv/en/cropView?id=5917
FAO ECOCROP,2026-09-27,5918,Eucalyptus punctata,https://ecocrop.apps.fao.org/ecocrop/srv/en/cropView?id=5918
FAO ECOCROP,2026-09-27,5919,Eucalyptus quadrangulata,https://ecocrop.apps.fao.org/ecocrop/srv/en/cropView?id=5919
FAO ECOCROP,2026-09-27,5920,Eucalyptus radiata ssp. radiata,https://ecocrop.apps.fao.org/ecocrop/srv/en/cropView?id=5920
FAO ECOCROP,2026-09-27,5921,Eucalyptus radiata ssp. robusta,https://ecocrop.apps.fao.org/ecocrop/srv/en/cropView?id=5921
FAO ECOCROP,2026-09-27,5922,Eucalyptus regnans,https://ecocrop.apps.fao.org/ecocrop/srv/en/cropView?id=5922
FAO ECOCROP,2026-09-27,5923,Eucalyptus resinifera,https://ecocrop.apps.fao.org/ecocrop/srv/en/cropView?id=5923
FAO ECOCROP,2026-09-27,1023,Eucalyptus robusta,https://ecocrop.apps.fao.org/ecocrop/srv/en/cropView?id=1023
FAO ECOCROP,2026-09-27,248820,Eucalyptus rubida,https://ecocrop.apps.fao.org/ecocrop/srv/en/cropView?id=248820
FAO ECOCROP,2026-09-27,5924,Eucalyptus rudis,https://ecocrop.apps.fao.org/ecocrop/srv/en/cropView?id=5924
FAO ECOCROP,2026-09-27,1024,Eucalyptus saligna,https://ecocrop.apps.fao.org/ecocrop/srv/en/cropView?id=1024
FAO ECOCROP,2026-09-27,5925,Eucalyptus salmonophloia,https://ecocrop.apps.fao.org/ecocrop/srv/en/cropView?id=5925
FAO ECOCROP,2026-09-27,5926,Eucalyptus salubris,https://ecocrop.apps.fao.org/ecocrop/srv/en/cropView?id=5926
FAO ECOCROP,2026-09-27,5927,Eucalyptus sargentii,https://ecocrop.apps.fao.org/ecocrop/srv/en/cropView?id=5927
FAO ECOCROP,2026-09-27,248818,Eucalyptus scias,https://ecocrop.apps.fao.org/ecocrop/srv/en/cropView?id=248818
FAO ECOCROP,2026-09-27,5929,Eucalyptus sideroxylon,https://ecocrop.apps.fao.org/ecocrop/srv/en/cropView?id=5929
FAO ECOCROP,2026-09-27,5930,Eucalyptus sieberi,https://ecocrop.apps.fao.org/ecocrop/srv/en/cropView?id=5930
FAO ECOCROP,2026-09-27,5931,Eucalyptus smithii,https://ecocrop.apps.fao.org/ecocrop/srv/en/cropView?id=5931
FAO ECOCROP,2026-09-27,5932,Eucalyptus socialis,https://ecocrop.apps.fao.org/ecocrop/srv/en/cropView?id=5932
FAO ECOCROP,2026-09-27,5933,Eucalyptus st.-johnii,https://ecocrop.apps.fao.org/ecocrop/srv/en/cropView?id=5933
FAO ECOCROP,2026-09-27,5934,Eucalyptus subcrenulata,https://ecocrop.apps.fao.org/ecocrop/srv/en/cropView?id=5934
FAO ECOCROP,2026-09-27,1026,Eucalyptus tereticornis,https://ecocrop.apps.fao.org/ecocrop/srv/en/cropView?id=1026
FAO ECOCROP,2026-09-27,5936,Eucalyptus tessellaris,https://ecocrop.apps.fao.org/ecocrop/srv/en/cropView?id=5936
FAO ECOCROP,2026-09-27,5937,Eucalyptus tetrodonta,https://ecocrop.apps.fao.org/ecocrop/srv/en/cropView?id=5937
FAO ECOCROP,2026-09-27,5938,Eucalyptus thozetiana,https://ecocrop.apps.fao.org/ecocrop/srv/en/cropView?id=5938
FAO ECOCROP,2026-09-27,5939,Eucalyptus torelliana,https://ecocrop.apps.fao.org/ecocrop/srv/en/cropView?id=5939
FAO ECOCROP,2026-09-27,5940,Eucalyptus transcontientalis,https://ecocrop.apps.fao.org/ecocrop/srv/en/cropView?id=5940
FAO ECOCROP,2026-09-27,5941,Eucalyptus trivalvis,https://ecocrop.apps.fao.org/ecocrop/srv/en/cropView?id=5941
FAO ECOCROP,2026-09-27,5942,Eucalyptus umbra ssp. carnea,https://ecocrop.apps.fao.org/ecocrop/srv/en/cropView?id=5942
FAO ECOCROP,2026-09-27,5943,Eucalyptus umbra ssp. umbra,https://ecocrop.apps.fao.org/ecocrop/srv/en/cropView?id=5943
FAO ECOCROP,2026-09-27,5945,Eucalyptus urophylla,https://ecocrop.apps.fao.org/ecocrop/srv/en/cropView?id=5945
FAO ECOCROP,2026-09-27,5946,Eucalyptus viminalis,https://ecocrop.apps.fao.org/ecocrop/srv/en/cropView?id=5946
FAO ECOCROP,2026-09-27,5947,Eucalyptus wandoo,https://ecocrop.apps.fao.org/ecocrop/srv/en/cropView?id=5947
FAO ECOCROP,2026-09-27,10982,Euchlaena mexicana,https://ecocrop.apps.fao.org/ecocrop/srv/en/cropView?id=10982
FAO ECOCROP,2026-09-27,5954,Eucryphia lucida,https://ecocrop.apps.fao.org/ecocrop/srv/en/cropView?id=5954
FAO ECOCROP,2026-09-27,2462,Eugenia aromatica,https://ecocrop.apps.fao.org/ecocrop/srv/en/cropView?id=2462
FAO ECOCROP,2026-09-27,5967,Eugenia dombeyi,https://ecocrop.apps.fao.org/ecocrop/srv/en/cropView?id=5967
FAO ECOCROP,2026-09-27,5976,Eugenia gustavioides,https://ecocrop.apps.fao.org/ecocrop/srv/en/cropView?id=5976
FAO ECOCROP,2026-09-27,14060,Eugenia jambos,https://ecocrop.apps.fao.org/ecocrop/srv/en/cropView?id=14060
FAO ECOCROP,2026-09-27,5995,Eugenia stipitata,https://ecocrop.apps.fao.org/ecocrop/srv/en/cropView?id=5995
FAO ECOCROP,2026-09-27,5996,Eugenia suborbiculare,https://ecocrop.apps.fao.org/ecocrop/srv/en/cropView?id=5996
FAO ECOCROP,2026-09-27,6001,Eugenia uniflora,https://ecocrop.apps.fao.org/ecocrop/srv/en/cropView?id=6001
FAO ECOCROP,2026-09-27,6002,Eugenia uvalha,https://ecocrop.apps.fao.org/ecocrop/srv/en/cropView?id=6002
FAO ECOCROP,2026-09-27,77795,Euonymus japonicus,https://ecocrop.apps.fao.org/ecocrop/srv/en/cropView?id=77795
FAO ECOCROP,2026-09-27,14068,Eupatorium cannabinum,https://ecocrop.apps.fao.org/ecocrop/srv/en/cropView?id=14068
FAO ECOCROP,2026-09-27,6029,Euphorbia lathyrus,https://ecocrop.apps.fao.org/ecocrop/srv/en/cropView?id=6029
FAO ECOCROP,2026-09-27,6040,Euphorbia tirucalli,https://ecocrop.apps.fao.org/ecocrop/srv/en/cropView?id=6040
FAO ECOCROP,2026-09-27,50045,Euphrasia officinalis,https://ecocrop.apps.fao.org/ecocrop/srv/en/cropView?id=50045
FAO ECOCROP,2026-09-27,238780,Eurycoma longifolia,https://ecocrop.apps.fao.org/ecocrop/srv/en/cropView?id=238780
FAO ECOCROP,2026-09-27,17657,Eusideroxylon zwageri,https://ecocrop.apps.fao.org/ecocrop/srv/en/cropView?id=17657
FAO ECOCROP,2026-09-27,48867,Eustachys paspaloides,https://ecocrop.apps.fao.org/ecocrop/srv/en/cropView?id=48867
FAO ECOCROP,2026-09-27,6051,Euterpe chaunostachys,https://ecocrop.apps.fao.org/ecocrop/srv/en/cropView?id=6051
FAO ECOCROP,2026-09-27,6052,Euterpe edulis,https://ecocrop.apps.fao.org/ecocrop/srv/en/cropView?id=6052
FAO ECOCROP,2026-09-27,6054,Euterpe oleracea,https://ecocrop.apps.fao.org/ecocrop/srv/en/cropView?id=6054
FAO ECOCROP,2026-09-27,1059,Excoecaria agallocha,https://ecocrop.apps.fao.org/ecocrop/srv/en/cropView?id=1059
FAO ECOCROP,2026-09-27,6066,Exotheca abyssinica,https://ecocrop.apps.fao.org/ecocrop/srv/en/cropView?id=6066
FAO ECOCROP,2026-09-27,6075,Fagopyrum emarginatum,https://ecocrop.apps.fao.org/ecocrop/srv/en/cropView?id=6075
FAO ECOCROP,2026-09-27,2285,Fagopyrum esculentum,https://ecocrop.apps.fao.org/ecocrop/srv/en/cropView?id=2285
FAO ECOCROP,2026-09-27,6076,Fagopyrum tataricum,https://ecocrop.apps.fao.org/ecocrop/srv/en/cropView?id=6076
FAO ECOCROP,2026-09-27,6077,Fagraea fragrans,https://ecocrop.apps.fao.org/ecocrop/srv/en/cropView?id=6077
FAO ECOCROP,2026-09-27,6078,Fagus grandifolia,https://ecocrop.apps.fao.org/ecocrop/srv/en/cropView?id=6078
FAO ECOCROP,2026-09-27,49181,Fagus sylvatica,https://ecocrop.apps.fao.org/ecocrop/srv/en/cropView?id=49181
FAO ECOCROP,2026-09-27,6080,Fagus sylvatica ssp. sylvatica,https://ecocrop.apps.fao.org/ecocrop/srv/en/cropView?id=6080
FAO ECOCROP,2026-09-27,6082,Faidherbia albida,https://ecocrop.apps.fao.org/ecocrop/srv/en/cropView?id=6082
FAO ECOCROP,2026-09-27,38279,Faurea saligna,https://ecocrop.apps.fao.org/ecocrop/srv/en/cropView?id=38279
FAO ECOCROP,2026-09-27,1068,Feijoa sellowiana,https://ecocrop.apps.fao.org/ecocrop/srv/en/cropView?id=1068
FAO ECOCROP,2026-09-27,6095,Ferula assa-foetida,https://ecocrop.apps.fao.org/ecocrop/srv/en/cropView?id=6095
FAO ECOCROP,2026-09-27,6102,Festuca arundinacea,https://ecocrop.apps.fao.org/ecocrop/srv/en/cropView?id=6102
FAO ECOCROP,2026-09-27,14189,Festuca gigantea,https://ecocrop.apps.fao.org/ecocrop/srv/en/cropView?id=14189
FAO ECOCROP,2026-09-27,6104,Festuca idahoensis,https://ecocrop.apps.fao.org/ecocrop/srv/en/cropView?id=6104
FAO ECOCROP,2026-09-27,6105,Festuca longifolia,https://ecocrop.apps.fao.org/ecocrop/srv/en/cropView?id=6105
FAO ECOCROP,2026-09-27,14194,Festuca ovina,https://ecocrop.apps.fao.org/ecocrop/srv/en/cropView?id=14194
FAO ECOCROP,2026-09-27,6107,Festuca pratensis,https://ecocrop.apps.fao.org/ecocrop/srv/en/cropView?id=6107
FAO ECOCROP,2026-09-27,14195,Festuca rubra,https://ecocrop.apps.fao.org/ecocrop/srv/en/cropView?id=14195
FAO ECOCROP,2026-09-27,6109,Festuca rubra var. commutata,https://ecocrop.apps.fao.org/ecocrop/srv/en/cropView?id=6109
FAO ECOCROP,2026-09-27,6110,Festuca rubra var. rubra,https://ecocrop.apps.fao.org/ecocrop/srv/en/cropView?id=6110
FAO ECOCROP,2026-09-27,376637,Festuca scabra,https://ecocrop.apps.fao.org/ecocrop/srv/en/cropView?id=376637
FAO ECOCROP,2026-09-27,6113,Fibraurea tinctoria,https://ecocrop.apps.fao.org/ecocrop/srv/en/cropView?id=6113
FAO ECOCROP,2026-09-27,6114,Ficus abutilifolia,https://ecocrop.apps.fao.org/ecocrop/srv/en/cropView?id=6114
FAO ECOCROP,2026-09-27,6119,Ficus auriculata,https://ecocrop.apps.fao.org/ecocrop/srv/en/cropView?id=6119
FAO ECOCROP,2026-09-27,6123,Ficus benghalensis,https://ecocrop.apps.fao.org/ecocrop/srv/en/cropView?id=6123
FAO ECOCROP,2026-09-27,1071,Ficus carica,https://ecocrop.apps.fao.org/ecocrop/srv/en/cropView?id=1071
FAO ECOCROP,2026-09-27,1075,Ficus elastica,https://ecocrop.apps.fao.org/ecocrop/srv/en/cropView?id=1075
FAO ECOCROP,2026-09-27,6149,Ficus glumosa,https://ecocrop.apps.fao.org/ecocrop/srv/en/cropView?id=6149
FAO ECOCROP,2026-09-27,6163,Ficus macrophylla,https://ecocrop.apps.fao.org/ecocrop/srv/en/cropView?id=6163
FAO ECOCROP,2026-09-27,6196,Ficus subcordata,https://ecocrop.apps.fao.org/ecocrop/srv/en/cropView?id=6196
FAO ECOCROP,2026-09-27,6199,Ficus sycomorus,https://ecocrop.apps.fao.org/ecocrop/srv/en/cropView?id=6199
FAO ECOCROP,2026-09-27,38122,Ficus thonningii,https://ecocrop.apps.fao.org/ecocrop/srv/en/cropView?id=38122
FAO ECOCROP,2026-09-27,6212,Ficus vogelii,https://ecocrop.apps.fao.org/ecocrop/srv/en/cropView?id=6212
FAO ECOCROP,2026-09-27,2296,Flacourtia indica,https://ecocrop.apps.fao.org/ecocrop/srv/en/cropView?id=2296
FAO ECOCROP,2026-09-27,1104,Flemingia macrophylla,https://ecocrop.apps.fao.org/ecocrop/srv/en/cropView?id=1104
FAO ECOCROP,2026-09-27,6237,Flindersia bourjotiana,https://ecocrop.apps.fao.org/ecocrop/srv/en/cropView?id=6237
FAO ECOCROP,2026-09-27,6238,Flindersia brayleyana,https://ecocrop.apps.fao.org/ecocrop/srv/en/cropView?id=6238
FAO ECOCROP,2026-09-27,6239,Flindersia pimenteliana,https://ecocrop.apps.fao.org/ecocrop/srv/en/cropView?id=6239
FAO ECOCROP,2026-09-27,1107,Foeniculum vulgare,https://ecocrop.apps.fao.org/ecocrop/srv/en/cropView?id=1107
FAO ECOCROP,2026-09-27,6252,Fortunella hindsii,https://ecocrop.apps.fao.org/ecocrop/srv/en/cropView?id=6252
FAO ECOCROP,2026-09-27,1110,Fortunella japonica,https://ecocrop.apps.fao.org/ecocrop/srv/en/cropView?id=1110
FAO ECOCROP,2026-09-27,2300,Fortunella margarita,https://ecocrop.apps.fao.org/ecocrop/srv/en/cropView?id=2300
FAO ECOCROP,2026-09-27,6256,Fragaria chiloensis,https://ecocrop.apps.fao.org/ecocrop/srv/en/cropView?id=6256
FAO ECOCROP,2026-09-27,2301,Fragaria vesca,https://ecocrop.apps.fao.org/ecocrop/srv/en/cropView?id=2301
FAO ECOCROP,2026-09-27,6262,Fragaria virginiana,https://ecocrop.apps.fao.org/ecocrop/srv/en/cropView?id=6262
FAO ECOCROP,2026-09-27,1112,Fragaria x ananassa,https://ecocrop.apps.fao.org/ecocrop/srv/en/cropView?id=1112
FAO ECOCROP,2026-09-27,6266,Frangula alnus,https://ecocrop.apps.fao.org/ecocrop/srv/en/cropView?id=6266
FAO ECOCROP,2026-09-27,6271,Fraxinus excelsior,https://ecocrop.apps.fao.org/ecocrop/srv/en/cropView?id=6271
FAO ECOCROP,2026-09-27,364407,Frithia humilis,https://ecocrop.apps.fao.org/ecocrop/srv/en/cropView?id=364407
FAO ECOCROP,2026-09-27,6295,Furcraea gigantea var. willemettiana,https://ecocrop.apps.fao.org/ecocrop/srv/en/cropView?id=6295
FAO ECOCROP,2026-09-27,376638,Galactia filiformis,https://ecocrop.apps.fao.org/ecocrop/srv/en/cropView?id=376638
FAO ECOCROP,2026-09-27,213950,Galactia marginalis,https://ecocrop.apps.fao.org/ecocrop/srv/en/cropView?id=213950
FAO ECOCROP,2026-09-27,1119,Galactia striata,https://ecocrop.apps.fao.org/ecocrop/srv/en/cropView?id=1119
FAO ECOCROP,2026-09-27,6304,Galega officinalis,https://ecocrop.apps.fao.org/ecocrop/srv/en/cropView?id=6304
FAO ECOCROP,2026-09-27,372222,Galega orientalis,https://ecocrop.apps.fao.org/ecocrop/srv/en/cropView?id=372222
FAO ECOCROP,2026-09-27,6309,Galium aparine,https://ecocrop.apps.fao.org/ecocrop/srv/en/cropView?id=6309
FAO ECOCROP,2026-09-27,6313,Galium verum,https://ecocrop.apps.fao.org/ecocrop/srv/en/cropView?id=6313
FAO ECOCROP,2026-09-27,2302,Garcinia dulcis,https://ecocrop.apps.fao.org/ecocrop/srv/en/cropView?id=2302
FAO ECOCROP,2026-09-27,1122,Garcinia mangostana,https://ecocrop.apps.fao.org/ecocrop/srv/en/cropView?id=1122
FAO ECOCROP,2026-09-27,6353,Garcinia multiflora,https://ecocrop.apps.fao.org/ecocrop/srv/en/cropView?id=6353
FAO ECOCROP,2026-09-27,1125,Garcinia xanthochymus,https://ecocrop.apps.fao.org/ecocrop/srv/en/cropView?id=1125
FAO ECOCROP,2026-09-27,6384,Garuga pinnata,https://ecocrop.apps.fao.org/ecocrop/srv/en/cropView?id=6384
FAO ECOCROP,2026-09-27,6394,Geissois benthamiana,https://ecocrop.apps.fao.org/ecocrop/srv/en/cropView?id=6394
FAO ECOCROP,2026-09-27,17656,Gelidiella acerosa,https://ecocrop.apps.fao.org/ecocrop/srv/en/cropView?id=17656
FAO ECOCROP,2026-09-27,6397,Genipa americana,https://ecocrop.apps.fao.org/ecocrop/srv/en/cropView?id=6397
FAO ECOCROP,2026-09-27,6401,Genista tinctoria,https://ecocrop.apps.fao.org/ecocrop/srv/en/cropView?id=6401
FAO ECOCROP,2026-09-27,50047,Gentiana acaulis,https://ecocrop.apps.fao.org/ecocrop/srv/en/cropView?id=50047
FAO ECOCROP,2026-09-27,6404,Gentiana lutea,https://ecocrop.apps.fao.org/ecocrop/srv/en/cropView?id=6404
FAO ECOCROP,2026-09-27,6416,Geranium robertianum,https://ecocrop.apps.fao.org/ecocrop/srv/en/cropView?id=6416
FAO ECOCROP,2026-09-27,38133,Girardinia diversifolia,https://ecocrop.apps.fao.org/ecocrop/srv/en/cropView?id=38133
FAO ECOCROP,2026-09-27,6435,Glechoma hederacea,https://ecocrop.apps.fao.org/ecocrop/srv/en/cropView?id=6435
FAO ECOCROP,2026-09-27,6438,Gleditsia triacanthos,https://ecocrop.apps.fao.org/ecocrop/srv/en/cropView?id=6438
FAO ECOCROP,2026-09-27,1146,Gliricidia sepium,https://ecocrop.apps.fao.org/ecocrop/srv/en/cropView?id=1146
FAO ECOCROP,2026-09-27,50048,Globularia vulgaris,https://ecocrop.apps.fao.org/ecocrop/srv/en/cropView?id=50048
FAO ECOCROP,2026-09-27,6456,Gluta travancorica,https://ecocrop.apps.fao.org/ecocrop/srv/en/cropView?id=6456
FAO ECOCROP,2026-09-27,6458,Glyceria fluitans,https://ecocrop.apps.fao.org/ecocrop/srv/en/cropView?id=6458
FAO ECOCROP,2026-09-27,1150,Glycine max,https://ecocrop.apps.fao.org/ecocrop/srv/en/cropView?id=1150
FAO ECOCROP,2026-09-27,17647,Glycine wightii,https://ecocrop.apps.fao.org/ecocrop/srv/en/cropView?id=17647
FAO ECOCROP,2026-09-27,6467,Glycyrrhiza glabra,https://ecocrop.apps.fao.org/ecocrop/srv/en/cropView?id=6467
FAO ECOCROP,2026-09-27,6468,Glycyrrhiza lepidota,https://ecocrop.apps.fao.org/ecocrop/srv/en/cropView?id=6468
FAO ECOCROP,2026-09-27,1152,Gmelina arborea,https://ecocrop.apps.fao.org/ecocrop/srv/en/cropView?id=1152
FAO ECOCROP,2026-09-27,6471,Gmelina leichhardtii,https://ecocrop.apps.fao.org/ecocrop/srv/en/cropView?id=6471
FAO ECOCROP,2026-09-27,6492,Gossypium arboreum,https://ecocrop.apps.fao.org/ecocrop/srv/en/cropView?id=6492
FAO ECOCROP,2026-09-27,1158,Gossypium barbadense,https://ecocrop.apps.fao.org/ecocrop/srv/en/cropView?id=1158
FAO ECOCROP,2026-09-27,6493,Gossypium herbaceum,https://ecocrop.apps.fao.org/ecocrop/srv/en/cropView?id=6493
FAO ECOCROP,2026-09-27,1160,Gossypium hirsutum,https://ecocrop.apps.fao.org/ecocrop/srv/en/cropView?id=1160
FAO ECOCROP,2026-09-27,6500,Gracilaria tenuistipitata,https://ecocrop.apps.fao.org/ecocrop/srv/en/cropView?id=6500
FAO ECOCROP,2026-09-27,6502,Gracilaria verrucosa,https://ecocrop.apps.fao.org/ecocrop/srv/en/cropView?id=6502
FAO ECOCROP,2026-09-27,6514,Grevillea parallella,https://ecocrop.apps.fao.org/ecocrop/srv/en/cropView?id=6514
FAO ECOCROP,2026-09-27,1170,Grevillea robusta,https://ecocrop.apps.fao.org/ecocrop/srv/en/cropView?id=1170
FAO ECOCROP,2026-09-27,6520,Grewia asiatica,https://ecocrop.apps.fao.org/ecocrop/srv/en/cropView?id=6520
FAO ECOCROP,2026-09-27,6523,Grewia bicolor,https://ecocrop.apps.fao.org/ecocrop/srv/en/cropView?id=6523
FAO ECOCROP,2026-09-27,6551,Grewia tiliifolia,https://ecocrop.apps.fao.org/ecocrop/srv/en/cropView?id=6551
FAO ECOCROP,2026-09-27,49188,Grindelia robusta,https://ecocrop.apps.fao.org/ecocrop/srv/en/cropView?id=49188
FAO ECOCROP,2026-09-27,6558,Guaiacum officinale,https://ecocrop.apps.fao.org/ecocrop/srv/en/cropView?id=6558
FAO ECOCROP,2026-09-27,6559,Guaiacum sanctum,https://ecocrop.apps.fao.org/ecocrop/srv/en/cropView?id=6559
FAO ECOCROP,2026-09-27,6562,Guazuma ulmifolia,https://ecocrop.apps.fao.org/ecocrop/srv/en/cropView?id=6562
FAO ECOCROP,2026-09-27,6567,Guizotia abyssinica,https://ecocrop.apps.fao.org/ecocrop/srv/en/cropView?id=6567
FAO ECOCROP,2026-09-27,6569,Gunnera tinctoria,https://ecocrop.apps.fao.org/ecocrop/srv/en/cropView?id=6569
FAO ECOCROP,2026-09-27,6579,Gynandropsis gynandra,https://ecocrop.apps.fao.org/ecocrop/srv/en/cropView?id=6579
FAO ECOCROP,2026-09-27,6597,Hagenia abyssinica,https://ecocrop.apps.fao.org/ecocrop/srv/en/cropView?id=6597
FAO ECOCROP,2026-09-27,6613,Haloxylon aphyllum,https://ecocrop.apps.fao.org/ecocrop/srv/en/cropView?id=6613
FAO ECOCROP,2026-09-27,6615,Hamamelis virginiana,https://ecocrop.apps.fao.org/ecocrop/srv/en/cropView?id=6615
FAO ECOCROP,2026-09-27,6621,Hardwickia binata,https://ecocrop.apps.fao.org/ecocrop/srv/en/cropView?id=6621
FAO ECOCROP,2026-09-27,11059,Harpagophytum procumbens,https://ecocrop.apps.fao.org/ecocrop/srv/en/cropView?id=11059
FAO ECOCROP,2026-09-27,370802,Harpochloa falx,https://ecocrop.apps.fao.org/ecocrop/srv/en/cropView?id=370802
FAO ECOCROP,2026-09-27,6623,Harungana madagascariensis,https://ecocrop.apps.fao.org/ecocrop/srv/en/cropView?id=6623
FAO ECOCROP,2026-09-27,6625,Hedera helix,https://ecocrop.apps.fao.org/ecocrop/srv/en/cropView?id=6625
FAO ECOCROP,2026-09-27,6630,Hedysarum carnosum,https://ecocrop.apps.fao.org/ecocrop/srv/en/cropView?id=6630
FAO ECOCROP,2026-09-27,6631,Hedysarum coronarium,https://ecocrop.apps.fao.org/ecocrop/srv/en/cropView?id=6631
FAO ECOCROP,2026-09-27,6632,Hedysarum flexuosum,https://ecocrop.apps.fao.org/ecocrop/srv/en/cropView?id=6632
FAO ECOCROP,2026-09-27,6633,Hedysarum pallidum,https://ecocrop.apps.fao.org/ecocrop/srv/en/cropView?id=6633
FAO ECOCROP,2026-09-27,6634,Hedysarum spinosissimum,https://ecocrop.apps.fao.org/ecocrop/srv/en/cropView?id=6634
FAO ECOCROP,2026-09-27,1191,Helianthus annuus,https://ecocrop.apps.fao.org/ecocrop/srv/en/cropView?id=1191
FAO ECOCROP,2026-09-27,1193,Helianthus tuberosus,https://ecocrop.apps.fao.org/ecocrop/srv/en/cropView?id=1193
FAO ECOCROP,2026-09-27,148293,Helictotrichon turgidulum,https://ecocrop.apps.fao.org/ecocrop/srv/en/cropView?id=148293
FAO ECOCROP,2026-09-27,1203,Hemarthria altissima,https://ecocrop.apps.fao.org/ecocrop/srv/en/cropView?id=1203
FAO ECOCROP,2026-09-27,6659,Hemarthria japonica,https://ecocrop.apps.fao.org/ecocrop/srv/en/cropView?id=6659
FAO ECOCROP,2026-09-27,6663,Heracleum sphondylium,https://ecocrop.apps.fao.org/ecocrop/srv/en/cropView?id=6663
FAO ECOCROP,2026-09-27,1205,Heritiera littoralis,https://ecocrop.apps.fao.org/ecocrop/srv/en/cropView?id=1205
FAO ECOCROP,2026-09-27,1210,Heteropogon contortus,https://ecocrop.apps.fao.org/ecocrop/srv/en/cropView?id=1210
FAO ECOCROP,2026-09-27,1212,Hevea brasiliensis,https://ecocrop.apps.fao.org/ecocrop/srv/en/cropView?id=1212
FAO ECOCROP,2026-09-27,1213,Hibiscus cannabinus,https://ecocrop.apps.fao.org/ecocrop/srv/en/cropView?id=1213
FAO ECOCROP,2026-09-27,1216,Hibiscus sabdariffa,https://ecocrop.apps.fao.org/ecocrop/srv/en/cropView?id=1216
FAO ECOCROP,2026-09-27,6707,Hibiscus sabdariffa var. altissima,https://ecocrop.apps.fao.org/ecocrop/srv/en/cropView?id=6707
FAO ECOCROP,2026-09-27,6708,Hibiscus sabdariffa var. sabdariffa,https://ecocrop.apps.fao.org/ecocrop/srv/en/cropView?id=6708
FAO ECOCROP,2026-09-27,1220,Hibiscus syriacus,https://ecocrop.apps.fao.org/ecocrop/srv/en/cropView?id=1220
FAO ECOCROP,2026-09-27,1221,Hibiscus tiliaceus,https://ecocrop.apps.fao.org/ecocrop/srv/en/cropView?id=1221
FAO ECOCROP,2026-09-27,6718,Hieracium pilosella,https://ecocrop.apps.fao.org/ecocrop/srv/en/cropView?id=6718
FAO ECOCROP,2026-09-27,6720,Hierochloe odorata,https://ecocrop.apps.fao.org/ecocrop/srv/en/cropView?id=6720
FAO ECOCROP,2026-09-27,6721,Hieronyma chocoensis,https://ecocrop.apps.fao.org/ecocrop/srv/en/cropView?id=6721
FAO ECOCROP,2026-09-27,6723,Hilaria jamesii,https://ecocrop.apps.fao.org/ecocrop/srv/en/cropView?id=6723
FAO ECOCROP,2026-09-27,6724,Hilaria mutica,https://ecocrop.apps.fao.org/ecocrop/srv/en/cropView?id=6724
FAO ECOCROP,2026-09-27,6732,Hippophae rhamnoides,https://ecocrop.apps.fao.org/ecocrop/srv/en/cropView?id=6732
FAO ECOCROP,2026-09-27,6733,Hippophae salicifolia,https://ecocrop.apps.fao.org/ecocrop/srv/en/cropView?id=6733
FAO ECOCROP,2026-09-27,6741,Holcus lanatus,https://ecocrop.apps.fao.org/ecocrop/srv/en/cropView?id=6741
FAO ECOCROP,2026-09-27,6742,Holcus mollis,https://ecocrop.apps.fao.org/ecocrop/srv/en/cropView?id=6742
FAO ECOCROP,2026-09-27,6749,Hopea odorata,https://ecocrop.apps.fao.org/ecocrop/srv/en/cropView?id=6749
FAO ECOCROP,2026-09-27,6750,Hopea parviflora,https://ecocrop.apps.fao.org/ecocrop/srv/en/cropView?id=6750
FAO ECOCROP,2026-09-27,6751,Hopea utilis,https://ecocrop.apps.fao.org/ecocrop/srv/en/cropView?id=6751
FAO ECOCROP,2026-09-27,6752,Hopea wightiana,https://ecocrop.apps.fao.org/ecocrop/srv/en/cropView?id=6752
FAO ECOCROP,2026-09-27,6753,Hordeum brevisubulatum,https://ecocrop.apps.fao.org/ecocrop/srv/en/cropView?id=6753
FAO ECOCROP,2026-09-27,6754,Hordeum bulbosum,https://ecocrop.apps.fao.org/ecocrop/srv/en/cropView?id=6754
FAO ECOCROP,2026-09-27,1232,Hordeum vulgare,https://ecocrop.apps.fao.org/ecocrop/srv/en/cropView?id=1232
FAO ECOCROP,2026-09-27,6779,Humulus lupulus,https://ecocrop.apps.fao.org/ecocrop/srv/en/cropView?id=6779
FAO ECOCROP,2026-09-27,6782,Hydnocarpus alpina,https://ecocrop.apps.fao.org/ecocrop/srv/en/cropView?id=6782
FAO ECOCROP,2026-09-27,6784,Hydnocarpus kurzii,https://ecocrop.apps.fao.org/ecocrop/srv/en/cropView?id=6784
FAO ECOCROP,2026-09-27,6785,Hydnocarpus laurifolia,https://ecocrop.apps.fao.org/ecocrop/srv/en/cropView?id=6785
FAO ECOCROP,2026-09-27,14639,Hylocereus undatus,https://ecocrop.apps.fao.org/ecocrop/srv/en/cropView?id=14639
FAO ECOCROP,2026-09-27,6808,Hymenachne acutigluma,https://ecocrop.apps.fao.org/ecocrop/srv/en/cropView?id=6808
FAO ECOCROP,2026-09-27,6809,Hymenaea courbaril,https://ecocrop.apps.fao.org/ecocrop/srv/en/cropView?id=6809
FAO ECOCROP,2026-09-27,6813,Hymenodictyon excelsum,https://ecocrop.apps.fao.org/ecocrop/srv/en/cropView?id=6813
FAO ECOCROP,2026-09-27,6820,Hyoscyamus niger,https://ecocrop.apps.fao.org/ecocrop/srv/en/cropView?id=6820
FAO ECOCROP,2026-09-27,217077,Hyparrhenia dregeana,https://ecocrop.apps.fao.org/ecocrop/srv/en/cropView?id=217077
FAO ECOCROP,2026-09-27,6824,Hyparrhenia filipendula,https://ecocrop.apps.fao.org/ecocrop/srv/en/cropView?id=6824
FAO ECOCROP,2026-09-27,6825,Hyparrhenia hirta,https://ecocrop.apps.fao.org/ecocrop/srv/en/cropView?id=6825
FAO ECOCROP,2026-09-27,6826,Hyparrhenia rufa,https://ecocrop.apps.fao.org/ecocrop/srv/en/cropView?id=6826
FAO ECOCROP,2026-09-27,6831,Hypericum perforatum,https://ecocrop.apps.fao.org/ecocrop/srv/en/cropView?id=6831
FAO ECOCROP,2026-09-27,77946,Hyperthelia dissoluta,https://ecocrop.apps.fao.org/ecocrop/srv/en/cropView?id=77946
FAO ECOCROP,2026-09-27,148253,Hyphaene compressa,https://ecocrop.apps.fao.org/ecocrop/srv/en/cropView?id=148253
FAO ECOCROP,2026-09-27,6837,Hyphaene thebaica,https://ecocrop.apps.fao.org/ecocrop/srv/en/cropView?id=6837
FAO ECOCROP,2026-09-27,17660,Hypoxis hemerocallidea,https://ecocrop.apps.fao.org/ecocrop/srv/en/cropView?id=17660
FAO ECOCROP,2026-09-27,6852,Hyssopus officinalis,https://ecocrop.apps.fao.org/ecocrop/srv/en/cropView?id=6852
FAO ECOCROP,2026-09-27,6860,Ilex aquifolium,https://ecocrop.apps.fao.org/ecocrop/srv/en/cropView?id=6860
FAO ECOCROP,2026-09-27,6864,Ilex dipyrena,https://ecocrop.apps.fao.org/ecocrop/srv/en/cropView?id=6864
FAO ECOCROP,2026-09-27,6869,Ilex paraguariensis,https://ecocrop.apps.fao.org/ecocrop/srv/en/cropView?id=6869
FAO ECOCROP,2026-09-27,1252,Imperata cylindrica,https://ecocrop.apps.fao.org/ecocrop/srv/en/cropView?id=1252
FAO ECOCROP,2026-09-27,6882,Indigofera arrecta,https://ecocrop.apps.fao.org/ecocrop/srv/en/cropView?id=6882
FAO ECOCROP,2026-09-27,376639,Indigofera aspera,https://ecocrop.apps.fao.org/ecocrop/srv/en/cropView?id=376639
FAO ECOCROP,2026-09-27,376640,Indigofera diphylla,https://ecocrop.apps.fao.org/ecocrop/srv/en/cropView?id=376640
FAO ECOCROP,2026-09-27,2526,Indigofera hirsuta,https://ecocrop.apps.fao.org/ecocrop/srv/en/cropView?id=2526
FAO ECOCROP,2026-09-27,14704,Indigofera oblongifolia,https://ecocrop.apps.fao.org/ecocrop/srv/en/cropView?id=14704
FAO ECOCROP,2026-09-27,217302,Indigofera pilosa,https://ecocrop.apps.fao.org/ecocrop/srv/en/cropView?id=217302
FAO ECOCROP,2026-09-27,77954,Indigofera schimperi,https://ecocrop.apps.fao.org/ecocrop/srv/en/cropView?id=77954
FAO ECOCROP,2026-09-27,376641,Indigofera secundiflora,https://ecocrop.apps.fao.org/ecocrop/srv/en/cropView?id=376641
FAO ECOCROP,2026-09-27,1256,Indigofera spicata,https://ecocrop.apps.fao.org/ecocrop/srv/en/cropView?id=1256
FAO ECOCROP,2026-09-27,1257,Indigofera suffruticosa,https://ecocrop.apps.fao.org/ecocrop/srv/en/cropView?id=1257
FAO ECOCROP,2026-09-27,6889,Indigofera tinctoria,https://ecocrop.apps.fao.org/ecocrop/srv/en/cropView?id=6889
FAO ECOCROP,2026-09-27,1260,Inga edulis,https://ecocrop.apps.fao.org/ecocrop/srv/en/cropView?id=1260
FAO ECOCROP,2026-09-27,6893,Inga feuillei,https://ecocrop.apps.fao.org/ecocrop/srv/en/cropView?id=6893
FAO ECOCROP,2026-09-27,6896,Inga vera,https://ecocrop.apps.fao.org/ecocrop/srv/en/cropView?id=6896
FAO ECOCROP,2026-09-27,1263,Intsia bijuga,https://ecocrop.apps.fao.org/ecocrop/srv/en/cropView?id=1263
FAO ECOCROP,2026-09-27,6901,Inula helenium,https://ecocrop.apps.fao.org/ecocrop/srv/en/cropView?id=6901
FAO ECOCROP,2026-09-27,1264,Ipomoea aquatica,https://ecocrop.apps.fao.org/ecocrop/srv/en/cropView?id=1264
FAO ECOCROP,2026-09-27,17650,Ipomoea aquatica var. reptans,https://ecocrop.apps.fao.org/ecocrop/srv/en/cropView?id=17650
FAO ECOCROP,2026-09-27,1265,Ipomoea batatas,https://ecocrop.apps.fao.org/ecocrop/srv/en/cropView?id=1265
FAO ECOCROP,2026-09-27,6952,Iris germanica,https://ecocrop.apps.fao.org/ecocrop/srv/en/cropView?id=6952
FAO ECOCROP,2026-09-27,6955,Iris pseudacorus,https://ecocrop.apps.fao.org/ecocrop/srv/en/cropView?id=6955
FAO ECOCROP,2026-09-27,6958,Irvingia gabonensis,https://ecocrop.apps.fao.org/ecocrop/srv/en/cropView?id=6958
FAO ECOCROP,2026-09-27,6965,Ischaemum ciliare,https://ecocrop.apps.fao.org/ecocrop/srv/en/cropView?id=6965
FAO ECOCROP,2026-09-27,6966,Ischaemum magnum,https://ecocrop.apps.fao.org/ecocrop/srv/en/cropView?id=6966
FAO ECOCROP,2026-09-27,1281,Ischaemum muticum,https://ecocrop.apps.fao.org/ecocrop/srv/en/cropView?id=1281
FAO ECOCROP,2026-09-27,1283,Ischaemum rugosum,https://ecocrop.apps.fao.org/ecocrop/srv/en/cropView?id=1283
FAO ECOCROP,2026-09-27,1285,Ischaemum timorense,https://ecocrop.apps.fao.org/ecocrop/srv/en/cropView?id=1285
FAO ECOCROP,2026-09-27,6968,Iseilema laxum,https://ecocrop.apps.fao.org/ecocrop/srv/en/cropView?id=6968
FAO ECOCROP,2026-09-27,6969,Iseilema membranaceum,https://ecocrop.apps.fao.org/ecocrop/srv/en/cropView?id=6969
FAO ECOCROP,2026-09-27,14766,Iseilema vaginiflorum,https://ecocrop.apps.fao.org/ecocrop/srv/en/cropView?id=14766
FAO ECOCROP,2026-09-27,6975,Ixophorus unisetus,https://ecocrop.apps.fao.org/ecocrop/srv/en/cropView?id=6975
FAO ECOCROP,2026-09-27,6982,Jacaranda copaia,https://ecocrop.apps.fao.org/ecocrop/srv/en/cropView?id=6982
FAO ECOCROP,2026-09-27,6983,Jacaranda mimosifolia,https://ecocrop.apps.fao.org/ecocrop/srv/en/cropView?id=6983
FAO ECOCROP,2026-09-27,1297,Jatropha curcas,https://ecocrop.apps.fao.org/ecocrop/srv/en/cropView?id=1297
FAO ECOCROP,2026-09-27,7000,Jessenia bataua,https://ecocrop.apps.fao.org/ecocrop/srv/en/cropView?id=7000
FAO ECOCROP,2026-09-27,7010,Juglans hindsii,https://ecocrop.apps.fao.org/ecocrop/srv/en/cropView?id=7010
FAO ECOCROP,2026-09-27,7013,Juglans nigra,https://ecocrop.apps.fao.org/ecocrop/srv/en/cropView?id=7013
FAO ECOCROP,2026-09-27,2315,Juglans regia,https://ecocrop.apps.fao.org/ecocrop/srv/en/cropView?id=2315
FAO ECOCROP,2026-09-27,7014,Juglans sieboldiana,https://ecocrop.apps.fao.org/ecocrop/srv/en/cropView?id=7014
FAO ECOCROP,2026-09-27,7022,Juniperus communis,https://ecocrop.apps.fao.org/ecocrop/srv/en/cropView?id=7022
FAO ECOCROP,2026-09-27,7032,Juniperus procera,https://ecocrop.apps.fao.org/ecocrop/srv/en/cropView?id=7032
FAO ECOCROP,2026-09-27,7033,Juniperus sabina,https://ecocrop.apps.fao.org/ecocrop/srv/en/cropView?id=7033
FAO ECOCROP,2026-09-27,7037,Justicia adhatoda,https://ecocrop.apps.fao.org/ecocrop/srv/en/cropView?id=7037
FAO ECOCROP,2026-09-27,218049,Karroochloa purpurea,https://ecocrop.apps.fao.org/ecocrop/srv/en/cropView?id=218049
FAO ECOCROP,2026-09-27,7056,Kerstingiella geocarpa,https://ecocrop.apps.fao.org/ecocrop/srv/en/cropView?id=7056
FAO ECOCROP,2026-09-27,218100,Khaya anthotheca,https://ecocrop.apps.fao.org/ecocrop/srv/en/cropView?id=218100
FAO ECOCROP,2026-09-27,7058,Khaya senegalensis,https://ecocrop.apps.fao.org/ecocrop/srv/en/cropView?id=7058
FAO ECOCROP,2026-09-27,1306,Kigelia pinnata,https://ecocrop.apps.fao.org/ecocrop/srv/en/cropView?id=1306
FAO ECOCROP,2026-09-27,7067,Koeleria cristata,https://ecocrop.apps.fao.org/ecocrop/srv/en/cropView?id=7067
FAO ECOCROP,2026-09-27,1311,Lablab purpureus,https://ecocrop.apps.fao.org/ecocrop/srv/en/cropView?id=1311
FAO ECOCROP,2026-09-27,7081,Lactuca indica,https://ecocrop.apps.fao.org/ecocrop/srv/en/cropView?id=7081
FAO ECOCROP,2026-09-27,1313,Lactuca sativa var. capitata,https://ecocrop.apps.fao.org/ecocrop/srv/en/cropView?id=1313
FAO ECOCROP,2026-09-27,7089,Lactuca virosa,https://ecocrop.apps.fao.org/ecocrop/srv/en/cropView?id=7089
FAO ECOCROP,2026-09-27,1315,Lagenaria siceraria,https://ecocrop.apps.fao.org/ecocrop/srv/en/cropView?id=1315
FAO ECOCROP,2026-09-27,1317,Lagerstroemia flos-reginae,https://ecocrop.apps.fao.org/ecocrop/srv/en/cropView?id=1317
FAO ECOCROP,2026-09-27,7092,Lagerstroemia lanceolata,https://ecocrop.apps.fao.org/ecocrop/srv/en/cropView?id=7092
FAO ECOCROP,2026-09-27,7094,Lagerstroemia parviflora,https://ecocrop.apps.fao.org/ecocrop/srv/en/cropView?id=7094
FAO ECOCROP,2026-09-27,7095,Lagerstroemia tomentosa,https://ecocrop.apps.fao.org/ecocrop/srv/en/cropView?id=7095
FAO ECOCROP,2026-09-27,7098,Laguncularia racemosa,https://ecocrop.apps.fao.org/ecocrop/srv/en/cropView?id=7098
FAO ECOCROP,2026-09-27,7103,Lamium album,https://ecocrop.apps.fao.org/ecocrop/srv/en/cropView?id=7103
FAO ECOCROP,2026-09-27,7130,Lannea coromandelica,https://ecocrop.apps.fao.org/ecocrop/srv/en/cropView?id=7130
FAO ECOCROP,2026-09-27,2318,Lansium domesticum,https://ecocrop.apps.fao.org/ecocrop/srv/en/cropView?id=2318
FAO ECOCROP,2026-09-27,7149,Larix decidua,https://ecocrop.apps.fao.org/ecocrop/srv/en/cropView?id=7149
FAO ECOCROP,2026-09-27,7154,Lasiurus hirsutus,https://ecocrop.apps.fao.org/ecocrop/srv/en/cropView?id=7154
FAO ECOCROP,2026-09-27,7156,Lathyrus cicera,https://ecocrop.apps.fao.org/ecocrop/srv/en/cropView?id=7156
FAO ECOCROP,2026-09-27,7157,Lathyrus hirsutus,https://ecocrop.apps.fao.org/ecocrop/srv/en/cropView?id=7157
FAO ECOCROP,2026-09-27,7162,Lathyrus ochrus,https://ecocrop.apps.fao.org/ecocrop/srv/en/cropView?id=7162
FAO ECOCROP,2026-09-27,376642,Lathyrus pubescens,https://ecocrop.apps.fao.org/ecocrop/srv/en/cropView?id=376642
FAO ECOCROP,2026-09-27,7164,Lathyrus sativus,https://ecocrop.apps.fao.org/ecocrop/srv/en/cropView?id=7164
FAO ECOCROP,2026-09-27,1333,Laurus nobilis,https://ecocrop.apps.fao.org/ecocrop/srv/en/cropView?id=1333
FAO ECOCROP,2026-09-27,7172,Lavandula angustifolia,https://ecocrop.apps.fao.org/ecocrop/srv/en/cropView?id=7172
FAO ECOCROP,2026-09-27,7174,Lavandula dentata,https://ecocrop.apps.fao.org/ecocrop/srv/en/cropView?id=7174
FAO ECOCROP,2026-09-27,7175,Lavandula intermedia,https://ecocrop.apps.fao.org/ecocrop/srv/en/cropView?id=7175
FAO ECOCROP,2026-09-27,7177,Lavandula latifolia,https://ecocrop.apps.fao.org/ecocrop/srv/en/cropView?id=7177
FAO ECOCROP,2026-09-27,1334,Lawsonia inermis,https://ecocrop.apps.fao.org/ecocrop/srv/en/cropView?id=1334
FAO ECOCROP,2026-09-27,7200,Leersia hexandra,https://ecocrop.apps.fao.org/ecocrop/srv/en/cropView?id=7200
FAO ECOCROP,2026-09-27,7205,Lemna minor,https://ecocrop.apps.fao.org/ecocrop/srv/en/cropView?id=7205
FAO ECOCROP,2026-09-27,7208,Lemuropisum edule,https://ecocrop.apps.fao.org/ecocrop/srv/en/cropView?id=7208
FAO ECOCROP,2026-09-27,7209,Lens culinaris,https://ecocrop.apps.fao.org/ecocrop/srv/en/cropView?id=7209
FAO ECOCROP,2026-09-27,49210,Leontopodium alpinum,https://ecocrop.apps.fao.org/ecocrop/srv/en/cropView?id=49210
FAO ECOCROP,2026-09-27,7220,Lepidium meyenii,https://ecocrop.apps.fao.org/ecocrop/srv/en/cropView?id=7220
FAO ECOCROP,2026-09-27,7227,Lepidium sativum,https://ecocrop.apps.fao.org/ecocrop/srv/en/cropView?id=7227
FAO ECOCROP,2026-09-27,11668,Leptochloa chinensis,https://ecocrop.apps.fao.org/ecocrop/srv/en/cropView?id=11668
FAO ECOCROP,2026-09-27,7239,Leptochloa fusca,https://ecocrop.apps.fao.org/ecocrop/srv/en/cropView?id=7239
FAO ECOCROP,2026-09-27,376643,Leptochloa obtusiflora,https://ecocrop.apps.fao.org/ecocrop/srv/en/cropView?id=376643
FAO ECOCROP,2026-09-27,376644,Leptothrium senegalense,https://ecocrop.apps.fao.org/ecocrop/srv/en/cropView?id=376644
FAO ECOCROP,2026-09-27,1342,Lespedeza cuneata,https://ecocrop.apps.fao.org/ecocrop/srv/en/cropView?id=1342
FAO ECOCROP,2026-09-27,7254,Lespedeza stipulacea,https://ecocrop.apps.fao.org/ecocrop/srv/en/cropView?id=7254
FAO ECOCROP,2026-09-27,7255,Lespedeza striata,https://ecocrop.apps.fao.org/ecocrop/srv/en/cropView?id=7255
FAO ECOCROP,2026-09-27,7258,Lesquerella fendleri,https://ecocrop.apps.fao.org/ecocrop/srv/en/cropView?id=7258
FAO ECOCROP,2026-09-27,11661,Leucaena collinsii,https://ecocrop.apps.fao.org/ecocrop/srv/en/cropView?id=11661
FAO ECOCROP,2026-09-27,11684,Leucaena collinsii sp. collinsii,https://ecocrop.apps.fao.org/ecocrop/srv/en/cropView?id=11684
FAO ECOCROP,2026-09-27,11691,Leucaena collinsii sp. zacapana,https://ecocrop.apps.fao.org/ecocrop/srv/en/cropView?id=11691
FAO ECOCROP,2026-09-27,7260,Leucaena diversifolia,https://ecocrop.apps.fao.org/ecocrop/srv/en/cropView?id=7260
FAO ECOCROP,2026-09-27,1344,Leucaena leucocephala,https://ecocrop.apps.fao.org/ecocrop/srv/en/cropView?id=1344
FAO ECOCROP,2026-09-27,11687,Leucaena pallida,https://ecocrop.apps.fao.org/ecocrop/srv/en/cropView?id=11687
FAO ECOCROP,2026-09-27,11698,Leucaena salvadorensis,https://ecocrop.apps.fao.org/ecocrop/srv/en/cropView?id=11698
FAO ECOCROP,2026-09-27,11689,Leucaena trichandra,https://ecocrop.apps.fao.org/ecocrop/srv/en/cropView?id=11689
FAO ECOCROP,2026-09-27,7277,Levisticum officinale,https://ecocrop.apps.fao.org/ecocrop/srv/en/cropView?id=7277
FAO ECOCROP,2026-09-27,7292,Licuala ramsayi,https://ecocrop.apps.fao.org/ecocrop/srv/en/cropView?id=7292
FAO ECOCROP,2026-09-27,7302,Ligustrum vulgare,https://ecocrop.apps.fao.org/ecocrop/srv/en/cropView?id=7302
FAO ECOCROP,2026-09-27,7304,Lilium candidum,https://ecocrop.apps.fao.org/ecocrop/srv/en/cropView?id=7304
FAO ECOCROP,2026-09-27,7317,Limnanthes alba,https://ecocrop.apps.fao.org/ecocrop/srv/en/cropView?id=7317
FAO ECOCROP,2026-09-27,7330,Linaria vulgaris,https://ecocrop.apps.fao.org/ecocrop/srv/en/cropView?id=7330
FAO ECOCROP,2026-09-27,7336,Linum usitatissimum,https://ecocrop.apps.fao.org/ecocrop/srv/en/cropView?id=7336
FAO ECOCROP,2026-09-27,11324,Lippia alba,https://ecocrop.apps.fao.org/ecocrop/srv/en/cropView?id=11324
FAO ECOCROP,2026-09-27,7338,Lippia citriodora,https://ecocrop.apps.fao.org/ecocrop/srv/en/cropView?id=7338
FAO ECOCROP,2026-09-27,7343,Liquidambar styraciflua,https://ecocrop.apps.fao.org/ecocrop/srv/en/cropView?id=7343
FAO ECOCROP,2026-09-27,1357,Litchi chinensis,https://ecocrop.apps.fao.org/ecocrop/srv/en/cropView?id=1357
FAO ECOCROP,2026-09-27,7364,Livistona australis,https://ecocrop.apps.fao.org/ecocrop/srv/en/cropView?id=7364
FAO ECOCROP,2026-09-27,7383,Lobelia inflata,https://ecocrop.apps.fao.org/ecocrop/srv/en/cropView?id=7383
FAO ECOCROP,2026-09-27,7389,Lolium multiflorum,https://ecocrop.apps.fao.org/ecocrop/srv/en/cropView?id=7389
FAO ECOCROP,2026-09-27,1362,Lolium perenne,https://ecocrop.apps.fao.org/ecocrop/srv/en/cropView?id=1362
FAO ECOCROP,2026-09-27,1363,Lolium rigidum,https://ecocrop.apps.fao.org/ecocrop/srv/en/cropView?id=1363
FAO ECOCROP,2026-09-27,247560,Lolium x hybridum,https://ecocrop.apps.fao.org/ecocrop/srv/en/cropView?id=247560
FAO ECOCROP,2026-09-27,7394,Lonchocarpus capassa,https://ecocrop.apps.fao.org/ecocrop/srv/en/cropView?id=7394
FAO ECOCROP,2026-09-27,376645,Lonchocarpus laxiflorus,https://ecocrop.apps.fao.org/ecocrop/srv/en/cropView?id=376645
FAO ECOCROP,2026-09-27,7396,Lonchocarpus nicou,https://ecocrop.apps.fao.org/ecocrop/srv/en/cropView?id=7396
FAO ECOCROP,2026-09-27,49211,Lonicera caprifolium,https://ecocrop.apps.fao.org/ecocrop/srv/en/cropView?id=49211
FAO ECOCROP,2026-09-27,7407,Lophostemon suaveolens,https://ecocrop.apps.fao.org/ecocrop/srv/en/cropView?id=7407
FAO ECOCROP,2026-09-27,1367,Lotononis bainesii,https://ecocrop.apps.fao.org/ecocrop/srv/en/cropView?id=1367
FAO ECOCROP,2026-09-27,7410,Lotus corniculatus,https://ecocrop.apps.fao.org/ecocrop/srv/en/cropView?id=7410
FAO ECOCROP,2026-09-27,7411,Lotus creticus,https://ecocrop.apps.fao.org/ecocrop/srv/en/cropView?id=7411
FAO ECOCROP,2026-09-27,7412,Lotus edulis,https://ecocrop.apps.fao.org/ecocrop/srv/en/cropView?id=7412
FAO ECOCROP,2026-09-27,7413,Lotus halophilus,https://ecocrop.apps.fao.org/ecocrop/srv/en/cropView?id=7413
FAO ECOCROP,2026-09-27,7416,Lotus tenuis,https://ecocrop.apps.fao.org/ecocrop/srv/en/cropView?id=7416
FAO ECOCROP,2026-09-27,7418,Lotus uliginosus,https://ecocrop.apps.fao.org/ecocrop/srv/en/cropView?id=7418
FAO ECOCROP,2026-09-27,7419,Loudetia simplex,https://ecocrop.apps.fao.org/ecocrop/srv/en/cropView?id=7419
FAO ECOCROP,2026-09-27,18201,Ludwigia adscendens,https://ecocrop.apps.fao.org/ecocrop/srv/en/cropView?id=18201
FAO ECOCROP,2026-09-27,1373,Luffa acutangula,https://ecocrop.apps.fao.org/ecocrop/srv/en/cropView?id=1373
FAO ECOCROP,2026-09-27,2475,Luffa cylindrica,https://ecocrop.apps.fao.org/ecocrop/srv/en/cropView?id=2475
FAO ECOCROP,2026-09-27,7428,Lumnitzera littorea,https://ecocrop.apps.fao.org/ecocrop/srv/en/cropView?id=7428
FAO ECOCROP,2026-09-27,7429,Lumnitzera racemosa,https://ecocrop.apps.fao.org/ecocrop/srv/en/cropView?id=7429
FAO ECOCROP,2026-09-27,7431,Lupinus albus,https://ecocrop.apps.fao.org/ecocrop/srv/en/cropView?id=7431
FAO ECOCROP,2026-09-27,2519,Lupinus angustifolius,https://ecocrop.apps.fao.org/ecocrop/srv/en/cropView?id=2519
FAO ECOCROP,2026-09-27,76733,Lupinus atlanticus,https://ecocrop.apps.fao.org/ecocrop/srv/en/cropView?id=76733
FAO ECOCROP,2026-09-27,7432,Lupinus cosentinii,https://ecocrop.apps.fao.org/ecocrop/srv/en/cropView?id=7432
FAO ECOCROP,2026-09-27,7434,Lupinus luteus,https://ecocrop.apps.fao.org/ecocrop/srv/en/cropView?id=7434
FAO ECOCROP,2026-09-27,7435,Lupinus mutabilis,https://ecocrop.apps.fao.org/ecocrop/srv/en/cropView?id=7435
FAO ECOCROP,2026-09-27,7437,Lupinus pilosus,https://ecocrop.apps.fao.org/ecocrop/srv/en/cropView?id=7437
FAO ECOCROP,2026-09-27,7443,Lycium barbarum,https://ecocrop.apps.fao.org/ecocrop/srv/en/cropView?id=7443
FAO ECOCROP,2026-09-27,7444,Lycium chinense,https://ecocrop.apps.fao.org/ecocrop/srv/en/cropView?id=7444
FAO ECOCROP,2026-09-27,1379,Lycopersicon esculentum,https://ecocrop.apps.fao.org/ecocrop/srv/en/cropView?id=1379
FAO ECOCROP,2026-09-27,30919,Lycopodium clavatum,https://ecocrop.apps.fao.org/ecocrop/srv/en/cropView?id=30919
FAO ECOCROP,2026-09-27,11750,Lythrum salicaria,https://ecocrop.apps.fao.org/ecocrop/srv/en/cropView?id=11750
FAO ECOCROP,2026-09-27,1382,Macadamia integrifolia,https://ecocrop.apps.fao.org/ecocrop/srv/en/cropView?id=1382
FAO ECOCROP,2026-09-27,1384,Macadamia tetraphylla,https://ecocrop.apps.fao.org/ecocrop/srv/en/cropView?id=1384
FAO ECOCROP,2026-09-27,1392,Macaranga tanarius,https://ecocrop.apps.fao.org/ecocrop/srv/en/cropView?id=1392
FAO ECOCROP,2026-09-27,1396,Macroptilium atropurpureum,https://ecocrop.apps.fao.org/ecocrop/srv/en/cropView?id=1396
FAO ECOCROP,2026-09-27,376646,Macroptilium erythroloma,https://ecocrop.apps.fao.org/ecocrop/srv/en/cropView?id=376646
FAO ECOCROP,2026-09-27,372247,Macroptilium gracile,https://ecocrop.apps.fao.org/ecocrop/srv/en/cropView?id=372247
FAO ECOCROP,2026-09-27,1397,Macroptilium lathyroides,https://ecocrop.apps.fao.org/ecocrop/srv/en/cropView?id=1397
FAO ECOCROP,2026-09-27,2520,Macroptilium longepedunculatum,https://ecocrop.apps.fao.org/ecocrop/srv/en/cropView?id=2520
FAO ECOCROP,2026-09-27,1398,Macrotyloma axillare,https://ecocrop.apps.fao.org/ecocrop/srv/en/cropView?id=1398
FAO ECOCROP,2026-09-27,44268,Macrotyloma daltonii,https://ecocrop.apps.fao.org/ecocrop/srv/en/cropView?id=44268
FAO ECOCROP,2026-09-27,1399,Macrotyloma uniflorum,https://ecocrop.apps.fao.org/ecocrop/srv/en/cropView?id=1399
FAO ECOCROP,2026-09-27,7533,Maesopsis eminii,https://ecocrop.apps.fao.org/ecocrop/srv/en/cropView?id=7533
FAO ECOCROP,2026-09-27,7542,Majorana hortensis,https://ecocrop.apps.fao.org/ecocrop/srv/en/cropView?id=7542
FAO ECOCROP,2026-09-27,7548,Mallotus philippensis,https://ecocrop.apps.fao.org/ecocrop/srv/en/cropView?id=7548
FAO ECOCROP,2026-09-27,1406,Malpighia glabra,https://ecocrop.apps.fao.org/ecocrop/srv/en/cropView?id=1406
FAO ECOCROP,2026-09-27,1407,Malus domestica,https://ecocrop.apps.fao.org/ecocrop/srv/en/cropView?id=1407
FAO ECOCROP,2026-09-27,1410,Malus sylvestris,https://ecocrop.apps.fao.org/ecocrop/srv/en/cropView?id=1410
FAO ECOCROP,2026-09-27,220867,Malva alcea,https://ecocrop.apps.fao.org/ecocrop/srv/en/cropView?id=220867
FAO ECOCROP,2026-09-27,7557,Malva moschata,https://ecocrop.apps.fao.org/ecocrop/srv/en/cropView?id=7557
FAO ECOCROP,2026-09-27,7562,Malva rotundifolia,https://ecocrop.apps.fao.org/ecocrop/srv/en/cropView?id=7562
FAO ECOCROP,2026-09-27,7563,Malva sylvestris,https://ecocrop.apps.fao.org/ecocrop/srv/en/cropView?id=7563
FAO ECOCROP,2026-09-27,1414,Mammea americana,https://ecocrop.apps.fao.org/ecocrop/srv/en/cropView?id=1414
FAO ECOCROP,2026-09-27,1416,Mangifera indica,https://ecocrop.apps.fao.org/ecocrop/srv/en/cropView?id=1416
FAO ECOCROP,2026-09-27,1420,Manihot esculenta,https://ecocrop.apps.fao.org/ecocrop/srv/en/cropView?id=1420
FAO ECOCROP,2026-09-27,2334,Manilkara achras,https://ecocrop.apps.fao.org/ecocrop/srv/en/cropView?id=2334
FAO ECOCROP,2026-09-27,7605,Manilkara zapota,https://ecocrop.apps.fao.org/ecocrop/srv/en/cropView?id=7605
FAO ECOCROP,2026-09-27,2335,Maranta arundinacea,https://ecocrop.apps.fao.org/ecocrop/srv/en/cropView?id=2335
FAO ECOCROP,2026-09-27,248814,Markhamia lutea,https://ecocrop.apps.fao.org/ecocrop/srv/en/cropView?id=248814
FAO ECOCROP,2026-09-27,7618,Marrubium vulgare,https://ecocrop.apps.fao.org/ecocrop/srv/en/cropView?id=7618
FAO ECOCROP,2026-09-27,18215,Marsilea quadrifolia,https://ecocrop.apps.fao.org/ecocrop/srv/en/cropView?id=18215
FAO ECOCROP,2026-09-27,7637,Matricaria recutita,https://ecocrop.apps.fao.org/ecocrop/srv/en/cropView?id=7637
FAO ECOCROP,2026-09-27,7639,Mauritia flexuosa,https://ecocrop.apps.fao.org/ecocrop/srv/en/cropView?id=7639
FAO ECOCROP,2026-09-27,7647,Medicago arabica,https://ecocrop.apps.fao.org/ecocrop/srv/en/cropView?id=7647
FAO ECOCROP,2026-09-27,7650,Medicago falcata,https://ecocrop.apps.fao.org/ecocrop/srv/en/cropView?id=7650
FAO ECOCROP,2026-09-27,7651,Medicago intertexta,https://ecocrop.apps.fao.org/ecocrop/srv/en/cropView?id=7651
FAO ECOCROP,2026-09-27,7652,Medicago laciniata,https://ecocrop.apps.fao.org/ecocrop/srv/en/cropView?id=7652
FAO ECOCROP,2026-09-27,7653,Medicago littoralis,https://ecocrop.apps.fao.org/ecocrop/srv/en/cropView?id=7653
FAO ECOCROP,2026-09-27,7654,Medicago lupulina,https://ecocrop.apps.fao.org/ecocrop/srv/en/cropView?id=7654
FAO ECOCROP,2026-09-27,7655,Medicago minima,https://ecocrop.apps.fao.org/ecocrop/srv/en/cropView?id=7655
FAO ECOCROP,2026-09-27,7656,Medicago orbicularis,https://ecocrop.apps.fao.org/ecocrop/srv/en/cropView?id=7656
FAO ECOCROP,2026-09-27,7657,Medicago polymorpha,https://ecocrop.apps.fao.org/ecocrop/srv/en/cropView?id=7657
FAO ECOCROP,2026-09-27,7658,Medicago rigidula,https://ecocrop.apps.fao.org/ecocrop/srv/en/cropView?id=7658
FAO ECOCROP,2026-09-27,7659,Medicago rugosa,https://ecocrop.apps.fao.org/ecocrop/srv/en/cropView?id=7659
FAO ECOCROP,2026-09-27,1428,Medicago sativa,https://ecocrop.apps.fao.org/ecocrop/srv/en/cropView?id=1428
FAO ECOCROP,2026-09-27,7660,Medicago scutellata,https://ecocrop.apps.fao.org/ecocrop/srv/en/cropView?id=7660
FAO ECOCROP,2026-09-27,7661,Medicago tornata,https://ecocrop.apps.fao.org/ecocrop/srv/en/cropView?id=7661
FAO ECOCROP,2026-09-27,7662,Medicago truncatula,https://ecocrop.apps.fao.org/ecocrop/srv/en/cropView?id=7662
FAO ECOCROP,2026-09-27,7663,Medicago turbinata,https://ecocrop.apps.fao.org/ecocrop/srv/en/cropView?id=7663
FAO ECOCROP,2026-09-27,7664,Medicago varia,https://ecocrop.apps.fao.org/ecocrop/srv/en/cropView?id=7664
FAO ECOCROP,2026-09-27,7668,Melaleuca arcana,https://ecocrop.apps.fao.org/ecocrop/srv/en/cropView?id=7668
FAO ECOCROP,2026-09-27,7669,Melaleuca bracteata,https://ecocrop.apps.fao.org/ecocrop/srv/en/cropView?id=7669
FAO ECOCROP,2026-09-27,7670,Melaleuca cajuputi,https://ecocrop.apps.fao.org/ecocrop/srv/en/cropView?id=7670
FAO ECOCROP,2026-09-27,7671,Melaleuca dealbata,https://ecocrop.apps.fao.org/ecocrop/srv/en/cropView?id=7671
FAO ECOCROP,2026-09-27,7672,Melaleuca lanceolata,https://ecocrop.apps.fao.org/ecocrop/srv/en/cropView?id=7672
FAO ECOCROP,2026-09-27,1430,Melaleuca leucadendron,https://ecocrop.apps.fao.org/ecocrop/srv/en/cropView?id=1430
FAO ECOCROP,2026-09-27,7674,Melaleuca nervosa,https://ecocrop.apps.fao.org/ecocrop/srv/en/cropView?id=7674
FAO ECOCROP,2026-09-27,1431,Melaleuca quinquenervia,https://ecocrop.apps.fao.org/ecocrop/srv/en/cropView?id=1431
FAO ECOCROP,2026-09-27,1433,Melaleuca symphyocarpa,https://ecocrop.apps.fao.org/ecocrop/srv/en/cropView?id=1433
FAO ECOCROP,2026-09-27,7675,Melaleuca viridiflora,https://ecocrop.apps.fao.org/ecocrop/srv/en/cropView?id=7675
FAO ECOCROP,2026-09-27,7681,Melia azedarach,https://ecocrop.apps.fao.org/ecocrop/srv/en/cropView?id=7681
FAO ECOCROP,2026-09-27,7682,Melia azedarach var. australasica,https://ecocrop.apps.fao.org/ecocrop/srv/en/cropView?id=7682
FAO ECOCROP,2026-09-27,7683,Melia compostia,https://ecocrop.apps.fao.org/ecocrop/srv/en/cropView?id=7683
FAO ECOCROP,2026-09-27,305322,Melia volkensii,https://ecocrop.apps.fao.org/ecocrop/srv/en/cropView?id=305322
FAO ECOCROP,2026-09-27,376647,Melica decumbens,https://ecocrop.apps.fao.org/ecocrop/srv/en/cropView?id=376647
FAO ECOCROP,2026-09-27,1436,Melicoccus bijugatus,https://ecocrop.apps.fao.org/ecocrop/srv/en/cropView?id=1436
FAO ECOCROP,2026-09-27,78092,Melilotus albus,https://ecocrop.apps.fao.org/ecocrop/srv/en/cropView?id=78092
FAO ECOCROP,2026-09-27,7689,Melilotus indica,https://ecocrop.apps.fao.org/ecocrop/srv/en/cropView?id=7689
FAO ECOCROP,2026-09-27,7691,Melilotus officinalis,https://ecocrop.apps.fao.org/ecocrop/srv/en/cropView?id=7691
FAO ECOCROP,2026-09-27,7692,Melilotus suaveolens,https://ecocrop.apps.fao.org/ecocrop/srv/en/cropView?id=7692
FAO ECOCROP,2026-09-27,1437,Melinis minutiflora,https://ecocrop.apps.fao.org/ecocrop/srv/en/cropView?id=1437
FAO ECOCROP,2026-09-27,2340,Melissa officinalis,https://ecocrop.apps.fao.org/ecocrop/srv/en/cropView?id=2340
FAO ECOCROP,2026-09-27,7694,Melocalamus compactiflorus,https://ecocrop.apps.fao.org/ecocrop/srv/en/cropView?id=7694
FAO ECOCROP,2026-09-27,7695,Melocanna baccifera,https://ecocrop.apps.fao.org/ecocrop/srv/en/cropView?id=7695
FAO ECOCROP,2026-09-27,1448,Mentha arvensis var. piperascens,https://ecocrop.apps.fao.org/ecocrop/srv/en/cropView?id=1448
FAO ECOCROP,2026-09-27,7704,Mentha longifolia,https://ecocrop.apps.fao.org/ecocrop/srv/en/cropView?id=7704
FAO ECOCROP,2026-09-27,2099,Mentha piperita,https://ecocrop.apps.fao.org/ecocrop/srv/en/cropView?id=2099
FAO ECOCROP,2026-09-27,7707,Mentha pulegium,https://ecocrop.apps.fao.org/ecocrop/srv/en/cropView?id=7707
FAO ECOCROP,2026-09-27,15319,Mentha rotundifolia,https://ecocrop.apps.fao.org/ecocrop/srv/en/cropView?id=15319
FAO ECOCROP,2026-09-27,7710,Mentha spicata var. crispa,https://ecocrop.apps.fao.org/ecocrop/srv/en/cropView?id=7710
FAO ECOCROP,2026-09-27,7721,Menyanthes trifoliata,https://ecocrop.apps.fao.org/ecocrop/srv/en/cropView?id=7721
FAO ECOCROP,2026-09-27,238798,Merxmuellera disticha,https://ecocrop.apps.fao.org/ecocrop/srv/en/cropView?id=238798
FAO ECOCROP,2026-09-27,238799,Merxmuellera drakensbergensis,https://ecocrop.apps.fao.org/ecocrop/srv/en/cropView?id=238799
FAO ECOCROP,2026-09-27,7735,Mespilus germanica,https://ecocrop.apps.fao.org/ecocrop/srv/en/cropView?id=7735
FAO ECOCROP,2026-09-27,7736,Mesua ferrea,https://ecocrop.apps.fao.org/ecocrop/srv/en/cropView?id=7736
FAO ECOCROP,2026-09-27,1466,Metroxylon sagu,https://ecocrop.apps.fao.org/ecocrop/srv/en/cropView?id=1466
FAO ECOCROP,2026-09-27,7745,Michelia champaca,https://ecocrop.apps.fao.org/ecocrop/srv/en/cropView?id=7745
FAO ECOCROP,2026-09-27,7746,Michelia doltsopa,https://ecocrop.apps.fao.org/ecocrop/srv/en/cropView?id=7746
FAO ECOCROP,2026-09-27,1472,Microstegium ciliatum,https://ecocrop.apps.fao.org/ecocrop/srv/en/cropView?id=1472
FAO ECOCROP,2026-09-27,7766,Mikania cordata,https://ecocrop.apps.fao.org/ecocrop/srv/en/cropView?id=7766
FAO ECOCROP,2026-09-27,7769,Miliusa velutina,https://ecocrop.apps.fao.org/ecocrop/srv/en/cropView?id=7769
FAO ECOCROP,2026-09-27,78110,Millettia thonningii,https://ecocrop.apps.fao.org/ecocrop/srv/en/cropView?id=78110
FAO ECOCROP,2026-09-27,376648,Mimosa dutrae,https://ecocrop.apps.fao.org/ecocrop/srv/en/cropView?id=376648
FAO ECOCROP,2026-09-27,7770,Mimosa pigra,https://ecocrop.apps.fao.org/ecocrop/srv/en/cropView?id=7770
FAO ECOCROP,2026-09-27,1478,Mimosa pudica,https://ecocrop.apps.fao.org/ecocrop/srv/en/cropView?id=1478
FAO ECOCROP,2026-09-27,17796,Mimosa scabrella,https://ecocrop.apps.fao.org/ecocrop/srv/en/cropView?id=17796
FAO ECOCROP,2026-09-27,148967,Mirabilis expansa,https://ecocrop.apps.fao.org/ecocrop/srv/en/cropView?id=148967
FAO ECOCROP,2026-09-27,78119,Molinia caerulea,https://ecocrop.apps.fao.org/ecocrop/srv/en/cropView?id=78119
FAO ECOCROP,2026-09-27,7795,Momordica charantia,https://ecocrop.apps.fao.org/ecocrop/srv/en/cropView?id=7795
FAO ECOCROP,2026-09-27,7797,Momordica cochinchinensis,https://ecocrop.apps.fao.org/ecocrop/srv/en/cropView?id=7797
FAO ECOCROP,2026-09-27,2347,Monochoria hastata,https://ecocrop.apps.fao.org/ecocrop/srv/en/cropView?id=2347
FAO ECOCROP,2026-09-27,1485,Monochoria vaginalis,https://ecocrop.apps.fao.org/ecocrop/srv/en/cropView?id=1485
FAO ECOCROP,2026-09-27,148296,Monocymbium ceresiiforme,https://ecocrop.apps.fao.org/ecocrop/srv/en/cropView?id=148296
FAO ECOCROP,2026-09-27,7813,Monstera deliciosa,https://ecocrop.apps.fao.org/ecocrop/srv/en/cropView?id=7813
FAO ECOCROP,2026-09-27,1488,Morinda citrifolia,https://ecocrop.apps.fao.org/ecocrop/srv/en/cropView?id=1488
FAO ECOCROP,2026-09-27,2348,Moringa oleifera,https://ecocrop.apps.fao.org/ecocrop/srv/en/cropView?id=2348
FAO ECOCROP,2026-09-27,1491,Morus alba,https://ecocrop.apps.fao.org/ecocrop/srv/en/cropView?id=1491
FAO ECOCROP,2026-09-27,2349,Morus nigra,https://ecocrop.apps.fao.org/ecocrop/srv/en/cropView?id=2349
FAO ECOCROP,2026-09-27,7829,Morus rubra,https://ecocrop.apps.fao.org/ecocrop/srv/en/cropView?id=7829
FAO ECOCROP,2026-09-27,7832,Mucuna pruriens,https://ecocrop.apps.fao.org/ecocrop/srv/en/cropView?id=7832
FAO ECOCROP,2026-09-27,2350,Mucuna pruriens var utilis,https://ecocrop.apps.fao.org/ecocrop/srv/en/cropView?id=2350
FAO ECOCROP,2026-09-27,1500,Muntingia calabura,https://ecocrop.apps.fao.org/ecocrop/srv/en/cropView?id=1500
FAO ECOCROP,2026-09-27,7846,Murraya koenigii,https://ecocrop.apps.fao.org/ecocrop/srv/en/cropView?id=7846
FAO ECOCROP,2026-09-27,7848,Musa acuminata,https://ecocrop.apps.fao.org/ecocrop/srv/en/cropView?id=7848
FAO ECOCROP,2026-09-27,7849,Musa acuminata x balbisiana,https://ecocrop.apps.fao.org/ecocrop/srv/en/cropView?id=7849
FAO ECOCROP,2026-09-27,2507,Musa balbisiana,https://ecocrop.apps.fao.org/ecocrop/srv/en/cropView?id=2507
FAO ECOCROP,2026-09-27,7852,Musa halabanensis,https://ecocrop.apps.fao.org/ecocrop/srv/en/cropView?id=7852
FAO ECOCROP,2026-09-27,7856,Musa salaccensis,https://ecocrop.apps.fao.org/ecocrop/srv/en/cropView?id=7856
FAO ECOCROP,2026-09-27,1503,Musa sapientum,https://ecocrop.apps.fao.org/ecocrop/srv/en/cropView?id=1503
FAO ECOCROP,2026-09-27,2483,Musa sp.,https://ecocrop.apps.fao.org/ecocrop/srv/en/cropView?id=2483
FAO ECOCROP,2026-09-27,1506,Musa textilis,https://ecocrop.apps.fao.org/ecocrop/srv/en/cropView?id=1506
FAO ECOCROP,2026-09-27,7858,Musanga cecropioides,https://ecocrop.apps.fao.org/ecocrop/srv/en/cropView?id=7858
FAO ECOCROP,2026-09-27,7859,Muscari comosum,https://ecocrop.apps.fao.org/ecocrop/srv/en/cropView?id=7859
FAO ECOCROP,2026-09-27,15430,Myosotis alpestris,https://ecocrop.apps.fao.org/ecocrop/srv/en/cropView?id=15430
FAO ECOCROP,2026-09-27,7874,Myrciaria cauliflora,https://ecocrop.apps.fao.org/ecocrop/srv/en/cropView?id=7874
FAO ECOCROP,2026-09-27,1514,Myristica fragrans,https://ecocrop.apps.fao.org/ecocrop/srv/en/cropView?id=1514
FAO ECOCROP,2026-09-27,7895,Myroxylon balsamum,https://ecocrop.apps.fao.org/ecocrop/srv/en/cropView?id=7895
FAO ECOCROP,2026-09-27,7896,Myroxylon balsamum var. perei.,https://ecocrop.apps.fao.org/ecocrop/srv/en/cropView?id=7896
FAO ECOCROP,2026-09-27,7898,Myrsine africana,https://ecocrop.apps.fao.org/ecocrop/srv/en/cropView?id=7898
FAO ECOCROP,2026-09-27,7900,Myrtus communis,https://ecocrop.apps.fao.org/ecocrop/srv/en/cropView?id=7900
FAO ECOCROP,2026-09-27,15464,Nardus stricta,https://ecocrop.apps.fao.org/ecocrop/srv/en/cropView?id=15464
FAO ECOCROP,2026-09-27,1522,Nasturtium officinale,https://ecocrop.apps.fao.org/ecocrop/srv/en/cropView?id=1522
FAO ECOCROP,2026-09-27,2357,Nasturtium schlechteri,https://ecocrop.apps.fao.org/ecocrop/srv/en/cropView?id=2357
FAO ECOCROP,2026-09-27,1524,Nauclea diderrichii,https://ecocrop.apps.fao.org/ecocrop/srv/en/cropView?id=1524
FAO ECOCROP,2026-09-27,7929,Nauclea orientalis,https://ecocrop.apps.fao.org/ecocrop/srv/en/cropView?id=7929
FAO ECOCROP,2026-09-27,2359,Nelumbo nucifera,https://ecocrop.apps.fao.org/ecocrop/srv/en/cropView?id=2359
FAO ECOCROP,2026-09-27,7936,Neofabricia myrtifolia,https://ecocrop.apps.fao.org/ecocrop/srv/en/cropView?id=7936
FAO ECOCROP,2026-09-27,7937,Neoglazovia variegata,https://ecocrop.apps.fao.org/ecocrop/srv/en/cropView?id=7937
FAO ECOCROP,2026-09-27,7938,Neohouzeaua dullooa,https://ecocrop.apps.fao.org/ecocrop/srv/en/cropView?id=7938
FAO ECOCROP,2026-09-27,15477,Neonotonia wightii,https://ecocrop.apps.fao.org/ecocrop/srv/en/cropView?id=15477
FAO ECOCROP,2026-09-27,7944,Nepeta cataria,https://ecocrop.apps.fao.org/ecocrop/srv/en/cropView?id=7944
FAO ECOCROP,2026-09-27,1528,Nephelium lappaceum,https://ecocrop.apps.fao.org/ecocrop/srv/en/cropView?id=1528
FAO ECOCROP,2026-09-27,2360,Nephelium mutabile,https://ecocrop.apps.fao.org/ecocrop/srv/en/cropView?id=2360
FAO ECOCROP,2026-09-27,7964,Neptunia prostrata,https://ecocrop.apps.fao.org/ecocrop/srv/en/cropView?id=7964
FAO ECOCROP,2026-09-27,1531,Nerium oleander,https://ecocrop.apps.fao.org/ecocrop/srv/en/cropView?id=1531
FAO ECOCROP,2026-09-27,7978,Nicotiana rustica,https://ecocrop.apps.fao.org/ecocrop/srv/en/cropView?id=7978
FAO ECOCROP,2026-09-27,1534,Nicotiana tabacum,https://ecocrop.apps.fao.org/ecocrop/srv/en/cropView?id=1534
FAO ECOCROP,2026-09-27,7987,Nigella sativa,https://ecocrop.apps.fao.org/ecocrop/srv/en/cropView?id=7987
FAO ECOCROP,2026-09-27,7994,Nothofagus cunninghamii,https://ecocrop.apps.fao.org/ecocrop/srv/en/cropView?id=7994
FAO ECOCROP,2026-09-27,7995,Nothofagus moorei,https://ecocrop.apps.fao.org/ecocrop/srv/en/cropView?id=7995
FAO ECOCROP,2026-09-27,8001,Nuphar advena,https://ecocrop.apps.fao.org/ecocrop/srv/en/cropView?id=8001
FAO ECOCROP,2026-09-27,8002,Nuphar lutea,https://ecocrop.apps.fao.org/ecocrop/srv/en/cropView?id=8002
FAO ECOCROP,2026-09-27,8005,Nymphaea alba,https://ecocrop.apps.fao.org/ecocrop/srv/en/cropView?id=8005
FAO ECOCROP,2026-09-27,1543,Nypa fruticans,https://ecocrop.apps.fao.org/ecocrop/srv/en/cropView?id=1543
FAO ECOCROP,2026-09-27,8028,Ochroma pyramidale,https://ecocrop.apps.fao.org/ecocrop/srv/en/cropView?id=8028
FAO ECOCROP,2026-09-27,2363,Ocimum americanum,https://ecocrop.apps.fao.org/ecocrop/srv/en/cropView?id=2363
FAO ECOCROP,2026-09-27,1547,Ocimum basilicum,https://ecocrop.apps.fao.org/ecocrop/srv/en/cropView?id=1547
FAO ECOCROP,2026-09-27,8037,Ocimum tenuiflorum,https://ecocrop.apps.fao.org/ecocrop/srv/en/cropView?id=8037
FAO ECOCROP,2026-09-27,305324,Ocotea usambarensis,https://ecocrop.apps.fao.org/ecocrop/srv/en/cropView?id=305324
FAO ECOCROP,2026-09-27,8039,Octomeles sumatrana,https://ecocrop.apps.fao.org/ecocrop/srv/en/cropView?id=8039
FAO ECOCROP,2026-09-27,2364,Oenanthe javanica,https://ecocrop.apps.fao.org/ecocrop/srv/en/cropView?id=2364
FAO ECOCROP,2026-09-27,8047,Oenothera biennis,https://ecocrop.apps.fao.org/ecocrop/srv/en/cropView?id=8047
FAO ECOCROP,2026-09-27,8058,Olea africana,https://ecocrop.apps.fao.org/ecocrop/srv/en/cropView?id=8058
FAO ECOCROP,2026-09-27,8059,Olea capensis,https://ecocrop.apps.fao.org/ecocrop/srv/en/cropView?id=8059
FAO ECOCROP,2026-09-27,8060,Olea cuspidata,https://ecocrop.apps.fao.org/ecocrop/srv/en/cropView?id=8060
FAO ECOCROP,2026-09-27,1553,Olea europaea,https://ecocrop.apps.fao.org/ecocrop/srv/en/cropView?id=1553
FAO ECOCROP,2026-09-27,8076,Oncosperma tigillarium,https://ecocrop.apps.fao.org/ecocrop/srv/en/cropView?id=8076
FAO ECOCROP,2026-09-27,8078,Onobrychis scrobiculata,https://ecocrop.apps.fao.org/ecocrop/srv/en/cropView?id=8078
FAO ECOCROP,2026-09-27,8079,Onobrychis viciifolia,https://ecocrop.apps.fao.org/ecocrop/srv/en/cropView?id=8079
FAO ECOCROP,2026-09-27,15579,Ononis spinosa,https://ecocrop.apps.fao.org/ecocrop/srv/en/cropView?id=15579
FAO ECOCROP,2026-09-27,8094,Opuntia ficus-indica,https://ecocrop.apps.fao.org/ecocrop/srv/en/cropView?id=8094
FAO ECOCROP,2026-09-27,8108,Orbignya cohume,https://ecocrop.apps.fao.org/ecocrop/srv/en/cropView?id=8108
FAO ECOCROP,2026-09-27,8110,Orbignya oleifera,https://ecocrop.apps.fao.org/ecocrop/srv/en/cropView?id=8110
FAO ECOCROP,2026-09-27,75061,Orbignya phalerata,https://ecocrop.apps.fao.org/ecocrop/srv/en/cropView?id=75061
FAO ECOCROP,2026-09-27,2368,Origanum majorana,https://ecocrop.apps.fao.org/ecocrop/srv/en/cropView?id=2368
FAO ECOCROP,2026-09-27,8120,Origanum onites,https://ecocrop.apps.fao.org/ecocrop/srv/en/cropView?id=8120
FAO ECOCROP,2026-09-27,2369,Origanum vulgare,https://ecocrop.apps.fao.org/ecocrop/srv/en/cropView?id=2369
FAO ECOCROP,2026-09-27,15627,Ornithopus compressus,https://ecocrop.apps.fao.org/ecocrop/srv/en/cropView?id=15627
FAO ECOCROP,2026-09-27,376649,Ornithopus micranthus,https://ecocrop.apps.fao.org/ecocrop/srv/en/cropView?id=376649
FAO ECOCROP,2026-09-27,8128,Ornithopus roseus,https://ecocrop.apps.fao.org/ecocrop/srv/en/cropView?id=8128
FAO ECOCROP,2026-09-27,8129,Ornithopus sativus,https://ecocrop.apps.fao.org/ecocrop/srv/en/cropView?id=8129
FAO ECOCROP,2026-09-27,75002,Orobanche flava,https://ecocrop.apps.fao.org/ecocrop/srv/en/cropView?id=75002
FAO ECOCROP,2026-09-27,74983,Orthosiphon aristatis,https://ecocrop.apps.fao.org/ecocrop/srv/en/cropView?id=74983
FAO ECOCROP,2026-09-27,8138,Oryza glaberrima,https://ecocrop.apps.fao.org/ecocrop/srv/en/cropView?id=8138
FAO ECOCROP,2026-09-27,8139,Oryza longistaminata,https://ecocrop.apps.fao.org/ecocrop/srv/en/cropView?id=8139
FAO ECOCROP,2026-09-27,1574,Oryza sativa,https://ecocrop.apps.fao.org/ecocrop/srv/en/cropView?id=1574
FAO ECOCROP,2026-09-27,8143,Oryza sativa ssp. indica,https://ecocrop.apps.fao.org/ecocrop/srv/en/cropView?id=8143
FAO ECOCROP,2026-09-27,8144,Oryza sativa ssp. javanica,https://ecocrop.apps.fao.org/ecocrop/srv/en/cropView?id=8144
FAO ECOCROP,2026-09-27,8146,Oryzopsis holciformis,https://ecocrop.apps.fao.org/ecocrop/srv/en/cropView?id=8146
FAO ECOCROP,2026-09-27,8148,Oryzopsis miliacea,https://ecocrop.apps.fao.org/ecocrop/srv/en/cropView?id=8148
FAO ECOCROP,2026-09-27,8156,Osmunda regalis,https://ecocrop.apps.fao.org/ecocrop/srv/en/cropView?id=8156
FAO ECOCROP,2026-09-27,18268,Ottochloa nodosa,https://ecocrop.apps.fao.org/ecocrop/srv/en/cropView?id=18268
FAO ECOCROP,2026-09-27,8174,Oxalis acetosella,https://ecocrop.apps.fao.org/ecocrop/srv/en/cropView?id=8174
FAO ECOCROP,2026-09-27,2371,Oxalis tuberosa,https://ecocrop.apps.fao.org/ecocrop/srv/en/cropView?id=2371
FAO ECOCROP,2026-09-27,8196,Oxytenanthera nigrociliata,https://ecocrop.apps.fao.org/ecocrop/srv/en/cropView?id=8196
FAO ECOCROP,2026-09-27,148964,Pachyrhizus ahipa,https://ecocrop.apps.fao.org/ecocrop/srv/en/cropView?id=148964
FAO ECOCROP,2026-09-27,1582,Pachyrhizus erosus,https://ecocrop.apps.fao.org/ecocrop/srv/en/cropView?id=1582
FAO ECOCROP,2026-09-27,148966,Pachyrhizus tuberosus,https://ecocrop.apps.fao.org/ecocrop/srv/en/cropView?id=148966
FAO ECOCROP,2026-09-27,8207,Pachystela msolo,https://ecocrop.apps.fao.org/ecocrop/srv/en/cropView?id=8207
FAO ECOCROP,2026-09-27,50471,Paeonia officinalis,https://ecocrop.apps.fao.org/ecocrop/srv/en/cropView?id=50471
FAO ECOCROP,2026-09-27,8220,Palaquium gutta,https://ecocrop.apps.fao.org/ecocrop/srv/en/cropView?id=8220
FAO ECOCROP,2026-09-27,8227,Panax ginseng,https://ecocrop.apps.fao.org/ecocrop/srv/en/cropView?id=8227
FAO ECOCROP,2026-09-27,8230,Panax quinquefolium,https://ecocrop.apps.fao.org/ecocrop/srv/en/cropView?id=8230
FAO ECOCROP,2026-09-27,8245,Pandanus julianettii,https://ecocrop.apps.fao.org/ecocrop/srv/en/cropView?id=8245
FAO ECOCROP,2026-09-27,2467,Pangium edule,https://ecocrop.apps.fao.org/ecocrop/srv/en/cropView?id=2467
FAO ECOCROP,2026-09-27,1602,Panicum antidotale,https://ecocrop.apps.fao.org/ecocrop/srv/en/cropView?id=1602
FAO ECOCROP,2026-09-27,1603,Panicum coloratum,https://ecocrop.apps.fao.org/ecocrop/srv/en/cropView?id=1603
FAO ECOCROP,2026-09-27,372248,Panicum coloratum var. coloratum,https://ecocrop.apps.fao.org/ecocrop/srv/en/cropView?id=372248
FAO ECOCROP,2026-09-27,8267,Panicum coloratum var. makarikariense,https://ecocrop.apps.fao.org/ecocrop/srv/en/cropView?id=8267
FAO ECOCROP,2026-09-27,367678,Panicum ecklonii,https://ecocrop.apps.fao.org/ecocrop/srv/en/cropView?id=367678
FAO ECOCROP,2026-09-27,1605,Panicum maximum,https://ecocrop.apps.fao.org/ecocrop/srv/en/cropView?id=1605
FAO ECOCROP,2026-09-27,8278,Panicum maximum var. trichoglume,https://ecocrop.apps.fao.org/ecocrop/srv/en/cropView?id=8278
FAO ECOCROP,2026-09-27,8280,Panicum miliaceum,https://ecocrop.apps.fao.org/ecocrop/srv/en/cropView?id=8280
FAO ECOCROP,2026-09-27,367694,Panicum natalense,https://ecocrop.apps.fao.org/ecocrop/srv/en/cropView?id=367694
FAO ECOCROP,2026-09-27,8281,Panicum obtusum,https://ecocrop.apps.fao.org/ecocrop/srv/en/cropView?id=8281
FAO ECOCROP,2026-09-27,18277,Panicum pilosum,https://ecocrop.apps.fao.org/ecocrop/srv/en/cropView?id=18277
FAO ECOCROP,2026-09-27,8283,Panicum repens,https://ecocrop.apps.fao.org/ecocrop/srv/en/cropView?id=8283
FAO ECOCROP,2026-09-27,8286,Panicum sumatrense,https://ecocrop.apps.fao.org/ecocrop/srv/en/cropView?id=8286
FAO ECOCROP,2026-09-27,15753,Panicum trichocladum,https://ecocrop.apps.fao.org/ecocrop/srv/en/cropView?id=15753
FAO ECOCROP,2026-09-27,8288,Panicum turgidum,https://ecocrop.apps.fao.org/ecocrop/srv/en/cropView?id=8288
FAO ECOCROP,2026-09-27,8289,Panicum virgatum,https://ecocrop.apps.fao.org/ecocrop/srv/en/cropView?id=8289
FAO ECOCROP,2026-09-27,8290,Panicum whitei,https://ecocrop.apps.fao.org/ecocrop/srv/en/cropView?id=8290
FAO ECOCROP,2026-09-27,8292,Papaver bracteatum,https://ecocrop.apps.fao.org/ecocrop/srv/en/cropView?id=8292
FAO ECOCROP,2026-09-27,8295,Papaver rhoeas,https://ecocrop.apps.fao.org/ecocrop/srv/en/cropView?id=8295
FAO ECOCROP,2026-09-27,8296,Papaver somniferum,https://ecocrop.apps.fao.org/ecocrop/srv/en/cropView?id=8296
FAO ECOCROP,2026-09-27,74984,Paraserianthes falcataria,https://ecocrop.apps.fao.org/ecocrop/srv/en/cropView?id=74984
FAO ECOCROP,2026-09-27,15772,Parietaria officinalis,https://ecocrop.apps.fao.org/ecocrop/srv/en/cropView?id=15772
FAO ECOCROP,2026-09-27,8309,Parinari curatellifolia,https://ecocrop.apps.fao.org/ecocrop/srv/en/cropView?id=8309
FAO ECOCROP,2026-09-27,2380,Parinari nonda,https://ecocrop.apps.fao.org/ecocrop/srv/en/cropView?id=2380
FAO ECOCROP,2026-09-27,8323,Parkia biglobosa,https://ecocrop.apps.fao.org/ecocrop/srv/en/cropView?id=8323
FAO ECOCROP,2026-09-27,8328,Parkia speciosa,https://ecocrop.apps.fao.org/ecocrop/srv/en/cropView?id=8328
FAO ECOCROP,2026-09-27,1617,Parkinsonia aculeata,https://ecocrop.apps.fao.org/ecocrop/srv/en/cropView?id=1617
FAO ECOCROP,2026-09-27,15774,Parnassia palustris,https://ecocrop.apps.fao.org/ecocrop/srv/en/cropView?id=15774
FAO ECOCROP,2026-09-27,8336,Parthenium argentatum,https://ecocrop.apps.fao.org/ecocrop/srv/en/cropView?id=8336
FAO ECOCROP,2026-09-27,376650,Paspalidium desertorum,https://ecocrop.apps.fao.org/ecocrop/srv/en/cropView?id=376650
FAO ECOCROP,2026-09-27,15781,Paspalum atratum,https://ecocrop.apps.fao.org/ecocrop/srv/en/cropView?id=15781
FAO ECOCROP,2026-09-27,1621,Paspalum conjugatum,https://ecocrop.apps.fao.org/ecocrop/srv/en/cropView?id=1621
FAO ECOCROP,2026-09-27,1623,Paspalum dilatatum,https://ecocrop.apps.fao.org/ecocrop/srv/en/cropView?id=1623
FAO ECOCROP,2026-09-27,8348,Paspalum distichum,https://ecocrop.apps.fao.org/ecocrop/srv/en/cropView?id=8348
FAO ECOCROP,2026-09-27,372249,Paspalum guenoarum,https://ecocrop.apps.fao.org/ecocrop/srv/en/cropView?id=372249
FAO ECOCROP,2026-09-27,8353,Paspalum nicorae,https://ecocrop.apps.fao.org/ecocrop/srv/en/cropView?id=8353
FAO ECOCROP,2026-09-27,8354,Paspalum notatum,https://ecocrop.apps.fao.org/ecocrop/srv/en/cropView?id=8354
FAO ECOCROP,2026-09-27,1628,Paspalum plicatulum,https://ecocrop.apps.fao.org/ecocrop/srv/en/cropView?id=1628
FAO ECOCROP,2026-09-27,8355,Paspalum plicatulum var. glabrum,https://ecocrop.apps.fao.org/ecocrop/srv/en/cropView?id=8355
FAO ECOCROP,2026-09-27,1630,Paspalum scrobiculatum,https://ecocrop.apps.fao.org/ecocrop/srv/en/cropView?id=1630
FAO ECOCROP,2026-09-27,8357,Paspalum urvillei,https://ecocrop.apps.fao.org/ecocrop/srv/en/cropView?id=8357
FAO ECOCROP,2026-09-27,8360,Paspalum wettsteinii,https://ecocrop.apps.fao.org/ecocrop/srv/en/cropView?id=8360
FAO ECOCROP,2026-09-27,1633,Passiflora edulis,https://ecocrop.apps.fao.org/ecocrop/srv/en/cropView?id=1633
FAO ECOCROP,2026-09-27,8368,Passiflora edulis var. edulis,https://ecocrop.apps.fao.org/ecocrop/srv/en/cropView?id=8368
FAO ECOCROP,2026-09-27,1634,Passiflora edulis var. flavicarpa,https://ecocrop.apps.fao.org/ecocrop/srv/en/cropView?id=1634
FAO ECOCROP,2026-09-27,8370,Passiflora incarnata,https://ecocrop.apps.fao.org/ecocrop/srv/en/cropView?id=8370
FAO ECOCROP,2026-09-27,1637,Passiflora laurifolia,https://ecocrop.apps.fao.org/ecocrop/srv/en/cropView?id=1637
FAO ECOCROP,2026-09-27,2381,Passiflora ligularis,https://ecocrop.apps.fao.org/ecocrop/srv/en/cropView?id=2381
FAO ECOCROP,2026-09-27,1638,Passiflora mollissima,https://ecocrop.apps.fao.org/ecocrop/srv/en/cropView?id=1638
FAO ECOCROP,2026-09-27,1639,Passiflora quadrangularis,https://ecocrop.apps.fao.org/ecocrop/srv/en/cropView?id=1639
FAO ECOCROP,2026-09-27,1642,Pastinaca sativa,https://ecocrop.apps.fao.org/ecocrop/srv/en/cropView?id=1642
FAO ECOCROP,2026-09-27,8386,Paullinia cupana,https://ecocrop.apps.fao.org/ecocrop/srv/en/cropView?id=8386
FAO ECOCROP,2026-09-27,8390,Paulownia tomentosa,https://ecocrop.apps.fao.org/ecocrop/srv/en/cropView?id=8390
FAO ECOCROP,2026-09-27,83552,Pausinystalia yohimbe,https://ecocrop.apps.fao.org/ecocrop/srv/en/cropView?id=83552
FAO ECOCROP,2026-09-27,8398,Peganum harmala,https://ecocrop.apps.fao.org/ecocrop/srv/en/cropView?id=8398
FAO ECOCROP,2026-09-27,8403,Pelargonium graveolens,https://ecocrop.apps.fao.org/ecocrop/srv/en/cropView?id=8403
FAO ECOCROP,2026-09-27,225371,Peltandra sagittifolia,https://ecocrop.apps.fao.org/ecocrop/srv/en/cropView?id=225371
FAO ECOCROP,2026-09-27,8409,Peltandra virginica,https://ecocrop.apps.fao.org/ecocrop/srv/en/cropView?id=8409
FAO ECOCROP,2026-09-27,15820,Peltophorum africanum,https://ecocrop.apps.fao.org/ecocrop/srv/en/cropView?id=15820
FAO ECOCROP,2026-09-27,8410,Peltophorum pterocarpum,https://ecocrop.apps.fao.org/ecocrop/srv/en/cropView?id=8410
FAO ECOCROP,2026-09-27,1649,Pennisetum clandestinum,https://ecocrop.apps.fao.org/ecocrop/srv/en/cropView?id=1649
FAO ECOCROP,2026-09-27,8418,Pennisetum glaucum,https://ecocrop.apps.fao.org/ecocrop/srv/en/cropView?id=8418
FAO ECOCROP,2026-09-27,376651,Pennisetum hohenackeri,https://ecocrop.apps.fao.org/ecocrop/srv/en/cropView?id=376651
FAO ECOCROP,2026-09-27,8424,Pennisetum pedicellatum,https://ecocrop.apps.fao.org/ecocrop/srv/en/cropView?id=8424
FAO ECOCROP,2026-09-27,1650,Pennisetum polystachyon,https://ecocrop.apps.fao.org/ecocrop/srv/en/cropView?id=1650
FAO ECOCROP,2026-09-27,1651,Pennisetum purpureum,https://ecocrop.apps.fao.org/ecocrop/srv/en/cropView?id=1651
FAO ECOCROP,2026-09-27,225420,Pennisetum schimperi,https://ecocrop.apps.fao.org/ecocrop/srv/en/cropView?id=225420
FAO ECOCROP,2026-09-27,18286,Pennisetum setaceum,https://ecocrop.apps.fao.org/ecocrop/srv/en/cropView?id=18286
FAO ECOCROP,2026-09-27,8430,Pennisetum villosum,https://ecocrop.apps.fao.org/ecocrop/srv/en/cropView?id=8430
FAO ECOCROP,2026-09-27,8432,Pentaclethra macrophylla,https://ecocrop.apps.fao.org/ecocrop/srv/en/cropView?id=8432
FAO ECOCROP,2026-09-27,15838,Pentaschistis airoides,https://ecocrop.apps.fao.org/ecocrop/srv/en/cropView?id=15838
FAO ECOCROP,2026-09-27,8450,Pericopsis elata,https://ecocrop.apps.fao.org/ecocrop/srv/en/cropView?id=8450
FAO ECOCROP,2026-09-27,8451,Pericopsis mooniana,https://ecocrop.apps.fao.org/ecocrop/srv/en/cropView?id=8451
FAO ECOCROP,2026-09-27,8452,Perilla frutescens,https://ecocrop.apps.fao.org/ecocrop/srv/en/cropView?id=8452
FAO ECOCROP,2026-09-27,1659,Persea americana,https://ecocrop.apps.fao.org/ecocrop/srv/en/cropView?id=1659
FAO ECOCROP,2026-09-27,17645,Persea americana ssp. guatemalan,https://ecocrop.apps.fao.org/ecocrop/srv/en/cropView?id=17645
FAO ECOCROP,2026-09-27,17644,Persea americana ssp. mexican,https://ecocrop.apps.fao.org/ecocrop/srv/en/cropView?id=17644
FAO ECOCROP,2026-09-27,17646,Persea americana ssp. west indian,https://ecocrop.apps.fao.org/ecocrop/srv/en/cropView?id=17646
FAO ECOCROP,2026-09-27,8466,Persoonia falcata,https://ecocrop.apps.fao.org/ecocrop/srv/en/cropView?id=8466
FAO ECOCROP,2026-09-27,8473,Petalostigma pubescens,https://ecocrop.apps.fao.org/ecocrop/srv/en/cropView?id=8473
FAO ECOCROP,2026-09-27,75000,Petasites albus,https://ecocrop.apps.fao.org/ecocrop/srv/en/cropView?id=75000
FAO ECOCROP,2026-09-27,15851,Petasites hybridus,https://ecocrop.apps.fao.org/ecocrop/srv/en/cropView?id=15851
FAO ECOCROP,2026-09-27,1661,Petroselinum crispum,https://ecocrop.apps.fao.org/ecocrop/srv/en/cropView?id=1661
FAO ECOCROP,2026-09-27,50472,Peucedanum ostruthium,https://ecocrop.apps.fao.org/ecocrop/srv/en/cropView?id=50472
FAO ECOCROP,2026-09-27,8487,Phalaris aquatica,https://ecocrop.apps.fao.org/ecocrop/srv/en/cropView?id=8487
FAO ECOCROP,2026-09-27,8488,Phalaris arundinacea,https://ecocrop.apps.fao.org/ecocrop/srv/en/cropView?id=8488
FAO ECOCROP,2026-09-27,8490,Phalaris canariensis,https://ecocrop.apps.fao.org/ecocrop/srv/en/cropView?id=8490
FAO ECOCROP,2026-09-27,8492,Phalaris coerulescens,https://ecocrop.apps.fao.org/ecocrop/srv/en/cropView?id=8492
FAO ECOCROP,2026-09-27,2516,Phaseolus acutifolius,https://ecocrop.apps.fao.org/ecocrop/srv/en/cropView?id=2516
FAO ECOCROP,2026-09-27,78215,Phaseolus bracteatus,https://ecocrop.apps.fao.org/ecocrop/srv/en/cropView?id=78215
FAO ECOCROP,2026-09-27,1665,Phaseolus coccineus,https://ecocrop.apps.fao.org/ecocrop/srv/en/cropView?id=1665
FAO ECOCROP,2026-09-27,1666,Phaseolus lunatus,https://ecocrop.apps.fao.org/ecocrop/srv/en/cropView?id=1666
FAO ECOCROP,2026-09-27,2525,Phaseolus polyanthus,https://ecocrop.apps.fao.org/ecocrop/srv/en/cropView?id=2525
FAO ECOCROP,2026-09-27,1668,Phaseolus vulgaris,https://ecocrop.apps.fao.org/ecocrop/srv/en/cropView?id=1668
FAO ECOCROP,2026-09-27,8514,Phleum alpinum,https://ecocrop.apps.fao.org/ecocrop/srv/en/cropView?id=8514
FAO ECOCROP,2026-09-27,8516,Phleum pratense,https://ecocrop.apps.fao.org/ecocrop/srv/en/cropView?id=8516
FAO ECOCROP,2026-09-27,1673,Phoenix dactylifera,https://ecocrop.apps.fao.org/ecocrop/srv/en/cropView?id=1673
FAO ECOCROP,2026-09-27,8524,Phoenix reclinata,https://ecocrop.apps.fao.org/ecocrop/srv/en/cropView?id=8524
FAO ECOCROP,2026-09-27,8526,Phoenix sylvestris,https://ecocrop.apps.fao.org/ecocrop/srv/en/cropView?id=8526
FAO ECOCROP,2026-09-27,8530,Phormium tenax,https://ecocrop.apps.fao.org/ecocrop/srv/en/cropView?id=8530
FAO ECOCROP,2026-09-27,8532,Phragmites australis,https://ecocrop.apps.fao.org/ecocrop/srv/en/cropView?id=8532
FAO ECOCROP,2026-09-27,8533,Phragmites communis,https://ecocrop.apps.fao.org/ecocrop/srv/en/cropView?id=8533
FAO ECOCROP,2026-09-27,1676,Phragmites karka,https://ecocrop.apps.fao.org/ecocrop/srv/en/cropView?id=1676
FAO ECOCROP,2026-09-27,8544,Phyllocladus aspleniifolius,https://ecocrop.apps.fao.org/ecocrop/srv/en/cropView?id=8544
FAO ECOCROP,2026-09-27,8552,Physalis alkekengi,https://ecocrop.apps.fao.org/ecocrop/srv/en/cropView?id=8552
FAO ECOCROP,2026-09-27,1686,Physalis peruviana,https://ecocrop.apps.fao.org/ecocrop/srv/en/cropView?id=1686
FAO ECOCROP,2026-09-27,8556,Physalis philadelphica,https://ecocrop.apps.fao.org/ecocrop/srv/en/cropView?id=8556
FAO ECOCROP,2026-09-27,8565,Phytolacca acinosa,https://ecocrop.apps.fao.org/ecocrop/srv/en/cropView?id=8565
FAO ECOCROP,2026-09-27,8566,Phytolacca americana,https://ecocrop.apps.fao.org/ecocrop/srv/en/cropView?id=8566
FAO ECOCROP,2026-09-27,28399,Phytolacca dioica,https://ecocrop.apps.fao.org/ecocrop/srv/en/cropView?id=28399
FAO ECOCROP,2026-09-27,8571,Picea abies,https://ecocrop.apps.fao.org/ecocrop/srv/en/cropView?id=8571
FAO ECOCROP,2026-09-27,8576,Picea morida,https://ecocrop.apps.fao.org/ecocrop/srv/en/cropView?id=8576
FAO ECOCROP,2026-09-27,8588,Piliostigma reticulatum,https://ecocrop.apps.fao.org/ecocrop/srv/en/cropView?id=8588
FAO ECOCROP,2026-09-27,8589,Piliostigma thonningii,https://ecocrop.apps.fao.org/ecocrop/srv/en/cropView?id=8589
FAO ECOCROP,2026-09-27,1689,Pimenta dioica,https://ecocrop.apps.fao.org/ecocrop/srv/en/cropView?id=1689
FAO ECOCROP,2026-09-27,8594,Pimenta racemosa,https://ecocrop.apps.fao.org/ecocrop/srv/en/cropView?id=8594
FAO ECOCROP,2026-09-27,8595,Pimpinella anisum,https://ecocrop.apps.fao.org/ecocrop/srv/en/cropView?id=8595
FAO ECOCROP,2026-09-27,8596,Pimpinella saxifraga,https://ecocrop.apps.fao.org/ecocrop/srv/en/cropView?id=8596
FAO ECOCROP,2026-09-27,49212,Pinguicula vulgaris,https://ecocrop.apps.fao.org/ecocrop/srv/en/cropView?id=49212
FAO ECOCROP,2026-09-27,8615,Pinus ayacahuite,https://ecocrop.apps.fao.org/ecocrop/srv/en/cropView?id=8615
FAO ECOCROP,2026-09-27,8616,Pinus ayachuite var. Br.,https://ecocrop.apps.fao.org/ecocrop/srv/en/cropView?id=8616
FAO ECOCROP,2026-09-27,8619,Pinus brutia,https://ecocrop.apps.fao.org/ecocrop/srv/en/cropView?id=8619
FAO ECOCROP,2026-09-27,8620,Pinus canariensis,https://ecocrop.apps.fao.org/ecocrop/srv/en/cropView?id=8620
FAO ECOCROP,2026-09-27,1691,Pinus caribaea,https://ecocrop.apps.fao.org/ecocrop/srv/en/cropView?id=1691
FAO ECOCROP,2026-09-27,8621,Pinus caribaea ssp. bahamensis,https://ecocrop.apps.fao.org/ecocrop/srv/en/cropView?id=8621
FAO ECOCROP,2026-09-27,8622,Pinus caribaea ssp. caribaea,https://ecocrop.apps.fao.org/ecocrop/srv/en/cropView?id=8622
FAO ECOCROP,2026-09-27,8623,Pinus caribaea ssp. hondurensis,https://ecocrop.apps.fao.org/ecocrop/srv/en/cropView?id=8623
FAO ECOCROP,2026-09-27,8626,Pinus chiapensis,https://ecocrop.apps.fao.org/ecocrop/srv/en/cropView?id=8626
FAO ECOCROP,2026-09-27,8627,Pinus douglasiana,https://ecocrop.apps.fao.org/ecocrop/srv/en/cropView?id=8627
FAO ECOCROP,2026-09-27,8628,Pinus durangensis,https://ecocrop.apps.fao.org/ecocrop/srv/en/cropView?id=8628
FAO ECOCROP,2026-09-27,227247,Pinus elliottii ssp. elliottii,https://ecocrop.apps.fao.org/ecocrop/srv/en/cropView?id=227247
FAO ECOCROP,2026-09-27,8631,Pinus excelsa,https://ecocrop.apps.fao.org/ecocrop/srv/en/cropView?id=8631
FAO ECOCROP,2026-09-27,8632,Pinus gerardiana,https://ecocrop.apps.fao.org/ecocrop/srv/en/cropView?id=8632
FAO ECOCROP,2026-09-27,8633,Pinus greggii,https://ecocrop.apps.fao.org/ecocrop/srv/en/cropView?id=8633
FAO ECOCROP,2026-09-27,8634,Pinus halepensis,https://ecocrop.apps.fao.org/ecocrop/srv/en/cropView?id=8634
FAO ECOCROP,2026-09-27,8635,Pinus hartwegii,https://ecocrop.apps.fao.org/ecocrop/srv/en/cropView?id=8635
FAO ECOCROP,2026-09-27,8637,Pinus kesiya,https://ecocrop.apps.fao.org/ecocrop/srv/en/cropView?id=8637
FAO ECOCROP,2026-09-27,1700,Pinus merkusii,https://ecocrop.apps.fao.org/ecocrop/srv/en/cropView?id=1700
FAO ECOCROP,2026-09-27,17649,"Pinus merkusii, island provenances",https://ecocrop.apps.fao.org/ecocrop/srv/en/cropView?id=17649
FAO ECOCROP,2026-09-27,1701,Pinus michoacana,https://ecocrop.apps.fao.org/ecocrop/srv/en/cropView?id=1701
FAO ECOCROP,2026-09-27,8638,Pinus michoacana var. cornuta,https://ecocrop.apps.fao.org/ecocrop/srv/en/cropView?id=8638
FAO ECOCROP,2026-09-27,17655,Pinus michoacana var. turmida,https://ecocrop.apps.fao.org/ecocrop/srv/en/cropView?id=17655
FAO ECOCROP,2026-09-27,8640,Pinus montezumae,https://ecocrop.apps.fao.org/ecocrop/srv/en/cropView?id=8640
FAO ECOCROP,2026-09-27,8642,Pinus mugo,https://ecocrop.apps.fao.org/ecocrop/srv/en/cropView?id=8642
FAO ECOCROP,2026-09-27,8645,Pinus occidentalis,https://ecocrop.apps.fao.org/ecocrop/srv/en/cropView?id=8645
FAO ECOCROP,2026-09-27,1702,Pinus oocarpa,https://ecocrop.apps.fao.org/ecocrop/srv/en/cropView?id=1702
FAO ECOCROP,2026-09-27,8646,Pinus oocarpa var. ochoterenai,https://ecocrop.apps.fao.org/ecocrop/srv/en/cropView?id=8646
FAO ECOCROP,2026-09-27,2542,Pinus palustris,https://ecocrop.apps.fao.org/ecocrop/srv/en/cropView?id=2542
FAO ECOCROP,2026-09-27,1703,Pinus patula,https://ecocrop.apps.fao.org/ecocrop/srv/en/cropView?id=1703
FAO ECOCROP,2026-09-27,2543,Pinus pinaster,https://ecocrop.apps.fao.org/ecocrop/srv/en/cropView?id=2543
FAO ECOCROP,2026-09-27,8647,Pinus pinea,https://ecocrop.apps.fao.org/ecocrop/srv/en/cropView?id=8647
FAO ECOCROP,2026-09-27,2545,Pinus ponderosa,https://ecocrop.apps.fao.org/ecocrop/srv/en/cropView?id=2545
FAO ECOCROP,2026-09-27,1704,Pinus pseudostrobus,https://ecocrop.apps.fao.org/ecocrop/srv/en/cropView?id=1704
FAO ECOCROP,2026-09-27,8648,Pinus pseudostrobus var. oaxacana,https://ecocrop.apps.fao.org/ecocrop/srv/en/cropView?id=8648
FAO ECOCROP,2026-09-27,1705,Pinus radiata,https://ecocrop.apps.fao.org/ecocrop/srv/en/cropView?id=1705
FAO ECOCROP,2026-09-27,8653,Pinus roxburghii,https://ecocrop.apps.fao.org/ecocrop/srv/en/cropView?id=8653
FAO ECOCROP,2026-09-27,8654,Pinus rudis,https://ecocrop.apps.fao.org/ecocrop/srv/en/cropView?id=8654
FAO ECOCROP,2026-09-27,8657,Pinus strobus var. chiapensis,https://ecocrop.apps.fao.org/ecocrop/srv/en/cropView?id=8657
FAO ECOCROP,2026-09-27,8658,Pinus sylvestris,https://ecocrop.apps.fao.org/ecocrop/srv/en/cropView?id=8658
FAO ECOCROP,2026-09-27,8659,Pinus sylvestris var. mongolica,https://ecocrop.apps.fao.org/ecocrop/srv/en/cropView?id=8659
FAO ECOCROP,2026-09-27,8660,Pinus tabulaeformis,https://ecocrop.apps.fao.org/ecocrop/srv/en/cropView?id=8660
FAO ECOCROP,2026-09-27,1708,Pinus taeda,https://ecocrop.apps.fao.org/ecocrop/srv/en/cropView?id=1708
FAO ECOCROP,2026-09-27,8661,Pinus tenuifolia,https://ecocrop.apps.fao.org/ecocrop/srv/en/cropView?id=8661
FAO ECOCROP,2026-09-27,8662,Pinus teocote,https://ecocrop.apps.fao.org/ecocrop/srv/en/cropView?id=8662
FAO ECOCROP,2026-09-27,1710,Piper betle,https://ecocrop.apps.fao.org/ecocrop/srv/en/cropView?id=1710
FAO ECOCROP,2026-09-27,8674,Piper longum,https://ecocrop.apps.fao.org/ecocrop/srv/en/cropView?id=8674
FAO ECOCROP,2026-09-27,1713,Piper methysticum,https://ecocrop.apps.fao.org/ecocrop/srv/en/cropView?id=1713
FAO ECOCROP,2026-09-27,1714,Piper nigrum,https://ecocrop.apps.fao.org/ecocrop/srv/en/cropView?id=1714
FAO ECOCROP,2026-09-27,8688,Pistacia atlantica,https://ecocrop.apps.fao.org/ecocrop/srv/en/cropView?id=8688
FAO ECOCROP,2026-09-27,8690,Pistacia lentiscus,https://ecocrop.apps.fao.org/ecocrop/srv/en/cropView?id=8690
FAO ECOCROP,2026-09-27,2386,Pistacia vera,https://ecocrop.apps.fao.org/ecocrop/srv/en/cropView?id=2386
FAO ECOCROP,2026-09-27,1721,Pisum sativum,https://ecocrop.apps.fao.org/ecocrop/srv/en/cropView?id=1721
FAO ECOCROP,2026-09-27,8700,Pithecellobium dulce,https://ecocrop.apps.fao.org/ecocrop/srv/en/cropView?id=8700
FAO ECOCROP,2026-09-27,8709,Pittosporum resiniferum,https://ecocrop.apps.fao.org/ecocrop/srv/en/cropView?id=8709
FAO ECOCROP,2026-09-27,1732,Plantago lanceolata,https://ecocrop.apps.fao.org/ecocrop/srv/en/cropView?id=1732
FAO ECOCROP,2026-09-27,1733,Plantago major,https://ecocrop.apps.fao.org/ecocrop/srv/en/cropView?id=1733
FAO ECOCROP,2026-09-27,8737,Plantago media,https://ecocrop.apps.fao.org/ecocrop/srv/en/cropView?id=8737
FAO ECOCROP,2026-09-27,8738,Plantago ovata,https://ecocrop.apps.fao.org/ecocrop/srv/en/cropView?id=8738
FAO ECOCROP,2026-09-27,8739,Plantago psyllium,https://ecocrop.apps.fao.org/ecocrop/srv/en/cropView?id=8739
FAO ECOCROP,2026-09-27,8744,Platanus orientalis,https://ecocrop.apps.fao.org/ecocrop/srv/en/cropView?id=8744
FAO ECOCROP,2026-09-27,8753,Plectranthus esculentus,https://ecocrop.apps.fao.org/ecocrop/srv/en/cropView?id=8753
FAO ECOCROP,2026-09-27,8763,Poa alpina,https://ecocrop.apps.fao.org/ecocrop/srv/en/cropView?id=8763
FAO ECOCROP,2026-09-27,8765,Poa annua,https://ecocrop.apps.fao.org/ecocrop/srv/en/cropView?id=8765
FAO ECOCROP,2026-09-27,8768,Poa bulbosa,https://ecocrop.apps.fao.org/ecocrop/srv/en/cropView?id=8768
FAO ECOCROP,2026-09-27,8770,Poa compressa,https://ecocrop.apps.fao.org/ecocrop/srv/en/cropView?id=8770
FAO ECOCROP,2026-09-27,8771,Poa fendleriana,https://ecocrop.apps.fao.org/ecocrop/srv/en/cropView?id=8771
FAO ECOCROP,2026-09-27,8777,Poa pratensis,https://ecocrop.apps.fao.org/ecocrop/srv/en/cropView?id=8777
FAO ECOCROP,2026-09-27,8779,Poa sinaica,https://ecocrop.apps.fao.org/ecocrop/srv/en/cropView?id=8779
FAO ECOCROP,2026-09-27,8780,Poa trivialis,https://ecocrop.apps.fao.org/ecocrop/srv/en/cropView?id=8780
FAO ECOCROP,2026-09-27,8785,Podocarpus elatus,https://ecocrop.apps.fao.org/ecocrop/srv/en/cropView?id=8785
FAO ECOCROP,2026-09-27,30805,Podocarpus falcatus,https://ecocrop.apps.fao.org/ecocrop/srv/en/cropView?id=30805
FAO ECOCROP,2026-09-27,8794,Poeciloneuron indicum,https://ecocrop.apps.fao.org/ecocrop/srv/en/cropView?id=8794
FAO ECOCROP,2026-09-27,1763,Pogostemon cablin,https://ecocrop.apps.fao.org/ecocrop/srv/en/cropView?id=1763
FAO ECOCROP,2026-09-27,376652,Polevansia rigida,https://ecocrop.apps.fao.org/ecocrop/srv/en/cropView?id=376652
FAO ECOCROP,2026-09-27,8802,Polyalthia fragrans,https://ecocrop.apps.fao.org/ecocrop/srv/en/cropView?id=8802
FAO ECOCROP,2026-09-27,8815,Polygonatum officinale,https://ecocrop.apps.fao.org/ecocrop/srv/en/cropView?id=8815
FAO ECOCROP,2026-09-27,8819,Polygonum aviculare,https://ecocrop.apps.fao.org/ecocrop/srv/en/cropView?id=8819
FAO ECOCROP,2026-09-27,8821,Polygonum bistorta,https://ecocrop.apps.fao.org/ecocrop/srv/en/cropView?id=8821
FAO ECOCROP,2026-09-27,8828,Polygonum equisetiforme,https://ecocrop.apps.fao.org/ecocrop/srv/en/cropView?id=8828
FAO ECOCROP,2026-09-27,8852,Polymnia sonchifolia,https://ecocrop.apps.fao.org/ecocrop/srv/en/cropView?id=8852
FAO ECOCROP,2026-09-27,8853,Polypodium vulgare,https://ecocrop.apps.fao.org/ecocrop/srv/en/cropView?id=8853
FAO ECOCROP,2026-09-27,305325,Polyscias fulva,https://ecocrop.apps.fao.org/ecocrop/srv/en/cropView?id=305325
FAO ECOCROP,2026-09-27,2390,Polyscias verticillata,https://ecocrop.apps.fao.org/ecocrop/srv/en/cropView?id=2390
FAO ECOCROP,2026-09-27,1781,Pongamia pinnata,https://ecocrop.apps.fao.org/ecocrop/srv/en/cropView?id=1781
FAO ECOCROP,2026-09-27,16098,Pontederia cordata,https://ecocrop.apps.fao.org/ecocrop/srv/en/cropView?id=16098
FAO ECOCROP,2026-09-27,305323,Populus ciliata,https://ecocrop.apps.fao.org/ecocrop/srv/en/cropView?id=305323
FAO ECOCROP,2026-09-27,16100,Populus deltoides,https://ecocrop.apps.fao.org/ecocrop/srv/en/cropView?id=16100
FAO ECOCROP,2026-09-27,8866,Populus euphratica,https://ecocrop.apps.fao.org/ecocrop/srv/en/cropView?id=8866
FAO ECOCROP,2026-09-27,8872,Populus simonii,https://ecocrop.apps.fao.org/ecocrop/srv/en/cropView?id=8872
FAO ECOCROP,2026-09-27,1784,Portulaca oleracea,https://ecocrop.apps.fao.org/ecocrop/srv/en/cropView?id=1784
FAO ECOCROP,2026-09-27,8882,Portulaca quadrifida L.,https://ecocrop.apps.fao.org/ecocrop/srv/en/cropView?id=8882
FAO ECOCROP,2026-09-27,8894,Potentilla anserina,https://ecocrop.apps.fao.org/ecocrop/srv/en/cropView?id=8894
FAO ECOCROP,2026-09-27,18325,Potentilla reptans,https://ecocrop.apps.fao.org/ecocrop/srv/en/cropView?id=18325
FAO ECOCROP,2026-09-27,16152,Potentilla tormentilla,https://ecocrop.apps.fao.org/ecocrop/srv/en/cropView?id=16152
FAO ECOCROP,2026-09-27,2394,Pouteria campechiana,https://ecocrop.apps.fao.org/ecocrop/srv/en/cropView?id=2394
FAO ECOCROP,2026-09-27,8912,Pouteria lucuma,https://ecocrop.apps.fao.org/ecocrop/srv/en/cropView?id=8912
FAO ECOCROP,2026-09-27,8917,Pouteria sapota,https://ecocrop.apps.fao.org/ecocrop/srv/en/cropView?id=8917
FAO ECOCROP,2026-09-27,8933,Primula veris,https://ecocrop.apps.fao.org/ecocrop/srv/en/cropView?id=8933
FAO ECOCROP,2026-09-27,400002,Prosopis affinis,https://ecocrop.apps.fao.org/ecocrop/srv/en/cropView?id=400002
FAO ECOCROP,2026-09-27,8944,Prosopis africana,https://ecocrop.apps.fao.org/ecocrop/srv/en/cropView?id=8944
FAO ECOCROP,2026-09-27,1793,Prosopis alba,https://ecocrop.apps.fao.org/ecocrop/srv/en/cropView?id=1793
FAO ECOCROP,2026-09-27,8946,Prosopis chilensis,https://ecocrop.apps.fao.org/ecocrop/srv/en/cropView?id=8946
FAO ECOCROP,2026-09-27,8947,Prosopis cineraria,https://ecocrop.apps.fao.org/ecocrop/srv/en/cropView?id=8947
FAO ECOCROP,2026-09-27,11752,Prosopis glandulosa,https://ecocrop.apps.fao.org/ecocrop/srv/en/cropView?id=11752
FAO ECOCROP,2026-09-27,8951,Prosopis juliflora,https://ecocrop.apps.fao.org/ecocrop/srv/en/cropView?id=8951
FAO ECOCROP,2026-09-27,8952,Prosopis nigra,https://ecocrop.apps.fao.org/ecocrop/srv/en/cropView?id=8952
FAO ECOCROP,2026-09-27,8953,Prosopis pallida,https://ecocrop.apps.fao.org/ecocrop/srv/en/cropView?id=8953
FAO ECOCROP,2026-09-27,8955,Prosopis spicigera,https://ecocrop.apps.fao.org/ecocrop/srv/en/cropView?id=8955
FAO ECOCROP,2026-09-27,8958,Prosopis tamarugo,https://ecocrop.apps.fao.org/ecocrop/srv/en/cropView?id=8958
FAO ECOCROP,2026-09-27,8959,Prosopis velutina,https://ecocrop.apps.fao.org/ecocrop/srv/en/cropView?id=8959
FAO ECOCROP,2026-09-27,38291,Protea caffra ssp. caffra,https://ecocrop.apps.fao.org/ecocrop/srv/en/cropView?id=38291
FAO ECOCROP,2026-09-27,3944,Prunella vulgaris,https://ecocrop.apps.fao.org/ecocrop/srv/en/cropView?id=3944
FAO ECOCROP,2026-09-27,11641,Prunus africana,https://ecocrop.apps.fao.org/ecocrop/srv/en/cropView?id=11641
FAO ECOCROP,2026-09-27,2397,Prunus amygdalus,https://ecocrop.apps.fao.org/ecocrop/srv/en/cropView?id=2397
FAO ECOCROP,2026-09-27,2398,Prunus armeniaca,https://ecocrop.apps.fao.org/ecocrop/srv/en/cropView?id=2398
FAO ECOCROP,2026-09-27,8965,Prunus avium,https://ecocrop.apps.fao.org/ecocrop/srv/en/cropView?id=8965
FAO ECOCROP,2026-09-27,8967,Prunus capuli,https://ecocrop.apps.fao.org/ecocrop/srv/en/cropView?id=8967
FAO ECOCROP,2026-09-27,8970,Prunus cerasus,https://ecocrop.apps.fao.org/ecocrop/srv/en/cropView?id=8970
FAO ECOCROP,2026-09-27,16203,Prunus domestica,https://ecocrop.apps.fao.org/ecocrop/srv/en/cropView?id=16203
FAO ECOCROP,2026-09-27,8980,Prunus laurocerasus,https://ecocrop.apps.fao.org/ecocrop/srv/en/cropView?id=8980
FAO ECOCROP,2026-09-27,8983,Prunus mume,https://ecocrop.apps.fao.org/ecocrop/srv/en/cropView?id=8983
FAO ECOCROP,2026-09-27,1796,Prunus persica,https://ecocrop.apps.fao.org/ecocrop/srv/en/cropView?id=1796
FAO ECOCROP,2026-09-27,8992,Prunus salicina,https://ecocrop.apps.fao.org/ecocrop/srv/en/cropView?id=8992
FAO ECOCROP,2026-09-27,8995,Prunus spinosa,https://ecocrop.apps.fao.org/ecocrop/srv/en/cropView?id=8995
FAO ECOCROP,2026-09-27,9001,Psathyrostachys juncea,https://ecocrop.apps.fao.org/ecocrop/srv/en/cropView?id=9001
FAO ECOCROP,2026-09-27,1803,Psidium cattleianum,https://ecocrop.apps.fao.org/ecocrop/srv/en/cropView?id=1803
FAO ECOCROP,2026-09-27,9018,Psidium friedrichsthalianum,https://ecocrop.apps.fao.org/ecocrop/srv/en/cropView?id=9018
FAO ECOCROP,2026-09-27,1804,Psidium guajava,https://ecocrop.apps.fao.org/ecocrop/srv/en/cropView?id=1804
FAO ECOCROP,2026-09-27,1807,Psophocarpus tetragonolobus,https://ecocrop.apps.fao.org/ecocrop/srv/en/cropView?id=1807
FAO ECOCROP,2026-09-27,376653,Psoralea australasica,https://ecocrop.apps.fao.org/ecocrop/srv/en/cropView?id=376653
FAO ECOCROP,2026-09-27,9029,Psoralea patens,https://ecocrop.apps.fao.org/ecocrop/srv/en/cropView?id=9029
FAO ECOCROP,2026-09-27,9041,Pterocarpus angolensis,https://ecocrop.apps.fao.org/ecocrop/srv/en/cropView?id=9041
FAO ECOCROP,2026-09-27,9042,Pterocarpus dalbergioides,https://ecocrop.apps.fao.org/ecocrop/srv/en/cropView?id=9042
FAO ECOCROP,2026-09-27,9043,Pterocarpus erinaceus,https://ecocrop.apps.fao.org/ecocrop/srv/en/cropView?id=9043
FAO ECOCROP,2026-09-27,1817,Pterocarpus indicus,https://ecocrop.apps.fao.org/ecocrop/srv/en/cropView?id=1817
FAO ECOCROP,2026-09-27,9044,Pterocarpus lucens,https://ecocrop.apps.fao.org/ecocrop/srv/en/cropView?id=9044
FAO ECOCROP,2026-09-27,9045,Pterocarpus macrocarpus,https://ecocrop.apps.fao.org/ecocrop/srv/en/cropView?id=9045
FAO ECOCROP,2026-09-27,9046,Pterocarpus marsupium,https://ecocrop.apps.fao.org/ecocrop/srv/en/cropView?id=9046
FAO ECOCROP,2026-09-27,9048,Pterocarpus santalinoides,https://ecocrop.apps.fao.org/ecocrop/srv/en/cropView?id=9048
FAO ECOCROP,2026-09-27,9049,Pterocarpus santalinus,https://ecocrop.apps.fao.org/ecocrop/srv/en/cropView?id=9049
FAO ECOCROP,2026-09-27,9065,Puccinellia tenuiflora,https://ecocrop.apps.fao.org/ecocrop/srv/en/cropView?id=9065
FAO ECOCROP,2026-09-27,1822,Pueraria lobata,https://ecocrop.apps.fao.org/ecocrop/srv/en/cropView?id=1822
FAO ECOCROP,2026-09-27,1824,Pueraria phaseoloides,https://ecocrop.apps.fao.org/ecocrop/srv/en/cropView?id=1824
FAO ECOCROP,2026-09-27,9068,Pulmonaria officinalis,https://ecocrop.apps.fao.org/ecocrop/srv/en/cropView?id=9068
FAO ECOCROP,2026-09-27,1829,Punica granatum,https://ecocrop.apps.fao.org/ecocrop/srv/en/cropView?id=1829
FAO ECOCROP,2026-09-27,355150,Pycnanthus angolensis,https://ecocrop.apps.fao.org/ecocrop/srv/en/cropView?id=355150
FAO ECOCROP,2026-09-27,1832,Pyrus communis,https://ecocrop.apps.fao.org/ecocrop/srv/en/cropView?id=1832
FAO ECOCROP,2026-09-27,9086,Pyrus pyrifolia,https://ecocrop.apps.fao.org/ecocrop/srv/en/cropView?id=9086
FAO ECOCROP,2026-09-27,9096,Quercus agrifolia,https://ecocrop.apps.fao.org/ecocrop/srv/en/cropView?id=9096
FAO ECOCROP,2026-09-27,9097,Quercus alba,https://ecocrop.apps.fao.org/ecocrop/srv/en/cropView?id=9097
FAO ECOCROP,2026-09-27,9098,Quercus bicolor,https://ecocrop.apps.fao.org/ecocrop/srv/en/cropView?id=9098
FAO ECOCROP,2026-09-27,16275,Quercus chrysolepis,https://ecocrop.apps.fao.org/ecocrop/srv/en/cropView?id=16275
FAO ECOCROP,2026-09-27,9107,Quercus dilatata,https://ecocrop.apps.fao.org/ecocrop/srv/en/cropView?id=9107
FAO ECOCROP,2026-09-27,16277,Quercus dumosa,https://ecocrop.apps.fao.org/ecocrop/srv/en/cropView?id=16277
FAO ECOCROP,2026-09-27,9114,Quercus ilex,https://ecocrop.apps.fao.org/ecocrop/srv/en/cropView?id=9114
FAO ECOCROP,2026-09-27,9118,Quercus incana,https://ecocrop.apps.fao.org/ecocrop/srv/en/cropView?id=9118
FAO ECOCROP,2026-09-27,9121,Quercus lamellosa,https://ecocrop.apps.fao.org/ecocrop/srv/en/cropView?id=9121
FAO ECOCROP,2026-09-27,9122,Quercus lanuginosa,https://ecocrop.apps.fao.org/ecocrop/srv/en/cropView?id=9122
FAO ECOCROP,2026-09-27,9123,Quercus lineata,https://ecocrop.apps.fao.org/ecocrop/srv/en/cropView?id=9123
FAO ECOCROP,2026-09-27,9138,Quercus robur,https://ecocrop.apps.fao.org/ecocrop/srv/en/cropView?id=9138
FAO ECOCROP,2026-09-27,9140,Quercus semecarpifolia,https://ecocrop.apps.fao.org/ecocrop/srv/en/cropView?id=9140
FAO ECOCROP,2026-09-27,9143,Quercus suber,https://ecocrop.apps.fao.org/ecocrop/srv/en/cropView?id=9143
FAO ECOCROP,2026-09-27,9146,Quercus virginiana,https://ecocrop.apps.fao.org/ecocrop/srv/en/cropView?id=9146
FAO ECOCROP,2026-09-27,9149,Quisqualis indica,https://ecocrop.apps.fao.org/ecocrop/srv/en/cropView?id=9149
FAO ECOCROP,2026-09-27,9168,Raphanus caudatus,https://ecocrop.apps.fao.org/ecocrop/srv/en/cropView?id=9168
FAO ECOCROP,2026-09-27,1839,Raphanus sativus,https://ecocrop.apps.fao.org/ecocrop/srv/en/cropView?id=1839
FAO ECOCROP,2026-09-27,83541,Raphanus sativus var. oleiferus,https://ecocrop.apps.fao.org/ecocrop/srv/en/cropView?id=83541
FAO ECOCROP,2026-09-27,11291,Raphanus sativus var. radicula,https://ecocrop.apps.fao.org/ecocrop/srv/en/cropView?id=11291
FAO ECOCROP,2026-09-27,9175,Raphia hookeri,https://ecocrop.apps.fao.org/ecocrop/srv/en/cropView?id=9175
FAO ECOCROP,2026-09-27,48664,Rauvolfia caffra,https://ecocrop.apps.fao.org/ecocrop/srv/en/cropView?id=48664
FAO ECOCROP,2026-09-27,9185,Rauvolfia serpentina,https://ecocrop.apps.fao.org/ecocrop/srv/en/cropView?id=9185
FAO ECOCROP,2026-09-27,9213,Rhamnus prinoides,https://ecocrop.apps.fao.org/ecocrop/srv/en/cropView?id=9213
FAO ECOCROP,2026-09-27,9228,Rheum palmatum,https://ecocrop.apps.fao.org/ecocrop/srv/en/cropView?id=9228
FAO ECOCROP,2026-09-27,2454,Rheum rhaponticum,https://ecocrop.apps.fao.org/ecocrop/srv/en/cropView?id=2454
FAO ECOCROP,2026-09-27,33121,Rhigozum trichotomum,https://ecocrop.apps.fao.org/ecocrop/srv/en/cropView?id=33121
FAO ECOCROP,2026-09-27,1848,Rhizophora mangle,https://ecocrop.apps.fao.org/ecocrop/srv/en/cropView?id=1848
FAO ECOCROP,2026-09-27,1849,Rhizophora mucronata,https://ecocrop.apps.fao.org/ecocrop/srv/en/cropView?id=1849
FAO ECOCROP,2026-09-27,1851,Rhizophora stylosa,https://ecocrop.apps.fao.org/ecocrop/srv/en/cropView?id=1851
FAO ECOCROP,2026-09-27,230348,Rhodiola rosea,https://ecocrop.apps.fao.org/ecocrop/srv/en/cropView?id=230348
FAO ECOCROP,2026-09-27,49981,Rhododendron ferrugineum,https://ecocrop.apps.fao.org/ecocrop/srv/en/cropView?id=49981
FAO ECOCROP,2026-09-27,376654,Rhynchosia diversifolia var. prostata,https://ecocrop.apps.fao.org/ecocrop/srv/en/cropView?id=376654
FAO ECOCROP,2026-09-27,376655,Rhynchosia malacophylla,https://ecocrop.apps.fao.org/ecocrop/srv/en/cropView?id=376655
FAO ECOCROP,2026-09-27,44160,Rhynchosia memnonia,https://ecocrop.apps.fao.org/ecocrop/srv/en/cropView?id=44160
FAO ECOCROP,2026-09-27,9270,Rhynchosia minima,https://ecocrop.apps.fao.org/ecocrop/srv/en/cropView?id=9270
FAO ECOCROP,2026-09-27,230580,Rhynchosia senna,https://ecocrop.apps.fao.org/ecocrop/srv/en/cropView?id=230580
FAO ECOCROP,2026-09-27,376656,Rhynchosia sennaarensis,https://ecocrop.apps.fao.org/ecocrop/srv/en/cropView?id=376656
FAO ECOCROP,2026-09-27,16375,Rhynchosia sublobata,https://ecocrop.apps.fao.org/ecocrop/srv/en/cropView?id=16375
FAO ECOCROP,2026-09-27,9279,Ribes hirtellum,https://ecocrop.apps.fao.org/ecocrop/srv/en/cropView?id=9279
FAO ECOCROP,2026-09-27,9282,Ribes nigrum,https://ecocrop.apps.fao.org/ecocrop/srv/en/cropView?id=9282
FAO ECOCROP,2026-09-27,9285,Ribes rubrum,https://ecocrop.apps.fao.org/ecocrop/srv/en/cropView?id=9285
FAO ECOCROP,2026-09-27,9287,Ribes sativum,https://ecocrop.apps.fao.org/ecocrop/srv/en/cropView?id=9287
FAO ECOCROP,2026-09-27,9290,Ribes uva-crispa,https://ecocrop.apps.fao.org/ecocrop/srv/en/cropView?id=9290
FAO ECOCROP,2026-09-27,9291,Ricinodendron heudelotii,https://ecocrop.apps.fao.org/ecocrop/srv/en/cropView?id=9291
FAO ECOCROP,2026-09-27,9292,Ricinodendron rautanenii,https://ecocrop.apps.fao.org/ecocrop/srv/en/cropView?id=9292
FAO ECOCROP,2026-09-27,1866,Ricinus communis,https://ecocrop.apps.fao.org/ecocrop/srv/en/cropView?id=1866
FAO ECOCROP,2026-09-27,9297,Robinia pseudoacacia,https://ecocrop.apps.fao.org/ecocrop/srv/en/cropView?id=9297
FAO ECOCROP,2026-09-27,9312,Rosa canina,https://ecocrop.apps.fao.org/ecocrop/srv/en/cropView?id=9312
FAO ECOCROP,2026-09-27,9324,Roseodendron donnell-smithii,https://ecocrop.apps.fao.org/ecocrop/srv/en/cropView?id=9324
FAO ECOCROP,2026-09-27,9326,Rosmarinus officinalis,https://ecocrop.apps.fao.org/ecocrop/srv/en/cropView?id=9326
FAO ECOCROP,2026-09-27,9344,Rubia tinctorum,https://ecocrop.apps.fao.org/ecocrop/srv/en/cropView?id=9344
FAO ECOCROP,2026-09-27,9359,Rubus fruticosus,https://ecocrop.apps.fao.org/ecocrop/srv/en/cropView?id=9359
FAO ECOCROP,2026-09-27,1877,Rubus idaeus ssp. idaeus,https://ecocrop.apps.fao.org/ecocrop/srv/en/cropView?id=1877
FAO ECOCROP,2026-09-27,9373,Rubus occidentalis,https://ecocrop.apps.fao.org/ecocrop/srv/en/cropView?id=9373
FAO ECOCROP,2026-09-27,9374,Rubus occidentalis x idaeus,https://ecocrop.apps.fao.org/ecocrop/srv/en/cropView?id=9374
FAO ECOCROP,2026-09-27,1881,Rubus sp.,https://ecocrop.apps.fao.org/ecocrop/srv/en/cropView?id=1881
FAO ECOCROP,2026-09-27,9398,Rumex acetosa,https://ecocrop.apps.fao.org/ecocrop/srv/en/cropView?id=9398
FAO ECOCROP,2026-09-27,9405,Rumex crispus,https://ecocrop.apps.fao.org/ecocrop/srv/en/cropView?id=9405
FAO ECOCROP,2026-09-27,9412,Rumex obtusifolius,https://ecocrop.apps.fao.org/ecocrop/srv/en/cropView?id=9412
FAO ECOCROP,2026-09-27,2411,Rungia klossii,https://ecocrop.apps.fao.org/ecocrop/srv/en/cropView?id=2411
FAO ECOCROP,2026-09-27,9419,Ruscus aculeatus,https://ecocrop.apps.fao.org/ecocrop/srv/en/cropView?id=9419
FAO ECOCROP,2026-09-27,18352,Ruta graveolens,https://ecocrop.apps.fao.org/ecocrop/srv/en/cropView?id=18352
FAO ECOCROP,2026-09-27,9421,Ruta graveolens var. bracteosa,https://ecocrop.apps.fao.org/ecocrop/srv/en/cropView?id=9421
FAO ECOCROP,2026-09-27,9432,Saccharum barberi,https://ecocrop.apps.fao.org/ecocrop/srv/en/cropView?id=9432
FAO ECOCROP,2026-09-27,1883,Saccharum edule,https://ecocrop.apps.fao.org/ecocrop/srv/en/cropView?id=1883
FAO ECOCROP,2026-09-27,1884,Saccharum officinarum,https://ecocrop.apps.fao.org/ecocrop/srv/en/cropView?id=1884
FAO ECOCROP,2026-09-27,1885,Saccharum robustum,https://ecocrop.apps.fao.org/ecocrop/srv/en/cropView?id=1885
FAO ECOCROP,2026-09-27,9434,Saccharum sinense,https://ecocrop.apps.fao.org/ecocrop/srv/en/cropView?id=9434
FAO ECOCROP,2026-09-27,1887,Saccharum spontaneum,https://ecocrop.apps.fao.org/ecocrop/srv/en/cropView?id=1887
FAO ECOCROP,2026-09-27,9437,Sageraea elliptica,https://ecocrop.apps.fao.org/ecocrop/srv/en/cropView?id=9437
FAO ECOCROP,2026-09-27,9441,Sagittaria sagittifolia,https://ecocrop.apps.fao.org/ecocrop/srv/en/cropView?id=9441
FAO ECOCROP,2026-09-27,9449,Salacca wallichiana,https://ecocrop.apps.fao.org/ecocrop/srv/en/cropView?id=9449
FAO ECOCROP,2026-09-27,9450,Salacca zalacca,https://ecocrop.apps.fao.org/ecocrop/srv/en/cropView?id=9450
FAO ECOCROP,2026-09-27,9468,Salicornia bigelovii,https://ecocrop.apps.fao.org/ecocrop/srv/en/cropView?id=9468
FAO ECOCROP,2026-09-27,16538,Salix alba,https://ecocrop.apps.fao.org/ecocrop/srv/en/cropView?id=16538
FAO ECOCROP,2026-09-27,9477,Salix babylonica var. sacramenta,https://ecocrop.apps.fao.org/ecocrop/srv/en/cropView?id=9477
FAO ECOCROP,2026-09-27,9481,Salix flavida,https://ecocrop.apps.fao.org/ecocrop/srv/en/cropView?id=9481
FAO ECOCROP,2026-09-27,9506,Salvadora persica,https://ecocrop.apps.fao.org/ecocrop/srv/en/cropView?id=9506
FAO ECOCROP,2026-09-27,2412,Salvia officinalis,https://ecocrop.apps.fao.org/ecocrop/srv/en/cropView?id=2412
FAO ECOCROP,2026-09-27,9516,Salvia sclarea,https://ecocrop.apps.fao.org/ecocrop/srv/en/cropView?id=9516
FAO ECOCROP,2026-09-27,1894,Samanea saman,https://ecocrop.apps.fao.org/ecocrop/srv/en/cropView?id=1894
FAO ECOCROP,2026-09-27,9527,Sambucus canadensis,https://ecocrop.apps.fao.org/ecocrop/srv/en/cropView?id=9527
FAO ECOCROP,2026-09-27,9528,Sambucus cerulea,https://ecocrop.apps.fao.org/ecocrop/srv/en/cropView?id=9528
FAO ECOCROP,2026-09-27,49980,Sambucus ebulus,https://ecocrop.apps.fao.org/ecocrop/srv/en/cropView?id=49980
FAO ECOCROP,2026-09-27,2413,Sambucus nigra,https://ecocrop.apps.fao.org/ecocrop/srv/en/cropView?id=2413
FAO ECOCROP,2026-09-27,9531,Sambucus racemosa,https://ecocrop.apps.fao.org/ecocrop/srv/en/cropView?id=9531
FAO ECOCROP,2026-09-27,16595,Samolus valerandi,https://ecocrop.apps.fao.org/ecocrop/srv/en/cropView?id=16595
FAO ECOCROP,2026-09-27,9535,Sanguisorba minor,https://ecocrop.apps.fao.org/ecocrop/srv/en/cropView?id=9535
FAO ECOCROP,2026-09-27,9536,Sanguisorba officinalis,https://ecocrop.apps.fao.org/ecocrop/srv/en/cropView?id=9536
FAO ECOCROP,2026-09-27,9537,Sanicula europaea,https://ecocrop.apps.fao.org/ecocrop/srv/en/cropView?id=9537
FAO ECOCROP,2026-09-27,9539,Sansevieria guineensis,https://ecocrop.apps.fao.org/ecocrop/srv/en/cropView?id=9539
FAO ECOCROP,2026-09-27,9545,Santalum acuminatum,https://ecocrop.apps.fao.org/ecocrop/srv/en/cropView?id=9545
FAO ECOCROP,2026-09-27,9546,Santalum album,https://ecocrop.apps.fao.org/ecocrop/srv/en/cropView?id=9546
FAO ECOCROP,2026-09-27,9549,Santalum spicatum,https://ecocrop.apps.fao.org/ecocrop/srv/en/cropView?id=9549
FAO ECOCROP,2026-09-27,9551,Santolina chamaecyparissus,https://ecocrop.apps.fao.org/ecocrop/srv/en/cropView?id=9551
FAO ECOCROP,2026-09-27,9554,Sapindus emarginatus,https://ecocrop.apps.fao.org/ecocrop/srv/en/cropView?id=9554
FAO ECOCROP,2026-09-27,45598,Sapium ellipticum,https://ecocrop.apps.fao.org/ecocrop/srv/en/cropView?id=45598
FAO ECOCROP,2026-09-27,9558,Sapium sebiferum,https://ecocrop.apps.fao.org/ecocrop/srv/en/cropView?id=9558
FAO ECOCROP,2026-09-27,9559,Saponaria officinalis,https://ecocrop.apps.fao.org/ecocrop/srv/en/cropView?id=9559
FAO ECOCROP,2026-09-27,9582,Satureja hortensis,https://ecocrop.apps.fao.org/ecocrop/srv/en/cropView?id=9582
FAO ECOCROP,2026-09-27,9584,Satureja montana,https://ecocrop.apps.fao.org/ecocrop/srv/en/cropView?id=9584
FAO ECOCROP,2026-09-27,9593,Sauropus androgynus,https://ecocrop.apps.fao.org/ecocrop/srv/en/cropView?id=9593
FAO ECOCROP,2026-09-27,355151,Schima wallichii,https://ecocrop.apps.fao.org/ecocrop/srv/en/cropView?id=355151
FAO ECOCROP,2026-09-27,9612,Schinus molle,https://ecocrop.apps.fao.org/ecocrop/srv/en/cropView?id=9612
FAO ECOCROP,2026-09-27,9615,Schizolobium parahybum,https://ecocrop.apps.fao.org/ecocrop/srv/en/cropView?id=9615
FAO ECOCROP,2026-09-27,9616,Schizomeria ovata,https://ecocrop.apps.fao.org/ecocrop/srv/en/cropView?id=9616
FAO ECOCROP,2026-09-27,9621,Schleichera oleosa,https://ecocrop.apps.fao.org/ecocrop/srv/en/cropView?id=9621
FAO ECOCROP,2026-09-27,9639,Scirpus lacustris,https://ecocrop.apps.fao.org/ecocrop/srv/en/cropView?id=9639
FAO ECOCROP,2026-09-27,45894,Sclerocarya birrea ssp. caffra,https://ecocrop.apps.fao.org/ecocrop/srv/en/cropView?id=45894
FAO ECOCROP,2026-09-27,9645,Sclerocarya caffra,https://ecocrop.apps.fao.org/ecocrop/srv/en/cropView?id=9645
FAO ECOCROP,2026-09-27,49979,Scolopendrium officinale,https://ecocrop.apps.fao.org/ecocrop/srv/en/cropView?id=49979
FAO ECOCROP,2026-09-27,376657,Secale africanum,https://ecocrop.apps.fao.org/ecocrop/srv/en/cropView?id=376657
FAO ECOCROP,2026-09-27,1929,Secale cereale,https://ecocrop.apps.fao.org/ecocrop/srv/en/cropView?id=1929
FAO ECOCROP,2026-09-27,9664,Secale montanum,https://ecocrop.apps.fao.org/ecocrop/srv/en/cropView?id=9664
FAO ECOCROP,2026-09-27,1930,Sechium edule,https://ecocrop.apps.fao.org/ecocrop/srv/en/cropView?id=1930
FAO ECOCROP,2026-09-27,45286,Securidaca longependunculata,https://ecocrop.apps.fao.org/ecocrop/srv/en/cropView?id=45286
FAO ECOCROP,2026-09-27,16717,Sedum acre,https://ecocrop.apps.fao.org/ecocrop/srv/en/cropView?id=16717
FAO ECOCROP,2026-09-27,9673,Sehima nervosum,https://ecocrop.apps.fao.org/ecocrop/srv/en/cropView?id=9673
FAO ECOCROP,2026-09-27,49978,Sempervivum arachnoideum,https://ecocrop.apps.fao.org/ecocrop/srv/en/cropView?id=49978
FAO ECOCROP,2026-09-27,9691,Senecio vulgaris,https://ecocrop.apps.fao.org/ecocrop/srv/en/cropView?id=9691
FAO ECOCROP,2026-09-27,232965,Senna spectabilis,https://ecocrop.apps.fao.org/ecocrop/srv/en/cropView?id=232965
FAO ECOCROP,2026-09-27,9702,Serenoa repens,https://ecocrop.apps.fao.org/ecocrop/srv/en/cropView?id=9702
FAO ECOCROP,2026-09-27,1937,Sesamum indicum,https://ecocrop.apps.fao.org/ecocrop/srv/en/cropView?id=1937
FAO ECOCROP,2026-09-27,9712,Sesbania bispinosa,https://ecocrop.apps.fao.org/ecocrop/srv/en/cropView?id=9712
FAO ECOCROP,2026-09-27,9713,Sesbania cannabia,https://ecocrop.apps.fao.org/ecocrop/srv/en/cropView?id=9713
FAO ECOCROP,2026-09-27,16822,Sesbania cannabina,https://ecocrop.apps.fao.org/ecocrop/srv/en/cropView?id=16822
FAO ECOCROP,2026-09-27,9714,Sesbania exaltata,https://ecocrop.apps.fao.org/ecocrop/srv/en/cropView?id=9714
FAO ECOCROP,2026-09-27,9715,Sesbania formosa,https://ecocrop.apps.fao.org/ecocrop/srv/en/cropView?id=9715
FAO ECOCROP,2026-09-27,1938,Sesbania grandiflora,https://ecocrop.apps.fao.org/ecocrop/srv/en/cropView?id=1938
FAO ECOCROP,2026-09-27,9716,Sesbania macrantha var. levis,https://ecocrop.apps.fao.org/ecocrop/srv/en/cropView?id=9716
FAO ECOCROP,2026-09-27,9717,Sesbania macrantha var. macrantha,https://ecocrop.apps.fao.org/ecocrop/srv/en/cropView?id=9717
FAO ECOCROP,2026-09-27,9719,Sesbania pachycarpa,https://ecocrop.apps.fao.org/ecocrop/srv/en/cropView?id=9719
FAO ECOCROP,2026-09-27,43996,Sesbania rostrata,https://ecocrop.apps.fao.org/ecocrop/srv/en/cropView?id=43996
FAO ECOCROP,2026-09-27,9722,Sesbania sesban,https://ecocrop.apps.fao.org/ecocrop/srv/en/cropView?id=9722
FAO ECOCROP,2026-09-27,11652,Setaria incrassata,https://ecocrop.apps.fao.org/ecocrop/srv/en/cropView?id=11652
FAO ECOCROP,2026-09-27,9732,Setaria italica,https://ecocrop.apps.fao.org/ecocrop/srv/en/cropView?id=9732
FAO ECOCROP,2026-09-27,367731,Setaria lindenbergiana,https://ecocrop.apps.fao.org/ecocrop/srv/en/cropView?id=367731
FAO ECOCROP,2026-09-27,376658,Setaria porphyrantha,https://ecocrop.apps.fao.org/ecocrop/srv/en/cropView?id=376658
FAO ECOCROP,2026-09-27,9734,Setaria pumila,https://ecocrop.apps.fao.org/ecocrop/srv/en/cropView?id=9734
FAO ECOCROP,2026-09-27,9735,Setaria sphacelata cv. Kazungula,https://ecocrop.apps.fao.org/ecocrop/srv/en/cropView?id=9735
FAO ECOCROP,2026-09-27,9736,Setaria sphacelata cv. Nandi,https://ecocrop.apps.fao.org/ecocrop/srv/en/cropView?id=9736
FAO ECOCROP,2026-09-27,9737,Setaria sphacelata cv. Narok,https://ecocrop.apps.fao.org/ecocrop/srv/en/cropView?id=9737
FAO ECOCROP,2026-09-27,1947,Setaria sphacelata var. sericea,https://ecocrop.apps.fao.org/ecocrop/srv/en/cropView?id=1947
FAO ECOCROP,2026-09-27,1948,Setaria sphacelata var. splendida,https://ecocrop.apps.fao.org/ecocrop/srv/en/cropView?id=1948
FAO ECOCROP,2026-09-27,9744,Shorea assamica,https://ecocrop.apps.fao.org/ecocrop/srv/en/cropView?id=9744
FAO ECOCROP,2026-09-27,355152,Shorea javanica,https://ecocrop.apps.fao.org/ecocrop/srv/en/cropView?id=355152
FAO ECOCROP,2026-09-27,9747,Shorea robusta,https://ecocrop.apps.fao.org/ecocrop/srv/en/cropView?id=9747
FAO ECOCROP,2026-09-27,9750,Shorea talura,https://ecocrop.apps.fao.org/ecocrop/srv/en/cropView?id=9750
FAO ECOCROP,2026-09-27,9751,Shorea tumbuggaia,https://ecocrop.apps.fao.org/ecocrop/srv/en/cropView?id=9751
FAO ECOCROP,2026-09-27,9784,Silybum marianum,https://ecocrop.apps.fao.org/ecocrop/srv/en/cropView?id=9784
FAO ECOCROP,2026-09-27,9785,Simarouba glauca,https://ecocrop.apps.fao.org/ecocrop/srv/en/cropView?id=9785
FAO ECOCROP,2026-09-27,9786,Simmondsia chinensis,https://ecocrop.apps.fao.org/ecocrop/srv/en/cropView?id=9786
FAO ECOCROP,2026-09-27,9787,Sinapis alba,https://ecocrop.apps.fao.org/ecocrop/srv/en/cropView?id=9787
FAO ECOCROP,2026-09-27,17664,Siphonochilus aethiopicus,https://ecocrop.apps.fao.org/ecocrop/srv/en/cropView?id=17664
FAO ECOCROP,2026-09-27,9797,Sisymbrium officinale,https://ecocrop.apps.fao.org/ecocrop/srv/en/cropView?id=9797
FAO ECOCROP,2026-09-27,9802,Sloanea woollsii,https://ecocrop.apps.fao.org/ecocrop/srv/en/cropView?id=9802
FAO ECOCROP,2026-09-27,9804,Smilax aspera,https://ecocrop.apps.fao.org/ecocrop/srv/en/cropView?id=9804
FAO ECOCROP,2026-09-27,9825,Solanum aethiopicum,https://ecocrop.apps.fao.org/ecocrop/srv/en/cropView?id=9825
FAO ECOCROP,2026-09-27,1961,Solanum americanum,https://ecocrop.apps.fao.org/ecocrop/srv/en/cropView?id=1961
FAO ECOCROP,2026-09-27,9848,Solanum dulcamara,https://ecocrop.apps.fao.org/ecocrop/srv/en/cropView?id=9848
FAO ECOCROP,2026-09-27,9856,Solanum ferox,https://ecocrop.apps.fao.org/ecocrop/srv/en/cropView?id=9856
FAO ECOCROP,2026-09-27,9863,Solanum hyporhodium,https://ecocrop.apps.fao.org/ecocrop/srv/en/cropView?id=9863
FAO ECOCROP,2026-09-27,9864,Solanum incanum,https://ecocrop.apps.fao.org/ecocrop/srv/en/cropView?id=9864
FAO ECOCROP,2026-09-27,9878,Solanum macrocarpon,https://ecocrop.apps.fao.org/ecocrop/srv/en/cropView?id=9878
FAO ECOCROP,2026-09-27,1965,Solanum melongena,https://ecocrop.apps.fao.org/ecocrop/srv/en/cropView?id=1965
FAO ECOCROP,2026-09-27,2528,Solanum muricatum,https://ecocrop.apps.fao.org/ecocrop/srv/en/cropView?id=2528
FAO ECOCROP,2026-09-27,1966,Solanum nigrum,https://ecocrop.apps.fao.org/ecocrop/srv/en/cropView?id=1966
FAO ECOCROP,2026-09-27,9868,Solanum oleraceum,https://ecocrop.apps.fao.org/ecocrop/srv/en/cropView?id=9868
FAO ECOCROP,2026-09-27,1968,Solanum quitoense,https://ecocrop.apps.fao.org/ecocrop/srv/en/cropView?id=1968
FAO ECOCROP,2026-09-27,1970,Solanum torvum,https://ecocrop.apps.fao.org/ecocrop/srv/en/cropView?id=1970
FAO ECOCROP,2026-09-27,1971,Solanum tuberosum,https://ecocrop.apps.fao.org/ecocrop/srv/en/cropView?id=1971
FAO ECOCROP,2026-09-27,9916,Solanum x juzepczukii,https://ecocrop.apps.fao.org/ecocrop/srv/en/cropView?id=9916
FAO ECOCROP,2026-09-27,49977,Soldanella alpina,https://ecocrop.apps.fao.org/ecocrop/srv/en/cropView?id=49977
FAO ECOCROP,2026-09-27,9922,Solenostemon rotundifolius,https://ecocrop.apps.fao.org/ecocrop/srv/en/cropView?id=9922
FAO ECOCROP,2026-09-27,16985,Solidago virgaurea,https://ecocrop.apps.fao.org/ecocrop/srv/en/cropView?id=16985
FAO ECOCROP,2026-09-27,9938,Sonneratia apetala,https://ecocrop.apps.fao.org/ecocrop/srv/en/cropView?id=9938
FAO ECOCROP,2026-09-27,1978,Sonneratia caseolaris,https://ecocrop.apps.fao.org/ecocrop/srv/en/cropView?id=1978
FAO ECOCROP,2026-09-27,9941,Sorbus aucuparia,https://ecocrop.apps.fao.org/ecocrop/srv/en/cropView?id=9941
FAO ECOCROP,2026-09-27,9942,Sorbus domestica,https://ecocrop.apps.fao.org/ecocrop/srv/en/cropView?id=9942
FAO ECOCROP,2026-09-27,1990,Sorghum X almum,https://ecocrop.apps.fao.org/ecocrop/srv/en/cropView?id=1990
FAO ECOCROP,2026-09-27,48747,Sorghum bicolor,https://ecocrop.apps.fao.org/ecocrop/srv/en/cropView?id=48747
FAO ECOCROP,2026-09-27,1982,Sorghum bicolor var. sweet,https://ecocrop.apps.fao.org/ecocrop/srv/en/cropView?id=1982
FAO ECOCROP,2026-09-27,1983,Sorghum halepense,https://ecocrop.apps.fao.org/ecocrop/srv/en/cropView?id=1983
FAO ECOCROP,2026-09-27,1988,Sorghum sudanense,https://ecocrop.apps.fao.org/ecocrop/srv/en/cropView?id=1988
FAO ECOCROP,2026-09-27,9970,Sorghum x drummondii,https://ecocrop.apps.fao.org/ecocrop/srv/en/cropView?id=9970
FAO ECOCROP,2026-09-27,9979,Soymida febrifuga,https://ecocrop.apps.fao.org/ecocrop/srv/en/cropView?id=9979
FAO ECOCROP,2026-09-27,17012,Sparganium erectum,https://ecocrop.apps.fao.org/ecocrop/srv/en/cropView?id=17012
FAO ECOCROP,2026-09-27,9984,Spartium junceum,https://ecocrop.apps.fao.org/ecocrop/srv/en/cropView?id=9984
FAO ECOCROP,2026-09-27,1991,Spathodea campanulata,https://ecocrop.apps.fao.org/ecocrop/srv/en/cropView?id=1991
FAO ECOCROP,2026-09-27,10000,Sphenostylis stenocarpa,https://ecocrop.apps.fao.org/ecocrop/srv/en/cropView?id=10000
FAO ECOCROP,2026-09-27,1997,Spinacia oleracea,https://ecocrop.apps.fao.org/ecocrop/srv/en/cropView?id=1997
FAO ECOCROP,2026-09-27,376659,Spinifex hirsutus,https://ecocrop.apps.fao.org/ecocrop/srv/en/cropView?id=376659
FAO ECOCROP,2026-09-27,10010,Spodiopogon sibiricus,https://ecocrop.apps.fao.org/ecocrop/srv/en/cropView?id=10010
FAO ECOCROP,2026-09-27,2000,Spondias cytherea,https://ecocrop.apps.fao.org/ecocrop/srv/en/cropView?id=2000
FAO ECOCROP,2026-09-27,2002,Spondias mombin,https://ecocrop.apps.fao.org/ecocrop/srv/en/cropView?id=2002
FAO ECOCROP,2026-09-27,10015,Spondias purpurea,https://ecocrop.apps.fao.org/ecocrop/srv/en/cropView?id=10015
FAO ECOCROP,2026-09-27,10017,Sporobolus airoides,https://ecocrop.apps.fao.org/ecocrop/srv/en/cropView?id=10017
FAO ECOCROP,2026-09-27,376660,Sporobolus helvolus,https://ecocrop.apps.fao.org/ecocrop/srv/en/cropView?id=376660
FAO ECOCROP,2026-09-27,376661,Sporobolus marginatus,https://ecocrop.apps.fao.org/ecocrop/srv/en/cropView?id=376661
FAO ECOCROP,2026-09-27,10027,Sporobolus spicatus,https://ecocrop.apps.fao.org/ecocrop/srv/en/cropView?id=10027
FAO ECOCROP,2026-09-27,17061,Sporobolus virginicus,https://ecocrop.apps.fao.org/ecocrop/srv/en/cropView?id=17061
FAO ECOCROP,2026-09-27,10030,Stachys affinis,https://ecocrop.apps.fao.org/ecocrop/srv/en/cropView?id=10030
FAO ECOCROP,2026-09-27,10032,Stachys officinalis ssp. officinalis,https://ecocrop.apps.fao.org/ecocrop/srv/en/cropView?id=10032
FAO ECOCROP,2026-09-27,10046,Stellaria media,https://ecocrop.apps.fao.org/ecocrop/srv/en/cropView?id=10046
FAO ECOCROP,2026-09-27,2012,Stenotaphrum secundatum,https://ecocrop.apps.fao.org/ecocrop/srv/en/cropView?id=2012
FAO ECOCROP,2026-09-27,10057,Stephegyne parvifolia,https://ecocrop.apps.fao.org/ecocrop/srv/en/cropView?id=10057
FAO ECOCROP,2026-09-27,10062,Sterculia campanulata,https://ecocrop.apps.fao.org/ecocrop/srv/en/cropView?id=10062
FAO ECOCROP,2026-09-27,2428,Sterculia foetida,https://ecocrop.apps.fao.org/ecocrop/srv/en/cropView?id=2428
FAO ECOCROP,2026-09-27,10081,Sterculia urens,https://ecocrop.apps.fao.org/ecocrop/srv/en/cropView?id=10081
FAO ECOCROP,2026-09-27,10082,Sterculia villosa,https://ecocrop.apps.fao.org/ecocrop/srv/en/cropView?id=10082
FAO ECOCROP,2026-09-27,355153,Stereospermum kunthianum,https://ecocrop.apps.fao.org/ecocrop/srv/en/cropView?id=355153
FAO ECOCROP,2026-09-27,10083,Stereospermum suaveolens,https://ecocrop.apps.fao.org/ecocrop/srv/en/cropView?id=10083
FAO ECOCROP,2026-09-27,10084,Stevia rebaudiana,https://ecocrop.apps.fao.org/ecocrop/srv/en/cropView?id=10084
FAO ECOCROP,2026-09-27,10086,Stipa barbata,https://ecocrop.apps.fao.org/ecocrop/srv/en/cropView?id=10086
FAO ECOCROP,2026-09-27,10088,Stipa lagascae,https://ecocrop.apps.fao.org/ecocrop/srv/en/cropView?id=10088
FAO ECOCROP,2026-09-27,10089,Stipa parviflora,https://ecocrop.apps.fao.org/ecocrop/srv/en/cropView?id=10089
FAO ECOCROP,2026-09-27,10092,Stipa tenacissima,https://ecocrop.apps.fao.org/ecocrop/srv/en/cropView?id=10092
FAO ECOCROP,2026-09-27,49167,Stipagrostis amabilis,https://ecocrop.apps.fao.org/ecocrop/srv/en/cropView?id=49167
FAO ECOCROP,2026-09-27,376662,Stipagrostis zeyheri,https://ecocrop.apps.fao.org/ecocrop/srv/en/cropView?id=376662
FAO ECOCROP,2026-09-27,10110,Stripa Krylovii,https://ecocrop.apps.fao.org/ecocrop/srv/en/cropView?id=10110
FAO ECOCROP,2026-09-27,10104,Stripa baicalensis,https://ecocrop.apps.fao.org/ecocrop/srv/en/cropView?id=10104
FAO ECOCROP,2026-09-27,10105,Stripa breviflora,https://ecocrop.apps.fao.org/ecocrop/srv/en/cropView?id=10105
FAO ECOCROP,2026-09-27,10106,Stripa capillata,https://ecocrop.apps.fao.org/ecocrop/srv/en/cropView?id=10106
FAO ECOCROP,2026-09-27,10107,Stripa glareosa,https://ecocrop.apps.fao.org/ecocrop/srv/en/cropView?id=10107
FAO ECOCROP,2026-09-27,10108,Stripa gobica,https://ecocrop.apps.fao.org/ecocrop/srv/en/cropView?id=10108
FAO ECOCROP,2026-09-27,10109,Stripa grandis,https://ecocrop.apps.fao.org/ecocrop/srv/en/cropView?id=10109
FAO ECOCROP,2026-09-27,10126,Strychnos cocculoides,https://ecocrop.apps.fao.org/ecocrop/srv/en/cropView?id=10126
FAO ECOCROP,2026-09-27,10130,Strychnos innocua,https://ecocrop.apps.fao.org/ecocrop/srv/en/cropView?id=10130
FAO ECOCROP,2026-09-27,10135,Strychnos spinosa,https://ecocrop.apps.fao.org/ecocrop/srv/en/cropView?id=10135
FAO ECOCROP,2026-09-27,10143,Stylosanthes capitata,https://ecocrop.apps.fao.org/ecocrop/srv/en/cropView?id=10143
FAO ECOCROP,2026-09-27,10144,Stylosanthes erecta,https://ecocrop.apps.fao.org/ecocrop/srv/en/cropView?id=10144
FAO ECOCROP,2026-09-27,10145,Stylosanthes fruticosa,https://ecocrop.apps.fao.org/ecocrop/srv/en/cropView?id=10145
FAO ECOCROP,2026-09-27,10146,Stylosanthes guianensis var. guianensis,https://ecocrop.apps.fao.org/ecocrop/srv/en/cropView?id=10146
FAO ECOCROP,2026-09-27,10147,Stylosanthes guianensis var. intermedia,https://ecocrop.apps.fao.org/ecocrop/srv/en/cropView?id=10147
FAO ECOCROP,2026-09-27,2018,Stylosanthes hamata,https://ecocrop.apps.fao.org/ecocrop/srv/en/cropView?id=2018
FAO ECOCROP,2026-09-27,372259,Stylosanthes hamata (diploid),https://ecocrop.apps.fao.org/ecocrop/srv/en/cropView?id=372259
FAO ECOCROP,2026-09-27,372260,Stylosanthes hamata (tetraploid),https://ecocrop.apps.fao.org/ecocrop/srv/en/cropView?id=372260
FAO ECOCROP,2026-09-27,10148,Stylosanthes humilis,https://ecocrop.apps.fao.org/ecocrop/srv/en/cropView?id=10148
FAO ECOCROP,2026-09-27,10149,Stylosanthes macrocephala,https://ecocrop.apps.fao.org/ecocrop/srv/en/cropView?id=10149
FAO ECOCROP,2026-09-27,10150,Stylosanthes scabra,https://ecocrop.apps.fao.org/ecocrop/srv/en/cropView?id=10150
FAO ECOCROP,2026-09-27,372261,Stylosanthes seabrana,https://ecocrop.apps.fao.org/ecocrop/srv/en/cropView?id=372261
FAO ECOCROP,2026-09-27,2020,Stylosanthes viscosa,https://ecocrop.apps.fao.org/ecocrop/srv/en/cropView?id=2020
FAO ECOCROP,2026-09-27,17131,Succisa pratensis,https://ecocrop.apps.fao.org/ecocrop/srv/en/cropView?id=17131
FAO ECOCROP,2026-09-27,2022,Swietenia macrophylla,https://ecocrop.apps.fao.org/ecocrop/srv/en/cropView?id=2022
FAO ECOCROP,2026-09-27,2023,Swietenia mahogani,https://ecocrop.apps.fao.org/ecocrop/srv/en/cropView?id=2023
FAO ECOCROP,2026-09-27,10186,Syncarpia glomulifera,https://ecocrop.apps.fao.org/ecocrop/srv/en/cropView?id=10186
FAO ECOCROP,2026-09-27,10187,Syncarpia hillii,https://ecocrop.apps.fao.org/ecocrop/srv/en/cropView?id=10187
FAO ECOCROP,2026-09-27,10207,Syzygium cordatum,https://ecocrop.apps.fao.org/ecocrop/srv/en/cropView?id=10207
FAO ECOCROP,2026-09-27,1030,Syzygium cumini,https://ecocrop.apps.fao.org/ecocrop/srv/en/cropView?id=1030
FAO ECOCROP,2026-09-27,10223,Syzygium guineense,https://ecocrop.apps.fao.org/ecocrop/srv/en/cropView?id=10223
FAO ECOCROP,2026-09-27,2282,Syzygium javanicum,https://ecocrop.apps.fao.org/ecocrop/srv/en/cropView?id=2282
FAO ECOCROP,2026-09-27,1033,Syzygium malaccense,https://ecocrop.apps.fao.org/ecocrop/srv/en/cropView?id=1033
FAO ECOCROP,2026-09-27,2041,Tabebuia rosea,https://ecocrop.apps.fao.org/ecocrop/srv/en/cropView?id=2041
FAO ECOCROP,2026-09-27,235883,Tabebuia serratifolia,https://ecocrop.apps.fao.org/ecocrop/srv/en/cropView?id=235883
FAO ECOCROP,2026-09-27,2433,Talinum triangulare,https://ecocrop.apps.fao.org/ecocrop/srv/en/cropView?id=2433
FAO ECOCROP,2026-09-27,2047,Tamarindus indica,https://ecocrop.apps.fao.org/ecocrop/srv/en/cropView?id=2047
FAO ECOCROP,2026-09-27,10274,Tamarix aphylla,https://ecocrop.apps.fao.org/ecocrop/srv/en/cropView?id=10274
FAO ECOCROP,2026-09-27,10276,Tamarix chinensis,https://ecocrop.apps.fao.org/ecocrop/srv/en/cropView?id=10276
FAO ECOCROP,2026-09-27,10278,Tamarix gallica,https://ecocrop.apps.fao.org/ecocrop/srv/en/cropView?id=10278
FAO ECOCROP,2026-09-27,17152,Tamus communis,https://ecocrop.apps.fao.org/ecocrop/srv/en/cropView?id=17152
FAO ECOCROP,2026-09-27,10284,Tanacetum vulgare,https://ecocrop.apps.fao.org/ecocrop/srv/en/cropView?id=10284
FAO ECOCROP,2026-09-27,10291,Taraxacum officinale,https://ecocrop.apps.fao.org/ecocrop/srv/en/cropView?id=10291
FAO ECOCROP,2026-09-27,10292,Tarchonanthus camphoratus,https://ecocrop.apps.fao.org/ecocrop/srv/en/cropView?id=10292
FAO ECOCROP,2026-09-27,17162,Taxodium distichum,https://ecocrop.apps.fao.org/ecocrop/srv/en/cropView?id=17162
FAO ECOCROP,2026-09-27,10299,Taxus baccata,https://ecocrop.apps.fao.org/ecocrop/srv/en/cropView?id=10299
FAO ECOCROP,2026-09-27,2052,Tecoma stans,https://ecocrop.apps.fao.org/ecocrop/srv/en/cropView?id=2052
FAO ECOCROP,2026-09-27,2054,Tectona grandis,https://ecocrop.apps.fao.org/ecocrop/srv/en/cropView?id=2054
FAO ECOCROP,2026-09-27,10307,Telfairia occidentalis,https://ecocrop.apps.fao.org/ecocrop/srv/en/cropView?id=10307
FAO ECOCROP,2026-09-27,10308,Telfairia pedata,https://ecocrop.apps.fao.org/ecocrop/srv/en/cropView?id=10308
FAO ECOCROP,2026-09-27,18443,Tephrosia bracteolata,https://ecocrop.apps.fao.org/ecocrop/srv/en/cropView?id=18443
FAO ECOCROP,2026-09-27,2056,Tephrosia candida,https://ecocrop.apps.fao.org/ecocrop/srv/en/cropView?id=2056
FAO ECOCROP,2026-09-27,10314,Tephrosia linearis,https://ecocrop.apps.fao.org/ecocrop/srv/en/cropView?id=10314
FAO ECOCROP,2026-09-27,43938,Tephrosia lupinifolia,https://ecocrop.apps.fao.org/ecocrop/srv/en/cropView?id=43938
FAO ECOCROP,2026-09-27,376663,Tephrosia obcordata,https://ecocrop.apps.fao.org/ecocrop/srv/en/cropView?id=376663
FAO ECOCROP,2026-09-27,376664,Tephrosia platycarpa,https://ecocrop.apps.fao.org/ecocrop/srv/en/cropView?id=376664
FAO ECOCROP,2026-09-27,10316,Tephrosia purpurea,https://ecocrop.apps.fao.org/ecocrop/srv/en/cropView?id=10316
FAO ECOCROP,2026-09-27,2059,Tephrosia vogelii,https://ecocrop.apps.fao.org/ecocrop/srv/en/cropView?id=2059
FAO ECOCROP,2026-09-27,10319,Teramnus labialis,https://ecocrop.apps.fao.org/ecocrop/srv/en/cropView?id=10319
FAO ECOCROP,2026-09-27,376665,Teramnus micans,https://ecocrop.apps.fao.org/ecocrop/srv/en/cropView?id=376665
FAO ECOCROP,2026-09-27,78565,Teramnus uncinatus,https://ecocrop.apps.fao.org/ecocrop/srv/en/cropView?id=78565
FAO ECOCROP,2026-09-27,17177,Teramnus volubilis,https://ecocrop.apps.fao.org/ecocrop/srv/en/cropView?id=17177
FAO ECOCROP,2026-09-27,10321,Terminalia arjuna,https://ecocrop.apps.fao.org/ecocrop/srv/en/cropView?id=10321
FAO ECOCROP,2026-09-27,10322,Terminalia arostrata,https://ecocrop.apps.fao.org/ecocrop/srv/en/cropView?id=10322
FAO ECOCROP,2026-09-27,236039,Terminalia bellirica,https://ecocrop.apps.fao.org/ecocrop/srv/en/cropView?id=236039
FAO ECOCROP,2026-09-27,2060,Terminalia brassii,https://ecocrop.apps.fao.org/ecocrop/srv/en/cropView?id=2060
FAO ECOCROP,2026-09-27,355154,Terminalia brownii,https://ecocrop.apps.fao.org/ecocrop/srv/en/cropView?id=355154
FAO ECOCROP,2026-09-27,2061,Terminalia calamansanai,https://ecocrop.apps.fao.org/ecocrop/srv/en/cropView?id=2061
FAO ECOCROP,2026-09-27,2062,Terminalia catappa,https://ecocrop.apps.fao.org/ecocrop/srv/en/cropView?id=2062
FAO ECOCROP,2026-09-27,10327,Terminalia chebula,https://ecocrop.apps.fao.org/ecocrop/srv/en/cropView?id=10327
FAO ECOCROP,2026-09-27,10335,Terminalia ivorensis,https://ecocrop.apps.fao.org/ecocrop/srv/en/cropView?id=10335
FAO ECOCROP,2026-09-27,355155,Terminalia mantaly,https://ecocrop.apps.fao.org/ecocrop/srv/en/cropView?id=355155
FAO ECOCROP,2026-09-27,10345,Terminalia myriocarpa,https://ecocrop.apps.fao.org/ecocrop/srv/en/cropView?id=10345
FAO ECOCROP,2026-09-27,10348,Terminalia paniculata,https://ecocrop.apps.fao.org/ecocrop/srv/en/cropView?id=10348
FAO ECOCROP,2026-09-27,47139,Terminalia prunioides,https://ecocrop.apps.fao.org/ecocrop/srv/en/cropView?id=47139
FAO ECOCROP,2026-09-27,10355,Terminalia sericocarpa,https://ecocrop.apps.fao.org/ecocrop/srv/en/cropView?id=10355
FAO ECOCROP,2026-09-27,2067,Terminalia superba,https://ecocrop.apps.fao.org/ecocrop/srv/en/cropView?id=2067
FAO ECOCROP,2026-09-27,10356,Terminalia tomentosa,https://ecocrop.apps.fao.org/ecocrop/srv/en/cropView?id=10356
FAO ECOCROP,2026-09-27,10357,Terminalia volucris,https://ecocrop.apps.fao.org/ecocrop/srv/en/cropView?id=10357
FAO ECOCROP,2026-09-27,148305,Tetrachne dregei,https://ecocrop.apps.fao.org/ecocrop/srv/en/cropView?id=148305
FAO ECOCROP,2026-09-27,10370,Tetragonia tetragonioides,https://ecocrop.apps.fao.org/ecocrop/srv/en/cropView?id=10370
FAO ECOCROP,2026-09-27,10373,Tetrapleura tetraptera,https://ecocrop.apps.fao.org/ecocrop/srv/en/cropView?id=10373
FAO ECOCROP,2026-09-27,10379,Teucrium chameadrys,https://ecocrop.apps.fao.org/ecocrop/srv/en/cropView?id=10379
FAO ECOCROP,2026-09-27,10380,Teucrium polium,https://ecocrop.apps.fao.org/ecocrop/srv/en/cropView?id=10380
FAO ECOCROP,2026-09-27,10386,Thaumatococcus daniellii,https://ecocrop.apps.fao.org/ecocrop/srv/en/cropView?id=10386
FAO ECOCROP,2026-09-27,2071,Themeda australis,https://ecocrop.apps.fao.org/ecocrop/srv/en/cropView?id=2071
FAO ECOCROP,2026-09-27,10389,Themeda quadrivalis,https://ecocrop.apps.fao.org/ecocrop/srv/en/cropView?id=10389
FAO ECOCROP,2026-09-27,2073,Themeda triandra,https://ecocrop.apps.fao.org/ecocrop/srv/en/cropView?id=2073
FAO ECOCROP,2026-09-27,10391,Theobroma bicolor,https://ecocrop.apps.fao.org/ecocrop/srv/en/cropView?id=10391
FAO ECOCROP,2026-09-27,2074,Theobroma cacao,https://ecocrop.apps.fao.org/ecocrop/srv/en/cropView?id=2074
FAO ECOCROP,2026-09-27,10394,Theobroma grandiflorum,https://ecocrop.apps.fao.org/ecocrop/srv/en/cropView?id=10394
FAO ECOCROP,2026-09-27,2075,Thespesia populnea,https://ecocrop.apps.fao.org/ecocrop/srv/en/cropView?id=2075
FAO ECOCROP,2026-09-27,2078,Thuja occidentalis,https://ecocrop.apps.fao.org/ecocrop/srv/en/cropView?id=2078
FAO ECOCROP,2026-09-27,304602,Thymus maroccanus,https://ecocrop.apps.fao.org/ecocrop/srv/en/cropView?id=304602
FAO ECOCROP,2026-09-27,10432,Thymus serpyllum,https://ecocrop.apps.fao.org/ecocrop/srv/en/cropView?id=10432
FAO ECOCROP,2026-09-27,376666,Thymus syriacus,https://ecocrop.apps.fao.org/ecocrop/srv/en/cropView?id=376666
FAO ECOCROP,2026-09-27,2441,Thymus vulgaris,https://ecocrop.apps.fao.org/ecocrop/srv/en/cropView?id=2441
FAO ECOCROP,2026-09-27,10436,Thyrsostachys siamensis,https://ecocrop.apps.fao.org/ecocrop/srv/en/cropView?id=10436
FAO ECOCROP,2026-09-27,376667,Thysanolaena latifolia,https://ecocrop.apps.fao.org/ecocrop/srv/en/cropView?id=376667
FAO ECOCROP,2026-09-27,10446,Tilia cordata,https://ecocrop.apps.fao.org/ecocrop/srv/en/cropView?id=10446
FAO ECOCROP,2026-09-27,10449,Tilia platyphyllos,https://ecocrop.apps.fao.org/ecocrop/srv/en/cropView?id=10449
FAO ECOCROP,2026-09-27,11655,Tipuana tipu,https://ecocrop.apps.fao.org/ecocrop/srv/en/cropView?id=11655
FAO ECOCROP,2026-09-27,2088,Tithonia diversifolia,https://ecocrop.apps.fao.org/ecocrop/srv/en/cropView?id=2088
FAO ECOCROP,2026-09-27,2090,Toona australis,https://ecocrop.apps.fao.org/ecocrop/srv/en/cropView?id=2090
FAO ECOCROP,2026-09-27,10458,Toona ciliata,https://ecocrop.apps.fao.org/ecocrop/srv/en/cropView?id=10458
FAO ECOCROP,2026-09-27,10459,Toona serrata,https://ecocrop.apps.fao.org/ecocrop/srv/en/cropView?id=10459
FAO ECOCROP,2026-09-27,148306,Trachypogon spicatus,https://ecocrop.apps.fao.org/ecocrop/srv/en/cropView?id=148306
FAO ECOCROP,2026-09-27,10473,Trachyspermum ammi,https://ecocrop.apps.fao.org/ecocrop/srv/en/cropView?id=10473
FAO ECOCROP,2026-09-27,10476,Tradescantia virginiana,https://ecocrop.apps.fao.org/ecocrop/srv/en/cropView?id=10476
FAO ECOCROP,2026-09-27,2442,Tragopogon porrifolius,https://ecocrop.apps.fao.org/ecocrop/srv/en/cropView?id=2442
FAO ECOCROP,2026-09-27,10478,Tragopogon pratensis,https://ecocrop.apps.fao.org/ecocrop/srv/en/cropView?id=10478
FAO ECOCROP,2026-09-27,367668,Tragus koelerioides,https://ecocrop.apps.fao.org/ecocrop/srv/en/cropView?id=367668
FAO ECOCROP,2026-09-27,17278,Trapa natans,https://ecocrop.apps.fao.org/ecocrop/srv/en/cropView?id=17278
FAO ECOCROP,2026-09-27,2095,Trema orientalis,https://ecocrop.apps.fao.org/ecocrop/srv/en/cropView?id=2095
FAO ECOCROP,2026-09-27,10489,Trewia nudiflora,https://ecocrop.apps.fao.org/ecocrop/srv/en/cropView?id=10489
FAO ECOCROP,2026-09-27,372262,Trichanthera gigantea,https://ecocrop.apps.fao.org/ecocrop/srv/en/cropView?id=372262
FAO ECOCROP,2026-09-27,372340,Tricholaena capensis,https://ecocrop.apps.fao.org/ecocrop/srv/en/cropView?id=372340
FAO ECOCROP,2026-09-27,367576,Trichoneura grandiglumis,https://ecocrop.apps.fao.org/ecocrop/srv/en/cropView?id=367576
FAO ECOCROP,2026-09-27,2100,Trichosanthes cucumerina,https://ecocrop.apps.fao.org/ecocrop/srv/en/cropView?id=2100
FAO ECOCROP,2026-09-27,372339,Trifolium africanum,https://ecocrop.apps.fao.org/ecocrop/srv/en/cropView?id=372339
FAO ECOCROP,2026-09-27,10521,Trifolium agrarium,https://ecocrop.apps.fao.org/ecocrop/srv/en/cropView?id=10521
FAO ECOCROP,2026-09-27,10522,Trifolium alexandrinum,https://ecocrop.apps.fao.org/ecocrop/srv/en/cropView?id=10522
FAO ECOCROP,2026-09-27,10524,Trifolium ambiguum,https://ecocrop.apps.fao.org/ecocrop/srv/en/cropView?id=10524
FAO ECOCROP,2026-09-27,10525,Trifolium arvense,https://ecocrop.apps.fao.org/ecocrop/srv/en/cropView?id=10525
FAO ECOCROP,2026-09-27,372263,Trifolium burchellianum,https://ecocrop.apps.fao.org/ecocrop/srv/en/cropView?id=372263
FAO ECOCROP,2026-09-27,10527,Trifolium campestre,https://ecocrop.apps.fao.org/ecocrop/srv/en/cropView?id=10527
FAO ECOCROP,2026-09-27,10528,Trifolium cherlei,https://ecocrop.apps.fao.org/ecocrop/srv/en/cropView?id=10528
FAO ECOCROP,2026-09-27,372264,Trifolium decorum,https://ecocrop.apps.fao.org/ecocrop/srv/en/cropView?id=372264
FAO ECOCROP,2026-09-27,10529,Trifolium dubium,https://ecocrop.apps.fao.org/ecocrop/srv/en/cropView?id=10529
FAO ECOCROP,2026-09-27,10530,Trifolium fragiferum,https://ecocrop.apps.fao.org/ecocrop/srv/en/cropView?id=10530
FAO ECOCROP,2026-09-27,372338,Trifolium glanduliferum,https://ecocrop.apps.fao.org/ecocrop/srv/en/cropView?id=372338
FAO ECOCROP,2026-09-27,10532,Trifolium hirtum,https://ecocrop.apps.fao.org/ecocrop/srv/en/cropView?id=10532
FAO ECOCROP,2026-09-27,10533,Trifolium hybridum,https://ecocrop.apps.fao.org/ecocrop/srv/en/cropView?id=10533
FAO ECOCROP,2026-09-27,10534,Trifolium incarnatum,https://ecocrop.apps.fao.org/ecocrop/srv/en/cropView?id=10534
FAO ECOCROP,2026-09-27,372265,Trifolium mattirolianum,https://ecocrop.apps.fao.org/ecocrop/srv/en/cropView?id=372265
FAO ECOCROP,2026-09-27,10536,Trifolium medium,https://ecocrop.apps.fao.org/ecocrop/srv/en/cropView?id=10536
FAO ECOCROP,2026-09-27,10537,Trifolium michelianum,https://ecocrop.apps.fao.org/ecocrop/srv/en/cropView?id=10537
FAO ECOCROP,2026-09-27,10538,Trifolium nigrescens,https://ecocrop.apps.fao.org/ecocrop/srv/en/cropView?id=10538
FAO ECOCROP,2026-09-27,10539,Trifolium pilulare,https://ecocrop.apps.fao.org/ecocrop/srv/en/cropView?id=10539
FAO ECOCROP,2026-09-27,237253,Trifolium polymorphum,https://ecocrop.apps.fao.org/ecocrop/srv/en/cropView?id=237253
FAO ECOCROP,2026-09-27,2104,Trifolium pratense,https://ecocrop.apps.fao.org/ecocrop/srv/en/cropView?id=2104
FAO ECOCROP,2026-09-27,372266,Trifolium quartinianum,https://ecocrop.apps.fao.org/ecocrop/srv/en/cropView?id=372266
FAO ECOCROP,2026-09-27,2105,Trifolium repens,https://ecocrop.apps.fao.org/ecocrop/srv/en/cropView?id=2105
FAO ECOCROP,2026-09-27,10540,Trifolium resupinatum,https://ecocrop.apps.fao.org/ecocrop/srv/en/cropView?id=10540
FAO ECOCROP,2026-09-27,10541,Trifolium rueppellianum,https://ecocrop.apps.fao.org/ecocrop/srv/en/cropView?id=10541
FAO ECOCROP,2026-09-27,2107,Trifolium semipilosum,https://ecocrop.apps.fao.org/ecocrop/srv/en/cropView?id=2107
FAO ECOCROP,2026-09-27,372267,Trifolium steudneri,https://ecocrop.apps.fao.org/ecocrop/srv/en/cropView?id=372267
FAO ECOCROP,2026-09-27,10544,Trifolium subterraneum,https://ecocrop.apps.fao.org/ecocrop/srv/en/cropView?id=10544
FAO ECOCROP,2026-09-27,372268,Trifolium tembense,https://ecocrop.apps.fao.org/ecocrop/srv/en/cropView?id=372268
FAO ECOCROP,2026-09-27,10545,Trifolium tomentosum,https://ecocrop.apps.fao.org/ecocrop/srv/en/cropView?id=10545
FAO ECOCROP,2026-09-27,2108,Trifolium usambarense,https://ecocrop.apps.fao.org/ecocrop/srv/en/cropView?id=2108
FAO ECOCROP,2026-09-27,10547,Trifolium variegatum,https://ecocrop.apps.fao.org/ecocrop/srv/en/cropView?id=10547
FAO ECOCROP,2026-09-27,10548,Trifolium vesiculosum,https://ecocrop.apps.fao.org/ecocrop/srv/en/cropView?id=10548
FAO ECOCROP,2026-09-27,10554,Trigonella foenum-graecum,https://ecocrop.apps.fao.org/ecocrop/srv/en/cropView?id=10554
FAO ECOCROP,2026-09-27,10558,Trigonella suavissima,https://ecocrop.apps.fao.org/ecocrop/srv/en/cropView?id=10558
FAO ECOCROP,2026-09-27,376668,Triodia pungens,https://ecocrop.apps.fao.org/ecocrop/srv/en/cropView?id=376668
FAO ECOCROP,2026-09-27,10562,Triplochiton scleroxylon,https://ecocrop.apps.fao.org/ecocrop/srv/en/cropView?id=10562
FAO ECOCROP,2026-09-27,10563,Tripsacum andersonii,https://ecocrop.apps.fao.org/ecocrop/srv/en/cropView?id=10563
FAO ECOCROP,2026-09-27,10564,Tripsacum dactyloides,https://ecocrop.apps.fao.org/ecocrop/srv/en/cropView?id=10564
FAO ECOCROP,2026-09-27,10567,Trisetum flavescens,https://ecocrop.apps.fao.org/ecocrop/srv/en/cropView?id=10567
FAO ECOCROP,2026-09-27,76833,Tristachya leucothrix,https://ecocrop.apps.fao.org/ecocrop/srv/en/cropView?id=76833
FAO ECOCROP,2026-09-27,10568,Tristania conferta,https://ecocrop.apps.fao.org/ecocrop/srv/en/cropView?id=10568
FAO ECOCROP,2026-09-27,2114,Triticum aestivum,https://ecocrop.apps.fao.org/ecocrop/srv/en/cropView?id=2114
FAO ECOCROP,2026-09-27,10579,Triticum compactum,https://ecocrop.apps.fao.org/ecocrop/srv/en/cropView?id=10579
FAO ECOCROP,2026-09-27,10581,Triticum dicoccon,https://ecocrop.apps.fao.org/ecocrop/srv/en/cropView?id=10581
FAO ECOCROP,2026-09-27,10582,Triticum durum,https://ecocrop.apps.fao.org/ecocrop/srv/en/cropView?id=10582
FAO ECOCROP,2026-09-27,10591,Triticum spelta,https://ecocrop.apps.fao.org/ecocrop/srv/en/cropView?id=10591
FAO ECOCROP,2026-09-27,49976,Trollius europaeus,https://ecocrop.apps.fao.org/ecocrop/srv/en/cropView?id=49976
FAO ECOCROP,2026-09-27,2119,Tropaeolum majus,https://ecocrop.apps.fao.org/ecocrop/srv/en/cropView?id=2119
FAO ECOCROP,2026-09-27,2447,Tropaeolum tuberosum,https://ecocrop.apps.fao.org/ecocrop/srv/en/cropView?id=2447
FAO ECOCROP,2026-09-27,10624,Tussilago farfara,https://ecocrop.apps.fao.org/ecocrop/srv/en/cropView?id=10624
FAO ECOCROP,2026-09-27,10626,Tylosema esculentum,https://ecocrop.apps.fao.org/ecocrop/srv/en/cropView?id=10626
FAO ECOCROP,2026-09-27,10628,Typha angustifolia,https://ecocrop.apps.fao.org/ecocrop/srv/en/cropView?id=10628
FAO ECOCROP,2026-09-27,10631,Typha domingensis,https://ecocrop.apps.fao.org/ecocrop/srv/en/cropView?id=10631
FAO ECOCROP,2026-09-27,10633,Typha latifolia,https://ecocrop.apps.fao.org/ecocrop/srv/en/cropView?id=10633
FAO ECOCROP,2026-09-27,10644,Uapaca kirkiana,https://ecocrop.apps.fao.org/ecocrop/srv/en/cropView?id=10644
FAO ECOCROP,2026-09-27,2120,Ullucus tuberosus,https://ecocrop.apps.fao.org/ecocrop/srv/en/cropView?id=2120
FAO ECOCROP,2026-09-27,10655,Ulmus procera,https://ecocrop.apps.fao.org/ecocrop/srv/en/cropView?id=10655
FAO ECOCROP,2026-09-27,49982,Umbilicus rupestris,https://ecocrop.apps.fao.org/ecocrop/srv/en/cropView?id=49982
FAO ECOCROP,2026-09-27,10663,Uncaria gambir,https://ecocrop.apps.fao.org/ecocrop/srv/en/cropView?id=10663
FAO ECOCROP,2026-09-27,368320,Urelytrum agropyroides,https://ecocrop.apps.fao.org/ecocrop/srv/en/cropView?id=368320
FAO ECOCROP,2026-09-27,2125,Urena lobata,https://ecocrop.apps.fao.org/ecocrop/srv/en/cropView?id=2125
FAO ECOCROP,2026-09-27,10674,Urochloa mosambicensis,https://ecocrop.apps.fao.org/ecocrop/srv/en/cropView?id=10674
FAO ECOCROP,2026-09-27,372328,"Urochloa mosambicensis, mosambicensis type",https://ecocrop.apps.fao.org/ecocrop/srv/en/cropView?id=372328
FAO ECOCROP,2026-09-27,372329,"Urochloa mosambicensis, pullulans type",https://ecocrop.apps.fao.org/ecocrop/srv/en/cropView?id=372329
FAO ECOCROP,2026-09-27,372327,"Urochloa mosambicensis, stolonifera type",https://ecocrop.apps.fao.org/ecocrop/srv/en/cropView?id=372327
FAO ECOCROP,2026-09-27,10675,Urochloa oligotricha,https://ecocrop.apps.fao.org/ecocrop/srv/en/cropView?id=10675
FAO ECOCROP,2026-09-27,10676,Urochloa panicoides,https://ecocrop.apps.fao.org/ecocrop/srv/en/cropView?id=10676
FAO ECOCROP,2026-09-27,10679,Urtica dioica,https://ecocrop.apps.fao.org/ecocrop/srv/en/cropView?id=10679
FAO ECOCROP,2026-09-27,10686,Urtica urens,https://ecocrop.apps.fao.org/ecocrop/srv/en/cropView?id=10686
FAO ECOCROP,2026-09-27,10687,Utricularia vulgaris,https://ecocrop.apps.fao.org/ecocrop/srv/en/cropView?id=10687
FAO ECOCROP,2026-09-27,148974,Uvaria scheffleri,https://ecocrop.apps.fao.org/ecocrop/srv/en/cropView?id=148974
FAO ECOCROP,2026-09-27,10700,Vaccinium angustifolium,https://ecocrop.apps.fao.org/ecocrop/srv/en/cropView?id=10700
FAO ECOCROP,2026-09-27,10704,Vaccinium corymbosum,https://ecocrop.apps.fao.org/ecocrop/srv/en/cropView?id=10704
FAO ECOCROP,2026-09-27,10711,Vaccinium macrocarpon,https://ecocrop.apps.fao.org/ecocrop/srv/en/cropView?id=10711
FAO ECOCROP,2026-09-27,10714,Vaccinium myrtillus,https://ecocrop.apps.fao.org/ecocrop/srv/en/cropView?id=10714
FAO ECOCROP,2026-09-27,10719,Vaccinium vitis-idaea,https://ecocrop.apps.fao.org/ecocrop/srv/en/cropView?id=10719
FAO ECOCROP,2026-09-27,17405,Valeriana officinalis,https://ecocrop.apps.fao.org/ecocrop/srv/en/cropView?id=17405
FAO ECOCROP,2026-09-27,10733,Vangueria infausta,https://ecocrop.apps.fao.org/ecocrop/srv/en/cropView?id=10733
FAO ECOCROP,2026-09-27,10734,Vangueria madagascariensis,https://ecocrop.apps.fao.org/ecocrop/srv/en/cropView?id=10734
FAO ECOCROP,2026-09-27,2131,Vanilla planifolia,https://ecocrop.apps.fao.org/ecocrop/srv/en/cropView?id=2131
FAO ECOCROP,2026-09-27,10741,Vateria indica,https://ecocrop.apps.fao.org/ecocrop/srv/en/cropView?id=10741
FAO ECOCROP,2026-09-27,10746,Ventilago viminalis,https://ecocrop.apps.fao.org/ecocrop/srv/en/cropView?id=10746
FAO ECOCROP,2026-09-27,10747,Veratrum album,https://ecocrop.apps.fao.org/ecocrop/srv/en/cropView?id=10747
FAO ECOCROP,2026-09-27,10753,Verbascum phlomoides,https://ecocrop.apps.fao.org/ecocrop/srv/en/cropView?id=10753
FAO ECOCROP,2026-09-27,17435,Verbascum thapsus,https://ecocrop.apps.fao.org/ecocrop/srv/en/cropView?id=17435
FAO ECOCROP,2026-09-27,10758,Verbena officinalis,https://ecocrop.apps.fao.org/ecocrop/srv/en/cropView?id=10758
FAO ECOCROP,2026-09-27,10763,Vernonia amygdalina,https://ecocrop.apps.fao.org/ecocrop/srv/en/cropView?id=10763
FAO ECOCROP,2026-09-27,2144,Vetiveria zizanioides,https://ecocrop.apps.fao.org/ecocrop/srv/en/cropView?id=2144
FAO ECOCROP,2026-09-27,10802,Vicia benghalensis,https://ecocrop.apps.fao.org/ecocrop/srv/en/cropView?id=10802
FAO ECOCROP,2026-09-27,400003,Vicia dasycarpa,https://ecocrop.apps.fao.org/ecocrop/srv/en/cropView?id=400003
FAO ECOCROP,2026-09-27,17507,Vicia ervilia,https://ecocrop.apps.fao.org/ecocrop/srv/en/cropView?id=17507
FAO ECOCROP,2026-09-27,2146,Vicia faba,https://ecocrop.apps.fao.org/ecocrop/srv/en/cropView?id=2146
FAO ECOCROP,2026-09-27,10808,Vicia monantha,https://ecocrop.apps.fao.org/ecocrop/srv/en/cropView?id=10808
FAO ECOCROP,2026-09-27,10809,Vicia narbonensis,https://ecocrop.apps.fao.org/ecocrop/srv/en/cropView?id=10809
FAO ECOCROP,2026-09-27,10810,Vicia pannonica,https://ecocrop.apps.fao.org/ecocrop/srv/en/cropView?id=10810
FAO ECOCROP,2026-09-27,238002,Vicia sativa ssp. nigra,https://ecocrop.apps.fao.org/ecocrop/srv/en/cropView?id=238002
FAO ECOCROP,2026-09-27,238003,Vicia sativa ssp. sativa,https://ecocrop.apps.fao.org/ecocrop/srv/en/cropView?id=238003
FAO ECOCROP,2026-09-27,238008,Vicia villosa sp. varia,https://ecocrop.apps.fao.org/ecocrop/srv/en/cropView?id=238008
FAO ECOCROP,2026-09-27,10816,Vicia villosa ssp. dasycarpa,https://ecocrop.apps.fao.org/ecocrop/srv/en/cropView?id=10816
FAO ECOCROP,2026-09-27,238009,Vicia villosa ssp. villosa,https://ecocrop.apps.fao.org/ecocrop/srv/en/cropView?id=238009
FAO ECOCROP,2026-09-27,2524,Vigna aconitifolia,https://ecocrop.apps.fao.org/ecocrop/srv/en/cropView?id=2524
FAO ECOCROP,2026-09-27,11338,Vigna adenantha,https://ecocrop.apps.fao.org/ecocrop/srv/en/cropView?id=11338
FAO ECOCROP,2026-09-27,2147,Vigna angularis,https://ecocrop.apps.fao.org/ecocrop/srv/en/cropView?id=2147
FAO ECOCROP,2026-09-27,11360,Vigna frutescens ssp. kotschyi,https://ecocrop.apps.fao.org/ecocrop/srv/en/cropView?id=11360
FAO ECOCROP,2026-09-27,10823,Vigna hosei,https://ecocrop.apps.fao.org/ecocrop/srv/en/cropView?id=10823
FAO ECOCROP,2026-09-27,2521,Vigna lanceolata,https://ecocrop.apps.fao.org/ecocrop/srv/en/cropView?id=2521
FAO ECOCROP,2026-09-27,11382,Vigna longifolia,https://ecocrop.apps.fao.org/ecocrop/srv/en/cropView?id=11382
FAO ECOCROP,2026-09-27,10825,Vigna luteola,https://ecocrop.apps.fao.org/ecocrop/srv/en/cropView?id=10825
FAO ECOCROP,2026-09-27,2149,Vigna mungo,https://ecocrop.apps.fao.org/ecocrop/srv/en/cropView?id=2149
FAO ECOCROP,2026-09-27,11399,Vigna oblongifolia,https://ecocrop.apps.fao.org/ecocrop/srv/en/cropView?id=11399
FAO ECOCROP,2026-09-27,10827,Vigna parkeri,https://ecocrop.apps.fao.org/ecocrop/srv/en/cropView?id=10827
FAO ECOCROP,2026-09-27,372330,Vigna parkeri sp. acutifolia,https://ecocrop.apps.fao.org/ecocrop/srv/en/cropView?id=372330
FAO ECOCROP,2026-09-27,11401,Vigna parkeri sp. maranguensis,https://ecocrop.apps.fao.org/ecocrop/srv/en/cropView?id=11401
FAO ECOCROP,2026-09-27,2150,Vigna radiata,https://ecocrop.apps.fao.org/ecocrop/srv/en/cropView?id=2150
FAO ECOCROP,2026-09-27,10830,Vigna subterranea,https://ecocrop.apps.fao.org/ecocrop/srv/en/cropView?id=10830
FAO ECOCROP,2026-09-27,10831,Vigna trilobata,https://ecocrop.apps.fao.org/ecocrop/srv/en/cropView?id=10831
FAO ECOCROP,2026-09-27,2152,Vigna umbellata,https://ecocrop.apps.fao.org/ecocrop/srv/en/cropView?id=2152
FAO ECOCROP,2026-09-27,2153,Vigna unguiculata,https://ecocrop.apps.fao.org/ecocrop/srv/en/cropView?id=2153
FAO ECOCROP,2026-09-27,17651,Vigna unguiculata ssp. biflora,https://ecocrop.apps.fao.org/ecocrop/srv/en/cropView?id=17651
FAO ECOCROP,2026-09-27,10833,Vigna unguiculata ssp. dekindtiana,https://ecocrop.apps.fao.org/ecocrop/srv/en/cropView?id=10833
FAO ECOCROP,2026-09-27,17643,Vigna unguiculata ssp. pubescens,https://ecocrop.apps.fao.org/ecocrop/srv/en/cropView?id=17643
FAO ECOCROP,2026-09-27,10834,Vigna unguiculata ssp. sesquipedalis,https://ecocrop.apps.fao.org/ecocrop/srv/en/cropView?id=10834
FAO ECOCROP,2026-09-27,11426,Vigna unguiculata ssp. stenophylla,https://ecocrop.apps.fao.org/ecocrop/srv/en/cropView?id=11426
FAO ECOCROP,2026-09-27,10835,Vigna unguiculata ssp. unguiculata,https://ecocrop.apps.fao.org/ecocrop/srv/en/cropView?id=10835
FAO ECOCROP,2026-09-27,10836,Vigna vexillata,https://ecocrop.apps.fao.org/ecocrop/srv/en/cropView?id=10836
FAO ECOCROP,2026-09-27,10841,Vinca minor,https://ecocrop.apps.fao.org/ecocrop/srv/en/cropView?id=10841
FAO ECOCROP,2026-09-27,10850,Viola odorata,https://ecocrop.apps.fao.org/ecocrop/srv/en/cropView?id=10850
FAO ECOCROP,2026-09-27,10853,Viola tricolor,https://ecocrop.apps.fao.org/ecocrop/srv/en/cropView?id=10853
FAO ECOCROP,2026-09-27,10860,Viscum album,https://ecocrop.apps.fao.org/ecocrop/srv/en/cropView?id=10860
FAO ECOCROP,2026-09-27,10862,Vitellaria paradoxa,https://ecocrop.apps.fao.org/ecocrop/srv/en/cropView?id=10862
FAO ECOCROP,2026-09-27,10870,Vitex agnus-castus,https://ecocrop.apps.fao.org/ecocrop/srv/en/cropView?id=10870
FAO ECOCROP,2026-09-27,10874,Vitex doniana,https://ecocrop.apps.fao.org/ecocrop/srv/en/cropView?id=10874
FAO ECOCROP,2026-09-27,10880,Vitex keniensis,https://ecocrop.apps.fao.org/ecocrop/srv/en/cropView?id=10880
FAO ECOCROP,2026-09-27,10884,Vitex negundo,https://ecocrop.apps.fao.org/ecocrop/srv/en/cropView?id=10884
FAO ECOCROP,2026-09-27,10885,Vitex parviflora,https://ecocrop.apps.fao.org/ecocrop/srv/en/cropView?id=10885
FAO ECOCROP,2026-09-27,10895,Vitis labrusca,https://ecocrop.apps.fao.org/ecocrop/srv/en/cropView?id=10895
FAO ECOCROP,2026-09-27,10900,Vitis rotundifolia,https://ecocrop.apps.fao.org/ecocrop/srv/en/cropView?id=10900
FAO ECOCROP,2026-09-27,2160,Vitis vinifera,https://ecocrop.apps.fao.org/ecocrop/srv/en/cropView?id=2160
FAO ECOCROP,2026-09-27,18471,Vossia cuspidata,https://ecocrop.apps.fao.org/ecocrop/srv/en/cropView?id=18471
FAO ECOCROP,2026-09-27,46753,Warburgia salutaris,https://ecocrop.apps.fao.org/ecocrop/srv/en/cropView?id=46753
FAO ECOCROP,2026-09-27,10914,Warburgia ugandensis,https://ecocrop.apps.fao.org/ecocrop/srv/en/cropView?id=10914
FAO ECOCROP,2026-09-27,10920,Withania somnifera,https://ecocrop.apps.fao.org/ecocrop/srv/en/cropView?id=10920
FAO ECOCROP,2026-09-27,10924,Wrightia tomentosa,https://ecocrop.apps.fao.org/ecocrop/srv/en/cropView?id=10924
FAO ECOCROP,2026-09-27,10941,Xanthosoma brasiliense,https://ecocrop.apps.fao.org/ecocrop/srv/en/cropView?id=10941
FAO ECOCROP,2026-09-27,2168,Xanthosoma sagittifolium,https://ecocrop.apps.fao.org/ecocrop/srv/en/cropView?id=2168
FAO ECOCROP,2026-09-27,2452,Ximenia americana,https://ecocrop.apps.fao.org/ecocrop/srv/en/cropView?id=2452
FAO ECOCROP,2026-09-27,10952,Xylia dolabriformis,https://ecocrop.apps.fao.org/ecocrop/srv/en/cropView?id=10952
FAO ECOCROP,2026-09-27,10953,Xylia xylocarpa,https://ecocrop.apps.fao.org/ecocrop/srv/en/cropView?id=10953
FAO ECOCROP,2026-09-27,10954,Xylocarpus granatum,https://ecocrop.apps.fao.org/ecocrop/srv/en/cropView?id=10954
FAO ECOCROP,2026-09-27,10955,Xylocarpus mekongensis,https://ecocrop.apps.fao.org/ecocrop/srv/en/cropView?id=10955
FAO ECOCROP,2026-09-27,10956,Xylocarpus moluccensis,https://ecocrop.apps.fao.org/ecocrop/srv/en/cropView?id=10956
FAO ECOCROP,2026-09-27,10967,Yucca elephantipes,https://ecocrop.apps.fao.org/ecocrop/srv/en/cropView?id=10967
FAO ECOCROP,2026-09-27,248815,Zanthoxylum chalybeum,https://ecocrop.apps.fao.org/ecocrop/srv/en/cropView?id=248815
FAO ECOCROP,2026-09-27,2175,Zea mays,https://ecocrop.apps.fao.org/ecocrop/srv/en/cropView?id=2175
FAO ECOCROP,2026-09-27,238663,Zea mays ssp. mays,https://ecocrop.apps.fao.org/ecocrop/srv/en/cropView?id=238663
FAO ECOCROP,2026-09-27,10981,Zea mays ssp. saccharata,https://ecocrop.apps.fao.org/ecocrop/srv/en/cropView?id=10981
FAO ECOCROP,2026-09-27,2177,Zingiber officinale,https://ecocrop.apps.fao.org/ecocrop/srv/en/cropView?id=2177
FAO ECOCROP,2026-09-27,10994,Zizania latifolia,https://ecocrop.apps.fao.org/ecocrop/srv/en/cropView?id=10994
FAO ECOCROP,2026-09-27,243766,Ziziphus abyssinica,https://ecocrop.apps.fao.org/ecocrop/srv/en/cropView?id=243766
FAO ECOCROP,2026-09-27,17633,Ziziphus mauritiana,https://ecocrop.apps.fao.org/ecocrop/srv/en/cropView?id=17633
FAO ECOCROP,2026-09-27,11001,Ziziphus mucronata,https://ecocrop.apps.fao.org/ecocrop/srv/en/cropView?id=11001
FAO ECOCROP,2026-09-27,17638,Zornia diphylla,https://ecocrop.apps.fao.org/ecocrop/srv/en/cropView?id=17638
FAO ECOCROP,2026-09-27,372331,Zornia glabra,https://ecocrop.apps.fao.org/ecocrop/srv/en/cropView?id=372331
FAO ECOCROP,2026-09-27,44070,Zornia glochidiata,https://ecocrop.apps.fao.org/ecocrop/srv/en/cropView?id=44070
FAO ECOCROP,2026-09-27,18480,Zornia latifolia,https://ecocrop.apps.fao.org/ecocrop/srv/en/cropView?id=18480
FAO ECOCROP,2026-09-27,376669,Zornia orbiculata,https://ecocrop.apps.fao.org/ecocrop/srv/en/cropView?id=376669
FAO ECOCROP,2026-09-27,11015,Zostera marina,https://ecocrop.apps.fao.org/ecocrop/srv/en/cropView?id=11015
FAO ECOCROP,2026-09-27,11018,Zoysia matrella,https://ecocrop.apps.fao.org/ecocrop/srv/en/cropView?id=11018
