fecha,fecha_hora,latitud,longitud,sm_surface,sm_rootzone,sm_surface_wetness,sm_rootzone_wetness,soil_temp_layer1,soil_temp_layer1_celsius,archivo_smap
2020-01-01,2020-01-01 13:28:55+00:00,4.533,-75.681,0.3529834747314453,0.3617904484272003,0.7885637283325195,0.8080902099609375,287.4076843261719,14.257684326171898,SMAP_L4_SM_gph_20200101T133000_Vv8010_001.h5
2020-01-02,2020-01-02 13:28:55+00:00,4.533,-75.681,0.3554256856441498,0.3647245764732361,0.7940302491188049,0.8149375915527344,286.72869873046875,13.578698730468773,SMAP_L4_SM_gph_20200102T133000_Vv8010_001.h5
2020-01-03,2020-01-03 13:28:55+00:00,4.533,-75.681,0.34739950299263,0.3612638413906097,0.7762591242790222,0.8070140480995178,287.4864501953125,14.336450195312525,SMAP_L4_SM_gph_20200103T133000_Vv8010_001.h5
2020-01-04,2020-01-04 13:28:55+00:00,4.533,-75.681,0.3393902480602264,0.3577260971069336,0.758280336856842,0.7990366220474243,287.16119384765625,14.011193847656273,SMAP_L4_SM_gph_20200104T133000_Vv8010_001.h5
2020-01-05,2020-01-05 13:28:55+00:00,4.533,-75.681,0.3405503332614898,0.3553913831710815,0.7608640193939209,0.7937965393066406,287.8664855957031,14.716485595703148,SMAP_L4_SM_gph_20200105T133000_Vv8010_001.h5
2020-01-06,2020-01-06 13:28:55+00:00,4.533,-75.681,0.339832991361618,0.3543549180030823,0.7593024373054504,0.7915167212486267,287.9239501953125,14.773950195312525,SMAP_L4_SM_gph_20200106T133000_Vv8010_001.h5
2020-01-07,2020-01-07 13:28:55+00:00,4.533,-75.681,0.3327500820159912,0.3520824015140533,0.7432807087898254,0.7864149808883667,287.19842529296875,14.048425292968773,SMAP_L4_SM_gph_20200107T133000_Vv8010_001.h5
2020-01-08,2020-01-08 13:28:55+00:00,4.533,-75.681,0.3292745053768158,0.3497094810009002,0.7357053756713867,0.7813923358917236,286.75634765625,13.606347656250025,SMAP_L4_SM_gph_20200108T133000_Vv8010_001.h5
2020-01-09,2020-01-09 13:28:55+00:00,4.533,-75.681,0.3240675926208496,0.346860408782959,0.7241448163986206,0.775107204914093,286.87371826171875,13.723718261718773,SMAP_L4_SM_gph_20200109T133000_Vv8010_001.h5
2020-01-10,2020-01-10 13:28:55+00:00,4.533,-75.681,0.320394903421402,0.3441823720932007,0.7159088850021362,0.7690969705581665,286.9080810546875,13.758081054687525,SMAP_L4_SM_gph_20200110T133000_Vv8010_001.h5
2020-01-11,2020-01-11 13:28:55+00:00,4.533,-75.681,0.314203143119812,0.3414236903190613,0.7020659446716309,0.7627294063568115,286.46173095703125,13.311730957031273,SMAP_L4_SM_gph_20200111T133000_Vv8010_001.h5
2020-01-12,2020-01-12 13:28:55+00:00,4.533,-75.681,0.3130234777927398,0.3390424847602844,0.6992353200912476,0.7576626539230347,287.1010131835937,13.951013183593773,SMAP_L4_SM_gph_20200112T133000_Vv8010_001.h5
2020-01-13,2020-01-13 13:28:55+00:00,4.533,-75.681,0.3095950782299042,0.3365741074085235,0.6916953921318054,0.7520514726638794,287.5184020996094,14.368402099609398,SMAP_L4_SM_gph_20200113T133000_Vv8010_001.h5
2020-01-14,2020-01-14 13:28:55+00:00,4.533,-75.681,0.3119313418865204,0.3348357081413269,0.6967459321022034,0.7480683326721191,287.53076171875,14.380761718750025,SMAP_L4_SM_gph_20200114T133000_Vv8010_001.h5
2020-01-15,2020-01-15 13:28:55+00:00,4.533,-75.681,0.3250533640384674,0.334599882364273,0.7263153791427612,0.7476019263267517,287.40338134765625,14.253381347656273,SMAP_L4_SM_gph_20200115T133000_Vv8010_001.h5
2020-01-16,2020-01-16 13:28:55+00:00,4.533,-75.681,0.3162479698657989,0.3326925933361053,0.7065407633781433,0.7432525753974915,287.4190979003906,14.269097900390648,SMAP_L4_SM_gph_20200116T133000_Vv8010_001.h5
2020-01-17,2020-01-17 13:28:55+00:00,4.533,-75.681,0.3080529570579529,0.3300902843475342,0.6883255839347839,0.7375358939170837,287.70562744140625,14.555627441406273,SMAP_L4_SM_gph_20200117T133000_Vv8010_001.h5
2020-01-18,2020-01-18 13:28:55+00:00,4.533,-75.681,0.3014678359031677,0.3278369903564453,0.6736659407615662,0.7323372960090637,287.9306640625,14.780664062500025,SMAP_L4_SM_gph_20200118T133000_Vv8010_001.h5
2020-01-19,2020-01-19 13:28:55+00:00,4.533,-75.681,0.2929811179637909,0.3249522745609283,0.6545147895812988,0.7261069416999817,288.4039306640625,15.253930664062525,SMAP_L4_SM_gph_20200119T133000_Vv8010_001.h5
2020-01-20,2020-01-20 13:28:55+00:00,4.533,-75.681,0.3614189624786377,0.3310111463069916,0.8074852228164673,0.7395880222320557,288.808837890625,15.658837890625025,SMAP_L4_SM_gph_20200120T133000_Vv8010_001.h5
2020-01-21,2020-01-21 13:28:55+00:00,4.533,-75.681,0.3386021852493286,0.3360395133495331,0.7563436031341553,0.7508797645568848,287.96099853515625,14.810998535156273,SMAP_L4_SM_gph_20200121T133000_Vv8010_001.h5
2020-01-22,2020-01-22 13:28:55+00:00,4.533,-75.681,0.3433248400688171,0.341614156961441,0.7670814990997314,0.7632250785827637,287.6686706542969,14.518670654296898,SMAP_L4_SM_gph_20200122T133000_Vv8010_001.h5
2020-01-23,2020-01-23 13:28:55+00:00,4.533,-75.681,0.3292044103145599,0.3379457592964172,0.7354989051818848,0.7549080848693848,286.8148803710937,13.664880371093773,SMAP_L4_SM_gph_20200123T133000_Vv8010_001.h5
2020-01-24,2020-01-24 13:28:55+00:00,4.533,-75.681,0.3239941895008087,0.33461794257164,0.7238034605979919,0.7475007772445679,287.9622497558594,14.812249755859398,SMAP_L4_SM_gph_20200124T133000_Vv8010_001.h5
2020-01-25,2020-01-25 13:28:55+00:00,4.533,-75.681,0.3349547386169433,0.3350982367992401,0.748302698135376,0.7485304474830627,287.73248291015625,14.582482910156273,SMAP_L4_SM_gph_20200125T133000_Vv8010_001.h5
2020-01-26,2020-01-26 13:28:55+00:00,4.533,-75.681,0.3350073993206024,0.3363052010536194,0.7485851049423218,0.751424252986908,287.85040283203125,14.700402832031273,SMAP_L4_SM_gph_20200126T133000_Vv8010_001.h5
2020-01-27,2020-01-27 13:28:55+00:00,4.533,-75.681,0.3430813550949096,0.3367957174777984,0.7664443254470825,0.752577006816864,287.7089233398437,14.558923339843773,SMAP_L4_SM_gph_20200127T133000_Vv8010_001.h5
2020-01-28,2020-01-28 13:28:55+00:00,4.533,-75.681,0.335561454296112,0.3363884687423706,0.7497820258140564,0.7514934539794922,287.6958923339844,14.545892333984398,SMAP_L4_SM_gph_20200128T133000_Vv8010_001.h5
2020-01-29,2020-01-29 13:28:55+00:00,4.533,-75.681,0.3281188607215881,0.3348574340343475,0.7330898642539978,0.7481474280357361,287.63916015625,14.489160156250025,SMAP_L4_SM_gph_20200129T133000_Vv8010_001.h5
2020-01-30,2020-01-30 13:28:55+00:00,4.533,-75.681,0.3261786699295044,0.3345101475715637,0.7287091612815857,0.7472200393676758,287.9111022949219,14.761102294921898,SMAP_L4_SM_gph_20200130T133000_Vv8010_001.h5
2020-01-31,2020-01-31 13:28:55+00:00,4.533,-75.681,0.315654844045639,0.3316806256771087,0.7051889300346375,0.7411330938339233,287.59051513671875,14.440515136718773,SMAP_L4_SM_gph_20200131T133000_Vv8010_001.h5
2020-02-01,2020-02-01 13:28:55+00:00,4.533,-75.681,0.3248250186443329,0.3315230906009674,0.7257494330406189,0.7406262159347534,287.968017578125,14.818017578125025,SMAP_L4_SM_gph_20200201T133000_Vv8010_001.h5
2020-02-02,2020-02-02 13:28:55+00:00,4.533,-75.681,0.3243169784545898,0.3306811451911926,0.7246569991111755,0.7387059330940247,288.2024230957031,15.052423095703148,SMAP_L4_SM_gph_20200202T133000_Vv8010_001.h5
2020-02-03,2020-02-03 13:28:55+00:00,4.533,-75.681,0.324611097574234,0.330278992652893,0.7251257300376892,0.7378060817718506,288.5624389648437,15.412438964843773,SMAP_L4_SM_gph_20200203T133000_Vv8010_001.h5
2020-02-04,2020-02-04 13:28:55+00:00,4.533,-75.681,0.3112546801567077,0.3276463150978088,0.6953227519989014,0.7318403124809265,287.9085693359375,14.758569335937525,SMAP_L4_SM_gph_20200204T133000_Vv8010_001.h5
2020-02-05,2020-02-05 13:28:55+00:00,4.533,-75.681,0.3054172396659851,0.3252395689487457,0.6823304891586304,0.7266333699226379,287.2781982421875,14.128198242187525,SMAP_L4_SM_gph_20200205T133000_Vv8010_001.h5
2020-02-06,2020-02-06 13:28:55+00:00,4.533,-75.681,0.299649715423584,0.323079377412796,0.6695661544799805,0.7217731475830078,286.8007202148437,13.650720214843773,SMAP_L4_SM_gph_20200206T133000_Vv8010_001.h5
2020-02-07,2020-02-07 13:28:55+00:00,4.533,-75.681,0.2964261770248413,0.3209816813468933,0.6623197197914124,0.7171499729156494,286.9986572265625,13.848657226562525,SMAP_L4_SM_gph_20200207T133000_Vv8010_001.h5
2020-02-08,2020-02-08 13:28:55+00:00,4.533,-75.681,0.2978878021240234,0.3199623823165893,0.6653221845626831,0.7149155139923096,287.5852355957031,14.435235595703148,SMAP_L4_SM_gph_20200208T133000_Vv8010_001.h5
2020-02-09,2020-02-09 13:28:55+00:00,4.533,-75.681,0.3205977976322174,0.323863536119461,0.7163131833076477,0.7234472632408142,288.2020263671875,15.052026367187525,SMAP_L4_SM_gph_20200209T133000_Vv8010_001.h5
2020-02-10,2020-02-10 13:28:55+00:00,4.533,-75.681,0.3168213963508606,0.3228124678134918,0.7077583074569702,0.7212995886802673,287.63397216796875,14.483972167968773,SMAP_L4_SM_gph_20200210T133000_Vv8010_001.h5
2020-02-11,2020-02-11 13:28:55+00:00,4.533,-75.681,0.3035575747489929,0.3202129900455475,0.6780761480331421,0.7153463363647461,287.3385925292969,14.188592529296898,SMAP_L4_SM_gph_20200211T133000_Vv8010_001.h5
2020-02-12,2020-02-12 13:28:55+00:00,4.533,-75.681,0.2919599115848541,0.3171543180942535,0.6520832777023315,0.7085667252540588,287.5304260253906,14.380426025390648,SMAP_L4_SM_gph_20200212T133000_Vv8010_001.h5
2020-02-13,2020-02-13 13:28:55+00:00,4.533,-75.681,0.2899904549121856,0.315397709608078,0.6479336619377136,0.7046107053756714,287.682861328125,14.532861328125025,SMAP_L4_SM_gph_20200213T133000_Vv8010_001.h5
2020-02-14,2020-02-14 13:28:55+00:00,4.533,-75.681,0.28638556599617,0.3136152625083923,0.6396760940551758,0.700512707233429,287.811279296875,14.661279296875025,SMAP_L4_SM_gph_20200214T133000_Vv8010_001.h5
2020-02-15,2020-02-15 13:28:55+00:00,4.533,-75.681,0.2951369285583496,0.3129934072494507,0.6594292521476746,0.6992619037628174,288.05059814453125,14.900598144531273,SMAP_L4_SM_gph_20200215T133000_Vv8010_001.h5
2020-02-16,2020-02-16 13:28:55+00:00,4.533,-75.681,0.291049987077713,0.3118346929550171,0.6502017974853516,0.6966636776924133,288.1473388671875,14.997338867187525,SMAP_L4_SM_gph_20200216T133000_Vv8010_001.h5
2020-02-17,2020-02-17 13:28:55+00:00,4.533,-75.681,0.2901932001113891,0.3105849921703338,0.648472011089325,0.6939771175384521,288.084228515625,14.934228515625025,SMAP_L4_SM_gph_20200217T133000_Vv8010_001.h5
2020-02-18,2020-02-18 13:28:55+00:00,4.533,-75.681,0.2883707880973816,0.3093840181827545,0.6442179679870605,0.6912685632705688,288.4879150390625,15.337915039062525,SMAP_L4_SM_gph_20200218T133000_Vv8010_001.h5
2020-02-19,2020-02-19 13:28:55+00:00,4.533,-75.681,0.2870248854160309,0.3079557418823242,0.6411536931991577,0.6881157755851746,288.5784606933594,15.428460693359398,SMAP_L4_SM_gph_20200219T133000_Vv8010_001.h5
2020-02-20,2020-02-20 13:28:55+00:00,4.533,-75.681,0.2991763651371002,0.3080674111843109,0.668343186378479,0.6880886554718018,288.53033447265625,15.380334472656273,SMAP_L4_SM_gph_20200220T133000_Vv8010_001.h5
2020-02-21,2020-02-21 13:28:55+00:00,4.533,-75.681,0.3236411809921264,0.3164131343364715,0.7231981158256531,0.7070045471191406,288.89862060546875,15.748620605468773,SMAP_L4_SM_gph_20200221T133000_Vv8010_001.h5
2020-02-22,2020-02-22 13:28:55+00:00,4.533,-75.681,0.331701248884201,0.3243572115898132,0.7410240769386292,0.724607527256012,288.75006103515625,15.600061035156273,SMAP_L4_SM_gph_20200222T133000_Vv8010_001.h5
2020-02-23,2020-02-23 13:28:55+00:00,4.533,-75.681,0.3325203359127044,0.3347114324569702,0.742807924747467,0.7477442622184753,288.8441772460937,15.694177246093773,SMAP_L4_SM_gph_20200223T133000_Vv8010_001.h5
2020-02-24,2020-02-24 13:28:55+00:00,4.533,-75.681,0.3311348855495453,0.3331909477710724,0.73983234167099,0.7443299889564514,288.64215087890625,15.492150878906273,SMAP_L4_SM_gph_20200224T133000_Vv8010_001.h5
2020-02-25,2020-02-25 13:28:55+00:00,4.533,-75.681,0.3378832638263702,0.3389864265918731,0.7550428509712219,0.7572722434997559,288.6693725585937,15.519372558593773,SMAP_L4_SM_gph_20200225T133000_Vv8010_001.h5
2020-02-26,2020-02-26 13:28:55+00:00,4.533,-75.681,0.3510961532592773,0.3508488535881042,0.7843528985977173,0.7839402556419373,288.01397705078125,14.863977050781273,SMAP_L4_SM_gph_20200226T133000_Vv8010_001.h5
2020-02-27,2020-02-27 13:28:55+00:00,4.533,-75.681,0.33258056640625,0.3417410552501678,0.7429855465888977,0.7634817957878113,288.422607421875,15.272607421875025,SMAP_L4_SM_gph_20200227T133000_Vv8010_001.h5
2020-02-28,2020-02-28 13:28:55+00:00,4.533,-75.681,0.3257739841938019,0.3368553221225738,0.7278804183006287,0.7527320384979248,288.53472900390625,15.384729003906273,SMAP_L4_SM_gph_20200228T133000_Vv8010_001.h5
2020-02-29,2020-02-29 13:28:55+00:00,4.533,-75.681,0.3238228857517242,0.334760308265686,0.7234880328178406,0.7477976679801941,288.171142578125,15.021142578125025,SMAP_L4_SM_gph_20200229T133000_Vv8010_001.h5
2020-03-01,2020-03-01 13:28:55+00:00,4.533,-75.681,0.3315292000770569,0.3365586102008819,0.7405949831008911,0.7518627643585205,288.556640625,15.406640625000025,SMAP_L4_SM_gph_20200301T133000_Vv8010_001.h5
2020-03-02,2020-03-02 13:28:55+00:00,4.533,-75.681,0.3386910259723663,0.3398619890213012,0.7566648721694946,0.7594505548477173,288.9451904296875,15.795190429687525,SMAP_L4_SM_gph_20200302T133000_Vv8010_001.h5
2020-03-03,2020-03-03 13:28:55+00:00,4.533,-75.681,0.3365714251995086,0.3410653471946716,0.7519784569740295,0.7618468403816223,289.0361328125,15.886132812500025,SMAP_L4_SM_gph_20200303T133000_Vv8010_001.h5
2020-03-04,2020-03-04 13:28:55+00:00,4.533,-75.681,0.3291658759117126,0.3394983410835266,0.7354207038879395,0.7582365870475769,288.88543701171875,15.735437011718773,SMAP_L4_SM_gph_20200304T133000_Vv8010_001.h5
2020-03-05,2020-03-05 13:28:55+00:00,4.533,-75.681,0.31706702709198,0.3353486359119415,0.7083061933517456,0.7492050528526306,288.2559814453125,15.105981445312525,SMAP_L4_SM_gph_20200305T133000_Vv8010_001.h5
2020-03-06,2020-03-06 13:28:55+00:00,4.533,-75.681,0.314166784286499,0.33243128657341,0.7017460465431213,0.7428160905838013,288.35662841796875,15.206628417968773,SMAP_L4_SM_gph_20200306T133000_Vv8010_001.h5
2020-03-07,2020-03-07 13:28:55+00:00,4.533,-75.681,0.3361039161682129,0.3332122266292572,0.7507801055908203,0.7446512579917908,289.4431457519531,16.293145751953148,SMAP_L4_SM_gph_20200307T133000_Vv8010_001.h5
2020-03-08,2020-03-08 13:28:55+00:00,4.533,-75.681,0.3306124806404114,0.3374148905277252,0.7387428879737854,0.753820538520813,288.72723388671875,15.577233886718773,SMAP_L4_SM_gph_20200308T133000_Vv8010_001.h5
2020-03-09,2020-03-09 13:28:55+00:00,4.533,-75.681,0.3190419375896454,0.3343420624732971,0.7127240896224976,0.7469297051429749,288.770263671875,15.620263671875025,SMAP_L4_SM_gph_20200309T133000_Vv8010_001.h5
2020-03-10,2020-03-10 13:28:55+00:00,4.533,-75.681,0.3386549949645996,0.3368310332298279,0.756513237953186,0.7523509860038757,288.7579345703125,15.607934570312525,SMAP_L4_SM_gph_20200310T133000_Vv8010_001.h5
2020-03-11,2020-03-11 13:28:55+00:00,4.533,-75.681,0.339141845703125,0.3451341092586517,0.7578453421592712,0.7709118127822876,288.7629699707031,15.612969970703148,SMAP_L4_SM_gph_20200311T133000_Vv8010_001.h5
2020-03-12,2020-03-12 13:28:55+00:00,4.533,-75.681,0.3317961096763611,0.3404090702533722,0.7413849830627441,0.7605066299438477,288.69110107421875,15.541101074218773,SMAP_L4_SM_gph_20200312T133000_Vv8010_001.h5
2020-03-13,2020-03-13 13:28:55+00:00,4.533,-75.681,0.3490667641162872,0.3424771130084991,0.7797178030014038,0.765126645565033,288.8330993652344,15.683099365234398,SMAP_L4_SM_gph_20200313T133000_Vv8010_001.h5
2020-03-14,2020-03-14 13:28:55+00:00,4.533,-75.681,0.3574233949184418,0.354396104812622,0.7986952662467957,0.7916973233222961,288.0234375,14.873437500000025,SMAP_L4_SM_gph_20200314T133000_Vv8010_001.h5
2020-03-15,2020-03-15 13:28:55+00:00,4.533,-75.681,0.3439867198467254,0.3504230380058288,0.7686200737953186,0.7830522060394287,288.5892944335937,15.439294433593773,SMAP_L4_SM_gph_20200315T133000_Vv8010_001.h5
2020-03-16,2020-03-16 13:28:55+00:00,4.533,-75.681,0.341441810131073,0.3483043313026428,0.7627806067466736,0.7780559659004211,287.86700439453125,14.717004394531273,SMAP_L4_SM_gph_20200316T133000_Vv8010_001.h5
2020-03-17,2020-03-17 13:28:55+00:00,4.533,-75.681,0.3430812060832977,0.3496381044387817,0.7664258480072021,0.7809624075889587,288.673583984375,15.523583984375025,SMAP_L4_SM_gph_20200317T133000_Vv8010_001.h5
2020-03-18,2020-03-18 13:28:55+00:00,4.533,-75.681,0.3356168270111084,0.3468113839626312,0.7497102618217468,0.7748091816902161,288.6539611816406,15.503961181640648,SMAP_L4_SM_gph_20200318T133000_Vv8010_001.h5
2020-03-19,2020-03-19 13:28:55+00:00,4.533,-75.681,0.3336391448974609,0.3453751504421234,0.7452709674835205,0.771465539932251,288.0534362792969,14.903436279296898,SMAP_L4_SM_gph_20200319T133000_Vv8010_001.h5
2020-03-20,2020-03-20 13:28:55+00:00,4.533,-75.681,0.3315221667289734,0.3434307873249054,0.7405111193656921,0.7673379778862,288.0011291503906,14.851129150390648,SMAP_L4_SM_gph_20200320T133000_Vv8010_001.h5
2020-03-21,2020-03-21 13:28:55+00:00,4.533,-75.681,0.3327592015266418,0.3425800204277038,0.7435529828071594,0.7653945684432983,286.5987548828125,13.448754882812525,SMAP_L4_SM_gph_20200321T133000_Vv8010_001.h5
2020-03-22,2020-03-22 13:28:55+00:00,4.533,-75.681,0.3208532035350799,0.33964604139328,0.7167403697967529,0.7587916254997253,286.07781982421875,12.927819824218773,SMAP_L4_SM_gph_20200322T133000_Vv8010_001.h5
2020-03-23,2020-03-23 13:28:55+00:00,4.533,-75.681,0.3149106800556183,0.3368317484855652,0.7037665247917175,0.7527446746826172,287.0862731933594,13.936273193359398,SMAP_L4_SM_gph_20200323T133000_Vv8010_001.h5
2020-03-24,2020-03-24 13:28:55+00:00,4.533,-75.681,0.328384131193161,0.3371865451335907,0.7335457801818848,0.7534473538398743,287.5099792480469,14.359979248046898,SMAP_L4_SM_gph_20200324T133000_Vv8010_001.h5
2020-03-25,2020-03-25 13:28:55+00:00,4.533,-75.681,0.3291191160678863,0.3373140394687652,0.7352575659751892,0.7537056803703308,287.4067077636719,14.256707763671898,SMAP_L4_SM_gph_20200325T133000_Vv8010_001.h5
2020-03-26,2020-03-26 13:28:55+00:00,4.533,-75.681,0.3353649377822876,0.3384830057621002,0.7493082284927368,0.7562563419342041,288.4014892578125,15.251489257812525,SMAP_L4_SM_gph_20200326T133000_Vv8010_001.h5
2020-03-27,2020-03-27 13:28:55+00:00,4.533,-75.681,0.3387932777404785,0.3461784124374389,0.7568877339363098,0.7733591794967651,288.8924255371094,15.742425537109398,SMAP_L4_SM_gph_20200327T133000_Vv8010_001.h5
2020-03-28,2020-03-28 13:28:55+00:00,4.533,-75.681,0.3285129368305206,0.3417109251022339,0.7339833974838257,0.7634774446487427,289.0391845703125,15.889184570312525,SMAP_L4_SM_gph_20200328T133000_Vv8010_001.h5
2020-03-29,2020-03-29 13:28:55+00:00,4.533,-75.681,0.3221143782138824,0.3388505578041076,0.7197684645652771,0.7572363018989563,288.8206787109375,15.670678710937525,SMAP_L4_SM_gph_20200329T133000_Vv8010_001.h5
2020-03-30,2020-03-30 13:28:55+00:00,4.533,-75.681,0.3265696465969085,0.3372324407100677,0.7296574115753174,0.7535671591758728,288.8315124511719,15.681512451171898,SMAP_L4_SM_gph_20200330T133000_Vv8010_001.h5
2020-03-31,2020-03-31 13:28:55+00:00,4.533,-75.681,0.3239996135234833,0.3359645009040832,0.7237909436225891,0.7505142092704773,288.31353759765625,15.163537597656273,SMAP_L4_SM_gph_20200331T133000_Vv8010_001.h5
2020-04-01,2020-04-01 13:28:55+00:00,4.533,-75.681,0.337104856967926,0.3380588889122009,0.7532660961151123,0.7552029490470886,288.5248107910156,15.374810791015648,SMAP_L4_SM_gph_20200401T133000_Vv8010_001.h5
2020-04-02,2020-04-02 13:28:55+00:00,4.533,-75.681,0.3343603014945984,0.3406984508037567,0.7469862103462219,0.7611865401268005,288.2836303710937,15.133630371093773,SMAP_L4_SM_gph_20200402T133000_Vv8010_001.h5
2020-04-03,2020-04-03 13:28:55+00:00,4.533,-75.681,0.3240290880203247,0.3373369872570038,0.7238410115242004,0.7537655830383301,288.7929382324219,15.642938232421898,SMAP_L4_SM_gph_20200403T133000_Vv8010_001.h5
2020-04-04,2020-04-04 13:28:55+00:00,4.533,-75.681,0.3173730075359344,0.3345233201980591,0.7088609337806702,0.747402012348175,288.7782897949219,15.628289794921898,SMAP_L4_SM_gph_20200404T133000_Vv8010_001.h5
2020-04-05,2020-04-05 13:28:55+00:00,4.533,-75.681,0.3137132227420807,0.3323256373405456,0.7010298371315002,0.7422741055488586,288.97174072265625,15.821740722656273,SMAP_L4_SM_gph_20200405T133000_Vv8010_001.h5
2020-04-06,2020-04-06 13:28:55+00:00,4.533,-75.681,0.3212283551692962,0.3319676220417022,0.7176319360733032,0.7417330145835876,289.4170837402344,16.267083740234398,SMAP_L4_SM_gph_20200406T133000_Vv8010_001.h5
2020-04-07,2020-04-07 13:28:55+00:00,4.533,-75.681,0.3416043817996979,0.3406483232975006,0.7632391452789307,0.761226236820221,289.1788024902344,16.028802490234398,SMAP_L4_SM_gph_20200407T133000_Vv8010_001.h5
2020-04-08,2020-04-08 13:28:55+00:00,4.533,-75.681,0.327889621257782,0.337198793888092,0.7324647903442383,0.7533316612243652,288.7416687011719,15.591668701171898,SMAP_L4_SM_gph_20200408T133000_Vv8010_001.h5
2020-04-09,2020-04-09 13:28:55+00:00,4.533,-75.681,0.3275682032108307,0.3356120884418487,0.7317690253257751,0.7499142289161682,289.0619201660156,15.911920166015648,SMAP_L4_SM_gph_20200409T133000_Vv8010_001.h5
2020-04-10,2020-04-10 13:28:55+00:00,4.533,-75.681,0.3361215591430664,0.3369137346744537,0.7510615587234497,0.7527368664741516,288.78289794921875,15.632897949218773,SMAP_L4_SM_gph_20200410T133000_Vv8010_001.h5
2020-04-11,2020-04-11 13:28:55+00:00,4.533,-75.681,0.3436058163642883,0.3431465327739715,0.7674749493598938,0.7664276361465454,288.8644104003906,15.714410400390648,SMAP_L4_SM_gph_20200411T133000_Vv8010_001.h5
2020-04-12,2020-04-12 13:28:55+00:00,4.533,-75.681,0.345407634973526,0.3506712913513183,0.7717066407203674,0.7836481332778931,288.93463134765625,15.784631347656273,SMAP_L4_SM_gph_20200412T133000_Vv8010_001.h5
2020-04-13,2020-04-13 13:28:55+00:00,4.533,-75.681,0.3560486435890198,0.3522427082061767,0.7955238223075867,0.7870992422103882,288.4672546386719,15.317254638671898,SMAP_L4_SM_gph_20200413T133000_Vv8010_001.h5
2020-04-14,2020-04-14 13:28:55+00:00,4.533,-75.681,0.3475345075130462,0.3507604598999023,0.776382565498352,0.7837095856666565,288.28765869140625,15.137658691406273,SMAP_L4_SM_gph_20200414T133000_Vv8010_001.h5
2020-04-15,2020-04-15 13:28:55+00:00,4.533,-75.681,0.34438556432724,0.3484361469745636,0.7693325877189636,0.7785696387290955,288.1308898925781,14.980889892578148,SMAP_L4_SM_gph_20200415T133000_Vv8010_001.h5
2020-04-16,2020-04-16 13:28:55+00:00,4.533,-75.681,0.3389530479907989,0.3465414643287658,0.7574165463447571,0.7740832567214966,288.26690673828125,15.116906738281273,SMAP_L4_SM_gph_20200416T133000_Vv8010_001.h5
2020-04-17,2020-04-17 13:28:55+00:00,4.533,-75.681,0.3441431224346161,0.3476471602916717,0.7689589858055115,0.776787281036377,287.9770202636719,14.827020263671898,SMAP_L4_SM_gph_20200417T133000_Vv8010_001.h5
2020-04-18,2020-04-18 13:28:55+00:00,4.533,-75.681,0.3425773382186889,0.3484722673892975,0.7652067542076111,0.7784937024116516,287.771484375,14.621484375000025,SMAP_L4_SM_gph_20200418T133000_Vv8010_001.h5
2020-04-19,2020-04-19 13:28:55+00:00,4.533,-75.681,0.3359500169754028,0.3471021056175232,0.7506299018859863,0.7754926681518555,287.62554931640625,14.475549316406273,SMAP_L4_SM_gph_20200419T133000_Vv8010_001.h5
2020-04-20,2020-04-20 13:28:55+00:00,4.533,-75.681,0.3284575641155243,0.3442382216453552,0.7338688969612122,0.7691685557365417,287.77001953125,14.620019531250025,SMAP_L4_SM_gph_20200420T133000_Vv8010_001.h5
2020-04-21,2020-04-21 13:28:55+00:00,4.533,-75.681,0.3328767418861389,0.3437858521938324,0.7436977028846741,0.7679677605628967,287.51422119140625,14.364221191406273,SMAP_L4_SM_gph_20200421T133000_Vv8010_001.h5
2020-04-22,2020-04-22 13:28:55+00:00,4.533,-75.681,0.3366931974887848,0.3446063995361328,0.7521094083786011,0.7698326110839844,287.65625,14.506250000000025,SMAP_L4_SM_gph_20200422T133000_Vv8010_001.h5
2020-04-23,2020-04-23 13:28:55+00:00,4.533,-75.681,0.338560402393341,0.344521552324295,0.7563353180885315,0.7697588205337524,287.7249450683594,14.574945068359398,SMAP_L4_SM_gph_20200423T133000_Vv8010_001.h5
2020-04-24,2020-04-24 13:28:55+00:00,4.533,-75.681,0.3459073007106781,0.3516781330108642,0.7728666067123413,0.7855831384658813,288.5535888671875,15.403588867187525,SMAP_L4_SM_gph_20200424T133000_Vv8010_001.h5
2020-04-25,2020-04-25 13:28:55+00:00,4.533,-75.681,0.346422016620636,0.3524198830127716,0.774060845375061,0.7873165607452393,288.5575256347656,15.407525634765648,SMAP_L4_SM_gph_20200425T133000_Vv8010_001.h5
2020-04-26,2020-04-26 13:28:55+00:00,4.533,-75.681,0.3367661833763122,0.3491488397121429,0.7522610425949097,0.7800570130348206,288.11724853515625,14.967248535156273,SMAP_L4_SM_gph_20200426T133000_Vv8010_001.h5
2020-04-27,2020-04-27 13:28:55+00:00,4.533,-75.681,0.3317693769931793,0.3459938168525696,0.7412468791007996,0.7730261087417603,288.279541015625,15.129541015625025,SMAP_L4_SM_gph_20200427T133000_Vv8010_001.h5
2020-04-28,2020-04-28 13:28:55+00:00,4.533,-75.681,0.3439320623874664,0.3480068445205688,0.7683536410331726,0.7772585153579712,288.3721923828125,15.222192382812525,SMAP_L4_SM_gph_20200428T133000_Vv8010_001.h5
2020-04-29,2020-04-29 13:28:55+00:00,4.533,-75.681,0.3487465679645538,0.3524359166622162,0.7791902422904968,0.7873584628105164,288.812255859375,15.662255859375025,SMAP_L4_SM_gph_20200429T133000_Vv8010_001.h5
2020-04-30,2020-04-30 13:28:55+00:00,4.533,-75.681,0.3401607275009155,0.3512606024742126,0.7598989605903625,0.7847170233726501,288.6226806640625,15.472680664062525,SMAP_L4_SM_gph_20200430T133000_Vv8010_001.h5
2020-05-01,2020-05-01 13:28:55+00:00,4.533,-75.681,0.3556530773639679,0.3587231934070587,0.7944608926773071,0.8016052842140198,289.0130615234375,15.863061523437525,SMAP_L4_SM_gph_20200501T133000_Vv8010_001.h5
2020-05-02,2020-05-02 13:28:55+00:00,4.533,-75.681,0.3506444692611694,0.3622176647186279,0.7834487557411194,0.8092990517616272,288.3406982421875,15.190698242187525,SMAP_L4_SM_gph_20200502T133000_Vv8010_001.h5
2020-05-03,2020-05-03 13:28:55+00:00,4.533,-75.681,0.3402802050113678,0.3569395840167999,0.7602134346961975,0.7975046038627625,288.7000427246094,15.550042724609398,SMAP_L4_SM_gph_20200503T133000_Vv8010_001.h5
2020-05-04,2020-05-04 13:28:55+00:00,4.533,-75.681,0.3459086716175079,0.3556075394153595,0.7727552652359009,0.7946028709411621,288.47381591796875,15.323815917968773,SMAP_L4_SM_gph_20200504T133000_Vv8010_001.h5
2020-05-05,2020-05-05 13:28:55+00:00,4.533,-75.681,0.3459170758724212,0.3551830947399139,0.772741973400116,0.7937188148498535,288.2552185058594,15.105218505859398,SMAP_L4_SM_gph_20200505T133000_Vv8010_001.h5
2020-05-06,2020-05-06 13:28:55+00:00,4.533,-75.681,0.3430647850036621,0.3552035987377167,0.7664048671722412,0.7937721014022827,288.8746337890625,15.724633789062525,SMAP_L4_SM_gph_20200506T133000_Vv8010_001.h5
2020-05-07,2020-05-07 13:28:55+00:00,4.533,-75.681,0.3349660634994507,0.3528042733669281,0.7485153079032898,0.7882664799690247,288.4255676269531,15.275567626953148,SMAP_L4_SM_gph_20200507T133000_Vv8010_001.h5
2020-05-08,2020-05-08 13:28:55+00:00,4.533,-75.681,0.3469754159450531,0.3530307710170746,0.7751041054725647,0.7889530658721924,288.4039001464844,15.253900146484398,SMAP_L4_SM_gph_20200508T133000_Vv8010_001.h5
2020-05-09,2020-05-09 13:28:55+00:00,4.533,-75.681,0.3452699780464172,0.3537157475948334,0.7713323831558228,0.7900501489639282,288.48638916015625,15.336389160156273,SMAP_L4_SM_gph_20200509T133000_Vv8010_001.h5
2020-05-10,2020-05-10 13:28:55+00:00,4.533,-75.681,0.3422002792358398,0.3522369861602783,0.764553964138031,0.7869138121604919,288.731201171875,15.581201171875025,SMAP_L4_SM_gph_20200510T133000_Vv8010_001.h5
2020-05-11,2020-05-11 13:28:55+00:00,4.533,-75.681,0.3405654728412628,0.3511362671852112,0.7609533667564392,0.7844669222831726,289.5150146484375,16.365014648437523,SMAP_L4_SM_gph_20200511T133000_Vv8010_001.h5
2020-05-12,2020-05-12 13:28:55+00:00,4.533,-75.681,0.3482513725757599,0.3536933362483978,0.7779803276062012,0.790309727191925,288.9476318359375,15.797631835937525,SMAP_L4_SM_gph_20200512T133000_Vv8010_001.h5
2020-05-13,2020-05-13 13:28:55+00:00,4.533,-75.681,0.3472160696983337,0.3573994636535644,0.7757561206817627,0.7982369065284729,288.7916259765625,15.641625976562525,SMAP_L4_SM_gph_20200513T133000_Vv8010_001.h5
2020-05-14,2020-05-14 13:28:55+00:00,4.533,-75.681,0.3442058861255646,0.3557998538017273,0.7689101696014404,0.7947858572006226,288.0963134765625,14.946313476562525,SMAP_L4_SM_gph_20200514T133000_Vv8010_001.h5
2020-05-15,2020-05-15 13:28:55+00:00,4.533,-75.681,0.334757536649704,0.3522368669509887,0.7480326890945435,0.7871575951576233,288.6734619140625,15.523461914062525,SMAP_L4_SM_gph_20200515T133000_Vv8010_001.h5
2020-05-16,2020-05-16 13:28:55+00:00,4.533,-75.681,0.3367815315723419,0.3508951663970947,0.7523356080055237,0.7839866876602173,288.33966064453125,15.189660644531273,SMAP_L4_SM_gph_20200516T133000_Vv8010_001.h5
2020-05-17,2020-05-17 13:28:55+00:00,4.533,-75.681,0.3330338299274444,0.3486941456794739,0.7438665628433228,0.7790940403938293,288.3331298828125,15.183129882812525,SMAP_L4_SM_gph_20200517T133000_Vv8010_001.h5
2020-05-18,2020-05-18 13:28:55+00:00,4.533,-75.681,0.3500396907329559,0.3510207235813141,0.7821611762046814,0.7842398881912231,287.9384460449219,14.788446044921898,SMAP_L4_SM_gph_20200518T133000_Vv8010_001.h5
2020-05-19,2020-05-19 13:28:55+00:00,4.533,-75.681,0.3421277105808258,0.352212131023407,0.7643448710441589,0.7868490219116211,287.8502502441406,14.700250244140648,SMAP_L4_SM_gph_20200519T133000_Vv8010_001.h5
2020-05-20,2020-05-20 13:28:55+00:00,4.533,-75.681,0.3413640856742859,0.350700706243515,0.7628282308578491,0.7836277484893799,288.17486572265625,15.024865722656273,SMAP_L4_SM_gph_20200520T133000_Vv8010_001.h5
2020-05-21,2020-05-21 13:28:55+00:00,4.533,-75.681,0.3359122276306152,0.348369300365448,0.7505344152450562,0.7784693837165833,288.2950439453125,15.145043945312525,SMAP_L4_SM_gph_20200521T133000_Vv8010_001.h5
2020-05-22,2020-05-22 13:28:55+00:00,4.533,-75.681,0.3272243738174438,0.3456914126873016,0.7311301827430725,0.7720929384231567,288.4541015625,15.304101562500025,SMAP_L4_SM_gph_20200522T133000_Vv8010_001.h5
2020-05-23,2020-05-23 13:28:55+00:00,4.533,-75.681,0.3303489089012146,0.3440678417682647,0.7380625009536743,0.7687253355979919,288.46978759765625,15.319787597656273,SMAP_L4_SM_gph_20200523T133000_Vv8010_001.h5
2020-05-24,2020-05-24 13:28:55+00:00,4.533,-75.681,0.3245161175727844,0.3422182500362396,0.7251152396202087,0.7643558382987976,288.23828125,15.088281250000025,SMAP_L4_SM_gph_20200524T133000_Vv8010_001.h5
2020-05-25,2020-05-25 13:28:55+00:00,4.533,-75.681,0.3275171518325805,0.3410866260528564,0.7317798137664795,0.762072741985321,288.2913513183594,15.141351318359398,SMAP_L4_SM_gph_20200525T133000_Vv8010_001.h5
2020-05-26,2020-05-26 13:28:55+00:00,4.533,-75.681,0.3298831582069397,0.3400473892688751,0.7372336983680725,0.7597858309745789,288.715576171875,15.565576171875025,SMAP_L4_SM_gph_20200526T133000_Vv8010_001.h5
2020-05-27,2020-05-27 13:28:55+00:00,4.533,-75.681,0.3311845660209656,0.3395450115203857,0.7399771809577942,0.758772611618042,288.3464660644531,15.196466064453148,SMAP_L4_SM_gph_20200527T133000_Vv8010_001.h5
2020-05-28,2020-05-28 13:28:55+00:00,4.533,-75.681,0.3396353125572204,0.3411651849746704,0.7586343884468079,0.7620330452919006,288.0497741699219,14.899774169921898,SMAP_L4_SM_gph_20200528T133000_Vv8010_001.h5
2020-05-29,2020-05-29 13:28:55+00:00,4.533,-75.681,0.3448050916194916,0.3477797210216522,0.770326554775238,0.7769848108291626,288.7130126953125,15.563012695312525,SMAP_L4_SM_gph_20200529T133000_Vv8010_001.h5
2020-05-30,2020-05-30 13:28:55+00:00,4.533,-75.681,0.3513292074203491,0.351296067237854,0.7848657965660095,0.784809410572052,288.275146484375,15.125146484375025,SMAP_L4_SM_gph_20200530T133000_Vv8010_001.h5
2020-05-31,2020-05-31 13:28:55+00:00,4.533,-75.681,0.3481727838516235,0.354231059551239,0.7777463793754578,0.7914151549339294,288.5069580078125,15.356958007812525,SMAP_L4_SM_gph_20200531T133000_Vv8010_001.h5
2020-06-01,2020-06-01 13:28:55+00:00,4.533,-75.681,0.3599523305892944,0.3585836589336395,0.8042551279067993,0.8011454343795776,288.09918212890625,14.949182128906273,SMAP_L4_SM_gph_20200601T133000_Vv8010_001.h5
2020-06-02,2020-06-02 13:28:55+00:00,4.533,-75.681,0.3507875204086303,0.3593699038028717,0.7838135957717896,0.8029206991195679,287.92205810546875,14.772058105468773,SMAP_L4_SM_gph_20200602T133000_Vv8010_001.h5
2020-06-03,2020-06-03 13:28:55+00:00,4.533,-75.681,0.3591398000717163,0.3623062670230865,0.8022924065589905,0.8095298409461975,288.4689025878906,15.318902587890648,SMAP_L4_SM_gph_20200603T133000_Vv8010_001.h5
2020-06-04,2020-06-04 13:28:55+00:00,4.533,-75.681,0.3526456952095032,0.3649653196334839,0.7878801822662354,0.8153202533721924,287.8262939453125,14.676293945312525,SMAP_L4_SM_gph_20200604T133000_Vv8010_001.h5
2020-06-05,2020-06-05 13:28:55+00:00,4.533,-75.681,0.3501021265983581,0.3621867895126343,0.7821551561355591,0.8092924952507019,287.99383544921875,14.843835449218773,SMAP_L4_SM_gph_20200605T133000_Vv8010_001.h5
2020-06-06,2020-06-06 13:28:55+00:00,4.533,-75.681,0.3581836521625519,0.3648208677768707,0.8001537322998047,0.8150919675827026,287.8274841308594,14.677484130859398,SMAP_L4_SM_gph_20200606T133000_Vv8010_001.h5
2020-06-07,2020-06-07 13:28:55+00:00,4.533,-75.681,0.3498190641403198,0.363921582698822,0.7816250324249268,0.8131184577941895,287.8856811523437,14.735681152343773,SMAP_L4_SM_gph_20200607T133000_Vv8010_001.h5
2020-06-08,2020-06-08 13:28:55+00:00,4.533,-75.681,0.348748505115509,0.3618133068084717,0.7793633937835693,0.8084672689437866,288.09930419921875,14.949304199218773,SMAP_L4_SM_gph_20200608T133000_Vv8010_001.h5
2020-06-09,2020-06-09 13:28:55+00:00,4.533,-75.681,0.3434053361415863,0.3588388562202453,0.7670367956161499,0.8016627430915833,287.712646484375,14.562646484375025,SMAP_L4_SM_gph_20200609T133000_Vv8010_001.h5
2020-06-10,2020-06-10 13:28:55+00:00,4.533,-75.681,0.3451195061206817,0.3574746251106262,0.771174430847168,0.7987734079360962,287.895751953125,14.745751953125025,SMAP_L4_SM_gph_20200610T133000_Vv8010_001.h5
2020-06-11,2020-06-11 13:28:55+00:00,4.533,-75.681,0.3448198139667511,0.3564879298210144,0.7706080675125122,0.7964533567428589,288.2437744140625,15.093774414062525,SMAP_L4_SM_gph_20200611T133000_Vv8010_001.h5
2020-06-12,2020-06-12 13:28:55+00:00,4.533,-75.681,0.3510982096195221,0.3585055768489837,0.7844496369361877,0.8008467555046082,288.03369140625,14.883691406250025,SMAP_L4_SM_gph_20200612T133000_Vv8010_001.h5
2020-06-13,2020-06-13 13:28:55+00:00,4.533,-75.681,0.3420563340187073,0.3559378385543823,0.7640637755393982,0.7953897714614868,287.50836181640625,14.358361816406273,SMAP_L4_SM_gph_20200613T133000_Vv8010_001.h5
2020-06-14,2020-06-14 13:28:55+00:00,4.533,-75.681,0.3488447070121765,0.3565529286861419,0.779411792755127,0.7966229319572449,287.8116149902344,14.661614990234398,SMAP_L4_SM_gph_20200614T133000_Vv8010_001.h5
2020-06-15,2020-06-15 13:28:55+00:00,4.533,-75.681,0.3500047028064728,0.3621560037136078,0.7820687890052795,0.8091170787811279,287.39959716796875,14.249597167968773,SMAP_L4_SM_gph_20200615T133000_Vv8010_001.h5
2020-06-16,2020-06-16 13:28:55+00:00,4.533,-75.681,0.3372737467288971,0.3573180437088012,0.7536734342575073,0.7984921932220459,287.5885314941406,14.438531494140648,SMAP_L4_SM_gph_20200616T133000_Vv8010_001.h5
2020-06-17,2020-06-17 13:28:55+00:00,4.533,-75.681,0.3441072404384613,0.3555780053138733,0.7688075304031372,0.7945046424865723,287.66656494140625,14.516564941406273,SMAP_L4_SM_gph_20200617T133000_Vv8010_001.h5
2020-06-18,2020-06-18 13:28:55+00:00,4.533,-75.681,0.3466586172580719,0.3578626811504364,0.7742968797683716,0.7996160387992859,287.43389892578125,14.283898925781273,SMAP_L4_SM_gph_20200618T133000_Vv8010_001.h5
2020-06-19,2020-06-19 13:28:55+00:00,4.533,-75.681,0.3474434614181518,0.3569886982440948,0.7760621905326843,0.7973677515983582,288.05938720703125,14.909387207031273,SMAP_L4_SM_gph_20200619T133000_Vv8010_001.h5
2020-06-20,2020-06-20 13:28:55+00:00,4.533,-75.681,0.3389215171337127,0.3543650805950165,0.7570255994796753,0.7915205955505371,287.7577819824219,14.607781982421898,SMAP_L4_SM_gph_20200620T133000_Vv8010_001.h5
2020-06-21,2020-06-21 13:28:55+00:00,4.533,-75.681,0.3435707986354828,0.353224515914917,0.7675533890724182,0.7892137765884399,288.1683654785156,15.018365478515648,SMAP_L4_SM_gph_20200621T133000_Vv8010_001.h5
2020-06-22,2020-06-22 13:28:55+00:00,4.533,-75.681,0.3373350501060486,0.351734846830368,0.7535135746002197,0.7859753370285034,287.8788146972656,14.728814697265648,SMAP_L4_SM_gph_20200622T133000_Vv8010_001.h5
2020-06-23,2020-06-23 13:28:55+00:00,4.533,-75.681,0.338287353515625,0.3504965305328369,0.7557793259620667,0.7829995155334473,287.9580383300781,14.808038330078148,SMAP_L4_SM_gph_20200623T133000_Vv8010_001.h5
2020-06-24,2020-06-24 13:28:55+00:00,4.533,-75.681,0.3404126167297363,0.3504108488559723,0.7604901194572449,0.7828503251075745,287.98907470703125,14.839074707031273,SMAP_L4_SM_gph_20200624T133000_Vv8010_001.h5
2020-06-25,2020-06-25 13:28:55+00:00,4.533,-75.681,0.3377844095230102,0.3488405346870422,0.7546924352645874,0.7795504331588745,287.7232666015625,14.573266601562525,SMAP_L4_SM_gph_20200625T133000_Vv8010_001.h5
2020-06-26,2020-06-26 13:28:55+00:00,4.533,-75.681,0.339370846748352,0.3477455675601959,0.7582410573959351,0.7768958210945129,287.6387023925781,14.488702392578148,SMAP_L4_SM_gph_20200626T133000_Vv8010_001.h5
2020-06-27,2020-06-27 13:28:55+00:00,4.533,-75.681,0.3372900485992431,0.3467251658439636,0.7535017728805542,0.774658203125,287.8426818847656,14.692681884765648,SMAP_L4_SM_gph_20200627T133000_Vv8010_001.h5
2020-06-28,2020-06-28 13:28:55+00:00,4.533,-75.681,0.3437325060367584,0.3477878272533417,0.7680659294128418,0.7770058512687683,287.8346252441406,14.684625244140648,SMAP_L4_SM_gph_20200628T133000_Vv8010_001.h5
2020-06-29,2020-06-29 13:28:55+00:00,4.533,-75.681,0.3405907154083252,0.3493774235248565,0.7608128190040588,0.7804309725761414,287.2094116210937,14.059411621093773,SMAP_L4_SM_gph_20200629T133000_Vv8010_001.h5
2020-06-30,2020-06-30 13:28:55+00:00,4.533,-75.681,0.3354796767234802,0.3475433588027954,0.749712347984314,0.7765908241271973,287.34942626953125,14.199426269531273,SMAP_L4_SM_gph_20200630T133000_Vv8010_001.h5
2020-07-01,2020-07-01 13:28:55+00:00,4.533,-75.681,0.3313063681125641,0.3453962802886963,0.740184485912323,0.7716910243034363,287.97003173828125,14.820031738281273,SMAP_L4_SM_gph_20200701T133000_Vv8010_001.h5
2020-07-02,2020-07-02 13:28:55+00:00,4.533,-75.681,0.3499647974967956,0.3516511023044586,0.781705379486084,0.7856830954551697,287.96063232421875,14.810632324218773,SMAP_L4_SM_gph_20200702T133000_Vv8010_001.h5
2020-07-03,2020-07-03 13:28:55+00:00,4.533,-75.681,0.3488438129425049,0.3593873083591461,0.7794474363327026,0.8031362295150757,287.6933898925781,14.543389892578148,SMAP_L4_SM_gph_20200703T133000_Vv8010_001.h5
2020-07-04,2020-07-04 13:28:55+00:00,4.533,-75.681,0.350191056728363,0.3572899401187897,0.7823453545570374,0.7981222867965698,288.1093139648437,14.959313964843773,SMAP_L4_SM_gph_20200704T133000_Vv8010_001.h5
2020-07-05,2020-07-05 13:28:55+00:00,4.533,-75.681,0.3536744117736816,0.3594763875007629,0.7903226613998413,0.8030502796173096,288.095458984375,14.945458984375025,SMAP_L4_SM_gph_20200705T133000_Vv8010_001.h5
2020-07-06,2020-07-06 13:28:55+00:00,4.533,-75.681,0.353043645620346,0.3586890399456024,0.7889671325683594,0.8015162348747253,288.21942138671875,15.069421386718773,SMAP_L4_SM_gph_20200706T133000_Vv8010_001.h5
2020-07-07,2020-07-07 13:28:55+00:00,4.533,-75.681,0.3528030812740326,0.3608148097991943,0.7882752418518066,0.806212842464447,287.9269104003906,14.776910400390648,SMAP_L4_SM_gph_20200707T133000_Vv8010_001.h5
2020-07-08,2020-07-08 13:28:55+00:00,4.533,-75.681,0.3472096025943756,0.3599084019660949,0.7756795287132263,0.8039540648460388,287.8472900390625,14.697290039062525,SMAP_L4_SM_gph_20200708T133000_Vv8010_001.h5
2020-07-09,2020-07-09 13:28:55+00:00,4.533,-75.681,0.3403727412223816,0.3569448292255401,0.7606730461120605,0.7975922226905823,287.7474975585937,14.597497558593773,SMAP_L4_SM_gph_20200709T133000_Vv8010_001.h5
2020-07-10,2020-07-10 13:28:55+00:00,4.533,-75.681,0.3509718477725982,0.3574504554271698,0.7839567065238953,0.7987105250358582,287.749267578125,14.599267578125025,SMAP_L4_SM_gph_20200710T133000_Vv8010_001.h5
2020-07-11,2020-07-11 13:28:55+00:00,4.533,-75.681,0.3561103641986847,0.3628062903881073,0.7956879138946533,0.8105370998382568,287.0870361328125,13.937036132812525,SMAP_L4_SM_gph_20200711T133000_Vv8010_001.h5
2020-07-12,2020-07-12 13:28:55+00:00,4.533,-75.681,0.3565241992473602,0.3688307106494903,0.7966027855873108,0.8241733312606812,287.5172424316406,14.367242431640648,SMAP_L4_SM_gph_20200712T133000_Vv8010_001.h5
2020-07-13,2020-07-13 13:28:55+00:00,4.533,-75.681,0.3534438908100128,0.3666622340679168,0.7896232604980469,0.8190478682518005,287.2071533203125,14.057153320312525,SMAP_L4_SM_gph_20200713T133000_Vv8010_001.h5
2020-07-14,2020-07-14 13:28:55+00:00,4.533,-75.681,0.3481874167919159,0.3642084002494812,0.7778781652450562,0.8137916326522827,287.0585327148437,13.908532714843773,SMAP_L4_SM_gph_20200714T133000_Vv8010_001.h5
2020-07-15,2020-07-15 13:28:55+00:00,4.533,-75.681,0.3480735123157501,0.3618555068969726,0.7773986458778381,0.8082593083381653,286.9239501953125,13.773950195312525,SMAP_L4_SM_gph_20200715T133000_Vv8010_001.h5
2020-07-16,2020-07-16 13:28:55+00:00,4.533,-75.681,0.34014692902565,0.3589563369750976,0.7599786520004272,0.8020647764205933,287.2526550292969,14.102655029296898,SMAP_L4_SM_gph_20200716T133000_Vv8010_001.h5
2020-07-17,2020-07-17 13:28:55+00:00,4.533,-75.681,0.3393507599830627,0.3566019535064697,0.7582011818885803,0.7966024279594421,287.234619140625,14.084619140625025,SMAP_L4_SM_gph_20200717T133000_Vv8010_001.h5
2020-07-18,2020-07-18 13:28:55+00:00,4.533,-75.681,0.3355086147785187,0.3537910282611847,0.7496122717857361,0.7902707457542419,287.1641845703125,14.014184570312525,SMAP_L4_SM_gph_20200718T133000_Vv8010_001.h5
2020-07-19,2020-07-19 13:28:55+00:00,4.533,-75.681,0.3369231224060058,0.3520807027816772,0.7526007294654846,0.7864104509353638,287.4030456542969,14.253045654296898,SMAP_L4_SM_gph_20200719T133000_Vv8010_001.h5
2020-07-20,2020-07-20 13:28:55+00:00,4.533,-75.681,0.338150292634964,0.3507362902164459,0.7554244995117188,0.7834764122962952,287.5279846191406,14.377984619140648,SMAP_L4_SM_gph_20200720T133000_Vv8010_001.h5
2020-07-21,2020-07-21 13:28:55+00:00,4.533,-75.681,0.3468222320079803,0.3537172079086303,0.77486652135849,0.7902019619941711,287.6492004394531,14.499200439453148,SMAP_L4_SM_gph_20200721T133000_Vv8010_001.h5
2020-07-22,2020-07-22 13:28:55+00:00,4.533,-75.681,0.3458368480205536,0.3545250296592712,0.7727359533309937,0.7920333743095398,287.6634826660156,14.513482666015648,SMAP_L4_SM_gph_20200722T133000_Vv8010_001.h5
2020-07-23,2020-07-23 13:28:55+00:00,4.533,-75.681,0.3460941314697265,0.3543950617313385,0.7732352018356323,0.7917686104774475,288.0372009277344,14.887200927734398,SMAP_L4_SM_gph_20200723T133000_Vv8010_001.h5
2020-07-24,2020-07-24 13:28:55+00:00,4.533,-75.681,0.3518864512443542,0.3556564152240753,0.7862370014190674,0.7944859862327576,288.0501708984375,14.900170898437525,SMAP_L4_SM_gph_20200724T133000_Vv8010_001.h5
2020-07-25,2020-07-25 13:28:55+00:00,4.533,-75.681,0.3553504347801208,0.3630252480506897,0.7937235832214355,0.8111301064491272,287.927978515625,14.777978515625025,SMAP_L4_SM_gph_20200725T133000_Vv8010_001.h5
2020-07-26,2020-07-26 13:28:55+00:00,4.533,-75.681,0.3485068082809448,0.3606598675251007,0.7786914706230164,0.8057129383087158,287.3095703125,14.159570312500025,SMAP_L4_SM_gph_20200726T133000_Vv8010_001.h5
2020-07-27,2020-07-27 13:28:55+00:00,4.533,-75.681,0.339635282754898,0.3568061590194702,0.7587145566940308,0.7969866991043091,287.16436767578125,14.014367675781273,SMAP_L4_SM_gph_20200727T133000_Vv8010_001.h5
2020-07-28,2020-07-28 13:28:55+00:00,4.533,-75.681,0.345407098531723,0.3550918102264404,0.7717277407646179,0.7934814095497131,287.3194885253906,14.169488525390648,SMAP_L4_SM_gph_20200728T133000_Vv8010_001.h5
2020-07-29,2020-07-29 13:28:55+00:00,4.533,-75.681,0.335795909166336,0.3527352213859558,0.7500157356262207,0.7880133986473083,287.4111328125,14.261132812500025,SMAP_L4_SM_gph_20200729T133000_Vv8010_001.h5
2020-07-30,2020-07-30 13:28:55+00:00,4.533,-75.681,0.3339525759220123,0.3506489098072052,0.7460962533950806,0.7834190130233765,287.7562561035156,14.606256103515648,SMAP_L4_SM_gph_20200730T133000_Vv8010_001.h5
2020-07-31,2020-07-31 13:28:55+00:00,4.533,-75.681,0.3367410600185394,0.3495435118675232,0.7522920966148376,0.7807159423828125,287.75030517578125,14.600305175781273,SMAP_L4_SM_gph_20200731T133000_Vv8010_001.h5
2020-08-01,2020-08-01 13:28:55+00:00,4.533,-75.681,0.3325130641460418,0.3475370407104492,0.7428367733955383,0.7763538360595703,287.16094970703125,14.010949707031273,SMAP_L4_SM_gph_20200801T133000_Vv8010_001.h5
2020-08-02,2020-08-02 13:28:55+00:00,4.533,-75.681,0.322240799665451,0.344009518623352,0.7200936079025269,0.7684026956558228,286.5837097167969,13.433709716796898,SMAP_L4_SM_gph_20200802T133000_Vv8010_001.h5
2020-08-03,2020-08-03 13:28:55+00:00,4.533,-75.681,0.3194780051708221,0.341035783290863,0.7136812806129456,0.761940598487854,287.1068115234375,13.956811523437525,SMAP_L4_SM_gph_20200803T133000_Vv8010_001.h5
2020-08-04,2020-08-04 13:28:55+00:00,4.533,-75.681,0.3146226108074188,0.3385805487632751,0.7030814290046692,0.7565336227416992,286.97119140625,13.821191406250025,SMAP_L4_SM_gph_20200804T133000_Vv8010_001.h5
2020-08-05,2020-08-05 13:28:55+00:00,4.533,-75.681,0.3141860961914062,0.3365825414657593,0.70204758644104,0.7518513202667236,286.827880859375,13.677880859375025,SMAP_L4_SM_gph_20200805T133000_Vv8010_001.h5
2020-08-06,2020-08-06 13:28:55+00:00,4.533,-75.681,0.314413458108902,0.3351176679134369,0.7026307582855225,0.7486774325370789,287.1773376464844,14.027337646484398,SMAP_L4_SM_gph_20200806T133000_Vv8010_001.h5
2020-08-07,2020-08-07 13:28:55+00:00,4.533,-75.681,0.3161001801490783,0.3336436748504638,0.7064001560211182,0.7455534934997559,287.2198486328125,14.069848632812525,SMAP_L4_SM_gph_20200807T133000_Vv8010_001.h5
2020-08-08,2020-08-08 13:28:55+00:00,4.533,-75.681,0.3122255802154541,0.3317232728004455,0.6973826885223389,0.7411704659461975,287.2684020996094,14.118402099609398,SMAP_L4_SM_gph_20200808T133000_Vv8010_001.h5
2020-08-09,2020-08-09 13:28:55+00:00,4.533,-75.681,0.3056844174861908,0.3293330669403076,0.6829198598861694,0.7358591556549072,287.2970275878906,14.147027587890648,SMAP_L4_SM_gph_20200809T133000_Vv8010_001.h5
2020-08-10,2020-08-10 13:28:55+00:00,4.533,-75.681,0.3033096492290497,0.3275195956230163,0.6777333617210388,0.7315839529037476,287.58648681640625,14.436486816406273,SMAP_L4_SM_gph_20200810T133000_Vv8010_001.h5
2020-08-11,2020-08-11 13:28:55+00:00,4.533,-75.681,0.2994880974292755,0.3253023326396942,0.6691988110542297,0.7267228960990906,287.77838134765625,14.628381347656273,SMAP_L4_SM_gph_20200811T133000_Vv8010_001.h5
2020-08-12,2020-08-12 13:28:55+00:00,4.533,-75.681,0.3084936738014221,0.3249527215957641,0.6891381144523621,0.7260337471961975,288.0154724121094,14.865472412109398,SMAP_L4_SM_gph_20200812T133000_Vv8010_001.h5
2020-08-13,2020-08-13 13:28:55+00:00,4.533,-75.681,0.3276340663433075,0.3264118432998657,0.7319857478141785,0.7291926741600037,288.5361022949219,15.386102294921898,SMAP_L4_SM_gph_20200813T133000_Vv8010_001.h5
2020-08-14,2020-08-14 13:28:55+00:00,4.533,-75.681,0.33354651927948,0.3333694040775299,0.7451134920120239,0.7448164224624634,288.87158203125,15.721582031250025,SMAP_L4_SM_gph_20200814T133000_Vv8010_001.h5
2020-08-15,2020-08-15 13:28:55+00:00,4.533,-75.681,0.3412879407405853,0.3368300497531891,0.7625969052314758,0.7524960041046143,288.26873779296875,15.118737792968773,SMAP_L4_SM_gph_20200815T133000_Vv8010_001.h5
2020-08-16,2020-08-16 13:28:55+00:00,4.533,-75.681,0.3449198007583618,0.3486393094062805,0.7706941962242126,0.7788553833961487,288.271484375,15.121484375000025,SMAP_L4_SM_gph_20200816T133000_Vv8010_001.h5
2020-08-17,2020-08-17 13:28:55+00:00,4.533,-75.681,0.3392992317676544,0.3444167375564575,0.7582007050514221,0.7693896889686584,288.4241638183594,15.274163818359398,SMAP_L4_SM_gph_20200817T133000_Vv8010_001.h5
2020-08-18,2020-08-18 13:28:55+00:00,4.533,-75.681,0.3458302915096283,0.3445956408977508,0.7726160287857056,0.7699519395828247,288.3747253417969,15.224725341796898,SMAP_L4_SM_gph_20200818T133000_Vv8010_001.h5
2020-08-19,2020-08-19 13:28:55+00:00,4.533,-75.681,0.3445918560028076,0.3472182750701904,0.7698168158531189,0.7757214307785034,287.7226257324219,14.572625732421898,SMAP_L4_SM_gph_20200819T133000_Vv8010_001.h5
2020-08-20,2020-08-20 13:28:55+00:00,4.533,-75.681,0.3451949656009674,0.3491950333118438,0.7712555527687073,0.7801034450531006,287.859375,14.709375000000025,SMAP_L4_SM_gph_20200820T133000_Vv8010_001.h5
2020-08-21,2020-08-21 13:28:55+00:00,4.533,-75.681,0.3458834290504455,0.3505741655826568,0.7727279663085938,0.783298134803772,288.4225158691406,15.272515869140648,SMAP_L4_SM_gph_20200821T133000_Vv8010_001.h5
2020-08-22,2020-08-22 13:28:55+00:00,4.533,-75.681,0.3395399451255798,0.3484977781772613,0.7583786249160767,0.7784861326217651,287.530029296875,14.380029296875025,SMAP_L4_SM_gph_20200822T133000_Vv8010_001.h5
2020-08-23,2020-08-23 13:28:55+00:00,4.533,-75.681,0.349505066871643,0.35870161652565,0.7806099653244019,0.8013051748275757,287.762451171875,14.612451171875025,SMAP_L4_SM_gph_20200823T133000_Vv8010_001.h5
2020-08-24,2020-08-24 13:28:55+00:00,4.533,-75.681,0.3491777777671814,0.3578901886940002,0.7800140380859375,0.7997080683708191,287.49871826171875,14.348718261718773,SMAP_L4_SM_gph_20200824T133000_Vv8010_001.h5
2020-08-25,2020-08-25 13:28:55+00:00,4.533,-75.681,0.3507943749427795,0.3608502447605133,0.7837080359458923,0.8063051104545593,288.36090087890625,15.210900878906273,SMAP_L4_SM_gph_20200825T133000_Vv8010_001.h5
2020-08-26,2020-08-26 13:28:55+00:00,4.533,-75.681,0.3452115058898926,0.3573773503303528,0.7710291743278503,0.7984233498573303,288.1777648925781,15.027764892578148,SMAP_L4_SM_gph_20200826T133000_Vv8010_001.h5
2020-08-27,2020-08-27 13:28:55+00:00,4.533,-75.681,0.3403455018997192,0.3547435700893402,0.760454535484314,0.7923808693885803,288.0538635253906,14.903863525390648,SMAP_L4_SM_gph_20200827T133000_Vv8010_001.h5
2020-08-28,2020-08-28 13:28:55+00:00,4.533,-75.681,0.3434997498989105,0.3536868989467621,0.7672878503799438,0.7902193665504456,287.50799560546875,14.357995605468773,SMAP_L4_SM_gph_20200828T133000_Vv8010_001.h5
2020-08-29,2020-08-29 13:28:55+00:00,4.533,-75.681,0.3467415869235992,0.3540977537631988,0.7747033834457397,0.7911416292190552,288.1105651855469,14.960565185546898,SMAP_L4_SM_gph_20200829T133000_Vv8010_001.h5
2020-08-30,2020-08-30 13:28:55+00:00,4.533,-75.681,0.3526800870895386,0.3589940667152405,0.788084864616394,0.801919162273407,287.252197265625,14.102197265625025,SMAP_L4_SM_gph_20200830T133000_Vv8010_001.h5
2020-08-31,2020-08-31 13:28:55+00:00,4.533,-75.681,0.3388209939002991,0.3549419939517975,0.757103681564331,0.7930680513381958,286.8128967285156,13.662896728515648,SMAP_L4_SM_gph_20200831T133000_Vv8010_001.h5
2020-09-01,2020-09-01 13:28:55+00:00,4.533,-75.681,0.3384496569633484,0.3525432050228119,0.7561398148536682,0.7877341508865356,286.9525756835937,13.802575683593773,SMAP_L4_SM_gph_20200901T133000_Vv8010_001.h5
2020-09-02,2020-09-02 13:28:55+00:00,4.533,-75.681,0.3508661985397339,0.3561488687992096,0.7839164733886719,0.7957176566123962,287.65740966796875,14.507409667968773,SMAP_L4_SM_gph_20200902T133000_Vv8010_001.h5
2020-09-03,2020-09-03 13:28:55+00:00,4.533,-75.681,0.3472909927368164,0.3592535555362701,0.7758219838142395,0.802691638469696,287.8258056640625,14.675805664062525,SMAP_L4_SM_gph_20200903T133000_Vv8010_001.h5
2020-09-04,2020-09-04 13:28:55+00:00,4.533,-75.681,0.3423232138156891,0.3554886877536773,0.7648938894271851,0.7942715883255005,287.7628479003906,14.612847900390648,SMAP_L4_SM_gph_20200904T133000_Vv8010_001.h5
2020-09-05,2020-09-05 13:28:55+00:00,4.533,-75.681,0.3418111503124237,0.3532959818840027,0.7636293768882751,0.7893260717391968,287.7529296875,14.602929687500025,SMAP_L4_SM_gph_20200905T133000_Vv8010_001.h5
2020-09-06,2020-09-06 13:28:55+00:00,4.533,-75.681,0.3496797382831573,0.3539347052574157,0.7814353704452515,0.7907907962799072,288.14727783203125,14.997277832031273,SMAP_L4_SM_gph_20200906T133000_Vv8010_001.h5
2020-09-07,2020-09-07 13:28:55+00:00,4.533,-75.681,0.3557197451591491,0.3699625134468078,0.7946639060974121,0.8265306949615479,288.2090759277344,15.059075927734398,SMAP_L4_SM_gph_20200907T133000_Vv8010_001.h5
2020-09-08,2020-09-08 13:28:55+00:00,4.533,-75.681,0.3624637126922607,0.3700549006462097,0.8097779750823975,0.82677161693573,287.849365234375,14.699365234375025,SMAP_L4_SM_gph_20200908T133000_Vv8010_001.h5
2020-09-09,2020-09-09 13:28:55+00:00,4.533,-75.681,0.3582681119441986,0.3732112050056457,0.8005067706108093,0.8337318897247314,287.10015869140625,13.950158691406273,SMAP_L4_SM_gph_20200909T133000_Vv8010_001.h5
2020-09-10,2020-09-10 13:28:55+00:00,4.533,-75.681,0.3474562764167785,0.3673834204673767,0.7762801051139832,0.820630669593811,287.2354431152344,14.085443115234398,SMAP_L4_SM_gph_20200910T133000_Vv8010_001.h5
2020-09-11,2020-09-11 13:28:55+00:00,4.533,-75.681,0.345790684223175,0.3638329803943634,0.7725154757499695,0.8127910494804382,287.53955078125,14.389550781250025,SMAP_L4_SM_gph_20200911T133000_Vv8010_001.h5
2020-09-12,2020-09-12 13:28:55+00:00,4.533,-75.681,0.3424398601055145,0.3608118593692779,0.7651320695877075,0.8062790632247925,287.67401123046875,14.524011230468773,SMAP_L4_SM_gph_20200912T133000_Vv8010_001.h5
2020-09-13,2020-09-13 13:28:55+00:00,4.533,-75.681,0.3414071798324585,0.3585825562477112,0.7627432942390442,0.8010685443878174,287.4623107910156,14.312310791015648,SMAP_L4_SM_gph_20200913T133000_Vv8010_001.h5
2020-09-14,2020-09-14 13:28:55+00:00,4.533,-75.681,0.3367988765239715,0.3564045429229736,0.752671480178833,0.7962358593940735,287.65045166015625,14.500451660156273,SMAP_L4_SM_gph_20200914T133000_Vv8010_001.h5
2020-09-15,2020-09-15 13:28:55+00:00,4.533,-75.681,0.3312198519706726,0.3535990715026855,0.7400152087211609,0.7898938059806824,287.806884765625,14.656884765625025,SMAP_L4_SM_gph_20200915T133000_Vv8010_001.h5
2020-09-16,2020-09-16 13:28:55+00:00,4.533,-75.681,0.3495475649833679,0.3554296493530273,0.7808814644813538,0.7940430045127869,288.34197998046875,15.191979980468773,SMAP_L4_SM_gph_20200916T133000_Vv8010_001.h5
2020-09-17,2020-09-17 13:28:55+00:00,4.533,-75.681,0.3531591594219208,0.3576798439025879,0.789014995098114,0.7990638017654419,288.1082458496094,14.958245849609398,SMAP_L4_SM_gph_20200917T133000_Vv8010_001.h5
2020-09-18,2020-09-18 13:28:55+00:00,4.533,-75.681,0.3525396585464477,0.3589612543582916,0.7877845168113708,0.8019077777862549,288.20635986328125,15.056359863281273,SMAP_L4_SM_gph_20200918T133000_Vv8010_001.h5
2020-09-19,2020-09-19 13:28:55+00:00,4.533,-75.681,0.3476727306842804,0.3576847910881042,0.7765894532203674,0.7990766763687134,287.66656494140625,14.516564941406273,SMAP_L4_SM_gph_20200919T133000_Vv8010_001.h5
2020-09-20,2020-09-20 13:28:55+00:00,4.533,-75.681,0.3486934900283813,0.3576972484588623,0.7790417671203613,0.799109160900116,287.6552124023437,14.505212402343773,SMAP_L4_SM_gph_20200920T133000_Vv8010_001.h5
2020-09-21,2020-09-21 13:28:55+00:00,4.533,-75.681,0.346401035785675,0.3570388853549957,0.7738856077194214,0.7975191473960876,287.61016845703125,14.460168457031273,SMAP_L4_SM_gph_20200921T133000_Vv8010_001.h5
2020-09-22,2020-09-22 13:28:55+00:00,4.533,-75.681,0.338564932346344,0.3541935086250305,0.7563188076019287,0.7913172841072083,287.94549560546875,14.795495605468773,SMAP_L4_SM_gph_20200922T133000_Vv8010_001.h5
2020-09-23,2020-09-23 13:28:55+00:00,4.533,-75.681,0.3301419913768768,0.3511499464511871,0.7375961542129517,0.7845770120620728,287.6493530273437,14.499353027343773,SMAP_L4_SM_gph_20200923T133000_Vv8010_001.h5
2020-09-24,2020-09-24 13:28:55+00:00,4.533,-75.681,0.3387469947338104,0.3504112958908081,0.7569659352302551,0.7828515768051147,288.0151672363281,14.865167236328148,SMAP_L4_SM_gph_20200924T133000_Vv8010_001.h5
2020-09-25,2020-09-25 13:28:55+00:00,4.533,-75.681,0.3396140038967132,0.3495230674743652,0.7588778734207153,0.7810546159744263,287.5147705078125,14.364770507812525,SMAP_L4_SM_gph_20200925T133000_Vv8010_001.h5
2020-09-26,2020-09-26 13:28:55+00:00,4.533,-75.681,0.3340416252613067,0.3472732007503509,0.7465091943740845,0.775790810585022,287.2330017089844,14.083001708984398,SMAP_L4_SM_gph_20200926T133000_Vv8010_001.h5
2020-09-27,2020-09-27 13:28:55+00:00,4.533,-75.681,0.3383421301841736,0.3468029499053955,0.7559114694595337,0.7747872471809387,288.0221862792969,14.872186279296898,SMAP_L4_SM_gph_20200927T133000_Vv8010_001.h5
2020-09-28,2020-09-28 13:28:55+00:00,4.533,-75.681,0.3406425416469574,0.3477339744567871,0.7611493468284607,0.7769395112991333,287.9944152832031,14.844415283203148,SMAP_L4_SM_gph_20200928T133000_Vv8010_001.h5
2020-09-29,2020-09-29 13:28:55+00:00,4.533,-75.681,0.3297835886478424,0.3450354933738708,0.7365913987159729,0.7709729075431824,287.45416259765625,14.304162597656273,SMAP_L4_SM_gph_20200929T133000_Vv8010_001.h5
2020-09-30,2020-09-30 13:28:55+00:00,4.533,-75.681,0.3353099524974823,0.3440113961696625,0.7490782141685486,0.7684812545776367,287.41778564453125,14.267785644531273,SMAP_L4_SM_gph_20200930T133000_Vv8010_001.h5
2020-10-01,2020-10-01 13:28:55+00:00,4.533,-75.681,0.3331356346607208,0.3435835242271423,0.744333028793335,0.7674179673194885,287.637451171875,14.487451171875025,SMAP_L4_SM_gph_20201001T133000_Vv8010_001.h5
2020-10-02,2020-10-02 13:28:55+00:00,4.533,-75.681,0.3315821290016174,0.3420859575271606,0.7408197522163391,0.7641588449478149,287.6393127441406,14.489312744140648,SMAP_L4_SM_gph_20201002T133000_Vv8010_001.h5
2020-10-03,2020-10-03 13:28:55+00:00,4.533,-75.681,0.3303554952144623,0.3412715494632721,0.7382010817527771,0.7623103260993958,287.75494384765625,14.604943847656273,SMAP_L4_SM_gph_20201003T133000_Vv8010_001.h5
2020-10-04,2020-10-04 13:28:55+00:00,4.533,-75.681,0.3363906741142273,0.3417676091194153,0.7514239549636841,0.7635510563850403,287.8573303222656,14.707330322265648,SMAP_L4_SM_gph_20201004T133000_Vv8010_001.h5
2020-10-05,2020-10-05 13:28:55+00:00,4.533,-75.681,0.3400618433952331,0.3462430238723755,0.7597711086273193,0.7734535336494446,287.3380126953125,14.188012695312525,SMAP_L4_SM_gph_20201005T133000_Vv8010_001.h5
2020-10-06,2020-10-06 13:28:55+00:00,4.533,-75.681,0.3301384747028351,0.3430227637290954,0.7377052903175354,0.7665706276893616,287.3605041503906,14.210504150390648,SMAP_L4_SM_gph_20201006T133000_Vv8010_001.h5
2020-10-07,2020-10-07 13:28:55+00:00,4.533,-75.681,0.3289422988891601,0.3407985866069793,0.7350459098815918,0.7613733410835266,286.91259765625,13.762597656250025,SMAP_L4_SM_gph_20201007T133000_Vv8010_001.h5
2020-10-08,2020-10-08 13:28:55+00:00,4.533,-75.681,0.3338138163089752,0.3414477109909057,0.7455683350563049,0.7629393935203552,287.3265380859375,14.176538085937525,SMAP_L4_SM_gph_20201008T133000_Vv8010_001.h5
2020-10-09,2020-10-09 13:28:55+00:00,4.533,-75.681,0.3296213448047638,0.3395334780216217,0.7362455725669861,0.7585720419883728,287.47906494140625,14.329064941406273,SMAP_L4_SM_gph_20201009T133000_Vv8010_001.h5
2020-10-10,2020-10-10 13:28:55+00:00,4.533,-75.681,0.3266061544418335,0.3376580476760864,0.7297117114067078,0.7543061971664429,287.3835144042969,14.233514404296898,SMAP_L4_SM_gph_20201010T133000_Vv8010_001.h5
2020-10-11,2020-10-11 13:28:55+00:00,4.533,-75.681,0.3180254697799682,0.3356483578681946,0.7105754613876343,0.7500084638595581,287.3368530273437,14.186853027343773,SMAP_L4_SM_gph_20201011T133000_Vv8010_001.h5
2020-10-12,2020-10-12 13:28:55+00:00,4.533,-75.681,0.3195259571075439,0.3341668546199798,0.7138057351112366,0.7465474009513855,287.6847839355469,14.534783935546898,SMAP_L4_SM_gph_20201012T133000_Vv8010_001.h5
2020-10-13,2020-10-13 13:28:55+00:00,4.533,-75.681,0.3247979581356048,0.3332743942737579,0.7257933020591736,0.744568943977356,287.8511657714844,14.701165771484398,SMAP_L4_SM_gph_20201013T133000_Vv8010_001.h5
2020-10-14,2020-10-14 13:28:55+00:00,4.533,-75.681,0.33107790350914,0.3343444466590881,0.7395819425582886,0.7470096349716187,287.62548828125,14.475488281250025,SMAP_L4_SM_gph_20201014T133000_Vv8010_001.h5
2020-10-15,2020-10-15 13:28:55+00:00,4.533,-75.681,0.3352627754211426,0.3353617191314697,0.7490092515945435,0.7492391467094421,288.1023864746094,14.952386474609398,SMAP_L4_SM_gph_20201015T133000_Vv8010_001.h5
2020-10-16,2020-10-16 13:28:55+00:00,4.533,-75.681,0.3279440701007843,0.3340439200401306,0.7327706813812256,0.7461304068565369,287.4517822265625,14.301782226562525,SMAP_L4_SM_gph_20201016T133000_Vv8010_001.h5
2020-10-17,2020-10-17 13:28:55+00:00,4.533,-75.681,0.3235897719860077,0.3326245844364166,0.7230847477912903,0.7432456016540527,287.69049072265625,14.540490722656273,SMAP_L4_SM_gph_20201017T133000_Vv8010_001.h5
2020-10-18,2020-10-18 13:28:55+00:00,4.533,-75.681,0.3262968957424164,0.3322133421897888,0.7288363575935364,0.7423958778381348,287.65093994140625,14.500939941406273,SMAP_L4_SM_gph_20201018T133000_Vv8010_001.h5
2020-10-19,2020-10-19 13:28:55+00:00,4.533,-75.681,0.3590553700923919,0.3401888012886047,0.8019940853118896,0.7598362565040588,288.1318664550781,14.981866455078148,SMAP_L4_SM_gph_20201019T133000_Vv8010_001.h5
2020-10-20,2020-10-20 13:28:55+00:00,4.533,-75.681,0.3312601447105407,0.3396398425102234,0.7402294874191284,0.758701741695404,287.7817687988281,14.631768798828148,SMAP_L4_SM_gph_20201020T133000_Vv8010_001.h5
2020-10-21,2020-10-21 13:28:55+00:00,4.533,-75.681,0.3342646956443786,0.3374292552471161,0.7469017505645752,0.7537843585014343,288.05499267578125,14.904992675781273,SMAP_L4_SM_gph_20201021T133000_Vv8010_001.h5
2020-10-22,2020-10-22 13:28:55+00:00,4.533,-75.681,0.332480639219284,0.3382929563522339,0.7429696917533875,0.7557613849639893,287.7367248535156,14.586724853515648,SMAP_L4_SM_gph_20201022T133000_Vv8010_001.h5
2020-10-23,2020-10-23 13:28:55+00:00,4.533,-75.681,0.3296467363834381,0.3366448283195495,0.736688494682312,0.7522578239440918,287.69659423828125,14.546594238281273,SMAP_L4_SM_gph_20201023T133000_Vv8010_001.h5
2020-10-24,2020-10-24 13:28:55+00:00,4.533,-75.681,0.3310885727405548,0.3372125029563904,0.7397063374519348,0.7533672451972961,288.5535583496094,15.403558349609398,SMAP_L4_SM_gph_20201024T133000_Vv8010_001.h5
2020-10-25,2020-10-25 13:28:55+00:00,4.533,-75.681,0.32821986079216,0.3364209532737732,0.7332166433334351,0.7515044808387756,288.0998840332031,14.949884033203148,SMAP_L4_SM_gph_20201025T133000_Vv8010_001.h5
2020-10-26,2020-10-26 13:28:55+00:00,4.533,-75.681,0.3340161442756653,0.3362108767032623,0.7461646199226379,0.7511048316955566,288.2059936523437,15.055993652343773,SMAP_L4_SM_gph_20201026T133000_Vv8010_001.h5
2020-10-27,2020-10-27 13:28:55+00:00,4.533,-75.681,0.34881192445755,0.3432598710060119,0.7792819738388062,0.7668930888175964,288.6366577148437,15.486657714843773,SMAP_L4_SM_gph_20201027T133000_Vv8010_001.h5
2020-10-28,2020-10-28 13:28:55+00:00,4.533,-75.681,0.3468534350395202,0.3480334877967834,0.7748817205429077,0.7774982452392578,288.31866455078125,15.168664550781273,SMAP_L4_SM_gph_20201028T133000_Vv8010_001.h5
2020-10-29,2020-10-29 13:28:55+00:00,4.533,-75.681,0.3354972004890442,0.344830185174942,0.7496182918548584,0.770415186882019,286.87457275390625,13.724572753906273,SMAP_L4_SM_gph_20201029T133000_Vv8010_001.h5
2020-10-30,2020-10-30 13:28:55+00:00,4.533,-75.681,0.3278729021549225,0.3414282500743866,0.7324462532997131,0.7628885507583618,287.93560791015625,14.785607910156273,SMAP_L4_SM_gph_20201030T133000_Vv8010_001.h5
2020-10-31,2020-10-31 13:28:55+00:00,4.533,-75.681,0.3372399806976318,0.3404925465583801,0.7535750269889832,0.7607239484786987,288.08721923828125,14.937219238281273,SMAP_L4_SM_gph_20201031T133000_Vv8010_001.h5
2020-11-01,2020-11-01 13:28:55+00:00,4.533,-75.681,0.3463502824306488,0.3461155295372009,0.7735869288444519,0.7731951475143433,287.9837646484375,14.833764648437525,SMAP_L4_SM_gph_20201101T133000_Vv8010_001.h5
2020-11-02,2020-11-02 13:28:55+00:00,4.533,-75.681,0.3385322690010071,0.3440421223640442,0.7563597559928894,0.7685612440109253,288.1093139648437,14.959313964843773,SMAP_L4_SM_gph_20201102T133000_Vv8010_001.h5
2020-11-03,2020-11-03 13:28:55+00:00,4.533,-75.681,0.3264308571815491,0.340626448392868,0.7293555736541748,0.7611693143844604,288.0037536621094,14.853753662109398,SMAP_L4_SM_gph_20201103T133000_Vv8010_001.h5
2020-11-04,2020-11-04 13:28:55+00:00,4.533,-75.681,0.3246300220489502,0.3384531438350677,0.7250881791114807,0.7561784386634827,288.3924560546875,15.242456054687525,SMAP_L4_SM_gph_20201104T133000_Vv8010_001.h5
2020-11-05,2020-11-05 13:28:55+00:00,4.533,-75.681,0.3271669745445251,0.337552934885025,0.7309190630912781,0.7540326118469238,288.3334045410156,15.183404541015648,SMAP_L4_SM_gph_20201105T133000_Vv8010_001.h5
2020-11-06,2020-11-06 13:28:55+00:00,4.533,-75.681,0.3403157293796539,0.3398112654685974,0.7602730393409729,0.7591480016708374,287.98052978515625,14.830529785156273,SMAP_L4_SM_gph_20201106T133000_Vv8010_001.h5
2020-11-07,2020-11-07 13:28:55+00:00,4.533,-75.681,0.3322933912277221,0.3386763036251068,0.7422435283660889,0.7566120028495789,288.1643981933594,15.014398193359398,SMAP_L4_SM_gph_20201107T133000_Vv8010_001.h5
2020-11-08,2020-11-08 13:28:55+00:00,4.533,-75.681,0.3231194317340851,0.3367532789707184,0.7219597697257996,0.7523930072784424,288.3141174316406,15.164117431640648,SMAP_L4_SM_gph_20201108T133000_Vv8010_001.h5
2020-11-09,2020-11-09 13:28:55+00:00,4.533,-75.681,0.3237300515174866,0.335709273815155,0.7234249114990234,0.7499969601631165,288.1734924316406,15.023492431640648,SMAP_L4_SM_gph_20201109T133000_Vv8010_001.h5
2020-11-10,2020-11-10 13:28:55+00:00,4.533,-75.681,0.3394157290458679,0.3418225944042206,0.7583839297294617,0.7636204361915588,288.1575622558594,15.007562255859398,SMAP_L4_SM_gph_20201110T133000_Vv8010_001.h5
2020-11-11,2020-11-11 13:28:55+00:00,4.533,-75.681,0.343074768781662,0.3441518545150757,0.7665867805480957,0.7690172791481018,287.8793640136719,14.729364013671898,SMAP_L4_SM_gph_20201111T133000_Vv8010_001.h5
2020-11-12,2020-11-12 13:28:55+00:00,4.533,-75.681,0.3318957388401031,0.3411522805690765,0.7413460612297058,0.7622435688972473,287.87139892578125,14.721398925781273,SMAP_L4_SM_gph_20201112T133000_Vv8010_001.h5
2020-11-13,2020-11-13 13:28:55+00:00,4.533,-75.681,0.3409190773963928,0.344983696937561,0.7618615627288818,0.7708379626274109,287.83331298828125,14.683312988281273,SMAP_L4_SM_gph_20201113T133000_Vv8010_001.h5
2020-11-14,2020-11-14 13:28:55+00:00,4.533,-75.681,0.3524568676948547,0.35484379529953,0.7875642776489258,0.7926421165466309,287.4045715332031,14.254571533203148,SMAP_L4_SM_gph_20201114T133000_Vv8010_001.h5
2020-11-15,2020-11-15 13:28:55+00:00,4.533,-75.681,0.3418191075325012,0.3496521711349487,0.7634883522987366,0.7812429666519165,286.0242919921875,12.874291992187525,SMAP_L4_SM_gph_20201115T133000_Vv8010_001.h5
2020-11-16,2020-11-16 13:28:55+00:00,4.533,-75.681,0.3291977047920227,0.3450155556201935,0.7356411814689636,0.7709943652153015,286.73126220703125,13.581262207031273,SMAP_L4_SM_gph_20201116T133000_Vv8010_001.h5
2020-11-17,2020-11-17 13:28:55+00:00,4.533,-75.681,0.35238116979599,0.352746844291687,0.7872387766838074,0.7879466414451599,287.5257873535156,14.375787353515648,SMAP_L4_SM_gph_20201117T133000_Vv8010_001.h5
2020-11-18,2020-11-18 13:28:55+00:00,4.533,-75.681,0.3454322814941406,0.3503760099411011,0.7719044089317322,0.7829296588897705,287.2704467773437,14.120446777343773,SMAP_L4_SM_gph_20201118T133000_Vv8010_001.h5
2020-11-19,2020-11-19 13:28:55+00:00,4.533,-75.681,0.34688201546669,0.3510081470012665,0.774836003780365,0.7842071056365967,287.909423828125,14.759423828125025,SMAP_L4_SM_gph_20201119T133000_Vv8010_001.h5
2020-11-20,2020-11-20 13:28:55+00:00,4.533,-75.681,0.3492984175682068,0.3518927693367004,0.7805371880531311,0.7861649394035339,287.9540100097656,14.804010009765648,SMAP_L4_SM_gph_20201120T133000_Vv8010_001.h5
2020-11-21,2020-11-21 13:28:55+00:00,4.533,-75.681,0.3486673831939697,0.3542058765888214,0.7790319919586182,0.7915199398994446,287.4642639160156,14.314263916015648,SMAP_L4_SM_gph_20201121T133000_Vv8010_001.h5
2020-11-22,2020-11-22 13:28:55+00:00,4.533,-75.681,0.33970707654953,0.3518213331699371,0.7587887644767761,0.7860527038574219,287.97003173828125,14.820031738281273,SMAP_L4_SM_gph_20201122T133000_Vv8010_001.h5
2020-11-23,2020-11-23 13:28:55+00:00,4.533,-75.681,0.336665540933609,0.3498453199863434,0.7522076964378357,0.7813544273376465,288.31793212890625,15.167932128906273,SMAP_L4_SM_gph_20201123T133000_Vv8010_001.h5
2020-11-24,2020-11-24 13:28:55+00:00,4.533,-75.681,0.3346981704235077,0.3477123081684112,0.7476668357849121,0.776883065700531,287.9491271972656,14.799127197265648,SMAP_L4_SM_gph_20201124T133000_Vv8010_001.h5
2020-11-25,2020-11-25 13:28:55+00:00,4.533,-75.681,0.3475954234600067,0.3495410084724426,0.7766009569168091,0.7807832360267639,288.44989013671875,15.299890136718773,SMAP_L4_SM_gph_20201125T133000_Vv8010_001.h5
2020-11-26,2020-11-26 13:28:55+00:00,4.533,-75.681,0.3425051867961883,0.3499999344348907,0.7651841640472412,0.7819274067878723,288.4320983886719,15.282098388671898,SMAP_L4_SM_gph_20201126T133000_Vv8010_001.h5
2020-11-27,2020-11-27 13:28:55+00:00,4.533,-75.681,0.349285751581192,0.3520760238170624,0.780392587184906,0.7865684628486633,288.05352783203125,14.903527832031273,SMAP_L4_SM_gph_20201127T133000_Vv8010_001.h5
2020-11-28,2020-11-28 13:28:55+00:00,4.533,-75.681,0.3492905497550964,0.3577614426612854,0.7801353335380554,0.7993728518486023,287.6932373046875,14.543237304687525,SMAP_L4_SM_gph_20201128T133000_Vv8010_001.h5
2020-11-29,2020-11-29 13:28:55+00:00,4.533,-75.681,0.3505888283252716,0.3557362556457519,0.7833741903305054,0.7946202158927917,287.1015625,13.951562500000025,SMAP_L4_SM_gph_20201129T133000_Vv8010_001.h5
2020-11-30,2020-11-30 13:28:55+00:00,4.533,-75.681,0.3469612002372741,0.3573609590530395,0.7750921249389648,0.7983807325363159,287.7754211425781,14.625421142578148,SMAP_L4_SM_gph_20201130T133000_Vv8010_001.h5
2020-12-01,2020-12-01 13:28:55+00:00,4.533,-75.681,0.3511728048324585,0.3564478456974029,0.7844535708427429,0.7963487505912781,288.1914367675781,15.041436767578148,SMAP_L4_SM_gph_20201201T133000_Vv8010_001.h5
2020-12-02,2020-12-02 13:28:55+00:00,4.533,-75.681,0.3546449244022369,0.3582951128482818,0.7924736738204956,0.8004673719406128,287.94000244140625,14.790002441406273,SMAP_L4_SM_gph_20201202T133000_Vv8010_001.h5
2020-12-03,2020-12-03 13:28:55+00:00,4.533,-75.681,0.3568285703659057,0.360990971326828,0.7972469329833984,0.8063535690307617,287.8808898925781,14.730889892578148,SMAP_L4_SM_gph_20201203T133000_Vv8010_001.h5
2020-12-04,2020-12-04 13:28:55+00:00,4.533,-75.681,0.3496710658073425,0.3592336177825928,0.7810691595077515,0.8025656938552856,288.028076171875,14.878076171875025,SMAP_L4_SM_gph_20201204T133000_Vv8010_001.h5
2020-12-05,2020-12-05 13:28:55+00:00,4.533,-75.681,0.3395029902458191,0.3563233315944671,0.7585511803627014,0.7962687015533447,288.3000793457031,15.150079345703148,SMAP_L4_SM_gph_20201205T133000_Vv8010_001.h5
2020-12-06,2020-12-06 13:28:55+00:00,4.533,-75.681,0.3374897539615631,0.354529470205307,0.7538474798202515,0.7919709086418152,287.8983764648437,14.748376464843773,SMAP_L4_SM_gph_20201206T133000_Vv8010_001.h5
2020-12-07,2020-12-07 13:28:55+00:00,4.533,-75.681,0.3458816409111023,0.35409677028656,0.772762656211853,0.7910653948783875,287.6379089355469,14.487908935546898,SMAP_L4_SM_gph_20201207T133000_Vv8010_001.h5
2020-12-08,2020-12-08 13:28:55+00:00,4.533,-75.681,0.3499461114406585,0.3550536632537842,0.7817981839179993,0.7932114005088806,288.1584167480469,15.008416748046898,SMAP_L4_SM_gph_20201208T133000_Vv8010_001.h5
2020-12-09,2020-12-09 13:28:55+00:00,4.533,-75.681,0.3467454612255096,0.3544460535049438,0.7746708989143372,0.7917535901069641,288.15411376953125,15.004113769531273,SMAP_L4_SM_gph_20201209T133000_Vv8010_001.h5
2020-12-10,2020-12-10 13:28:55+00:00,4.533,-75.681,0.3449597358703613,0.3547076880931854,0.7706053256988525,0.7925317883491516,287.8487243652344,14.698724365234398,SMAP_L4_SM_gph_20201210T133000_Vv8010_001.h5
2020-12-11,2020-12-11 13:28:55+00:00,4.533,-75.681,0.3524323105812073,0.3553842008113861,0.7873303294181824,0.7938511371612549,288.22174072265625,15.071740722656273,SMAP_L4_SM_gph_20201211T133000_Vv8010_001.h5
2020-12-12,2020-12-12 13:28:55+00:00,4.533,-75.681,0.3429271578788757,0.354517251253128,0.7662205696105957,0.7921096682548523,287.6153869628906,14.465386962890648,SMAP_L4_SM_gph_20201212T133000_Vv8010_001.h5
2020-12-13,2020-12-13 13:28:55+00:00,4.533,-75.681,0.3369912207126617,0.3520463705062866,0.7528997659683228,0.786661684513092,287.15777587890625,14.007775878906273,SMAP_L4_SM_gph_20201213T133000_Vv8010_001.h5
2020-12-14,2020-12-14 13:28:55+00:00,4.533,-75.681,0.3317060172557831,0.3496282696723938,0.7411206364631653,0.7811071276664734,287.01025390625,13.860253906250025,SMAP_L4_SM_gph_20201214T133000_Vv8010_001.h5
2020-12-15,2020-12-15 13:28:55+00:00,4.533,-75.681,0.3463814854621887,0.3512252867221832,0.773977518081665,0.7845515608787537,287.9547119140625,14.804711914062525,SMAP_L4_SM_gph_20201215T133000_Vv8010_001.h5
2020-12-16,2020-12-16 13:28:55+00:00,4.533,-75.681,0.3521133959293365,0.3550911843776703,0.7866854667663574,0.793235719203949,287.37274169921875,14.222741699218773,SMAP_L4_SM_gph_20201216T133000_Vv8010_001.h5
2020-12-17,2020-12-17 13:28:55+00:00,4.533,-75.681,0.3438952565193176,0.3540091514587402,0.7684087753295898,0.7910815477371216,287.04327392578125,13.893273925781273,SMAP_L4_SM_gph_20201217T133000_Vv8010_001.h5
2020-12-18,2020-12-18 13:28:55+00:00,4.533,-75.681,0.3501632809638977,0.3546767234802246,0.7823521494865417,0.792451024055481,288.100830078125,14.950830078125025,SMAP_L4_SM_gph_20201218T133000_Vv8010_001.h5
2020-12-19,2020-12-19 13:28:55+00:00,4.533,-75.681,0.3487853705883026,0.3551064729690552,0.7790459394454956,0.7933487892150879,287.8358764648437,14.685876464843773,SMAP_L4_SM_gph_20201219T133000_Vv8010_001.h5
2020-12-20,2020-12-20 13:28:55+00:00,4.533,-75.681,0.3519864082336426,0.3552905321121216,0.7864482402801514,0.7937542796134949,287.727294921875,14.577294921875025,SMAP_L4_SM_gph_20201220T133000_Vv8010_001.h5
2020-12-21,2020-12-21 13:28:55+00:00,4.533,-75.681,0.3432873487472534,0.3543785512447357,0.7669060826301575,0.7916514277458191,287.3365783691406,14.186578369140648,SMAP_L4_SM_gph_20201221T133000_Vv8010_001.h5
2020-12-22,2020-12-22 13:28:55+00:00,4.533,-75.681,0.3406012058258056,0.3522078096866607,0.7609736323356628,0.7868378758430481,287.739013671875,14.589013671875025,SMAP_L4_SM_gph_20201222T133000_Vv8010_001.h5
2020-12-23,2020-12-23 13:28:55+00:00,4.533,-75.681,0.3485986590385437,0.3528299033641815,0.7787322998046875,0.7881633043289185,288.2527160644531,15.102716064453148,SMAP_L4_SM_gph_20201223T133000_Vv8010_001.h5
2020-12-24,2020-12-24 13:28:55+00:00,4.533,-75.681,0.3455152511596679,0.3541131615638733,0.772106409072876,0.7912561893463135,288.28472900390625,15.134729003906273,SMAP_L4_SM_gph_20201224T133000_Vv8010_001.h5
2020-12-25,2020-12-25 13:28:55+00:00,4.533,-75.681,0.3742704689502716,0.3738859891891479,0.8363892436027527,0.8353646397590637,287.8800964355469,14.730096435546898,SMAP_L4_SM_gph_20201225T133000_Vv8010_001.h5
2020-12-26,2020-12-26 13:28:55+00:00,4.533,-75.681,0.3628330528736114,0.3734352588653564,0.8104557991027832,0.8342418670654297,287.8544921875,14.704492187500025,SMAP_L4_SM_gph_20201226T133000_Vv8010_001.h5
2020-12-27,2020-12-27 13:28:55+00:00,4.533,-75.681,0.357612282037735,0.3709473311901092,0.7990877628326416,0.828749418258667,286.8170166015625,13.667016601562525,SMAP_L4_SM_gph_20201227T133000_Vv8010_001.h5
2020-12-28,2020-12-28 13:28:55+00:00,4.533,-75.681,0.3624096810817718,0.3703622221946716,0.8096798658370972,0.8275945782661438,287.20733642578125,14.057336425781273,SMAP_L4_SM_gph_20201228T133000_Vv8010_001.h5
2020-12-29,2020-12-29 13:28:55+00:00,4.533,-75.681,0.3612083792686462,0.3697369694709778,0.8069788813591003,0.8261651992797852,287.42694091796875,14.276940917968773,SMAP_L4_SM_gph_20201229T133000_Vv8010_001.h5
2020-12-30,2020-12-30 13:28:55+00:00,4.533,-75.681,0.3603136539459228,0.3691750168800354,0.8049825429916382,0.8247520923614502,287.302001953125,14.152001953125025,SMAP_L4_SM_gph_20201230T133000_Vv8010_001.h5
2020-12-31,2020-12-31 13:28:55+00:00,4.533,-75.681,0.3548752069473266,0.367288589477539,0.7928341627120972,0.8206061720848083,287.654296875,14.504296875000025,SMAP_L4_SM_gph_20201231T133000_Vv8010_001.h5
2021-01-01,2021-01-01 13:28:55+00:00,4.533,-75.681,0.3560586273670196,0.3673798441886902,0.7954980134963989,0.8208450078964233,287.8424072265625,14.692407226562525,SMAP_L4_SM_gph_20210101T133000_Vv8010_001.h5
2021-01-02,2021-01-02 13:28:55+00:00,4.533,-75.681,0.348416268825531,0.3652099072933197,0.7784414291381836,0.8159584403038025,287.1676330566406,14.017633056640648,SMAP_L4_SM_gph_20210102T133000_Vv8010_001.h5
2021-01-03,2021-01-03 13:28:55+00:00,4.533,-75.681,0.3588481843471527,0.3657160997390747,0.8016002774238586,0.8171513676643372,288.0428161621094,14.892816162109398,SMAP_L4_SM_gph_20210103T133000_Vv8010_001.h5
2021-01-04,2021-01-04 13:28:55+00:00,4.533,-75.681,0.3579411208629608,0.3685192465782165,0.7996854782104492,0.8232432007789612,287.71441650390625,14.564416503906273,SMAP_L4_SM_gph_20210104T133000_Vv8010_001.h5
2021-01-05,2021-01-05 13:28:55+00:00,4.533,-75.681,0.3559559285640716,0.3669752776622772,0.795292854309082,0.8199372887611389,287.2889709472656,14.138970947265648,SMAP_L4_SM_gph_20210105T133000_Vv8010_001.h5
2021-01-06,2021-01-06 13:28:55+00:00,4.533,-75.681,0.3555682599544525,0.3665360808372497,0.7944644093513489,0.8188449740409851,286.9949645996094,13.844964599609398,SMAP_L4_SM_gph_20210106T133000_Vv8010_001.h5
2021-01-07,2021-01-07 13:28:55+00:00,4.533,-75.681,0.3561907410621643,0.366714745759964,0.7956766486167908,0.8192369341850281,287.0573425292969,13.907342529296898,SMAP_L4_SM_gph_20210107T133000_Vv8010_001.h5
2021-01-08,2021-01-08 13:28:55+00:00,4.533,-75.681,0.355202317237854,0.366986334323883,0.7935789823532104,0.819722056388855,287.31463623046875,14.164636230468773,SMAP_L4_SM_gph_20210108T133000_Vv8010_001.h5
2021-01-09,2021-01-09 13:28:55+00:00,4.533,-75.681,0.3609832525253296,0.3692292869091034,0.8063033223152161,0.8251379132270813,287.0491638183594,13.899163818359398,SMAP_L4_SM_gph_20210109T133000_Vv8010_001.h5
2021-01-10,2021-01-10 13:28:55+00:00,4.533,-75.681,0.3603211641311645,0.3736642003059387,0.8050448298454285,0.8349344730377197,287.333740234375,14.183740234375025,SMAP_L4_SM_gph_20210110T133000_Vv8010_001.h5
2021-01-11,2021-01-11 13:28:55+00:00,4.533,-75.681,0.3607607185840606,0.372185617685318,0.8059511780738831,0.8314807415008545,287.2655029296875,14.115502929687525,SMAP_L4_SM_gph_20210111T133000_Vv8010_001.h5
2021-01-12,2021-01-12 13:28:55+00:00,4.533,-75.681,0.3611755967140198,0.3759372234344482,0.8070199489593506,0.8397708535194397,286.7939758300781,13.643975830078148,SMAP_L4_SM_gph_20210112T133000_Vv8010_001.h5
2021-01-13,2021-01-13 13:28:55+00:00,4.533,-75.681,0.3574013710021972,0.3734567761421203,0.7983911633491516,0.8342979550361633,286.69317626953125,13.543176269531273,SMAP_L4_SM_gph_20210113T133000_Vv8010_001.h5
2021-01-14,2021-01-14 13:28:55+00:00,4.533,-75.681,0.351113498210907,0.3702983260154724,0.7842769622802734,0.8272578716278076,287.364013671875,14.214013671875025,SMAP_L4_SM_gph_20210114T133000_Vv8010_001.h5
2021-01-15,2021-01-15 13:28:55+00:00,4.533,-75.681,0.3480677306652069,0.3677584528923034,0.7774474620819092,0.8214601278305054,287.53387451171875,14.383874511718773,SMAP_L4_SM_gph_20210115T133000_Vv8010_001.h5
2021-01-16,2021-01-16 13:28:55+00:00,4.533,-75.681,0.3507455289363861,0.366561084985733,0.7838051319122314,0.8190797567367554,287.8153381347656,14.665338134765648,SMAP_L4_SM_gph_20210116T133000_Vv8010_001.h5
2021-01-17,2021-01-17 13:28:55+00:00,4.533,-75.681,0.3486756384372711,0.3647273480892181,0.7789643406867981,0.8149222135543823,286.9201354980469,13.770135498046898,SMAP_L4_SM_gph_20210117T133000_Vv8010_001.h5
2021-01-18,2021-01-18 13:28:55+00:00,4.533,-75.681,0.3455453813076019,0.3623573184013366,0.7720258831977844,0.8096629977226257,286.9709167480469,13.820916748046898,SMAP_L4_SM_gph_20210118T133000_Vv8010_001.h5
2021-01-19,2021-01-19 13:28:55+00:00,4.533,-75.681,0.342563658952713,0.3598830103874206,0.7653598785400391,0.8039621114730835,286.6737670898437,13.523767089843773,SMAP_L4_SM_gph_20210119T133000_Vv8010_001.h5
2021-01-20,2021-01-20 13:28:55+00:00,4.533,-75.681,0.3385862708091736,0.3575461506843567,0.7563630938529968,0.7987893223762512,286.6220092773437,13.472009277343773,SMAP_L4_SM_gph_20210120T133000_Vv8010_001.h5
2021-01-21,2021-01-21 13:28:55+00:00,4.533,-75.681,0.3332652747631073,0.3548093438148498,0.7444905638694763,0.7927225828170776,286.32623291015625,13.176232910156273,SMAP_L4_SM_gph_20210121T133000_Vv8010_001.h5
2021-01-22,2021-01-22 13:28:55+00:00,4.533,-75.681,0.3356929421424866,0.352912575006485,0.7499597668647766,0.7884747385978699,286.881591796875,13.731591796875025,SMAP_L4_SM_gph_20210122T133000_Vv8010_001.h5
2021-01-23,2021-01-23 13:28:55+00:00,4.533,-75.681,0.3396148085594177,0.3518064022064209,0.7588785886764526,0.7858434319496155,287.66668701171875,14.516687011718773,SMAP_L4_SM_gph_20210123T133000_Vv8010_001.h5
2021-01-24,2021-01-24 13:28:55+00:00,4.533,-75.681,0.3398901522159576,0.351418524980545,0.7591380476951599,0.7851514220237732,287.3325500488281,14.182550048828148,SMAP_L4_SM_gph_20210124T133000_Vv8010_001.h5
2021-01-25,2021-01-25 13:28:55+00:00,4.533,-75.681,0.338358610868454,0.3509460687637329,0.7559472918510437,0.7840240597724915,287.2261657714844,14.076165771484398,SMAP_L4_SM_gph_20210125T133000_Vv8010_001.h5
2021-01-26,2021-01-26 13:28:55+00:00,4.533,-75.681,0.3338756859302521,0.3489880561828613,0.7459372282028198,0.7797526717185974,287.11114501953125,13.961145019531273,SMAP_L4_SM_gph_20210126T133000_Vv8010_001.h5
2021-01-27,2021-01-27 13:28:55+00:00,4.533,-75.681,0.3382155299186706,0.3483740985393524,0.7556622624397278,0.7784456610679626,286.8563842773437,13.706384277343773,SMAP_L4_SM_gph_20210127T133000_Vv8010_001.h5
2021-01-28,2021-01-28 13:28:55+00:00,4.533,-75.681,0.3316693603992462,0.3468496203422546,0.7409318089485168,0.7748711109161377,287.2630310058594,14.113031005859398,SMAP_L4_SM_gph_20210128T133000_Vv8010_001.h5
2021-01-29,2021-01-29 13:28:55+00:00,4.533,-75.681,0.3356688022613525,0.346324622631073,0.7500833868980408,0.7737981081008911,287.7030639648437,14.553063964843773,SMAP_L4_SM_gph_20210129T133000_Vv8010_001.h5
2021-01-30,2021-01-30 13:28:55+00:00,4.533,-75.681,0.3296828269958496,0.3445931077003479,0.7367271780967712,0.7697566747665405,287.0860595703125,13.936059570312525,SMAP_L4_SM_gph_20210130T133000_Vv8010_001.h5
2021-01-31,2021-01-31 13:28:55+00:00,4.533,-75.681,0.3196229636669159,0.3414269983768463,0.7139683365821838,0.7626969814300537,287.04327392578125,13.893273925781273,SMAP_L4_SM_gph_20210131T133000_Vv8010_001.h5
2021-02-01,2021-02-01 13:28:55+00:00,4.533,-75.681,0.3172236382961273,0.3389433026313782,0.7086570858955383,0.7572150230407715,287.36846923828125,14.218469238281273,SMAP_L4_SM_gph_20210201T133000_Vv8010_001.h5
2021-02-02,2021-02-02 13:28:55+00:00,4.533,-75.681,0.3226833641529083,0.3377605080604553,0.7209410071372986,0.7546287178993225,287.8680725097656,14.718072509765648,SMAP_L4_SM_gph_20210202T133000_Vv8010_001.h5
2021-02-03,2021-02-03 13:28:55+00:00,4.533,-75.681,0.3168966472148895,0.3360935151576996,0.70783931016922,0.7510766983032227,288.1387023925781,14.988702392578148,SMAP_L4_SM_gph_20210203T133000_Vv8010_001.h5
2021-02-04,2021-02-04 13:28:55+00:00,4.533,-75.681,0.3142546117305755,0.3345370292663574,0.7020083665847778,0.7471744418144226,288.1827392578125,15.032739257812525,SMAP_L4_SM_gph_20210204T133000_Vv8010_001.h5
2021-02-05,2021-02-05 13:28:55+00:00,4.533,-75.681,0.3219430148601532,0.3336801826953888,0.7191508412361145,0.7457033395767212,287.9228515625,14.772851562500025,SMAP_L4_SM_gph_20210205T133000_Vv8010_001.h5
2021-02-06,2021-02-06 13:28:55+00:00,4.533,-75.681,0.3344701826572418,0.3363517522811889,0.7471773624420166,0.7514508366584778,287.7398986816406,14.589898681640648,SMAP_L4_SM_gph_20210206T133000_Vv8010_001.h5
2021-02-07,2021-02-07 13:28:55+00:00,4.533,-75.681,0.3305386006832123,0.3366011083126068,0.7383025288581848,0.7519527077674866,287.7654724121094,14.615472412109398,SMAP_L4_SM_gph_20210207T133000_Vv8010_001.h5
2021-02-08,2021-02-08 13:28:55+00:00,4.533,-75.681,0.3404446840286255,0.3397310674190521,0.7605612874031067,0.75899338722229,288.2947082519531,15.144708251953148,SMAP_L4_SM_gph_20210208T133000_Vv8010_001.h5
2021-02-09,2021-02-09 13:28:55+00:00,4.533,-75.681,0.3555004596710205,0.3531789183616638,0.7942565083503723,0.7889999151229858,288.6412353515625,15.491235351562525,SMAP_L4_SM_gph_20210209T133000_Vv8010_001.h5
2021-02-10,2021-02-10 13:28:55+00:00,4.533,-75.681,0.3524357378482818,0.3544865250587463,0.7875962853431702,0.7918376326560974,288.3498229980469,15.199822998046898,SMAP_L4_SM_gph_20210210T133000_Vv8010_001.h5
2021-02-11,2021-02-11 13:28:55+00:00,4.533,-75.681,0.3424368500709533,0.3512521386146545,0.7650521397590637,0.784674346446991,288.359130859375,15.209130859375025,SMAP_L4_SM_gph_20210211T133000_Vv8010_001.h5
2021-02-12,2021-02-12 13:28:55+00:00,4.533,-75.681,0.3364624381065368,0.3477009534835815,0.7515592575073242,0.776908278465271,287.9593505859375,14.809350585937525,SMAP_L4_SM_gph_20210212T133000_Vv8010_001.h5
2021-02-13,2021-02-13 13:28:55+00:00,4.533,-75.681,0.3422029912471771,0.3493355810642242,0.7646151185035706,0.780375599861145,288.29754638671875,15.147546386718773,SMAP_L4_SM_gph_20210213T133000_Vv8010_001.h5
2021-02-14,2021-02-14 13:28:55+00:00,4.533,-75.681,0.3470700085163116,0.3486214280128479,0.7753036618232727,0.7786393165588379,288.00494384765625,14.854943847656273,SMAP_L4_SM_gph_20210214T133000_Vv8010_001.h5
2021-02-15,2021-02-15 13:28:55+00:00,4.533,-75.681,0.35587939620018,0.3547830581665039,0.794930100440979,0.7926323413848877,288.32940673828125,15.179406738281273,SMAP_L4_SM_gph_20210215T133000_Vv8010_001.h5
2021-02-16,2021-02-16 13:28:55+00:00,4.533,-75.681,0.3435794115066528,0.3520434200763702,0.7676175236701965,0.7864623069763184,288.00616455078125,14.856164550781273,SMAP_L4_SM_gph_20210216T133000_Vv8010_001.h5
2021-02-17,2021-02-17 13:28:55+00:00,4.533,-75.681,0.3491806983947754,0.353637546300888,0.7802429795265198,0.7900685667991638,288.12188720703125,14.971887207031273,SMAP_L4_SM_gph_20210217T133000_Vv8010_001.h5
2021-02-18,2021-02-18 13:28:55+00:00,4.533,-75.681,0.3483055830001831,0.3519128561019897,0.7780570387840271,0.7861959338188171,287.820068359375,14.670068359375025,SMAP_L4_SM_gph_20210218T133000_Vv8010_001.h5
2021-02-19,2021-02-19 13:28:55+00:00,4.533,-75.681,0.3537613153457641,0.3584353923797607,0.7905439734458923,0.8009074926376343,286.9429626464844,13.792962646484398,SMAP_L4_SM_gph_20210219T133000_Vv8010_001.h5
2021-02-20,2021-02-20 13:28:55+00:00,4.533,-75.681,0.3476086854934692,0.3562610745429992,0.7765931487083435,0.7958404421806335,287.6278686523437,14.477868652343773,SMAP_L4_SM_gph_20210220T133000_Vv8010_001.h5
2021-02-21,2021-02-21 13:28:55+00:00,4.533,-75.681,0.3586694598197937,0.3581922352313995,0.8015028238296509,0.8001775741577148,287.822265625,14.672265625000025,SMAP_L4_SM_gph_20210221T133000_Vv8010_001.h5
2021-02-22,2021-02-22 13:28:55+00:00,4.533,-75.681,0.3477973937988281,0.3556719124317169,0.7768363356590271,0.7944310307502747,287.4575500488281,14.307550048828148,SMAP_L4_SM_gph_20210222T133000_Vv8010_001.h5
2021-02-23,2021-02-23 13:28:55+00:00,4.533,-75.681,0.3458400070667267,0.3561447262763977,0.7724735140800476,0.7956113219261169,288.0347900390625,14.884790039062525,SMAP_L4_SM_gph_20210223T133000_Vv8010_001.h5
2021-02-24,2021-02-24 13:28:55+00:00,4.533,-75.681,0.3375547528266907,0.3528618216514587,0.7539938688278198,0.7883209586143494,287.43072509765625,14.280725097656273,SMAP_L4_SM_gph_20210224T133000_Vv8010_001.h5
2021-02-25,2021-02-25 13:28:55+00:00,4.533,-75.681,0.3326599299907684,0.3502967059612274,0.7433883547782898,0.7828078866004944,288.38043212890625,15.230432128906273,SMAP_L4_SM_gph_20210225T133000_Vv8010_001.h5
2021-02-26,2021-02-26 13:28:55+00:00,4.533,-75.681,0.3344302773475647,0.3488018214702606,0.7473602294921875,0.7792051434516907,288.174560546875,15.024560546875025,SMAP_L4_SM_gph_20210226T133000_Vv8010_001.h5
2021-02-27,2021-02-27 13:28:55+00:00,4.533,-75.681,0.3516199290752411,0.3543357849121094,0.7854405045509338,0.7915187478065491,288.9759521484375,15.825952148437525,SMAP_L4_SM_gph_20210227T133000_Vv8010_001.h5
2021-02-28,2021-02-28 13:28:55+00:00,4.533,-75.681,0.3588894307613373,0.3620469868183136,0.8016661405563354,0.8086627721786499,288.3829650878906,15.232965087890648,SMAP_L4_SM_gph_20210228T133000_Vv8010_001.h5
2021-03-01,2021-03-01 13:28:55+00:00,4.533,-75.681,0.3675766289234161,0.3738552033901214,0.8211427330970764,0.8351889848709106,288.28564453125,15.135644531250025,SMAP_L4_SM_gph_20210301T133000_Vv8010_001.h5
2021-03-02,2021-03-02 13:28:55+00:00,4.533,-75.681,0.3671039938926697,0.3781623542308807,0.8201648592948914,0.845045268535614,287.8441772460937,14.694177246093773,SMAP_L4_SM_gph_20210302T133000_Vv8010_001.h5
2021-03-03,2021-03-03 13:28:55+00:00,4.533,-75.681,0.3660140633583069,0.3766493797302246,0.8176015615463257,0.8415014743804932,287.7921142578125,14.642114257812525,SMAP_L4_SM_gph_20210303T133000_Vv8010_001.h5
2021-03-04,2021-03-04 13:28:55+00:00,4.533,-75.681,0.3689507246017456,0.3766706585884094,0.8243685960769653,0.8415570855140686,287.7275390625,14.577539062500025,SMAP_L4_SM_gph_20210304T133000_Vv8010_001.h5
2021-03-05,2021-03-05 13:28:55+00:00,4.533,-75.681,0.3647473156452179,0.3758648335933685,0.8146772384643555,0.8399752974510193,287.4397277832031,14.289727783203148,SMAP_L4_SM_gph_20210305T133000_Vv8010_001.h5
2021-03-06,2021-03-06 13:28:55+00:00,4.533,-75.681,0.3620237410068512,0.3756856322288513,0.8088896870613098,0.8393375873565674,287.82745361328125,14.677453613281273,SMAP_L4_SM_gph_20210306T133000_Vv8010_001.h5
2021-03-07,2021-03-07 13:28:55+00:00,4.533,-75.681,0.3567053377628326,0.3722091913223266,0.7969470620155334,0.8316914439201355,287.7673645019531,14.617364501953148,SMAP_L4_SM_gph_20210307T133000_Vv8010_001.h5
2021-03-08,2021-03-08 13:28:55+00:00,4.533,-75.681,0.3674698770046234,0.373552531003952,0.8209915161132812,0.8345478177070618,287.7855834960937,14.635583496093773,SMAP_L4_SM_gph_20210308T133000_Vv8010_001.h5
2021-03-09,2021-03-09 13:28:55+00:00,4.533,-75.681,0.3607497811317444,0.3754574656486511,0.806128740310669,0.8388165235519409,287.2486572265625,14.098657226562525,SMAP_L4_SM_gph_20210309T133000_Vv8010_001.h5
2021-03-10,2021-03-10 13:28:55+00:00,4.533,-75.681,0.3677063882350921,0.3763075768947601,0.821395218372345,0.8408328294754028,287.25714111328125,14.107141113281273,SMAP_L4_SM_gph_20210310T133000_Vv8010_001.h5
2021-03-11,2021-03-11 13:28:55+00:00,4.533,-75.681,0.3649303615093231,0.3783432841300964,0.8151944279670715,0.8452938199043274,286.81524658203125,13.665246582031273,SMAP_L4_SM_gph_20210311T133000_Vv8010_001.h5
2021-03-12,2021-03-12 13:28:55+00:00,4.533,-75.681,0.3678534030914306,0.3776373267173767,0.821779191493988,0.8438981175422668,286.9541015625,13.804101562500025,SMAP_L4_SM_gph_20210312T133000_Vv8010_001.h5
2021-03-13,2021-03-13 13:28:55+00:00,4.533,-75.681,0.3602962493896484,0.3763169944286346,0.8049821853637695,0.840782880783081,286.44000244140625,13.290002441406273,SMAP_L4_SM_gph_20210313T133000_Vv8010_001.h5
2021-03-14,2021-03-14 13:28:55+00:00,4.533,-75.681,0.3641913533210754,0.3761058151721954,0.813704252243042,0.8403062224388123,287.49908447265625,14.349084472656273,SMAP_L4_SM_gph_20210314T133000_Vv8010_001.h5
2021-03-15,2021-03-15 13:28:55+00:00,4.533,-75.681,0.3634371757507324,0.374813824892044,0.8121578097343445,0.8372647762298584,287.4044494628906,14.254449462890648,SMAP_L4_SM_gph_20210315T133000_Vv8010_001.h5
2021-03-16,2021-03-16 13:28:55+00:00,4.533,-75.681,0.3745638728141784,0.3835121393203735,0.8368542194366455,0.856877863407135,287.0016784667969,13.851678466796898,SMAP_L4_SM_gph_20210316T133000_Vv8010_001.h5
2021-03-17,2021-03-17 13:28:55+00:00,4.533,-75.681,0.3722203373908996,0.3914121985435486,0.8314566612243652,0.8743658065795898,287.5611877441406,14.411187744140648,SMAP_L4_SM_gph_20210317T133000_Vv8010_001.h5
2021-03-18,2021-03-18 13:28:55+00:00,4.533,-75.681,0.3721508979797363,0.3890494406223297,0.8313823342323303,0.8691257238388062,287.1199951171875,13.969995117187525,SMAP_L4_SM_gph_20210318T133000_Vv8010_001.h5
2021-03-19,2021-03-19 13:28:55+00:00,4.533,-75.681,0.3716558218002319,0.3889512717723846,0.8304277658462524,0.8689437508583069,287.38238525390625,14.232385253906273,SMAP_L4_SM_gph_20210319T133000_Vv8010_001.h5
2021-03-20,2021-03-20 13:28:55+00:00,4.533,-75.681,0.3803533911705017,0.3898424208164215,0.8498812317848206,0.8709926605224609,287.70074462890625,14.550744628906273,SMAP_L4_SM_gph_20210320T133000_Vv8010_001.h5
2021-03-21,2021-03-21 13:28:55+00:00,4.533,-75.681,0.3641085922718048,0.3864025771617889,0.8134803175926208,0.8631230592727661,287.1292724609375,13.979272460937525,SMAP_L4_SM_gph_20210321T133000_Vv8010_001.h5
2021-03-22,2021-03-22 13:28:55+00:00,4.533,-75.681,0.3747515678405761,0.3863622546195984,0.8373764753341675,0.8631881475448608,287.77947998046875,14.629479980468773,SMAP_L4_SM_gph_20210322T133000_Vv8010_001.h5
2021-03-23,2021-03-23 13:28:55+00:00,4.533,-75.681,0.3673071265220642,0.3843766450881958,0.8207767009735107,0.8587828278541565,287.531005859375,14.381005859375025,SMAP_L4_SM_gph_20210323T133000_Vv8010_001.h5
2021-03-24,2021-03-24 13:28:55+00:00,4.533,-75.681,0.3733872771263122,0.384747564792633,0.8342922925949097,0.8595275282859802,287.909912109375,14.759912109375025,SMAP_L4_SM_gph_20210324T133000_Vv8010_001.h5
2021-03-25,2021-03-25 13:28:55+00:00,4.533,-75.681,0.3649845123291015,0.3838034868240356,0.8153075575828552,0.8576590418815613,287.04400634765625,13.894006347656273,SMAP_L4_SM_gph_20210325T133000_Vv8010_001.h5
2021-03-26,2021-03-26 13:28:55+00:00,4.533,-75.681,0.3632275760173797,0.3818621635437011,0.8114261627197266,0.8530511856079102,287.24481201171875,14.094812011718773,SMAP_L4_SM_gph_20210326T133000_Vv8010_001.h5
2021-03-27,2021-03-27 13:28:55+00:00,4.533,-75.681,0.3759365081787109,0.3893680572509765,0.8398922681808472,0.8699781894683838,287.7421875,14.592187500000025,SMAP_L4_SM_gph_20210327T133000_Vv8010_001.h5
2021-03-28,2021-03-28 13:28:55+00:00,4.533,-75.681,0.3731977045536041,0.3877736032009125,0.8338629007339478,0.8662964701652527,287.94677734375,14.796777343750025,SMAP_L4_SM_gph_20210328T133000_Vv8010_001.h5
2021-03-29,2021-03-29 13:28:55+00:00,4.533,-75.681,0.3665701448917389,0.3854303956031799,0.8188554048538208,0.861107349395752,287.95770263671875,14.807702636718773,SMAP_L4_SM_gph_20210329T133000_Vv8010_001.h5
2021-03-30,2021-03-30 13:28:55+00:00,4.533,-75.681,0.3632687926292419,0.3826599717140198,0.811488687992096,0.8551006317138672,287.8905944824219,14.740594482421898,SMAP_L4_SM_gph_20210330T133000_Vv8010_001.h5
2021-03-31,2021-03-31 13:28:55+00:00,4.533,-75.681,0.3629259765148163,0.3797106146812439,0.8106136918067932,0.8482134938240051,288.02947998046875,14.879479980468773,SMAP_L4_SM_gph_20210331T133000_Vv8010_001.h5
2021-04-01,2021-04-01 13:28:55+00:00,4.533,-75.681,0.3683943450450897,0.3799256980419159,0.8229252696037292,0.8488702178001404,287.93475341796875,14.784753417968773,SMAP_L4_SM_gph_20210401T133000_Vv8010_001.h5
2021-04-02,2021-04-02 13:28:55+00:00,4.533,-75.681,0.3721745610237121,0.386067658662796,0.8314476609230042,0.8625684976577759,288.4608764648437,15.310876464843773,SMAP_L4_SM_gph_20210402T133000_Vv8010_001.h5
2021-04-03,2021-04-03 13:28:55+00:00,4.533,-75.681,0.3698195815086365,0.3883994817733764,0.8262456655502319,0.8677279353141785,288.1788024902344,15.028802490234398,SMAP_L4_SM_gph_20210403T133000_Vv8010_001.h5
2021-04-04,2021-04-04 13:28:55+00:00,4.533,-75.681,0.3686181604862213,0.3859050869941711,0.8233917355537415,0.862218976020813,288.0534973144531,14.903497314453148,SMAP_L4_SM_gph_20210404T133000_Vv8010_001.h5
2021-04-05,2021-04-05 13:28:55+00:00,4.533,-75.681,0.3686365187168121,0.3848922252655029,0.8235426545143127,0.8599272966384888,287.81231689453125,14.662316894531273,SMAP_L4_SM_gph_20210405T133000_Vv8010_001.h5
2021-04-06,2021-04-06 13:28:55+00:00,4.533,-75.681,0.3742542862892151,0.3847327828407287,0.8359599113464355,0.8594152927398682,287.78521728515625,14.635217285156273,SMAP_L4_SM_gph_20210406T133000_Vv8010_001.h5
2021-04-07,2021-04-07 13:28:55+00:00,4.533,-75.681,0.3669322431087494,0.3859841525554657,0.8198673129081726,0.8624247908592224,287.0860595703125,13.936059570312525,SMAP_L4_SM_gph_20210407T133000_Vv8010_001.h5
2021-04-08,2021-04-08 13:28:55+00:00,4.533,-75.681,0.36524498462677,0.3842335343360901,0.8159260749816895,0.8584102988243103,287.68572998046875,14.535729980468773,SMAP_L4_SM_gph_20210408T133000_Vv8010_001.h5
2021-04-09,2021-04-09 13:28:55+00:00,4.533,-75.681,0.3648682534694671,0.3819091618061065,0.8152010440826416,0.8532701134681702,288.17926025390625,15.029260253906273,SMAP_L4_SM_gph_20210409T133000_Vv8010_001.h5
2021-04-10,2021-04-10 13:28:55+00:00,4.533,-75.681,0.3652337789535522,0.3818925321102142,0.8160669207572937,0.8532267808914185,287.6400146484375,14.490014648437525,SMAP_L4_SM_gph_20210410T133000_Vv8010_001.h5
2021-04-11,2021-04-11 13:28:55+00:00,4.533,-75.681,0.3634288907051086,0.3794791400432586,0.8119630217552185,0.8476844429969788,287.7821655273437,14.632165527343773,SMAP_L4_SM_gph_20210411T133000_Vv8010_001.h5
2021-04-12,2021-04-12 13:28:55+00:00,4.533,-75.681,0.3651668429374695,0.3793589174747467,0.8157874941825867,0.8476159572601318,287.88653564453125,14.736535644531273,SMAP_L4_SM_gph_20210412T133000_Vv8010_001.h5
2021-04-13,2021-04-13 13:28:55+00:00,4.533,-75.681,0.3603689968585968,0.3775182962417602,0.8051145672798157,0.8431965112686157,287.6207275390625,14.470727539062525,SMAP_L4_SM_gph_20210413T133000_Vv8010_001.h5
2021-04-14,2021-04-14 13:28:55+00:00,4.533,-75.681,0.3543672263622284,0.3738422691822052,0.7915374636650085,0.8351036310195923,287.55865478515625,14.408654785156273,SMAP_L4_SM_gph_20210414T133000_Vv8010_001.h5
2021-04-15,2021-04-15 13:28:55+00:00,4.533,-75.681,0.3557237684726715,0.3716570138931274,0.7945003509521484,0.8304963111877441,288.2284545898437,15.078454589843773,SMAP_L4_SM_gph_20210415T133000_Vv8010_001.h5
2021-04-16,2021-04-16 13:28:55+00:00,4.533,-75.681,0.3627336919307709,0.3717857301235199,0.8104986548423767,0.8305135369300842,288.03082275390625,14.880822753906273,SMAP_L4_SM_gph_20210416T133000_Vv8010_001.h5
2021-04-17,2021-04-17 13:28:55+00:00,4.533,-75.681,0.357702761888504,0.3722153604030609,0.7989988923072815,0.8316550254821777,287.5824890136719,14.432489013671898,SMAP_L4_SM_gph_20210417T133000_Vv8010_001.h5
2021-04-18,2021-04-18 13:28:55+00:00,4.533,-75.681,0.3645878732204437,0.3764485418796539,0.8144509792327881,0.8410742282867432,287.8569030761719,14.706903076171898,SMAP_L4_SM_gph_20210418T133000_Vv8010_001.h5
2021-04-19,2021-04-19 13:28:55+00:00,4.533,-75.681,0.3671380281448364,0.3812600076198578,0.8204055428504944,0.8517042398452759,288.2685241699219,15.118524169921898,SMAP_L4_SM_gph_20210419T133000_Vv8010_001.h5
2021-04-20,2021-04-20 13:28:55+00:00,4.533,-75.681,0.3619081676006317,0.3771708607673645,0.8086711168289185,0.8428304195404053,287.47607421875,14.326074218750025,SMAP_L4_SM_gph_20210420T133000_Vv8010_001.h5
2021-04-21,2021-04-21 13:28:55+00:00,4.533,-75.681,0.361916720867157,0.3780442774295807,0.808567225933075,0.8445886373519897,287.3925170898437,14.242517089843773,SMAP_L4_SM_gph_20210421T133000_Vv8010_001.h5
2021-04-22,2021-04-22 13:28:55+00:00,4.533,-75.681,0.3575224876403808,0.3760037720203399,0.798797607421875,0.8400403261184692,286.9342346191406,13.784234619140648,SMAP_L4_SM_gph_20210422T133000_Vv8010_001.h5
2021-04-23,2021-04-23 13:28:55+00:00,4.533,-75.681,0.3561156392097473,0.3730864524841308,0.7957124710083008,0.8336513638496399,287.4335327148437,14.283532714843773,SMAP_L4_SM_gph_20210423T133000_Vv8010_001.h5
2021-04-24,2021-04-24 13:28:55+00:00,4.533,-75.681,0.3559413254261017,0.3713734149932861,0.7951596975326538,0.8298079967498779,287.8338928222656,14.683892822265648,SMAP_L4_SM_gph_20210424T133000_Vv8010_001.h5
2021-04-25,2021-04-25 13:28:55+00:00,4.533,-75.681,0.347915381193161,0.3683713376522064,0.7771449685096741,0.8231015801429749,287.98980712890625,14.839807128906273,SMAP_L4_SM_gph_20210425T133000_Vv8010_001.h5
2021-04-26,2021-04-26 13:28:55+00:00,4.533,-75.681,0.3577012419700622,0.3678128719329834,0.7992894649505615,0.8216980695724487,288.19305419921875,15.043054199218773,SMAP_L4_SM_gph_20210426T133000_Vv8010_001.h5
2021-04-27,2021-04-27 13:28:55+00:00,4.533,-75.681,0.3681305646896362,0.3747493326663971,0.8224837779998779,0.837340772151947,288.490478515625,15.340478515625025,SMAP_L4_SM_gph_20210427T133000_Vv8010_001.h5
2021-04-28,2021-04-28 13:28:55+00:00,4.533,-75.681,0.3648787438869476,0.3755995333194732,0.8151938915252686,0.8392089009284973,287.6918029785156,14.541802978515648,SMAP_L4_SM_gph_20210428T133000_Vv8010_001.h5
2021-04-29,2021-04-29 13:28:55+00:00,4.533,-75.681,0.3656100034713745,0.3763947486877441,0.8167300224304199,0.8408373594284058,287.3460693359375,14.196069335937525,SMAP_L4_SM_gph_20210429T133000_Vv8010_001.h5
2021-04-30,2021-04-30 13:28:55+00:00,4.533,-75.681,0.3796561956405639,0.3889149129390716,0.8483098149299622,0.8687752485275269,286.45654296875,13.306542968750025,SMAP_L4_SM_gph_20210430T133000_Vv8010_001.h5
2021-05-01,2021-05-01 13:28:55+00:00,4.533,-75.681,0.3618642687797546,0.3832522630691528,0.8084926009178162,0.8562743067741394,286.3150939941406,13.165093994140648,SMAP_L4_SM_gph_20210501T133000_Vv8010_001.h5
2021-05-02,2021-05-02 13:28:55+00:00,4.533,-75.681,0.3740503489971161,0.3871845006942749,0.835660994052887,0.8651311993598938,287.2428283691406,14.092828369140648,SMAP_L4_SM_gph_20210502T133000_Vv8010_001.h5
2021-05-03,2021-05-03 13:28:55+00:00,4.533,-75.681,0.3737232685089111,0.3865463435649872,0.8349698781967163,0.8635938167572021,287.6412353515625,14.491235351562525,SMAP_L4_SM_gph_20210503T133000_Vv8010_001.h5
2021-05-04,2021-05-04 13:28:55+00:00,4.533,-75.681,0.3720365166664123,0.3880167603492737,0.8311641812324524,0.8667821884155273,286.9949951171875,13.844995117187525,SMAP_L4_SM_gph_20210504T133000_Vv8010_001.h5
2021-05-05,2021-05-05 13:28:55+00:00,4.533,-75.681,0.3636486828327179,0.3852420151233673,0.8126292824745178,0.8607645034790039,287.1586303710937,14.008630371093773,SMAP_L4_SM_gph_20210505T133000_Vv8010_001.h5
2021-05-06,2021-05-06 13:28:55+00:00,4.533,-75.681,0.3712390065193176,0.3848596811294555,0.8293673992156982,0.8596718907356262,287.5762939453125,14.426293945312525,SMAP_L4_SM_gph_20210506T133000_Vv8010_001.h5
2021-05-07,2021-05-07 13:28:55+00:00,4.533,-75.681,0.3660120368003845,0.386183887720108,0.8178034424781799,0.8628714680671692,287.178466796875,14.028466796875025,SMAP_L4_SM_gph_20210507T133000_Vv8010_001.h5
2021-05-08,2021-05-08 13:28:55+00:00,4.533,-75.681,0.3747389912605285,0.3870872259140014,0.837268054485321,0.8647079467773438,287.9256591796875,14.775659179687525,SMAP_L4_SM_gph_20210508T133000_Vv8010_001.h5
2021-05-09,2021-05-09 13:28:55+00:00,4.533,-75.681,0.3679041564464569,0.3869087398052215,0.8221327662467957,0.8645604848861694,287.6329650878906,14.482965087890648,SMAP_L4_SM_gph_20210509T133000_Vv8010_001.h5
2021-05-10,2021-05-10 13:28:55+00:00,4.533,-75.681,0.3793116211891174,0.3930659592151642,0.847414493560791,0.8781281113624573,287.5951538085937,14.445153808593773,SMAP_L4_SM_gph_20210510T133000_Vv8010_001.h5
2021-05-11,2021-05-11 13:28:55+00:00,4.533,-75.681,0.3718978464603424,0.3904511034488678,0.8307930827140808,0.8725493550300598,287.15869140625,14.008691406250025,SMAP_L4_SM_gph_20210511T133000_Vv8010_001.h5
2021-05-12,2021-05-12 13:28:55+00:00,4.533,-75.681,0.3679137229919433,0.3870972692966461,0.8219751715660095,0.8649038076400757,287.8778991699219,14.727899169921898,SMAP_L4_SM_gph_20210512T133000_Vv8010_001.h5
2021-05-13,2021-05-13 13:28:55+00:00,4.533,-75.681,0.3636830747127533,0.3838228285312652,0.8126482963562012,0.8576355576515198,288.1405029296875,14.990502929687525,SMAP_L4_SM_gph_20210513T133000_Vv8010_001.h5
2021-05-14,2021-05-14 13:28:55+00:00,4.533,-75.681,0.3672058880329132,0.3821897208690643,0.8203606605529785,0.853779673576355,288.20037841796875,15.050378417968773,SMAP_L4_SM_gph_20210514T133000_Vv8010_001.h5
2021-05-15,2021-05-15 13:28:55+00:00,4.533,-75.681,0.3692874014377594,0.3836319744586944,0.8249160051345825,0.856894850730896,288.4309997558594,15.280999755859398,SMAP_L4_SM_gph_20210515T133000_Vv8010_001.h5
2021-05-16,2021-05-16 13:28:55+00:00,4.533,-75.681,0.3710730373859405,0.3864204585552215,0.829058051109314,0.8631927371025085,288.94757080078125,15.797570800781273,SMAP_L4_SM_gph_20210516T133000_Vv8010_001.h5
2021-05-17,2021-05-17 13:28:55+00:00,4.533,-75.681,0.3813222646713257,0.3900221884250641,0.8518891930580139,0.8714097738265991,288.3653259277344,15.215325927734398,SMAP_L4_SM_gph_20210517T133000_Vv8010_001.h5
2021-05-18,2021-05-18 13:28:55+00:00,4.533,-75.681,0.3748827576637268,0.3914425075054168,0.8375387787818909,0.8744677901268005,288.05059814453125,14.900598144531273,SMAP_L4_SM_gph_20210518T133000_Vv8010_001.h5
2021-05-19,2021-05-19 13:28:55+00:00,4.533,-75.681,0.3694357872009277,0.3897757828235626,0.8254730105400085,0.8706713914871216,287.6898193359375,14.539819335937525,SMAP_L4_SM_gph_20210519T133000_Vv8010_001.h5
2021-05-20,2021-05-20 13:28:55+00:00,4.533,-75.681,0.3632210791110992,0.3851754367351532,0.8115106821060181,0.860590934753418,288.045654296875,14.895654296875025,SMAP_L4_SM_gph_20210520T133000_Vv8010_001.h5
2021-05-21,2021-05-21 13:28:55+00:00,4.533,-75.681,0.3649066984653473,0.3822588324546814,0.8153550028800964,0.8540330529212952,288.2492980957031,15.099298095703148,SMAP_L4_SM_gph_20210521T133000_Vv8010_001.h5
2021-05-22,2021-05-22 13:28:55+00:00,4.533,-75.681,0.3691865801811218,0.3846141695976257,0.8247748017311096,0.8592538833618164,289.00030517578125,15.850305175781273,SMAP_L4_SM_gph_20210522T133000_Vv8010_001.h5
2021-05-23,2021-05-23 13:28:55+00:00,4.533,-75.681,0.3652690052986145,0.381940633058548,0.8161993622779846,0.8534257411956787,288.72955322265625,15.579553222656273,SMAP_L4_SM_gph_20210523T133000_Vv8010_001.h5
2021-05-24,2021-05-24 13:28:55+00:00,4.533,-75.681,0.3593946099281311,0.3788183331489563,0.8027738332748413,0.8462358713150024,288.4144287109375,15.264428710937525,SMAP_L4_SM_gph_20210524T133000_Vv8010_001.h5
2021-05-25,2021-05-25 13:28:55+00:00,4.533,-75.681,0.3545519411563873,0.3758115172386169,0.7919619083404541,0.8395172357559204,288.1456298828125,14.995629882812525,SMAP_L4_SM_gph_20210525T133000_Vv8010_001.h5
2021-05-26,2021-05-26 13:28:55+00:00,4.533,-75.681,0.3562922179698944,0.373957484960556,0.7960147261619568,0.8356256484985352,288.2216186523437,15.071618652343773,SMAP_L4_SM_gph_20210526T133000_Vv8010_001.h5
2021-05-27,2021-05-27 13:28:55+00:00,4.533,-75.681,0.3603206276893616,0.3753237426280975,0.8050845861434937,0.8385419249534607,288.42022705078125,15.270227050781273,SMAP_L4_SM_gph_20210527T133000_Vv8010_001.h5
2021-05-28,2021-05-28 13:28:55+00:00,4.533,-75.681,0.3549659252166748,0.3725873529911041,0.7928768992424011,0.8325499892234802,288.4072265625,15.257226562500025,SMAP_L4_SM_gph_20210528T133000_Vv8010_001.h5
2021-05-29,2021-05-29 13:28:55+00:00,4.533,-75.681,0.369139015674591,0.3748953342437744,0.8247603178024292,0.8374032378196716,287.6767578125,14.526757812500025,SMAP_L4_SM_gph_20210529T133000_Vv8010_001.h5
2021-05-30,2021-05-30 13:28:55+00:00,4.533,-75.681,0.3628562390804291,0.3738573789596557,0.8104440569877625,0.8352900743484497,287.8902282714844,14.740228271484398,SMAP_L4_SM_gph_20210530T133000_Vv8010_001.h5
2021-05-31,2021-05-31 13:28:55+00:00,4.533,-75.681,0.3564683496952057,0.3718918561935425,0.7964664101600647,0.8308631777763367,287.794921875,14.644921875000025,SMAP_L4_SM_gph_20210531T133000_Vv8010_001.h5
2021-06-01,2021-06-01 13:28:55+00:00,4.533,-75.681,0.3587490618228912,0.3733230531215668,0.8012894988059998,0.8340234160423279,287.98223876953125,14.832238769531273,SMAP_L4_SM_gph_20210601T133000_Vv8010_001.h5
2021-06-02,2021-06-02 13:28:55+00:00,4.533,-75.681,0.3607199788093567,0.3716115057468414,0.8058525919914246,0.8302804827690125,287.8285217285156,14.678521728515648,SMAP_L4_SM_gph_20210602T133000_Vv8010_001.h5
2021-06-03,2021-06-03 13:28:55+00:00,4.533,-75.681,0.3654009401798248,0.3729828298091888,0.8163595795631409,0.8332846760749817,288.1630859375,15.013085937500025,SMAP_L4_SM_gph_20210603T133000_Vv8010_001.h5
2021-06-04,2021-06-04 13:28:55+00:00,4.533,-75.681,0.3632808625698089,0.3740274608135223,0.8116909265518188,0.8355855345726013,288.315185546875,15.165185546875025,SMAP_L4_SM_gph_20210604T133000_Vv8010_001.h5
2021-06-05,2021-06-05 13:28:55+00:00,4.533,-75.681,0.3583711683750152,0.3735782206058502,0.8007886409759521,0.8344663381576538,288.1749267578125,15.024926757812525,SMAP_L4_SM_gph_20210605T133000_Vv8010_001.h5
2021-06-06,2021-06-06 13:28:55+00:00,4.533,-75.681,0.3560641705989837,0.371032565832138,0.7955399751663208,0.8291417360305786,288.2280578613281,15.078057861328148,SMAP_L4_SM_gph_20210606T133000_Vv8010_001.h5
2021-06-07,2021-06-07 13:28:55+00:00,4.533,-75.681,0.362502247095108,0.3731983006000519,0.8098010420799255,0.8336982727050781,288.3009338378906,15.150933837890648,SMAP_L4_SM_gph_20210607T133000_Vv8010_001.h5
2021-06-08,2021-06-08 13:28:55+00:00,4.533,-75.681,0.368337333202362,0.3772818744182586,0.8229951858520508,0.8428754806518555,288.04315185546875,14.893151855468773,SMAP_L4_SM_gph_20210608T133000_Vv8010_001.h5
2021-06-09,2021-06-09 13:28:55+00:00,4.533,-75.681,0.3709865808486938,0.3854309320449829,0.8286660313606262,0.8611827492713928,287.6191101074219,14.469110107421898,SMAP_L4_SM_gph_20210609T133000_Vv8010_001.h5
2021-06-10,2021-06-10 13:28:55+00:00,4.533,-75.681,0.3726778924465179,0.3849897682666778,0.8326844573020935,0.8600107431411743,287.54498291015625,14.394982910156273,SMAP_L4_SM_gph_20210610T133000_Vv8010_001.h5
2021-06-11,2021-06-11 13:28:55+00:00,4.533,-75.681,0.3678403198719024,0.3831238150596618,0.8218597173690796,0.8557694554328918,288.0106811523437,14.860681152343773,SMAP_L4_SM_gph_20210611T133000_Vv8010_001.h5
2021-06-12,2021-06-12 13:28:55+00:00,4.533,-75.681,0.3664432168006897,0.3828959465026855,0.8186457753181458,0.8555676341056824,287.7574768066406,14.607476806640648,SMAP_L4_SM_gph_20210612T133000_Vv8010_001.h5
2021-06-13,2021-06-13 13:28:55+00:00,4.533,-75.681,0.373735249042511,0.3854911029338836,0.8349685668945312,0.8612654209136963,287.8436584472656,14.693658447265648,SMAP_L4_SM_gph_20210613T133000_Vv8010_001.h5
2021-06-14,2021-06-14 13:28:55+00:00,4.533,-75.681,0.3765690326690674,0.3929959535598755,0.8411368131637573,0.8780198097229004,287.6872253417969,14.537225341796898,SMAP_L4_SM_gph_20210614T133000_Vv8010_001.h5
2021-06-15,2021-06-15 13:28:55+00:00,4.533,-75.681,0.3809752762317657,0.398007869720459,0.8511592745780945,0.8892686367034912,287.83843994140625,14.688439941406273,SMAP_L4_SM_gph_20210615T133000_Vv8010_001.h5
2021-06-16,2021-06-16 13:28:55+00:00,4.533,-75.681,0.3758270442485809,0.3955349624156952,0.8396251201629639,0.8835711479187012,287.42822265625,14.278222656250025,SMAP_L4_SM_gph_20210616T133000_Vv8010_001.h5
2021-06-17,2021-06-17 13:28:55+00:00,4.533,-75.681,0.3725365102291107,0.3930980861186981,0.8323066830635071,0.8784560561180115,287.29888916015625,14.148889160156273,SMAP_L4_SM_gph_20210617T133000_Vv8010_001.h5
2021-06-18,2021-06-18 13:28:55+00:00,4.533,-75.681,0.3657106161117553,0.3891811370849609,0.8171806931495667,0.8693948984146118,287.26141357421875,14.111413574218773,SMAP_L4_SM_gph_20210618T133000_Vv8010_001.h5
2021-06-19,2021-06-19 13:28:55+00:00,4.533,-75.681,0.3625190556049347,0.3856176435947418,0.8098191618919373,0.8615214824676514,287.629150390625,14.479150390625025,SMAP_L4_SM_gph_20210619T133000_Vv8010_001.h5
2021-06-20,2021-06-20 13:28:55+00:00,4.533,-75.681,0.3685987293720245,0.3851253092288971,0.823447048664093,0.860534131526947,287.8070678710937,14.657067871093773,SMAP_L4_SM_gph_20210620T133000_Vv8010_001.h5
2021-06-21,2021-06-21 13:28:55+00:00,4.533,-75.681,0.3697929680347442,0.3867638111114502,0.8261041045188904,0.864256739616394,287.1791381835937,14.029138183593773,SMAP_L4_SM_gph_20210621T133000_Vv8010_001.h5
2021-06-22,2021-06-22 13:28:55+00:00,4.533,-75.681,0.3671662807464599,0.3859661221504211,0.8204209208488464,0.8622074723243713,287.1708984375,14.020898437500025,SMAP_L4_SM_gph_20210622T133000_Vv8010_001.h5
2021-06-23,2021-06-23 13:28:55+00:00,4.533,-75.681,0.3608407080173492,0.382099449634552,0.8063029050827026,0.8537657260894775,287.2218017578125,14.071801757812525,SMAP_L4_SM_gph_20210623T133000_Vv8010_001.h5
2021-06-24,2021-06-24 13:28:55+00:00,4.533,-75.681,0.3658879995346069,0.380140870809555,0.817560613155365,0.8491870760917664,286.9242553710937,13.774255371093773,SMAP_L4_SM_gph_20210624T133000_Vv8010_001.h5
2021-06-25,2021-06-25 13:28:55+00:00,4.533,-75.681,0.3638988435268402,0.3795888125896454,0.8130144476890564,0.848044216632843,288.0297241210937,14.879724121093773,SMAP_L4_SM_gph_20210625T133000_Vv8010_001.h5
2021-06-26,2021-06-26 13:28:55+00:00,4.533,-75.681,0.356813371181488,0.376873642206192,0.797008216381073,0.8420334458351135,287.8585205078125,14.708520507812525,SMAP_L4_SM_gph_20210626T133000_Vv8010_001.h5
2021-06-27,2021-06-27 13:28:55+00:00,4.533,-75.681,0.3659280240535736,0.3771282136440277,0.8174723982810974,0.8425489664077759,287.8425598144531,14.692559814453148,SMAP_L4_SM_gph_20210627T133000_Vv8010_001.h5
2021-06-28,2021-06-28 13:28:55+00:00,4.533,-75.681,0.3632440567016601,0.3776493370532989,0.8117459416389465,0.8436108827590942,287.760498046875,14.610498046875025,SMAP_L4_SM_gph_20210628T133000_Vv8010_001.h5
2021-06-29,2021-06-29 13:28:55+00:00,4.533,-75.681,0.3557396829128265,0.3739590644836426,0.7946119904518127,0.8354810476303101,287.3973388671875,14.247338867187525,SMAP_L4_SM_gph_20210629T133000_Vv8010_001.h5
2021-06-30,2021-06-30 13:28:55+00:00,4.533,-75.681,0.3556777834892273,0.3720165491104126,0.7947133183479309,0.8309441208839417,287.0551147460937,13.905114746093773,SMAP_L4_SM_gph_20210630T133000_Vv8010_001.h5
2021-07-01,2021-07-01 13:28:55+00:00,4.533,-75.681,0.3538233637809753,0.3704414963722229,0.790369987487793,0.8278012871742249,286.6581420898437,13.508142089843773,SMAP_L4_SM_gph_20210701T133000_Vv8010_001.h5
2021-07-02,2021-07-02 13:28:55+00:00,4.533,-75.681,0.3559667766094208,0.3702943921089172,0.7953260540962219,0.8272476196289062,287.01226806640625,13.862268066406273,SMAP_L4_SM_gph_20210702T133000_Vv8010_001.h5
2021-07-03,2021-07-03 13:28:55+00:00,4.533,-75.681,0.3468233346939087,0.3668779134750366,0.7749622464179993,0.819683313369751,286.47967529296875,13.329675292968773,SMAP_L4_SM_gph_20210703T133000_Vv8010_001.h5
2021-07-04,2021-07-04 13:28:55+00:00,4.533,-75.681,0.3386526703834533,0.3635412156581878,0.7563979029655457,0.8122525811195374,286.0433959960937,12.893395996093773,SMAP_L4_SM_gph_20210704T133000_Vv8010_001.h5
2021-07-05,2021-07-05 13:28:55+00:00,4.533,-75.681,0.3365748822689056,0.3605671525001526,0.752018928527832,0.8055450916290283,286.1434936523437,12.993493652343773,SMAP_L4_SM_gph_20210705T133000_Vv8010_001.h5
2021-07-06,2021-07-06 13:28:55+00:00,4.533,-75.681,0.3354074358940124,0.358094722032547,0.7492409944534302,0.7998491525650024,286.4276428222656,13.277642822265648,SMAP_L4_SM_gph_20210706T133000_Vv8010_001.h5
2021-07-07,2021-07-07 13:28:55+00:00,4.533,-75.681,0.3346328735351562,0.3556815683841705,0.7475050687789917,0.7945516109466553,286.8680114746094,13.718011474609398,SMAP_L4_SM_gph_20210707T133000_Vv8010_001.h5
2021-07-08,2021-07-08 13:28:55+00:00,4.533,-75.681,0.3341313898563385,0.3533296585083008,0.7463830709457397,0.7894138097763062,287.0638122558594,13.913812255859398,SMAP_L4_SM_gph_20210708T133000_Vv8010_001.h5
2021-07-09,2021-07-09 13:28:55+00:00,4.533,-75.681,0.335435003042221,0.351700097322464,0.7494385242462158,0.7858845591545105,287.35260009765625,14.202600097656273,SMAP_L4_SM_gph_20210709T133000_Vv8010_001.h5
2021-07-10,2021-07-10 13:28:55+00:00,4.533,-75.681,0.3428042829036712,0.3525528907775879,0.7660518884658813,0.7878332734107971,287.206787109375,14.056787109375025,SMAP_L4_SM_gph_20210710T133000_Vv8010_001.h5
2021-07-11,2021-07-11 13:28:55+00:00,4.533,-75.681,0.3466823101043701,0.3527016341686249,0.7745664715766907,0.7881470322608948,287.23223876953125,14.082238769531273,SMAP_L4_SM_gph_20210711T133000_Vv8010_001.h5
2021-07-12,2021-07-12 13:28:55+00:00,4.533,-75.681,0.346704751253128,0.3577416837215423,0.7747218608856201,0.7992996573448181,287.2999572753906,14.149957275390648,SMAP_L4_SM_gph_20210712T133000_Vv8010_001.h5
2021-07-13,2021-07-13 13:28:55+00:00,4.533,-75.681,0.3510883152484894,0.3584683537483215,0.7844756841659546,0.8009936809539795,287.25738525390625,14.107385253906273,SMAP_L4_SM_gph_20210713T133000_Vv8010_001.h5
2021-07-14,2021-07-14 13:28:55+00:00,4.533,-75.681,0.3447275757789612,0.3575866520404815,0.7700389623641968,0.7988001704216003,287.3001403808594,14.150140380859398,SMAP_L4_SM_gph_20210714T133000_Vv8010_001.h5
2021-07-15,2021-07-15 13:28:55+00:00,4.533,-75.681,0.3416589200496673,0.3559088706970215,0.7632032036781311,0.7949754595756531,287.39849853515625,14.248498535156273,SMAP_L4_SM_gph_20210715T133000_Vv8010_001.h5
2021-07-16,2021-07-16 13:28:55+00:00,4.533,-75.681,0.3385567963123321,0.3538099229335785,0.7565755844116211,0.7902746796607971,287.580322265625,14.430322265625025,SMAP_L4_SM_gph_20210716T133000_Vv8010_001.h5
2021-07-17,2021-07-17 13:28:55+00:00,4.533,-75.681,0.342896044254303,0.3526373207569122,0.7660009860992432,0.7878840565681458,287.57305908203125,14.423059082031273,SMAP_L4_SM_gph_20210717T133000_Vv8010_001.h5
2021-07-18,2021-07-18 13:28:55+00:00,4.533,-75.681,0.3431203663349151,0.3518881201744079,0.766355037689209,0.7861312627792358,288.04693603515625,14.896936035156273,SMAP_L4_SM_gph_20210718T133000_Vv8010_001.h5
2021-07-19,2021-07-19 13:28:55+00:00,4.533,-75.681,0.3438630998134613,0.3517069220542907,0.7680751085281372,0.7855634689331055,287.7424621582031,14.592462158203148,SMAP_L4_SM_gph_20210719T133000_Vv8010_001.h5
2021-07-20,2021-07-20 13:28:55+00:00,4.533,-75.681,0.3333111107349396,0.3489764630794525,0.7445979714393616,0.7795866131782532,287.128173828125,13.978173828125025,SMAP_L4_SM_gph_20210720T133000_Vv8010_001.h5
2021-07-21,2021-07-21 13:28:55+00:00,4.533,-75.681,0.3256723582744598,0.3460891842842102,0.7275453209877014,0.7731055617332458,287.15850830078125,14.008508300781273,SMAP_L4_SM_gph_20210721T133000_Vv8010_001.h5
2021-07-22,2021-07-22 13:28:55+00:00,4.533,-75.681,0.3296363055706024,0.3444585800170898,0.7365093231201172,0.7696484923362732,287.4739990234375,14.323999023437525,SMAP_L4_SM_gph_20210722T133000_Vv8010_001.h5
2021-07-23,2021-07-23 13:28:55+00:00,4.533,-75.681,0.3300982713699341,0.3428321480751037,0.7373813986778259,0.7658829689025879,287.11962890625,13.969628906250025,SMAP_L4_SM_gph_20210723T133000_Vv8010_001.h5
2021-07-24,2021-07-24 13:28:55+00:00,4.533,-75.681,0.3383266925811767,0.3437072932720184,0.7559894323348999,0.7678901553153992,287.34686279296875,14.196862792968773,SMAP_L4_SM_gph_20210724T133000_Vv8010_001.h5
2021-07-25,2021-07-25 13:28:55+00:00,4.533,-75.681,0.3448985815048218,0.3495003581047058,0.7705798745155334,0.7809004187583923,288.0311889648437,14.881188964843773,SMAP_L4_SM_gph_20210725T133000_Vv8010_001.h5
2021-07-26,2021-07-26 13:28:55+00:00,4.533,-75.681,0.3399608731269836,0.3479326367378235,0.7593269944190979,0.7773638367652893,288.056884765625,14.906884765625025,SMAP_L4_SM_gph_20210726T133000_Vv8010_001.h5
2021-07-27,2021-07-27 13:28:55+00:00,4.533,-75.681,0.3428488969802856,0.3482289612293243,0.7659686207771301,0.7778381705284119,287.7357788085937,14.585778808593773,SMAP_L4_SM_gph_20210727T133000_Vv8010_001.h5
2021-07-28,2021-07-28 13:28:55+00:00,4.533,-75.681,0.3413530588150024,0.3530530035495758,0.7626302242279053,0.7886710166931152,287.52850341796875,14.378503417968773,SMAP_L4_SM_gph_20210728T133000_Vv8010_001.h5
2021-07-29,2021-07-29 13:28:55+00:00,4.533,-75.681,0.3339027166366577,0.3484066426753998,0.7457801699638367,0.7783970832824707,288.09002685546875,14.940026855468773,SMAP_L4_SM_gph_20210729T133000_Vv8010_001.h5
2021-07-30,2021-07-30 13:28:55+00:00,4.533,-75.681,0.3323873579502105,0.3462739884853363,0.7425520420074463,0.7736084461212158,287.2704162597656,14.120416259765648,SMAP_L4_SM_gph_20210730T133000_Vv8010_001.h5
2021-07-31,2021-07-31 13:28:55+00:00,4.533,-75.681,0.3460803925991058,0.3485711812973022,0.7730923891067505,0.7786775231361389,287.2357177734375,14.085717773437525,SMAP_L4_SM_gph_20210731T133000_Vv8010_001.h5
2021-08-01,2021-08-01 13:28:55+00:00,4.533,-75.681,0.3409228324890136,0.3484757542610168,0.7616215348243713,0.7785775661468506,287.458740234375,14.308740234375025,SMAP_L4_SM_gph_20210801T133000_Vv8010_001.h5
2021-08-02,2021-08-02 13:28:55+00:00,4.533,-75.681,0.3303938508033752,0.3449540436267853,0.7381141185760498,0.7707381844520569,287.2407531738281,14.090753173828148,SMAP_L4_SM_gph_20210802T133000_Vv8010_001.h5
2021-08-03,2021-08-03 13:28:55+00:00,4.533,-75.681,0.3285926580429077,0.3428117930889129,0.7341270446777344,0.7657551169395447,286.93463134765625,13.784631347656273,SMAP_L4_SM_gph_20210803T133000_Vv8010_001.h5
2021-08-04,2021-08-04 13:28:55+00:00,4.533,-75.681,0.3351925909519195,0.3426787555217743,0.748897135257721,0.7654821872711182,286.01519775390625,12.865197753906273,SMAP_L4_SM_gph_20210804T133000_Vv8010_001.h5
2021-08-05,2021-08-05 13:28:55+00:00,4.533,-75.681,0.3226787149906158,0.3402090072631836,0.7210527062416077,0.7600370049476624,286.32373046875,13.173730468750025,SMAP_L4_SM_gph_20210805T133000_Vv8010_001.h5
2021-08-06,2021-08-06 13:28:55+00:00,4.533,-75.681,0.3164787888526916,0.3374138474464416,0.7069963812828064,0.7537218332290649,286.724853515625,13.574853515625025,SMAP_L4_SM_gph_20210806T133000_Vv8010_001.h5
2021-08-07,2021-08-07 13:28:55+00:00,4.533,-75.681,0.3146850764751434,0.3352048695087433,0.7030173540115356,0.7490525245666504,287.0026550292969,13.852655029296898,SMAP_L4_SM_gph_20210807T133000_Vv8010_001.h5
2021-08-08,2021-08-08 13:28:55+00:00,4.533,-75.681,0.3212488889694214,0.3340491056442261,0.7175044417381287,0.7462180256843567,287.3095703125,14.159570312500025,SMAP_L4_SM_gph_20210808T133000_Vv8010_001.h5
2021-08-09,2021-08-09 13:28:55+00:00,4.533,-75.681,0.3369704782962799,0.3366597890853882,0.7527645826339722,0.7521264553070068,287.7982177734375,14.648217773437525,SMAP_L4_SM_gph_20210809T133000_Vv8010_001.h5
2021-08-10,2021-08-10 13:28:55+00:00,4.533,-75.681,0.3311242163181305,0.3367539942264557,0.7398391962051392,0.7524465918540955,287.572021484375,14.422021484375025,SMAP_L4_SM_gph_20210810T133000_Vv8010_001.h5
2021-08-11,2021-08-11 13:28:55+00:00,4.533,-75.681,0.3293014168739319,0.3357572555541992,0.7357159852981567,0.7503662109375,287.3885498046875,14.238549804687525,SMAP_L4_SM_gph_20210811T133000_Vv8010_001.h5
2021-08-12,2021-08-12 13:28:55+00:00,4.533,-75.681,0.3248698711395263,0.3341184258460998,0.7257609963417053,0.7465688586235046,287.8519897460937,14.701989746093773,SMAP_L4_SM_gph_20210812T133000_Vv8010_001.h5
2021-08-13,2021-08-13 13:28:55+00:00,4.533,-75.681,0.3341472744941711,0.337775319814682,0.7466809153556824,0.7546117305755615,287.7059936523437,14.555993652343773,SMAP_L4_SM_gph_20210813T133000_Vv8010_001.h5
2021-08-14,2021-08-14 13:28:55+00:00,4.533,-75.681,0.3429981470108032,0.3407997190952301,0.7663732171058655,0.7614505887031555,287.9522705078125,14.802270507812525,SMAP_L4_SM_gph_20210814T133000_Vv8010_001.h5
2021-08-15,2021-08-15 13:28:55+00:00,4.533,-75.681,0.3601113855838775,0.3647647798061371,0.8043713569641113,0.8147757649421692,287.7872314453125,14.637231445312525,SMAP_L4_SM_gph_20210815T133000_Vv8010_001.h5
2021-08-16,2021-08-16 13:28:55+00:00,4.533,-75.681,0.3560112416744232,0.3656558096408844,0.7952426671981812,0.8169940114021301,287.72027587890625,14.570275878906273,SMAP_L4_SM_gph_20210816T133000_Vv8010_001.h5
2021-08-17,2021-08-17 13:28:55+00:00,4.533,-75.681,0.3578239381313324,0.3645978271961212,0.7996540665626526,0.8144890666007996,287.5447082519531,14.394708251953148,SMAP_L4_SM_gph_20210817T133000_Vv8010_001.h5
2021-08-18,2021-08-18 13:28:55+00:00,4.533,-75.681,0.3554216623306274,0.3688955307006836,0.7940259575843811,0.8244158625602722,287.85205078125,14.702050781250025,SMAP_L4_SM_gph_20210818T133000_Vv8010_001.h5
2021-08-19,2021-08-19 13:28:55+00:00,4.533,-75.681,0.3510577976703644,0.3639101386070251,0.7845374345779419,0.8129921555519104,287.6981811523437,14.548181152343773,SMAP_L4_SM_gph_20210819T133000_Vv8010_001.h5
2021-08-20,2021-08-20 13:28:55+00:00,4.533,-75.681,0.3586345911026001,0.3682785928249359,0.8012793064117432,0.8229338526725769,287.34912109375,14.199121093750025,SMAP_L4_SM_gph_20210820T133000_Vv8010_001.h5
2021-08-21,2021-08-21 13:28:55+00:00,4.533,-75.681,0.3516763150691986,0.3656685650348663,0.7856540083885193,0.8171974420547485,287.3275146484375,14.177514648437525,SMAP_L4_SM_gph_20210821T133000_Vv8010_001.h5
2021-08-22,2021-08-22 13:28:55+00:00,4.533,-75.681,0.3461368381977081,0.3624951243400574,0.7733026146888733,0.8098742365837097,287.56427001953125,14.414270019531273,SMAP_L4_SM_gph_20210822T133000_Vv8010_001.h5
2021-08-23,2021-08-23 13:28:55+00:00,4.533,-75.681,0.3438467681407928,0.3600267469882965,0.7683200836181641,0.80443274974823,287.55816650390625,14.408166503906273,SMAP_L4_SM_gph_20210823T133000_Vv8010_001.h5
2021-08-24,2021-08-24 13:28:55+00:00,4.533,-75.681,0.3527198135852813,0.3638477027416229,0.7880728244781494,0.8130735754966736,287.52362060546875,14.373620605468773,SMAP_L4_SM_gph_20210824T133000_Vv8010_001.h5
2021-08-25,2021-08-25 13:28:55+00:00,4.533,-75.681,0.3537464439868927,0.363316535949707,0.7904551029205322,0.811496913433075,287.8465576171875,14.696557617187525,SMAP_L4_SM_gph_20210825T133000_Vv8010_001.h5
2021-08-26,2021-08-26 13:28:55+00:00,4.533,-75.681,0.3627070188522339,0.3657048046588897,0.810433030128479,0.8170475363731384,287.9706726074219,14.820672607421898,SMAP_L4_SM_gph_20210826T133000_Vv8010_001.h5
2021-08-27,2021-08-27 13:28:55+00:00,4.533,-75.681,0.3531443476676941,0.3660824298858642,0.789130449295044,0.8178098201751709,288.0321350097656,14.882135009765648,SMAP_L4_SM_gph_20210827T133000_Vv8010_001.h5
2021-08-28,2021-08-28 13:28:55+00:00,4.533,-75.681,0.3583329617977142,0.3676556050777435,0.8004271388053894,0.8214359879493713,287.92059326171875,14.770593261718773,SMAP_L4_SM_gph_20210828T133000_Vv8010_001.h5
2021-08-29,2021-08-29 13:28:55+00:00,4.533,-75.681,0.3539947271347046,0.365300565958023,0.7907586693763733,0.8162902593612671,287.89715576171875,14.747155761718773,SMAP_L4_SM_gph_20210829T133000_Vv8010_001.h5
2021-08-30,2021-08-30 13:28:55+00:00,4.533,-75.681,0.3551189601421356,0.3645930886268616,0.7935845255851746,0.8146464824676514,287.75323486328125,14.603234863281273,SMAP_L4_SM_gph_20210830T133000_Vv8010_001.h5
2021-08-31,2021-08-31 13:28:55+00:00,4.533,-75.681,0.3590590953826904,0.3673606812953949,0.8021476864814758,0.8208896517753601,287.86572265625,14.715722656250025,SMAP_L4_SM_gph_20210831T133000_Vv8010_001.h5
2021-09-01,2021-09-01 13:28:55+00:00,4.533,-75.681,0.3597254753112793,0.3681930899620056,0.803672730922699,0.8225409388542175,287.7315673828125,14.581567382812525,SMAP_L4_SM_gph_20210901T133000_Vv8010_001.h5
2021-09-02,2021-09-02 13:28:55+00:00,4.533,-75.681,0.3536447882652282,0.3664977252483368,0.7899488210678101,0.8189888000488281,287.32470703125,14.174707031250025,SMAP_L4_SM_gph_20210902T133000_Vv8010_001.h5
2021-09-03,2021-09-03 13:28:55+00:00,4.533,-75.681,0.3440527617931366,0.3628641068935394,0.7686145305633545,0.810687780380249,287.6566467285156,14.506646728515648,SMAP_L4_SM_gph_20210903T133000_Vv8010_001.h5
2021-09-04,2021-09-04 13:28:55+00:00,4.533,-75.681,0.3446641564369201,0.3602765798568725,0.7699677348136902,0.8048403263092041,288.0080871582031,14.858087158203148,SMAP_L4_SM_gph_20210904T133000_Vv8010_001.h5
2021-09-05,2021-09-05 13:28:55+00:00,4.533,-75.681,0.3460842967033386,0.35972660779953,0.7733743190765381,0.8037026524543762,288.0140380859375,14.864038085937525,SMAP_L4_SM_gph_20210905T133000_Vv8010_001.h5
2021-09-06,2021-09-06 13:28:55+00:00,4.533,-75.681,0.356100469827652,0.3611705303192138,0.795674204826355,0.8068218231201172,288.03131103515625,14.881311035156273,SMAP_L4_SM_gph_20210906T133000_Vv8010_001.h5
2021-09-07,2021-09-07 13:28:55+00:00,4.533,-75.681,0.3521095514297485,0.3616649508476257,0.786681056022644,0.8078144788742065,287.9883728027344,14.838372802734398,SMAP_L4_SM_gph_20210907T133000_Vv8010_001.h5
2021-09-08,2021-09-08 13:28:55+00:00,4.533,-75.681,0.3530509769916534,0.3621463775634765,0.7886730432510376,0.8090919256210327,287.69873046875,14.548730468750025,SMAP_L4_SM_gph_20210908T133000_Vv8010_001.h5
2021-09-09,2021-09-09 13:28:55+00:00,4.533,-75.681,0.3520523011684418,0.3648667633533478,0.7865831851959229,0.8152864575386047,287.9276733398437,14.777673339843773,SMAP_L4_SM_gph_20210909T133000_Vv8010_001.h5
2021-09-10,2021-09-10 13:28:55+00:00,4.533,-75.681,0.3425818085670471,0.3609189391136169,0.7653030157089233,0.8063887357711792,287.6643981933594,14.514398193359398,SMAP_L4_SM_gph_20210910T133000_Vv8010_001.h5
2021-09-11,2021-09-11 13:28:55+00:00,4.533,-75.681,0.3453944623470306,0.3589335680007934,0.7716012597084045,0.8017407059669495,287.8267822265625,14.676782226562525,SMAP_L4_SM_gph_20210911T133000_Vv8010_001.h5
2021-09-12,2021-09-12 13:28:55+00:00,4.533,-75.681,0.3502347767353058,0.358253538608551,0.7824071645736694,0.8005819916725159,287.53826904296875,14.388269042968773,SMAP_L4_SM_gph_20210912T133000_Vv8010_001.h5
2021-09-13,2021-09-13 13:28:55+00:00,4.533,-75.681,0.3482784032821655,0.3593898713588714,0.7781222462654114,0.8030471801757812,287.5209350585937,14.370935058593773,SMAP_L4_SM_gph_20210913T133000_Vv8010_001.h5
2021-09-14,2021-09-14 13:28:55+00:00,4.533,-75.681,0.33932626247406,0.3562547266483307,0.7581533193588257,0.7959935665130615,287.807861328125,14.657861328125025,SMAP_L4_SM_gph_20210914T133000_Vv8010_001.h5
2021-09-15,2021-09-15 13:28:55+00:00,4.533,-75.681,0.3524112105369568,0.3579762876033783,0.7873622179031372,0.799688458442688,288.1511535644531,15.001153564453148,SMAP_L4_SM_gph_20210915T133000_Vv8010_001.h5
2021-09-16,2021-09-16 13:28:55+00:00,4.533,-75.681,0.3444109857082367,0.3560941815376282,0.7694879174232483,0.7954792976379395,287.25616455078125,14.106164550781273,SMAP_L4_SM_gph_20210916T133000_Vv8010_001.h5
2021-09-17,2021-09-17 13:28:55+00:00,4.533,-75.681,0.3339145481586456,0.3533746600151062,0.7460517883300781,0.7896057963371277,287.4576110839844,14.307611083984398,SMAP_L4_SM_gph_20210917T133000_Vv8010_001.h5
2021-09-18,2021-09-18 13:28:55+00:00,4.533,-75.681,0.3324348628520965,0.3506954312324524,0.7425817847251892,0.7835190296173096,287.17431640625,14.024316406250025,SMAP_L4_SM_gph_20210918T133000_Vv8010_001.h5
2021-09-19,2021-09-19 13:28:55+00:00,4.533,-75.681,0.3315304815769195,0.3482272028923034,0.7407789826393127,0.7780030965805054,287.8702392578125,14.720239257812525,SMAP_L4_SM_gph_20210919T133000_Vv8010_001.h5
2021-09-20,2021-09-20 13:28:55+00:00,4.533,-75.681,0.3377372324466705,0.3485994040966034,0.7547150254249573,0.7788259983062744,287.3946533203125,14.244653320312525,SMAP_L4_SM_gph_20210920T133000_Vv8010_001.h5
2021-09-21,2021-09-21 13:28:55+00:00,4.533,-75.681,0.3413937985897064,0.3480203449726105,0.7627655267715454,0.7776121497154236,288.0805053710937,14.930505371093773,SMAP_L4_SM_gph_20210921T133000_Vv8010_001.h5
2021-09-22,2021-09-22 13:28:55+00:00,4.533,-75.681,0.3480094373226166,0.3492228984832763,0.777439534664154,0.7802503108978271,288.4298400878906,15.279840087890648,SMAP_L4_SM_gph_20210922T133000_Vv8010_001.h5
2021-09-23,2021-09-23 13:28:55+00:00,4.533,-75.681,0.3545877337455749,0.3558865785598755,0.7923177480697632,0.7950119376182556,288.13653564453125,14.986535644531273,SMAP_L4_SM_gph_20210923T133000_Vv8010_001.h5
2021-09-24,2021-09-24 13:28:55+00:00,4.533,-75.681,0.3455211520195007,0.3578492105007171,0.7719815373420715,0.799431324005127,287.32720947265625,14.177209472656273,SMAP_L4_SM_gph_20210924T133000_Vv8010_001.h5
2021-09-25,2021-09-25 13:28:55+00:00,4.533,-75.681,0.3413616120815277,0.3534744083881378,0.762749195098877,0.7897171974182129,287.69366455078125,14.543664550781273,SMAP_L4_SM_gph_20210925T133000_Vv8010_001.h5
2021-09-26,2021-09-26 13:28:55+00:00,4.533,-75.681,0.3373006880283355,0.3505013585090637,0.753735363483429,0.783012330532074,287.2574462890625,14.107446289062525,SMAP_L4_SM_gph_20210926T133000_Vv8010_001.h5
2021-09-27,2021-09-27 13:28:55+00:00,4.533,-75.681,0.328291654586792,0.3477206230163574,0.7335561513900757,0.7769788503646851,287.2522277832031,14.102227783203148,SMAP_L4_SM_gph_20210927T133000_Vv8010_001.h5
2021-09-28,2021-09-28 13:28:55+00:00,4.533,-75.681,0.3289034962654114,0.3456207811832428,0.7346067428588867,0.7720316648483276,287.653564453125,14.503564453125025,SMAP_L4_SM_gph_20210928T133000_Vv8010_001.h5
2021-09-29,2021-09-29 13:28:55+00:00,4.533,-75.681,0.3461966216564178,0.3471129536628723,0.7733449935913086,0.775446891784668,287.9529724121094,14.802972412109398,SMAP_L4_SM_gph_20210929T133000_Vv8010_001.h5
2021-09-30,2021-09-30 13:28:55+00:00,4.533,-75.681,0.352381020784378,0.3538786470890045,0.7873302102088928,0.790718674659729,287.6849060058594,14.534906005859398,SMAP_L4_SM_gph_20210930T133000_Vv8010_001.h5
2021-10-01,2021-10-01 13:28:55+00:00,4.533,-75.681,0.3445799946784973,0.3561484515666961,0.769804060459137,0.7957165837287903,286.9691162109375,13.819116210937525,SMAP_L4_SM_gph_20211001T133000_Vv8010_001.h5
2021-10-02,2021-10-02 13:28:55+00:00,4.533,-75.681,0.3434500694274902,0.3532322347164154,0.7674203515052795,0.7891597747802734,288.2151184082031,15.065118408203148,SMAP_L4_SM_gph_20211002T133000_Vv8010_001.h5
2021-10-03,2021-10-03 13:28:55+00:00,4.533,-75.681,0.3447229862213135,0.3526131510734558,0.7700306177139282,0.7876722812652588,288.2491455078125,15.099145507812525,SMAP_L4_SM_gph_20211003T133000_Vv8010_001.h5
2021-10-04,2021-10-04 13:28:55+00:00,4.533,-75.681,0.3434742391109466,0.3518979251384735,0.7675228714942932,0.7862523198127747,288.56121826171875,15.411218261718773,SMAP_L4_SM_gph_20211004T133000_Vv8010_001.h5
2021-10-05,2021-10-05 13:28:55+00:00,4.533,-75.681,0.3476212918758392,0.3518371880054474,0.7767782807350159,0.7861679792404175,288.6675109863281,15.517510986328148,SMAP_L4_SM_gph_20211005T133000_Vv8010_001.h5
2021-10-06,2021-10-06 13:28:55+00:00,4.533,-75.681,0.3503642082214355,0.3564290702342987,0.7827176451683044,0.7962998747825623,288.0551147460937,14.905114746093773,SMAP_L4_SM_gph_20211006T133000_Vv8010_001.h5
2021-10-07,2021-10-07 13:28:55+00:00,4.533,-75.681,0.3530721962451935,0.3607290089130401,0.7888635993003845,0.8058931231498718,288.3196105957031,15.169610595703148,SMAP_L4_SM_gph_20211007T133000_Vv8010_001.h5
2021-10-08,2021-10-08 13:28:55+00:00,4.533,-75.681,0.3514440059661865,0.3591838181018829,0.7852333784103394,0.8023396134376526,288.0032043457031,14.853204345703148,SMAP_L4_SM_gph_20211008T133000_Vv8010_001.h5
2021-10-09,2021-10-09 13:28:55+00:00,4.533,-75.681,0.3604132235050201,0.3658986389636993,0.8050892949104309,0.8174048066139221,287.73492431640625,14.584924316406273,SMAP_L4_SM_gph_20211009T133000_Vv8010_001.h5
2021-10-10,2021-10-10 13:28:55+00:00,4.533,-75.681,0.3577559292316437,0.3674632906913757,0.7991472482681274,0.8207646608352661,288.2982177734375,15.148217773437525,SMAP_L4_SM_gph_20211010T133000_Vv8010_001.h5
2021-10-11,2021-10-11 13:28:55+00:00,4.533,-75.681,0.3602807819843292,0.3705004751682281,0.8049470782279968,0.8278070092201233,288.4010009765625,15.251000976562525,SMAP_L4_SM_gph_20211011T133000_Vv8010_001.h5
2021-10-12,2021-10-12 13:28:55+00:00,4.533,-75.681,0.3560058176517486,0.3694609701633453,0.7954046726226807,0.8252753019332886,287.9107666015625,14.760766601562525,SMAP_L4_SM_gph_20211012T133000_Vv8010_001.h5
2021-10-13,2021-10-13 13:28:55+00:00,4.533,-75.681,0.3544643521308899,0.3672050237655639,0.7919588088989258,0.8204837441444397,288.1312561035156,14.981256103515648,SMAP_L4_SM_gph_20211013T133000_Vv8010_001.h5
2021-10-14,2021-10-14 13:28:55+00:00,4.533,-75.681,0.3579320907592773,0.3677091598510742,0.7996941208839417,0.8215019106864929,288.6236572265625,15.473657226562525,SMAP_L4_SM_gph_20211014T133000_Vv8010_001.h5
2021-10-15,2021-10-15 13:28:55+00:00,4.533,-75.681,0.3606230020523071,0.3749687075614929,0.8056355118751526,0.8376907110214233,287.8280029296875,14.678002929687525,SMAP_L4_SM_gph_20211015T133000_Vv8010_001.h5
2021-10-16,2021-10-16 13:28:55+00:00,4.533,-75.681,0.3553085923194885,0.3720628619194031,0.7936205863952637,0.8314051032066345,288.3250732421875,15.175073242187525,SMAP_L4_SM_gph_20211016T133000_Vv8010_001.h5
2021-10-17,2021-10-17 13:28:55+00:00,4.533,-75.681,0.3672780394554138,0.3767582774162292,0.8204648494720459,0.8417330980300903,288.4544982910156,15.304498291015648,SMAP_L4_SM_gph_20211017T133000_Vv8010_001.h5
2021-10-18,2021-10-18 13:28:55+00:00,4.533,-75.681,0.3647911548614502,0.3788659870624542,0.814950168132782,0.8462122082710266,287.9584045410156,14.808404541015648,SMAP_L4_SM_gph_20211018T133000_Vv8010_001.h5
2021-10-19,2021-10-19 13:28:55+00:00,4.533,-75.681,0.359653115272522,0.3763325214385986,0.8035004138946533,0.8406752347946167,288.09881591796875,14.948815917968773,SMAP_L4_SM_gph_20211019T133000_Vv8010_001.h5
2021-10-20,2021-10-20 13:28:55+00:00,4.533,-75.681,0.3648663461208343,0.3751488327980041,0.8149945139884949,0.8380860686302185,288.2279663085937,15.077966308593773,SMAP_L4_SM_gph_20211020T133000_Vv8010_001.h5
2021-10-21,2021-10-21 13:28:55+00:00,4.533,-75.681,0.3654885590076446,0.3772177398204803,0.8165085315704346,0.8427082896232605,287.7364501953125,14.586450195312525,SMAP_L4_SM_gph_20211021T133000_Vv8010_001.h5
2021-10-22,2021-10-22 13:28:55+00:00,4.533,-75.681,0.3686995506286621,0.3779280483722687,0.8236103653907776,0.8444336652755737,288.059814453125,14.909814453125025,SMAP_L4_SM_gph_20211022T133000_Vv8010_001.h5
2021-10-23,2021-10-23 13:28:55+00:00,4.533,-75.681,0.3682090938091278,0.3812935054302215,0.8226313591003418,0.8517913222312927,288.2676086425781,15.117608642578148,SMAP_L4_SM_gph_20211023T133000_Vv8010_001.h5
2021-10-24,2021-10-24 13:28:55+00:00,4.533,-75.681,0.3643398880958557,0.3802054524421692,0.8139768242835999,0.849621593952179,287.79937744140625,14.649377441406273,SMAP_L4_SM_gph_20211024T133000_Vv8010_001.h5
2021-10-25,2021-10-25 13:28:55+00:00,4.533,-75.681,0.3698787689208984,0.3800291717052459,0.8263459801673889,0.848821759223938,288.2294921875,15.079492187500025,SMAP_L4_SM_gph_20211025T133000_Vv8010_001.h5
2021-10-26,2021-10-26 13:28:55+00:00,4.533,-75.681,0.3661146163940429,0.3813241422176361,0.8178772330284119,0.8520417809486389,287.8164367675781,14.666436767578148,SMAP_L4_SM_gph_20211026T133000_Vv8010_001.h5
2021-10-27,2021-10-27 13:28:55+00:00,4.533,-75.681,0.3729609251022339,0.3854095637798309,0.8332328200340271,0.8610528707504272,288.302734375,15.152734375000025,SMAP_L4_SM_gph_20211027T133000_Vv8010_001.h5
2021-10-28,2021-10-28 13:28:55+00:00,4.533,-75.681,0.3661498725414276,0.3827270269393921,0.8179916739463806,0.85512775182724,287.87896728515625,14.728967285156273,SMAP_L4_SM_gph_20211028T133000_Vv8010_001.h5
2021-10-29,2021-10-29 13:28:55+00:00,4.533,-75.681,0.3675951957702636,0.3818477988243103,0.8212941288948059,0.8531104326248169,287.9374389648437,14.787438964843773,SMAP_L4_SM_gph_20211029T133000_Vv8010_001.h5
2021-10-30,2021-10-30 13:28:55+00:00,4.533,-75.681,0.3722685277462005,0.3831197023391723,0.8319240808486938,0.8560029864311218,288.18865966796875,15.038659667968773,SMAP_L4_SM_gph_20211030T133000_Vv8010_001.h5
2021-10-31,2021-10-31 13:28:55+00:00,4.533,-75.681,0.3699691891670227,0.3859298229217529,0.8264613747596741,0.8622616529464722,287.69097900390625,14.540979003906273,SMAP_L4_SM_gph_20211031T133000_Vv8010_001.h5
2021-11-01,2021-11-01 13:28:55+00:00,4.533,-75.681,0.3774076402187347,0.3867284059524536,0.8430728316307068,0.8640688061714172,287.7781982421875,14.628198242187525,SMAP_L4_SM_gph_20211101T133000_Vv8010_001.h5
2021-11-02,2021-11-02 13:28:55+00:00,4.533,-75.681,0.3706794381141662,0.3857702314853668,0.8281465768814087,0.861845076084137,287.7470703125,14.597070312500025,SMAP_L4_SM_gph_20211102T133000_Vv8010_001.h5
2021-11-03,2021-11-03 13:28:55+00:00,4.533,-75.681,0.3835328817367553,0.3968578577041626,0.8567498326301575,0.8866930603981018,287.83074951171875,14.680749511718773,SMAP_L4_SM_gph_20211103T133000_Vv8010_001.h5
2021-11-04,2021-11-04 13:28:55+00:00,4.533,-75.681,0.3772023916244507,0.3955318033695221,0.842775821685791,0.8835629820823669,287.5566711425781,14.406671142578148,SMAP_L4_SM_gph_20211104T133000_Vv8010_001.h5
2021-11-05,2021-11-05 13:28:55+00:00,4.533,-75.681,0.3716600239276886,0.391908198595047,0.8303665518760681,0.8755326867103577,288.1219177246094,14.971917724609398,SMAP_L4_SM_gph_20211105T133000_Vv8010_001.h5
2021-11-06,2021-11-06 13:28:55+00:00,4.533,-75.681,0.3652494549751282,0.3887035846710205,0.8159708380699158,0.8684462904930115,288.3896789550781,15.239678955078148,SMAP_L4_SM_gph_20211106T133000_Vv8010_001.h5
2021-11-07,2021-11-07 13:28:55+00:00,4.533,-75.681,0.363620787858963,0.3851521611213684,0.8121510148048401,0.8603600263595581,287.9754638671875,14.825463867187525,SMAP_L4_SM_gph_20211107T133000_Vv8010_001.h5
2021-11-08,2021-11-08 13:28:55+00:00,4.533,-75.681,0.3687971234321594,0.3833931386470794,0.8238860964775085,0.8565675616264343,288.0606994628906,14.910699462890648,SMAP_L4_SM_gph_20211108T133000_Vv8010_001.h5
2021-11-09,2021-11-09 13:28:55+00:00,4.533,-75.681,0.3772444427013397,0.3925471007823944,0.8428425192832947,0.8770719170570374,287.4896545410156,14.339654541015648,SMAP_L4_SM_gph_20211109T133000_Vv8010_001.h5
2021-11-10,2021-11-10 13:28:55+00:00,4.533,-75.681,0.3775786161422729,0.3933353126049042,0.8437084555625916,0.878608226776123,287.68853759765625,14.538537597656273,SMAP_L4_SM_gph_20211110T133000_Vv8010_001.h5
2021-11-11,2021-11-11 13:28:55+00:00,4.533,-75.681,0.3824539184570312,0.4010425508022308,0.8544791340827942,0.8959859609603882,287.88751220703125,14.737512207031273,SMAP_L4_SM_gph_20211111T133000_Vv8010_001.h5
2021-11-12,2021-11-12 13:28:55+00:00,4.533,-75.681,0.3838594555854797,0.3989250063896179,0.857512354850769,0.8913109302520752,287.8712463378906,14.721246337890648,SMAP_L4_SM_gph_20211112T133000_Vv8010_001.h5
2021-11-13,2021-11-13 13:28:55+00:00,4.533,-75.681,0.3778811693191528,0.3981002867221832,0.8441646099090576,0.8896054625511169,287.9896240234375,14.839624023437525,SMAP_L4_SM_gph_20211113T133000_Vv8010_001.h5
2021-11-14,2021-11-14 13:28:55+00:00,4.533,-75.681,0.3740270137786865,0.3964877426624298,0.8355446457862854,0.8858765959739685,287.5235290527344,14.373529052734398,SMAP_L4_SM_gph_20211114T133000_Vv8010_001.h5
2021-11-15,2021-11-15 13:28:55+00:00,4.533,-75.681,0.3782524764537811,0.3948051333427429,0.8450155258178711,0.8818688988685608,287.9195251464844,14.769525146484398,SMAP_L4_SM_gph_20211115T133000_Vv8010_001.h5
2021-11-16,2021-11-16 13:28:55+00:00,4.533,-75.681,0.3732363879680633,0.3933249413967132,0.8336783647537231,0.8785811066627502,288.18756103515625,15.037561035156273,SMAP_L4_SM_gph_20211116T133000_Vv8010_001.h5
2021-11-17,2021-11-17 13:28:55+00:00,4.533,-75.681,0.3729316294193268,0.3916745781898498,0.8332564234733582,0.8748276829719543,288.1729736328125,15.022973632812525,SMAP_L4_SM_gph_20211117T133000_Vv8010_001.h5
2021-11-18,2021-11-18 13:28:55+00:00,4.533,-75.681,0.3737522959709167,0.390958309173584,0.8349869847297668,0.8733311295509338,287.9336853027344,14.783685302734398,SMAP_L4_SM_gph_20211118T133000_Vv8010_001.h5
2021-11-19,2021-11-19 13:28:55+00:00,4.533,-75.681,0.3734917044639587,0.3898636996746063,0.8346304297447205,0.8709001541137695,287.5689697265625,14.418969726562525,SMAP_L4_SM_gph_20211119T133000_Vv8010_001.h5
2021-11-20,2021-11-20 13:28:55+00:00,4.533,-75.681,0.367192655801773,0.387402594089508,0.8203334212303162,0.8654778599739075,287.5164794921875,14.366479492187525,SMAP_L4_SM_gph_20211120T133000_Vv8010_001.h5
2021-11-21,2021-11-21 13:28:55+00:00,4.533,-75.681,0.37262824177742,0.3862532377243042,0.8324601650238037,0.86290442943573,287.6880798339844,14.538079833984398,SMAP_L4_SM_gph_20211121T133000_Vv8010_001.h5
2021-11-22,2021-11-22 13:28:55+00:00,4.533,-75.681,0.3699534237384796,0.3860248625278473,0.826535701751709,0.8624572157859802,287.61083984375,14.460839843750025,SMAP_L4_SM_gph_20211122T133000_Vv8010_001.h5
2021-11-23,2021-11-23 13:28:55+00:00,4.533,-75.681,0.3785363435745239,0.3906534314155578,0.84567791223526,0.8729289770126343,287.6228332519531,14.472833251953148,SMAP_L4_SM_gph_20211123T133000_Vv8010_001.h5
2021-11-24,2021-11-24 13:28:55+00:00,4.533,-75.681,0.37915700674057,0.3910425007343292,0.846985936164856,0.8734766244888306,287.64129638671875,14.491296386718773,SMAP_L4_SM_gph_20211124T133000_Vv8010_001.h5
2021-11-25,2021-11-25 13:28:55+00:00,4.533,-75.681,0.380318820476532,0.3929028213024139,0.8496266007423401,0.877873957157135,287.4635314941406,14.313531494140648,SMAP_L4_SM_gph_20211125T133000_Vv8010_001.h5
2021-11-26,2021-11-26 13:28:55+00:00,4.533,-75.681,0.3774603605270386,0.3934369087219238,0.8432242274284363,0.8788965344429016,287.4796142578125,14.329614257812525,SMAP_L4_SM_gph_20211126T133000_Vv8010_001.h5
2021-11-27,2021-11-27 13:28:55+00:00,4.533,-75.681,0.3801989257335663,0.3953449726104736,0.8493847846984863,0.8831741213798523,287.6353454589844,14.485345458984398,SMAP_L4_SM_gph_20211127T133000_Vv8010_001.h5
2021-11-28,2021-11-28 13:28:55+00:00,4.533,-75.681,0.3695104420185089,0.3916938006877899,0.8255929350852966,0.8751457929611206,287.5101928710937,14.360192871093773,SMAP_L4_SM_gph_20211128T133000_Vv8010_001.h5
2021-11-29,2021-11-29 13:28:55+00:00,4.533,-75.681,0.376123309135437,0.390260249376297,0.840413510799408,0.8720531463623047,288.166748046875,15.016748046875025,SMAP_L4_SM_gph_20211129T133000_Vv8010_001.h5
2021-11-30,2021-11-30 13:28:55+00:00,4.533,-75.681,0.3754357397556305,0.3920888304710388,0.8386399149894714,0.8759530782699585,287.91229248046875,14.762292480468773,SMAP_L4_SM_gph_20211130T133000_Vv8010_001.h5
2021-12-01,2021-12-01 13:28:55+00:00,4.533,-75.681,0.3694731295108795,0.3898465931415558,0.8253636360168457,0.8709535598754883,287.9649353027344,14.814935302734398,SMAP_L4_SM_gph_20211201T133000_Vv8010_001.h5
2021-12-02,2021-12-02 13:28:55+00:00,4.533,-75.681,0.3633423447608948,0.3868216574192047,0.8116441369056702,0.8641871809959412,287.827392578125,14.677392578125025,SMAP_L4_SM_gph_20211202T133000_Vv8010_001.h5
2021-12-03,2021-12-03 13:28:55+00:00,4.533,-75.681,0.3608797490596771,0.3837974965572357,0.8063448667526245,0.8576434850692749,287.9363098144531,14.786309814453148,SMAP_L4_SM_gph_20211203T133000_Vv8010_001.h5
2021-12-04,2021-12-04 13:28:55+00:00,4.533,-75.681,0.3683100342750549,0.3830469250679016,0.8227034211158752,0.8558133840560913,288.3720397949219,15.222039794921898,SMAP_L4_SM_gph_20211204T133000_Vv8010_001.h5
2021-12-05,2021-12-05 13:28:55+00:00,4.533,-75.681,0.3661553859710693,0.3821589946746826,0.8182418346405029,0.8537517189979553,287.8009948730469,14.650994873046898,SMAP_L4_SM_gph_20211205T133000_Vv8010_001.h5
2021-12-06,2021-12-06 13:28:55+00:00,4.533,-75.681,0.3639023602008819,0.3827384114265442,0.8129783868789673,0.855210542678833,287.9505310058594,14.800531005859398,SMAP_L4_SM_gph_20211206T133000_Vv8010_001.h5
2021-12-07,2021-12-07 13:28:55+00:00,4.533,-75.681,0.3584787845611572,0.379546046257019,0.8008860349655151,0.8477851748466492,288.38995361328125,15.239953613281273,SMAP_L4_SM_gph_20211207T133000_Vv8010_001.h5
2021-12-08,2021-12-08 13:28:55+00:00,4.533,-75.681,0.3535345494747162,0.3759777545928955,0.7898885011672974,0.8399725556373596,287.20672607421875,14.056726074218773,SMAP_L4_SM_gph_20211208T133000_Vv8010_001.h5
2021-12-09,2021-12-09 13:28:55+00:00,4.533,-75.681,0.3561083674430847,0.3739107549190521,0.7955150008201599,0.8355035781860352,288.1134033203125,14.963403320312525,SMAP_L4_SM_gph_20211209T133000_Vv8010_001.h5
2021-12-10,2021-12-10 13:28:55+00:00,4.533,-75.681,0.3692458868026733,0.3787667155265808,0.8251010179519653,0.8461756110191345,288.5133056640625,15.363305664062525,SMAP_L4_SM_gph_20211210T133000_Vv8010_001.h5
2021-12-11,2021-12-11 13:28:55+00:00,4.533,-75.681,0.373684823513031,0.3811927139759063,0.8349143862724304,0.8517506718635559,288.4626159667969,15.312615966796898,SMAP_L4_SM_gph_20211211T133000_Vv8010_001.h5
2021-12-12,2021-12-12 13:28:55+00:00,4.533,-75.681,0.3768953680992126,0.385302871465683,0.8420156240463257,0.8608489632606506,287.29119873046875,14.141198730468773,SMAP_L4_SM_gph_20211212T133000_Vv8010_001.h5
2021-12-13,2021-12-13 13:28:55+00:00,4.533,-75.681,0.3667984008789062,0.3839833438396454,0.8193480372428894,0.8579798936843872,286.8840637207031,13.734063720703148,SMAP_L4_SM_gph_20211213T133000_Vv8010_001.h5
2021-12-14,2021-12-14 13:28:55+00:00,4.533,-75.681,0.3641712069511413,0.3809428215026855,0.8135514259338379,0.8511732816696167,287.744873046875,14.594873046875025,SMAP_L4_SM_gph_20211214T133000_Vv8010_001.h5
2021-12-15,2021-12-15 13:28:55+00:00,4.533,-75.681,0.3587637841701507,0.3787836730480194,0.8017752170562744,0.8460716605186462,287.88201904296875,14.732019042968773,SMAP_L4_SM_gph_20211215T133000_Vv8010_001.h5
2021-12-16,2021-12-16 13:28:55+00:00,4.533,-75.681,0.3538022637367248,0.3767176568508148,0.7903655767440796,0.841701090335846,288.0665283203125,14.916528320312525,SMAP_L4_SM_gph_20211216T133000_Vv8010_001.h5
2021-12-17,2021-12-17 13:28:55+00:00,4.533,-75.681,0.3546173274517059,0.3750011920928955,0.7923892140388489,0.8378492593765259,288.310302734375,15.160302734375025,SMAP_L4_SM_gph_20211217T133000_Vv8010_001.h5
2021-12-18,2021-12-18 13:28:55+00:00,4.533,-75.681,0.3675493597984314,0.3766666948795318,0.8213394284248352,0.8414722084999084,288.0253295898437,14.875329589843773,SMAP_L4_SM_gph_20211218T133000_Vv8010_001.h5
2021-12-19,2021-12-19 13:28:55+00:00,4.533,-75.681,0.3644477128982544,0.3771064281463623,0.8140745162963867,0.8423965573310852,287.9989929199219,14.848992919921898,SMAP_L4_SM_gph_20211219T133000_Vv8010_001.h5
2021-12-20,2021-12-20 13:28:55+00:00,4.533,-75.681,0.3584754467010498,0.3757074475288391,0.8009007573127747,0.8393200635910034,288.2225952148437,15.072595214843773,SMAP_L4_SM_gph_20211220T133000_Vv8010_001.h5
2021-12-21,2021-12-21 13:28:55+00:00,4.533,-75.681,0.3596958220005035,0.3743321001529693,0.8037171363830566,0.8363619446754456,287.9703674316406,14.820367431640648,SMAP_L4_SM_gph_20211221T133000_Vv8010_001.h5
2021-12-22,2021-12-22 13:28:55+00:00,4.533,-75.681,0.3595464825630188,0.3736257255077362,0.8031995892524719,0.8347976803779602,287.9095764160156,14.759576416015648,SMAP_L4_SM_gph_20211222T133000_Vv8010_001.h5
2021-12-23,2021-12-23 13:28:55+00:00,4.533,-75.681,0.3565476238727569,0.3721939921379089,0.7965334057807922,0.8314074873924255,288.25665283203125,15.106652832031273,SMAP_L4_SM_gph_20211223T133000_Vv8010_001.h5
2021-12-24,2021-12-24 13:28:55+00:00,4.533,-75.681,0.3515259921550751,0.370270311832428,0.7852849364280701,0.8272594213485718,288.41558837890625,15.265588378906273,SMAP_L4_SM_gph_20211224T133000_Vv8010_001.h5
2021-12-25,2021-12-25 13:28:55+00:00,4.533,-75.681,0.3512584567070007,0.3686856031417846,0.7846219539642334,0.8235285878181458,288.7157897949219,15.565789794921898,SMAP_L4_SM_gph_20211225T133000_Vv8010_001.h5
2021-12-26,2021-12-26 13:28:55+00:00,4.533,-75.681,0.3698480725288391,0.3731175363063812,0.8263128995895386,0.8336358070373535,288.27130126953125,15.121301269531273,SMAP_L4_SM_gph_20211226T133000_Vv8010_001.h5
2021-12-27,2021-12-27 13:28:55+00:00,4.533,-75.681,0.3601285219192505,0.3749247193336487,0.8045027256011963,0.8374797105789185,288.1506042480469,15.000604248046898,SMAP_L4_SM_gph_20211227T133000_Vv8010_001.h5
2021-12-28,2021-12-28 13:28:55+00:00,4.533,-75.681,0.3575714528560638,0.3731421828269958,0.7990256547927856,0.8336259126663208,288.20513916015625,15.055139160156273,SMAP_L4_SM_gph_20211228T133000_Vv8010_001.h5
2021-12-29,2021-12-29 13:28:55+00:00,4.533,-75.681,0.3603180348873138,0.3731089830398559,0.8049688339233398,0.8335393667221069,287.7080078125,14.558007812500025,SMAP_L4_SM_gph_20211229T133000_Vv8010_001.h5
2021-12-30,2021-12-30 13:28:55+00:00,4.533,-75.681,0.3629516065120697,0.3764812052249908,0.8110166192054749,0.8409886956214905,287.893798828125,14.743798828125025,SMAP_L4_SM_gph_20211230T133000_Vv8010_001.h5
2021-12-31,2021-12-31 13:28:55+00:00,4.533,-75.681,0.3602855205535888,0.3756066858768463,0.8047447800636292,0.839227557182312,287.71832275390625,14.568322753906273,SMAP_L4_SM_gph_20211231T133000_Vv8010_001.h5
2022-01-01,2022-01-01 13:28:55+00:00,4.533,-75.681,0.3578790724277496,0.3730828166007995,0.7996188402175903,0.8334713578224182,288.3338928222656,15.183892822265648,SMAP_L4_SM_gph_20220101T133000_Vv8010_001.h5
2022-01-02,2022-01-02 13:28:55+00:00,4.533,-75.681,0.3590424954891205,0.3718865513801574,0.8021878004074097,0.8308493494987488,288.0333557128906,14.883355712890648,SMAP_L4_SM_gph_20220102T133000_Vv8010_001.h5
2022-01-03,2022-01-03 13:28:55+00:00,4.533,-75.681,0.3581130802631378,0.3714964389801025,0.8001724481582642,0.8298844695091248,288.1951599121094,15.045159912109398,SMAP_L4_SM_gph_20220103T133000_Vv8010_001.h5
2022-01-04,2022-01-04 13:28:55+00:00,4.533,-75.681,0.360550582408905,0.3734877109527588,0.8054265379905701,0.8345486521720886,287.843017578125,14.693017578125025,SMAP_L4_SM_gph_20220104T133000_Vv8010_001.h5
2022-01-05,2022-01-05 13:28:55+00:00,4.533,-75.681,0.3578965961933136,0.372523158788681,0.7996376156806946,0.8323087692260742,288.0051574707031,14.855157470703148,SMAP_L4_SM_gph_20220105T133000_Vv8010_001.h5
2022-01-06,2022-01-06 13:28:55+00:00,4.533,-75.681,0.3598929345607757,0.3719406127929687,0.8039655685424805,0.8309164047241211,287.98486328125,14.834863281250025,SMAP_L4_SM_gph_20220106T133000_Vv8010_001.h5
2022-01-07,2022-01-07 13:28:55+00:00,4.533,-75.681,0.360634833574295,0.3722918033599853,0.8055716753005981,0.8318538665771484,286.9721069335937,13.822106933593773,SMAP_L4_SM_gph_20220107T133000_Vv8010_001.h5
2022-01-08,2022-01-08 13:28:55+00:00,4.533,-75.681,0.3569179773330688,0.3717794418334961,0.7974199056625366,0.830474317073822,286.7916259765625,13.641625976562525,SMAP_L4_SM_gph_20220108T133000_Vv8010_001.h5
2022-01-09,2022-01-09 13:28:55+00:00,4.533,-75.681,0.3541218936443329,0.3694459795951843,0.7912155389785767,0.825384795665741,287.48260498046875,14.332604980468773,SMAP_L4_SM_gph_20220109T133000_Vv8010_001.h5
2022-01-10,2022-01-10 13:28:55+00:00,4.533,-75.681,0.367950826883316,0.3707341849803924,0.8220334649085999,0.8282297253608704,287.6776733398437,14.527673339843773,SMAP_L4_SM_gph_20220110T133000_Vv8010_001.h5
2022-01-11,2022-01-11 13:28:55+00:00,4.533,-75.681,0.3723020553588867,0.378330647945404,0.8317523002624512,0.8454102277755737,287.4611511230469,14.311151123046898,SMAP_L4_SM_gph_20220111T133000_Vv8010_001.h5
2022-01-12,2022-01-12 13:28:55+00:00,4.533,-75.681,0.3606315553188324,0.3767822086811065,0.8057575821876526,0.8419240713119507,287.1655578613281,14.015557861328148,SMAP_L4_SM_gph_20220112T133000_Vv8010_001.h5
2022-01-13,2022-01-13 13:28:55+00:00,4.533,-75.681,0.3531810045242309,0.3733272552490234,0.7891514301300049,0.8339396119117737,287.2365417480469,14.086541748046898,SMAP_L4_SM_gph_20220113T133000_Vv8010_001.h5
2022-01-14,2022-01-14 13:28:55+00:00,4.533,-75.681,0.3546394407749176,0.3711314499378204,0.7923148274421692,0.8292298316955566,287.4770812988281,14.327081298828148,SMAP_L4_SM_gph_20220114T133000_Vv8010_001.h5
2022-01-15,2022-01-15 13:28:55+00:00,4.533,-75.681,0.3505036234855652,0.3692346513271332,0.7829437255859375,0.8248134851455688,286.11822509765625,12.968225097656273,SMAP_L4_SM_gph_20220115T133000_Vv8010_001.h5
2022-01-16,2022-01-16 13:28:55+00:00,4.533,-75.681,0.3503314852714538,0.3672663271427154,0.7827587127685547,0.8204736113548279,286.44970703125,13.299707031250025,SMAP_L4_SM_gph_20220116T133000_Vv8010_001.h5
2022-01-17,2022-01-17 13:28:55+00:00,4.533,-75.681,0.3465597927570343,0.3651465773582458,0.7743726372718811,0.8157930970191956,286.83770751953125,13.687707519531273,SMAP_L4_SM_gph_20220117T133000_Vv8010_001.h5
2022-01-18,2022-01-18 13:28:55+00:00,4.533,-75.681,0.344303160905838,0.3633846640586853,0.7691096067428589,0.8120675086975098,287.5881652832031,14.438165283203148,SMAP_L4_SM_gph_20220118T133000_Vv8010_001.h5
2022-01-19,2022-01-19 13:28:55+00:00,4.533,-75.681,0.3431597650051117,0.3613079190254211,0.7666280269622803,0.8072558045387268,287.3267822265625,14.176782226562525,SMAP_L4_SM_gph_20220119T133000_Vv8010_001.h5
2022-01-20,2022-01-20 13:28:55+00:00,4.533,-75.681,0.3376036584377289,0.3583307862281799,0.7542871236801147,0.8005398511886597,287.27862548828125,14.128625488281273,SMAP_L4_SM_gph_20220120T133000_Vv8010_001.h5
2022-01-21,2022-01-21 13:28:55+00:00,4.533,-75.681,0.335533082485199,0.3556366562843323,0.7495439648628235,0.7944138646125793,287.2650146484375,14.115014648437525,SMAP_L4_SM_gph_20220121T133000_Vv8010_001.h5
2022-01-22,2022-01-22 13:28:55+00:00,4.533,-75.681,0.3405115902423858,0.3547179698944092,0.7606148719787598,0.7923681139945984,287.33843994140625,14.188439941406273,SMAP_L4_SM_gph_20220122T133000_Vv8010_001.h5
2022-01-23,2022-01-23 13:28:55+00:00,4.533,-75.681,0.3523238897323608,0.3639414012432098,0.7871772050857544,0.813223123550415,288.18365478515625,15.033654785156273,SMAP_L4_SM_gph_20220123T133000_Vv8010_001.h5
2022-01-24,2022-01-24 13:28:55+00:00,4.533,-75.681,0.3443141281604767,0.3602008819580078,0.7694236040115356,0.8047173023223877,287.9560546875,14.806054687500025,SMAP_L4_SM_gph_20220124T133000_Vv8010_001.h5
2022-01-25,2022-01-25 13:28:55+00:00,4.533,-75.681,0.3640754818916321,0.3652763068675995,0.8134809732437134,0.816132128238678,287.9446105957031,14.794610595703148,SMAP_L4_SM_gph_20220125T133000_Vv8010_001.h5
2022-01-26,2022-01-26 13:28:55+00:00,4.533,-75.681,0.3501141667366028,0.3635973632335663,0.7822993993759155,0.8123044967651367,287.2549133300781,14.104913330078148,SMAP_L4_SM_gph_20220126T133000_Vv8010_001.h5
2022-01-27,2022-01-27 13:28:55+00:00,4.533,-75.681,0.3501089811325073,0.3617748618125915,0.7822669744491577,0.808176577091217,287.87939453125,14.729394531250025,SMAP_L4_SM_gph_20220127T133000_Vv8010_001.h5
2022-01-28,2022-01-28 13:28:55+00:00,4.533,-75.681,0.3432378470897674,0.3595567047595978,0.7668710350990295,0.8033143281936646,287.8958740234375,14.745874023437525,SMAP_L4_SM_gph_20220128T133000_Vv8010_001.h5
2022-01-29,2022-01-29 13:28:55+00:00,4.533,-75.681,0.350719153881073,0.3592574298381805,0.7837002277374268,0.8024377226829529,287.2738647460937,14.123864746093773,SMAP_L4_SM_gph_20220129T133000_Vv8010_001.h5
2022-01-30,2022-01-30 13:28:55+00:00,4.533,-75.681,0.3444674015045166,0.3575719594955444,0.7696429491043091,0.7988370656967163,287.2515869140625,14.101586914062525,SMAP_L4_SM_gph_20220130T133000_Vv8010_001.h5
2022-01-31,2022-01-31 13:28:55+00:00,4.533,-75.681,0.3399421572685241,0.3553425967693329,0.7596639394760132,0.7937952280044556,286.8773803710937,13.727380371093773,SMAP_L4_SM_gph_20220131T133000_Vv8010_001.h5
2022-02-01,2022-02-01 13:28:55+00:00,4.533,-75.681,0.3339863717556,0.353163868188858,0.7463003396987915,0.7892047762870789,286.64617919921875,13.496179199218773,SMAP_L4_SM_gph_20220201T133000_Vv8010_001.h5
2022-02-02,2022-02-02 13:28:55+00:00,4.533,-75.681,0.331710934638977,0.3508911728858948,0.7412207126617432,0.7841249108314514,286.2576904296875,13.107690429687525,SMAP_L4_SM_gph_20220202T133000_Vv8010_001.h5
2022-02-03,2022-02-03 13:28:55+00:00,4.533,-75.681,0.3287877738475799,0.3488649725914001,0.7345045804977417,0.7796142101287842,286.6739196777344,13.523919677734398,SMAP_L4_SM_gph_20220203T133000_Vv8010_001.h5
2022-02-04,2022-02-04 13:28:55+00:00,4.533,-75.681,0.3453432619571686,0.3495514690876007,0.7716193199157715,0.7809590101242065,287.9450378417969,14.795037841796898,SMAP_L4_SM_gph_20220204T133000_Vv8010_001.h5
2022-02-05,2022-02-05 13:28:55+00:00,4.533,-75.681,0.3562741279602051,0.3564696907997131,0.7959372401237488,0.7964801788330078,287.5157470703125,14.365747070312525,SMAP_L4_SM_gph_20220205T133000_Vv8010_001.h5
2022-02-06,2022-02-06 13:28:55+00:00,4.533,-75.681,0.3515407741069793,0.3573764562606811,0.7853191494941711,0.7983256578445435,287.5616760253906,14.411676025390648,SMAP_L4_SM_gph_20220206T133000_Vv8010_001.h5
2022-02-07,2022-02-07 13:28:55+00:00,4.533,-75.681,0.3456357419490814,0.3551815450191498,0.7723274230957031,0.7934490442276001,286.9468994140625,13.796899414062525,SMAP_L4_SM_gph_20220207T133000_Vv8010_001.h5
2022-02-08,2022-02-08 13:28:55+00:00,4.533,-75.681,0.3640972077846527,0.3621465861797333,0.8133956789970398,0.8092619776725769,287.5302124023437,14.380212402343773,SMAP_L4_SM_gph_20220208T133000_Vv8010_001.h5
2022-02-09,2022-02-09 13:28:55+00:00,4.533,-75.681,0.3578743636608124,0.3651361763477325,0.7995587587356567,0.8159356713294983,287.13897705078125,13.988977050781273,SMAP_L4_SM_gph_20220209T133000_Vv8010_001.h5
2022-02-10,2022-02-10 13:28:55+00:00,4.533,-75.681,0.3590102791786194,0.3698471188545227,0.8021314740180969,0.8261341452598572,287.5926513671875,14.442651367187525,SMAP_L4_SM_gph_20220210T133000_Vv8010_001.h5
2022-02-11,2022-02-11 13:28:55+00:00,4.533,-75.681,0.3577064573764801,0.3691248297691345,0.7991890907287598,0.8246957063674927,288.23638916015625,15.086389160156273,SMAP_L4_SM_gph_20220211T133000_Vv8010_001.h5
2022-02-12,2022-02-12 13:28:55+00:00,4.533,-75.681,0.3634153306484222,0.3700756430625915,0.8117774128913879,0.8268256783485413,287.80865478515625,14.658654785156273,SMAP_L4_SM_gph_20220212T133000_Vv8010_001.h5
2022-02-13,2022-02-13 13:28:55+00:00,4.533,-75.681,0.3650825917720794,0.371336966753006,0.8158281445503235,0.8296172022819519,287.9948425292969,14.844842529296898,SMAP_L4_SM_gph_20220213T133000_Vv8010_001.h5
2022-02-14,2022-02-14 13:28:55+00:00,4.533,-75.681,0.3587827384471893,0.3705650866031647,0.8016064763069153,0.8278799653053284,287.3165588378906,14.166558837890648,SMAP_L4_SM_gph_20220214T133000_Vv8010_001.h5
2022-02-15,2022-02-15 13:28:55+00:00,4.533,-75.681,0.3633041977882385,0.3730408847332001,0.8116396069526672,0.8332660794258118,287.6146240234375,14.464624023437525,SMAP_L4_SM_gph_20220215T133000_Vv8010_001.h5
2022-02-16,2022-02-16 13:28:55+00:00,4.533,-75.681,0.3542796671390533,0.3708354532718658,0.7913670539855957,0.8285318613052368,287.421630859375,14.271630859375025,SMAP_L4_SM_gph_20220216T133000_Vv8010_001.h5
2022-02-17,2022-02-17 13:28:55+00:00,4.533,-75.681,0.3571020364761352,0.3692177236080169,0.7978252172470093,0.824863612651825,287.3126220703125,14.162622070312525,SMAP_L4_SM_gph_20220217T133000_Vv8010_001.h5
2022-02-18,2022-02-18 13:28:55+00:00,4.533,-75.681,0.3623537123203277,0.3694879412651062,0.8094885349273682,0.8253456354141235,287.66473388671875,14.514733886718773,SMAP_L4_SM_gph_20220218T133000_Vv8010_001.h5
2022-02-19,2022-02-19 13:28:55+00:00,4.533,-75.681,0.3636942505836487,0.3772240877151489,0.8126053214073181,0.8427988886833191,287.66998291015625,14.519982910156273,SMAP_L4_SM_gph_20220219T133000_Vv8010_001.h5
2022-02-20,2022-02-20 13:28:55+00:00,4.533,-75.681,0.3753111064434051,0.3777600228786468,0.8386552929878235,0.8438255786895752,287.5889892578125,14.438989257812525,SMAP_L4_SM_gph_20220220T133000_Vv8010_001.h5
2022-02-21,2022-02-21 13:28:55+00:00,4.533,-75.681,0.3671663105487823,0.3784410953521728,0.8202501535415649,0.8456449508666992,286.0946655273437,12.944665527343773,SMAP_L4_SM_gph_20220221T133000_Vv8010_001.h5
2022-02-22,2022-02-22 13:28:55+00:00,4.533,-75.681,0.3601571917533874,0.3751881122589111,0.804551899433136,0.8381884098052979,286.842041015625,13.692041015625025,SMAP_L4_SM_gph_20220222T133000_Vv8010_001.h5
2022-02-23,2022-02-23 13:28:55+00:00,4.533,-75.681,0.3541477620601654,0.3724043071269989,0.7913382053375244,0.8319027423858643,287.1596374511719,14.009637451171898,SMAP_L4_SM_gph_20220223T133000_Vv8010_001.h5
2022-02-24,2022-02-24 13:28:55+00:00,4.533,-75.681,0.368369460105896,0.379465252161026,0.8228801488876343,0.8477961421012878,287.970947265625,14.820947265625025,SMAP_L4_SM_gph_20220224T133000_Vv8010_001.h5
2022-02-25,2022-02-25 13:28:55+00:00,4.533,-75.681,0.3762823045253753,0.3944954872131347,0.8408287167549133,0.8814541101455688,287.8846740722656,14.734674072265648,SMAP_L4_SM_gph_20220225T133000_Vv8010_001.h5
2022-02-26,2022-02-26 13:28:55+00:00,4.533,-75.681,0.3768540322780609,0.394340455532074,0.8420078158378601,0.8809539079666138,287.96746826171875,14.817468261718773,SMAP_L4_SM_gph_20220226T133000_Vv8010_001.h5
2022-02-27,2022-02-27 13:28:55+00:00,4.533,-75.681,0.3750502467155456,0.3916054666042328,0.8378102779388428,0.8750399947166443,287.8291931152344,14.679193115234398,SMAP_L4_SM_gph_20220227T133000_Vv8010_001.h5
2022-02-28,2022-02-28 13:28:55+00:00,4.533,-75.681,0.3828680515289306,0.3993569314479828,0.8554888367652893,0.8922146558761597,287.42340087890625,14.273400878906273,SMAP_L4_SM_gph_20220228T133000_Vv8010_001.h5
2022-03-01,2022-03-01 13:28:55+00:00,4.533,-75.681,0.3790873289108276,0.3967268168926239,0.8467034697532654,0.8864256143569946,287.6564636230469,14.506463623046898,SMAP_L4_SM_gph_20220301T133000_Vv8010_001.h5
2022-03-02,2022-03-02 13:28:55+00:00,4.533,-75.681,0.3826957941055298,0.3977289795875549,0.8548882007598877,0.8886896371841431,287.8778381347656,14.727838134765648,SMAP_L4_SM_gph_20220302T133000_Vv8010_001.h5
2022-03-03,2022-03-03 13:28:55+00:00,4.533,-75.681,0.3802220821380615,0.3990776538848877,0.8493512272834778,0.8918049931526184,288.066162109375,14.916162109375025,SMAP_L4_SM_gph_20220303T133000_Vv8010_001.h5
2022-03-04,2022-03-04 13:28:55+00:00,4.533,-75.681,0.3812486231327057,0.4004343450069427,0.8519774079322815,0.8945265412330627,288.04656982421875,14.896569824218773,SMAP_L4_SM_gph_20220304T133000_Vv8010_001.h5
2022-03-05,2022-03-05 13:28:55+00:00,4.533,-75.681,0.3901553750038147,0.4046826958656311,0.8718249797821045,0.9042296409606934,287.7476806640625,14.597680664062525,SMAP_L4_SM_gph_20220305T133000_Vv8010_001.h5
2022-03-06,2022-03-06 13:28:55+00:00,4.533,-75.681,0.3919810056686401,0.4077799022197723,0.8756886720657349,0.9111838340759276,287.3658142089844,14.215814208984398,SMAP_L4_SM_gph_20220306T133000_Vv8010_001.h5
2022-03-07,2022-03-07 13:28:55+00:00,4.533,-75.681,0.3910615742206573,0.4125384092330932,0.8737970590591431,0.9216760993003844,287.4005432128906,14.250543212890648,SMAP_L4_SM_gph_20220307T133000_Vv8010_001.h5
2022-03-08,2022-03-08 13:28:55+00:00,4.533,-75.681,0.3836945593357086,0.4077959656715393,0.8572989702224731,0.9109815955162048,287.51470947265625,14.364709472656273,SMAP_L4_SM_gph_20220308T133000_Vv8010_001.h5
2022-03-09,2022-03-09 13:28:55+00:00,4.533,-75.681,0.3761522173881531,0.4023725092411041,0.8405575752258301,0.898882269859314,286.64215087890625,13.492150878906273,SMAP_L4_SM_gph_20220309T133000_Vv8010_001.h5
2022-03-10,2022-03-10 13:28:55+00:00,4.533,-75.681,0.3731937408447265,0.3982914984226227,0.8338981866836548,0.889711856842041,287.0325927734375,13.882592773437525,SMAP_L4_SM_gph_20220310T133000_Vv8010_001.h5
2022-03-11,2022-03-11 13:28:55+00:00,4.533,-75.681,0.3726893961429596,0.3946256935596466,0.8325257301330566,0.8818163275718689,287.4040222167969,14.254022216796898,SMAP_L4_SM_gph_20220311T133000_Vv8010_001.h5
2022-03-12,2022-03-12 13:28:55+00:00,4.533,-75.681,0.3751761019229889,0.3935251235961914,0.8382478952407837,0.8791258931159973,287.2802124023437,14.130212402343773,SMAP_L4_SM_gph_20220312T133000_Vv8010_001.h5
2022-03-13,2022-03-13 13:28:55+00:00,4.533,-75.681,0.3731075227260589,0.391221672296524,0.8336345553398132,0.8740400671958923,286.41619873046875,13.266198730468773,SMAP_L4_SM_gph_20220313T133000_Vv8010_001.h5
2022-03-14,2022-03-14 13:28:55+00:00,4.533,-75.681,0.3679364919662475,0.3877210319042206,0.8221670389175415,0.866330087184906,287.40216064453125,14.252160644531273,SMAP_L4_SM_gph_20220314T133000_Vv8010_001.h5
2022-03-15,2022-03-15 13:28:55+00:00,4.533,-75.681,0.376207023859024,0.3941217362880707,0.8405035734176636,0.8806281685829163,287.5746459960937,14.424645996093773,SMAP_L4_SM_gph_20220315T133000_Vv8010_001.h5
2022-03-16,2022-03-16 13:28:55+00:00,4.533,-75.681,0.3739922344684601,0.3913579881191253,0.8356018662452698,0.8743948340415955,287.6468505859375,14.496850585937525,SMAP_L4_SM_gph_20220316T133000_Vv8010_001.h5
2022-03-17,2022-03-17 13:28:55+00:00,4.533,-75.681,0.373689591884613,0.3898735344409942,0.8349378108978271,0.8708524107933044,287.7758483886719,14.625848388671898,SMAP_L4_SM_gph_20220317T133000_Vv8010_001.h5
2022-03-18,2022-03-18 13:28:55+00:00,4.533,-75.681,0.3704573810100555,0.3882619738578796,0.8278131484985352,0.8674435615539551,287.8490600585937,14.699060058593773,SMAP_L4_SM_gph_20220318T133000_Vv8010_001.h5
2022-03-19,2022-03-19 13:28:55+00:00,4.533,-75.681,0.3707871437072754,0.3880933821201324,0.8286377787590027,0.8670784831047058,288.2904663085937,15.140466308593773,SMAP_L4_SM_gph_20220319T133000_Vv8010_001.h5
2022-03-20,2022-03-20 13:28:55+00:00,4.533,-75.681,0.3752599060535431,0.3897488415241241,0.8384325504302979,0.8706746697425842,288.2765197753906,15.126519775390648,SMAP_L4_SM_gph_20220320T133000_Vv8010_001.h5
2022-03-21,2022-03-21 13:28:55+00:00,4.533,-75.681,0.381347507238388,0.3960251808166504,0.8521056175231934,0.884722888469696,288.3600769042969,15.210076904296898,SMAP_L4_SM_gph_20220321T133000_Vv8010_001.h5
2022-03-22,2022-03-22 13:28:55+00:00,4.533,-75.681,0.3724906742572784,0.3938425779342651,0.8320860862731934,0.8798782825469971,288.2296142578125,15.079614257812525,SMAP_L4_SM_gph_20220322T133000_Vv8010_001.h5
2022-03-23,2022-03-23 13:28:55+00:00,4.533,-75.681,0.3697058260440826,0.3906344175338745,0.8257381916046143,0.8727087378501892,288.4017028808594,15.251702880859398,SMAP_L4_SM_gph_20220323T133000_Vv8010_001.h5
2022-03-24,2022-03-24 13:28:55+00:00,4.533,-75.681,0.3734923303127289,0.388619601726532,0.8345363736152649,0.8683978319168091,288.3881225585937,15.238122558593773,SMAP_L4_SM_gph_20220324T133000_Vv8010_001.h5
2022-03-25,2022-03-25 13:28:55+00:00,4.533,-75.681,0.3697106540203094,0.3877261579036712,0.8259576559066772,0.8664169311523438,288.4252319335937,15.275231933593773,SMAP_L4_SM_gph_20220325T133000_Vv8010_001.h5
2022-03-26,2022-03-26 13:28:55+00:00,4.533,-75.681,0.3749891817569732,0.388113260269165,0.8379340767860413,0.8669596910476685,288.073974609375,14.923974609375025,SMAP_L4_SM_gph_20220326T133000_Vv8010_001.h5
2022-03-27,2022-03-27 13:28:55+00:00,4.533,-75.681,0.3821687996387481,0.390890508890152,0.8537572622299194,0.8732283115386963,288.1112060546875,14.961206054687525,SMAP_L4_SM_gph_20220327T133000_Vv8010_001.h5
2022-03-28,2022-03-28 13:28:55+00:00,4.533,-75.681,0.3785481452941894,0.3935348391532898,0.8457852005958557,0.8792244791984558,287.9465637207031,14.796563720703148,SMAP_L4_SM_gph_20220328T133000_Vv8010_001.h5
2022-03-29,2022-03-29 13:28:55+00:00,4.533,-75.681,0.376318484544754,0.3928864598274231,0.8406233787536621,0.8779784440994263,287.42724609375,14.277246093750025,SMAP_L4_SM_gph_20220329T133000_Vv8010_001.h5
2022-03-30,2022-03-30 13:28:55+00:00,4.533,-75.681,0.3758597671985626,0.3969669342041015,0.8395837545394897,0.8870736360549927,287.7203674316406,14.570367431640648,SMAP_L4_SM_gph_20220330T133000_Vv8010_001.h5
2022-03-31,2022-03-31 13:28:55+00:00,4.533,-75.681,0.3809245824813843,0.3983030617237091,0.8509916067123413,0.8897418975830078,288.2933044433594,15.143304443359398,SMAP_L4_SM_gph_20220331T133000_Vv8010_001.h5
2022-04-01,2022-04-01 13:28:55+00:00,4.533,-75.681,0.3798005580902099,0.3985855877399444,0.8486543297767639,0.8905743956565857,288.4296264648437,15.279626464843773,SMAP_L4_SM_gph_20220401T133000_Vv8010_001.h5
2022-04-02,2022-04-02 13:28:55+00:00,4.533,-75.681,0.3746615052223205,0.3955969214439392,0.836940586566925,0.88382887840271,288.3104248046875,15.160424804687525,SMAP_L4_SM_gph_20220402T133000_Vv8010_001.h5
2022-04-03,2022-04-03 13:28:55+00:00,4.533,-75.681,0.3724179565906524,0.3928082287311554,0.8320617079734802,0.8775304555892944,288.2967834472656,15.146783447265648,SMAP_L4_SM_gph_20220403T133000_Vv8010_001.h5
2022-04-04,2022-04-04 13:28:55+00:00,4.533,-75.681,0.3745375573635101,0.3928466439247131,0.8367843627929688,0.8776305317878723,288.38629150390625,15.236291503906273,SMAP_L4_SM_gph_20220404T133000_Vv8010_001.h5
2022-04-05,2022-04-05 13:28:55+00:00,4.533,-75.681,0.3762065768241882,0.3940580487251282,0.8405756950378418,0.8805360198020935,287.9363098144531,14.786309814453148,SMAP_L4_SM_gph_20220405T133000_Vv8010_001.h5
2022-04-06,2022-04-06 13:28:55+00:00,4.533,-75.681,0.3740063011646271,0.3924134373664856,0.8355591297149658,0.8767974972724915,288.48876953125,15.338769531250025,SMAP_L4_SM_gph_20220406T133000_Vv8010_001.h5
2022-04-07,2022-04-07 13:28:55+00:00,4.533,-75.681,0.3716499507427215,0.3898046016693115,0.8304101228713989,0.870746374130249,288.12255859375,14.972558593750025,SMAP_L4_SM_gph_20220407T133000_Vv8010_001.h5
2022-04-08,2022-04-08 13:28:55+00:00,4.533,-75.681,0.3723550140857696,0.3906823396682739,0.8320715427398682,0.8727599382400513,288.787841796875,15.637841796875025,SMAP_L4_SM_gph_20220408T133000_Vv8010_001.h5
2022-04-09,2022-04-09 13:28:55+00:00,4.533,-75.681,0.3753966689109802,0.3893309831619262,0.8387067914009094,0.8698078989982605,288.799560546875,15.649560546875025,SMAP_L4_SM_gph_20220409T133000_Vv8010_001.h5
2022-04-10,2022-04-10 13:28:55+00:00,4.533,-75.681,0.3735809028148651,0.3893917798995971,0.8347445726394653,0.8699660897254944,288.641845703125,15.491845703125025,SMAP_L4_SM_gph_20220410T133000_Vv8010_001.h5
2022-04-11,2022-04-11 13:28:55+00:00,4.533,-75.681,0.3678572177886963,0.3869979083538055,0.8218197226524353,0.8644747734069824,287.92724609375,14.777246093750025,SMAP_L4_SM_gph_20220411T133000_Vv8010_001.h5
2022-04-12,2022-04-12 13:28:55+00:00,4.533,-75.681,0.3650930523872375,0.3846351206302643,0.8157991766929626,0.8593084216117859,288.2998046875,15.149804687500025,SMAP_L4_SM_gph_20220412T133000_Vv8010_001.h5
2022-04-13,2022-04-13 13:28:55+00:00,4.533,-75.681,0.3672305643558502,0.3836877048015594,0.8204502463340759,0.8571870923042297,288.5372314453125,15.387231445312525,SMAP_L4_SM_gph_20220413T133000_Vv8010_001.h5
2022-04-14,2022-04-14 13:28:55+00:00,4.533,-75.681,0.3626340925693512,0.3818877935409546,0.8102418780326843,0.8531180024147034,287.80694580078125,14.656945800781273,SMAP_L4_SM_gph_20220414T133000_Vv8010_001.h5
2022-04-15,2022-04-15 13:28:55+00:00,4.533,-75.681,0.3689974844455719,0.3812429308891296,0.82447350025177,0.8518072962760925,287.9537658691406,14.803765869140648,SMAP_L4_SM_gph_20220415T133000_Vv8010_001.h5
2022-04-16,2022-04-16 13:28:55+00:00,4.533,-75.681,0.3646288216114044,0.3807443678379059,0.8145681619644165,0.8508039712905884,288.34747314453125,15.197473144531273,SMAP_L4_SM_gph_20220416T133000_Vv8010_001.h5
2022-04-17,2022-04-17 13:28:55+00:00,4.533,-75.681,0.3663554489612579,0.3814965784549713,0.818511426448822,0.8523203730583191,288.4530639648437,15.303063964843773,SMAP_L4_SM_gph_20220417T133000_Vv8010_001.h5
2022-04-18,2022-04-18 13:28:55+00:00,4.533,-75.681,0.3837719559669494,0.3933899998664856,0.8574551343917847,0.8787506222724915,287.90386962890625,14.753869628906273,SMAP_L4_SM_gph_20220418T133000_Vv8010_001.h5
2022-04-19,2022-04-19 13:28:55+00:00,4.533,-75.681,0.3800647556781769,0.3951017260551452,0.8492003679275513,0.8828343152999878,288.0369567871094,14.886956787109398,SMAP_L4_SM_gph_20220419T133000_Vv8010_001.h5
2022-04-20,2022-04-20 13:28:55+00:00,4.533,-75.681,0.3858465850353241,0.403458297252655,0.8619436621665955,0.901290237903595,287.456298828125,14.306298828125025,SMAP_L4_SM_gph_20220420T133000_Vv8010_001.h5
2022-04-21,2022-04-21 13:28:55+00:00,4.533,-75.681,0.3851129412651062,0.4029316306114197,0.860291600227356,0.9002137184143066,287.8225402832031,14.672540283203148,SMAP_L4_SM_gph_20220421T133000_Vv8010_001.h5
2022-04-22,2022-04-22 13:28:55+00:00,4.533,-75.681,0.3822396993637085,0.4024377465248108,0.8540045619010925,0.8989783525466919,287.50799560546875,14.357995605468773,SMAP_L4_SM_gph_20220422T133000_Vv8010_001.h5
2022-04-23,2022-04-23 13:28:55+00:00,4.533,-75.681,0.3776655495166778,0.3988182842731476,0.8437434434890747,0.8910328149795532,287.6913146972656,14.541314697265648,SMAP_L4_SM_gph_20220423T133000_Vv8010_001.h5
2022-04-24,2022-04-24 13:28:55+00:00,4.533,-75.681,0.373066246509552,0.3949737846851349,0.8335137963294983,0.8823308348655701,287.7030029296875,14.553002929687525,SMAP_L4_SM_gph_20220424T133000_Vv8010_001.h5
2022-04-25,2022-04-25 13:28:55+00:00,4.533,-75.681,0.392640084028244,0.4056693911552429,0.8770529627799988,0.9062090516090392,287.9451904296875,14.795190429687525,SMAP_L4_SM_gph_20220425T133000_Vv8010_001.h5
2022-04-26,2022-04-26 13:28:55+00:00,4.533,-75.681,0.3819050788879394,0.4053378999233246,0.8532162308692932,0.9055670499801636,287.4384765625,14.288476562500025,SMAP_L4_SM_gph_20220426T133000_Vv8010_001.h5
2022-04-27,2022-04-27 13:28:55+00:00,4.533,-75.681,0.3822613060474396,0.4014126658439636,0.8539471626281738,0.896728515625,288.2862854003906,15.136285400390648,SMAP_L4_SM_gph_20220427T133000_Vv8010_001.h5
2022-04-28,2022-04-28 13:28:55+00:00,4.533,-75.681,0.3935323655605316,0.4042792022228241,0.8791595101356506,0.9031559228897096,288.05206298828125,14.902062988281273,SMAP_L4_SM_gph_20220428T133000_Vv8010_001.h5
2022-04-29,2022-04-29 13:28:55+00:00,4.533,-75.681,0.3864724040031433,0.4036233425140381,0.8634954690933228,0.9015724658966064,287.69891357421875,14.548913574218773,SMAP_L4_SM_gph_20220429T133000_Vv8010_001.h5
2022-04-30,2022-04-30 13:28:55+00:00,4.533,-75.681,0.3778169453144073,0.3995260894298553,0.8441864848136902,0.8926776051521301,287.8641357421875,14.714135742187525,SMAP_L4_SM_gph_20220430T133000_Vv8010_001.h5
2022-05-01,2022-05-01 13:28:55+00:00,4.533,-75.681,0.3757881224155426,0.3975260555744171,0.8395384550094604,0.8881610035896301,287.40985107421875,14.259851074218773,SMAP_L4_SM_gph_20220501T133000_Vv8010_001.h5
2022-05-02,2022-05-02 13:28:55+00:00,4.533,-75.681,0.370408833026886,0.3941130936145782,0.8274952173233032,0.8806056976318359,287.7398681640625,14.589868164062525,SMAP_L4_SM_gph_20220502T133000_Vv8010_001.h5
2022-05-03,2022-05-03 13:28:55+00:00,4.533,-75.681,0.3663431107997894,0.3906550705432892,0.8184396624565125,0.8727626800537109,287.9028625488281,14.752862548828148,SMAP_L4_SM_gph_20220503T133000_Vv8010_001.h5
2022-05-04,2022-05-04 13:28:55+00:00,4.533,-75.681,0.3620342314243316,0.3867801427841186,0.8088247776031494,0.8642993569374084,288.23297119140625,15.082971191406273,SMAP_L4_SM_gph_20220504T133000_Vv8010_001.h5
2022-05-05,2022-05-05 13:28:55+00:00,4.533,-75.681,0.3690852522850036,0.3848090767860412,0.8244950175285339,0.8596137762069702,288.7011413574219,15.551141357421898,SMAP_L4_SM_gph_20220505T133000_Vv8010_001.h5
2022-05-06,2022-05-06 13:28:55+00:00,4.533,-75.681,0.3713694512844085,0.3873845040798187,0.8294530510902405,0.8655043840408325,288.19708251953125,15.047082519531273,SMAP_L4_SM_gph_20220506T133000_Vv8010_001.h5
2022-05-07,2022-05-07 13:28:55+00:00,4.533,-75.681,0.3854110240936279,0.3899810016155243,0.8611184358596802,0.8711318373680115,287.97332763671875,14.823327636718773,SMAP_L4_SM_gph_20220507T133000_Vv8010_001.h5
2022-05-08,2022-05-08 13:28:55+00:00,4.533,-75.681,0.3676929771900177,0.3884859383106231,0.8216431736946106,0.8679530620574951,288.135986328125,14.985986328125025,SMAP_L4_SM_gph_20220508T133000_Vv8010_001.h5
2022-05-09,2022-05-09 13:28:55+00:00,4.533,-75.681,0.3705414533615112,0.3859436213970184,0.8277907967567444,0.8622230887413025,288.1733703613281,15.023370361328148,SMAP_L4_SM_gph_20220509T133000_Vv8010_001.h5
2022-05-10,2022-05-10 13:28:55+00:00,4.533,-75.681,0.3728359341621399,0.3915123641490936,0.8329856395721436,0.8748714923858643,288.1705322265625,15.020532226562525,SMAP_L4_SM_gph_20220510T133000_Vv8010_001.h5
2022-05-11,2022-05-11 13:28:55+00:00,4.533,-75.681,0.373830497264862,0.3909184336662292,0.8352968692779541,0.8733750581741333,288.58837890625,15.438378906250025,SMAP_L4_SM_gph_20220511T133000_Vv8010_001.h5
2022-05-12,2022-05-12 13:28:55+00:00,4.533,-75.681,0.3724654614925384,0.3895483911037445,0.8321173787117004,0.87030029296875,288.07421875,14.924218750000025,SMAP_L4_SM_gph_20220512T133000_Vv8010_001.h5
2022-05-13,2022-05-13 13:28:55+00:00,4.533,-75.681,0.3684718310832977,0.386663556098938,0.8234201073646545,0.8637514710426331,288.36456298828125,15.214562988281273,SMAP_L4_SM_gph_20220513T133000_Vv8010_001.h5
2022-05-14,2022-05-14 13:28:55+00:00,4.533,-75.681,0.3670415878295898,0.3841570317745209,0.8199082612991333,0.8581142425537109,288.1939392089844,15.043939208984398,SMAP_L4_SM_gph_20220514T133000_Vv8010_001.h5
2022-05-15,2022-05-15 13:28:55+00:00,4.533,-75.681,0.3664256036281585,0.3843854963779449,0.8186633586883545,0.8587320446968079,288.3370361328125,15.187036132812525,SMAP_L4_SM_gph_20220515T133000_Vv8010_001.h5
2022-05-16,2022-05-16 13:28:55+00:00,4.533,-75.681,0.3620916903018951,0.3814003467559814,0.80898118019104,0.8522400259971619,287.99908447265625,14.849084472656273,SMAP_L4_SM_gph_20220516T133000_Vv8010_001.h5
2022-05-17,2022-05-17 13:28:55+00:00,4.533,-75.681,0.3730039596557617,0.385367751121521,0.833446741104126,0.8609440922737122,288.3697509765625,15.219750976562525,SMAP_L4_SM_gph_20220517T133000_Vv8010_001.h5
2022-05-18,2022-05-18 13:28:55+00:00,4.533,-75.681,0.3772189915180206,0.3940926790237427,0.842793881893158,0.8803821206092834,287.88201904296875,14.732019042968773,SMAP_L4_SM_gph_20220518T133000_Vv8010_001.h5
2022-05-19,2022-05-19 13:28:55+00:00,4.533,-75.681,0.3815434575080871,0.3969593644142151,0.8523344397544861,0.8868836760520935,287.8936462402344,14.743646240234398,SMAP_L4_SM_gph_20220519T133000_Vv8010_001.h5
2022-05-20,2022-05-20 13:28:55+00:00,4.533,-75.681,0.3791691958904266,0.3950554132461548,0.8471119403839111,0.8825433254241943,288.042724609375,14.892724609375025,SMAP_L4_SM_gph_20220520T133000_Vv8010_001.h5
2022-05-21,2022-05-21 13:28:55+00:00,4.533,-75.681,0.3746379613876343,0.3946383595466614,0.8370864391326904,0.8815082907676697,287.60321044921875,14.453210449218773,SMAP_L4_SM_gph_20220521T133000_Vv8010_001.h5
2022-05-22,2022-05-22 13:28:55+00:00,4.533,-75.681,0.3727398514747619,0.3922610282897949,0.8327327966690063,0.8763043284416199,287.6034240722656,14.453424072265648,SMAP_L4_SM_gph_20220522T133000_Vv8010_001.h5
2022-05-23,2022-05-23 13:28:55+00:00,4.533,-75.681,0.3785957098007202,0.392852783203125,0.8457050323486328,0.8776465058326721,287.9979248046875,14.847924804687525,SMAP_L4_SM_gph_20220523T133000_Vv8010_001.h5
2022-05-24,2022-05-24 13:28:55+00:00,4.533,-75.681,0.3779731392860412,0.3972232639789581,0.844452977180481,0.887423574924469,288.4237670898437,15.273767089843773,SMAP_L4_SM_gph_20220524T133000_Vv8010_001.h5
2022-05-25,2022-05-25 13:28:55+00:00,4.533,-75.681,0.3819718956947326,0.3978950679302215,0.8531721234321594,0.8887303471565247,288.5580444335937,15.408044433593773,SMAP_L4_SM_gph_20220525T133000_Vv8010_001.h5
2022-05-26,2022-05-26 13:28:55+00:00,4.533,-75.681,0.3750160932540893,0.394781082868576,0.8378682136535645,0.8820502758026123,288.04107666015625,14.891076660156273,SMAP_L4_SM_gph_20220526T133000_Vv8010_001.h5
2022-05-27,2022-05-27 13:28:55+00:00,4.533,-75.681,0.3724634051322937,0.3933097720146179,0.8320204019546509,0.8786899447441101,287.83905029296875,14.689050292968773,SMAP_L4_SM_gph_20220527T133000_Vv8010_001.h5
2022-05-28,2022-05-28 13:28:55+00:00,4.533,-75.681,0.3719082176685333,0.3924806416034698,0.83100825548172,0.8769726157188416,287.49658203125,14.346582031250025,SMAP_L4_SM_gph_20220528T133000_Vv8010_001.h5
2022-05-29,2022-05-29 13:28:55+00:00,4.533,-75.681,0.368778258562088,0.3895436227321625,0.8237895965576172,0.8703616857528687,287.4423217773437,14.292321777343773,SMAP_L4_SM_gph_20220529T133000_Vv8010_001.h5
2022-05-30,2022-05-30 13:28:55+00:00,4.533,-75.681,0.3679869174957275,0.3877578973770141,0.8219989538192749,0.866329550743103,287.5005798339844,14.350579833984398,SMAP_L4_SM_gph_20220530T133000_Vv8010_001.h5
2022-05-31,2022-05-31 13:28:55+00:00,4.533,-75.681,0.3686250150203705,0.3864445388317108,0.8237561583518982,0.8633286952972412,287.7326965332031,14.582696533203148,SMAP_L4_SM_gph_20220531T133000_Vv8010_001.h5
2022-06-01,2022-06-01 13:28:55+00:00,4.533,-75.681,0.3685489892959595,0.3852083086967468,0.8233718872070312,0.8608468174934387,288.0551452636719,14.905145263671898,SMAP_L4_SM_gph_20220601T133000_Vv8010_001.h5
2022-06-02,2022-06-02 13:28:55+00:00,4.533,-75.681,0.3751028776168823,0.3889268934726715,0.8380927443504333,0.8688063621520996,287.5847473144531,14.434747314453148,SMAP_L4_SM_gph_20220602T133000_Vv8010_001.h5
2022-06-03,2022-06-03 13:28:55+00:00,4.533,-75.681,0.3778384327888489,0.3915643692016601,0.844082236289978,0.8747847080230713,287.7513427734375,14.601342773437525,SMAP_L4_SM_gph_20220603T133000_Vv8010_001.h5
2022-06-04,2022-06-04 13:28:55+00:00,4.533,-75.681,0.382052332162857,0.3985503613948822,0.8534095883369446,0.8904091715812683,287.943603515625,14.793603515625025,SMAP_L4_SM_gph_20220604T133000_Vv8010_001.h5
2022-06-05,2022-06-05 13:28:55+00:00,4.533,-75.681,0.3773026466369629,0.3979913294315338,0.8429417014122009,0.889225423336029,287.22857666015625,14.078576660156273,SMAP_L4_SM_gph_20220605T133000_Vv8010_001.h5
2022-06-06,2022-06-06 13:28:55+00:00,4.533,-75.681,0.3777710795402527,0.3992616236209869,0.8439151644706726,0.8918923735618591,287.4971923828125,14.347192382812525,SMAP_L4_SM_gph_20220606T133000_Vv8010_001.h5
2022-06-07,2022-06-07 13:28:55+00:00,4.533,-75.681,0.388045072555542,0.4015887081623077,0.8669623732566833,0.8972836136817932,287.89910888671875,14.749108886718773,SMAP_L4_SM_gph_20220607T133000_Vv8010_001.h5
2022-06-08,2022-06-08 13:28:55+00:00,4.533,-75.681,0.3884772956371307,0.4162995517253876,0.8680647015571594,0.9300141334533693,287.73583984375,14.585839843750025,SMAP_L4_SM_gph_20220608T133000_Vv8010_001.h5
2022-06-09,2022-06-09 13:28:55+00:00,4.533,-75.681,0.3876586258411407,0.4103577136993408,0.8661503195762634,0.916933536529541,287.82696533203125,14.676965332031273,SMAP_L4_SM_gph_20220609T133000_Vv8010_001.h5
2022-06-10,2022-06-10 13:28:55+00:00,4.533,-75.681,0.3814553916454315,0.4062439501285553,0.8522216081619263,0.9078247547149658,288.17071533203125,15.020715332031273,SMAP_L4_SM_gph_20220610T133000_Vv8010_001.h5
2022-06-11,2022-06-11 13:28:55+00:00,4.533,-75.681,0.3807412683963775,0.4031888842582702,0.8504010438919067,0.9008337259292604,287.9364624023437,14.786462402343773,SMAP_L4_SM_gph_20220611T133000_Vv8010_001.h5
2022-06-12,2022-06-12 13:28:55+00:00,4.533,-75.681,0.3797129690647125,0.4012641310691833,0.8485052585601807,0.896586000919342,287.5704040527344,14.420404052734398,SMAP_L4_SM_gph_20220612T133000_Vv8010_001.h5
2022-06-13,2022-06-13 13:28:55+00:00,4.533,-75.681,0.3767432868480682,0.398551195859909,0.8417574763298035,0.8904846906661987,287.142822265625,13.992822265625025,SMAP_L4_SM_gph_20220613T133000_Vv8010_001.h5
2022-06-14,2022-06-14 13:28:55+00:00,4.533,-75.681,0.3756081461906433,0.3968307375907898,0.8391456604003906,0.8866463303565979,286.63543701171875,13.485437011718773,SMAP_L4_SM_gph_20220614T133000_Vv8010_001.h5
2022-06-15,2022-06-15 13:28:55+00:00,4.533,-75.681,0.3700215816497803,0.3930646181106567,0.8264811038970947,0.8782212734222412,286.9118957519531,13.761895751953148,SMAP_L4_SM_gph_20220615T133000_Vv8010_001.h5
2022-06-16,2022-06-16 13:28:55+00:00,4.533,-75.681,0.3646585047245025,0.3895736634731293,0.8145085573196411,0.8703905344009399,286.87750244140625,13.727502441406273,SMAP_L4_SM_gph_20220616T133000_Vv8010_001.h5
2022-06-17,2022-06-17 13:28:55+00:00,4.533,-75.681,0.3659108877182007,0.3869950771331787,0.8176035284996033,0.8647361397743225,287.18475341796875,14.034753417968773,SMAP_L4_SM_gph_20220617T133000_Vv8010_001.h5
2022-06-18,2022-06-18 13:28:55+00:00,4.533,-75.681,0.3735721409320831,0.3899251520633697,0.8347169160842896,0.8710600733757019,287.8192749023437,14.669274902343773,SMAP_L4_SM_gph_20220618T133000_Vv8010_001.h5
2022-06-19,2022-06-19 13:28:55+00:00,4.533,-75.681,0.3787789046764374,0.3931567668914795,0.8463719487190247,0.8784143328666687,287.66925048828125,14.519250488281273,SMAP_L4_SM_gph_20220619T133000_Vv8010_001.h5
2022-06-20,2022-06-20 13:28:55+00:00,4.533,-75.681,0.3759310841560364,0.3956940770149231,0.8398681282997131,0.8840082883834839,286.86822509765625,13.718225097656273,SMAP_L4_SM_gph_20220620T133000_Vv8010_001.h5
2022-06-21,2022-06-21 13:28:55+00:00,4.533,-75.681,0.3745559751987457,0.3933178186416626,0.8366596698760986,0.8788067698478699,287.3925476074219,14.242547607421898,SMAP_L4_SM_gph_20220621T133000_Vv8010_001.h5
2022-06-22,2022-06-22 13:28:55+00:00,4.533,-75.681,0.3707121312618255,0.3901718556880951,0.8282580375671387,0.8715797066688538,287.5395812988281,14.389581298828148,SMAP_L4_SM_gph_20220622T133000_Vv8010_001.h5
2022-06-23,2022-06-23 13:28:55+00:00,4.533,-75.681,0.3706010282039642,0.3887232840061188,0.8278944492340088,0.8686678409576416,287.38238525390625,14.232385253906273,SMAP_L4_SM_gph_20220623T133000_Vv8010_001.h5
2022-06-24,2022-06-24 13:28:55+00:00,4.533,-75.681,0.3691414296627044,0.3878642320632934,0.824595034122467,0.8664830923080444,287.6035461425781,14.453546142578148,SMAP_L4_SM_gph_20220624T133000_Vv8010_001.h5
2022-06-25,2022-06-25 13:28:55+00:00,4.533,-75.681,0.3714011013507843,0.3876961469650268,0.829825758934021,0.8660212159156799,287.2405090332031,14.090509033203148,SMAP_L4_SM_gph_20220625T133000_Vv8010_001.h5
2022-06-26,2022-06-26 13:28:55+00:00,4.533,-75.681,0.3741118013858795,0.3888396322727203,0.8356938362121582,0.8687270879745483,287.0068664550781,13.856866455078148,SMAP_L4_SM_gph_20220626T133000_Vv8010_001.h5
2022-06-27,2022-06-27 13:28:55+00:00,4.533,-75.681,0.3669641017913818,0.3858932554721832,0.8198832273483276,0.8621150255203247,286.1004638671875,12.950463867187525,SMAP_L4_SM_gph_20220627T133000_Vv8010_001.h5
2022-06-28,2022-06-28 13:28:55+00:00,4.533,-75.681,0.3683128356933594,0.3847570717334747,0.8228193521499634,0.8594784736633301,287.0497131347656,13.899713134765648,SMAP_L4_SM_gph_20220628T133000_Vv8010_001.h5
2022-06-29,2022-06-29 13:28:55+00:00,4.533,-75.681,0.3643131256103515,0.3828273415565491,0.8139846920967102,0.8551449179649353,287.030517578125,13.880517578125025,SMAP_L4_SM_gph_20220629T133000_Vv8010_001.h5
2022-06-30,2022-06-30 13:28:55+00:00,4.533,-75.681,0.3651548326015472,0.3818868994712829,0.815869152545929,0.8531388640403748,287.0669250488281,13.916925048828148,SMAP_L4_SM_gph_20220630T133000_Vv8010_001.h5
2022-07-01,2022-07-01 13:28:55+00:00,4.533,-75.681,0.3583540618419647,0.3783824145793915,0.8006390333175659,0.8452479839324951,287.5699462890625,14.419946289062525,SMAP_L4_SM_gph_20220701T133000_Vv8010_001.h5
2022-07-02,2022-07-02 13:28:55+00:00,4.533,-75.681,0.3654060959815979,0.3773884177207947,0.8164780139923096,0.843103289604187,287.31280517578125,14.162805175781273,SMAP_L4_SM_gph_20220702T133000_Vv8010_001.h5
2022-07-03,2022-07-03 13:28:55+00:00,4.533,-75.681,0.3615281581878662,0.3789417147636413,0.8077560663223267,0.8466782569885254,287.3244934082031,14.174493408203148,SMAP_L4_SM_gph_20220703T133000_Vv8010_001.h5
2022-07-04,2022-07-04 13:28:55+00:00,4.533,-75.681,0.3599731028079986,0.3759709596633911,0.8043539524078369,0.8398815393447876,287.3692626953125,14.219262695312525,SMAP_L4_SM_gph_20220704T133000_Vv8010_001.h5
2022-07-05,2022-07-05 13:28:55+00:00,4.533,-75.681,0.3585414290428161,0.3753121197223663,0.8010662794113159,0.8383892774581909,287.4112854003906,14.261285400390648,SMAP_L4_SM_gph_20220705T133000_Vv8010_001.h5
2022-07-06,2022-07-06 13:28:55+00:00,4.533,-75.681,0.3546065390110016,0.3729633390903473,0.792246401309967,0.833087146282196,287.15582275390625,14.005822753906273,SMAP_L4_SM_gph_20220706T133000_Vv8010_001.h5
2022-07-07,2022-07-07 13:28:55+00:00,4.533,-75.681,0.3515582382678985,0.3697738349437713,0.7853012681007385,0.8262835144996643,286.8397827148437,13.689782714843773,SMAP_L4_SM_gph_20220707T133000_Vv8010_001.h5
2022-07-08,2022-07-08 13:28:55+00:00,4.533,-75.681,0.3507095873355865,0.3678207695484161,0.7835040092468262,0.821743369102478,287.0125732421875,13.862573242187525,SMAP_L4_SM_gph_20220708T133000_Vv8010_001.h5
2022-07-09,2022-07-09 13:28:55+00:00,4.533,-75.681,0.3553447127342224,0.3687093257904053,0.7940927743911743,0.8237603902816772,287.1534729003906,14.003472900390648,SMAP_L4_SM_gph_20220709T133000_Vv8010_001.h5
2022-07-10,2022-07-10 13:28:55+00:00,4.533,-75.681,0.3514783978462219,0.3666645884513855,0.7853466868400574,0.8191526532173157,287.2261047363281,14.076104736328148,SMAP_L4_SM_gph_20220710T133000_Vv8010_001.h5
2022-07-11,2022-07-11 13:28:55+00:00,4.533,-75.681,0.3541668653488159,0.3659124374389648,0.7913587689399719,0.8173925876617432,287.48895263671875,14.338952636718773,SMAP_L4_SM_gph_20220711T133000_Vv8010_001.h5
2022-07-12,2022-07-12 13:28:55+00:00,4.533,-75.681,0.3544210493564605,0.365458071231842,0.7919524312019348,0.8164052963256836,287.30242919921875,14.152429199218773,SMAP_L4_SM_gph_20220712T133000_Vv8010_001.h5
2022-07-13,2022-07-13 13:28:55+00:00,4.533,-75.681,0.356478601694107,0.3646939396858215,0.7963096499443054,0.8147127032279968,288.015869140625,14.865869140625025,SMAP_L4_SM_gph_20220713T133000_Vv8010_001.h5
2022-07-14,2022-07-14 13:28:55+00:00,4.533,-75.681,0.3522672355175018,0.3646719455718994,0.787152886390686,0.8148009181022644,287.9908752441406,14.840875244140648,SMAP_L4_SM_gph_20220714T133000_Vv8010_001.h5
2022-07-15,2022-07-15 13:28:55+00:00,4.533,-75.681,0.3474102318286896,0.3630026280879974,0.7761577367782593,0.8110712170600891,287.97772216796875,14.827722167968773,SMAP_L4_SM_gph_20220715T133000_Vv8010_001.h5
2022-07-16,2022-07-16 13:28:55+00:00,4.533,-75.681,0.3458161354064941,0.3611379861831665,0.7724879384040833,0.8069313764572144,287.42840576171875,14.278405761718773,SMAP_L4_SM_gph_20220716T133000_Vv8010_001.h5
2022-07-17,2022-07-17 13:28:55+00:00,4.533,-75.681,0.3471229374408722,0.3594450950622558,0.7756047248840332,0.8028956055641174,287.5256652832031,14.375665283203148,SMAP_L4_SM_gph_20220717T133000_Vv8010_001.h5
2022-07-18,2022-07-18 13:28:55+00:00,4.533,-75.681,0.3447684049606323,0.3586998581886291,0.7702507376670837,0.8012523055076599,287.342529296875,14.192529296875025,SMAP_L4_SM_gph_20220718T133000_Vv8010_001.h5
2022-07-19,2022-07-19 13:28:55+00:00,4.533,-75.681,0.3448380827903747,0.358000099658966,0.7704018950462341,0.7997004389762878,287.1693725585937,14.019372558593773,SMAP_L4_SM_gph_20220719T133000_Vv8010_001.h5
2022-07-20,2022-07-20 13:28:55+00:00,4.533,-75.681,0.3388934731483459,0.3553928732872009,0.7572361826896667,0.7941176295280457,287.0992736816406,13.949273681640648,SMAP_L4_SM_gph_20220720T133000_Vv8010_001.h5
2022-07-21,2022-07-21 13:28:55+00:00,4.533,-75.681,0.3428668975830078,0.3546079695224762,0.7660308480262756,0.792126476764679,286.7846069335937,13.634606933593773,SMAP_L4_SM_gph_20220721T133000_Vv8010_001.h5
2022-07-22,2022-07-22 13:28:55+00:00,4.533,-75.681,0.3449098169803619,0.3541672229766845,0.7705919146537781,0.79134601354599,287.3914794921875,14.241479492187525,SMAP_L4_SM_gph_20220722T133000_Vv8010_001.h5
2022-07-23,2022-07-23 13:28:55+00:00,4.533,-75.681,0.3504795730113983,0.3553733825683594,0.7828813195228577,0.7939938902854919,287.79852294921875,14.648522949218773,SMAP_L4_SM_gph_20220723T133000_Vv8010_001.h5
2022-07-24,2022-07-24 13:28:55+00:00,4.533,-75.681,0.3511956930160522,0.3574147522449493,0.7848169207572937,0.7984721064567566,287.570068359375,14.420068359375025,SMAP_L4_SM_gph_20220724T133000_Vv8010_001.h5
2022-07-25,2022-07-25 13:28:55+00:00,4.533,-75.681,0.363504946231842,0.3671526908874511,0.8122705817222595,0.8202741742134094,287.6746826171875,14.524682617187525,SMAP_L4_SM_gph_20220725T133000_Vv8010_001.h5
2022-07-26,2022-07-26 13:28:55+00:00,4.533,-75.681,0.3632971942424774,0.3767404556274414,0.811839759349823,0.8417127132415771,286.9584655761719,13.808465576171898,SMAP_L4_SM_gph_20220726T133000_Vv8010_001.h5
2022-07-27,2022-07-27 13:28:55+00:00,4.533,-75.681,0.3623430430889129,0.3755880296230316,0.809272825717926,0.8391320109367371,287.2645874023437,14.114587402343773,SMAP_L4_SM_gph_20220727T133000_Vv8010_001.h5
2022-07-28,2022-07-28 13:28:55+00:00,4.533,-75.681,0.3663221299648285,0.3771377801895141,0.8183844089508057,0.8425982594490051,287.38507080078125,14.235070800781273,SMAP_L4_SM_gph_20220728T133000_Vv8010_001.h5
2022-07-29,2022-07-29 13:28:55+00:00,4.533,-75.681,0.3615604341030121,0.3761980831623077,0.8077540993690491,0.8406263589859009,286.99981689453125,13.849816894531273,SMAP_L4_SM_gph_20220729T133000_Vv8010_001.h5
2022-07-30,2022-07-30 13:28:55+00:00,4.533,-75.681,0.3510991930961609,0.3718374967575073,0.7846186757087708,0.8308923244476318,287.3916931152344,14.241693115234398,SMAP_L4_SM_gph_20220730T133000_Vv8010_001.h5
2022-07-31,2022-07-31 13:28:55+00:00,4.533,-75.681,0.3530951142311096,0.3694389164447784,0.7889461517333984,0.8251442909240723,287.5334777832031,14.383477783203148,SMAP_L4_SM_gph_20220731T133000_Vv8010_001.h5
2022-08-01,2022-08-01 13:28:55+00:00,4.533,-75.681,0.3574653565883636,0.3696198463439941,0.7984415888786316,0.8258596062660217,287.9687805175781,14.818780517578148,SMAP_L4_SM_gph_20220801T133000_Vv8010_001.h5
2022-08-02,2022-08-02 13:28:55+00:00,4.533,-75.681,0.3628852069377899,0.3709277808666229,0.8107773065567017,0.8286031484603882,287.7214050292969,14.571405029296898,SMAP_L4_SM_gph_20220802T133000_Vv8010_001.h5
2022-08-03,2022-08-03 13:28:55+00:00,4.533,-75.681,0.3572681248188019,0.3737266361713409,0.7979854345321655,0.8349279165267944,287.3624267578125,14.212426757812525,SMAP_L4_SM_gph_20220803T133000_Vv8010_001.h5
2022-08-04,2022-08-04 13:28:55+00:00,4.533,-75.681,0.3507389724254608,0.3700010180473327,0.7835173010826111,0.8267053961753845,287.22119140625,14.071191406250025,SMAP_L4_SM_gph_20220804T133000_Vv8010_001.h5
2022-08-05,2022-08-05 13:28:55+00:00,4.533,-75.681,0.354770302772522,0.367979496717453,0.7927795052528381,0.8221323490142822,287.7491760253906,14.599176025390648,SMAP_L4_SM_gph_20220805T133000_Vv8010_001.h5
2022-08-06,2022-08-06 13:28:55+00:00,4.533,-75.681,0.3651714026927948,0.3748155236244201,0.8157557249069214,0.8375133872032166,287.8545837402344,14.704583740234398,SMAP_L4_SM_gph_20220806T133000_Vv8010_001.h5
2022-08-07,2022-08-07 13:28:55+00:00,4.533,-75.681,0.3614430725574493,0.3797308206558227,0.8075149655342102,0.8483402729034424,287.31982421875,14.169824218750025,SMAP_L4_SM_gph_20220807T133000_Vv8010_001.h5
2022-08-08,2022-08-08 13:28:55+00:00,4.533,-75.681,0.3520465195178985,0.3742718696594238,0.786445677280426,0.8361483216285706,287.2279663085937,14.077966308593773,SMAP_L4_SM_gph_20220808T133000_Vv8010_001.h5
2022-08-09,2022-08-09 13:28:55+00:00,4.533,-75.681,0.346532940864563,0.3699983656406402,0.7741984128952026,0.8266241550445557,287.10675048828125,13.956750488281273,SMAP_L4_SM_gph_20220809T133000_Vv8010_001.h5
2022-08-10,2022-08-10 13:28:55+00:00,4.533,-75.681,0.3491694629192352,0.3681817054748535,0.780099630355835,0.8226813673973083,287.40966796875,14.259667968750025,SMAP_L4_SM_gph_20220810T133000_Vv8010_001.h5
2022-08-11,2022-08-11 13:28:55+00:00,4.533,-75.681,0.342399388551712,0.3650886416435241,0.7649025321006775,0.8155676126480103,286.6136779785156,13.463677978515648,SMAP_L4_SM_gph_20220811T133000_Vv8010_001.h5
2022-08-12,2022-08-12 13:28:55+00:00,4.533,-75.681,0.3392271399497986,0.3620367646217346,0.757842481136322,0.809049665927887,286.7951354980469,13.645135498046898,SMAP_L4_SM_gph_20220812T133000_Vv8010_001.h5
2022-08-13,2022-08-13 13:28:55+00:00,4.533,-75.681,0.3557754456996918,0.3633753359317779,0.7948945760726929,0.8117990493774414,287.0824584960937,13.932458496093773,SMAP_L4_SM_gph_20220813T133000_Vv8010_001.h5
2022-08-14,2022-08-14 13:28:55+00:00,4.533,-75.681,0.3646259605884552,0.3790054619312286,0.814473569393158,0.8468940258026123,287.496337890625,14.346337890625025,SMAP_L4_SM_gph_20220814T133000_Vv8010_001.h5
2022-08-15,2022-08-15 13:28:55+00:00,4.533,-75.681,0.3634371757507324,0.3765786290168762,0.8119352459907532,0.8412424325942993,287.4364318847656,14.286431884765648,SMAP_L4_SM_gph_20220815T133000_Vv8010_001.h5
2022-08-16,2022-08-16 13:28:55+00:00,4.533,-75.681,0.3576028347015381,0.3734914064407348,0.7989097833633423,0.8344628810882568,287.19696044921875,14.046960449218773,SMAP_L4_SM_gph_20220816T133000_Vv8010_001.h5
2022-08-17,2022-08-17 13:28:55+00:00,4.533,-75.681,0.3500260710716247,0.3695341944694519,0.7818475961685181,0.8256155252456665,287.4583435058594,14.308343505859398,SMAP_L4_SM_gph_20220817T133000_Vv8010_001.h5
2022-08-18,2022-08-18 13:28:55+00:00,4.533,-75.681,0.3496716022491455,0.3673472702503204,0.7811093926429749,0.8207597732543945,287.0418395996094,13.891839599609398,SMAP_L4_SM_gph_20220818T133000_Vv8010_001.h5
2022-08-19,2022-08-19 13:28:55+00:00,4.533,-75.681,0.3526900112628937,0.367336630821228,0.7879644632339478,0.8204877376556396,287.70928955078125,14.559289550781273,SMAP_L4_SM_gph_20220819T133000_Vv8010_001.h5
2022-08-20,2022-08-20 13:28:55+00:00,4.533,-75.681,0.3486122190952301,0.3642185628414154,0.7787286043167114,0.8137227892875671,287.0741577148437,13.924157714843773,SMAP_L4_SM_gph_20220820T133000_Vv8010_001.h5
2022-08-21,2022-08-21 13:28:55+00:00,4.533,-75.681,0.3527113795280456,0.3672347068786621,0.7880820631980896,0.8204655647277832,286.9430236816406,13.793023681640648,SMAP_L4_SM_gph_20220821T133000_Vv8010_001.h5
2022-08-22,2022-08-22 13:28:55+00:00,4.533,-75.681,0.3494958281517029,0.364348292350769,0.7808442115783691,0.8142309784889221,287.3359680175781,14.185968017578148,SMAP_L4_SM_gph_20220822T133000_Vv8010_001.h5
2022-08-23,2022-08-23 13:28:55+00:00,4.533,-75.681,0.3434527814388275,0.3618444204330444,0.7674815058708191,0.8082833290100098,286.38299560546875,13.232995605468773,SMAP_L4_SM_gph_20220823T133000_Vv8010_001.h5
2022-08-24,2022-08-24 13:28:55+00:00,4.533,-75.681,0.3402829766273498,0.3591834306716919,0.7601432800292969,0.8024881482124329,286.0713195800781,12.921319580078148,SMAP_L4_SM_gph_20220824T133000_Vv8010_001.h5
2022-08-25,2022-08-25 13:28:55+00:00,4.533,-75.681,0.3338305950164795,0.3560028374195099,0.7457392811775208,0.795390248298645,286.4737243652344,13.323724365234398,SMAP_L4_SM_gph_20220825T133000_Vv8010_001.h5
2022-08-26,2022-08-26 13:28:55+00:00,4.533,-75.681,0.3381748497486114,0.3549810349941253,0.7553930282592773,0.793074905872345,286.8395690917969,13.689569091796898,SMAP_L4_SM_gph_20220826T133000_Vv8010_001.h5
2022-08-27,2022-08-27 13:28:55+00:00,4.533,-75.681,0.3378359675407409,0.3534129858016968,0.7548388242721558,0.7894618511199951,286.9137878417969,13.763787841796898,SMAP_L4_SM_gph_20220827T133000_Vv8010_001.h5
2022-08-28,2022-08-28 13:28:55+00:00,4.533,-75.681,0.3424550592899322,0.3529770970344543,0.7649409770965576,0.7885474562644958,287.037353515625,13.887353515625025,SMAP_L4_SM_gph_20220828T133000_Vv8010_001.h5
2022-08-29,2022-08-29 13:28:55+00:00,4.533,-75.681,0.340638518333435,0.3520140945911407,0.760936975479126,0.7863856554031372,286.65740966796875,13.507409667968773,SMAP_L4_SM_gph_20220829T133000_Vv8010_001.h5
2022-08-30,2022-08-30 13:28:55+00:00,4.533,-75.681,0.3384875655174255,0.3508928716182709,0.7562535405158997,0.7838852405548096,286.6859436035156,13.535943603515648,SMAP_L4_SM_gph_20220830T133000_Vv8010_001.h5
2022-08-31,2022-08-31 13:28:55+00:00,4.533,-75.681,0.3386292159557342,0.349180519580841,0.7565189599990845,0.7800450921058655,287.07177734375,13.921777343750025,SMAP_L4_SM_gph_20220831T133000_Vv8010_001.h5
2022-09-01,2022-09-01 13:28:55+00:00,4.533,-75.681,0.3363243639469147,0.3476550281047821,0.751352846622467,0.7769569158554077,287.4662475585937,14.316247558593773,SMAP_L4_SM_gph_20220901T133000_Vv8010_001.h5
2022-09-02,2022-09-02 13:28:55+00:00,4.533,-75.681,0.3385270833969116,0.3474469184875488,0.7562777400016785,0.7763186693191528,287.671142578125,14.521142578125025,SMAP_L4_SM_gph_20220902T133000_Vv8010_001.h5
2022-09-03,2022-09-03 13:28:55+00:00,4.533,-75.681,0.3393469750881195,0.3474587798118591,0.7582301497459412,0.7762748003005981,287.56201171875,14.412011718750025,SMAP_L4_SM_gph_20220903T133000_Vv8010_001.h5
2022-09-04,2022-09-04 13:28:55+00:00,4.533,-75.681,0.3354634642601013,0.3463296294212341,0.7495782375335693,0.7737537026405334,287.974853515625,14.824853515625025,SMAP_L4_SM_gph_20220904T133000_Vv8010_001.h5
2022-09-05,2022-09-05 13:28:55+00:00,4.533,-75.681,0.3321344554424286,0.3443053960800171,0.7419017553329468,0.7691735029220581,287.2110900878906,14.061090087890648,SMAP_L4_SM_gph_20220905T133000_Vv8010_001.h5
2022-09-06,2022-09-06 13:28:55+00:00,4.533,-75.681,0.320840448141098,0.3416007757186889,0.7168363928794861,0.7632642984390259,287.333984375,14.183984375000025,SMAP_L4_SM_gph_20220906T133000_Vv8010_001.h5
2022-09-07,2022-09-07 13:28:55+00:00,4.533,-75.681,0.3178340196609497,0.3393543362617492,0.710220217704773,0.7582533359527588,287.3145751953125,14.164575195312525,SMAP_L4_SM_gph_20220907T133000_Vv8010_001.h5
2022-09-08,2022-09-08 13:28:55+00:00,4.533,-75.681,0.3160495162010193,0.337477833032608,0.7060798406600952,0.7539845108985901,287.0610656738281,13.911065673828148,SMAP_L4_SM_gph_20220908T133000_Vv8010_001.h5
2022-09-09,2022-09-09 13:28:55+00:00,4.533,-75.681,0.3206812143325805,0.3361946642398834,0.7164394855499268,0.7511361837387085,287.3946533203125,14.244653320312525,SMAP_L4_SM_gph_20220909T133000_Vv8010_001.h5
2022-09-10,2022-09-10 13:28:55+00:00,4.533,-75.681,0.3192673325538635,0.3347305357456207,0.7133784294128418,0.7480382323265076,287.39404296875,14.244042968750025,SMAP_L4_SM_gph_20220910T133000_Vv8010_001.h5
2022-09-11,2022-09-11 13:28:55+00:00,4.533,-75.681,0.3300558626651764,0.3348836898803711,0.737335741519928,0.7481191158294678,287.5956115722656,14.445611572265648,SMAP_L4_SM_gph_20220911T133000_Vv8010_001.h5
2022-09-12,2022-09-12 13:28:55+00:00,4.533,-75.681,0.3291131854057312,0.3346119523048401,0.7352842688560486,0.7475590705871582,287.41424560546875,14.264245605468773,SMAP_L4_SM_gph_20220912T133000_Vv8010_001.h5
2022-09-13,2022-09-13 13:28:55+00:00,4.533,-75.681,0.3402109146118164,0.3408227562904358,0.7600077390670776,0.7612666487693787,288.0568542480469,14.906854248046898,SMAP_L4_SM_gph_20220913T133000_Vv8010_001.h5
2022-09-14,2022-09-14 13:28:55+00:00,4.533,-75.681,0.3359436690807342,0.3422301411628723,0.7503787279129028,0.7647786736488342,287.82427978515625,14.674279785156273,SMAP_L4_SM_gph_20220914T133000_Vv8010_001.h5
2022-09-15,2022-09-15 13:28:55+00:00,4.533,-75.681,0.3340693712234497,0.3405756950378418,0.7462897896766663,0.760696291923523,287.5965881347656,14.446588134765648,SMAP_L4_SM_gph_20220915T133000_Vv8010_001.h5
2022-09-16,2022-09-16 13:28:55+00:00,4.533,-75.681,0.3360271155834198,0.3421139717102051,0.750862181186676,0.7643059492111206,287.3446044921875,14.194604492187525,SMAP_L4_SM_gph_20220916T133000_Vv8010_001.h5
2022-09-17,2022-09-17 13:28:55+00:00,4.533,-75.681,0.3324282765388489,0.34067502617836,0.7425928711891174,0.761125385761261,287.5321350097656,14.382135009765648,SMAP_L4_SM_gph_20220917T133000_Vv8010_001.h5
2022-09-18,2022-09-18 13:28:55+00:00,4.533,-75.681,0.3338508009910583,0.3405844569206238,0.7458521723747253,0.7609634399414062,288.087646484375,14.937646484375025,SMAP_L4_SM_gph_20220918T133000_Vv8010_001.h5
2022-09-19,2022-09-19 13:28:55+00:00,4.533,-75.681,0.3320095241069793,0.3398735225200653,0.7417274713516235,0.7593104839324951,287.7017517089844,14.551751708984398,SMAP_L4_SM_gph_20220919T133000_Vv8010_001.h5
2022-09-20,2022-09-20 13:28:55+00:00,4.533,-75.681,0.3428177237510681,0.3443618416786194,0.7657609581947327,0.7694905996322632,287.66961669921875,14.519616699218773,SMAP_L4_SM_gph_20220920T133000_Vv8010_001.h5
2022-09-21,2022-09-21 13:28:55+00:00,4.533,-75.681,0.3411648869514465,0.3487338125705719,0.762198805809021,0.7789533138275146,287.6635437011719,14.513543701171898,SMAP_L4_SM_gph_20220921T133000_Vv8010_001.h5
2022-09-22,2022-09-22 13:28:55+00:00,4.533,-75.681,0.3376920521259308,0.3453090786933899,0.7543824911117554,0.7713673710823059,287.84454345703125,14.694543457031273,SMAP_L4_SM_gph_20220922T133000_Vv8010_001.h5
2022-09-23,2022-09-23 13:28:55+00:00,4.533,-75.681,0.3393465876579284,0.3456710875034332,0.7581386566162109,0.7723329067230225,287.492431640625,14.342431640625025,SMAP_L4_SM_gph_20220923T133000_Vv8010_001.h5
2022-09-24,2022-09-24 13:28:55+00:00,4.533,-75.681,0.3385506272315979,0.3440228998661041,0.7563614249229431,0.7687554359436035,288.0502624511719,14.900262451171898,SMAP_L4_SM_gph_20220924T133000_Vv8010_001.h5
2022-09-25,2022-09-25 13:28:55+00:00,4.533,-75.681,0.338035523891449,0.3447863757610321,0.7552609443664551,0.7703751921653748,287.24249267578125,14.092492675781273,SMAP_L4_SM_gph_20220925T133000_Vv8010_001.h5
2022-09-26,2022-09-26 13:28:55+00:00,4.533,-75.681,0.3315474092960357,0.342888593673706,0.7407060265541077,0.7662210464477539,287.90679931640625,14.756799316406273,SMAP_L4_SM_gph_20220926T133000_Vv8010_001.h5
2022-09-27,2022-09-27 13:28:55+00:00,4.533,-75.681,0.3281199932098388,0.3408129215240478,0.7329013347625732,0.7614108324050903,287.3677978515625,14.217797851562525,SMAP_L4_SM_gph_20220927T133000_Vv8010_001.h5
2022-09-28,2022-09-28 13:28:55+00:00,4.533,-75.681,0.3370599448680877,0.3406566679477691,0.7529156804084778,0.7609077095985413,287.72515869140625,14.575158691406273,SMAP_L4_SM_gph_20220928T133000_Vv8010_001.h5
2022-09-29,2022-09-29 13:28:55+00:00,4.533,-75.681,0.3390946686267853,0.3430088758468628,0.7577269077301025,0.766364574432373,287.79168701171875,14.641687011718773,SMAP_L4_SM_gph_20220929T133000_Vv8010_001.h5
2022-09-30,2022-09-30 13:28:55+00:00,4.533,-75.681,0.3437585532665252,0.3446546196937561,0.767882764339447,0.7701057195663452,288.10797119140625,14.957971191406273,SMAP_L4_SM_gph_20220930T133000_Vv8010_001.h5
2022-10-01,2022-10-01 13:28:55+00:00,4.533,-75.681,0.3390417397022247,0.3451403975486755,0.7574194073677063,0.7710016369819641,287.4815673828125,14.331567382812525,SMAP_L4_SM_gph_20221001T133000_Vv8010_001.h5
2022-10-02,2022-10-02 13:28:55+00:00,4.533,-75.681,0.3343669176101684,0.3439416289329529,0.7469673752784729,0.7683733105659485,286.7877197265625,13.637719726562525,SMAP_L4_SM_gph_20221002T133000_Vv8010_001.h5
2022-10-03,2022-10-03 13:28:55+00:00,4.533,-75.681,0.3264121115207672,0.3410681486129761,0.7290515899658203,0.7620983719825745,286.99267578125,13.842675781250025,SMAP_L4_SM_gph_20221003T133000_Vv8010_001.h5
2022-10-04,2022-10-04 13:28:55+00:00,4.533,-75.681,0.3238701820373535,0.3386272490024566,0.7236595749855042,0.7567285299301147,287.2673645019531,14.117364501953148,SMAP_L4_SM_gph_20221004T133000_Vv8010_001.h5
2022-10-05,2022-10-05 13:28:55+00:00,4.533,-75.681,0.3333712220191955,0.3398782610893249,0.7447358965873718,0.7594931125640869,287.8597412109375,14.709741210937525,SMAP_L4_SM_gph_20221005T133000_Vv8010_001.h5
2022-10-06,2022-10-06 13:28:55+00:00,4.533,-75.681,0.346523106098175,0.3469148874282837,0.7743557095527649,0.7750047445297241,287.6911315917969,14.541131591796898,SMAP_L4_SM_gph_20221006T133000_Vv8010_001.h5
2022-10-07,2022-10-07 13:28:55+00:00,4.533,-75.681,0.3429129123687744,0.3498339653015136,0.7659794092178345,0.7815690040588379,287.12322998046875,13.973229980468773,SMAP_L4_SM_gph_20221007T133000_Vv8010_001.h5
2022-10-08,2022-10-08 13:28:55+00:00,4.533,-75.681,0.3612437546253204,0.369345873594284,0.807261049747467,0.8249755501747131,287.8037109375,14.653710937500025,SMAP_L4_SM_gph_20221008T133000_Vv8010_001.h5
2022-10-09,2022-10-09 13:28:55+00:00,4.533,-75.681,0.3573203682899475,0.3726197779178619,0.7983222603797913,0.8324866890907288,287.9125366210937,14.762536621093773,SMAP_L4_SM_gph_20221009T133000_Vv8010_001.h5
2022-10-10,2022-10-10 13:28:55+00:00,4.533,-75.681,0.3543997406959533,0.3663408160209656,0.7918348908424377,0.8184319138526917,287.9114990234375,14.761499023437525,SMAP_L4_SM_gph_20221010T133000_Vv8010_001.h5
2022-10-11,2022-10-11 13:28:55+00:00,4.533,-75.681,0.3452579379081726,0.361696183681488,0.771359920501709,0.8081625699996948,287.03863525390625,13.888635253906273,SMAP_L4_SM_gph_20221011T133000_Vv8010_001.h5
2022-10-12,2022-10-12 13:28:55+00:00,4.533,-75.681,0.3457406163215637,0.3593960404396057,0.7721992135047913,0.8030123114585876,287.02471923828125,13.874719238281273,SMAP_L4_SM_gph_20221012T133000_Vv8010_001.h5
2022-10-13,2022-10-13 13:28:55+00:00,4.533,-75.681,0.3549131751060486,0.3627549409866333,0.7929880023002625,0.8106714487075806,288.11346435546875,14.963464355468773,SMAP_L4_SM_gph_20221013T133000_Vv8010_001.h5
2022-10-14,2022-10-14 13:28:55+00:00,4.533,-75.681,0.3477431535720825,0.3610718548297882,0.7769091129302979,0.8068324327468872,287.53521728515625,14.385217285156273,SMAP_L4_SM_gph_20221014T133000_Vv8010_001.h5
2022-10-15,2022-10-15 13:28:55+00:00,4.533,-75.681,0.3509769737720489,0.3614178895950317,0.784203052520752,0.8073413372039795,287.89385986328125,14.743859863281273,SMAP_L4_SM_gph_20221015T133000_Vv8010_001.h5
2022-10-16,2022-10-16 13:28:55+00:00,4.533,-75.681,0.3446702063083648,0.3593741655349731,0.7701996564865112,0.8031019568443298,288.17901611328125,15.029016113281273,SMAP_L4_SM_gph_20221016T133000_Vv8010_001.h5
2022-10-17,2022-10-17 13:28:55+00:00,4.533,-75.681,0.35652756690979,0.360279381275177,0.7967339754104614,0.8049431443214417,288.02978515625,14.879785156250025,SMAP_L4_SM_gph_20221017T133000_Vv8010_001.h5
2022-10-18,2022-10-18 13:28:55+00:00,4.533,-75.681,0.3607789576053619,0.3665456473827362,0.8058212399482727,0.8187209963798523,287.4594421386719,14.309442138671898,SMAP_L4_SM_gph_20221018T133000_Vv8010_001.h5
2022-10-19,2022-10-19 13:28:55+00:00,4.533,-75.681,0.3578611314296722,0.3655194938182831,0.7994682192802429,0.816638708114624,288.0000305175781,14.850030517578148,SMAP_L4_SM_gph_20221019T133000_Vv8010_001.h5
2022-10-20,2022-10-20 13:28:55+00:00,4.533,-75.681,0.3985520899295807,0.3951956927776336,0.8904643058776855,0.8828349113464355,287.6732177734375,14.523217773437525,SMAP_L4_SM_gph_20221020T133000_Vv8010_001.h5
2022-10-21,2022-10-21 13:28:55+00:00,4.533,-75.681,0.375358372926712,0.3928832709789276,0.8385931849479675,0.8777259588241577,288.1801147460937,15.030114746093773,SMAP_L4_SM_gph_20221021T133000_Vv8010_001.h5
2022-10-22,2022-10-22 13:28:55+00:00,4.533,-75.681,0.3777584135532379,0.3932461142539978,0.8439016938209534,0.8786938190460205,288.0255432128906,14.875543212890648,SMAP_L4_SM_gph_20221022T133000_Vv8010_001.h5
2022-10-23,2022-10-23 13:28:55+00:00,4.533,-75.681,0.3780941069126129,0.3916057348251343,0.8445829749107361,0.8748925924301147,287.8130187988281,14.663018798828148,SMAP_L4_SM_gph_20221023T133000_Vv8010_001.h5
2022-10-24,2022-10-24 13:28:55+00:00,4.533,-75.681,0.3748610913753509,0.3910178244113922,0.837439239025116,0.8734861612319946,288.4583435058594,15.308343505859398,SMAP_L4_SM_gph_20221024T133000_Vv8010_001.h5
2022-10-25,2022-10-25 13:28:55+00:00,4.533,-75.681,0.3778443336486816,0.3954909443855285,0.844070315361023,0.8836267590522766,288.24822998046875,15.098229980468773,SMAP_L4_SM_gph_20221025T133000_Vv8010_001.h5
2022-10-26,2022-10-26 13:28:55+00:00,4.533,-75.681,0.3777516484260559,0.3931106626987457,0.8439308404922485,0.8781706094741821,288.0282897949219,14.878289794921898,SMAP_L4_SM_gph_20221026T133000_Vv8010_001.h5
2022-10-27,2022-10-27 13:28:55+00:00,4.533,-75.681,0.3751488626003265,0.3915016651153564,0.8381240367889404,0.8746952414512634,288.01385498046875,14.863854980468773,SMAP_L4_SM_gph_20221027T133000_Vv8010_001.h5
2022-10-28,2022-10-28 13:28:55+00:00,4.533,-75.681,0.3772435188293457,0.3912966549396515,0.8428963422775269,0.8743087649345398,287.9530944824219,14.803094482421898,SMAP_L4_SM_gph_20221028T133000_Vv8010_001.h5
2022-10-29,2022-10-29 13:28:55+00:00,4.533,-75.681,0.3781026899814605,0.3910864889621734,0.8447598814964294,0.8736649751663208,287.42218017578125,14.272180175781273,SMAP_L4_SM_gph_20221029T133000_Vv8010_001.h5
2022-10-30,2022-10-30 13:28:55+00:00,4.533,-75.681,0.3690465688705444,0.3900800049304962,0.824548065662384,0.8716338276863098,287.4012756347656,14.251275634765648,SMAP_L4_SM_gph_20221030T133000_Vv8010_001.h5
2022-10-31,2022-10-31 13:28:55+00:00,4.533,-75.681,0.3647329211235046,0.3868578672409057,0.814774751663208,0.8642578125,286.97833251953125,13.828332519531273,SMAP_L4_SM_gph_20221031T133000_Vv8010_001.h5
2022-11-01,2022-11-01 13:28:55+00:00,4.533,-75.681,0.3644993901252746,0.3843869566917419,0.8145599961280823,0.8589800000190735,287.855712890625,14.705712890625025,SMAP_L4_SM_gph_20221101T133000_Vv8010_001.h5
2022-11-02,2022-11-02 13:28:55+00:00,4.533,-75.681,0.3600360751152038,0.3810067474842071,0.8041959404945374,0.8513398766517639,287.71929931640625,14.569299316406273,SMAP_L4_SM_gph_20221102T133000_Vv8010_001.h5
2022-11-03,2022-11-03 13:28:55+00:00,4.533,-75.681,0.3671529293060303,0.3827354609966278,0.8203849196434021,0.854979395866394,287.789306640625,14.639306640625025,SMAP_L4_SM_gph_20221103T133000_Vv8010_001.h5
2022-11-04,2022-11-04 13:28:55+00:00,4.533,-75.681,0.3684340417385101,0.3839170634746551,0.8231172561645508,0.8575629591941833,287.5133056640625,14.363305664062525,SMAP_L4_SM_gph_20221104T133000_Vv8010_001.h5
2022-11-05,2022-11-05 13:28:55+00:00,4.533,-75.681,0.3666187524795532,0.3828547298908233,0.8190602660179138,0.8554602265357971,287.048583984375,13.898583984375025,SMAP_L4_SM_gph_20221105T133000_Vv8010_001.h5
2022-11-06,2022-11-06 13:28:55+00:00,4.533,-75.681,0.3688779473304748,0.383625864982605,0.8240278959274292,0.8572700619697571,287.6283569335937,14.478356933593773,SMAP_L4_SM_gph_20221106T133000_Vv8010_001.h5
2022-11-07,2022-11-07 13:28:55+00:00,4.533,-75.681,0.3608808517456054,0.3812563419342041,0.8064008355140686,0.8518422245979309,287.73858642578125,14.588586425781273,SMAP_L4_SM_gph_20221107T133000_Vv8010_001.h5
2022-11-08,2022-11-08 13:28:55+00:00,4.533,-75.681,0.3716942369937897,0.3848651945590973,0.8304032683372498,0.8597601652145386,287.9364318847656,14.786431884765648,SMAP_L4_SM_gph_20221108T133000_Vv8010_001.h5
2022-11-09,2022-11-09 13:28:55+00:00,4.533,-75.681,0.3739356994628906,0.3865384757518768,0.8352388739585876,0.8636475205421448,287.8404541015625,14.690454101562525,SMAP_L4_SM_gph_20221109T133000_Vv8010_001.h5
2022-11-10,2022-11-10 13:28:55+00:00,4.533,-75.681,0.3821825981140136,0.399470180273056,0.853812038898468,0.8924358487129211,286.9554138183594,13.805413818359398,SMAP_L4_SM_gph_20221110T133000_Vv8010_001.h5
2022-11-11,2022-11-11 13:28:55+00:00,4.533,-75.681,0.3777582943439483,0.3977462351322174,0.8439961671829224,0.8886606097221375,287.45172119140625,14.301721191406273,SMAP_L4_SM_gph_20221111T133000_Vv8010_001.h5
2022-11-12,2022-11-12 13:28:55+00:00,4.533,-75.681,0.3847852051258087,0.3983381688594818,0.8596952557563782,0.8898334503173828,287.78399658203125,14.633996582031273,SMAP_L4_SM_gph_20221112T133000_Vv8010_001.h5
2022-11-13,2022-11-13 13:28:55+00:00,4.533,-75.681,0.3755071461200714,0.3955367505550384,0.8390554189682007,0.8837460875511169,287.2976379394531,14.147637939453148,SMAP_L4_SM_gph_20221113T133000_Vv8010_001.h5
2022-11-14,2022-11-14 13:28:55+00:00,4.533,-75.681,0.3703455626964569,0.392499566078186,0.8274306058883667,0.8768743872642517,287.84527587890625,14.695275878906273,SMAP_L4_SM_gph_20221114T133000_Vv8010_001.h5
2022-11-15,2022-11-15 13:28:55+00:00,4.533,-75.681,0.373314768075943,0.3908676207065582,0.8341014981269836,0.8734128475189209,288.2757873535156,15.125787353515648,SMAP_L4_SM_gph_20221115T133000_Vv8010_001.h5
2022-11-16,2022-11-16 13:28:55+00:00,4.533,-75.681,0.3702246844768524,0.3890300691127777,0.8271844387054443,0.8690013289451599,288.1279296875,14.977929687500025,SMAP_L4_SM_gph_20221116T133000_Vv8010_001.h5
2022-11-17,2022-11-17 13:28:55+00:00,4.533,-75.681,0.3673442304134369,0.3866871893405914,0.8208531141281128,0.8638869524002075,287.7602233886719,14.610223388671898,SMAP_L4_SM_gph_20221117T133000_Vv8010_001.h5
2022-11-18,2022-11-18 13:28:55+00:00,4.533,-75.681,0.3821417093276977,0.3962770104408264,0.8536734580993652,0.8852313160896301,287.78057861328125,14.630578613281273,SMAP_L4_SM_gph_20221118T133000_Vv8010_001.h5
2022-11-19,2022-11-19 13:28:55+00:00,4.533,-75.681,0.3757422268390655,0.3961403369903564,0.8394393920898438,0.8851196765899658,287.4552001953125,14.305200195312525,SMAP_L4_SM_gph_20221119T133000_Vv8010_001.h5
2022-11-20,2022-11-20 13:28:55+00:00,4.533,-75.681,0.3740887343883514,0.3925854861736297,0.8357371687889099,0.8770979642868042,287.7568359375,14.606835937500025,SMAP_L4_SM_gph_20221120T133000_Vv8010_001.h5
2022-11-21,2022-11-21 13:28:55+00:00,4.533,-75.681,0.376039445400238,0.3917413353919983,0.8401060700416565,0.8753423690795898,288.23419189453125,15.084191894531273,SMAP_L4_SM_gph_20221121T133000_Vv8010_001.h5
2022-11-22,2022-11-22 13:28:55+00:00,4.533,-75.681,0.3792964220046997,0.3917382955551147,0.8473577499389648,0.8751638531684875,287.912353515625,14.762353515625025,SMAP_L4_SM_gph_20221122T133000_Vv8010_001.h5
2022-11-23,2022-11-23 13:28:55+00:00,4.533,-75.681,0.3788317441940307,0.3936716318130493,0.8462390303611755,0.8795070052146912,287.81549072265625,14.665490722656273,SMAP_L4_SM_gph_20221123T133000_Vv8010_001.h5
2022-11-24,2022-11-24 13:28:55+00:00,4.533,-75.681,0.3758275210857391,0.3941274881362915,0.8396438956260681,0.8803991079330444,287.4881591796875,14.338159179687525,SMAP_L4_SM_gph_20221124T133000_Vv8010_001.h5
2022-11-25,2022-11-25 13:28:55+00:00,4.533,-75.681,0.3738209307193756,0.3926469683647156,0.8349844813346863,0.8773553371429443,287.7388000488281,14.588800048828148,SMAP_L4_SM_gph_20221125T133000_Vv8010_001.h5
2022-11-26,2022-11-26 13:28:55+00:00,4.533,-75.681,0.3712222576141357,0.3902296721935272,0.829294741153717,0.8718761205673218,287.70782470703125,14.557824707031273,SMAP_L4_SM_gph_20221126T133000_Vv8010_001.h5
2022-11-27,2022-11-27 13:28:55+00:00,4.533,-75.681,0.3770073056221008,0.3927619457244873,0.8422672152519226,0.8776543736457825,287.5813903808594,14.431390380859398,SMAP_L4_SM_gph_20221127T133000_Vv8010_001.h5
2022-11-28,2022-11-28 13:28:55+00:00,4.533,-75.681,0.3806021213531494,0.3958237469196319,0.8502514958381653,0.8843459486961365,287.09033203125,13.940332031250025,SMAP_L4_SM_gph_20221128T133000_Vv8010_001.h5
2022-11-29,2022-11-29 13:28:55+00:00,4.533,-75.681,0.3874666690826416,0.4036062061786651,0.8655683994293213,0.9019199013710022,286.9933166503906,13.843316650390648,SMAP_L4_SM_gph_20221129T133000_Vv8010_001.h5
2022-11-30,2022-11-30 13:28:55+00:00,4.533,-75.681,0.3877538442611694,0.4058646261692047,0.8661575317382812,0.9066437482833862,287.1045227050781,13.954522705078148,SMAP_L4_SM_gph_20221130T133000_Vv8010_001.h5
2022-12-01,2022-12-01 13:28:55+00:00,4.533,-75.681,0.3917290866374969,0.4072189927101135,0.8752102851867676,0.9099222421646118,287.472900390625,14.322900390625025,SMAP_L4_SM_gph_20221201T133000_Vv8010_001.h5
2022-12-02,2022-12-02 13:28:55+00:00,4.533,-75.681,0.3878629505634308,0.406129777431488,0.8664278388023376,0.9074310064315796,287.3270874023437,14.177087402343773,SMAP_L4_SM_gph_20221202T133000_Vv8010_001.h5
2022-12-03,2022-12-03 13:28:55+00:00,4.533,-75.681,0.3863475918769836,0.4051982164382934,0.863199770450592,0.9052770137786864,287.01275634765625,13.862756347656273,SMAP_L4_SM_gph_20221203T133000_Vv8010_001.h5
2022-12-04,2022-12-04 13:28:55+00:00,4.533,-75.681,0.3847026526927948,0.4036627411842346,0.8594751954078674,0.9019191861152648,287.1862487792969,14.036248779296898,SMAP_L4_SM_gph_20221204T133000_Vv8010_001.h5
2022-12-05,2022-12-05 13:28:55+00:00,4.533,-75.681,0.3781020045280456,0.4012820720672607,0.8445730805397034,0.8964619636535645,286.96173095703125,13.811730957031273,SMAP_L4_SM_gph_20221205T133000_Vv8010_001.h5
2022-12-06,2022-12-06 13:28:55+00:00,4.533,-75.681,0.3759337961673736,0.3982029557228088,0.8398528099060059,0.889555037021637,287.18365478515625,14.033654785156273,SMAP_L4_SM_gph_20221206T133000_Vv8010_001.h5
2022-12-07,2022-12-07 13:28:55+00:00,4.533,-75.681,0.386832445859909,0.4007388949394226,0.8641542792320251,0.8953426480293274,287.0732727050781,13.923272705078148,SMAP_L4_SM_gph_20221207T133000_Vv8010_001.h5
2022-12-08,2022-12-08 13:28:55+00:00,4.533,-75.681,0.3842802941799164,0.4019230008125305,0.8585695624351501,0.8980066776275635,287.2225341796875,14.072534179687525,SMAP_L4_SM_gph_20221208T133000_Vv8010_001.h5
2022-12-09,2022-12-09 13:28:55+00:00,4.533,-75.681,0.3751867115497589,0.3985314965248108,0.8382409811019897,0.8905072212219238,287.2234802246094,14.073480224609398,SMAP_L4_SM_gph_20221209T133000_Vv8010_001.h5
2022-12-10,2022-12-10 13:28:55+00:00,4.533,-75.681,0.3747120797634125,0.3955684304237366,0.8371478319168091,0.8837329745292664,286.935546875,13.785546875000025,SMAP_L4_SM_gph_20221210T133000_Vv8010_001.h5
2022-12-11,2022-12-11 13:28:55+00:00,4.533,-75.681,0.3775456547737121,0.3956031501293182,0.8436546325683594,0.8837491273880005,287.3780212402344,14.228021240234398,SMAP_L4_SM_gph_20221211T133000_Vv8010_001.h5
2022-12-12,2022-12-12 13:28:55+00:00,4.533,-75.681,0.3769353032112121,0.3960607647895813,0.84207683801651,0.8848155736923218,287.21697998046875,14.066979980468773,SMAP_L4_SM_gph_20221212T133000_Vv8010_001.h5
2022-12-13,2022-12-13 13:28:55+00:00,4.533,-75.681,0.3737492859363556,0.3945998847484588,0.8350386619567871,0.8814080357551575,287.20074462890625,14.050744628906273,SMAP_L4_SM_gph_20221213T133000_Vv8010_001.h5
2022-12-14,2022-12-14 13:28:55+00:00,4.533,-75.681,0.3709735572338104,0.3917810320854187,0.828874409198761,0.8753493428230286,287.21197509765625,14.061975097656273,SMAP_L4_SM_gph_20221214T133000_Vv8010_001.h5
2022-12-15,2022-12-15 13:28:55+00:00,4.533,-75.681,0.3702848255634308,0.3890740573406219,0.8275148272514343,0.8691898584365845,286.8085632324219,13.658563232421898,SMAP_L4_SM_gph_20221215T133000_Vv8010_001.h5
2022-12-16,2022-12-16 13:28:55+00:00,4.533,-75.681,0.3692077398300171,0.3876851797103882,0.8249836564064026,0.8661401271820068,286.8072814941406,13.657281494140648,SMAP_L4_SM_gph_20221216T133000_Vv8010_001.h5
2022-12-17,2022-12-17 13:28:55+00:00,4.533,-75.681,0.3682286739349365,0.3858245015144348,0.8227654695510864,0.8621565103530884,287.227783203125,14.077783203125025,SMAP_L4_SM_gph_20221217T133000_Vv8010_001.h5
2022-12-18,2022-12-18 13:28:55+00:00,4.533,-75.681,0.3653160631656647,0.3841463923454284,0.8162103295326233,0.8582569360733032,287.5538024902344,14.403802490234398,SMAP_L4_SM_gph_20221218T133000_Vv8010_001.h5
2022-12-19,2022-12-19 13:28:55+00:00,4.533,-75.681,0.366202175617218,0.3845280408859253,0.8181791305541992,0.8590295314788818,287.2906799316406,14.140679931640648,SMAP_L4_SM_gph_20221219T133000_Vv8010_001.h5
2022-12-20,2022-12-20 13:28:55+00:00,4.533,-75.681,0.3598000705242157,0.3807472586631775,0.8038475513458252,0.8506640791893005,286.4764404296875,13.326440429687525,SMAP_L4_SM_gph_20221220T133000_Vv8010_001.h5
2022-12-21,2022-12-21 13:28:55+00:00,4.533,-75.681,0.3642430007457733,0.3805847465991974,0.8138726949691772,0.8503146767616272,286.6339111328125,13.483911132812525,SMAP_L4_SM_gph_20221221T133000_Vv8010_001.h5
2022-12-22,2022-12-22 13:28:55+00:00,4.533,-75.681,0.3580963909626007,0.377410888671875,0.7999469637870789,0.8432347178459167,287.1821594238281,14.032159423828148,SMAP_L4_SM_gph_20221222T133000_Vv8010_001.h5
2022-12-23,2022-12-23 13:28:55+00:00,4.533,-75.681,0.3528065383434295,0.3744924664497375,0.7882972359657288,0.8365553617477417,286.9752502441406,13.825250244140648,SMAP_L4_SM_gph_20221223T133000_Vv8010_001.h5
2022-12-24,2022-12-24 13:28:55+00:00,4.533,-75.681,0.3630400598049164,0.3762320280075073,0.8110933303833008,0.8407856225967407,287.2119140625,14.061914062500025,SMAP_L4_SM_gph_20221224T133000_Vv8010_001.h5
2022-12-25,2022-12-25 13:28:55+00:00,4.533,-75.681,0.3672325313091278,0.3836186528205871,0.8203393816947937,0.8570621609687805,287.29071044921875,14.140710449218773,SMAP_L4_SM_gph_20221225T133000_Vv8010_001.h5
2022-12-26,2022-12-26 13:28:55+00:00,4.533,-75.681,0.3659749925136566,0.3803940415382385,0.8175778388977051,0.8498492240905762,287.798095703125,14.648095703125025,SMAP_L4_SM_gph_20221226T133000_Vv8010_001.h5
2022-12-27,2022-12-27 13:28:55+00:00,4.533,-75.681,0.3613864481449127,0.3780891597270965,0.8074326515197754,0.8449289798736572,286.83837890625,13.688378906250025,SMAP_L4_SM_gph_20221227T133000_Vv8010_001.h5
2022-12-28,2022-12-28 13:28:55+00:00,4.533,-75.681,0.366658091545105,0.3810917735099792,0.8190079927444458,0.8513923287391663,287.7093811035156,14.559381103515648,SMAP_L4_SM_gph_20221228T133000_Vv8010_001.h5
2022-12-29,2022-12-29 13:28:55+00:00,4.533,-75.681,0.3638859987258911,0.3801388144493103,0.8129243850708008,0.8492567539215088,287.0685729980469,13.918572998046898,SMAP_L4_SM_gph_20221229T133000_Vv8010_001.h5
2022-12-30,2022-12-30 13:28:55+00:00,4.533,-75.681,0.3589813113212585,0.3771568238735199,0.8020274639129639,0.8424535393714905,286.8313293457031,13.681329345703148,SMAP_L4_SM_gph_20221230T133000_Vv8010_001.h5
2022-12-31,2022-12-31 13:28:55+00:00,4.533,-75.681,0.3682531714439392,0.3772889673709869,0.8227735757827759,0.842724084854126,287.1802062988281,14.030206298828148,SMAP_L4_SM_gph_20221231T133000_Vv8010_001.h5
2023-01-01,2023-01-01 13:28:55+00:00,4.533,-75.681,0.3672068417072296,0.3800230026245117,0.8202570676803589,0.8489540815353394,287.3782958984375,14.228295898437525,SMAP_L4_SM_gph_20230101T133000_Vv8010_001.h5
2023-01-02,2023-01-02 13:28:55+00:00,4.533,-75.681,0.3630048334598541,0.3783349990844726,0.810924232006073,0.8453468084335327,287.1151428222656,13.965142822265648,SMAP_L4_SM_gph_20230102T133000_Vv8010_001.h5
2023-01-03,2023-01-03 13:28:55+00:00,4.533,-75.681,0.3690825402736664,0.3809127807617187,0.8243790864944458,0.8509992957115173,287.0936279296875,13.943627929687525,SMAP_L4_SM_gph_20230103T133000_Vv8010_001.h5
2023-01-04,2023-01-04 13:28:55+00:00,4.533,-75.681,0.3647362291812897,0.3800896108150482,0.8148728609085083,0.8492975831031799,286.0529479980469,12.902947998046898,SMAP_L4_SM_gph_20230104T133000_Vv8010_001.h5
2023-01-05,2023-01-05 13:28:55+00:00,4.533,-75.681,0.3599644899368286,0.3780904412269592,0.8043447136878967,0.844538688659668,286.9279479980469,13.777947998046898,SMAP_L4_SM_gph_20230105T133000_Vv8010_001.h5
2023-01-06,2023-01-06 13:28:55+00:00,4.533,-75.681,0.3705201148986816,0.3847751915454864,0.8278623819351196,0.8595995903015137,287.3041687011719,14.154168701171898,SMAP_L4_SM_gph_20230106T133000_Vv8010_001.h5
2023-01-07,2023-01-07 13:28:55+00:00,4.533,-75.681,0.3749178946018219,0.3894186615943908,0.8375184535980225,0.8698167204856873,287.3145751953125,14.164575195312525,SMAP_L4_SM_gph_20230107T133000_Vv8010_001.h5
2023-01-08,2023-01-08 13:28:55+00:00,4.533,-75.681,0.3739224970340729,0.3924171030521393,0.8353011012077332,0.8767332434654236,286.0631103515625,12.913110351562525,SMAP_L4_SM_gph_20230108T133000_Vv8010_001.h5
2023-01-09,2023-01-09 13:28:55+00:00,4.533,-75.681,0.3748058080673218,0.3918873369693756,0.8373214602470398,0.8756486773490906,287.13238525390625,13.982385253906273,SMAP_L4_SM_gph_20230109T133000_Vv8010_001.h5
2023-01-10,2023-01-10 13:28:55+00:00,4.533,-75.681,0.3893880248069763,0.3984726667404175,0.869834303855896,0.8903540372848511,287.2772827148437,14.127282714843773,SMAP_L4_SM_gph_20230110T133000_Vv8010_001.h5
2023-01-11,2023-01-11 13:28:55+00:00,4.533,-75.681,0.3750368356704712,0.3957729041576385,0.8378539681434631,0.8842873573303223,286.693603515625,13.543603515625025,SMAP_L4_SM_gph_20230111T133000_Vv8010_001.h5
2023-01-12,2023-01-12 13:28:55+00:00,4.533,-75.681,0.3766204714775085,0.3948568701744079,0.8415125608444214,0.8823226690292358,286.64605712890625,13.496057128906273,SMAP_L4_SM_gph_20230112T133000_Vv8010_001.h5
2023-01-13,2023-01-13 13:28:55+00:00,4.533,-75.681,0.3775695562362671,0.398208737373352,0.8433049321174622,0.8894742727279663,287.05078125,13.900781250000025,SMAP_L4_SM_gph_20230113T133000_Vv8010_001.h5
2023-01-14,2023-01-14 13:28:55+00:00,4.533,-75.681,0.3810005187988281,0.3976852893829345,0.851317822933197,0.8885018825531006,287.4443054199219,14.294305419921898,SMAP_L4_SM_gph_20230114T133000_Vv8010_001.h5
2023-01-15,2023-01-15 13:28:55+00:00,4.533,-75.681,0.3812640607357025,0.4012439846992492,0.8520311117172241,0.8963630199432373,287.561767578125,14.411767578125025,SMAP_L4_SM_gph_20230115T133000_Vv8010_001.h5
2023-01-16,2023-01-16 13:28:55+00:00,4.533,-75.681,0.3865368068218231,0.4037114679813385,0.8634213209152222,0.901875913143158,287.4020690917969,14.252069091796898,SMAP_L4_SM_gph_20230116T133000_Vv8010_001.h5
2023-01-17,2023-01-17 13:28:55+00:00,4.533,-75.681,0.3845382928848266,0.4076379239559173,0.8590144515037537,0.9107177257537842,286.47735595703125,13.327355957031273,SMAP_L4_SM_gph_20230117T133000_Vv8010_001.h5
2023-01-18,2023-01-18 13:28:55+00:00,4.533,-75.681,0.3834211826324463,0.4064744114875793,0.856535017490387,0.9081815481185912,287.10711669921875,13.957116699218773,SMAP_L4_SM_gph_20230118T133000_Vv8010_001.h5
2023-01-19,2023-01-19 13:28:55+00:00,4.533,-75.681,0.3844341337680816,0.4046009182929992,0.8589207530021667,0.9037506580352784,287.2689819335937,14.118981933593773,SMAP_L4_SM_gph_20230119T133000_Vv8010_001.h5
2023-01-20,2023-01-20 13:28:55+00:00,4.533,-75.681,0.3866020739078522,0.4060137271881103,0.8637131452560425,0.9069584012031556,287.12744140625,13.977441406250025,SMAP_L4_SM_gph_20230120T133000_Vv8010_001.h5
2023-01-21,2023-01-21 13:28:55+00:00,4.533,-75.681,0.3876619338989258,0.4090271294116974,0.8661354780197144,0.9136943221092224,286.8233337402344,13.673333740234398,SMAP_L4_SM_gph_20230121T133000_Vv8010_001.h5
2023-01-22,2023-01-22 13:28:55+00:00,4.533,-75.681,0.3878880739212036,0.4097782075405121,0.8665279746055603,0.9156222939491272,286.9165954589844,13.766595458984398,SMAP_L4_SM_gph_20230122T133000_Vv8010_001.h5
2023-01-23,2023-01-23 13:28:55+00:00,4.533,-75.681,0.3799926340579986,0.4056366384029388,0.8488607406616211,0.9062721133232116,286.49822998046875,13.348229980468773,SMAP_L4_SM_gph_20230123T133000_Vv8010_001.h5
2023-01-24,2023-01-24 13:28:55+00:00,4.533,-75.681,0.3815756738185882,0.4026199579238891,0.8524639010429382,0.8994531631469727,286.5345764160156,13.384576416015648,SMAP_L4_SM_gph_20230124T133000_Vv8010_001.h5
2023-01-25,2023-01-25 13:28:55+00:00,4.533,-75.681,0.3796784281730652,0.4011900126934051,0.8481841683387756,0.8962962031364441,286.5249328613281,13.374932861328148,SMAP_L4_SM_gph_20230125T133000_Vv8010_001.h5
2023-01-26,2023-01-26 13:28:55+00:00,4.533,-75.681,0.3731268048286438,0.3968801498413086,0.8335423469543457,0.8866772651672363,286.4320068359375,13.282006835937525,SMAP_L4_SM_gph_20230126T133000_Vv8010_001.h5
2023-01-27,2023-01-27 13:28:55+00:00,4.533,-75.681,0.367561012506485,0.392621248960495,0.8212390542030334,0.8771912455558777,286.5726928710937,13.422692871093773,SMAP_L4_SM_gph_20230127T133000_Vv8010_001.h5
2023-01-28,2023-01-28 13:28:55+00:00,4.533,-75.681,0.3623746335506439,0.3884355425834656,0.8097005486488342,0.8678218126296997,286.3930969238281,13.243096923828148,SMAP_L4_SM_gph_20230128T133000_Vv8010_001.h5
2023-01-29,2023-01-29 13:28:55+00:00,4.533,-75.681,0.3595165312290191,0.384361058473587,0.8031277060508728,0.8584981560707092,286.341796875,13.191796875000025,SMAP_L4_SM_gph_20230129T133000_Vv8010_001.h5
2023-01-30,2023-01-30 13:28:55+00:00,4.533,-75.681,0.3590043485164642,0.3808948993682861,0.8019758462905884,0.8510482907295227,286.5600891113281,13.410089111328148,SMAP_L4_SM_gph_20230130T133000_Vv8010_001.h5
2023-01-31,2023-01-31 13:28:55+00:00,4.533,-75.681,0.3586593568325043,0.3782898783683777,0.8011350631713867,0.8450807332992554,286.53619384765625,13.386193847656273,SMAP_L4_SM_gph_20230131T133000_Vv8010_001.h5
2023-02-01,2023-02-01 13:28:55+00:00,4.533,-75.681,0.3524615168571472,0.3752800822257995,0.7875693440437317,0.8384281396865845,286.0516052246094,12.901605224609398,SMAP_L4_SM_gph_20230201T133000_Vv8010_001.h5
2023-02-02,2023-02-02 13:28:55+00:00,4.533,-75.681,0.3547576367855072,0.3728389739990234,0.7923872470855713,0.8328136801719666,286.1905212402344,13.040521240234398,SMAP_L4_SM_gph_20230202T133000_Vv8010_001.h5
2023-02-03,2023-02-03 13:28:55+00:00,4.533,-75.681,0.3469279408454895,0.3696007132530212,0.7749800086021423,0.8258096575737,286.183349609375,13.033349609375025,SMAP_L4_SM_gph_20230203T133000_Vv8010_001.h5
2023-02-04,2023-02-04 13:28:55+00:00,4.533,-75.681,0.3433206677436828,0.3667561709880829,0.7670953869819641,0.8193658590316772,285.829345703125,12.679345703125025,SMAP_L4_SM_gph_20230204T133000_Vv8010_001.h5
2023-02-05,2023-02-05 13:28:55+00:00,4.533,-75.681,0.3463193774223327,0.3645535707473755,0.7738559246063232,0.814469039440155,286.1751708984375,13.025170898437525,SMAP_L4_SM_gph_20230205T133000_Vv8010_001.h5
2023-02-06,2023-02-06 13:28:55+00:00,4.533,-75.681,0.3428574502468109,0.3620814085006714,0.7658832669258118,0.8090918660163879,286.5785827636719,13.428582763671898,SMAP_L4_SM_gph_20230206T133000_Vv8010_001.h5
2023-02-07,2023-02-07 13:28:55+00:00,4.533,-75.681,0.3402624428272247,0.3596026301383972,0.76012122631073,0.8033791780471802,286.47222900390625,13.322229003906273,SMAP_L4_SM_gph_20230207T133000_Vv8010_001.h5
2023-02-08,2023-02-08 13:28:55+00:00,4.533,-75.681,0.3459132015705108,0.3582392334938049,0.772873044013977,0.8001517653465271,286.65948486328125,13.509484863281273,SMAP_L4_SM_gph_20230208T133000_Vv8010_001.h5
2023-02-09,2023-02-09 13:28:55+00:00,4.533,-75.681,0.3387686014175415,0.3559789955615997,0.7570474147796631,0.7954972386360168,286.87896728515625,13.728967285156273,SMAP_L4_SM_gph_20230209T133000_Vv8010_001.h5
2023-02-10,2023-02-10 13:28:55+00:00,4.533,-75.681,0.3434853851795196,0.3550641536712646,0.7673487067222595,0.793386697769165,286.75,13.600000000000025,SMAP_L4_SM_gph_20230210T133000_Vv8010_001.h5
2023-02-11,2023-02-11 13:28:55+00:00,4.533,-75.681,0.3453388810157776,0.3550834655761719,0.7715414762496948,0.7934369444847107,287.033935546875,13.883935546875025,SMAP_L4_SM_gph_20230211T133000_Vv8010_001.h5
2023-02-12,2023-02-12 13:28:55+00:00,4.533,-75.681,0.3471809029579162,0.3572417795658111,0.7757220268249512,0.7982182502746582,287.2499694824219,14.099969482421898,SMAP_L4_SM_gph_20230212T133000_Vv8010_001.h5
2023-02-13,2023-02-13 13:28:55+00:00,4.533,-75.681,0.3415161371231079,0.3552373051643371,0.7628787159919739,0.7934456467628479,287.3302307128906,14.180230712890648,SMAP_L4_SM_gph_20230213T133000_Vv8010_001.h5
2023-02-14,2023-02-14 13:28:55+00:00,4.533,-75.681,0.3347252309322357,0.3525066375732422,0.7477719783782959,0.7875427603721619,287.4613952636719,14.311395263671898,SMAP_L4_SM_gph_20230214T133000_Vv8010_001.h5
2023-02-15,2023-02-15 13:28:55+00:00,4.533,-75.681,0.331524133682251,0.3502513468265533,0.7408121228218079,0.7825086116790771,287.954345703125,14.804345703125025,SMAP_L4_SM_gph_20230215T133000_Vv8010_001.h5
2023-02-16,2023-02-16 13:28:55+00:00,4.533,-75.681,0.3553763031959533,0.3571116626262665,0.7941450476646423,0.7977088093757629,288.36505126953125,15.215051269531273,SMAP_L4_SM_gph_20230216T133000_Vv8010_001.h5
2023-02-17,2023-02-17 13:28:55+00:00,4.533,-75.681,0.3490810990333557,0.3597908914089203,0.7800046801567078,0.8037959337234497,287.7539367675781,14.603936767578148,SMAP_L4_SM_gph_20230217T133000_Vv8010_001.h5
2023-02-18,2023-02-18 13:28:55+00:00,4.533,-75.681,0.357901394367218,0.3652560412883758,0.7994347810745239,0.8161000609397888,287.8490295410156,14.699029541015648,SMAP_L4_SM_gph_20230218T133000_Vv8010_001.h5
2023-02-19,2023-02-19 13:28:55+00:00,4.533,-75.681,0.3572210371494293,0.3657695651054382,0.7979531288146973,0.8172164559364319,287.01031494140625,13.860314941406273,SMAP_L4_SM_gph_20230219T133000_Vv8010_001.h5
2023-02-20,2023-02-20 13:28:55+00:00,4.533,-75.681,0.3613151311874389,0.3690998256206512,0.8073742389678955,0.8248003125190735,287.4476318359375,14.297631835937525,SMAP_L4_SM_gph_20230220T133000_Vv8010_001.h5
2023-02-21,2023-02-21 13:28:55+00:00,4.533,-75.681,0.3684940636157989,0.3706081807613373,0.8231049180030823,0.8280135989189148,287.2760925292969,14.126092529296898,SMAP_L4_SM_gph_20230221T133000_Vv8010_001.h5
2023-02-22,2023-02-22 13:28:55+00:00,4.533,-75.681,0.3638346195220947,0.3701831102371216,0.8129820227622986,0.8269574642181396,286.8497619628906,13.699761962890648,SMAP_L4_SM_gph_20230222T133000_Vv8010_001.h5
2023-02-23,2023-02-23 13:28:55+00:00,4.533,-75.681,0.3529623746871948,0.3676777184009552,0.7887668609619141,0.8214197754859924,286.0043334960937,12.854333496093773,SMAP_L4_SM_gph_20230223T133000_Vv8010_001.h5
2023-02-24,2023-02-24 13:28:55+00:00,4.533,-75.681,0.3453969955444336,0.3644342124462127,0.7717931270599365,0.8142319917678833,286.3890075683594,13.239007568359398,SMAP_L4_SM_gph_20230224T133000_Vv8010_001.h5
2023-02-25,2023-02-25 13:28:55+00:00,4.533,-75.681,0.3459098041057586,0.3628547489643097,0.7730004191398621,0.8105894327163696,286.4440612792969,13.294061279296898,SMAP_L4_SM_gph_20230225T133000_Vv8010_001.h5
2023-02-26,2023-02-26 13:28:55+00:00,4.533,-75.681,0.3406475782394409,0.3602752685546875,0.7610233426094055,0.8049324154853821,286.0897827148437,12.939782714843773,SMAP_L4_SM_gph_20230226T133000_Vv8010_001.h5
2023-02-27,2023-02-27 13:28:55+00:00,4.533,-75.681,0.3353501856327057,0.3574874401092529,0.7494019865989685,0.7986363172531128,286.5414428710937,13.391442871093773,SMAP_L4_SM_gph_20230227T133000_Vv8010_001.h5
2023-02-28,2023-02-28 13:28:55+00:00,4.533,-75.681,0.3397543132305145,0.3555556535720825,0.7591599225997925,0.7942975163459778,287.4712829589844,14.321282958984398,SMAP_L4_SM_gph_20230228T133000_Vv8010_001.h5
2023-03-01,2023-03-01 13:28:55+00:00,4.533,-75.681,0.3479061722755432,0.3562507331371307,0.7771608233451843,0.7959831953048706,287.7119140625,14.561914062500025,SMAP_L4_SM_gph_20230301T133000_Vv8010_001.h5
2023-03-02,2023-03-02 13:28:55+00:00,4.533,-75.681,0.3494487702846527,0.3571368157863617,0.7806807160377502,0.798018753528595,288.042724609375,14.892724609375025,SMAP_L4_SM_gph_20230302T133000_Vv8010_001.h5
2023-03-03,2023-03-03 13:28:55+00:00,4.533,-75.681,0.3437936007976532,0.3552215993404388,0.7681865096092224,0.7934046983718872,288.1566467285156,15.006646728515648,SMAP_L4_SM_gph_20230303T133000_Vv8010_001.h5
2023-03-04,2023-03-04 13:28:55+00:00,4.533,-75.681,0.3482695817947387,0.3543826043605804,0.7782655954360962,0.7916620969772339,288.0191345214844,14.869134521484398,SMAP_L4_SM_gph_20230304T133000_Vv8010_001.h5
2023-03-05,2023-03-05 13:28:55+00:00,4.533,-75.681,0.3505104482173919,0.3589029312133789,0.7831006050109863,0.8019257187843323,288.2018737792969,15.051873779296898,SMAP_L4_SM_gph_20230305T133000_Vv8010_001.h5
2023-03-06,2023-03-06 13:28:55+00:00,4.533,-75.681,0.3544516861438751,0.3593586981296539,0.7917014956474304,0.8028914928436279,288.6183166503906,15.468316650390648,SMAP_L4_SM_gph_20230306T133000_Vv8010_001.h5
2023-03-07,2023-03-07 13:28:55+00:00,4.533,-75.681,0.3573323786258697,0.3632281124591827,0.7983351945877075,0.8114145398139954,288.3872375488281,15.237237548828148,SMAP_L4_SM_gph_20230307T133000_Vv8010_001.h5
2023-03-08,2023-03-08 13:28:55+00:00,4.533,-75.681,0.354369580745697,0.3623719811439514,0.7915400266647339,0.809627115726471,287.7060852050781,14.556085205078148,SMAP_L4_SM_gph_20230308T133000_Vv8010_001.h5
2023-03-09,2023-03-09 13:28:55+00:00,4.533,-75.681,0.3723258078098297,0.3748526573181152,0.8318542838096619,0.837291955947876,287.4662170410156,14.316217041015648,SMAP_L4_SM_gph_20230309T133000_Vv8010_001.h5
2023-03-10,2023-03-10 13:28:55+00:00,4.533,-75.681,0.3630199432373047,0.3734223842620849,0.811221182346344,0.8343784213066101,286.4475402832031,13.297540283203148,SMAP_L4_SM_gph_20230310T133000_Vv8010_001.h5
2023-03-11,2023-03-11 13:28:55+00:00,4.533,-75.681,0.3765129446983337,0.3855339884757995,0.8413969874382019,0.8614738583564758,287.1513366699219,14.001336669921898,SMAP_L4_SM_gph_20230311T133000_Vv8010_001.h5
2023-03-12,2023-03-12 13:28:55+00:00,4.533,-75.681,0.366929143667221,0.3799096345901489,0.8198821544647217,0.8487547039985657,287.4638061523437,14.313806152343773,SMAP_L4_SM_gph_20230312T133000_Vv8010_001.h5
2023-03-13,2023-03-13 13:28:55+00:00,4.533,-75.681,0.3736404180526733,0.3812528550624847,0.8349032998085022,0.851685643196106,287.3827514648437,14.232751464843773,SMAP_L4_SM_gph_20230313T133000_Vv8010_001.h5
2023-03-14,2023-03-14 13:28:55+00:00,4.533,-75.681,0.3707698583602905,0.3823730945587158,0.8284879326820374,0.8541832566261292,286.8069152832031,13.656915283203148,SMAP_L4_SM_gph_20230314T133000_Vv8010_001.h5
2023-03-15,2023-03-15 13:28:55+00:00,4.533,-75.681,0.3803652822971344,0.3897840082645416,0.8497892618179321,0.8708401918411255,287.3668212890625,14.216821289062525,SMAP_L4_SM_gph_20230315T133000_Vv8010_001.h5
2023-03-16,2023-03-16 13:28:55+00:00,4.533,-75.681,0.3717570304870605,0.3894096910953522,0.8304342031478882,0.8700867295265198,287.33966064453125,14.189660644531273,SMAP_L4_SM_gph_20230316T133000_Vv8010_001.h5
2023-03-17,2023-03-17 13:28:55+00:00,4.533,-75.681,0.365431547164917,0.3857945799827575,0.8164107799530029,0.8618344664573669,286.7655029296875,13.615502929687525,SMAP_L4_SM_gph_20230317T133000_Vv8010_001.h5
2023-03-18,2023-03-18 13:28:55+00:00,4.533,-75.681,0.3756813406944275,0.3881875276565552,0.839486837387085,0.8672276735305786,287.4765014648437,14.326501464843773,SMAP_L4_SM_gph_20230318T133000_Vv8010_001.h5
2023-03-19,2023-03-19 13:28:55+00:00,4.533,-75.681,0.3720180988311767,0.3873295187950134,0.8312578201293945,0.8654351830482483,287.2038269042969,14.053826904296898,SMAP_L4_SM_gph_20230319T133000_Vv8010_001.h5
2023-03-20,2023-03-20 13:28:55+00:00,4.533,-75.681,0.3706980943679809,0.3869151771068573,0.8280903697013855,0.8643331527709961,287.9076232910156,14.757623291015648,SMAP_L4_SM_gph_20230320T133000_Vv8010_001.h5
2023-03-21,2023-03-21 13:28:55+00:00,4.533,-75.681,0.3621695339679718,0.3832685053348541,0.8089522123336792,0.8563167452812195,286.8741149902344,13.724114990234398,SMAP_L4_SM_gph_20230321T133000_Vv8010_001.h5
2023-03-22,2023-03-22 13:28:55+00:00,4.533,-75.681,0.3692426085472107,0.3837440013885498,0.8247770667076111,0.8573341369628906,287.811279296875,14.661279296875025,SMAP_L4_SM_gph_20230322T133000_Vv8010_001.h5
2023-03-23,2023-03-23 13:28:55+00:00,4.533,-75.681,0.365534633398056,0.3824074566364288,0.8167657852172852,0.8541766405105591,287.36236572265625,14.212365722656273,SMAP_L4_SM_gph_20230323T133000_Vv8010_001.h5
2023-03-24,2023-03-24 13:28:55+00:00,4.533,-75.681,0.3717852234840393,0.3829917013645172,0.8306140303611755,0.8557227849960327,287.64361572265625,14.493615722656273,SMAP_L4_SM_gph_20230324T133000_Vv8010_001.h5
2023-03-25,2023-03-25 13:28:55+00:00,4.533,-75.681,0.3685840368270874,0.3858184516429901,0.8234862685203552,0.8618966937065125,287.8661499023437,14.716149902343773,SMAP_L4_SM_gph_20230325T133000_Vv8010_001.h5
2023-03-26,2023-03-26 13:28:55+00:00,4.533,-75.681,0.3633603453636169,0.3834294974803924,0.8118129372596741,0.8566621541976929,287.6620483398437,14.512048339843773,SMAP_L4_SM_gph_20230326T133000_Vv8010_001.h5
2023-03-27,2023-03-27 13:28:55+00:00,4.533,-75.681,0.3609902262687683,0.3800138831138611,0.8064602613449097,0.8490261435508728,287.2194519042969,14.069451904296898,SMAP_L4_SM_gph_20230327T133000_Vv8010_001.h5
2023-03-28,2023-03-28 13:28:55+00:00,4.533,-75.681,0.3672115802764892,0.3825295567512512,0.8205429315567017,0.854761004447937,287.5475158691406,14.397515869140648,SMAP_L4_SM_gph_20230328T133000_Vv8010_001.h5
2023-03-29,2023-03-29 13:28:55+00:00,4.533,-75.681,0.3766470551490783,0.3895092606544494,0.8414067625999451,0.8701983690261841,288.2063903808594,15.056390380859398,SMAP_L4_SM_gph_20230329T133000_Vv8010_001.h5
2023-03-30,2023-03-30 13:28:55+00:00,4.533,-75.681,0.3703725636005401,0.3897830545902252,0.8273253440856934,0.8707639575004578,287.8967590332031,14.746759033203148,SMAP_L4_SM_gph_20230330T133000_Vv8010_001.h5
2023-03-31,2023-03-31 13:28:55+00:00,4.533,-75.681,0.362657219171524,0.3850903511047363,0.8101171851158142,0.8604429364204407,287.4375,14.287500000000025,SMAP_L4_SM_gph_20230331T133000_Vv8010_001.h5
2023-04-01,2023-04-01 13:28:55+00:00,4.533,-75.681,0.3648581504821777,0.3836735188961029,0.815000057220459,0.8570027947425842,287.5008850097656,14.350885009765648,SMAP_L4_SM_gph_20230401T133000_Vv8010_001.h5
2023-04-02,2023-04-02 13:28:55+00:00,4.533,-75.681,0.363559752702713,0.3814350366592407,0.812308132648468,0.8522569537162781,287.94879150390625,14.798791503906273,SMAP_L4_SM_gph_20230402T133000_Vv8010_001.h5
2023-04-03,2023-04-03 13:28:55+00:00,4.533,-75.681,0.3719832003116607,0.384940356016159,0.8310160636901855,0.8600524663925171,287.67303466796875,14.523034667968773,SMAP_L4_SM_gph_20230403T133000_Vv8010_001.h5
2023-04-04,2023-04-04 13:28:55+00:00,4.533,-75.681,0.369774580001831,0.3854345679283142,0.826008141040802,0.8610445261001587,287.6089172363281,14.458917236328148,SMAP_L4_SM_gph_20230404T133000_Vv8010_001.h5
2023-04-05,2023-04-05 13:28:55+00:00,4.533,-75.681,0.3707810640335083,0.3857690393924713,0.8285549879074097,0.8618654012680054,287.88885498046875,14.738854980468773,SMAP_L4_SM_gph_20230405T133000_Vv8010_001.h5
2023-04-06,2023-04-06 13:28:55+00:00,4.533,-75.681,0.3844461739063263,0.3961111903190613,0.8589704632759094,0.8850439190864563,287.7366943359375,14.586694335937525,SMAP_L4_SM_gph_20230406T133000_Vv8010_001.h5
2023-04-07,2023-04-07 13:28:55+00:00,4.533,-75.681,0.3713131546974182,0.3921967148780823,0.8295965790748596,0.8760628700256348,287.64117431640625,14.491174316406273,SMAP_L4_SM_gph_20230407T133000_Vv8010_001.h5
2023-04-08,2023-04-08 13:28:55+00:00,4.533,-75.681,0.3652557730674743,0.3880361020565033,0.8159922361373901,0.8668325543403625,287.612548828125,14.462548828125025,SMAP_L4_SM_gph_20230408T133000_Vv8010_001.h5
2023-04-09,2023-04-09 13:28:55+00:00,4.533,-75.681,0.3671526610851288,0.385828286409378,0.8202717900276184,0.8619964718818665,287.4878845214844,14.337884521484398,SMAP_L4_SM_gph_20230409T133000_Vv8010_001.h5
2023-04-10,2023-04-10 13:28:55+00:00,4.533,-75.681,0.3685241639614105,0.3852380812168121,0.8231557607650757,0.8607540726661682,287.7184143066406,14.568414306640648,SMAP_L4_SM_gph_20230410T133000_Vv8010_001.h5
2023-04-11,2023-04-11 13:28:55+00:00,4.533,-75.681,0.3605580329895019,0.3813118636608124,0.8054494857788086,0.8520618081092834,287.7437438964844,14.593743896484398,SMAP_L4_SM_gph_20230411T133000_Vv8010_001.h5
2023-04-12,2023-04-12 13:28:55+00:00,4.533,-75.681,0.356352150440216,0.3783949315547943,0.7960577011108398,0.8455033302307129,288.0931396484375,14.943139648437525,SMAP_L4_SM_gph_20230412T133000_Vv8010_001.h5
2023-04-13,2023-04-13 13:28:55+00:00,4.533,-75.681,0.3602178394794464,0.3770219087600708,0.8047081232070923,0.8421759605407715,288.0819396972656,14.931939697265648,SMAP_L4_SM_gph_20230413T133000_Vv8010_001.h5
2023-04-14,2023-04-14 13:28:55+00:00,4.533,-75.681,0.364600270986557,0.3763566613197326,0.8144610524177551,0.8406423926353455,288.3295288085937,15.179528808593773,SMAP_L4_SM_gph_20230414T133000_Vv8010_001.h5
2023-04-15,2023-04-15 13:28:55+00:00,4.533,-75.681,0.3633373379707336,0.3765065670013428,0.8119375109672546,0.8412030935287476,288.4371643066406,15.287164306640648,SMAP_L4_SM_gph_20230415T133000_Vv8010_001.h5
2023-04-16,2023-04-16 13:28:55+00:00,4.533,-75.681,0.369710624217987,0.3784313499927521,0.8258993029594421,0.8455237150192261,288.3693542480469,15.219354248046898,SMAP_L4_SM_gph_20230416T133000_Vv8010_001.h5
2023-04-17,2023-04-17 13:28:55+00:00,4.533,-75.681,0.3769721984863281,0.3911762833595276,0.842094898223877,0.8738992214202881,287.6029052734375,14.452905273437525,SMAP_L4_SM_gph_20230417T133000_Vv8010_001.h5
2023-04-18,2023-04-18 13:28:55+00:00,4.533,-75.681,0.3675300478935241,0.3867884874343872,0.8212968111038208,0.8641510605812073,287.5087585449219,14.358758544921898,SMAP_L4_SM_gph_20230418T133000_Vv8010_001.h5
2023-04-19,2023-04-19 13:28:55+00:00,4.533,-75.681,0.363697737455368,0.3832363486289978,0.8125690221786499,0.8563069105148315,287.7237548828125,14.573754882812525,SMAP_L4_SM_gph_20230419T133000_Vv8010_001.h5
2023-04-20,2023-04-20 13:28:55+00:00,4.533,-75.681,0.3732565641403198,0.3825494647026062,0.8339804410934448,0.8546425104141235,288.783447265625,15.633447265625025,SMAP_L4_SM_gph_20230420T133000_Vv8010_001.h5
2023-04-21,2023-04-21 13:28:55+00:00,4.533,-75.681,0.372099369764328,0.3829797506332397,0.8313449025154114,0.8557863235473633,287.6965637207031,14.546563720703148,SMAP_L4_SM_gph_20230421T133000_Vv8010_001.h5
2023-04-22,2023-04-22 13:28:55+00:00,4.533,-75.681,0.369554191827774,0.3855447471141815,0.8256725668907166,0.8614053726196289,287.9444885253906,14.794488525390648,SMAP_L4_SM_gph_20230422T133000_Vv8010_001.h5
2023-04-23,2023-04-23 13:28:55+00:00,4.533,-75.681,0.3575631976127624,0.3819367289543152,0.798937201499939,0.8534157276153564,287.06890869140625,13.918908691406273,SMAP_L4_SM_gph_20230423T133000_Vv8010_001.h5
2023-04-24,2023-04-24 13:28:55+00:00,4.533,-75.681,0.3581716120243072,0.3790618181228637,0.8000059723854065,0.8468926548957825,287.3760070800781,14.226007080078148,SMAP_L4_SM_gph_20230424T133000_Vv8010_001.h5
2023-04-25,2023-04-25 13:28:55+00:00,4.533,-75.681,0.3581032752990722,0.3763510286808014,0.800234854221344,0.8409675359725952,287.78271484375,14.632714843750025,SMAP_L4_SM_gph_20230425T133000_Vv8010_001.h5
2023-04-26,2023-04-26 13:28:55+00:00,4.533,-75.681,0.3588969707489013,0.3750284910202026,0.8018382787704468,0.8378464579582214,287.6778564453125,14.527856445312525,SMAP_L4_SM_gph_20230426T133000_Vv8010_001.h5
2023-04-27,2023-04-27 13:28:55+00:00,4.533,-75.681,0.3563330173492431,0.3738745152950287,0.7962044477462769,0.8350904583930969,287.3822631835937,14.232263183593773,SMAP_L4_SM_gph_20230427T133000_Vv8010_001.h5
2023-04-28,2023-04-28 13:28:55+00:00,4.533,-75.681,0.3630989491939544,0.3736449480056762,0.8110803365707397,0.8348105549812317,287.612060546875,14.462060546875025,SMAP_L4_SM_gph_20230428T133000_Vv8010_001.h5
2023-04-29,2023-04-29 13:28:55+00:00,4.533,-75.681,0.3723399639129638,0.3825080096721649,0.8316985368728638,0.8544608354568481,288.3053894042969,15.155389404296898,SMAP_L4_SM_gph_20230429T133000_Vv8010_001.h5
2023-04-30,2023-04-30 13:28:55+00:00,4.533,-75.681,0.3661701083183288,0.3822163045406341,0.8180684447288513,0.8540930151939392,287.9557800292969,14.805780029296898,SMAP_L4_SM_gph_20230430T133000_Vv8010_001.h5
2023-05-01,2023-05-01 13:28:55+00:00,4.533,-75.681,0.3648460805416107,0.3805101811885834,0.8149327635765076,0.8501940965652466,287.7269287109375,14.576928710937525,SMAP_L4_SM_gph_20230501T133000_Vv8010_001.h5
2023-05-02,2023-05-02 13:28:55+00:00,4.533,-75.681,0.3606719076633453,0.378544807434082,0.8056299090385437,0.8458412885665894,287.9580383300781,14.808038330078148,SMAP_L4_SM_gph_20230502T133000_Vv8010_001.h5
2023-05-03,2023-05-03 13:28:55+00:00,4.533,-75.681,0.3531520962715149,0.3748596906661987,0.7890034914016724,0.8375543355941772,288.1192932128906,14.969293212890648,SMAP_L4_SM_gph_20230503T133000_Vv8010_001.h5
2023-05-04,2023-05-04 13:28:55+00:00,4.533,-75.681,0.3487321734428406,0.3709183633327484,0.779061496257782,0.8286738991737366,288.1138916015625,14.963891601562525,SMAP_L4_SM_gph_20230504T133000_Vv8010_001.h5
2023-05-05,2023-05-05 13:28:55+00:00,4.533,-75.681,0.3442911207675934,0.3675433397293091,0.7691333293914795,0.8211436867713928,288.4226379394531,15.272637939453148,SMAP_L4_SM_gph_20230505T133000_Vv8010_001.h5
2023-05-06,2023-05-06 13:28:55+00:00,4.533,-75.681,0.3433999717235565,0.3650819361209869,0.767366349697113,0.8157205581665039,288.3661804199219,15.216180419921898,SMAP_L4_SM_gph_20230506T133000_Vv8010_001.h5
2023-05-07,2023-05-07 13:28:55+00:00,4.533,-75.681,0.3453996479511261,0.3633476495742798,0.771793007850647,0.8117483854293823,288.1903381347656,15.040338134765648,SMAP_L4_SM_gph_20230507T133000_Vv8010_001.h5
2023-05-08,2023-05-08 13:28:55+00:00,4.533,-75.681,0.3373933732509613,0.3602378368377685,0.7536856532096863,0.8047614097595215,288.3729248046875,15.222924804687525,SMAP_L4_SM_gph_20230508T133000_Vv8010_001.h5
2023-05-09,2023-05-09 13:28:55+00:00,4.533,-75.681,0.3397644758224487,0.3582002222537994,0.7590944766998291,0.8002941608428955,288.65167236328125,15.501672363281273,SMAP_L4_SM_gph_20230509T133000_Vv8010_001.h5
2023-05-10,2023-05-10 13:28:55+00:00,4.533,-75.681,0.3445525765419006,0.3580498397350311,0.7696398496627808,0.7999762296676636,288.5144958496094,15.364495849609398,SMAP_L4_SM_gph_20230510T133000_Vv8010_001.h5
2023-05-11,2023-05-11 13:28:55+00:00,4.533,-75.681,0.3503484725952148,0.3605021238327026,0.7827920913696289,0.8053756952285767,288.7490234375,15.599023437500025,SMAP_L4_SM_gph_20230511T133000_Vv8010_001.h5
2023-05-12,2023-05-12 13:28:55+00:00,4.533,-75.681,0.3535841405391693,0.3621594309806824,0.7899017333984375,0.8089771270751953,288.6116943359375,15.461694335937525,SMAP_L4_SM_gph_20230512T133000_Vv8010_001.h5
2023-05-13,2023-05-13 13:28:55+00:00,4.533,-75.681,0.3487840294837951,0.3602606654167175,0.77909916639328,0.8048208355903625,288.25390625,15.103906250000025,SMAP_L4_SM_gph_20230513T133000_Vv8010_001.h5
2023-05-14,2023-05-14 13:28:55+00:00,4.533,-75.681,0.3483535945415497,0.3599739372730255,0.7780934572219849,0.8042218089103699,288.67791748046875,15.527917480468773,SMAP_L4_SM_gph_20230514T133000_Vv8010_001.h5
2023-05-15,2023-05-15 13:28:55+00:00,4.533,-75.681,0.3502309620380401,0.3586147725582123,0.7823119163513184,0.8010786771774292,288.43719482421875,15.287194824218773,SMAP_L4_SM_gph_20230515T133000_Vv8010_001.h5
2023-05-16,2023-05-16 13:28:55+00:00,4.533,-75.681,0.3556033074855804,0.3666767477989197,0.7943890690803528,0.8193296790122986,288.7637634277344,15.613763427734398,SMAP_L4_SM_gph_20230516T133000_Vv8010_001.h5
2023-05-17,2023-05-17 13:28:55+00:00,4.533,-75.681,0.3509327471256256,0.3638448715209961,0.7839879393577576,0.8129923343658447,288.5412292480469,15.391229248046898,SMAP_L4_SM_gph_20230517T133000_Vv8010_001.h5
2023-05-18,2023-05-18 13:28:55+00:00,4.533,-75.681,0.3473451435565948,0.3610920310020447,0.7757856249809265,0.8067872524261475,288.8881530761719,15.738153076171898,SMAP_L4_SM_gph_20230518T133000_Vv8010_001.h5
2023-05-19,2023-05-19 13:28:55+00:00,4.533,-75.681,0.3401368856430053,0.3580764234066009,0.7600228190422058,0.7999976277351379,288.87139892578125,15.721398925781273,SMAP_L4_SM_gph_20230519T133000_Vv8010_001.h5
2023-05-20,2023-05-20 13:28:55+00:00,4.533,-75.681,0.3517442643642425,0.3588023781776428,0.7859493494033813,0.8016639947891235,288.9154052734375,15.765405273437525,SMAP_L4_SM_gph_20230520T133000_Vv8010_001.h5
2023-05-21,2023-05-21 13:28:55+00:00,4.533,-75.681,0.3557100594043731,0.3619259595870971,0.7947845458984375,0.8086869120597839,288.8416748046875,15.691674804687525,SMAP_L4_SM_gph_20230521T133000_Vv8010_001.h5
2023-05-22,2023-05-22 13:28:55+00:00,4.533,-75.681,0.3538276255130768,0.3618395924568176,0.7903711199760437,0.8085604310035706,288.3955078125,15.245507812500025,SMAP_L4_SM_gph_20230522T133000_Vv8010_001.h5
2023-05-23,2023-05-23 13:28:55+00:00,4.533,-75.681,0.372031956911087,0.3732332587242126,0.8311051726341248,0.8336423635482788,288.58258056640625,15.432580566406273,SMAP_L4_SM_gph_20230523T133000_Vv8010_001.h5
2023-05-24,2023-05-24 13:28:55+00:00,4.533,-75.681,0.3646981418132782,0.3759855329990387,0.8149049878120422,0.839945375919342,288.91326904296875,15.763269042968773,SMAP_L4_SM_gph_20230524T133000_Vv8010_001.h5
2023-05-25,2023-05-25 13:28:55+00:00,4.533,-75.681,0.3627683818340301,0.3777236342430115,0.8102732300758362,0.8439748287200928,288.6607666015625,15.510766601562525,SMAP_L4_SM_gph_20230525T133000_Vv8010_001.h5
2023-05-26,2023-05-26 13:28:55+00:00,4.533,-75.681,0.3692883551120758,0.3827699422836303,0.825034499168396,0.8551433086395264,288.60955810546875,15.459558105468773,SMAP_L4_SM_gph_20230526T133000_Vv8010_001.h5
2023-05-27,2023-05-27 13:28:55+00:00,4.533,-75.681,0.3617277145385742,0.3792508542537689,0.8081749677658081,0.8473352193832397,288.4391784667969,15.289178466796898,SMAP_L4_SM_gph_20230527T133000_Vv8010_001.h5
2023-05-28,2023-05-28 13:28:55+00:00,4.533,-75.681,0.3641214966773987,0.3769095242023468,0.8134580850601196,0.8418828845024109,288.765380859375,15.615380859375025,SMAP_L4_SM_gph_20230528T133000_Vv8010_001.h5
2023-05-29,2023-05-29 13:28:55+00:00,4.533,-75.681,0.3597660064697265,0.3757466971874237,0.8037114143371582,0.8396157622337341,288.42547607421875,15.275476074218773,SMAP_L4_SM_gph_20230529T133000_Vv8010_001.h5
2023-05-30,2023-05-30 13:28:55+00:00,4.533,-75.681,0.3585845232009887,0.3733457624912262,0.8011273145675659,0.8340328931808472,288.46435546875,15.314355468750025,SMAP_L4_SM_gph_20230530T133000_Vv8010_001.h5
2023-05-31,2023-05-31 13:28:55+00:00,4.533,-75.681,0.3532623648643493,0.3709560930728912,0.7892206311225891,0.828869104385376,287.9671630859375,14.817163085937525,SMAP_L4_SM_gph_20230531T133000_Vv8010_001.h5
2023-06-01,2023-06-01 13:28:55+00:00,4.533,-75.681,0.3639616072177887,0.3714145421981811,0.8131185173988342,0.8296952247619629,288.0439147949219,14.893914794921898,SMAP_L4_SM_gph_20230601T133000_Vv8010_001.h5
2023-06-02,2023-06-02 13:28:55+00:00,4.533,-75.681,0.3673952519893646,0.3840015232563019,0.8208166360855103,0.8579533696174622,288.3927917480469,15.242791748046898,SMAP_L4_SM_gph_20230602T133000_Vv8010_001.h5
2023-06-03,2023-06-03 13:28:55+00:00,4.533,-75.681,0.3593037128448486,0.3786006569862366,0.8029385805130005,0.8457425236701965,287.7722473144531,14.622247314453148,SMAP_L4_SM_gph_20230603T133000_Vv8010_001.h5
2023-06-04,2023-06-04 13:28:55+00:00,4.533,-75.681,0.3574903607368469,0.3747211098670959,0.7988438010215759,0.8372187614440918,287.8891296386719,14.739129638671898,SMAP_L4_SM_gph_20230604T133000_Vv8010_001.h5
2023-06-05,2023-06-05 13:28:55+00:00,4.533,-75.681,0.3547941744327545,0.3726493120193481,0.792466402053833,0.8324903249740601,287.7113952636719,14.561395263671898,SMAP_L4_SM_gph_20230605T133000_Vv8010_001.h5
2023-06-06,2023-06-06 13:28:55+00:00,4.533,-75.681,0.3526511788368225,0.3704157173633575,0.7878677845001221,0.8274402618408203,287.98736572265625,14.837365722656273,SMAP_L4_SM_gph_20230606T133000_Vv8010_001.h5
2023-06-07,2023-06-07 13:28:55+00:00,4.533,-75.681,0.350483626127243,0.368807315826416,0.783035159111023,0.823966383934021,287.7704467773437,14.620446777343773,SMAP_L4_SM_gph_20230607T133000_Vv8010_001.h5
2023-06-08,2023-06-08 13:28:55+00:00,4.533,-75.681,0.3537772595882416,0.3674476444721222,0.7904515862464905,0.8208946585655212,287.95721435546875,14.807214355468773,SMAP_L4_SM_gph_20230608T133000_Vv8010_001.h5
2023-06-09,2023-06-09 13:28:55+00:00,4.533,-75.681,0.3520706295967102,0.3661900758743286,0.7866790890693665,0.8180402517318726,287.8988647460937,14.748864746093773,SMAP_L4_SM_gph_20230609T133000_Vv8010_001.h5
2023-06-10,2023-06-10 13:28:55+00:00,4.533,-75.681,0.352483183145523,0.3672032952308655,0.7874613404273987,0.8201615810394287,287.9308166503906,14.780816650390648,SMAP_L4_SM_gph_20230610T133000_Vv8010_001.h5
2023-06-11,2023-06-11 13:28:55+00:00,4.533,-75.681,0.3443079888820648,0.3640243709087372,0.7692675590515137,0.8130683302879333,287.8541564941406,14.704156494140648,SMAP_L4_SM_gph_20230611T133000_Vv8010_001.h5
2023-06-12,2023-06-12 13:28:55+00:00,4.533,-75.681,0.3405826389789581,0.3610013723373413,0.7608987092971802,0.8066495060920715,287.8288879394531,14.678887939453148,SMAP_L4_SM_gph_20230612T133000_Vv8010_001.h5
2023-06-13,2023-06-13 13:28:55+00:00,4.533,-75.681,0.3414309620857239,0.3591637015342712,0.7629581093788147,0.8025546669960022,288.2173156738281,15.067315673828148,SMAP_L4_SM_gph_20230613T133000_Vv8010_001.h5
2023-06-14,2023-06-14 13:28:55+00:00,4.533,-75.681,0.3337222039699554,0.3562155961990356,0.7454915642738342,0.7955982685089111,288.10076904296875,14.950769042968773,SMAP_L4_SM_gph_20230614T133000_Vv8010_001.h5
2023-06-15,2023-06-15 13:28:55+00:00,4.533,-75.681,0.3375953435897827,0.3544568121433258,0.7541137933731079,0.7918069958686829,288.3868408203125,15.236840820312525,SMAP_L4_SM_gph_20230615T133000_Vv8010_001.h5
2023-06-16,2023-06-16 13:28:55+00:00,4.533,-75.681,0.3415868580341339,0.3544206023216247,0.7632570266723633,0.791931688785553,287.631103515625,14.481103515625025,SMAP_L4_SM_gph_20230616T133000_Vv8010_001.h5
2023-06-17,2023-06-17 13:28:55+00:00,4.533,-75.681,0.3340263664722442,0.3523087501525879,0.7462304830551147,0.787295937538147,287.470947265625,14.320947265625025,SMAP_L4_SM_gph_20230617T133000_Vv8010_001.h5
2023-06-18,2023-06-18 13:28:55+00:00,4.533,-75.681,0.3331003785133362,0.3500382304191589,0.7440692186355591,0.7818800806999207,286.978759765625,13.828759765625025,SMAP_L4_SM_gph_20230618T133000_Vv8010_001.h5
2023-06-19,2023-06-19 13:28:55+00:00,4.533,-75.681,0.3245663940906524,0.3469416201114654,0.7253401875495911,0.7750744223594666,286.8387451171875,13.688745117187525,SMAP_L4_SM_gph_20230619T133000_Vv8010_001.h5
2023-06-20,2023-06-20 13:28:55+00:00,4.533,-75.681,0.3191189169883728,0.3441014885902405,0.7129564881324768,0.7686672210693359,287.0010070800781,13.851007080078148,SMAP_L4_SM_gph_20230620T133000_Vv8010_001.h5
2023-06-21,2023-06-21 13:28:55+00:00,4.533,-75.681,0.3173190951347351,0.3416758179664612,0.7090654969215393,0.7634096145629883,287.476318359375,14.326318359375025,SMAP_L4_SM_gph_20230621T133000_Vv8010_001.h5
2023-06-22,2023-06-22 13:28:55+00:00,4.533,-75.681,0.315775603055954,0.3395070135593414,0.7053371667861938,0.7585278749465942,287.5436096191406,14.393609619140648,SMAP_L4_SM_gph_20230622T133000_Vv8010_001.h5
2023-06-23,2023-06-23 13:28:55+00:00,4.533,-75.681,0.3259389996528625,0.3386184871196747,0.7283385992050171,0.7566584348678589,287.7255554199219,14.575555419921898,SMAP_L4_SM_gph_20230623T133000_Vv8010_001.h5
2023-06-24,2023-06-24 13:28:55+00:00,4.533,-75.681,0.335214763879776,0.3414233028888702,0.748957633972168,0.7627283334732056,287.7655029296875,14.615502929687525,SMAP_L4_SM_gph_20230624T133000_Vv8010_001.h5
2023-06-25,2023-06-25 13:28:55+00:00,4.533,-75.681,0.3371019959449768,0.3410202264785766,0.7530554533004761,0.7618552446365356,287.9647216796875,14.814721679687525,SMAP_L4_SM_gph_20230625T133000_Vv8010_001.h5
2023-06-26,2023-06-26 13:28:55+00:00,4.533,-75.681,0.3347117006778717,0.3409079313278198,0.7477027177810669,0.7614372372627258,287.79833984375,14.648339843750025,SMAP_L4_SM_gph_20230626T133000_Vv8010_001.h5
2023-06-27,2023-06-27 13:28:55+00:00,4.533,-75.681,0.3323571681976318,0.3404810428619385,0.7425562739372253,0.7606939077377319,287.36492919921875,14.214929199218773,SMAP_L4_SM_gph_20230627T133000_Vv8010_001.h5
2023-06-28,2023-06-28 13:28:55+00:00,4.533,-75.681,0.3234716057777405,0.3379994332790375,0.7225825786590576,0.7550992965698242,287.806396484375,14.656396484375025,SMAP_L4_SM_gph_20230628T133000_Vv8010_001.h5
2023-06-29,2023-06-29 13:28:55+00:00,4.533,-75.681,0.3240835070610046,0.3366255164146423,0.7241436243057251,0.7520369291305542,288.0417785644531,14.891778564453148,SMAP_L4_SM_gph_20230629T133000_Vv8010_001.h5
2023-06-30,2023-06-30 13:28:55+00:00,4.533,-75.681,0.3152796030044555,0.3338257074356079,0.7043887972831726,0.7458065748214722,287.8399963378906,14.689996337890648,SMAP_L4_SM_gph_20230630T133000_Vv8010_001.h5
2023-07-01,2023-07-01 13:28:55+00:00,4.533,-75.681,0.3079430162906647,0.3312054574489593,0.6879998445510864,0.7399712204933167,287.84423828125,14.694238281250025,SMAP_L4_SM_gph_20230701T133000_Vv8010_001.h5
2023-07-02,2023-07-02 13:28:55+00:00,4.533,-75.681,0.3128309845924377,0.3300500512123108,0.6987258195877075,0.7373572587966919,287.622802734375,14.472802734375025,SMAP_L4_SM_gph_20230702T133000_Vv8010_001.h5
2023-07-03,2023-07-03 13:28:55+00:00,4.533,-75.681,0.3278332948684692,0.3316518068313598,0.732312798500061,0.7407404780387878,287.72076416015625,14.570764160156273,SMAP_L4_SM_gph_20230703T133000_Vv8010_001.h5
2023-07-04,2023-07-04 13:28:55+00:00,4.533,-75.681,0.3327885270118713,0.3335144817829132,0.7434532642364502,0.7452908158302307,288.25543212890625,15.105432128906273,SMAP_L4_SM_gph_20230704T133000_Vv8010_001.h5
2023-07-05,2023-07-05 13:28:55+00:00,4.533,-75.681,0.331681489944458,0.335292100906372,0.7410028576850891,0.7490578889846802,287.981689453125,14.831689453125025,SMAP_L4_SM_gph_20230705T133000_Vv8010_001.h5
2023-07-06,2023-07-06 13:28:55+00:00,4.533,-75.681,0.3338344395160675,0.3354777991771698,0.745743453502655,0.749492347240448,287.9320068359375,14.782006835937525,SMAP_L4_SM_gph_20230706T133000_Vv8010_001.h5
2023-07-07,2023-07-07 13:28:55+00:00,4.533,-75.681,0.3348847031593323,0.3375401198863983,0.7481145262718201,0.7540729641914368,287.9381103515625,14.788110351562525,SMAP_L4_SM_gph_20230707T133000_Vv8010_001.h5
2023-07-08,2023-07-08 13:28:55+00:00,4.533,-75.681,0.3345034718513489,0.3408234119415283,0.7472530603408813,0.7615610957145691,288.0973815917969,14.947381591796898,SMAP_L4_SM_gph_20230708T133000_Vv8010_001.h5
2023-07-09,2023-07-09 13:28:55+00:00,4.533,-75.681,0.3260154128074646,0.3372071385383606,0.7284024357795715,0.7533071041107178,287.6742553710937,14.524255371093773,SMAP_L4_SM_gph_20230709T133000_Vv8010_001.h5
2023-07-10,2023-07-10 13:28:55+00:00,4.533,-75.681,0.3198579549789428,0.3346235156059265,0.7144284248352051,0.7476125359535217,287.50860595703125,14.358605957031273,SMAP_L4_SM_gph_20230710T133000_Vv8010_001.h5
2023-07-11,2023-07-11 13:28:55+00:00,4.533,-75.681,0.3199605941772461,0.3326588869094848,0.7150635719299316,0.7432872653007507,287.7080993652344,14.558099365234398,SMAP_L4_SM_gph_20230711T133000_Vv8010_001.h5
2023-07-12,2023-07-12 13:28:55+00:00,4.533,-75.681,0.314226746559143,0.3306992650032043,0.7019966244697571,0.738776683807373,287.66290283203125,14.512902832031273,SMAP_L4_SM_gph_20230712T133000_Vv8010_001.h5
2023-07-13,2023-07-13 13:28:55+00:00,4.533,-75.681,0.3195280730724334,0.3299751579761505,0.7138479948043823,0.7370893955230713,287.5805053710937,14.430505371093773,SMAP_L4_SM_gph_20230713T133000_Vv8010_001.h5
2023-07-14,2023-07-14 13:28:55+00:00,4.533,-75.681,0.3174861967563629,0.3286426961421966,0.7093580365180969,0.7342854738235474,287.49871826171875,14.348718261718773,SMAP_L4_SM_gph_20230714T133000_Vv8010_001.h5
2023-07-15,2023-07-15 13:28:55+00:00,4.533,-75.681,0.3280220031738281,0.3309985697269439,0.7327415347099304,0.7394081950187683,287.74237060546875,14.592370605468773,SMAP_L4_SM_gph_20230715T133000_Vv8010_001.h5
2023-07-16,2023-07-16 13:28:55+00:00,4.533,-75.681,0.322892278432846,0.3297339677810669,0.7214714288711548,0.736707866191864,287.4426574707031,14.292657470703148,SMAP_L4_SM_gph_20230716T133000_Vv8010_001.h5
2023-07-17,2023-07-17 13:28:55+00:00,4.533,-75.681,0.3184589445590973,0.327956348657608,0.7114382982254028,0.7327683568000793,287.8565673828125,14.706567382812525,SMAP_L4_SM_gph_20230717T133000_Vv8010_001.h5
2023-07-18,2023-07-18 13:28:55+00:00,4.533,-75.681,0.3329072296619415,0.3367388248443603,0.7438250184059143,0.7524285912513733,287.35162353515625,14.201623535156273,SMAP_L4_SM_gph_20230718T133000_Vv8010_001.h5
2023-07-19,2023-07-19 13:28:55+00:00,4.533,-75.681,0.3223142325878143,0.3330862820148468,0.7199283838272095,0.744178295135498,287.3405456542969,14.190545654296898,SMAP_L4_SM_gph_20230719T133000_Vv8010_001.h5
2023-07-20,2023-07-20 13:28:55+00:00,4.533,-75.681,0.3080496490001678,0.3287626802921295,0.6880962252616882,0.7344251275062561,287.5190734863281,14.369073486328148,SMAP_L4_SM_gph_20230720T133000_Vv8010_001.h5
2023-07-21,2023-07-21 13:28:55+00:00,4.533,-75.681,0.3035558760166168,0.326021134853363,0.6783367991447449,0.7284932732582092,287.4803466796875,14.330346679687525,SMAP_L4_SM_gph_20230721T133000_Vv8010_001.h5
2023-07-22,2023-07-22 13:28:55+00:00,4.533,-75.681,0.3134104609489441,0.325524091720581,0.7000296711921692,0.7271769046783447,287.28857421875,14.138574218750025,SMAP_L4_SM_gph_20230722T133000_Vv8010_001.h5
2023-07-23,2023-07-23 13:28:55+00:00,4.533,-75.681,0.3116137683391571,0.3242356181144714,0.6961603760719299,0.7244613170623779,287.37603759765625,14.226037597656273,SMAP_L4_SM_gph_20230723T133000_Vv8010_001.h5
2023-07-24,2023-07-24 13:28:55+00:00,4.533,-75.681,0.3057537078857422,0.3223360478878021,0.6832202076911926,0.7202315330505371,287.61346435546875,14.463464355468773,SMAP_L4_SM_gph_20230724T133000_Vv8010_001.h5
2023-07-25,2023-07-25 13:28:55+00:00,4.533,-75.681,0.3100346028804779,0.3213576972484588,0.6926378011703491,0.7177854180335999,287.51055908203125,14.360559082031273,SMAP_L4_SM_gph_20230725T133000_Vv8010_001.h5
2023-07-26,2023-07-26 13:28:55+00:00,4.533,-75.681,0.3193541169166565,0.3224216401576996,0.7135480046272278,0.7205260396003723,287.76129150390625,14.611291503906273,SMAP_L4_SM_gph_20230726T133000_Vv8010_001.h5
2023-07-27,2023-07-27 13:28:55+00:00,4.533,-75.681,0.3199224770069122,0.3229518532752991,0.7147235870361328,0.7215389013290405,287.7005615234375,14.550561523437525,SMAP_L4_SM_gph_20230727T133000_Vv8010_001.h5
2023-07-28,2023-07-28 13:28:55+00:00,4.533,-75.681,0.3229556679725647,0.3226862251758575,0.7214083671569824,0.721044659614563,288.2276916503906,15.077691650390648,SMAP_L4_SM_gph_20230728T133000_Vv8010_001.h5
2023-07-29,2023-07-29 13:28:55+00:00,4.533,-75.681,0.3189451396465301,0.3225691318511963,0.7127513289451599,0.7204952836036682,288.046875,14.896875000000025,SMAP_L4_SM_gph_20230729T133000_Vv8010_001.h5
2023-07-30,2023-07-30 13:28:55+00:00,4.533,-75.681,0.3039732873439789,0.3197024166584015,0.6789166927337646,0.7144083976745605,287.93328857421875,14.783288574218773,SMAP_L4_SM_gph_20230730T133000_Vv8010_001.h5
2023-07-31,2023-07-31 13:28:55+00:00,4.533,-75.681,0.3048186898231506,0.3181602656841278,0.6810676455497742,0.7109363675117493,287.44873046875,14.298730468750025,SMAP_L4_SM_gph_20230731T133000_Vv8010_001.h5
2023-08-01,2023-08-01 13:28:55+00:00,4.533,-75.681,0.2982386946678161,0.316988468170166,0.6662242412567139,0.7080601453781128,287.3454284667969,14.195428466796898,SMAP_L4_SM_gph_20230801T133000_Vv8010_001.h5
2023-08-02,2023-08-02 13:28:55+00:00,4.533,-75.681,0.2921842932701111,0.3148754239082336,0.6526815295219421,0.7034708857536316,287.0773620605469,13.927362060546898,SMAP_L4_SM_gph_20230802T133000_Vv8010_001.h5
2023-08-03,2023-08-03 13:28:55+00:00,4.533,-75.681,0.2910090684890747,0.3131425380706787,0.6500449180603027,0.6997463703155518,287.30157470703125,14.151574707031273,SMAP_L4_SM_gph_20230803T133000_Vv8010_001.h5
2023-08-04,2023-08-04 13:28:55+00:00,4.533,-75.681,0.2889685034751892,0.3114559650421142,0.6455163955688477,0.6958245038986206,287.577392578125,14.427392578125025,SMAP_L4_SM_gph_20230804T133000_Vv8010_001.h5
2023-08-05,2023-08-05 13:28:55+00:00,4.533,-75.681,0.293220192193985,0.3105361759662628,0.6550921201705933,0.6937751173973083,287.7069091796875,14.556909179687525,SMAP_L4_SM_gph_20230805T133000_Vv8010_001.h5
2023-08-06,2023-08-06 13:28:55+00:00,4.533,-75.681,0.289937674999237,0.3093301653861999,0.647745668888092,0.691054105758667,288.05303955078125,14.903039550781273,SMAP_L4_SM_gph_20230806T133000_Vv8010_001.h5
2023-08-07,2023-08-07 13:28:55+00:00,4.533,-75.681,0.2982656955718994,0.3090887665748596,0.6663296818733215,0.6903287768363953,288.2020263671875,15.052026367187525,SMAP_L4_SM_gph_20230807T133000_Vv8010_001.h5
2023-08-08,2023-08-08 13:28:55+00:00,4.533,-75.681,0.2989702224731445,0.3094183802604675,0.6681398749351501,0.6912099719047546,287.7850036621094,14.635003662109398,SMAP_L4_SM_gph_20230808T133000_Vv8010_001.h5
2023-08-09,2023-08-09 13:28:55+00:00,4.533,-75.681,0.2912365794181824,0.3075823485851288,0.6507776975631714,0.6872173547744751,287.7906494140625,14.640649414062525,SMAP_L4_SM_gph_20230809T133000_Vv8010_001.h5
2023-08-10,2023-08-10 13:28:55+00:00,4.533,-75.681,0.2923323214054107,0.3067556917667389,0.6529536247253418,0.6855078339576721,287.627197265625,14.477197265625025,SMAP_L4_SM_gph_20230810T133000_Vv8010_001.h5
2023-08-11,2023-08-11 13:28:55+00:00,4.533,-75.681,0.2881138920783996,0.3056207299232483,0.643734335899353,0.682800829410553,287.998291015625,14.848291015625025,SMAP_L4_SM_gph_20230811T133000_Vv8010_001.h5
2023-08-12,2023-08-12 13:28:55+00:00,4.533,-75.681,0.2847540974617004,0.3044571280479431,0.6361338496208191,0.6800457239151001,288.11505126953125,14.965051269531273,SMAP_L4_SM_gph_20230812T133000_Vv8010_001.h5
2023-08-13,2023-08-13 13:28:55+00:00,4.533,-75.681,0.299900621175766,0.3056005835533142,0.6699304580688477,0.682748556137085,288.2178039550781,15.067803955078148,SMAP_L4_SM_gph_20230813T133000_Vv8010_001.h5
2023-08-14,2023-08-14 13:28:55+00:00,4.533,-75.681,0.3013963997364044,0.3068268895149231,0.6735312342643738,0.6852778196334839,287.60650634765625,14.456506347656273,SMAP_L4_SM_gph_20230814T133000_Vv8010_001.h5
2023-08-15,2023-08-15 13:28:55+00:00,4.533,-75.681,0.290454089641571,0.30513396859169,0.6489569544792175,0.6817554235458374,287.8814392089844,14.731439208984398,SMAP_L4_SM_gph_20230815T133000_Vv8010_001.h5
2023-08-16,2023-08-16 13:28:55+00:00,4.533,-75.681,0.3077248632907867,0.31125009059906,0.6875395774841309,0.6953622698783875,287.63238525390625,14.482385253906273,SMAP_L4_SM_gph_20230816T133000_Vv8010_001.h5
2023-08-17,2023-08-17 13:28:55+00:00,4.533,-75.681,0.3084480464458465,0.3113680481910705,0.6891623735427856,0.6955488324165344,287.56231689453125,14.412316894531273,SMAP_L4_SM_gph_20230817T133000_Vv8010_001.h5
2023-08-18,2023-08-18 13:28:55+00:00,4.533,-75.681,0.3089936673641205,0.3107910752296448,0.6902767419815063,0.6941704154014587,288.2040405273437,15.054040527343773,SMAP_L4_SM_gph_20230818T133000_Vv8010_001.h5
2023-08-19,2023-08-19 13:28:55+00:00,4.533,-75.681,0.3033189475536346,0.3089844882488251,0.6777981519699097,0.6904724836349487,288.83123779296875,15.681237792968773,SMAP_L4_SM_gph_20230819T133000_Vv8010_001.h5
2023-08-20,2023-08-20 13:28:55+00:00,4.533,-75.681,0.3173362016677856,0.3129266202449798,0.7088397145271301,0.6990660429000854,289.02325439453125,15.873254394531273,SMAP_L4_SM_gph_20230820T133000_Vv8010_001.h5
2023-08-21,2023-08-21 13:28:55+00:00,4.533,-75.681,0.3186057209968567,0.3178023099899292,0.7120476961135864,0.7100057601928711,288.93804931640625,15.788049316406273,SMAP_L4_SM_gph_20230821T133000_Vv8010_001.h5
2023-08-22,2023-08-22 13:28:55+00:00,4.533,-75.681,0.3344384431838989,0.3313542306423187,0.7471068501472473,0.7403573989868164,288.69580078125,15.545800781250025,SMAP_L4_SM_gph_20230822T133000_Vv8010_001.h5
2023-08-23,2023-08-23 13:28:55+00:00,4.533,-75.681,0.3272395431995392,0.3311825096607208,0.7312594056129456,0.7398393750190735,287.7819519042969,14.631951904296898,SMAP_L4_SM_gph_20230823T133000_Vv8010_001.h5
2023-08-24,2023-08-24 13:28:55+00:00,4.533,-75.681,0.3148036897182464,0.3238726258277893,0.7034256458282471,0.7236641645431519,287.46051025390625,14.310510253906273,SMAP_L4_SM_gph_20230824T133000_Vv8010_001.h5
2023-08-25,2023-08-25 13:28:55+00:00,4.533,-75.681,0.3174771070480346,0.3231456577777862,0.7092903852462769,0.7218966484069824,287.7760009765625,14.626000976562525,SMAP_L4_SM_gph_20230825T133000_Vv8010_001.h5
2023-08-26,2023-08-26 13:28:55+00:00,4.533,-75.681,0.3056064546108246,0.3193497061729431,0.6828543543815613,0.7133211493492126,287.5140686035156,14.364068603515648,SMAP_L4_SM_gph_20230826T133000_Vv8010_001.h5
2023-08-27,2023-08-27 13:28:55+00:00,4.533,-75.681,0.2943524122238159,0.3159056603908539,0.6576642394065857,0.705757737159729,287.6966552734375,14.546655273437525,SMAP_L4_SM_gph_20230827T133000_Vv8010_001.h5
2023-08-28,2023-08-28 13:28:55+00:00,4.533,-75.681,0.2970847487449646,0.3142437636852264,0.6637234687805176,0.7021452188491821,287.8365478515625,14.686547851562525,SMAP_L4_SM_gph_20230828T133000_Vv8010_001.h5
2023-08-29,2023-08-29 13:28:55+00:00,4.533,-75.681,0.2927401959896087,0.312365174293518,0.6541611552238464,0.697846531867981,287.7984313964844,14.648431396484398,SMAP_L4_SM_gph_20230829T133000_Vv8010_001.h5
2023-08-30,2023-08-30 13:28:55+00:00,4.533,-75.681,0.2874206304550171,0.31043142080307,0.6421404480934143,0.6936729550361633,288.1234741210937,14.973474121093773,SMAP_L4_SM_gph_20230830T133000_Vv8010_001.h5
2023-08-31,2023-08-31 13:28:55+00:00,4.533,-75.681,0.290690541267395,0.3093638122081756,0.649436891078949,0.6912391185760498,288.4042358398437,15.254235839843773,SMAP_L4_SM_gph_20230831T133000_Vv8010_001.h5
2023-09-01,2023-09-01 13:28:55+00:00,4.533,-75.681,0.2876647412776947,0.3077878654003143,0.6426869034767151,0.6876053214073181,288.3256225585937,15.175622558593773,SMAP_L4_SM_gph_20230901T133000_Vv8010_001.h5
2023-09-02,2023-09-02 13:28:55+00:00,4.533,-75.681,0.3129314482212066,0.3104237914085388,0.6989684700965881,0.6935800313949585,288.36822509765625,15.218225097656273,SMAP_L4_SM_gph_20230902T133000_Vv8010_001.h5
2023-09-03,2023-09-03 13:28:55+00:00,4.533,-75.681,0.3137053251266479,0.3151245415210724,0.7009661793708801,0.7041664123535156,288.44464111328125,15.294641113281273,SMAP_L4_SM_gph_20230903T133000_Vv8010_001.h5
2023-09-04,2023-09-04 13:28:55+00:00,4.533,-75.681,0.3256568908691406,0.3240137100219726,0.7274706363677979,0.7240307927131653,288.6117553710937,15.461755371093773,SMAP_L4_SM_gph_20230904T133000_Vv8010_001.h5
2023-09-05,2023-09-05 13:28:55+00:00,4.533,-75.681,0.3223214447498321,0.3278116881847381,0.719878077507019,0.7323931455612183,288.4609375,15.310937500000025,SMAP_L4_SM_gph_20230905T133000_Vv8010_001.h5
2023-09-06,2023-09-06 13:28:55+00:00,4.533,-75.681,0.3038720488548279,0.3203401267528534,0.6789572238922119,0.7156269550323486,287.83087158203125,14.680871582031273,SMAP_L4_SM_gph_20230906T133000_Vv8010_001.h5
2023-09-07,2023-09-07 13:28:55+00:00,4.533,-75.681,0.2930103838443756,0.3155529797077179,0.6545460224151611,0.7050604224205017,287.9636535644531,14.813653564453148,SMAP_L4_SM_gph_20230907T133000_Vv8010_001.h5
2023-09-08,2023-09-08 13:28:55+00:00,4.533,-75.681,0.2986444234848022,0.314196228981018,0.6672799587249756,0.7020218968391418,287.895263671875,14.745263671875025,SMAP_L4_SM_gph_20230908T133000_Vv8010_001.h5
2023-09-09,2023-09-09 13:28:55+00:00,4.533,-75.681,0.3039747774600982,0.3144114017486572,0.6789911985397339,0.702580451965332,287.9858703613281,14.835870361328148,SMAP_L4_SM_gph_20230909T133000_Vv8010_001.h5
2023-09-10,2023-09-10 13:28:55+00:00,4.533,-75.681,0.3102785646915436,0.3162044286727905,0.693217396736145,0.7063151597976685,288.0531616210937,14.903161621093773,SMAP_L4_SM_gph_20230910T133000_Vv8010_001.h5
2023-09-11,2023-09-11 13:28:55+00:00,4.533,-75.681,0.3169384300708771,0.3160777986049652,0.7079970836639404,0.7060590982437134,288.2917785644531,15.141778564453148,SMAP_L4_SM_gph_20230911T133000_Vv8010_001.h5
2023-09-12,2023-09-12 13:28:55+00:00,4.533,-75.681,0.3167727291584015,0.3209732472896576,0.707706093788147,0.7172242999076843,287.9917907714844,14.841790771484398,SMAP_L4_SM_gph_20230912T133000_Vv8010_001.h5
2023-09-13,2023-09-13 13:28:55+00:00,4.533,-75.681,0.3016798198223114,0.316206157207489,0.6741747260093689,0.7065637111663818,288.60919189453125,15.459191894531273,SMAP_L4_SM_gph_20230913T133000_Vv8010_001.h5
2023-09-14,2023-09-14 13:28:55+00:00,4.533,-75.681,0.3041498064994812,0.314120352268219,0.6793872714042664,0.7017993927001953,288.45068359375,15.300683593750025,SMAP_L4_SM_gph_20230914T133000_Vv8010_001.h5
2023-09-15,2023-09-15 13:28:55+00:00,4.533,-75.681,0.3043014705181122,0.31365966796875,0.6798118352890015,0.7006503939628601,288.310546875,15.160546875000025,SMAP_L4_SM_gph_20230915T133000_Vv8010_001.h5
2023-09-16,2023-09-16 13:28:55+00:00,4.533,-75.681,0.2933646440505981,0.3115144670009613,0.6555461287498474,0.6961723566055298,287.918212890625,14.768212890625025,SMAP_L4_SM_gph_20230916T133000_Vv8010_001.h5
2023-09-17,2023-09-17 13:28:55+00:00,4.533,-75.681,0.2917844653129577,0.309602290391922,0.6519094109535217,0.6917125582695007,287.8948974609375,14.744897460937525,SMAP_L4_SM_gph_20230917T133000_Vv8010_001.h5
2023-09-18,2023-09-18 13:28:55+00:00,4.533,-75.681,0.2984606921672821,0.3086653649806976,0.6668382287025452,0.6895455121994019,288.3860168457031,15.236016845703148,SMAP_L4_SM_gph_20230918T133000_Vv8010_001.h5
2023-09-19,2023-09-19 13:28:55+00:00,4.533,-75.681,0.2910282909870147,0.3071117401123047,0.6502435207366943,0.686214029788971,288.18023681640625,15.030236816406273,SMAP_L4_SM_gph_20230919T133000_Vv8010_001.h5
2023-09-20,2023-09-20 13:28:55+00:00,4.533,-75.681,0.2863859832286834,0.3058341145515442,0.6398807168006897,0.6832825541496277,287.9945678710937,14.844567871093773,SMAP_L4_SM_gph_20230920T133000_Vv8010_001.h5
2023-09-21,2023-09-21 13:28:55+00:00,4.533,-75.681,0.2842256128787994,0.3046212494373321,0.6348555088043213,0.6806724667549133,287.884033203125,14.734033203125025,SMAP_L4_SM_gph_20230921T133000_Vv8010_001.h5
2023-09-22,2023-09-22 13:28:55+00:00,4.533,-75.681,0.287493497133255,0.3037652969360351,0.6422953009605408,0.6786603927612305,288.1201477050781,14.970147705078148,SMAP_L4_SM_gph_20230922T133000_Vv8010_001.h5
2023-09-23,2023-09-23 13:28:55+00:00,4.533,-75.681,0.302779346704483,0.3064789772033691,0.6765406727790833,0.6845930814743042,288.34429931640625,15.194299316406273,SMAP_L4_SM_gph_20230923T133000_Vv8010_001.h5
2023-09-24,2023-09-24 13:28:55+00:00,4.533,-75.681,0.305842787027359,0.3066619336605072,0.6831084489822388,0.6851662993431091,288.169677734375,15.019677734375025,SMAP_L4_SM_gph_20230924T133000_Vv8010_001.h5
2023-09-25,2023-09-25 13:28:55+00:00,4.533,-75.681,0.2997047901153564,0.3061963319778442,0.6695488691329956,0.6842486262321472,288.2753601074219,15.125360107421898,SMAP_L4_SM_gph_20230925T133000_Vv8010_001.h5
2023-09-26,2023-09-26 13:28:55+00:00,4.533,-75.681,0.2854735851287842,0.3040050864219665,0.6377161145210266,0.6790642142295837,288.517578125,15.367578125000025,SMAP_L4_SM_gph_20230926T133000_Vv8010_001.h5
2023-09-27,2023-09-27 13:28:55+00:00,4.533,-75.681,0.2789479494094848,0.3025370240211487,0.6234009861946106,0.6761260628700256,288.999755859375,15.849755859375025,SMAP_L4_SM_gph_20230927T133000_Vv8010_001.h5
2023-09-28,2023-09-28 13:28:55+00:00,4.533,-75.681,0.289293885231018,0.3023822903633117,0.6464309096336365,0.6755529046058655,288.5885925292969,15.438592529296898,SMAP_L4_SM_gph_20230928T133000_Vv8010_001.h5
2023-09-29,2023-09-29 13:28:55+00:00,4.533,-75.681,0.2942232191562652,0.3036003112792969,0.6574674248695374,0.6784756779670715,288.208740234375,15.058740234375025,SMAP_L4_SM_gph_20230929T133000_Vv8010_001.h5
2023-09-30,2023-09-30 13:28:55+00:00,4.533,-75.681,0.2900222241878509,0.3020612895488739,0.6481356620788574,0.674693763256073,288.6483459472656,15.498345947265648,SMAP_L4_SM_gph_20230930T133000_Vv8010_001.h5
2023-10-01,2023-10-01 13:28:55+00:00,4.533,-75.681,0.300948828458786,0.3036514222621918,0.6723906397819519,0.6783642172813416,288.4414978027344,15.291497802734398,SMAP_L4_SM_gph_20231001T133000_Vv8010_001.h5
2023-10-02,2023-10-02 13:28:55+00:00,4.533,-75.681,0.310345709323883,0.3132764399051666,0.6933477520942688,0.6998738050460815,288.56304931640625,15.413049316406273,SMAP_L4_SM_gph_20231002T133000_Vv8010_001.h5
2023-10-03,2023-10-03 13:28:55+00:00,4.533,-75.681,0.3090284466743469,0.3114460110664367,0.6902193427085876,0.6957985162734985,289.1480712890625,15.998071289062525,SMAP_L4_SM_gph_20231003T133000_Vv8010_001.h5
2023-10-04,2023-10-04 13:28:55+00:00,4.533,-75.681,0.3173153400421142,0.3151718378067016,0.7090578079223633,0.704118013381958,288.9037780761719,15.753778076171898,SMAP_L4_SM_gph_20231004T133000_Vv8010_001.h5
2023-10-05,2023-10-05 13:28:55+00:00,4.533,-75.681,0.3061366379261017,0.3122560381889343,0.6837812662124634,0.6975625157356262,288.3867492675781,15.236749267578148,SMAP_L4_SM_gph_20231005T133000_Vv8010_001.h5
2023-10-06,2023-10-06 13:28:55+00:00,4.533,-75.681,0.3179078698158264,0.3125990927219391,0.7102416753768921,0.6984788775444031,288.7353515625,15.585351562500025,SMAP_L4_SM_gph_20231006T133000_Vv8010_001.h5
2023-10-07,2023-10-07 13:28:55+00:00,4.533,-75.681,0.314780980348587,0.3172518312931061,0.7033828496932983,0.7087693214416504,288.4109191894531,15.260919189453148,SMAP_L4_SM_gph_20231007T133000_Vv8010_001.h5
2023-10-08,2023-10-08 13:28:55+00:00,4.533,-75.681,0.3217096030712127,0.3190763294696808,0.7186374664306641,0.7129026055335999,288.8169860839844,15.666986083984398,SMAP_L4_SM_gph_20231008T133000_Vv8010_001.h5
2023-10-09,2023-10-09 13:28:55+00:00,4.533,-75.681,0.3139276504516601,0.3168198764324188,0.7014856338500977,0.7076951861381531,288.84942626953125,15.699426269531273,SMAP_L4_SM_gph_20231009T133000_Vv8010_001.h5
2023-10-10,2023-10-10 13:28:55+00:00,4.533,-75.681,0.324847012758255,0.3184439241886139,0.7256966233253479,0.7114537954330444,288.65185546875,15.501855468750025,SMAP_L4_SM_gph_20231010T133000_Vv8010_001.h5
2023-10-11,2023-10-11 13:28:55+00:00,4.533,-75.681,0.3195647597312927,0.3211827576160431,0.713923990726471,0.7173784375190735,288.5225830078125,15.372583007812525,SMAP_L4_SM_gph_20231011T133000_Vv8010_001.h5
2023-10-12,2023-10-12 13:28:55+00:00,4.533,-75.681,0.3149529099464416,0.320446640253067,0.7038301229476929,0.7159039378166199,288.216064453125,15.066064453125025,SMAP_L4_SM_gph_20231012T133000_Vv8010_001.h5
2023-10-13,2023-10-13 13:28:55+00:00,4.533,-75.681,0.3158672451972961,0.3181908428668976,0.7058109641075134,0.7109422087669373,288.06903076171875,14.919030761718773,SMAP_L4_SM_gph_20231013T133000_Vv8010_001.h5
2023-10-14,2023-10-14 13:28:55+00:00,4.533,-75.681,0.3212880194187164,0.3204472064971924,0.7179219126701355,0.7157347798347473,288.52032470703125,15.370324707031273,SMAP_L4_SM_gph_20231014T133000_Vv8010_001.h5
2023-10-15,2023-10-15 13:28:55+00:00,4.533,-75.681,0.326793909072876,0.3251250982284546,0.7301609516143799,0.7263349890708923,288.4684143066406,15.318414306640648,SMAP_L4_SM_gph_20231015T133000_Vv8010_001.h5
2023-10-16,2023-10-16 13:28:55+00:00,4.533,-75.681,0.3237257301807403,0.3247052729129791,0.7232127785682678,0.7254629135131836,287.80224609375,14.652246093750025,SMAP_L4_SM_gph_20231016T133000_Vv8010_001.h5
2023-10-17,2023-10-17 13:28:55+00:00,4.533,-75.681,0.3168279230594635,0.3216376602649688,0.7078965306282043,0.7185856699943542,288.15777587890625,15.007775878906273,SMAP_L4_SM_gph_20231017T133000_Vv8010_001.h5
2023-10-18,2023-10-18 13:28:55+00:00,4.533,-75.681,0.3102791905403137,0.3194384574890136,0.6931815147399902,0.7136244177818298,288.1148681640625,14.964868164062525,SMAP_L4_SM_gph_20231018T133000_Vv8010_001.h5
2023-10-19,2023-10-19 13:28:55+00:00,4.533,-75.681,0.3052242696285248,0.3173853158950805,0.681878924369812,0.7090431451797485,288.7128601074219,15.562860107421898,SMAP_L4_SM_gph_20231019T133000_Vv8010_001.h5
2023-10-20,2023-10-20 13:28:55+00:00,4.533,-75.681,0.3065848648548126,0.316229373216629,0.6850718855857849,0.706281840801239,288.2196655273437,15.069665527343773,SMAP_L4_SM_gph_20231020T133000_Vv8010_001.h5
2023-10-21,2023-10-21 13:28:55+00:00,4.533,-75.681,0.3165116012096405,0.3182222247123718,0.7070499658584595,0.7109505534172058,288.3216552734375,15.171655273437525,SMAP_L4_SM_gph_20231021T133000_Vv8010_001.h5
2023-10-22,2023-10-22 13:28:55+00:00,4.533,-75.681,0.315494030714035,0.3180415630340576,0.7049399018287659,0.7105540633201599,288.3034973144531,15.153497314453148,SMAP_L4_SM_gph_20231022T133000_Vv8010_001.h5
2023-10-23,2023-10-23 13:28:55+00:00,4.533,-75.681,0.3093836009502411,0.3168388605117798,0.6911476254463196,0.7076712250709534,288.264404296875,15.114404296875025,SMAP_L4_SM_gph_20231023T133000_Vv8010_001.h5
2023-10-24,2023-10-24 13:28:55+00:00,4.533,-75.681,0.3166948854923248,0.3180109858512878,0.7075093388557434,0.7104746699333191,288.5167236328125,15.366723632812525,SMAP_L4_SM_gph_20231024T133000_Vv8010_001.h5
2023-10-25,2023-10-25 13:28:55+00:00,4.533,-75.681,0.3199148178100586,0.3221684396266937,0.7147701978683472,0.719526469707489,288.8718566894531,15.721856689453148,SMAP_L4_SM_gph_20231025T133000_Vv8010_001.h5
2023-10-26,2023-10-26 13:28:55+00:00,4.533,-75.681,0.3399425446987152,0.3309831917285919,0.7594386339187622,0.7392956018447876,288.2357482910156,15.085748291015648,SMAP_L4_SM_gph_20231026T133000_Vv8010_001.h5
2023-10-27,2023-10-27 13:28:55+00:00,4.533,-75.681,0.3285633027553558,0.3316785097122192,0.7341686487197876,0.7409809827804565,287.628662109375,14.478662109375025,SMAP_L4_SM_gph_20231027T133000_Vv8010_001.h5
2023-10-28,2023-10-28 13:28:55+00:00,4.533,-75.681,0.3259352743625641,0.3294016122817993,0.7283345460891724,0.7361354827880859,287.1564025878906,14.006402587890648,SMAP_L4_SM_gph_20231028T133000_Vv8010_001.h5
2023-10-29,2023-10-29 13:28:55+00:00,4.533,-75.681,0.3157537579536438,0.3266608715057373,0.70536869764328,0.7298889756202698,286.65972900390625,13.509729003906273,SMAP_L4_SM_gph_20231029T133000_Vv8010_001.h5
2023-10-30,2023-10-30 13:28:55+00:00,4.533,-75.681,0.325880229473114,0.3270289301872253,0.7279366254806519,0.7306260466575623,287.6618957519531,14.511895751953148,SMAP_L4_SM_gph_20231030T133000_Vv8010_001.h5
2023-10-31,2023-10-31 13:28:55+00:00,4.533,-75.681,0.3331871628761291,0.3335072100162506,0.7443884611129761,0.7452967166900635,288.1318664550781,14.981866455078148,SMAP_L4_SM_gph_20231031T133000_Vv8010_001.h5
2023-11-01,2023-11-01 13:28:55+00:00,4.533,-75.681,0.3336886763572693,0.3351865708827972,0.745492160320282,0.7489545345306396,288.1391296386719,14.989129638671898,SMAP_L4_SM_gph_20231101T133000_Vv8010_001.h5
2023-11-02,2023-11-02 13:28:55+00:00,4.533,-75.681,0.338198721408844,0.3400722742080688,0.7556444406509399,0.7597773671150208,287.8067932128906,14.656793212890648,SMAP_L4_SM_gph_20231102T133000_Vv8010_001.h5
2023-11-03,2023-11-03 13:28:55+00:00,4.533,-75.681,0.3388731479644775,0.341329276561737,0.757082998752594,0.7625570893287659,288.53143310546875,15.381433105468773,SMAP_L4_SM_gph_20231103T133000_Vv8010_001.h5
2023-11-04,2023-11-04 13:28:55+00:00,4.533,-75.681,0.3301573693752289,0.3387794494628906,0.737594485282898,0.7569774389266968,288.78173828125,15.631738281250025,SMAP_L4_SM_gph_20231104T133000_Vv8010_001.h5
2023-11-05,2023-11-05 13:28:55+00:00,4.533,-75.681,0.3267665505409241,0.336149126291275,0.7301680445671082,0.7509443163871765,288.64117431640625,15.491174316406273,SMAP_L4_SM_gph_20231105T133000_Vv8010_001.h5
2023-11-06,2023-11-06 13:28:55+00:00,4.533,-75.681,0.3392056822776794,0.339091956615448,0.7578924894332886,0.7574971914291382,288.5815124511719,15.431512451171898,SMAP_L4_SM_gph_20231106T133000_Vv8010_001.h5
2023-11-07,2023-11-07 13:28:55+00:00,4.533,-75.681,0.3339830935001373,0.3388650119304657,0.7462518215179443,0.757053554058075,288.26904296875,15.119042968750025,SMAP_L4_SM_gph_20231107T133000_Vv8010_001.h5
2023-11-08,2023-11-08 13:28:55+00:00,4.533,-75.681,0.3293956518173218,0.3367935121059418,0.7359302043914795,0.7524244785308838,288.29803466796875,15.148034667968773,SMAP_L4_SM_gph_20231108T133000_Vv8010_001.h5
2023-11-09,2023-11-09 13:28:55+00:00,4.533,-75.681,0.3229574561119079,0.3341514766216278,0.7214651703834534,0.7466781735420227,288.5054626464844,15.355462646484398,SMAP_L4_SM_gph_20231109T133000_Vv8010_001.h5
2023-11-10,2023-11-10 13:28:55+00:00,4.533,-75.681,0.3179591000080108,0.3319647312164306,0.7102051973342896,0.7415786385536194,288.701904296875,15.551904296875025,SMAP_L4_SM_gph_20231110T133000_Vv8010_001.h5
2023-11-11,2023-11-11 13:28:55+00:00,4.533,-75.681,0.3168935179710388,0.3308357298374176,0.7077993154525757,0.7391313314437866,288.6921691894531,15.542169189453148,SMAP_L4_SM_gph_20231111T133000_Vv8010_001.h5
2023-11-12,2023-11-12 13:28:55+00:00,4.533,-75.681,0.3262560665607452,0.3314279019832611,0.7289234399795532,0.740548849105835,289.25146484375,16.101464843750023,SMAP_L4_SM_gph_20231112T133000_Vv8010_001.h5
2023-11-13,2023-11-13 13:28:55+00:00,4.533,-75.681,0.3290000259876251,0.3337624669075012,0.7349586486816406,0.7458865642547607,288.5636291503906,15.413629150390648,SMAP_L4_SM_gph_20231113T133000_Vv8010_001.h5
2023-11-14,2023-11-14 13:28:55+00:00,4.533,-75.681,0.3311710953712463,0.3341027796268463,0.7399262189865112,0.7465516924858093,288.906005859375,15.756005859375025,SMAP_L4_SM_gph_20231114T133000_Vv8010_001.h5
2023-11-15,2023-11-15 13:28:55+00:00,4.533,-75.681,0.3346180617809295,0.3379618227481842,0.7476204037666321,0.7550469040870667,289.1551513671875,16.005151367187523,SMAP_L4_SM_gph_20231115T133000_Vv8010_001.h5
2023-11-16,2023-11-16 13:28:55+00:00,4.533,-75.681,0.3364089131355285,0.3430527448654175,0.7516329288482666,0.7665010094642639,288.10137939453125,14.951379394531273,SMAP_L4_SM_gph_20231116T133000_Vv8010_001.h5
2023-11-17,2023-11-17 13:28:55+00:00,4.533,-75.681,0.3273836672306061,0.3394666910171509,0.7312647700309753,0.7584957480430603,287.8432006835937,14.693200683593773,SMAP_L4_SM_gph_20231117T133000_Vv8010_001.h5
2023-11-18,2023-11-18 13:28:55+00:00,4.533,-75.681,0.3530709147453308,0.3457214832305908,0.7889384031295776,0.7725608348846436,288.5502319335937,15.400231933593773,SMAP_L4_SM_gph_20231118T133000_Vv8010_001.h5
2023-11-19,2023-11-19 13:28:55+00:00,4.533,-75.681,0.347081571817398,0.3562121391296386,0.7752581834793091,0.795906126499176,288.58038330078125,15.430383300781273,SMAP_L4_SM_gph_20231119T133000_Vv8010_001.h5
2023-11-20,2023-11-20 13:28:55+00:00,4.533,-75.681,0.3414563238620758,0.3509231507778168,0.7627961039543152,0.7840834856033325,288.3266296386719,15.176629638671898,SMAP_L4_SM_gph_20231120T133000_Vv8010_001.h5
2023-11-21,2023-11-21 13:28:55+00:00,4.533,-75.681,0.3464875817298889,0.3518700301647186,0.7739236950874329,0.786105751991272,288.2201538085937,15.070153808593773,SMAP_L4_SM_gph_20231121T133000_Vv8010_001.h5
2023-11-22,2023-11-22 13:28:55+00:00,4.533,-75.681,0.3387678265571594,0.3491884171962738,0.7566894292831421,0.7801104784011841,288.49267578125,15.342675781250025,SMAP_L4_SM_gph_20231122T133000_Vv8010_001.h5
2023-11-23,2023-11-23 13:28:55+00:00,4.533,-75.681,0.335875540971756,0.3477928042411804,0.7504583597183228,0.7770436406135559,288.57232666015625,15.422326660156273,SMAP_L4_SM_gph_20231123T133000_Vv8010_001.h5
2023-11-24,2023-11-24 13:28:55+00:00,4.533,-75.681,0.3348270654678345,0.3464343845844269,0.7481074929237366,0.7740485668182373,288.4154357910156,15.265435791015648,SMAP_L4_SM_gph_20231124T133000_Vv8010_001.h5
2023-11-25,2023-11-25 13:28:55+00:00,4.533,-75.681,0.3333304226398468,0.3450635969638824,0.7448047995567322,0.770827054977417,288.3949584960937,15.244958496093773,SMAP_L4_SM_gph_20231125T133000_Vv8010_001.h5
2023-11-26,2023-11-26 13:28:55+00:00,4.533,-75.681,0.3348190784454345,0.3447533249855041,0.7479677200317383,0.7701413631439209,288.1995849609375,15.049584960937525,SMAP_L4_SM_gph_20231126T133000_Vv8010_001.h5
2023-11-27,2023-11-27 13:28:55+00:00,4.533,-75.681,0.3218343257904053,0.3416208922863006,0.7189608812332153,0.7633398771286011,287.8636474609375,14.713647460937525,SMAP_L4_SM_gph_20231127T133000_Vv8010_001.h5
2023-11-28,2023-11-28 13:28:55+00:00,4.533,-75.681,0.3180417120456695,0.3393189907073974,0.710348904132843,0.7579411864280701,288.0374450683594,14.887445068359398,SMAP_L4_SM_gph_20231128T133000_Vv8010_001.h5
2023-11-29,2023-11-29 13:28:55+00:00,4.533,-75.681,0.3183425664901733,0.3376902639865875,0.7111056447029114,0.7544873952865601,287.84033203125,14.690332031250025,SMAP_L4_SM_gph_20231129T133000_Vv8010_001.h5
2023-11-30,2023-11-30 13:28:55+00:00,4.533,-75.681,0.3236300051212311,0.3368876576423645,0.722960352897644,0.7525962591171265,288.0421142578125,14.892114257812525,SMAP_L4_SM_gph_20231130T133000_Vv8010_001.h5
2023-12-01,2023-12-01 13:28:55+00:00,4.533,-75.681,0.3175090253353119,0.3353747427463531,0.7091567516326904,0.7491261959075928,287.54901123046875,14.399011230468773,SMAP_L4_SM_gph_20231201T133000_Vv8010_001.h5
2023-12-02,2023-12-02 13:28:55+00:00,4.533,-75.681,0.312101811170578,0.3331298828125,0.6973991394042969,0.744192898273468,287.0655517578125,13.915551757812525,SMAP_L4_SM_gph_20231202T133000_Vv8010_001.h5
2023-12-03,2023-12-03 13:28:55+00:00,4.533,-75.681,0.3105457425117492,0.33097904920578,0.6939014792442322,0.7393576502799988,287.5814208984375,14.431420898437525,SMAP_L4_SM_gph_20231203T133000_Vv8010_001.h5
2023-12-04,2023-12-04 13:28:55+00:00,4.533,-75.681,0.3085215389728546,0.3294637799263,0.6892992854118347,0.7360527515411377,287.8153686523437,14.665368652343773,SMAP_L4_SM_gph_20231204T133000_Vv8010_001.h5
2023-12-05,2023-12-05 13:28:55+00:00,4.533,-75.681,0.3062333166599273,0.3276224136352539,0.6843369603157043,0.7321197390556335,287.9520263671875,14.802026367187525,SMAP_L4_SM_gph_20231205T133000_Vv8010_001.h5
2023-12-06,2023-12-06 13:28:55+00:00,4.533,-75.681,0.3080569505691528,0.3266433477401733,0.6882719397544861,0.7299889922142029,288.04132080078125,14.891320800781273,SMAP_L4_SM_gph_20231206T133000_Vv8010_001.h5
2023-12-07,2023-12-07 13:28:55+00:00,4.533,-75.681,0.3173806667327881,0.3270967006683349,0.7090553641319275,0.7306306958198547,287.79132080078125,14.641320800781273,SMAP_L4_SM_gph_20231207T133000_Vv8010_001.h5
2023-12-08,2023-12-08 13:28:55+00:00,4.533,-75.681,0.3274748623371124,0.3283921182155609,0.7314758896827698,0.7336814999580383,287.7239685058594,14.573968505859398,SMAP_L4_SM_gph_20231208T133000_Vv8010_001.h5
2023-12-09,2023-12-09 13:28:55+00:00,4.533,-75.681,0.3167698085308075,0.3265800774097442,0.7077029943466187,0.7297518253326416,287.9047241210937,14.754724121093773,SMAP_L4_SM_gph_20231209T133000_Vv8010_001.h5
2023-12-10,2023-12-10 13:28:55+00:00,4.533,-75.681,0.3097664415836334,0.3247435986995697,0.6920108795166016,0.72573322057724,288.2737731933594,15.123773193359398,SMAP_L4_SM_gph_20231210T133000_Vv8010_001.h5
2023-12-11,2023-12-11 13:28:55+00:00,4.533,-75.681,0.3166013658046722,0.3249287009239197,0.7074272632598877,0.7258238792419434,288.166015625,15.016015625000025,SMAP_L4_SM_gph_20231211T133000_Vv8010_001.h5
2023-12-12,2023-12-12 13:28:55+00:00,4.533,-75.681,0.3096223771572113,0.3230487704277038,0.6918925642967224,0.7217905521392822,288.13818359375,14.988183593750025,SMAP_L4_SM_gph_20231212T133000_Vv8010_001.h5
2023-12-13,2023-12-13 13:28:55+00:00,4.533,-75.681,0.3035483956336975,0.3209609687328338,0.6779900789260864,0.7171192169189453,288.41650390625,15.266503906250025,SMAP_L4_SM_gph_20231213T133000_Vv8010_001.h5
2023-12-14,2023-12-14 13:28:55+00:00,4.533,-75.681,0.3034774959087372,0.319844126701355,0.6779319643974304,0.7146303653717041,288.2687683105469,15.118768310546898,SMAP_L4_SM_gph_20231214T133000_Vv8010_001.h5
2023-12-15,2023-12-15 13:28:55+00:00,4.533,-75.681,0.326331228017807,0.3241816163063049,0.7289677858352661,0.7242479920387268,288.7980041503906,15.648004150390648,SMAP_L4_SM_gph_20231215T133000_Vv8010_001.h5
2023-12-16,2023-12-16 13:28:55+00:00,4.533,-75.681,0.324950635433197,0.3254330456256866,0.7261103391647339,0.727013349533081,288.9874267578125,15.837426757812525,SMAP_L4_SM_gph_20231216T133000_Vv8010_001.h5
2023-12-17,2023-12-17 13:28:55+00:00,4.533,-75.681,0.3410448133945465,0.3323287665843963,0.762109637260437,0.7422325015068054,288.5336608886719,15.383660888671898,SMAP_L4_SM_gph_20231217T133000_Vv8010_001.h5
2023-12-18,2023-12-18 13:28:55+00:00,4.533,-75.681,0.3320290148258209,0.3338376581668854,0.7416206002235413,0.7457648515701294,288.79071044921875,15.640710449218773,SMAP_L4_SM_gph_20231218T133000_Vv8010_001.h5
2023-12-19,2023-12-19 13:28:55+00:00,4.533,-75.681,0.3395240306854248,0.3337104320526123,0.7584240436553955,0.7457514405250549,289.0278015136719,15.877801513671898,SMAP_L4_SM_gph_20231219T133000_Vv8010_001.h5
2023-12-20,2023-12-20 13:28:55+00:00,4.533,-75.681,0.3290283381938934,0.3341462314128876,0.7350836992263794,0.7465919256210327,288.5201416015625,15.370141601562525,SMAP_L4_SM_gph_20231220T133000_Vv8010_001.h5
2023-12-21,2023-12-21 13:28:55+00:00,4.533,-75.681,0.3319649994373321,0.3342518806457519,0.7415517568588257,0.7467933297157288,288.95489501953125,15.804895019531273,SMAP_L4_SM_gph_20231221T133000_Vv8010_001.h5
2023-12-22,2023-12-22 13:28:55+00:00,4.533,-75.681,0.3174571394920349,0.3308810591697693,0.7093451023101807,0.7393473982810974,288.4052124023437,15.255212402343773,SMAP_L4_SM_gph_20231222T133000_Vv8010_001.h5
2023-12-23,2023-12-23 13:28:55+00:00,4.533,-75.681,0.3128545582294464,0.3287366926670074,0.6989588737487793,0.7346018552780151,288.4667053222656,15.316705322265648,SMAP_L4_SM_gph_20231223T133000_Vv8010_001.h5
2023-12-24,2023-12-24 13:28:55+00:00,4.533,-75.681,0.3229918479919433,0.3295561671257019,0.7217280268669128,0.7362927794456482,288.4459533691406,15.295953369140648,SMAP_L4_SM_gph_20231224T133000_Vv8010_001.h5
2023-12-25,2023-12-25 13:28:55+00:00,4.533,-75.681,0.3273939788341522,0.328729897737503,0.7313522696495056,0.7344129085540771,289.30535888671875,16.155358886718773,SMAP_L4_SM_gph_20231225T133000_Vv8010_001.h5
2023-12-26,2023-12-26 13:28:55+00:00,4.533,-75.681,0.3430916965007782,0.3375989198684692,0.766360878944397,0.7540788650512695,288.82550048828125,15.675500488281273,SMAP_L4_SM_gph_20231226T133000_Vv8010_001.h5
2023-12-27,2023-12-27 13:28:55+00:00,4.533,-75.681,0.3344039022922516,0.3418237566947937,0.7470697164535522,0.7637940645217896,288.689697265625,15.539697265625025,SMAP_L4_SM_gph_20231227T133000_Vv8010_001.h5
2023-12-28,2023-12-28 13:28:55+00:00,4.533,-75.681,0.3374675214290619,0.3386840522289276,0.7541259527206421,0.7567064166069031,288.53338623046875,15.383386230468773,SMAP_L4_SM_gph_20231228T133000_Vv8010_001.h5
2023-12-29,2023-12-29 13:28:55+00:00,4.533,-75.681,0.3318947851657867,0.3367306292057037,0.7415892481803894,0.7523112297058105,288.23321533203125,15.083215332031273,SMAP_L4_SM_gph_20231229T133000_Vv8010_001.h5
2023-12-30,2023-12-30 13:28:55+00:00,4.533,-75.681,0.3283699750900268,0.3356979489326477,0.7336985468864441,0.7500643134117126,288.1907958984375,15.040795898437525,SMAP_L4_SM_gph_20231230T133000_Vv8010_001.h5
2023-12-31,2023-12-31 13:28:55+00:00,4.533,-75.681,0.325892299413681,0.3343991339206695,0.7281572222709656,0.7472270727157593,287.7362365722656,14.586236572265648,SMAP_L4_SM_gph_20231231T133000_Vv8010_001.h5
2024-01-01,2024-01-01 13:28:55+00:00,4.533,-75.681,0.3338324427604675,0.3347732126712799,0.7459854483604431,0.748001754283905,288.155029296875,15.005029296875025,SMAP_L4_SM_gph_20240101T133000_Vv8010_001.h5
2024-01-02,2024-01-02 13:28:55+00:00,4.533,-75.681,0.3300778567790985,0.3351283371448517,0.7375852465629578,0.7489495277404785,288.0975341796875,14.947534179687525,SMAP_L4_SM_gph_20240102T133000_Vv8010_001.h5
2024-01-03,2024-01-03 13:28:55+00:00,4.533,-75.681,0.3233719170093536,0.3334411084651947,0.7223075032234192,0.7448340058326721,288.0840148925781,14.934014892578148,SMAP_L4_SM_gph_20240103T133000_Vv8010_001.h5
2024-01-04,2024-01-04 13:28:55+00:00,4.533,-75.681,0.3169728517532348,0.3316965997219085,0.7080157995223999,0.7411011457443237,288.1646728515625,15.014672851562525,SMAP_L4_SM_gph_20240104T133000_Vv8010_001.h5
2024-01-05,2024-01-05 13:28:55+00:00,4.533,-75.681,0.316506415605545,0.3308156430721283,0.7071940302848816,0.7389825582504272,287.8910827636719,14.741082763671898,SMAP_L4_SM_gph_20240105T133000_Vv8010_001.h5
2024-01-06,2024-01-06 13:28:55+00:00,4.533,-75.681,0.3098808825016022,0.3288073539733886,0.6923596858978271,0.734688401222229,287.2899780273437,14.139978027343773,SMAP_L4_SM_gph_20240106T133000_Vv8010_001.h5
2024-01-07,2024-01-07 13:28:55+00:00,4.533,-75.681,0.3042353987693786,0.3266919255256653,0.679781436920166,0.7300420999526978,287.3005065917969,14.150506591796898,SMAP_L4_SM_gph_20240107T133000_Vv8010_001.h5
2024-01-08,2024-01-08 13:28:55+00:00,4.533,-75.681,0.2991050779819488,0.3246928751468658,0.6683215498924255,0.7252604365348816,287.2629089355469,14.112908935546898,SMAP_L4_SM_gph_20240108T133000_Vv8010_001.h5
2024-01-09,2024-01-09 13:28:55+00:00,4.533,-75.681,0.2930330336093902,0.3224735558032989,0.6546651124954224,0.7203441262245178,287.2928466796875,14.142846679687525,SMAP_L4_SM_gph_20240109T133000_Vv8010_001.h5
2024-01-10,2024-01-10 13:28:55+00:00,4.533,-75.681,0.3000480234622955,0.3215508460998535,0.6703698039054871,0.7184581756591797,287.2154541015625,14.065454101562525,SMAP_L4_SM_gph_20240110T133000_Vv8010_001.h5
2024-01-11,2024-01-11 13:28:55+00:00,4.533,-75.681,0.2980931401252746,0.3204032182693481,0.665991485118866,0.7157683372497559,287.93927001953125,14.789270019531273,SMAP_L4_SM_gph_20240111T133000_Vv8010_001.h5
2024-01-12,2024-01-12 13:28:55+00:00,4.533,-75.681,0.3064750730991363,0.3201283514499664,0.6846299767494202,0.7151500582695007,288.31060791015625,15.160607910156273,SMAP_L4_SM_gph_20240112T133000_Vv8010_001.h5
2024-01-13,2024-01-13 13:28:55+00:00,4.533,-75.681,0.3273676633834839,0.3254340291023254,0.7314552068710327,0.7269182205200195,288.4697570800781,15.319757080078148,SMAP_L4_SM_gph_20240113T133000_Vv8010_001.h5
2024-01-14,2024-01-14 13:28:55+00:00,4.533,-75.681,0.3180158734321594,0.3245523869991302,0.7104708552360535,0.7251386642456055,287.68121337890625,14.531213378906273,SMAP_L4_SM_gph_20240114T133000_Vv8010_001.h5
2024-01-15,2024-01-15 13:28:55+00:00,4.533,-75.681,0.3072457015514374,0.3215409219264984,0.6864744424819946,0.7185050845146179,287.4913635253906,14.341363525390648,SMAP_L4_SM_gph_20240115T133000_Vv8010_001.h5
2024-01-16,2024-01-16 13:28:55+00:00,4.533,-75.681,0.2966944575309753,0.3187684118747711,0.662848949432373,0.7122253775596619,287.2354431152344,14.085443115234398,SMAP_L4_SM_gph_20240116T133000_Vv8010_001.h5
2024-01-17,2024-01-17 13:28:55+00:00,4.533,-75.681,0.2846646904945373,0.3158245980739593,0.6360160112380981,0.7056202292442322,287.4459228515625,14.295922851562525,SMAP_L4_SM_gph_20240117T133000_Vv8010_001.h5
2024-01-18,2024-01-18 13:28:55+00:00,4.533,-75.681,0.2870242595672607,0.3141472637653351,0.6413509845733643,0.7017232775688171,287.974609375,14.824609375000025,SMAP_L4_SM_gph_20240118T133000_Vv8010_001.h5
2024-01-19,2024-01-19 13:28:55+00:00,4.533,-75.681,0.2848592102527618,0.3125759661197662,0.6365424990653992,0.6984187960624695,288.0680236816406,14.918023681640648,SMAP_L4_SM_gph_20240119T133000_Vv8010_001.h5
2024-01-20,2024-01-20 13:28:55+00:00,4.533,-75.681,0.2965771555900574,0.3123859167098999,0.6627627611160278,0.6979252099990845,288.0630187988281,14.913018798828148,SMAP_L4_SM_gph_20240120T133000_Vv8010_001.h5
2024-01-21,2024-01-21 13:28:55+00:00,4.533,-75.681,0.2996009588241577,0.3121669590473175,0.6692696213722229,0.6975518465042114,288.06689453125,14.916894531250025,SMAP_L4_SM_gph_20240121T133000_Vv8010_001.h5
2024-01-22,2024-01-22 13:28:55+00:00,4.533,-75.681,0.3071609139442444,0.312524139881134,0.6862374544143677,0.6980165243148804,288.10693359375,14.956933593750025,SMAP_L4_SM_gph_20240122T133000_Vv8010_001.h5
2024-01-23,2024-01-23 13:28:55+00:00,4.533,-75.681,0.2970605194568634,0.3106135129928589,0.6637157797813416,0.6939999461174011,287.97003173828125,14.820031738281273,SMAP_L4_SM_gph_20240123T133000_Vv8010_001.h5
2024-01-24,2024-01-24 13:28:55+00:00,4.533,-75.681,0.2838659584522247,0.3081153035163879,0.6341628432273865,0.6884576082229614,287.4874267578125,14.337426757812525,SMAP_L4_SM_gph_20240124T133000_Vv8010_001.h5
2024-01-25,2024-01-25 13:28:55+00:00,4.533,-75.681,0.2759576439857483,0.3056108653545379,0.6164451837539673,0.682946503162384,287.6206970214844,14.470697021484398,SMAP_L4_SM_gph_20240125T133000_Vv8010_001.h5
2024-01-26,2024-01-26 13:28:55+00:00,4.533,-75.681,0.2750393152236938,0.3043399453163147,0.6143288016319275,0.6798865795135498,287.9089660644531,14.758966064453148,SMAP_L4_SM_gph_20240126T133000_Vv8010_001.h5
2024-01-27,2024-01-27 13:28:55+00:00,4.533,-75.681,0.2789019048213959,0.3037639558315277,0.6229580640792847,0.6786569356918335,287.8707275390625,14.720727539062525,SMAP_L4_SM_gph_20240127T133000_Vv8010_001.h5
2024-01-28,2024-01-28 13:28:55+00:00,4.533,-75.681,0.2812270522117615,0.3031985759735107,0.6283899545669556,0.6773343682289124,288.6307373046875,15.480737304687525,SMAP_L4_SM_gph_20240128T133000_Vv8010_001.h5
2024-01-29,2024-01-29 13:28:55+00:00,4.533,-75.681,0.2826351225376129,0.3027187287807464,0.6313716173171997,0.6762584447860718,288.6059875488281,15.455987548828148,SMAP_L4_SM_gph_20240129T133000_Vv8010_001.h5
2024-01-30,2024-01-30 13:28:55+00:00,4.533,-75.681,0.276592493057251,0.3011323511600494,0.6181225180625916,0.6728644967079163,288.3495483398437,15.199548339843773,SMAP_L4_SM_gph_20240130T133000_Vv8010_001.h5
2024-01-31,2024-01-31 13:28:55+00:00,4.533,-75.681,0.2749413549900055,0.3003990352153778,0.6141654253005981,0.6712517738342285,288.10369873046875,14.953698730468773,SMAP_L4_SM_gph_20240131T133000_Vv8010_001.h5
2024-02-01,2024-02-01 13:28:55+00:00,4.533,-75.681,0.2858705818653106,0.3006129860877991,0.6385945081710815,0.6716362833976746,288.25152587890625,15.101525878906273,SMAP_L4_SM_gph_20240201T133000_Vv8010_001.h5
2024-02-02,2024-02-02 13:28:55+00:00,4.533,-75.681,0.2908907234668731,0.3011387884616852,0.6501038670539856,0.6727355718612671,289.0733642578125,15.923364257812525,SMAP_L4_SM_gph_20240202T133000_Vv8010_001.h5
2024-02-03,2024-02-03 13:28:55+00:00,4.533,-75.681,0.3107451796531677,0.3115539848804474,0.6942287683486938,0.6960307359695435,288.5802917480469,15.430291748046898,SMAP_L4_SM_gph_20240203T133000_Vv8010_001.h5
2024-02-04,2024-02-04 13:28:55+00:00,4.533,-75.681,0.3340787291526794,0.3340926170349121,0.74636310338974,0.7464276552200317,288.2245788574219,15.074578857421898,SMAP_L4_SM_gph_20240204T133000_Vv8010_001.h5
2024-02-05,2024-02-05 13:28:55+00:00,4.533,-75.681,0.32820925116539,0.332455575466156,0.7332053184509277,0.7429773211479187,288.1409912109375,14.990991210937525,SMAP_L4_SM_gph_20240205T133000_Vv8010_001.h5
2024-02-06,2024-02-06 13:28:55+00:00,4.533,-75.681,0.3360720574855804,0.3369517028331756,0.7507825493812561,0.7528136968612671,288.67266845703125,15.522668457031273,SMAP_L4_SM_gph_20240206T133000_Vv8010_001.h5
2024-02-07,2024-02-07 13:28:55+00:00,4.533,-75.681,0.3260090351104736,0.3318182229995727,0.7284138798713684,0.7414917945861816,287.6943054199219,14.544305419921898,SMAP_L4_SM_gph_20240207T133000_Vv8010_001.h5
2024-02-08,2024-02-08 13:28:55+00:00,4.533,-75.681,0.3217490017414093,0.3275805413722992,0.7186616659164429,0.731816828250885,287.82452392578125,14.674523925781273,SMAP_L4_SM_gph_20240208T133000_Vv8010_001.h5
2024-02-09,2024-02-09 13:28:55+00:00,4.533,-75.681,0.3087023496627807,0.3235565721988678,0.689737856388092,0.7227950096130371,288.15045166015625,15.000451660156273,SMAP_L4_SM_gph_20240209T133000_Vv8010_001.h5
2024-02-10,2024-02-10 13:28:55+00:00,4.533,-75.681,0.2988092303276062,0.3201642334461212,0.6675333976745605,0.7152191400527954,288.452880859375,15.302880859375025,SMAP_L4_SM_gph_20240210T133000_Vv8010_001.h5
2024-02-11,2024-02-11 13:28:55+00:00,4.533,-75.681,0.2937402725219726,0.3176791369915008,0.6561030149459839,0.709734320640564,288.3052978515625,15.155297851562525,SMAP_L4_SM_gph_20240211T133000_Vv8010_001.h5
2024-02-12,2024-02-12 13:28:55+00:00,4.533,-75.681,0.3050511181354522,0.3173501789569855,0.6816745400428772,0.7090989947319031,288.0417785644531,14.891778564453148,SMAP_L4_SM_gph_20240212T133000_Vv8010_001.h5
2024-02-13,2024-02-13 13:28:55+00:00,4.533,-75.681,0.301923394203186,0.3160373866558075,0.674567699432373,0.7060776948928833,288.347412109375,15.197412109375025,SMAP_L4_SM_gph_20240213T133000_Vv8010_001.h5
2024-02-14,2024-02-14 13:28:55+00:00,4.533,-75.681,0.2995753884315491,0.3147686719894409,0.6691474914550781,0.7032667398452759,288.355224609375,15.205224609375025,SMAP_L4_SM_gph_20240214T133000_Vv8010_001.h5
2024-02-15,2024-02-15 13:28:55+00:00,4.533,-75.681,0.2855682373046875,0.31196990609169,0.6378940939903259,0.696942150592804,288.4092102050781,15.259210205078148,SMAP_L4_SM_gph_20240215T133000_Vv8010_001.h5
2024-02-16,2024-02-16 13:28:55+00:00,4.533,-75.681,0.2911652028560638,0.3110579550266266,0.6504569053649902,0.6948392391204834,288.9484558105469,15.798455810546898,SMAP_L4_SM_gph_20240216T133000_Vv8010_001.h5
2024-02-17,2024-02-17 13:28:55+00:00,4.533,-75.681,0.2902806103229522,0.3097378313541412,0.6486971974372864,0.6918945908546448,288.8768920898437,15.726892089843773,SMAP_L4_SM_gph_20240217T133000_Vv8010_001.h5
2024-02-18,2024-02-18 13:28:55+00:00,4.533,-75.681,0.2884914577007293,0.3084547519683838,0.6446467638015747,0.6890465617179871,289.098388671875,15.948388671875025,SMAP_L4_SM_gph_20240218T133000_Vv8010_001.h5
2024-02-19,2024-02-19 13:28:55+00:00,4.533,-75.681,0.2996919751167297,0.3093237578868866,0.66949862241745,0.6910374164581299,288.5849304199219,15.434930419921898,SMAP_L4_SM_gph_20240219T133000_Vv8010_001.h5
2024-02-20,2024-02-20 13:28:55+00:00,4.533,-75.681,0.3059227168560028,0.3098058402538299,0.6836643218994141,0.6922418475151062,289.08856201171875,15.938562011718773,SMAP_L4_SM_gph_20240220T133000_Vv8010_001.h5
2024-02-21,2024-02-21 13:28:55+00:00,4.533,-75.681,0.3113963007926941,0.3099980056285858,0.6957190632820129,0.6925948858261108,289.05718994140625,15.907189941406273,SMAP_L4_SM_gph_20240221T133000_Vv8010_001.h5
2024-02-22,2024-02-22 13:28:55+00:00,4.533,-75.681,0.3001476526260376,0.3094348013401031,0.6706843376159668,0.6914235949516296,287.6095886230469,14.459588623046898,SMAP_L4_SM_gph_20240222T133000_Vv8010_001.h5
2024-02-23,2024-02-23 13:28:55+00:00,4.533,-75.681,0.2936693131923675,0.3080473840236664,0.6561577916145325,0.6882069110870361,288.0361633300781,14.886163330078148,SMAP_L4_SM_gph_20240223T133000_Vv8010_001.h5
2024-02-24,2024-02-24 13:28:55+00:00,4.533,-75.681,0.291137158870697,0.3068127632141113,0.6505579352378845,0.6854119300842285,288.1944274902344,15.044427490234398,SMAP_L4_SM_gph_20240224T133000_Vv8010_001.h5
2024-02-25,2024-02-25 13:28:55+00:00,4.533,-75.681,0.2943321466445923,0.3066913485527038,0.6575478315353394,0.6851695775985718,288.23516845703125,15.085168457031273,SMAP_L4_SM_gph_20240225T133000_Vv8010_001.h5
2024-02-26,2024-02-26 13:28:55+00:00,4.533,-75.681,0.2960351705551147,0.306333988904953,0.6611669063568115,0.6844601631164551,287.30279541015625,14.152795410156273,SMAP_L4_SM_gph_20240226T133000_Vv8010_001.h5
2024-02-27,2024-02-27 13:28:55+00:00,4.533,-75.681,0.3092739582061767,0.3097095489501953,0.691161036491394,0.6919914484024048,287.7548217773437,14.604821777343773,SMAP_L4_SM_gph_20240227T133000_Vv8010_001.h5
2024-02-28,2024-02-28 13:28:55+00:00,4.533,-75.681,0.3055308163166046,0.3107743561267853,0.6825106143951416,0.6941007375717163,287.9395751953125,14.789575195312525,SMAP_L4_SM_gph_20240228T133000_Vv8010_001.h5
2024-02-29,2024-02-29 13:28:55+00:00,4.533,-75.681,0.2933747172355652,0.3077454268932342,0.6554261445999146,0.6875683665275574,288.16375732421875,15.013757324218773,SMAP_L4_SM_gph_20240229T133000_Vv8010_001.h5
2024-03-01,2024-03-01 13:28:55+00:00,4.533,-75.681,0.295558899641037,0.3066889643669128,0.6603895425796509,0.6852366328239441,289.0165405273437,15.866540527343773,SMAP_L4_SM_gph_20240301T133000_Vv8010_001.h5
2024-03-02,2024-03-02 13:28:55+00:00,4.533,-75.681,0.2992185354232788,0.3069598972797394,0.6684433221817017,0.6857945919036865,288.5915832519531,15.441583251953148,SMAP_L4_SM_gph_20240302T133000_Vv8010_001.h5
2024-03-03,2024-03-03 13:28:55+00:00,4.533,-75.681,0.3020024001598358,0.3066804409027099,0.6747472882270813,0.6852145195007324,288.4333801269531,15.283380126953148,SMAP_L4_SM_gph_20240303T133000_Vv8010_001.h5
2024-03-04,2024-03-04 13:28:55+00:00,4.533,-75.681,0.3047709763050079,0.308307021856308,0.6810163259506226,0.6887356638908386,288.49908447265625,15.349084472656273,SMAP_L4_SM_gph_20240304T133000_Vv8010_001.h5
2024-03-05,2024-03-05 13:28:55+00:00,4.533,-75.681,0.3044969737529754,0.3077976703643799,0.6801205277442932,0.6877042055130005,288.91229248046875,15.762292480468773,SMAP_L4_SM_gph_20240305T133000_Vv8010_001.h5
2024-03-06,2024-03-06 13:28:55+00:00,4.533,-75.681,0.2952786386013031,0.3059790134429931,0.659636378288269,0.683586061000824,288.58056640625,15.430566406250025,SMAP_L4_SM_gph_20240306T133000_Vv8010_001.h5
2024-03-07,2024-03-07 13:28:55+00:00,4.533,-75.681,0.2828371524810791,0.3036361634731293,0.631851315498352,0.678227424621582,288.6091003417969,15.459100341796898,SMAP_L4_SM_gph_20240307T133000_Vv8010_001.h5
2024-03-08,2024-03-08 13:28:55+00:00,4.533,-75.681,0.2757205665111542,0.3015693724155426,0.6160925626754761,0.6736106276512146,288.82452392578125,15.674523925781273,SMAP_L4_SM_gph_20240308T133000_Vv8010_001.h5
2024-03-09,2024-03-09 13:28:55+00:00,4.533,-75.681,0.2935777008533478,0.3021089434623718,0.6559247374534607,0.6749650835990906,289.49273681640625,16.342736816406273,SMAP_L4_SM_gph_20240309T133000_Vv8010_001.h5
2024-03-10,2024-03-10 13:28:55+00:00,4.533,-75.681,0.3024299144744873,0.3045701682567596,0.675508975982666,0.6803139448165894,289.0941467285156,15.944146728515648,SMAP_L4_SM_gph_20240310T133000_Vv8010_001.h5
2024-03-11,2024-03-11 13:28:55+00:00,4.533,-75.681,0.2847219109535217,0.3017599582672119,0.6361359357833862,0.6742036938667297,289.0005187988281,15.850518798828148,SMAP_L4_SM_gph_20240311T133000_Vv8010_001.h5
2024-03-12,2024-03-12 13:28:55+00:00,4.533,-75.681,0.2839530110359192,0.3002360165119171,0.6343144774436951,0.6708759069442749,289.0325622558594,15.882562255859398,SMAP_L4_SM_gph_20240312T133000_Vv8010_001.h5
2024-03-13,2024-03-13 13:28:55+00:00,4.533,-75.681,0.2796340882778168,0.2990452945232391,0.6247034072875977,0.6679508090019226,289.1114501953125,15.961450195312525,SMAP_L4_SM_gph_20240313T133000_Vv8010_001.h5
2024-03-14,2024-03-14 13:28:55+00:00,4.533,-75.681,0.2805361151695251,0.2984344065189361,0.6267802119255066,0.6667287945747375,289.27069091796875,16.120690917968773,SMAP_L4_SM_gph_20240314T133000_Vv8010_001.h5
2024-03-15,2024-03-15 13:28:55+00:00,4.533,-75.681,0.2731439471244812,0.2963278889656067,0.6102586388587952,0.6620087027549744,289.5743408203125,16.424340820312523,SMAP_L4_SM_gph_20240315T133000_Vv8010_001.h5
2024-03-16,2024-03-16 13:28:55+00:00,4.533,-75.681,0.2733132541179657,0.2951917946338653,0.6104952692985535,0.6594699025154114,289.38623046875,16.236230468750023,SMAP_L4_SM_gph_20240316T133000_Vv8010_001.h5
2024-03-17,2024-03-17 13:28:55+00:00,4.533,-75.681,0.2767822444438934,0.2945634126663208,0.6184349060058594,0.6582024097442627,289.5395812988281,16.389581298828148,SMAP_L4_SM_gph_20240317T133000_Vv8010_001.h5
2024-03-18,2024-03-18 13:28:55+00:00,4.533,-75.681,0.2653695344924927,0.2922796905040741,0.5929796695709229,0.6531679630279541,289.1042175292969,15.954217529296898,SMAP_L4_SM_gph_20240318T133000_Vv8010_001.h5
2024-03-19,2024-03-19 13:28:55+00:00,4.533,-75.681,0.2943059802055359,0.2954831123352051,0.657571017742157,0.6600808501243591,289.4078674316406,16.257867431640648,SMAP_L4_SM_gph_20240319T133000_Vv8010_001.h5
2024-03-20,2024-03-20 13:28:55+00:00,4.533,-75.681,0.3032846748828888,0.3054325580596924,0.6777216196060181,0.6822140216827393,289.6145935058594,16.464593505859398,SMAP_L4_SM_gph_20240320T133000_Vv8010_001.h5
2024-03-21,2024-03-21 13:28:55+00:00,4.533,-75.681,0.3087540864944458,0.3040970265865326,0.6898263692855835,0.6793031096458435,289.70660400390625,16.556604003906273,SMAP_L4_SM_gph_20240321T133000_Vv8010_001.h5
2024-03-22,2024-03-22 13:28:55+00:00,4.533,-75.681,0.2976902425289154,0.3035169839859009,0.6652655601501465,0.6781612038612366,288.2894897460937,15.139489746093773,SMAP_L4_SM_gph_20240322T133000_Vv8010_001.h5
2024-03-23,2024-03-23 13:28:55+00:00,4.533,-75.681,0.2865490615367889,0.3001799881458282,0.640150785446167,0.6705596446990967,289.13153076171875,15.981530761718773,SMAP_L4_SM_gph_20240323T133000_Vv8010_001.h5
2024-03-24,2024-03-24 13:28:55+00:00,4.533,-75.681,0.2910392880439758,0.2996052205562591,0.6502816081047058,0.6694315671920776,289.3524780273437,16.202478027343773,SMAP_L4_SM_gph_20240324T133000_Vv8010_001.h5
2024-03-25,2024-03-25 13:28:55+00:00,4.533,-75.681,0.3050476610660553,0.3024309575557709,0.6814049482345581,0.675582230091095,289.4555053710937,16.305505371093773,SMAP_L4_SM_gph_20240325T133000_Vv8010_001.h5
2024-03-26,2024-03-26 13:28:55+00:00,4.533,-75.681,0.2921844124794006,0.3003103733062744,0.6529223918914795,0.6708992719650269,288.62109375,15.471093750000025,SMAP_L4_SM_gph_20240326T133000_Vv8010_001.h5
2024-03-27,2024-03-27 13:28:55+00:00,4.533,-75.681,0.2978377640247345,0.3004394769668579,0.6654911041259766,0.6710878610610962,288.5872497558594,15.437249755859398,SMAP_L4_SM_gph_20240327T133000_Vv8010_001.h5
2024-03-28,2024-03-28 13:28:55+00:00,4.533,-75.681,0.2910330891609192,0.2995423674583435,0.6502751111984253,0.6690975427627563,288.3171691894531,15.167169189453148,SMAP_L4_SM_gph_20240328T133000_Vv8010_001.h5
2024-03-29,2024-03-29 13:28:55+00:00,4.533,-75.681,0.2869612872600555,0.2986626029014587,0.6411001682281494,0.6670787334442139,288.9447021484375,15.794702148437525,SMAP_L4_SM_gph_20240329T133000_Vv8010_001.h5
2024-03-30,2024-03-30 13:28:55+00:00,4.533,-75.681,0.2850123941898346,0.2978376448154449,0.6366921663284302,0.6652023196220398,288.33074951171875,15.180749511718773,SMAP_L4_SM_gph_20240330T133000_Vv8010_001.h5
2024-03-31,2024-03-31 13:28:55+00:00,4.533,-75.681,0.2991854548454284,0.2994402050971985,0.6684260964393616,0.669075608253479,288.6395874023437,15.489587402343773,SMAP_L4_SM_gph_20240331T133000_Vv8010_001.h5
2024-04-01,2024-04-01 13:28:55+00:00,4.533,-75.681,0.3081359267234802,0.3067928254604339,0.688469648361206,0.6855069994926453,289.0322265625,15.882226562500025,SMAP_L4_SM_gph_20240401T133000_Vv8010_001.h5
2024-04-02,2024-04-02 13:28:55+00:00,4.533,-75.681,0.3206232488155365,0.3169839382171631,0.7161511778831482,0.7080485820770264,288.9513854980469,15.801385498046898,SMAP_L4_SM_gph_20240402T133000_Vv8010_001.h5
2024-04-03,2024-04-03 13:28:55+00:00,4.533,-75.681,0.3230791091918945,0.3244493007659912,0.7216870784759521,0.724870502948761,288.7318725585937,15.581872558593773,SMAP_L4_SM_gph_20240403T133000_Vv8010_001.h5
2024-04-04,2024-04-04 13:28:55+00:00,4.533,-75.681,0.3274080157279968,0.3231981098651886,0.7314587831497192,0.7221056818962097,288.6888427734375,15.538842773437525,SMAP_L4_SM_gph_20240404T133000_Vv8010_001.h5
2024-04-05,2024-04-05 13:28:55+00:00,4.533,-75.681,0.3164071440696716,0.3189932107925415,0.7071423530578613,0.7125157713890076,288.78192138671875,15.631921386718773,SMAP_L4_SM_gph_20240405T133000_Vv8010_001.h5
2024-04-06,2024-04-06 13:28:55+00:00,4.533,-75.681,0.3112281858921051,0.3141354024410248,0.6954803466796875,0.7018386125564575,288.6402587890625,15.490258789062525,SMAP_L4_SM_gph_20240406T133000_Vv8010_001.h5
2024-04-07,2024-04-07 13:28:55+00:00,4.533,-75.681,0.310793399810791,0.3157468438148498,0.6944301128387451,0.705564558506012,288.3929443359375,15.242944335937525,SMAP_L4_SM_gph_20240407T133000_Vv8010_001.h5
2024-04-08,2024-04-08 13:28:55+00:00,4.533,-75.681,0.3035202324390411,0.3129066526889801,0.678145706653595,0.6991320848464966,288.8675842285156,15.717584228515648,SMAP_L4_SM_gph_20240408T133000_Vv8010_001.h5
2024-04-09,2024-04-09 13:28:55+00:00,4.533,-75.681,0.3029935956001282,0.3115063011646271,0.676974892616272,0.695808470249176,289.24615478515625,16.096154785156273,SMAP_L4_SM_gph_20240409T133000_Vv8010_001.h5
2024-04-10,2024-04-10 13:28:55+00:00,4.533,-75.681,0.2908203899860382,0.3089346885681152,0.6497218012809753,0.6901721954345703,288.4271240234375,15.277124023437525,SMAP_L4_SM_gph_20240410T133000_Vv8010_001.h5
2024-04-11,2024-04-11 13:28:55+00:00,4.533,-75.681,0.2840169370174408,0.3067165315151214,0.6344926953315735,0.6853084564208984,288.663330078125,15.513330078125025,SMAP_L4_SM_gph_20240411T133000_Vv8010_001.h5
2024-04-12,2024-04-12 13:28:55+00:00,4.533,-75.681,0.278362512588501,0.3049567639827728,0.6218869090080261,0.6813435554504395,288.7313842773437,15.581384277343773,SMAP_L4_SM_gph_20240412T133000_Vv8010_001.h5
2024-04-13,2024-04-13 13:28:55+00:00,4.533,-75.681,0.2750146687030792,0.3029566407203674,0.6144701242446899,0.6767531633377075,288.98638916015625,15.836389160156273,SMAP_L4_SM_gph_20240413T133000_Vv8010_001.h5
2024-04-14,2024-04-14 13:28:55+00:00,4.533,-75.681,0.2761403322219848,0.3016354441642761,0.6171082854270935,0.6738064885139465,289.8808288574219,16.730828857421898,SMAP_L4_SM_gph_20240414T133000_Vv8010_001.h5
2024-04-15,2024-04-15 13:28:55+00:00,4.533,-75.681,0.2871468663215637,0.3018083274364471,0.641620397567749,0.6744268536567688,289.7690124511719,16.619012451171898,SMAP_L4_SM_gph_20240415T133000_Vv8010_001.h5
2024-04-16,2024-04-16 13:28:55+00:00,4.533,-75.681,0.2925321161746979,0.3025092482566833,0.6534857153892517,0.6758098006248474,289.3349609375,16.184960937500023,SMAP_L4_SM_gph_20240416T133000_Vv8010_001.h5
2024-04-17,2024-04-17 13:28:55+00:00,4.533,-75.681,0.297248363494873,0.3026313483715057,0.6642746329307556,0.6760540008544922,289.1735534667969,16.023553466796898,SMAP_L4_SM_gph_20240417T133000_Vv8010_001.h5
2024-04-18,2024-04-18 13:28:55+00:00,4.533,-75.681,0.310101181268692,0.3079838752746582,0.6928369402885437,0.6882128715515137,289.16314697265625,16.013146972656273,SMAP_L4_SM_gph_20240418T133000_Vv8010_001.h5
2024-04-19,2024-04-19 13:28:55+00:00,4.533,-75.681,0.3340096771717071,0.3354651927947998,0.7463805079460144,0.7495324015617371,289.3098449707031,16.159844970703148,SMAP_L4_SM_gph_20240419T133000_Vv8010_001.h5
2024-04-20,2024-04-20 13:28:55+00:00,4.533,-75.681,0.330653965473175,0.3340717554092407,0.7386342287063599,0.7462999224662781,288.93408203125,15.784082031250025,SMAP_L4_SM_gph_20240420T133000_Vv8010_001.h5
2024-04-21,2024-04-21 13:28:55+00:00,4.533,-75.681,0.3450251221656799,0.3326312899589538,0.7707486748695374,0.7432628870010376,288.74200439453125,15.592004394531273,SMAP_L4_SM_gph_20240421T133000_Vv8010_001.h5
2024-04-22,2024-04-22 13:28:55+00:00,4.533,-75.681,0.3319757282733917,0.3282288014888763,0.7416911721229553,0.7332325577735901,287.9666748046875,14.816674804687525,SMAP_L4_SM_gph_20240422T133000_Vv8010_001.h5
2024-04-23,2024-04-23 13:28:55+00:00,4.533,-75.681,0.3289773464202881,0.3340035080909729,0.7351384162902832,0.7462692856788635,288.96795654296875,15.817956542968773,SMAP_L4_SM_gph_20240423T133000_Vv8010_001.h5
2024-04-24,2024-04-24 13:28:55+00:00,4.533,-75.681,0.3338372111320495,0.3345566987991333,0.7458959221839905,0.7475852966308594,288.5341796875,15.384179687500025,SMAP_L4_SM_gph_20240424T133000_Vv8010_001.h5
2024-04-25,2024-04-25 13:28:55+00:00,4.533,-75.681,0.3314926624298095,0.3338513374328613,0.7405526041984558,0.7459467649459839,288.8653564453125,15.715356445312525,SMAP_L4_SM_gph_20240425T133000_Vv8010_001.h5
2024-04-26,2024-04-26 13:28:55+00:00,4.533,-75.681,0.33301442861557,0.3329522907733917,0.7440497875213623,0.743877649307251,288.9720458984375,15.822045898437525,SMAP_L4_SM_gph_20240426T133000_Vv8010_001.h5
2024-04-27,2024-04-27 13:28:55+00:00,4.533,-75.681,0.3434813022613525,0.3385938704013824,0.7672277688980103,0.7563974261283875,288.78277587890625,15.632775878906273,SMAP_L4_SM_gph_20240427T133000_Vv8010_001.h5
2024-04-28,2024-04-28 13:28:55+00:00,4.533,-75.681,0.3489585518836975,0.3494437932968139,0.7795487642288208,0.7807742357254028,288.6667175292969,15.516717529296898,SMAP_L4_SM_gph_20240428T133000_Vv8010_001.h5
2024-04-29,2024-04-29 13:28:55+00:00,4.533,-75.681,0.3384757339954376,0.3444320857524872,0.7562627196311951,0.769452691078186,288.7268981933594,15.576898193359398,SMAP_L4_SM_gph_20240429T133000_Vv8010_001.h5
2024-04-30,2024-04-30 13:28:55+00:00,4.533,-75.681,0.3382143080234527,0.344521164894104,0.7556792497634888,0.7697578072547913,288.74639892578125,15.596398925781273,SMAP_L4_SM_gph_20240430T133000_Vv8010_001.h5
2024-05-01,2024-05-01 13:28:55+00:00,4.533,-75.681,0.3377495408058166,0.3460438847541809,0.7547098994255066,0.7731794714927673,289.0868225097656,15.936822509765648,SMAP_L4_SM_gph_20240501T133000_Vv8010_001.h5
2024-05-02,2024-05-02 13:28:55+00:00,4.533,-75.681,0.3413901329040527,0.3453001976013183,0.7627251148223877,0.7714411616325378,289.1146545410156,15.964654541015648,SMAP_L4_SM_gph_20240502T133000_Vv8010_001.h5
2024-05-03,2024-05-03 13:28:55+00:00,4.533,-75.681,0.3540892899036407,0.3566358089447021,0.7910097241401672,0.7968611717224121,289.24127197265625,16.091271972656273,SMAP_L4_SM_gph_20240503T133000_Vv8010_001.h5
2024-05-04,2024-05-04 13:28:55+00:00,4.533,-75.681,0.355539858341217,0.3551785945892334,0.7942811846733093,0.7933896780014038,289.0434265136719,15.893426513671898,SMAP_L4_SM_gph_20240504T133000_Vv8010_001.h5
2024-05-05,2024-05-05 13:28:55+00:00,4.533,-75.681,0.360732227563858,0.3675231635570526,0.8058260679244995,0.8212619423866272,288.4212646484375,15.271264648437525,SMAP_L4_SM_gph_20240505T133000_Vv8010_001.h5
2024-05-06,2024-05-06 13:28:55+00:00,4.533,-75.681,0.367465078830719,0.3770440816879272,0.8211358785629272,0.842256486415863,288.7940673828125,15.644067382812525,SMAP_L4_SM_gph_20240506T133000_Vv8010_001.h5
2024-05-07,2024-05-07 13:28:55+00:00,4.533,-75.681,0.3648457527160644,0.3796019256114959,0.8150852918624878,0.8481278419494629,288.7772827148437,15.627282714843773,SMAP_L4_SM_gph_20240507T133000_Vv8010_001.h5
2024-05-08,2024-05-08 13:28:55+00:00,4.533,-75.681,0.3703707158565521,0.3799821138381958,0.8274942636489868,0.848968505859375,289.563232421875,16.413232421875023,SMAP_L4_SM_gph_20240508T133000_Vv8010_001.h5
2024-05-09,2024-05-09 13:28:55+00:00,4.533,-75.681,0.3808628618717193,0.3911113142967224,0.8509253859519958,0.8737533688545227,289.28448486328125,16.134484863281273,SMAP_L4_SM_gph_20240509T133000_Vv8010_001.h5
2024-05-10,2024-05-10 13:28:55+00:00,4.533,-75.681,0.3769994378089905,0.3947734832763672,0.842462956905365,0.881981611251831,289.0497436523437,15.899743652343773,SMAP_L4_SM_gph_20240510T133000_Vv8010_001.h5
2024-05-11,2024-05-11 13:28:55+00:00,4.533,-75.681,0.3716819882392883,0.3925413489341736,0.8305394053459167,0.8769097924232483,288.4486694335937,15.298669433593773,SMAP_L4_SM_gph_20240511T133000_Vv8010_001.h5
2024-05-12,2024-05-12 13:28:55+00:00,4.533,-75.681,0.369928240776062,0.3881475925445556,0.8263807892799377,0.8673173189163208,288.6988220214844,15.548822021484398,SMAP_L4_SM_gph_20240512T133000_Vv8010_001.h5
2024-05-13,2024-05-13 13:28:55+00:00,4.533,-75.681,0.3733713328838348,0.3927557170391083,0.833976149559021,0.8775647878646851,289.1535949707031,16.003594970703148,SMAP_L4_SM_gph_20240513T133000_Vv8010_001.h5
2024-05-14,2024-05-14 13:28:55+00:00,4.533,-75.681,0.3725395202636719,0.3895976841449737,0.832084059715271,0.8702816367149353,288.9784545898437,15.828454589843773,SMAP_L4_SM_gph_20240514T133000_Vv8010_001.h5
2024-05-15,2024-05-15 13:28:55+00:00,4.533,-75.681,0.381555438041687,0.3933341205120086,0.8522525429725647,0.878873884677887,289.388916015625,16.238916015625023,SMAP_L4_SM_gph_20240515T133000_Vv8010_001.h5
2024-05-16,2024-05-16 13:28:55+00:00,4.533,-75.681,0.3771644830703735,0.3970617651939392,0.8426038026809692,0.8871006369590759,288.8868408203125,15.736840820312525,SMAP_L4_SM_gph_20240516T133000_Vv8010_001.h5
2024-05-17,2024-05-17 13:28:55+00:00,4.533,-75.681,0.3747439980506897,0.394113689661026,0.8370476961135864,0.8804610967636108,289.471923828125,16.321923828125023,SMAP_L4_SM_gph_20240517T133000_Vv8010_001.h5
2024-05-18,2024-05-18 13:28:55+00:00,4.533,-75.681,0.3710922300815582,0.3906310498714447,0.8291549682617188,0.8728970885276794,289.1953125,16.045312500000023,SMAP_L4_SM_gph_20240518T133000_Vv8010_001.h5
2024-05-19,2024-05-19 13:28:55+00:00,4.533,-75.681,0.364340215921402,0.3870438039302826,0.8138459920883179,0.8645458817481995,289.2182006835937,16.068200683593773,SMAP_L4_SM_gph_20240519T133000_Vv8010_001.h5
2024-05-20,2024-05-20 13:28:55+00:00,4.533,-75.681,0.3681191205978393,0.3864218890666961,0.8226110339164734,0.8632232546806335,289.02935791015625,15.879357910156273,SMAP_L4_SM_gph_20240520T133000_Vv8010_001.h5
2024-05-21,2024-05-21 13:28:55+00:00,4.533,-75.681,0.367499828338623,0.3844540417194366,0.8209107518196106,0.8589349389076233,289.0451354980469,15.895135498046898,SMAP_L4_SM_gph_20240521T133000_Vv8010_001.h5
2024-05-22,2024-05-22 13:28:55+00:00,4.533,-75.681,0.3648605644702911,0.3825056850910187,0.815101146697998,0.8544085025787354,289.10565185546875,15.955651855468773,SMAP_L4_SM_gph_20240522T133000_Vv8010_001.h5
2024-05-23,2024-05-23 13:28:55+00:00,4.533,-75.681,0.364917129278183,0.3815272152423858,0.8153297305107117,0.852378785610199,289.0419311523437,15.891931152343773,SMAP_L4_SM_gph_20240523T133000_Vv8010_001.h5
2024-05-24,2024-05-24 13:28:55+00:00,4.533,-75.681,0.359352558851242,0.3799097836017608,0.8029330372810364,0.8488535284996033,289.4273681640625,16.277368164062523,SMAP_L4_SM_gph_20240524T133000_Vv8010_001.h5
2024-05-25,2024-05-25 13:28:55+00:00,4.533,-75.681,0.3612584173679352,0.3780479431152344,0.807108998298645,0.8445510864257812,289.6726379394531,16.522637939453148,SMAP_L4_SM_gph_20240525T133000_Vv8010_001.h5
2024-05-26,2024-05-26 13:28:55+00:00,4.533,-75.681,0.3598947525024414,0.3770620822906494,0.8041568398475647,0.8424018025398254,289.0712585449219,15.921258544921898,SMAP_L4_SM_gph_20240526T133000_Vv8010_001.h5
2024-05-27,2024-05-27 13:28:55+00:00,4.533,-75.681,0.3600148856639862,0.3753945231437683,0.8042095303535461,0.8386757373809814,288.6252136230469,15.475213623046898,SMAP_L4_SM_gph_20240527T133000_Vv8010_001.h5
2024-05-28,2024-05-28 13:28:55+00:00,4.533,-75.681,0.3605032861232757,0.3739816844463348,0.8054119944572449,0.835319995880127,288.7728881835937,15.622888183593773,SMAP_L4_SM_gph_20240528T133000_Vv8010_001.h5
2024-05-29,2024-05-29 13:28:55+00:00,4.533,-75.681,0.3697119057178497,0.37705197930336,0.8258461356163025,0.8422771096229553,289.15087890625,16.000878906250023,SMAP_L4_SM_gph_20240529T133000_Vv8010_001.h5
2024-05-30,2024-05-30 13:28:55+00:00,4.533,-75.681,0.3634815812110901,0.3779950737953186,0.8120196461677551,0.8446314334869385,288.31396484375,15.163964843750025,SMAP_L4_SM_gph_20240530T133000_Vv8010_001.h5
2024-05-31,2024-05-31 13:28:55+00:00,4.533,-75.681,0.3564766645431518,0.3745104670524597,0.7966248989105225,0.8367452025413513,288.35870361328125,15.208703613281273,SMAP_L4_SM_gph_20240531T133000_Vv8010_001.h5
2024-06-01,2024-06-01 13:28:55+00:00,4.533,-75.681,0.3468677997589111,0.3708377778530121,0.7749337553977966,0.8283905982971191,288.56317138671875,15.413171386718773,SMAP_L4_SM_gph_20240601T133000_Vv8010_001.h5
2024-06-02,2024-06-02 13:28:55+00:00,4.533,-75.681,0.3429690599441528,0.3672408163547516,0.7663969397544861,0.8206014633178711,288.6546630859375,15.504663085937525,SMAP_L4_SM_gph_20240602T133000_Vv8010_001.h5
2024-06-03,2024-06-03 13:28:55+00:00,4.533,-75.681,0.3526307344436645,0.3660675287246704,0.787693202495575,0.8177222609519958,288.912353515625,15.762353515625025,SMAP_L4_SM_gph_20240603T133000_Vv8010_001.h5
2024-06-04,2024-06-04 13:28:55+00:00,4.533,-75.681,0.3547824621200561,0.3667769134044647,0.7926033139228821,0.8194440007209778,288.8593139648437,15.709313964843773,SMAP_L4_SM_gph_20240604T133000_Vv8010_001.h5
2024-06-05,2024-06-05 13:28:55+00:00,4.533,-75.681,0.3530828058719635,0.3660025596618652,0.7885941863059998,0.8178703784942627,288.2660827636719,15.116082763671898,SMAP_L4_SM_gph_20240605T133000_Vv8010_001.h5
2024-06-06,2024-06-06 13:28:55+00:00,4.533,-75.681,0.350942462682724,0.3657708168029785,0.7842426300048828,0.8169988393783569,288.37176513671875,15.221765136718773,SMAP_L4_SM_gph_20240606T133000_Vv8010_001.h5
2024-06-07,2024-06-07 13:28:55+00:00,4.533,-75.681,0.3465836346149444,0.3638164699077606,0.7743658423423767,0.8128452301025391,288.232421875,15.082421875000025,SMAP_L4_SM_gph_20240607T133000_Vv8010_001.h5
2024-06-08,2024-06-08 13:28:55+00:00,4.533,-75.681,0.3510882258415222,0.3625700771808624,0.7842497825622559,0.8102644085884094,288.35516357421875,15.205163574218773,SMAP_L4_SM_gph_20240608T133000_Vv8010_001.h5
2024-06-09,2024-06-09 13:28:55+00:00,4.533,-75.681,0.3576241135597229,0.3682571053504944,0.7989875674247742,0.8228040337562561,288.81134033203125,15.661340332031273,SMAP_L4_SM_gph_20240609T133000_Vv8010_001.h5
2024-06-10,2024-06-10 13:28:55+00:00,4.533,-75.681,0.3569988906383514,0.3703926801681518,0.7973573207855225,0.8275522589683533,288.2348022460937,15.084802246093773,SMAP_L4_SM_gph_20240610T133000_Vv8010_001.h5
2024-06-11,2024-06-11 13:28:55+00:00,4.533,-75.681,0.3585203289985657,0.3704273998737335,0.800948977470398,0.8276422023773193,288.4637451171875,15.313745117187525,SMAP_L4_SM_gph_20240611T133000_Vv8010_001.h5
2024-06-12,2024-06-12 13:28:55+00:00,4.533,-75.681,0.3550210893154144,0.3703522980213165,0.7930307984352112,0.8272756338119507,288.425537109375,15.275537109375025,SMAP_L4_SM_gph_20240612T133000_Vv8010_001.h5
2024-06-13,2024-06-13 13:28:55+00:00,4.533,-75.681,0.3495943546295166,0.3667019307613373,0.7811393141746521,0.8191772103309631,288.4798889160156,15.329888916015648,SMAP_L4_SM_gph_20240613T133000_Vv8010_001.h5
2024-06-14,2024-06-14 13:28:55+00:00,4.533,-75.681,0.3580125570297241,0.3664842844009399,0.7999514937400818,0.8188298940658569,288.96173095703125,15.811730957031273,SMAP_L4_SM_gph_20240614T133000_Vv8010_001.h5
2024-06-15,2024-06-15 13:28:55+00:00,4.533,-75.681,0.3713600933551788,0.3793557584285736,0.8295192122459412,0.847534716129303,288.75103759765625,15.601037597656273,SMAP_L4_SM_gph_20240615T133000_Vv8010_001.h5
2024-06-16,2024-06-16 13:28:55+00:00,4.533,-75.681,0.3833752572536468,0.3971113264560699,0.8566566705703735,0.8870125412940979,288.5416259765625,15.391625976562525,SMAP_L4_SM_gph_20240616T133000_Vv8010_001.h5
2024-06-17,2024-06-17 13:28:55+00:00,4.533,-75.681,0.3755155205726623,0.3981553316116333,0.839082658290863,0.8895288705825806,287.55731201171875,14.407312011718773,SMAP_L4_SM_gph_20240617T133000_Vv8010_001.h5
2024-06-18,2024-06-18 13:28:55+00:00,4.533,-75.681,0.3727589547634125,0.3920722305774688,0.8328661918640137,0.8760093450546265,288.354736328125,15.204736328125025,SMAP_L4_SM_gph_20240618T133000_Vv8010_001.h5
2024-06-19,2024-06-19 13:28:55+00:00,4.533,-75.681,0.3786001205444336,0.3955126702785492,0.8459357023239136,0.8836359977722168,288.3168334960937,15.166833496093773,SMAP_L4_SM_gph_20240619T133000_Vv8010_001.h5
2024-06-20,2024-06-20 13:28:55+00:00,4.533,-75.681,0.3737680613994598,0.3927276730537414,0.8351350426673889,0.8772478103637695,288.13592529296875,14.985925292968773,SMAP_L4_SM_gph_20240620T133000_Vv8010_001.h5
2024-06-21,2024-06-21 13:28:55+00:00,4.533,-75.681,0.3746841847896576,0.3907673954963684,0.8372673988342285,0.8729338049888611,288.5075378417969,15.357537841796898,SMAP_L4_SM_gph_20240621T133000_Vv8010_001.h5
2024-06-22,2024-06-22 13:28:55+00:00,4.533,-75.681,0.3685261309146881,0.3881565928459167,0.8233873248100281,0.867096483707428,288.0841979980469,14.934197998046898,SMAP_L4_SM_gph_20240622T133000_Vv8010_001.h5
2024-06-23,2024-06-23 13:28:55+00:00,4.533,-75.681,0.3731678128242492,0.3877697587013244,0.833644449710846,0.8663105368614197,288.57684326171875,15.426843261718773,SMAP_L4_SM_gph_20240623T133000_Vv8010_001.h5
2024-06-24,2024-06-24 13:28:55+00:00,4.533,-75.681,0.3694878816604614,0.386589914560318,0.825568675994873,0.8636585474014282,287.95855712890625,14.808557128906273,SMAP_L4_SM_gph_20240624T133000_Vv8010_001.h5
2024-06-25,2024-06-25 13:28:55+00:00,4.533,-75.681,0.3681691288948059,0.3843918740749359,0.8227776885032654,0.8586752414703369,288.1644287109375,15.014428710937525,SMAP_L4_SM_gph_20240625T133000_Vv8010_001.h5
2024-06-26,2024-06-26 13:28:55+00:00,4.533,-75.681,0.3673908114433288,0.3830198645591736,0.8207935690879822,0.8555240035057068,288.04058837890625,14.890588378906273,SMAP_L4_SM_gph_20240626T133000_Vv8010_001.h5
2024-06-27,2024-06-27 13:28:55+00:00,4.533,-75.681,0.3666843771934509,0.3820315599441528,0.8193566799163818,0.853613018989563,287.74566650390625,14.595666503906273,SMAP_L4_SM_gph_20240627T133000_Vv8010_001.h5
2024-06-28,2024-06-28 13:28:55+00:00,4.533,-75.681,0.3748108446598053,0.3845460414886474,0.8372723460197449,0.8590027689933777,288.1056823730469,14.955682373046898,SMAP_L4_SM_gph_20240628T133000_Vv8010_001.h5
2024-06-29,2024-06-29 13:28:55+00:00,4.533,-75.681,0.3714413940906524,0.3903688788414001,0.8298507332801819,0.8721899390220642,288.0631103515625,14.913110351562525,SMAP_L4_SM_gph_20240629T133000_Vv8010_001.h5
2024-06-30,2024-06-30 13:28:55+00:00,4.533,-75.681,0.3618335425853729,0.3853984475135803,0.808499276638031,0.8609504699707031,287.974609375,14.824609375000025,SMAP_L4_SM_gph_20240630T133000_Vv8010_001.h5
2024-07-01,2024-07-01 13:28:55+00:00,4.533,-75.681,0.3646084666252136,0.3837095499038696,0.8145859837532043,0.8570965528488159,288.2974853515625,15.147485351562525,SMAP_L4_SM_gph_20240701T133000_Vv8010_001.h5
2024-07-02,2024-07-02 13:28:55+00:00,4.533,-75.681,0.3660602867603302,0.3814502656459808,0.8176329731941223,0.8519793748855591,288.037109375,14.887109375000025,SMAP_L4_SM_gph_20240702T133000_Vv8010_001.h5
2024-07-03,2024-07-03 13:28:55+00:00,4.533,-75.681,0.3672940135002136,0.3806495070457458,0.8205949664115906,0.8502390384674072,287.8314208984375,14.681420898437525,SMAP_L4_SM_gph_20240703T133000_Vv8010_001.h5
2024-07-04,2024-07-04 13:28:55+00:00,4.533,-75.681,0.3663865029811859,0.3816600739955902,0.8185847997665405,0.8526955842971802,287.8597106933594,14.709710693359398,SMAP_L4_SM_gph_20240704T133000_Vv8010_001.h5
2024-07-05,2024-07-05 13:28:55+00:00,4.533,-75.681,0.3824152946472168,0.3938608467578888,0.8543826341629028,0.8800230026245117,288.05731201171875,14.907312011718773,SMAP_L4_SM_gph_20240705T133000_Vv8010_001.h5
2024-07-06,2024-07-06 13:28:55+00:00,4.533,-75.681,0.3824163675308227,0.4068379998207092,0.8545333743095398,0.9089296460151672,288.1741943359375,15.024194335937525,SMAP_L4_SM_gph_20240706T133000_Vv8010_001.h5
2024-07-07,2024-07-07 13:28:55+00:00,4.533,-75.681,0.3778074085712433,0.3997370600700378,0.8442930579185486,0.8930062651634216,287.9276123046875,14.777612304687525,SMAP_L4_SM_gph_20240707T133000_Vv8010_001.h5
2024-07-08,2024-07-08 13:28:55+00:00,4.533,-75.681,0.3717802464962005,0.395317018032074,0.8306268453598022,0.8832476735115051,287.61285400390625,14.462854003906273,SMAP_L4_SM_gph_20240708T133000_Vv8010_001.h5
2024-07-09,2024-07-09 13:28:55+00:00,4.533,-75.681,0.3663119971752167,0.3905260264873504,0.8184863924980164,0.8724267482757568,287.6303405761719,14.480340576171898,SMAP_L4_SM_gph_20240709T133000_Vv8010_001.h5
2024-07-10,2024-07-10 13:28:55+00:00,4.533,-75.681,0.3643679320812225,0.3872409760951996,0.8138574957847595,0.865057647228241,287.81121826171875,14.661218261718773,SMAP_L4_SM_gph_20240710T133000_Vv8010_001.h5
2024-07-11,2024-07-11 13:28:55+00:00,4.533,-75.681,0.3583289086818695,0.3833658397197723,0.8006119728088379,0.8564226627349854,287.7220764160156,14.572076416015648,SMAP_L4_SM_gph_20240711T133000_Vv8010_001.h5
2024-07-12,2024-07-12 13:28:55+00:00,4.533,-75.681,0.3681161403656006,0.38277268409729,0.8223637342453003,0.8551733493804932,287.772705078125,14.622705078125025,SMAP_L4_SM_gph_20240712T133000_Vv8010_001.h5
2024-07-13,2024-07-13 13:28:55+00:00,4.533,-75.681,0.3671928644180298,0.386283129453659,0.8205045461654663,0.8631531596183777,288.13592529296875,14.985925292968773,SMAP_L4_SM_gph_20240713T133000_Vv8010_001.h5
2024-07-14,2024-07-14 13:28:55+00:00,4.533,-75.681,0.3594885468482971,0.3813175857067108,0.8031189441680908,0.8520248532295227,287.46319580078125,14.313195800781273,SMAP_L4_SM_gph_20240714T133000_Vv8010_001.h5
2024-07-15,2024-07-15 13:28:55+00:00,4.533,-75.681,0.3518097400665283,0.3774900138378143,0.7859103679656982,0.8433670997619629,287.7134704589844,14.563470458984398,SMAP_L4_SM_gph_20240715T133000_Vv8010_001.h5
2024-07-16,2024-07-16 13:28:55+00:00,4.533,-75.681,0.3420758843421936,0.3727018237113952,0.7642160058021545,0.832700252532959,287.8769226074219,14.726922607421898,SMAP_L4_SM_gph_20240716T133000_Vv8010_001.h5
2024-07-17,2024-07-17 13:28:55+00:00,4.533,-75.681,0.3425016105175018,0.3691389262676239,0.7652565836906433,0.8245841264724731,287.6251220703125,14.475122070312525,SMAP_L4_SM_gph_20240717T133000_Vv8010_001.h5
2024-07-18,2024-07-18 13:28:55+00:00,4.533,-75.681,0.3424268662929535,0.3659514784812927,0.7649320960044861,0.8175663352012634,286.930908203125,13.780908203125025,SMAP_L4_SM_gph_20240718T133000_Vv8010_001.h5
2024-07-19,2024-07-19 13:28:55+00:00,4.533,-75.681,0.3408680856227875,0.3633241653442383,0.7616755962371826,0.8116872906684875,287.32080078125,14.170800781250025,SMAP_L4_SM_gph_20240719T133000_Vv8010_001.h5
2024-07-20,2024-07-20 13:28:55+00:00,4.533,-75.681,0.3396477103233337,0.3607589304447174,0.7587332129478455,0.8059942126274109,287.280029296875,14.130029296875025,SMAP_L4_SM_gph_20240720T133000_Vv8010_001.h5
2024-07-21,2024-07-21 13:28:55+00:00,4.533,-75.681,0.3333288729190826,0.3577662706375122,0.7446353435516357,0.799238920211792,287.6771850585937,14.527185058593773,SMAP_L4_SM_gph_20240721T133000_Vv8010_001.h5
2024-07-22,2024-07-22 13:28:55+00:00,4.533,-75.681,0.3322025835514068,0.3553604781627655,0.7422771453857422,0.7941068410873413,287.78887939453125,14.638879394531273,SMAP_L4_SM_gph_20240722T133000_Vv8010_001.h5
2024-07-23,2024-07-23 13:28:55+00:00,4.533,-75.681,0.3309416174888611,0.3527208864688873,0.7395483255386353,0.7880493998527527,287.445556640625,14.295556640625025,SMAP_L4_SM_gph_20240723T133000_Vv8010_001.h5
2024-07-24,2024-07-24 13:28:55+00:00,4.533,-75.681,0.3219844996929168,0.3494088649749756,0.7192352414131165,0.7806832790374756,287.3017272949219,14.151727294921898,SMAP_L4_SM_gph_20240724T133000_Vv8010_001.h5
2024-07-25,2024-07-25 13:28:55+00:00,4.533,-75.681,0.3216589689254761,0.3471687436103821,0.7187906503677368,0.7756889462471008,287.8514709472656,14.701470947265648,SMAP_L4_SM_gph_20240725T133000_Vv8010_001.h5
2024-07-26,2024-07-26 13:28:55+00:00,4.533,-75.681,0.3229711651802063,0.3453422486782074,0.7214615941047668,0.7714773416519165,287.77197265625,14.621972656250025,SMAP_L4_SM_gph_20240726T133000_Vv8010_001.h5
2024-07-27,2024-07-27 13:28:55+00:00,4.533,-75.681,0.318278968334198,0.3429665565490722,0.7109060287475586,0.7662769556045532,287.7898864746094,14.639886474609398,SMAP_L4_SM_gph_20240727T133000_Vv8010_001.h5
2024-07-28,2024-07-28 13:28:55+00:00,4.533,-75.681,0.3229525685310364,0.3416273891925812,0.7215362787246704,0.7631125450134277,287.965576171875,14.815576171875025,SMAP_L4_SM_gph_20240728T133000_Vv8010_001.h5
2024-07-29,2024-07-29 13:28:55+00:00,4.533,-75.681,0.3189417421817779,0.3400178551673889,0.7126347422599792,0.7596357464790344,287.4092102050781,14.259210205078148,SMAP_L4_SM_gph_20240729T133000_Vv8010_001.h5
2024-07-30,2024-07-30 13:28:55+00:00,4.533,-75.681,0.3187527060508728,0.3378744721412658,0.7123185992240906,0.7548931241035461,287.9848937988281,14.834893798828148,SMAP_L4_SM_gph_20240730T133000_Vv8010_001.h5
2024-07-31,2024-07-31 13:28:55+00:00,4.533,-75.681,0.3156326711177826,0.3356911540031433,0.7050522565841675,0.7497292757034302,287.54229736328125,14.392297363281273,SMAP_L4_SM_gph_20240731T133000_Vv8010_001.h5
2024-08-01,2024-08-01 13:28:55+00:00,4.533,-75.681,0.3050214648246765,0.3327306807041168,0.6816391944885254,0.7433017492294312,287.31414794921875,14.164147949218773,SMAP_L4_SM_gph_20240801T133000_Vv8010_001.h5
2024-08-02,2024-08-02 13:28:55+00:00,4.533,-75.681,0.3113258183002472,0.3317277133464813,0.6956250071525574,0.741108775138855,287.169677734375,14.019677734375025,SMAP_L4_SM_gph_20240802T133000_Vv8010_001.h5
2024-08-03,2024-08-03 13:28:55+00:00,4.533,-75.681,0.319350928068161,0.3316277265548706,0.713431715965271,0.7408490777015686,287.4442749023437,14.294274902343773,SMAP_L4_SM_gph_20240803T133000_Vv8010_001.h5
2024-08-04,2024-08-04 13:28:55+00:00,4.533,-75.681,0.3216753005981445,0.3305249214172363,0.7186769843101501,0.7384698390960693,288.33673095703125,15.186730957031273,SMAP_L4_SM_gph_20240804T133000_Vv8010_001.h5
2024-08-05,2024-08-05 13:28:55+00:00,4.533,-75.681,0.3278414011001587,0.3308205604553222,0.7324161529541016,0.7390188574790955,288.4010009765625,15.251000976562525,SMAP_L4_SM_gph_20240805T133000_Vv8010_001.h5
2024-08-06,2024-08-06 13:28:55+00:00,4.533,-75.681,0.331523448228836,0.335132747888565,0.7407383918762207,0.7485706806182861,288.48309326171875,15.333093261718773,SMAP_L4_SM_gph_20240806T133000_Vv8010_001.h5
2024-08-07,2024-08-07 13:28:55+00:00,4.533,-75.681,0.3372028768062591,0.3358311057090759,0.7533897757530212,0.7502639293670654,288.37774658203125,15.227746582031273,SMAP_L4_SM_gph_20240807T133000_Vv8010_001.h5
2024-08-08,2024-08-08 13:28:55+00:00,4.533,-75.681,0.3307989835739136,0.3348248600959778,0.7388800382614136,0.7482338547706604,287.8104858398437,14.660485839843773,SMAP_L4_SM_gph_20240808T133000_Vv8010_001.h5
2024-08-09,2024-08-09 13:28:55+00:00,4.533,-75.681,0.3316640257835388,0.3336522579193115,0.7409989833831787,0.7453562617301941,288.3236999511719,15.173699951171898,SMAP_L4_SM_gph_20240809T133000_Vv8010_001.h5
2024-08-10,2024-08-10 13:28:55+00:00,4.533,-75.681,0.3306573629379272,0.3356124758720398,0.7387146353721619,0.7497692108154297,287.8729858398437,14.722985839843773,SMAP_L4_SM_gph_20240810T133000_Vv8010_001.h5
2024-08-11,2024-08-11 13:28:55+00:00,4.533,-75.681,0.3278568387031555,0.3338882327079773,0.7324874997138977,0.7460675239562988,287.2185363769531,14.068536376953148,SMAP_L4_SM_gph_20240811T133000_Vv8010_001.h5
2024-08-12,2024-08-12 13:28:55+00:00,4.533,-75.681,0.3224165439605713,0.3326267302036285,0.7201879024505615,0.7431045770645142,287.335205078125,14.185205078125025,SMAP_L4_SM_gph_20240812T133000_Vv8010_001.h5
2024-08-13,2024-08-13 13:28:55+00:00,4.533,-75.681,0.3307138383388519,0.3357412815093994,0.7389064431190491,0.7500308156013489,287.3707275390625,14.220727539062525,SMAP_L4_SM_gph_20240813T133000_Vv8010_001.h5
2024-08-14,2024-08-14 13:28:55+00:00,4.533,-75.681,0.3249854743480682,0.3334609270095825,0.726089596748352,0.7451766133308411,287.1620178222656,14.012017822265648,SMAP_L4_SM_gph_20240814T133000_Vv8010_001.h5
2024-08-15,2024-08-15 13:28:55+00:00,4.533,-75.681,0.3130156695842743,0.33049476146698,0.6993577480316162,0.7383185029029846,287.47998046875,14.329980468750025,SMAP_L4_SM_gph_20240815T133000_Vv8010_001.h5
2024-08-16,2024-08-16 13:28:55+00:00,4.533,-75.681,0.3071273565292358,0.3278470337390899,0.68610680103302,0.7325573563575745,287.88983154296875,14.739831542968773,SMAP_L4_SM_gph_20240816T133000_Vv8010_001.h5
2024-08-17,2024-08-17 13:28:55+00:00,4.533,-75.681,0.2996003031730652,0.3257778286933899,0.6693238019943237,0.7278617024421692,287.3953552246094,14.245355224609398,SMAP_L4_SM_gph_20240817T133000_Vv8010_001.h5
2024-08-18,2024-08-18 13:28:55+00:00,4.533,-75.681,0.2979066967964172,0.3235543668270111,0.665510356426239,0.7229834198951721,287.2454833984375,14.095483398437525,SMAP_L4_SM_gph_20240818T133000_Vv8010_001.h5
2024-08-19,2024-08-19 13:28:55+00:00,4.533,-75.681,0.2970273494720459,0.3215221166610718,0.6635122299194336,0.7181394696235657,287.42529296875,14.275292968750025,SMAP_L4_SM_gph_20240819T133000_Vv8010_001.h5
2024-08-20,2024-08-20 13:28:55+00:00,4.533,-75.681,0.288853645324707,0.3189509809017181,0.6452619433403015,0.7125769257545471,287.6496887207031,14.499688720703148,SMAP_L4_SM_gph_20240820T133000_Vv8010_001.h5
2024-08-21,2024-08-21 13:28:55+00:00,4.533,-75.681,0.2921522855758667,0.3177655935287475,0.6529279351234436,0.7097389698028564,287.5113220214844,14.361322021484398,SMAP_L4_SM_gph_20240821T133000_Vv8010_001.h5
2024-08-22,2024-08-22 13:28:55+00:00,4.533,-75.681,0.2896764278411865,0.3160344958305359,0.6470498442649841,0.7059468626976013,288.02178955078125,14.871789550781273,SMAP_L4_SM_gph_20240822T133000_Vv8010_001.h5
2024-08-23,2024-08-23 13:28:55+00:00,4.533,-75.681,0.2954163551330566,0.3153287172317505,0.6599738001823425,0.704306960105896,288.0163269042969,14.866326904296898,SMAP_L4_SM_gph_20240823T133000_Vv8010_001.h5
2024-08-24,2024-08-24 13:28:55+00:00,4.533,-75.681,0.3153823614120483,0.3167471885681152,0.7044776678085327,0.707604706287384,288.40380859375,15.253808593750025,SMAP_L4_SM_gph_20240824T133000_Vv8010_001.h5
2024-08-25,2024-08-25 13:28:55+00:00,4.533,-75.681,0.3235645294189453,0.3189773261547088,0.722813606262207,0.7127445340156555,288.0138244628906,14.863824462890648,SMAP_L4_SM_gph_20240825T133000_Vv8010_001.h5
2024-08-26,2024-08-26 13:28:55+00:00,4.533,-75.681,0.3246015608310699,0.3283614218235016,0.7252070903778076,0.7337731719017029,287.6103210449219,14.460321044921898,SMAP_L4_SM_gph_20240826T133000_Vv8010_001.h5
2024-08-27,2024-08-27 13:28:55+00:00,4.533,-75.681,0.3147671222686767,0.3238910734653473,0.7031788229942322,0.723567008972168,287.17071533203125,14.020715332031273,SMAP_L4_SM_gph_20240827T133000_Vv8010_001.h5
2024-08-28,2024-08-28 13:28:55+00:00,4.533,-75.681,0.3000465929508209,0.3197959065437317,0.6702733635902405,0.7144326567649841,287.59796142578125,14.447961425781273,SMAP_L4_SM_gph_20240828T133000_Vv8010_001.h5
2024-08-29,2024-08-29 13:28:55+00:00,4.533,-75.681,0.2978927791118622,0.3175012767314911,0.6656449437141418,0.7093698382377625,287.8853454589844,14.735345458984398,SMAP_L4_SM_gph_20240829T133000_Vv8010_001.h5
2024-08-30,2024-08-30 13:28:55+00:00,4.533,-75.681,0.2906826138496399,0.3149290680885315,0.6494100689888,0.703487753868103,287.2174377441406,14.067437744140648,SMAP_L4_SM_gph_20240830T133000_Vv8010_001.h5
2024-08-31,2024-08-31 13:28:55+00:00,4.533,-75.681,0.288466215133667,0.3127275109291076,0.6443755030632019,0.6986664533615112,287.5284423828125,14.378442382812525,SMAP_L4_SM_gph_20240831T133000_Vv8010_001.h5
2024-09-01,2024-09-01 13:28:55+00:00,4.533,-75.681,0.2859990894794464,0.3111595809459686,0.6389767527580261,0.695225179195404,287.4202880859375,14.270288085937525,SMAP_L4_SM_gph_20240901T133000_Vv8010_001.h5
2024-09-02,2024-09-02 13:28:55+00:00,4.533,-75.681,0.288854718208313,0.3105103671550751,0.6452815532684326,0.6936595439910889,287.619873046875,14.469873046875025,SMAP_L4_SM_gph_20240902T133000_Vv8010_001.h5
2024-09-03,2024-09-03 13:28:55+00:00,4.533,-75.681,0.2868594527244568,0.3089555501937866,0.6409545540809631,0.6903247237205505,287.6390991210937,14.489099121093773,SMAP_L4_SM_gph_20240903T133000_Vv8010_001.h5
2024-09-04,2024-09-04 13:28:55+00:00,4.533,-75.681,0.2883754670619964,0.3080911636352539,0.6443511843681335,0.6882738471031189,287.892578125,14.742578125000025,SMAP_L4_SM_gph_20240904T133000_Vv8010_001.h5
2024-09-05,2024-09-05 13:28:55+00:00,4.533,-75.681,0.2775085866451263,0.3060360848903656,0.6198939681053162,0.6837598085403442,288.32550048828125,15.175500488281273,SMAP_L4_SM_gph_20240905T133000_Vv8010_001.h5
2024-09-06,2024-09-06 13:28:55+00:00,4.533,-75.681,0.2797626256942749,0.3052224814891815,0.6252167224884033,0.681912362575531,288.077880859375,14.927880859375025,SMAP_L4_SM_gph_20240906T133000_Vv8010_001.h5
2024-09-07,2024-09-07 13:28:55+00:00,4.533,-75.681,0.2767892479896545,0.3037283718585968,0.6183884143829346,0.6785903573036194,288.04266357421875,14.892663574218773,SMAP_L4_SM_gph_20240907T133000_Vv8010_001.h5
2024-09-08,2024-09-08 13:28:55+00:00,4.533,-75.681,0.2811014354228973,0.3030476868152618,0.6278032064437866,0.677015483379364,288.1443176269531,14.994317626953148,SMAP_L4_SM_gph_20240908T133000_Vv8010_001.h5
2024-09-09,2024-09-09 13:28:55+00:00,4.533,-75.681,0.2762271761894226,0.3019791543483734,0.6170678734779358,0.6746520400047302,288.08843994140625,14.938439941406273,SMAP_L4_SM_gph_20240909T133000_Vv8010_001.h5
2024-09-10,2024-09-10 13:28:55+00:00,4.533,-75.681,0.2647590041160583,0.2994173467159271,0.5914791226387024,0.6690412163734436,288.0623779296875,14.912377929687525,SMAP_L4_SM_gph_20240910T133000_Vv8010_001.h5
2024-09-11,2024-09-11 13:28:55+00:00,4.533,-75.681,0.2710137963294983,0.2987305521965027,0.6054811477661133,0.6674505472183228,287.9266967773437,14.776696777343773,SMAP_L4_SM_gph_20240911T133000_Vv8010_001.h5
2024-09-12,2024-09-12 13:28:55+00:00,4.533,-75.681,0.2675034999847412,0.2977825999259949,0.5975338220596313,0.665255069732666,288.23065185546875,15.080651855468773,SMAP_L4_SM_gph_20240912T133000_Vv8010_001.h5
2024-09-13,2024-09-13 13:28:55+00:00,4.533,-75.681,0.2512308359146118,0.2950734794139862,0.5613292455673218,0.6594069004058838,288.5298156738281,15.379815673828148,SMAP_L4_SM_gph_20240913T133000_Vv8010_001.h5
2024-09-14,2024-09-14 13:28:55+00:00,4.533,-75.681,0.2713506817817688,0.2953647971153259,0.606316328048706,0.6597734093666077,288.8280944824219,15.678094482421898,SMAP_L4_SM_gph_20240914T133000_Vv8010_001.h5
2024-09-15,2024-09-15 13:28:55+00:00,4.533,-75.681,0.2653797566890716,0.294056624174118,0.5928272008895874,0.6571051478385925,288.88848876953125,15.738488769531273,SMAP_L4_SM_gph_20240915T133000_Vv8010_001.h5
2024-09-16,2024-09-16 13:28:55+00:00,4.533,-75.681,0.2583121359348297,0.2927477657794952,0.5770627856254578,0.6539470553398132,288.8583984375,15.708398437500025,SMAP_L4_SM_gph_20240916T133000_Vv8010_001.h5
2024-09-17,2024-09-17 13:28:55+00:00,4.533,-75.681,0.2893754541873932,0.2943838536739349,0.6467044353485107,0.6576645970344543,288.64337158203125,15.493371582031273,SMAP_L4_SM_gph_20240917T133000_Vv8010_001.h5
2024-09-18,2024-09-18 13:28:55+00:00,4.533,-75.681,0.2754976451396942,0.2923933267593384,0.6153638958930969,0.6532449722290039,288.5667724609375,15.416772460937525,SMAP_L4_SM_gph_20240918T133000_Vv8010_001.h5
2024-09-19,2024-09-19 13:28:55+00:00,4.533,-75.681,0.2689796686172485,0.2913081347942352,0.6008307933807373,0.6508384346961975,288.7290954589844,15.579095458984398,SMAP_L4_SM_gph_20240919T133000_Vv8010_001.h5
2024-09-20,2024-09-20 13:28:55+00:00,4.533,-75.681,0.2790233492851257,0.2914101183414459,0.6233510375022888,0.6510307192802429,288.71783447265625,15.567834472656273,SMAP_L4_SM_gph_20240920T133000_Vv8010_001.h5
2024-09-21,2024-09-21 13:28:55+00:00,4.533,-75.681,0.2800914347171783,0.2913577854633331,0.6256061792373657,0.6507955193519592,289.014404296875,15.864404296875025,SMAP_L4_SM_gph_20240921T133000_Vv8010_001.h5
2024-09-22,2024-09-22 13:28:55+00:00,4.533,-75.681,0.2938196659088135,0.2930133044719696,0.6564687490463257,0.6546357274055481,288.5541076660156,15.404107666015648,SMAP_L4_SM_gph_20240922T133000_Vv8010_001.h5
2024-09-23,2024-09-23 13:28:55+00:00,4.533,-75.681,0.3048906028270721,0.2987963855266571,0.6812903881072998,0.6677929759025574,287.84442138671875,14.694421386718773,SMAP_L4_SM_gph_20240923T133000_Vv8010_001.h5
2024-09-24,2024-09-24 13:28:55+00:00,4.533,-75.681,0.297218918800354,0.3014364242553711,0.6639988422393799,0.6734356880187988,287.7737121582031,14.623712158203148,SMAP_L4_SM_gph_20240924T133000_Vv8010_001.h5
2024-09-25,2024-09-25 13:28:55+00:00,4.533,-75.681,0.282553493976593,0.2979465425014496,0.6313565373420715,0.665607750415802,288.20751953125,15.057519531250025,SMAP_L4_SM_gph_20240925T133000_Vv8010_001.h5
2024-09-26,2024-09-26 13:28:55+00:00,4.533,-75.681,0.2850374281406402,0.2961938977241516,0.6368137001991272,0.6616608500480652,288.2393493652344,15.089349365234398,SMAP_L4_SM_gph_20240926T133000_Vv8010_001.h5
2024-09-27,2024-09-27 13:28:55+00:00,4.533,-75.681,0.302365243434906,0.3039619624614715,0.6756978631019592,0.6791235208511353,287.8052673339844,14.655267333984398,SMAP_L4_SM_gph_20240927T133000_Vv8010_001.h5
2024-09-28,2024-09-28 13:28:55+00:00,4.533,-75.681,0.3185247480869293,0.3051578402519226,0.7116364240646362,0.6817447543144226,287.90997314453125,14.759973144531273,SMAP_L4_SM_gph_20240928T133000_Vv8010_001.h5
2024-09-29,2024-09-29 13:28:55+00:00,4.533,-75.681,0.3154895007610321,0.3144609630107879,0.704818606376648,0.7023195028305054,287.3493957519531,14.199395751953148,SMAP_L4_SM_gph_20240929T133000_Vv8010_001.h5
2024-09-30,2024-09-30 13:28:55+00:00,4.533,-75.681,0.3067972958087921,0.3134393095970154,0.6854680776596069,0.7003219127655029,287.197021484375,14.047021484375025,SMAP_L4_SM_gph_20240930T133000_Vv8010_001.h5
2024-10-01,2024-10-01 13:28:55+00:00,4.533,-75.681,0.3038879334926605,0.3097541630268097,0.6788728833198547,0.6918889284133911,287.94403076171875,14.794030761718773,SMAP_L4_SM_gph_20241001T133000_Vv8011_001.h5
2024-10-02,2024-10-02 13:28:55+00:00,4.533,-75.681,0.2936871945858001,0.3055015802383423,0.6562100648880005,0.6824914813041687,288.38916015625,15.239160156250025,SMAP_L4_SM_gph_20241002T133000_Vv8011_001.h5
2024-10-03,2024-10-03 13:28:55+00:00,4.533,-75.681,0.3083062767982483,0.3097254633903503,0.6889108419418335,0.69195955991745,288.4463195800781,15.296319580078148,SMAP_L4_SM_gph_20241003T133000_Vv8011_001.h5
2024-10-04,2024-10-04 13:28:55+00:00,4.533,-75.681,0.3017695546150207,0.3065071105957031,0.6739869713783264,0.6847638487815857,288.5701904296875,15.420190429687525,SMAP_L4_SM_gph_20241004T133000_Vv8011_001.h5
2024-10-05,2024-10-05 13:28:55+00:00,4.533,-75.681,0.3086245656013489,0.3115139305591583,0.6894650459289551,0.6959995031356812,288.0922241210937,14.942224121093773,SMAP_L4_SM_gph_20241005T133000_Vv8011_001.h5
2024-10-06,2024-10-06 13:28:55+00:00,4.533,-75.681,0.3051269352436065,0.3102362751960754,0.6817159652709961,0.6930935978889465,288.2792053222656,15.129205322265648,SMAP_L4_SM_gph_20241006T133000_Vv8011_001.h5
2024-10-07,2024-10-07 13:28:55+00:00,4.533,-75.681,0.3163782656192779,0.3165195286273956,0.7067904472351074,0.7071592211723328,288.418701171875,15.268701171875025,SMAP_L4_SM_gph_20241007T133000_Vv8011_001.h5
2024-10-08,2024-10-08 13:28:55+00:00,4.533,-75.681,0.3297720849514007,0.3184318840503692,0.7367467880249023,0.711448073387146,288.2013854980469,15.051385498046898,SMAP_L4_SM_gph_20241008T133000_Vv8011_001.h5
2024-10-09,2024-10-09 13:28:55+00:00,4.533,-75.681,0.318863958120346,0.322452574968338,0.712548017501831,0.720461368560791,288.3358459472656,15.185845947265648,SMAP_L4_SM_gph_20241009T133000_Vv8011_001.h5
2024-10-10,2024-10-10 13:28:55+00:00,4.533,-75.681,0.3178408741950989,0.3186142146587372,0.7100749611854553,0.7118483781814575,288.6190490722656,15.469049072265648,SMAP_L4_SM_gph_20241010T133000_Vv8011_001.h5
2024-10-11,2024-10-11 13:28:55+00:00,4.533,-75.681,0.3138680458068847,0.3200075626373291,0.7012906074523926,0.715080976486206,288.1649169921875,15.014916992187525,SMAP_L4_SM_gph_20241011T133000_Vv8011_001.h5
2024-10-12,2024-10-12 13:28:55+00:00,4.533,-75.681,0.2977864146232605,0.3151638805866241,0.6653411388397217,0.704196035861969,288.1105041503906,14.960504150390648,SMAP_L4_SM_gph_20241012T133000_Vv8011_001.h5
2024-10-13,2024-10-13 13:28:55+00:00,4.533,-75.681,0.2929297089576721,0.3124300539493561,0.6545141339302063,0.6980398297309875,288.5379333496094,15.387933349609398,SMAP_L4_SM_gph_20241013T133000_Vv8011_001.h5
2024-10-14,2024-10-14 13:28:55+00:00,4.533,-75.681,0.2988366186618805,0.3112753033638,0.667675793170929,0.6955254077911377,287.97467041015625,14.824670410156273,SMAP_L4_SM_gph_20241014T133000_Vv8011_001.h5
2024-10-15,2024-10-15 13:28:55+00:00,4.533,-75.681,0.2882304191589355,0.3090212047100067,0.6440091133117676,0.6903972029685974,287.9384155273437,14.788415527343773,SMAP_L4_SM_gph_20241015T133000_Vv8011_001.h5
2024-10-16,2024-10-16 13:28:55+00:00,4.533,-75.681,0.2943111360073089,0.3081989884376526,0.6574490070343018,0.6886987686157227,287.64569091796875,14.495690917968773,SMAP_L4_SM_gph_20241016T133000_Vv8011_001.h5
2024-10-17,2024-10-17 13:28:55+00:00,4.533,-75.681,0.2917199730873108,0.3072394430637359,0.6516910195350647,0.6864726543426514,288.41912841796875,15.269128417968773,SMAP_L4_SM_gph_20241017T133000_Vv8011_001.h5
2024-10-18,2024-10-18 13:28:55+00:00,4.533,-75.681,0.3060828745365143,0.3083413243293762,0.6837601661682129,0.6889224648475647,288.790283203125,15.640283203125025,SMAP_L4_SM_gph_20241018T133000_Vv8011_001.h5
2024-10-19,2024-10-19 13:28:55+00:00,4.533,-75.681,0.3074516057968139,0.3095558881759643,0.6870564222335815,0.6916914582252502,288.82550048828125,15.675500488281273,SMAP_L4_SM_gph_20241019T133000_Vv8011_001.h5
2024-10-20,2024-10-20 13:28:55+00:00,4.533,-75.681,0.3203945159912109,0.3115159571170807,0.7156063914299011,0.6959320902824402,288.70025634765625,15.550256347656273,SMAP_L4_SM_gph_20241020T133000_Vv8011_001.h5
2024-10-21,2024-10-21 13:28:55+00:00,4.533,-75.681,0.3193269371986389,0.3167557418346405,0.7134968638420105,0.7076268792152405,288.42779541015625,15.277795410156273,SMAP_L4_SM_gph_20241021T133000_Vv8011_001.h5
2024-10-22,2024-10-22 13:28:55+00:00,4.533,-75.681,0.3363675773143768,0.3244553208351135,0.75147545337677,0.7247403264045715,288.37567138671875,15.225671386718773,SMAP_L4_SM_gph_20241022T133000_Vv8011_001.h5
2024-10-23,2024-10-23 13:28:55+00:00,4.533,-75.681,0.3242113292217254,0.3259112536907196,0.7243537306785583,0.7279636859893799,288.4289855957031,15.278985595703148,SMAP_L4_SM_gph_20241023T133000_Vv8011_001.h5
2024-10-24,2024-10-24 13:28:55+00:00,4.533,-75.681,0.3208433389663696,0.3247268199920654,0.7168757915496826,0.7252996563911438,288.2893981933594,15.139398193359398,SMAP_L4_SM_gph_20241024T133000_Vv8011_001.h5
2024-10-25,2024-10-25 13:28:55+00:00,4.533,-75.681,0.3089207708835602,0.3198622763156891,0.6904025673866272,0.7143607139587402,288.2655334472656,15.115533447265648,SMAP_L4_SM_gph_20241025T133000_Vv8011_001.h5
2024-10-26,2024-10-26 13:28:55+00:00,4.533,-75.681,0.3085331916809082,0.317731112241745,0.6892353296279907,0.7098936438560486,288.756103515625,15.606103515625025,SMAP_L4_SM_gph_20241026T133000_Vv8011_001.h5
2024-10-27,2024-10-27 13:28:55+00:00,4.533,-75.681,0.3195756077766418,0.3197891116142273,0.714103102684021,0.7144875526428223,289.252685546875,16.102685546875023,SMAP_L4_SM_gph_20241027T133000_Vv8011_001.h5
2024-10-28,2024-10-28 13:28:55+00:00,4.533,-75.681,0.3231858313083648,0.3225977420806885,0.7219914197921753,0.7208379507064819,289.270263671875,16.120263671875023,SMAP_L4_SM_gph_20241028T133000_Vv8011_001.h5
2024-10-29,2024-10-29 13:28:55+00:00,4.533,-75.681,0.3127897083759308,0.3202774226665497,0.6989793181419373,0.7156357765197754,288.44659423828125,15.296594238281273,SMAP_L4_SM_gph_20241029T133000_Vv8011_001.h5
2024-10-30,2024-10-30 13:28:55+00:00,4.533,-75.681,0.3254322409629822,0.3222121000289917,0.727039635181427,0.7197383642196655,287.9989624023437,14.848962402343773,SMAP_L4_SM_gph_20241030T133000_Vv8011_001.h5
2024-10-31,2024-10-31 13:28:55+00:00,4.533,-75.681,0.3428857922554016,0.3482826054096222,0.765968382358551,0.7782683372497559,288.21209716796875,15.062097167968773,SMAP_L4_SM_gph_20241031T133000_Vv8011_001.h5
2024-11-01,2024-11-01 13:28:55+00:00,4.533,-75.681,0.3518992364406585,0.35335373878479,0.7861744165420532,0.7894265651702881,288.2142944335937,15.064294433593773,SMAP_L4_SM_gph_20241101T133000_Vv8011_001.h5
2024-11-02,2024-11-02 13:28:55+00:00,4.533,-75.681,0.3426717817783355,0.3491182029247284,0.7655889391899109,0.7799282670021057,288.1441650390625,14.994165039062525,SMAP_L4_SM_gph_20241102T133000_Vv8011_001.h5
2024-11-03,2024-11-03 13:28:55+00:00,4.533,-75.681,0.3382904827594757,0.3435065150260925,0.7558193206787109,0.7673148512840271,288.5102844238281,15.360284423828148,SMAP_L4_SM_gph_20241103T133000_Vv8011_001.h5
2024-11-04,2024-11-04 13:28:55+00:00,4.533,-75.681,0.3429400026798248,0.3473022282123565,0.766103208065033,0.7761338353157043,287.89923095703125,14.749230957031273,SMAP_L4_SM_gph_20241104T133000_Vv8011_001.h5
2024-11-05,2024-11-05 13:28:55+00:00,4.533,-75.681,0.3442999720573425,0.3490810692310333,0.7692772746086121,0.7797333598136902,288.53680419921875,15.386804199218773,SMAP_L4_SM_gph_20241105T133000_Vv8011_001.h5
2024-11-06,2024-11-06 13:28:55+00:00,4.533,-75.681,0.342547744512558,0.348567396402359,0.7653610110282898,0.7786908149719238,288.75567626953125,15.605676269531273,SMAP_L4_SM_gph_20241106T133000_Vv8011_001.h5
2024-11-07,2024-11-07 13:28:55+00:00,4.533,-75.681,0.3533330261707306,0.3548499345779419,0.7893148064613342,0.7927548885345459,288.7764892578125,15.626489257812525,SMAP_L4_SM_gph_20241107T133000_Vv8011_001.h5
2024-11-08,2024-11-08 13:28:55+00:00,4.533,-75.681,0.3641551434993744,0.3601824045181274,0.8136836886405945,0.8046907186508179,288.1845397949219,15.034539794921898,SMAP_L4_SM_gph_20241108T133000_Vv8011_001.h5
2024-11-09,2024-11-09 13:28:55+00:00,4.533,-75.681,0.3612813353538513,0.36968994140625,0.8072465062141418,0.8258945345878601,287.89508056640625,14.745080566406273,SMAP_L4_SM_gph_20241109T133000_Vv8011_001.h5
2024-11-10,2024-11-10 13:28:55+00:00,4.533,-75.681,0.3589141070842743,0.3661191165447235,0.8017293810844421,0.8177579045295715,288.1280517578125,14.978051757812525,SMAP_L4_SM_gph_20241110T133000_Vv8011_001.h5
2024-11-11,2024-11-11 13:28:55+00:00,4.533,-75.681,0.3576577603816986,0.3654249012470245,0.7991001009941101,0.8163924217224121,287.9697265625,14.819726562500025,SMAP_L4_SM_gph_20241111T133000_Vv8011_001.h5
2024-11-12,2024-11-12 13:28:55+00:00,4.533,-75.681,0.356268048286438,0.3649776577949524,0.7960436940193176,0.8154492378234863,287.855712890625,14.705712890625025,SMAP_L4_SM_gph_20241112T133000_Vv8011_001.h5
2024-11-13,2024-11-13 13:28:55+00:00,4.533,-75.681,0.3518969118595123,0.3630705177783966,0.7860589027404785,0.8113452196121216,287.32421875,14.174218750000025,SMAP_L4_SM_gph_20241113T133000_Vv8011_001.h5
2024-11-14,2024-11-14 13:28:55+00:00,4.533,-75.681,0.3652165234088897,0.3661169409751892,0.8159497380256653,0.8179231286048889,287.2139892578125,14.063989257812525,SMAP_L4_SM_gph_20241114T133000_Vv8011_001.h5
2024-11-15,2024-11-15 13:28:55+00:00,4.533,-75.681,0.3495328426361084,0.3637859225273132,0.7810330986976624,0.8125948905944824,287.0798645019531,13.929864501953148,SMAP_L4_SM_gph_20241115T133000_Vv8011_001.h5
2024-11-16,2024-11-16 13:28:55+00:00,4.533,-75.681,0.3610497117042541,0.3649012446403503,0.8064329028129578,0.8152506351470947,287.8417358398437,14.691735839843773,SMAP_L4_SM_gph_20241116T133000_Vv8011_001.h5
2024-11-17,2024-11-17 13:28:55+00:00,4.533,-75.681,0.3556756973266601,0.3653688430786133,0.7944573163986206,0.8164176940917969,287.85040283203125,14.700402832031273,SMAP_L4_SM_gph_20241117T133000_Vv8011_001.h5
2024-11-18,2024-11-18 13:28:55+00:00,4.533,-75.681,0.3505336940288543,0.3631842732429504,0.7831031084060669,0.8115678429603577,288.1010131835937,14.951013183593773,SMAP_L4_SM_gph_20241118T133000_Vv8011_001.h5
2024-11-19,2024-11-19 13:28:55+00:00,4.533,-75.681,0.3637833297252655,0.3711381554603576,0.8129052519798279,0.8291961550712585,288.0653381347656,14.915338134765648,SMAP_L4_SM_gph_20241119T133000_Vv8011_001.h5
2024-11-20,2024-11-20 13:28:55+00:00,4.533,-75.681,0.3613433241844177,0.3737313747406006,0.8072518110275269,0.8349619507789612,287.747802734375,14.597802734375025,SMAP_L4_SM_gph_20241120T133000_Vv8011_001.h5
2024-11-21,2024-11-21 13:28:55+00:00,4.533,-75.681,0.3663846552371979,0.3736207187175751,0.8185386061668396,0.8347474932670593,287.8130798339844,14.663079833984398,SMAP_L4_SM_gph_20241121T133000_Vv8011_001.h5
2024-11-22,2024-11-22 13:28:55+00:00,4.533,-75.681,0.3637167513370514,0.3740429580211639,0.8125496506690979,0.8357232809066772,287.9027404785156,14.752740478515648,SMAP_L4_SM_gph_20241122T133000_Vv8011_001.h5
2024-11-23,2024-11-23 13:28:55+00:00,4.533,-75.681,0.3738275468349457,0.3855627775192261,0.8352721929550171,0.8612313270568848,287.7892761230469,14.639276123046898,SMAP_L4_SM_gph_20241123T133000_Vv8011_001.h5
2024-11-24,2024-11-24 13:28:55+00:00,4.533,-75.681,0.3623940348625183,0.3802637159824371,0.8095502257347107,0.8496267199516296,287.45086669921875,14.300866699218773,SMAP_L4_SM_gph_20241124T133000_Vv8011_001.h5
2024-11-25,2024-11-25 13:28:55+00:00,4.533,-75.681,0.3573423027992248,0.3771223127841949,0.7984042167663574,0.842515230178833,287.721435546875,14.571435546875025,SMAP_L4_SM_gph_20241125T133000_Vv8011_001.h5
2024-11-26,2024-11-26 13:28:55+00:00,4.533,-75.681,0.3492494523525238,0.3731206059455871,0.7802587747573853,0.8336667418479919,288.659912109375,15.509912109375025,SMAP_L4_SM_gph_20241126T133000_Vv8011_001.h5
2024-11-27,2024-11-27 13:28:55+00:00,4.533,-75.681,0.3519501090049743,0.3711986839771271,0.7864288687705994,0.8291091322898865,288.4966735839844,15.346673583984398,SMAP_L4_SM_gph_20241127T133000_Vv8011_001.h5
2024-11-28,2024-11-28 13:28:55+00:00,4.533,-75.681,0.3513936102390289,0.3693198263645172,0.7848674058914185,0.8250787854194641,288.48065185546875,15.330651855468773,SMAP_L4_SM_gph_20241128T133000_Vv8011_001.h5
2024-11-29,2024-11-29 13:28:55+00:00,4.533,-75.681,0.3427090346813202,0.3667105138301849,0.7655088901519775,0.8193444609642029,288.631103515625,15.481103515625025,SMAP_L4_SM_gph_20241129T133000_Vv8011_001.h5
2024-11-30,2024-11-30 13:28:55+00:00,4.533,-75.681,0.3438174724578857,0.3646059334278106,0.768343448638916,0.8146294355392456,287.9393920898437,14.789392089843773,SMAP_L4_SM_gph_20241130T133000_Vv8011_001.h5
2024-12-01,2024-12-01 13:28:55+00:00,4.533,-75.681,0.3387124240398407,0.361697643995285,0.7568923830986023,0.8080933094024658,287.8086242675781,14.658624267578148,SMAP_L4_SM_gph_20241201T133000_Vv8011_001.h5
2024-12-02,2024-12-02 13:28:55+00:00,4.533,-75.681,0.3354401290416717,0.3593550026416778,0.7495386600494385,0.802661657333374,288.32635498046875,15.176354980468773,SMAP_L4_SM_gph_20241202T133000_Vv8011_001.h5
2024-12-03,2024-12-03 13:28:55+00:00,4.533,-75.681,0.3465420305728912,0.3590717911720276,0.7742447257041931,0.8021447658538818,288.2846374511719,15.134637451171898,SMAP_L4_SM_gph_20241203T133000_Vv8011_001.h5
2024-12-04,2024-12-04 13:28:55+00:00,4.533,-75.681,0.3470216393470764,0.3586790263652801,0.7751753926277161,0.8013433814048767,288.6696472167969,15.519647216796898,SMAP_L4_SM_gph_20241204T133000_Vv8011_001.h5
2024-12-05,2024-12-05 13:28:55+00:00,4.533,-75.681,0.34697425365448,0.3575039505958557,0.7752373814582825,0.7987034320831299,288.7310791015625,15.581079101562525,SMAP_L4_SM_gph_20241205T133000_Vv8011_001.h5
2024-12-06,2024-12-06 13:28:55+00:00,4.533,-75.681,0.3502605855464935,0.3580035865306854,0.7825879454612732,0.7999535799026489,288.4452209472656,15.295220947265648,SMAP_L4_SM_gph_20241206T133000_Vv8011_001.h5
2024-12-07,2024-12-07 13:28:55+00:00,4.533,-75.681,0.3457202911376953,0.3574136197566986,0.7725343704223633,0.7985417246818542,288.18408203125,15.034082031250025,SMAP_L4_SM_gph_20241207T133000_Vv8011_001.h5
2024-12-08,2024-12-08 13:28:55+00:00,4.533,-75.681,0.3413525819778442,0.3556732833385467,0.7627041935920715,0.7945539951324463,288.6114807128906,15.461480712890648,SMAP_L4_SM_gph_20241208T133000_Vv8011_001.h5
2024-12-09,2024-12-09 13:28:55+00:00,4.533,-75.681,0.3316294848918915,0.3532091081142425,0.7410305142402649,0.7891239523887634,287.3337707519531,14.183770751953148,SMAP_L4_SM_gph_20241209T133000_Vv8011_001.h5
2024-12-10,2024-12-10 13:28:55+00:00,4.533,-75.681,0.3270761668682098,0.3502415418624878,0.730812668800354,0.7826780080795288,287.2001953125,14.050195312500025,SMAP_L4_SM_gph_20241210T133000_Vv8011_001.h5
2024-12-11,2024-12-11 13:28:55+00:00,4.533,-75.681,0.3268910944461822,0.3480429053306579,0.73014897108078,0.7777915596961975,287.3925476074219,14.242547607421898,SMAP_L4_SM_gph_20241211T133000_Vv8011_001.h5
2024-12-12,2024-12-12 13:28:55+00:00,4.533,-75.681,0.3325393199920654,0.3470194637775421,0.7429016828536987,0.7753012180328369,288.2879638671875,15.137963867187525,SMAP_L4_SM_gph_20241212T133000_Vv8011_001.h5
2024-12-13,2024-12-13 13:28:55+00:00,4.533,-75.681,0.3407695293426513,0.3484148979187011,0.7614168524742126,0.7783675789833069,288.4057006835937,15.255700683593773,SMAP_L4_SM_gph_20241213T133000_Vv8011_001.h5
2024-12-14,2024-12-14 13:28:55+00:00,4.533,-75.681,0.3412122130393982,0.3484521210193634,0.762344479560852,0.778391420841217,288.48590087890625,15.335900878906273,SMAP_L4_SM_gph_20241214T133000_Vv8011_001.h5
2024-12-15,2024-12-15 13:28:55+00:00,4.533,-75.681,0.3370246291160583,0.3474341928958893,0.7530819773674011,0.7760868668556213,288.0896911621094,14.939691162109398,SMAP_L4_SM_gph_20241215T133000_Vv8011_001.h5
2024-12-16,2024-12-16 13:28:55+00:00,4.533,-75.681,0.3322357535362243,0.3466953039169311,0.74234938621521,0.7746052742004395,287.8485717773437,14.698571777343773,SMAP_L4_SM_gph_20241216T133000_Vv8011_001.h5
2024-12-17,2024-12-17 13:28:55+00:00,4.533,-75.681,0.3278144299983978,0.3445108830928802,0.7324785590171814,0.7696834802627563,287.3917236328125,14.241723632812525,SMAP_L4_SM_gph_20241217T133000_Vv8011_001.h5
2024-12-18,2024-12-18 13:28:55+00:00,4.533,-75.681,0.3285678923130035,0.3428236246109009,0.7339112162590027,0.7658334970474243,287.875732421875,14.725732421875025,SMAP_L4_SM_gph_20241218T133000_Vv8011_001.h5
2024-12-19,2024-12-19 13:28:55+00:00,4.533,-75.681,0.3290770053863525,0.3414762318134308,0.735322117805481,0.7627200484275818,288.13018798828125,14.980187988281273,SMAP_L4_SM_gph_20241219T133000_Vv8011_001.h5
2024-12-20,2024-12-20 13:28:55+00:00,4.533,-75.681,0.3417805731296539,0.3505267798900604,0.7635383605957031,0.7832004427909851,288.45947265625,15.309472656250025,SMAP_L4_SM_gph_20241220T133000_Vv8011_001.h5
2024-12-21,2024-12-21 13:28:55+00:00,4.533,-75.681,0.3357979357242584,0.3475111722946167,0.7503167986869812,0.776458203792572,288.6584167480469,15.508416748046898,SMAP_L4_SM_gph_20241221T133000_Vv8011_001.h5
2024-12-22,2024-12-22 13:28:55+00:00,4.533,-75.681,0.3458876609802246,0.3510993719100952,0.7725648283958435,0.7844682931900024,288.65338134765625,15.503381347656273,SMAP_L4_SM_gph_20241222T133000_Vv8011_001.h5
2024-12-23,2024-12-23 13:28:55+00:00,4.533,-75.681,0.3450988233089447,0.3500112891197204,0.7709446549415588,0.7818101644515991,288.4883117675781,15.338311767578148,SMAP_L4_SM_gph_20241223T133000_Vv8011_001.h5
2024-12-24,2024-12-24 13:28:55+00:00,4.533,-75.681,0.3482778966426849,0.3506117165088653,0.7781615257263184,0.7831764817237854,288.3498229980469,15.199822998046898,SMAP_L4_SM_gph_20241224T133000_Vv8011_001.h5
2024-12-25,2024-12-25 13:28:55+00:00,4.533,-75.681,0.3465830087661743,0.353717178106308,0.774401843547821,0.7901518940925598,288.28277587890625,15.132775878906273,SMAP_L4_SM_gph_20241225T133000_Vv8011_001.h5
2024-12-26,2024-12-26 13:28:55+00:00,4.533,-75.681,0.3502991795539856,0.3522917926311493,0.7826111316680908,0.7870804071426392,288.2009582519531,15.050958251953148,SMAP_L4_SM_gph_20241226T133000_Vv8011_001.h5
2024-12-27,2024-12-27 13:28:55+00:00,4.533,-75.681,0.3523940145969391,0.3608777821063995,0.7872709035873413,0.8062571883201599,288.1153259277344,14.965325927734398,SMAP_L4_SM_gph_20241227T133000_Vv8011_001.h5
2024-12-28,2024-12-28 13:28:55+00:00,4.533,-75.681,0.3491961658000946,0.3575572967529297,0.7802779674530029,0.7989885807037354,288.1542358398437,15.004235839843773,SMAP_L4_SM_gph_20241228T133000_Vv8011_001.h5
2024-12-29,2024-12-29 13:28:55+00:00,4.533,-75.681,0.3562121987342834,0.3606416583061218,0.7958524227142334,0.8057625889778137,287.85943603515625,14.709436035156273,SMAP_L4_SM_gph_20241229T133000_Vv8011_001.h5
2024-12-30,2024-12-30 13:28:55+00:00,4.533,-75.681,0.3590728938579559,0.3631394207477569,0.8021441102027893,0.8112801909446716,287.84259033203125,14.692590332031273,SMAP_L4_SM_gph_20241230T133000_Vv8011_001.h5
2024-12-31,2024-12-31 13:28:55+00:00,4.533,-75.681,0.3613863289356231,0.3713374137878418,0.8073195219039917,0.8296408653259277,288.0669860839844,14.916986083984398,SMAP_L4_SM_gph_20241231T133000_Vv8011_001.h5
2025-01-01,2025-01-01 13:28:55+00:00,4.533,-75.681,0.359290063381195,0.370427519083023,0.8028841614723206,0.8275436758995056,287.85308837890625,14.703088378906273,SMAP_L4_SM_gph_20250101T133000_Vv8011_001.h5
2025-01-02,2025-01-02 13:28:55+00:00,4.533,-75.681,0.3534013032913208,0.367559015750885,0.7895194888114929,0.8211109638214111,287.6273193359375,14.477319335937525,SMAP_L4_SM_gph_20250102T133000_Vv8011_001.h5
2025-01-03,2025-01-03 13:28:55+00:00,4.533,-75.681,0.3575465083122253,0.3662127256393432,0.7986600995063782,0.8182455897331238,288.1287841796875,14.978784179687525,SMAP_L4_SM_gph_20250103T133000_Vv8011_001.h5
2025-01-04,2025-01-04 13:28:55+00:00,4.533,-75.681,0.3629298508167267,0.3713670969009399,0.8107673525810242,0.8298656940460205,287.9520874023437,14.802087402343773,SMAP_L4_SM_gph_20250104T133000_Vv8011_001.h5
2025-01-05,2025-01-05 13:28:55+00:00,4.533,-75.681,0.361135184764862,0.3721240162849426,0.8068055510520935,0.8314907550811768,287.8494873046875,14.699487304687525,SMAP_L4_SM_gph_20250105T133000_Vv8011_001.h5
2025-01-06,2025-01-06 13:28:55+00:00,4.533,-75.681,0.3594378232955932,0.3721716403961181,0.8030429482460022,0.83163982629776,287.42291259765625,14.272912597656273,SMAP_L4_SM_gph_20250106T133000_Vv8011_001.h5
2025-01-07,2025-01-07 13:28:55+00:00,4.533,-75.681,0.3526769280433655,0.3698705434799194,0.7878372669219971,0.8263886570930481,288.1705322265625,15.020532226562525,SMAP_L4_SM_gph_20250107T133000_Vv8011_001.h5
2025-01-08,2025-01-08 13:28:55+00:00,4.533,-75.681,0.3532520234584808,0.3677925765514374,0.7890201210975647,0.8218158483505249,288.42706298828125,15.277062988281273,SMAP_L4_SM_gph_20250108T133000_Vv8011_001.h5
2025-01-09,2025-01-09 13:28:55+00:00,4.533,-75.681,0.3589657545089721,0.369274765253067,0.8019523620605469,0.8247905969619751,288.2914428710937,15.141442871093773,SMAP_L4_SM_gph_20250109T133000_Vv8011_001.h5
2025-01-10,2025-01-10 13:28:55+00:00,4.533,-75.681,0.3571500480175018,0.3693791329860687,0.7980445623397827,0.8250623345375061,288.0810241699219,14.931024169921898,SMAP_L4_SM_gph_20250110T133000_Vv8011_001.h5
2025-01-11,2025-01-11 13:28:55+00:00,4.533,-75.681,0.3465619087219238,0.3661951124668121,0.774266242980957,0.8181997537612915,287.7329406738281,14.582940673828148,SMAP_L4_SM_gph_20250111T133000_Vv8011_001.h5
2025-01-12,2025-01-12 13:28:55+00:00,4.533,-75.681,0.3450815081596374,0.3636148869991302,0.7709444165229797,0.8122968077659607,287.814697265625,14.664697265625025,SMAP_L4_SM_gph_20250112T133000_Vv8011_001.h5
2025-01-13,2025-01-13 13:28:55+00:00,4.533,-75.681,0.3375826776027679,0.3603232800960541,0.7541733384132385,0.8049837946891785,287.9750671386719,14.825067138671898,SMAP_L4_SM_gph_20250113T133000_Vv8011_001.h5
2025-01-14,2025-01-14 13:28:55+00:00,4.533,-75.681,0.3363734483718872,0.357964277267456,0.7515947818756104,0.7997536063194275,288.2281494140625,15.078149414062525,SMAP_L4_SM_gph_20250114T133000_Vv8011_001.h5
2025-01-15,2025-01-15 13:28:55+00:00,4.533,-75.681,0.3346320688724518,0.3558075129985809,0.7476537823677063,0.7949027419090271,287.48828125,14.338281250000025,SMAP_L4_SM_gph_20250115T133000_Vv8011_001.h5
2025-01-16,2025-01-16 13:28:55+00:00,4.533,-75.681,0.3325545787811279,0.3533700406551361,0.7430309653282166,0.7895418405532837,287.3475036621094,14.197503662109398,SMAP_L4_SM_gph_20250116T133000_Vv8011_001.h5
2025-01-17,2025-01-17 13:28:55+00:00,4.533,-75.681,0.3316097855567932,0.3516874015331268,0.7408859729766846,0.785631000995636,287.767578125,14.617578125000025,SMAP_L4_SM_gph_20250117T133000_Vv8011_001.h5
2025-01-18,2025-01-18 13:28:55+00:00,4.533,-75.681,0.3323575854301452,0.3501650691032409,0.7424987554550171,0.7823809385299683,286.5924072265625,13.442407226562525,SMAP_L4_SM_gph_20250118T133000_Vv8011_001.h5
2025-01-19,2025-01-19 13:28:55+00:00,4.533,-75.681,0.3256653547286987,0.3475078046321869,0.7275162935256958,0.7763508558273315,286.2607421875,13.110742187500025,SMAP_L4_SM_gph_20250119T133000_Vv8011_001.h5
2025-01-20,2025-01-20 13:28:55+00:00,4.533,-75.681,0.327978104352951,0.3460043370723724,0.7327309250831604,0.773076593875885,286.54736328125,13.397363281250025,SMAP_L4_SM_gph_20250120T133000_Vv8011_001.h5
2025-01-21,2025-01-21 13:28:55+00:00,4.533,-75.681,0.3197673857212066,0.3436942398548126,0.7143493890762329,0.7679737210273743,286.7291564941406,13.579156494140648,SMAP_L4_SM_gph_20250121T133000_Vv8011_001.h5
2025-01-22,2025-01-22 13:28:55+00:00,4.533,-75.681,0.3215541243553161,0.3418700993061065,0.7186200022697449,0.7639145851135254,286.1923217773437,13.042321777343773,SMAP_L4_SM_gph_20250122T133000_Vv8011_001.h5
2025-01-23,2025-01-23 13:28:55+00:00,4.533,-75.681,0.3159794211387634,0.3396337330341339,0.7059500217437744,0.758759617805481,286.1411437988281,12.991143798828148,SMAP_L4_SM_gph_20250123T133000_Vv8011_001.h5
2025-01-24,2025-01-24 13:28:55+00:00,4.533,-75.681,0.3127540349960327,0.3369415998458862,0.6986832618713379,0.752809464931488,286.37261962890625,13.222619628906273,SMAP_L4_SM_gph_20250124T133000_Vv8011_001.h5
2025-01-25,2025-01-25 13:28:55+00:00,4.533,-75.681,0.3134991228580475,0.3356807231903076,0.7003112435340881,0.750019371509552,287.2247009277344,14.074700927734398,SMAP_L4_SM_gph_20250125T133000_Vv8011_001.h5
2025-01-26,2025-01-26 13:28:55+00:00,4.533,-75.681,0.3325201272964477,0.3380577266216278,0.742975652217865,0.7552962899208069,287.28033447265625,14.130334472656273,SMAP_L4_SM_gph_20250126T133000_Vv8011_001.h5
2025-01-27,2025-01-27 13:28:55+00:00,4.533,-75.681,0.3258408010005951,0.3369428217411041,0.7280042767524719,0.752642035484314,287.2882995605469,14.138299560546898,SMAP_L4_SM_gph_20250127T133000_Vv8011_001.h5
2025-01-28,2025-01-28 13:28:55+00:00,4.533,-75.681,0.3236005306243896,0.3359702527523041,0.7229652404785156,0.7504551410675049,287.2684326171875,14.118432617187525,SMAP_L4_SM_gph_20250128T133000_Vv8011_001.h5
2025-01-29,2025-01-29 13:28:55+00:00,4.533,-75.681,0.316514641046524,0.3332293927669525,0.7072210907936096,0.7446489930152893,287.5823059082031,14.432305908203148,SMAP_L4_SM_gph_20250129T133000_Vv8011_001.h5
2025-01-30,2025-01-30 13:28:55+00:00,4.533,-75.681,0.3104961216449737,0.3309992849826813,0.6937535405158997,0.7394834756851196,287.4559936523437,14.305993652343773,SMAP_L4_SM_gph_20250130T133000_Vv8011_001.h5
2025-01-31,2025-01-31 13:28:55+00:00,4.533,-75.681,0.3111934065818786,0.3292340040206909,0.6952934861183167,0.7356018424034119,287.9346618652344,14.784661865234398,SMAP_L4_SM_gph_20250131T133000_Vv8011_001.h5
2025-02-01,2025-02-01 13:28:55+00:00,4.533,-75.681,0.302385002374649,0.3271891176700592,0.675723135471344,0.7310417890548706,287.9872436523437,14.837243652343773,SMAP_L4_SM_gph_20250201T133000_Vv8011_001.h5
2025-02-02,2025-02-02 13:28:55+00:00,4.533,-75.681,0.3112470507621765,0.3268787264823913,0.6953510642051697,0.7302103042602539,288.0478820800781,14.897882080078148,SMAP_L4_SM_gph_20250202T133000_Vv8011_001.h5
2025-02-03,2025-02-03 13:28:55+00:00,4.533,-75.681,0.3315548002719879,0.3332181572914123,0.7407720685005188,0.7446666359901428,288.1806335449219,15.030633544921898,SMAP_L4_SM_gph_20250203T133000_Vv8011_001.h5
2025-02-04,2025-02-04 13:28:55+00:00,4.533,-75.681,0.3368091881275177,0.3403081893920898,0.752456545829773,0.7603914141654968,288.20849609375,15.058496093750025,SMAP_L4_SM_gph_20250204T133000_Vv8011_001.h5
2025-02-05,2025-02-05 13:28:55+00:00,4.533,-75.681,0.3320991098880768,0.3375851213932037,0.7421801090240479,0.7542641758918762,287.77557373046875,14.625573730468773,SMAP_L4_SM_gph_20250205T133000_Vv8011_001.h5
2025-02-06,2025-02-06 13:28:55+00:00,4.533,-75.681,0.3344539105892181,0.3398516178131103,0.7472546100616455,0.7591620087623596,287.5657958984375,14.415795898437525,SMAP_L4_SM_gph_20250206T133000_Vv8011_001.h5
2025-02-07,2025-02-07 13:28:55+00:00,4.533,-75.681,0.3322978317737579,0.3398743867874145,0.7423796057701111,0.7591652274131775,287.5576477050781,14.407647705078148,SMAP_L4_SM_gph_20250207T133000_Vv8011_001.h5
2025-02-08,2025-02-08 13:28:55+00:00,4.533,-75.681,0.3448953926563263,0.3424749374389648,0.7704818844795227,0.7651742100715637,288.4734191894531,15.323419189453148,SMAP_L4_SM_gph_20250208T133000_Vv8011_001.h5
2025-02-09,2025-02-09 13:28:55+00:00,4.533,-75.681,0.344726413488388,0.3498426973819732,0.7700927257537842,0.7817623615264893,288.1282958984375,14.978295898437525,SMAP_L4_SM_gph_20250209T133000_Vv8011_001.h5
2025-02-10,2025-02-10 13:28:55+00:00,4.533,-75.681,0.3474757969379425,0.3501672744750976,0.7763558626174927,0.7821424007415771,288.0314025878906,14.881402587890648,SMAP_L4_SM_gph_20250210T133000_Vv8011_001.h5
2025-02-11,2025-02-11 13:28:55+00:00,4.533,-75.681,0.3592618107795715,0.3617885410785675,0.8028353452682495,0.8081586360931396,288.0240478515625,14.874047851562525,SMAP_L4_SM_gph_20250211T133000_Vv8011_001.h5
2025-02-12,2025-02-12 13:28:55+00:00,4.533,-75.681,0.3508239090442657,0.3624533712863922,0.783550500869751,0.8097653388977051,287.712646484375,14.562646484375025,SMAP_L4_SM_gph_20250212T133000_Vv8011_001.h5
2025-02-13,2025-02-13 13:28:55+00:00,4.533,-75.681,0.3816240131855011,0.3704138994216919,0.8525157570838928,0.8277292847633362,288.03094482421875,14.880944824218773,SMAP_L4_SM_gph_20250213T133000_Vv8011_001.h5
2025-02-14,2025-02-14 13:28:55+00:00,4.533,-75.681,0.359174519777298,0.3703019618988037,0.8024209141731262,0.8273637294769287,287.7918395996094,14.641839599609398,SMAP_L4_SM_gph_20250214T133000_Vv8011_001.h5
2025-02-15,2025-02-15 13:28:55+00:00,4.533,-75.681,0.3648526668548584,0.3700186312198639,0.8152014017105103,0.8265292644500732,287.3510437011719,14.201043701171898,SMAP_L4_SM_gph_20250215T133000_Vv8011_001.h5
2025-02-16,2025-02-16 13:28:55+00:00,4.533,-75.681,0.3637000322341919,0.3715881705284118,0.8124766945838928,0.8302937150001526,287.57745361328125,14.427453613281273,SMAP_L4_SM_gph_20250216T133000_Vv8011_001.h5
2025-02-17,2025-02-17 13:28:55+00:00,4.533,-75.681,0.3618324100971222,0.3714067935943603,0.8083814382553101,0.8297250270843506,287.7105712890625,14.560571289062525,SMAP_L4_SM_gph_20250217T133000_Vv8011_001.h5
2025-02-18,2025-02-18 13:28:55+00:00,4.533,-75.681,0.3656963407993316,0.3776835203170776,0.8168995976448059,0.8437744379043579,287.8951721191406,14.745172119140648,SMAP_L4_SM_gph_20250218T133000_Vv8011_001.h5
2025-02-19,2025-02-19 13:28:55+00:00,4.533,-75.681,0.3648737370967865,0.3756409585475921,0.8151518702507019,0.8392210602760315,288.0991516113281,14.949151611328148,SMAP_L4_SM_gph_20250219T133000_Vv8011_001.h5
2025-02-20,2025-02-20 13:28:55+00:00,4.533,-75.681,0.3611425757408142,0.373236209154129,0.8069264888763428,0.8337765336036682,288.3070373535156,15.157037353515648,SMAP_L4_SM_gph_20250220T133000_Vv8011_001.h5
2025-02-21,2025-02-21 13:28:55+00:00,4.533,-75.681,0.3654703199863434,0.3781878352165222,0.816656768321991,0.8451118469238281,288.312744140625,15.162744140625025,SMAP_L4_SM_gph_20250221T133000_Vv8011_001.h5
2025-02-22,2025-02-22 13:28:55+00:00,4.533,-75.681,0.360262006521225,0.3753006160259247,0.8048321604728699,0.8383868932723999,288.3775329589844,15.227532958984398,SMAP_L4_SM_gph_20250222T133000_Vv8011_001.h5
2025-02-23,2025-02-23 13:28:55+00:00,4.533,-75.681,0.3599000871181488,0.3741863071918487,0.8039732575416565,0.8358297348022461,288.57330322265625,15.423303222656273,SMAP_L4_SM_gph_20250223T133000_Vv8011_001.h5
2025-02-24,2025-02-24 13:28:55+00:00,4.533,-75.681,0.3573018312454223,0.3725075423717499,0.798058271408081,0.8322464823722839,288.4293212890625,15.279321289062525,SMAP_L4_SM_gph_20250224T133000_Vv8011_001.h5
2025-02-25,2025-02-25 13:28:55+00:00,4.533,-75.681,0.3686286509037018,0.3758162260055542,0.8237600326538086,0.8396040797233582,288.3448486328125,15.194848632812525,SMAP_L4_SM_gph_20250225T133000_Vv8011_001.h5
2025-02-26,2025-02-26 13:28:55+00:00,4.533,-75.681,0.3690200448036194,0.3811420798301697,0.8244248032569885,0.8514487743377686,288.2134094238281,15.063409423828148,SMAP_L4_SM_gph_20250226T133000_Vv8011_001.h5
2025-02-27,2025-02-27 13:28:55+00:00,4.533,-75.681,0.3595813810825348,0.3775133788585663,0.8034995794296265,0.8432353734970093,288.5704040527344,15.420404052734398,SMAP_L4_SM_gph_20250227T133000_Vv8011_001.h5
2025-02-28,2025-02-28 13:28:55+00:00,4.533,-75.681,0.3573564291000366,0.3747681379318237,0.7985869646072388,0.8372948169708252,288.5765380859375,15.426538085937525,SMAP_L4_SM_gph_20250228T133000_Vv8011_001.h5
2025-03-01,2025-03-01 13:28:55+00:00,4.533,-75.681,0.3699253797531128,0.3784779906272888,0.8264143466949463,0.8454763293266296,288.7041320800781,15.554132080078148,SMAP_L4_SM_gph_20250301T133000_Vv8011_001.h5
2025-03-02,2025-03-02 13:28:55+00:00,4.533,-75.681,0.3664125502109527,0.384420096874237,0.8185945153236389,0.8588765263557434,287.82080078125,14.670800781250025,SMAP_L4_SM_gph_20250302T133000_Vv8011_001.h5
2025-03-03,2025-03-03 13:28:55+00:00,4.533,-75.681,0.3717612326145172,0.384498119354248,0.8305698037147522,0.8590806722640991,287.6285705566406,14.478570556640648,SMAP_L4_SM_gph_20250303T133000_Vv8011_001.h5
2025-03-04,2025-03-04 13:28:55+00:00,4.533,-75.681,0.3700872659683227,0.3848108053207397,0.8268324136734009,0.8596729636192322,287.7237854003906,14.573785400390648,SMAP_L4_SM_gph_20250304T133000_Vv8011_001.h5
2025-03-05,2025-03-05 13:28:55+00:00,4.533,-75.681,0.3763030171394348,0.3926308751106262,0.8405884504318237,0.8772709965705872,287.5017395019531,14.351739501953148,SMAP_L4_SM_gph_20250305T133000_Vv8011_001.h5
2025-03-06,2025-03-06 13:28:55+00:00,4.533,-75.681,0.3796035051345825,0.3980444073677063,0.8480854630470276,0.8892694711685181,287.4154663085937,14.265466308593773,SMAP_L4_SM_gph_20250306T133000_Vv8011_001.h5
2025-03-07,2025-03-07 13:28:55+00:00,4.533,-75.681,0.3859321177005768,0.4063327312469482,0.8623197674751282,0.9077165722846984,287.5882568359375,14.438256835937525,SMAP_L4_SM_gph_20250307T133000_Vv8011_001.h5
2025-03-08,2025-03-08 13:28:55+00:00,4.533,-75.681,0.3793065845966339,0.4015227854251861,0.8475037813186646,0.8971649408340454,287.6798400878906,14.529840087890648,SMAP_L4_SM_gph_20250308T133000_Vv8011_001.h5
2025-03-09,2025-03-09 13:28:55+00:00,4.533,-75.681,0.3737059533596039,0.3975012898445129,0.8349156975746155,0.8879054188728333,288.2151184082031,15.065118408203148,SMAP_L4_SM_gph_20250309T133000_Vv8011_001.h5
2025-03-10,2025-03-10 13:28:55+00:00,4.533,-75.681,0.370095819234848,0.3942003548145294,0.826896071434021,0.8808120489120483,288.17938232421875,15.029382324218773,SMAP_L4_SM_gph_20250310T133000_Vv8011_001.h5
2025-03-11,2025-03-11 13:28:55+00:00,4.533,-75.681,0.3693023324012756,0.3915155529975891,0.8248412609100342,0.8747105598449707,287.56036376953125,14.410363769531273,SMAP_L4_SM_gph_20250311T133000_Vv8011_001.h5
2025-03-12,2025-03-12 13:28:55+00:00,4.533,-75.681,0.3812656700611114,0.3976865112781524,0.8517338037490845,0.8884838223457336,287.70098876953125,14.550988769531273,SMAP_L4_SM_gph_20250312T133000_Vv8011_001.h5
2025-03-13,2025-03-13 13:28:55+00:00,4.533,-75.681,0.3797051012516022,0.3992096781730652,0.8483441472053528,0.8918101191520691,287.75994873046875,14.609948730468773,SMAP_L4_SM_gph_20250313T133000_Vv8011_001.h5
2025-03-14,2025-03-14 13:28:55+00:00,4.533,-75.681,0.4008581042289734,0.4041774868965149,0.8957448601722717,0.9029436111450196,287.4657592773437,14.315759277343773,SMAP_L4_SM_gph_20250314T133000_Vv8011_001.h5
2025-03-15,2025-03-15 13:28:55+00:00,4.533,-75.681,0.3804562389850616,0.4021681845188141,0.8499054908752441,0.8984022736549377,287.64080810546875,14.490808105468773,SMAP_L4_SM_gph_20250315T133000_Vv8011_001.h5
2025-03-16,2025-03-16 13:28:55+00:00,4.533,-75.681,0.3736511766910553,0.39833864569664,0.8349514603614807,0.8899829983711243,287.83953857421875,14.689538574218773,SMAP_L4_SM_gph_20250316T133000_Vv8011_001.h5
2025-03-17,2025-03-17 13:28:55+00:00,4.533,-75.681,0.3789364695549011,0.3967577815055847,0.8465011715888977,0.8863367438316345,287.9530639648437,14.803063964843773,SMAP_L4_SM_gph_20250317T133000_Vv8011_001.h5
2025-03-18,2025-03-18 13:28:55+00:00,4.533,-75.681,0.3808310329914093,0.3978054523468017,0.8508151173591614,0.8888893723487854,288.42755126953125,15.277551269531273,SMAP_L4_SM_gph_20250318T133000_Vv8011_001.h5
2025-03-19,2025-03-19 13:28:55+00:00,4.533,-75.681,0.371951162815094,0.3949912488460541,0.8309374451637268,0.882524311542511,288.0971069335937,14.947106933593773,SMAP_L4_SM_gph_20250319T133000_Vv8011_001.h5
2025-03-20,2025-03-20 13:28:55+00:00,4.533,-75.681,0.3762600123882293,0.3931039869785309,0.8408374190330505,0.8783017992973328,288.66326904296875,15.513269042968773,SMAP_L4_SM_gph_20250320T133000_Vv8011_001.h5
2025-03-21,2025-03-21 13:28:55+00:00,4.533,-75.681,0.3741793036460876,0.3932419419288635,0.8358940482139587,0.8787569403648376,288.0502624511719,14.900262451171898,SMAP_L4_SM_gph_20250321T133000_Vv8011_001.h5
2025-03-22,2025-03-22 13:28:55+00:00,4.533,-75.681,0.3685102760791778,0.3895555734634399,0.8233999609947205,0.8703930377960205,288.48602294921875,15.336022949218773,SMAP_L4_SM_gph_20250322T133000_Vv8011_001.h5
2025-03-23,2025-03-23 13:28:55+00:00,4.533,-75.681,0.3673010766506195,0.3873044848442077,0.820602536201477,0.8651999235153198,288.3389892578125,15.188989257812525,SMAP_L4_SM_gph_20250323T133000_Vv8011_001.h5
2025-03-24,2025-03-24 13:28:55+00:00,4.533,-75.681,0.3634755611419678,0.3838653266429901,0.8119492530822754,0.8575763702392578,288.412841796875,15.262841796875025,SMAP_L4_SM_gph_20250324T133000_Vv8011_001.h5
2025-03-25,2025-03-25 13:28:55+00:00,4.533,-75.681,0.3607802391052246,0.3808506429195404,0.8059907555580139,0.8507627844810486,288.4164428710937,15.266442871093773,SMAP_L4_SM_gph_20250325T133000_Vv8011_001.h5
2025-03-26,2025-03-26 13:28:55+00:00,4.533,-75.681,0.3562135100364685,0.3776471614837646,0.7960034608840942,0.8438496589660645,288.5071716308594,15.357171630859398,SMAP_L4_SM_gph_20250326T133000_Vv8011_001.h5
2025-03-27,2025-03-27 13:28:55+00:00,4.533,-75.681,0.3578464388847351,0.3756938874721527,0.7994891405105591,0.839454710483551,288.95391845703125,15.803918457031273,SMAP_L4_SM_gph_20250327T133000_Vv8011_001.h5
2025-03-28,2025-03-28 13:28:55+00:00,4.533,-75.681,0.3663190901279449,0.3789096772670746,0.8184176683425903,0.8465701341629028,288.2299194335937,15.079919433593773,SMAP_L4_SM_gph_20250328T133000_Vv8011_001.h5
2025-03-29,2025-03-29 13:28:55+00:00,4.533,-75.681,0.3633944392204284,0.3794187903404236,0.8117550015449524,0.8476750254631042,288.2005615234375,15.050561523437525,SMAP_L4_SM_gph_20250329T133000_Vv8011_001.h5
2025-03-30,2025-03-30 13:28:55+00:00,4.533,-75.681,0.3709955215454101,0.3813027143478393,0.828803539276123,0.8517192006111145,288.2856140136719,15.135614013671898,SMAP_L4_SM_gph_20250330T133000_Vv8011_001.h5
2025-03-31,2025-03-31 13:28:55+00:00,4.533,-75.681,0.3721701204776764,0.3825893700122833,0.8313848972320557,0.8547465801239014,288.364013671875,15.214013671875025,SMAP_L4_SM_gph_20250331T133000_Vv8011_001.h5
2025-04-01,2025-04-01 13:28:55+00:00,4.533,-75.681,0.365224689245224,0.381436139345169,0.8159809112548828,0.8521629571914673,288.05572509765625,14.905725097656273,SMAP_L4_SM_gph_20250401T133000_Vv8011_001.h5
2025-04-02,2025-04-02 13:28:55+00:00,4.533,-75.681,0.3688206076622009,0.382608413696289,0.8240758180618286,0.8547962307929993,288.34423828125,15.194238281250025,SMAP_L4_SM_gph_20250402T133000_Vv8011_001.h5
2025-04-03,2025-04-03 13:28:55+00:00,4.533,-75.681,0.3633861839771271,0.3809922039508819,0.8118955492973328,0.8513018488883972,288.0246887207031,14.874688720703148,SMAP_L4_SM_gph_20250403T133000_Vv8011_001.h5
2025-04-04,2025-04-04 13:28:55+00:00,4.533,-75.681,0.3706988990306854,0.384948194026947,0.8281858563423157,0.8599764108657837,288.63201904296875,15.482019042968773,SMAP_L4_SM_gph_20250404T133000_Vv8011_001.h5
2025-04-05,2025-04-05 13:28:55+00:00,4.533,-75.681,0.3701729476451874,0.3852539956569671,0.8269971013069153,0.8607216477394104,288.2482604980469,15.098260498046898,SMAP_L4_SM_gph_20250405T133000_Vv8011_001.h5
2025-04-06,2025-04-06 13:28:55+00:00,4.533,-75.681,0.3796233236789703,0.3897370100021362,0.8479534387588501,0.8706440329551697,288.2938537597656,15.143853759765648,SMAP_L4_SM_gph_20250406T133000_Vv8011_001.h5
2025-04-07,2025-04-07 13:28:55+00:00,4.533,-75.681,0.3768355250358581,0.3968481421470642,0.8417219519615173,0.8865939378738403,288.2515869140625,15.101586914062525,SMAP_L4_SM_gph_20250407T133000_Vv8011_001.h5
2025-04-08,2025-04-08 13:28:55+00:00,4.533,-75.681,0.3919137418270111,0.401879072189331,0.875595211982727,0.8978922963142395,288.7645263671875,15.614526367187525,SMAP_L4_SM_gph_20250408T133000_Vv8011_001.h5
2025-04-09,2025-04-09 13:28:55+00:00,4.533,-75.681,0.3806122839450836,0.4029885828495025,0.850164532661438,0.9003620147705078,288.0168762207031,14.866876220703148,SMAP_L4_SM_gph_20250409T133000_Vv8011_001.h5
2025-04-10,2025-04-10 13:28:55+00:00,4.533,-75.681,0.3812275230884552,0.4009864032268524,0.8517875075340271,0.8956694602966309,288.16558837890625,15.015588378906273,SMAP_L4_SM_gph_20250410T133000_Vv8011_001.h5
2025-04-11,2025-04-11 13:28:55+00:00,4.533,-75.681,0.3907607495784759,0.4024859964847564,0.8728907108306885,0.8991780877113342,288.1392517089844,14.989251708984398,SMAP_L4_SM_gph_20250411T133000_Vv8011_001.h5
2025-04-12,2025-04-12 13:28:55+00:00,4.533,-75.681,0.3797666430473327,0.4003975391387939,0.8486544489860535,0.8945047855377197,288.13751220703125,14.987512207031273,SMAP_L4_SM_gph_20250412T133000_Vv8011_001.h5
2025-04-13,2025-04-13 13:28:55+00:00,4.533,-75.681,0.3747344613075256,0.3955857753753662,0.837150514125824,0.883629560470581,288.6464233398437,15.496423339843773,SMAP_L4_SM_gph_20250413T133000_Vv8011_001.h5
2025-04-14,2025-04-14 13:28:55+00:00,4.533,-75.681,0.3649083971977234,0.3909386098384857,0.8153568506240845,0.8733534812927246,288.65216064453125,15.502160644531273,SMAP_L4_SM_gph_20250414T133000_Vv8011_001.h5
2025-04-15,2025-04-15 13:28:55+00:00,4.533,-75.681,0.3574987351894378,0.3864361047744751,0.7986452579498291,0.8633804321289062,288.4620056152344,15.312005615234398,SMAP_L4_SM_gph_20250415T133000_Vv8011_001.h5
2025-04-16,2025-04-16 13:28:55+00:00,4.533,-75.681,0.3552170097827911,0.382264494895935,0.7936497926712036,0.8540478348731995,288.70574951171875,15.555749511718773,SMAP_L4_SM_gph_20250416T133000_Vv8011_001.h5
2025-04-17,2025-04-17 13:28:55+00:00,4.533,-75.681,0.3559430837631225,0.3791884481906891,0.7952576875686646,0.8471487760543823,288.9085693359375,15.758569335937525,SMAP_L4_SM_gph_20250417T133000_Vv8011_001.h5
2025-04-18,2025-04-18 13:28:55+00:00,4.533,-75.681,0.3553489148616791,0.3777463734149933,0.793939471244812,0.8440340757369995,288.8436279296875,15.693627929687525,SMAP_L4_SM_gph_20250418T133000_Vv8011_001.h5
2025-04-19,2025-04-19 13:28:55+00:00,4.533,-75.681,0.3467626869678497,0.3735177218914032,0.7745549082756042,0.8343828320503235,288.931884765625,15.781884765625025,SMAP_L4_SM_gph_20250419T133000_Vv8011_001.h5
2025-04-20,2025-04-20 13:28:55+00:00,4.533,-75.681,0.3530071675777435,0.3711360991001129,0.7886442542076111,0.8291675448417664,288.78436279296875,15.634362792968773,SMAP_L4_SM_gph_20250420T133000_Vv8011_001.h5
2025-04-21,2025-04-21 13:28:55+00:00,4.533,-75.681,0.3727689683437347,0.3813536167144775,0.8326840400695801,0.8520218729972839,288.81231689453125,15.662316894531273,SMAP_L4_SM_gph_20250421T133000_Vv8011_001.h5
2025-04-22,2025-04-22 13:28:55+00:00,4.533,-75.681,0.3667287528514862,0.3844929039478302,0.8192877769470215,0.8590860366821289,288.0887145996094,14.938714599609398,SMAP_L4_SM_gph_20250422T133000_Vv8011_001.h5
2025-04-23,2025-04-23 13:28:55+00:00,4.533,-75.681,0.3698840737342834,0.3873641490936279,0.8263300657272339,0.8655254244804382,288.5030517578125,15.353051757812525,SMAP_L4_SM_gph_20250423T133000_Vv8011_001.h5
2025-04-24,2025-04-24 13:28:55+00:00,4.533,-75.681,0.3669961988925934,0.3840677440166473,0.8199146389961243,0.857955813407898,288.7728271484375,15.622827148437525,SMAP_L4_SM_gph_20250424T133000_Vv8011_001.h5
2025-04-25,2025-04-25 13:28:55+00:00,4.533,-75.681,0.3759003281593323,0.3859685659408569,0.8398351669311523,0.8624580502510071,288.5389404296875,15.388940429687525,SMAP_L4_SM_gph_20250425T133000_Vv8011_001.h5
2025-04-26,2025-04-26 13:28:55+00:00,4.533,-75.681,0.3831296861171722,0.396567553281784,0.8561592102050781,0.8860844969749451,288.4639892578125,15.313989257812525,SMAP_L4_SM_gph_20250426T133000_Vv8011_001.h5
2025-04-27,2025-04-27 13:28:55+00:00,4.533,-75.681,0.3795721530914306,0.3974503576755523,0.8482192158699036,0.8881114721298218,288.4298095703125,15.279809570312525,SMAP_L4_SM_gph_20250427T133000_Vv8011_001.h5
2025-04-28,2025-04-28 13:28:55+00:00,4.533,-75.681,0.3963476121425628,0.4044704139232635,0.8855922222137451,0.903654158115387,288.32037353515625,15.170373535156273,SMAP_L4_SM_gph_20250428T133000_Vv8011_001.h5
2025-04-29,2025-04-29 13:28:55+00:00,4.533,-75.681,0.3818940818309784,0.4027033746242523,0.8531230092048645,0.8996708393096924,288.0248107910156,14.874810791015648,SMAP_L4_SM_gph_20250429T133000_Vv8011_001.h5
2025-04-30,2025-04-30 13:28:55+00:00,4.533,-75.681,0.3961701691150665,0.4054263830184936,0.8849894404411316,0.9058720469474792,288.4691467285156,15.319146728515648,SMAP_L4_SM_gph_20250430T133000_Vv8011_001.h5
2025-05-01,2025-05-01 13:28:55+00:00,4.533,-75.681,0.3877308964729309,0.4098832011222839,0.8663042187690735,0.9157259464263916,288.0838928222656,14.933892822265648,SMAP_L4_SM_gph_20250501T133000_Vv8011_001.h5
2025-05-02,2025-05-02 13:28:55+00:00,4.533,-75.681,0.3833726346492767,0.4057437181472778,0.856464684009552,0.906551718711853,288.83270263671875,15.682702636718773,SMAP_L4_SM_gph_20250502T133000_Vv8011_001.h5
2025-05-03,2025-05-03 13:28:55+00:00,4.533,-75.681,0.3993518948554992,0.408648133277893,0.8921329379081726,0.9128332734107972,288.0310363769531,14.881036376953148,SMAP_L4_SM_gph_20250503T133000_Vv8011_001.h5
2025-05-04,2025-05-04 13:28:55+00:00,4.533,-75.681,0.3824001848697662,0.4056112766265869,0.854475736618042,0.9062056541442872,287.7476501464844,14.597650146484398,SMAP_L4_SM_gph_20250504T133000_Vv8011_001.h5
2025-05-05,2025-05-05 13:28:55+00:00,4.533,-75.681,0.3923965990543365,0.4096968173980713,0.8765838146209717,0.9153883457183838,288.1329345703125,14.982934570312525,SMAP_L4_SM_gph_20250505T133000_Vv8011_001.h5
2025-05-06,2025-05-06 13:28:55+00:00,4.533,-75.681,0.3841621279716491,0.4063640236854553,0.8583077192306519,0.9078934788703918,288.0204162597656,14.870416259765648,SMAP_L4_SM_gph_20250506T133000_Vv8011_001.h5
2025-05-07,2025-05-07 13:28:55+00:00,4.533,-75.681,0.3888559639453888,0.4051581025123596,0.8686975240707397,0.9052464962005616,288.41326904296875,15.263269042968773,SMAP_L4_SM_gph_20250507T133000_Vv8011_001.h5
2025-05-08,2025-05-08 13:28:55+00:00,4.533,-75.681,0.3851158916950226,0.4065832793712616,0.8603676557540894,0.908316969871521,288.1158447265625,14.965844726562525,SMAP_L4_SM_gph_20250508T133000_Vv8011_001.h5
2025-05-09,2025-05-09 13:28:55+00:00,4.533,-75.681,0.3797905743122101,0.4032040238380432,0.8484356999397278,0.9008495807647704,287.9027099609375,14.752709960937525,SMAP_L4_SM_gph_20250509T133000_Vv8011_001.h5
2025-05-10,2025-05-10 13:28:55+00:00,4.533,-75.681,0.372122049331665,0.3986192941665649,0.8313148617744446,0.8903442621231079,288.5880432128906,15.438043212890648,SMAP_L4_SM_gph_20250510T133000_Vv8011_001.h5
2025-05-11,2025-05-11 13:28:55+00:00,4.533,-75.681,0.3657754063606262,0.3941431939601898,0.8173999190330505,0.8805137872695923,288.50201416015625,15.352014160156273,SMAP_L4_SM_gph_20250511T133000_Vv8011_001.h5
2025-05-12,2025-05-12 13:28:55+00:00,4.533,-75.681,0.3643790483474731,0.3901347517967224,0.8141501545906067,0.8715324401855469,288.521728515625,15.371728515625025,SMAP_L4_SM_gph_20250512T133000_Vv8011_001.h5
2025-05-13,2025-05-13 13:28:55+00:00,4.533,-75.681,0.3607542514801025,0.3867281377315521,0.8060206770896912,0.863919734954834,288.4240417480469,15.274041748046898,SMAP_L4_SM_gph_20250513T133000_Vv8011_001.h5
2025-05-14,2025-05-14 13:28:55+00:00,4.533,-75.681,0.3727050423622131,0.3899241089820862,0.8326007723808289,0.8710574507713318,288.19500732421875,15.045007324218773,SMAP_L4_SM_gph_20250514T133000_Vv8011_001.h5
2025-05-15,2025-05-15 13:28:55+00:00,4.533,-75.681,0.3777584731578827,0.3929425179958343,0.8441275358200073,0.8778064846992493,288.9921264648437,15.842126464843773,SMAP_L4_SM_gph_20250515T133000_Vv8011_001.h5
2025-05-16,2025-05-16 13:28:55+00:00,4.533,-75.681,0.3808591961860657,0.3971143066883087,0.8508849740028381,0.8873838186264038,288.8238525390625,15.673852539062525,SMAP_L4_SM_gph_20250516T133000_Vv8011_001.h5
2025-05-17,2025-05-17 13:28:55+00:00,4.533,-75.681,0.3855913579463959,0.3999639451503753,0.8615780472755432,0.8933525681495667,288.3072509765625,15.157250976562525,SMAP_L4_SM_gph_20250517T133000_Vv8011_002.h5
2025-05-18,2025-05-18 13:28:55+00:00,4.533,-75.681,0.387046217918396,0.4033702909946441,0.8647411465644836,0.9013052582740784,288.4028015136719,15.252801513671898,SMAP_L4_SM_gph_20250518T133000_Vv8011_002.h5
2025-05-19,2025-05-19 13:28:55+00:00,4.533,-75.681,0.3777634501457214,0.3997990787029266,0.8441146016120911,0.8931676149368286,287.786865234375,14.636865234375025,SMAP_L4_SM_gph_20250519T133000_Vv8011_002.h5
2025-05-20,2025-05-20 13:28:55+00:00,4.533,-75.681,0.3747222125530243,0.3976528644561767,0.8371953368186951,0.8884175419807434,287.8433837890625,14.693383789062525,SMAP_L4_SM_gph_20250520T133000_Vv8011_001.h5
2025-05-21,2025-05-21 13:28:55+00:00,4.533,-75.681,0.3759936392307281,0.3954778909683227,0.8398590683937073,0.8835193514823914,288.26739501953125,15.117395019531273,SMAP_L4_SM_gph_20250521T133000_Vv8011_002.h5
2025-05-22,2025-05-22 13:28:55+00:00,4.533,-75.681,0.3792783319950104,0.3963278532028198,0.8474916815757751,0.8855340480804443,288.24530029296875,15.095300292968773,SMAP_L4_SM_gph_20250522T133000_Vv8011_001.h5
2025-05-23,2025-05-23 13:28:55+00:00,4.533,-75.681,0.374462366104126,0.3950524926185608,0.8364277482032776,0.8825358748435974,288.8296813964844,15.679681396484398,SMAP_L4_SM_gph_20250523T133000_Vv8011_001.h5
2025-05-24,2025-05-24 13:28:55+00:00,4.533,-75.681,0.3678154647350311,0.3906411826610565,0.8216071724891663,0.8727513551712036,288.6568908691406,15.506890869140648,SMAP_L4_SM_gph_20250524T133000_Vv8011_001.h5
2025-05-25,2025-05-25 13:28:55+00:00,4.533,-75.681,0.3669928610324859,0.3883422613143921,0.8199508190155029,0.8675791025161743,288.325439453125,15.175439453125025,SMAP_L4_SM_gph_20250525T133000_Vv8011_002.h5
2025-05-26,2025-05-26 13:28:55+00:00,4.533,-75.681,0.369155615568161,0.3877654373645782,0.8247964978218079,0.8662269115447998,288.01171875,14.861718750000025,SMAP_L4_SM_gph_20250526T133000_Vv8011_002.h5
2025-05-27,2025-05-27 13:28:55+00:00,4.533,-75.681,0.3674840033054352,0.3859368562698364,0.8212507963180542,0.8621553778648376,288.290771484375,15.140771484375025,SMAP_L4_SM_gph_20250527T133000_Vv8011_001.h5
2025-05-28,2025-05-28 13:28:55+00:00,4.533,-75.681,0.3633011281490326,0.3836195468902588,0.8115814924240112,0.8570837378501892,288.2362060546875,15.086206054687525,SMAP_L4_SM_gph_20250528T133000_Vv8011_001.h5
2025-05-29,2025-05-29 13:28:55+00:00,4.533,-75.681,0.3538678586483001,0.3794989883899688,0.790472686290741,0.8479635119438171,288.25103759765625,15.101037597656273,SMAP_L4_SM_gph_20250529T133000_Vv8011_001.h5
2025-05-30,2025-05-30 13:28:55+00:00,4.533,-75.681,0.354249507188797,0.3765209019184112,0.7915604710578918,0.8411163687705994,288.2293395996094,15.079339599609398,SMAP_L4_SM_gph_20250530T133000_Vv8011_001.h5
2025-05-31,2025-05-31 13:28:55+00:00,4.533,-75.681,0.3629388511180877,0.3772612810134887,0.811002790927887,0.842918872833252,288.22509765625,15.075097656250025,SMAP_L4_SM_gph_20250531T133000_Vv8011_001.h5
2025-06-01,2025-06-01 13:28:55+00:00,4.533,-75.681,0.3594773411750793,0.3750884532928467,0.8029940128326416,0.8379541039466858,287.8139953613281,14.663995361328148,SMAP_L4_SM_gph_20250601T133000_Vv8011_001.h5
2025-06-02,2025-06-02 13:28:55+00:00,4.533,-75.681,0.3646717965602875,0.3776766061782837,0.8146541118621826,0.8437790274620056,288.17315673828125,15.023156738281273,SMAP_L4_SM_gph_20250602T133000_Vv8011_001.h5
2025-06-03,2025-06-03 13:28:55+00:00,4.533,-75.681,0.3574676513671875,0.3746211230754852,0.7986882925033569,0.836959719657898,287.88299560546875,14.732995605468773,SMAP_L4_SM_gph_20250603T133000_Vv8011_002.h5
2025-06-04,2025-06-04 13:28:55+00:00,4.533,-75.681,0.3592179715633392,0.3736012876033783,0.8025076389312744,0.834650456905365,287.63720703125,14.487207031250025,SMAP_L4_SM_gph_20250604T133000_Vv8011_002.h5
2025-06-05,2025-06-05 13:28:55+00:00,4.533,-75.681,0.3543594181537628,0.3716694414615631,0.7916603088378906,0.830211341381073,287.8086242675781,14.658624267578148,SMAP_L4_SM_gph_20250605T133000_Vv8011_002.h5
2025-06-06,2025-06-06 13:28:55+00:00,4.533,-75.681,0.3517427444458008,0.3689904510974884,0.7860244512557983,0.8242244720458984,288.16876220703125,15.018762207031273,SMAP_L4_SM_gph_20250606T133000_Vv8011_002.h5
2025-06-07,2025-06-07 13:28:55+00:00,4.533,-75.681,0.3550812304019928,0.3705376088619232,0.7933945059776306,0.8279280662536621,287.4248046875,14.274804687500025,SMAP_L4_SM_gph_20250607T133000_Vv8011_001.h5
2025-06-08,2025-06-08 13:28:55+00:00,4.533,-75.681,0.3486991822719574,0.3666802048683166,0.779142439365387,0.8192657232284546,287.70623779296875,14.556237792968773,SMAP_L4_SM_gph_20250608T133000_Vv8011_001.h5
2025-06-09,2025-06-09 13:28:55+00:00,4.533,-75.681,0.3448319435119629,0.3637546896934509,0.7703953385353088,0.8127841353416443,287.8113098144531,14.661309814453148,SMAP_L4_SM_gph_20250609T133000_Vv8011_001.h5
2025-06-10,2025-06-10 13:28:55+00:00,4.533,-75.681,0.3553969264030456,0.3657623529434204,0.7941305637359619,0.8171482086181641,287.73931884765625,14.589318847656273,SMAP_L4_SM_gph_20250610T133000_Vv8011_001.h5
2025-06-11,2025-06-11 13:28:55+00:00,4.533,-75.681,0.3551202118396759,0.3655835390090942,0.7933815121650696,0.8166847229003906,288.279052734375,15.129052734375025,SMAP_L4_SM_gph_20250611T133000_Vv8011_002.h5
2025-06-12,2025-06-12 13:28:55+00:00,4.533,-75.681,0.3459057211875915,0.3630679547786712,0.7729412913322449,0.8113657236099243,287.6890869140625,14.539086914062525,SMAP_L4_SM_gph_20250612T133000_Vv8011_002.h5
2025-06-13,2025-06-13 13:28:55+00:00,4.533,-75.681,0.3603097796440124,0.3690030872821808,0.8049417734146118,0.8244019150733948,288.25604248046875,15.106042480468773,SMAP_L4_SM_gph_20250613T133000_Vv8011_002.h5
2025-06-14,2025-06-14 13:28:55+00:00,4.533,-75.681,0.3663573563098907,0.3758570253849029,0.8184038996696472,0.8396128416061401,287.4680480957031,14.318048095703148,SMAP_L4_SM_gph_20250614T133000_Vv8011_001.h5
2025-06-15,2025-06-15 13:28:55+00:00,4.533,-75.681,0.3639748990535736,0.3787184059619903,0.8132274746894836,0.8459998965263367,287.5574951171875,14.407495117187525,SMAP_L4_SM_gph_20250615T133000_Vv8011_002.h5
2025-06-16,2025-06-16 13:28:55+00:00,4.533,-75.681,0.360731840133667,0.3769002556800842,0.8059600591659546,0.8419559001922607,287.4571228027344,14.307122802734398,SMAP_L4_SM_gph_20250616T133000_Vv8011_002.h5
2025-06-17,2025-06-17 13:28:55+00:00,4.533,-75.681,0.355183333158493,0.373604267835617,0.7933914065361023,0.8346582055091858,287.6100158691406,14.460015869140648,SMAP_L4_SM_gph_20250617T133000_Vv8011_002.h5
2025-06-18,2025-06-18 13:28:55+00:00,4.533,-75.681,0.3574427962303161,0.3725375533103943,0.798643171787262,0.8324440121650696,287.6495361328125,14.499536132812525,SMAP_L4_SM_gph_20250618T133000_Vv8011_001.h5
2025-06-19,2025-06-19 13:28:55+00:00,4.533,-75.681,0.3452028334140777,0.3682848513126373,0.7712640166282654,0.822685956954956,287.3121032714844,14.162103271484398,SMAP_L4_SM_gph_20250619T133000_Vv8011_001.h5
2025-06-20,2025-06-20 13:28:55+00:00,4.533,-75.681,0.3439839780330658,0.3648814558982849,0.7685987949371338,0.8151552081108093,287.66162109375,14.511621093750025,SMAP_L4_SM_gph_20250620T133000_Vv8011_002.h5
2025-06-21,2025-06-21 13:28:55+00:00,4.533,-75.681,0.3423347473144531,0.3622426390647888,0.7648513317108154,0.8093159794807434,287.7421264648437,14.592126464843773,SMAP_L4_SM_gph_20250621T133000_Vv8011_002.h5
2025-06-22,2025-06-22 13:28:55+00:00,4.533,-75.681,0.3419877290725708,0.3598047792911529,0.7640083432197571,0.8038821220397949,288.24151611328125,15.091516113281273,SMAP_L4_SM_gph_20250622T133000_Vv8011_002.h5
2025-06-23,2025-06-23 13:28:55+00:00,4.533,-75.681,0.3568432331085205,0.3632716238498688,0.7971715927124023,0.8116241097450256,288.0457458496094,14.895745849609398,SMAP_L4_SM_gph_20250623T133000_Vv8011_001.h5
2025-06-24,2025-06-24 13:28:55+00:00,4.533,-75.681,0.3566651940345764,0.3654527366161346,0.7969985008239746,0.8166356086730957,287.62261962890625,14.472619628906273,SMAP_L4_SM_gph_20250624T133000_Vv8011_002.h5
2025-06-25,2025-06-25 13:28:55+00:00,4.533,-75.681,0.3535866141319275,0.3650268614292145,0.7897950410842896,0.815459668636322,287.0768737792969,13.926873779296898,SMAP_L4_SM_gph_20250625T133000_Vv8011_002.h5
2025-06-26,2025-06-26 13:28:55+00:00,4.533,-75.681,0.3501302599906921,0.363366961479187,0.7821487188339233,0.811896562576294,287.01141357421875,13.861413574218773,SMAP_L4_SM_gph_20250626T133000_Vv8011_002.h5
2025-06-27,2025-06-27 13:28:55+00:00,4.533,-75.681,0.3428611159324646,0.3601768314838409,0.7658689022064209,0.8045899271965027,287.4668273925781,14.316827392578148,SMAP_L4_SM_gph_20250627T133000_Vv8011_002.h5
2025-06-28,2025-06-28 13:28:55+00:00,4.533,-75.681,0.3500102162361145,0.3603617548942566,0.7819800972938538,0.8049647212028503,287.4115600585937,14.261560058593773,SMAP_L4_SM_gph_20250628T133000_Vv8011_002.h5
2025-06-29,2025-06-29 13:28:55+00:00,4.533,-75.681,0.3396986424922943,0.3570914566516876,0.7591001987457275,0.797851026058197,287.29962158203125,14.149621582031273,SMAP_L4_SM_gph_20250629T133000_Vv8011_002.h5
2025-06-30,2025-06-30 13:28:55+00:00,4.533,-75.681,0.3355377316474914,0.3546545505523681,0.7497564554214478,0.792347252368927,287.8077697753906,14.657769775390648,SMAP_L4_SM_gph_20250630T133000_Vv8011_002.h5
2025-07-01,2025-07-01 13:28:55+00:00,4.533,-75.681,0.3306167125701904,0.3523391187191009,0.7388602495193481,0.7872033715248108,287.90631103515625,14.756311035156273,SMAP_L4_SM_gph_20250701T133000_Vv8011_001.h5
2025-07-02,2025-07-02 13:28:55+00:00,4.533,-75.681,0.3339713811874389,0.3509293794631958,0.7461165189743042,0.7840997576713562,287.2554626464844,14.105462646484398,SMAP_L4_SM_gph_20250702T133000_Vv8011_001.h5
2025-07-03,2025-07-03 13:28:55+00:00,4.533,-75.681,0.3280418813228607,0.3483876287937164,0.732781171798706,0.7785684466362,287.2428894042969,14.092889404296898,SMAP_L4_SM_gph_20250703T133000_Vv8011_001.h5
2025-07-04,2025-07-04 13:28:55+00:00,4.533,-75.681,0.3236534297466278,0.346251368522644,0.7230983972549438,0.7737436890602112,286.635986328125,13.485986328125025,SMAP_L4_SM_gph_20250704T133000_Vv8011_001.h5
2025-07-05,2025-07-05 13:28:55+00:00,4.533,-75.681,0.3261034786701202,0.3445010781288147,0.728460431098938,0.769658088684082,286.55975341796875,13.409753417968773,SMAP_L4_SM_gph_20250705T133000_Vv8011_001.h5
2025-07-06,2025-07-06 13:28:55+00:00,4.533,-75.681,0.3215117454528808,0.342121422290802,0.7182753682136536,0.7643749117851257,286.71588134765625,13.565881347656273,SMAP_L4_SM_gph_20250706T133000_Vv8011_001.h5
2025-07-07,2025-07-07 13:28:55+00:00,4.533,-75.681,0.317733883857727,0.3404805064201355,0.7098501324653625,0.7607172727584839,287.0704650878906,13.920465087890648,SMAP_L4_SM_gph_20250707T133000_Vv8011_001.h5
2025-07-08,2025-07-08 13:28:55+00:00,4.533,-75.681,0.3295248448848724,0.3399102687835693,0.7361820340156555,0.7592840194702148,286.90936279296875,13.759362792968773,SMAP_L4_SM_gph_20250708T133000_Vv8011_001.h5
2025-07-09,2025-07-09 13:28:55+00:00,4.533,-75.681,0.3291917443275451,0.338652640581131,0.735598087310791,0.7567209005355835,287.0033264160156,13.853326416015648,SMAP_L4_SM_gph_20250709T133000_Vv8011_001.h5
2025-07-10,2025-07-10 13:28:55+00:00,4.533,-75.681,0.3291416764259338,0.338139921426773,0.735431432723999,0.7556078433990479,287.0499267578125,13.899926757812525,SMAP_L4_SM_gph_20250710T133000_Vv8011_001.h5
2025-07-11,2025-07-11 13:28:55+00:00,4.533,-75.681,0.3276056051254272,0.3367291390895843,0.7319185137748718,0.7522855401039124,287.4309387207031,14.280938720703148,SMAP_L4_SM_gph_20250711T133000_Vv8011_001.h5
2025-07-12,2025-07-12 13:28:55+00:00,4.533,-75.681,0.3270931839942932,0.3361718654632568,0.7307268977165222,0.7510033845901489,287.2312927246094,14.081292724609398,SMAP_L4_SM_gph_20250712T133000_Vv8011_001.h5
2025-07-13,2025-07-13 13:28:55+00:00,4.533,-75.681,0.3216706216335296,0.3345495462417602,0.7187848687171936,0.7475200891494751,286.7022705078125,13.552270507812525,SMAP_L4_SM_gph_20250713T133000_Vv8011_001.h5
2025-07-14,2025-07-14 13:28:55+00:00,4.533,-75.681,0.3161760866641998,0.3325775563716888,0.7063322067260742,0.7429769039154053,286.9163818359375,13.766381835937525,SMAP_L4_SM_gph_20250714T133000_Vv8011_001.h5
2025-07-15,2025-07-15 13:28:55+00:00,4.533,-75.681,0.3104766011238098,0.3302505910396576,0.6935646533966064,0.7377320528030396,286.8031616210937,13.653161621093773,SMAP_L4_SM_gph_20250715T133000_Vv8011_001.h5
2025-07-16,2025-07-16 13:28:55+00:00,4.533,-75.681,0.3058382272720337,0.3278253376483917,0.6831798553466797,0.7326472401618958,286.98992919921875,13.839929199218773,SMAP_L4_SM_gph_20250716T133000_Vv8011_001.h5
2025-07-17,2025-07-17 13:28:55+00:00,4.533,-75.681,0.2979969978332519,0.3255282342433929,0.6656837463378906,0.727163553237915,287.36346435546875,14.213464355468773,SMAP_L4_SM_gph_20250717T133000_Vv8011_001.h5
2025-07-18,2025-07-18 13:28:55+00:00,4.533,-75.681,0.2966806888580322,0.3237549364566803,0.6628191471099854,0.7233339548110962,287.4963684082031,14.346368408203148,SMAP_L4_SM_gph_20250718T133000_Vv8011_001.h5
2025-07-19,2025-07-19 13:28:55+00:00,4.533,-75.681,0.2952753007411957,0.3220495581626892,0.6596726179122925,0.7194371223449707,287.4176940917969,14.267694091796898,SMAP_L4_SM_gph_20250719T133000_Vv8011_001.h5
2025-07-20,2025-07-20 13:28:55+00:00,4.533,-75.681,0.3021716475486755,0.3213993608951568,0.6751000285148621,0.7178685665130615,287.1348876953125,13.984887695312525,SMAP_L4_SM_gph_20250720T133000_Vv8011_001.h5
2025-07-21,2025-07-21 13:28:55+00:00,4.533,-75.681,0.2993083298206329,0.3198637366294861,0.668842077255249,0.7148281931877136,287.3968811035156,14.246881103515648,SMAP_L4_SM_gph_20250721T133000_Vv8011_001.h5
2025-07-22,2025-07-22 13:28:55+00:00,4.533,-75.681,0.305816113948822,0.3197504580020904,0.6831744313240051,0.7144600749015808,287.21044921875,14.060449218750025,SMAP_L4_SM_gph_20250722T133000_Vv8011_001.h5
2025-07-23,2025-07-23 13:28:55+00:00,4.533,-75.681,0.3121639788150787,0.3202314674854278,0.6973347663879395,0.715320348739624,287.374267578125,14.224267578125025,SMAP_L4_SM_gph_20250723T133000_Vv8011_001.h5
2025-07-24,2025-07-24 13:28:55+00:00,4.533,-75.681,0.3065204918384552,0.3187516629695892,0.6849661469459534,0.712205171585083,287.5306396484375,14.380639648437525,SMAP_L4_SM_gph_20250724T133000_Vv8011_001.h5
2025-07-25,2025-07-25 13:28:55+00:00,4.533,-75.681,0.3023383617401123,0.3173868656158447,0.6755417585372925,0.7088764309883118,287.7593688964844,14.609368896484398,SMAP_L4_SM_gph_20250725T133000_Vv8011_001.h5
2025-07-26,2025-07-26 13:28:55+00:00,4.533,-75.681,0.3037360608577728,0.3166722059249878,0.6785304546356201,0.7076284289360046,287.8795166015625,14.729516601562525,SMAP_L4_SM_gph_20250726T133000_Vv8011_001.h5
2025-07-27,2025-07-27 13:28:55+00:00,4.533,-75.681,0.2992806136608124,0.3154628276824951,0.6684368848800659,0.7048263549804688,287.9728698730469,14.822869873046898,SMAP_L4_SM_gph_20250727T133000_Vv8011_001.h5
2025-07-28,2025-07-28 13:28:55+00:00,4.533,-75.681,0.294715940952301,0.3140337169170379,0.6586195826530457,0.7016474008560181,288.00701904296875,14.857019042968773,SMAP_L4_SM_gph_20250728T133000_Vv8011_001.h5
2025-07-29,2025-07-29 13:28:55+00:00,4.533,-75.681,0.2952369153499603,0.3130837082862854,0.6597809195518494,0.6995735764503479,287.73504638671875,14.585046386718773,SMAP_L4_SM_gph_20250729T133000_Vv8011_001.h5
2025-07-30,2025-07-30 13:28:55+00:00,4.533,-75.681,0.3031683266162872,0.312859833240509,0.6773372888565063,0.6989648342132568,287.6562805175781,14.506280517578148,SMAP_L4_SM_gph_20250730T133000_Vv8011_001.h5
2025-07-31,2025-07-31 13:28:55+00:00,4.533,-75.681,0.3086083829402923,0.314067542552948,0.6895238757133484,0.7017354369163513,287.5517578125,14.401757812500025,SMAP_L4_SM_gph_20250731T133000_Vv8011_001.h5
2025-08-01,2025-08-01 13:28:55+00:00,4.533,-75.681,0.2888648808002472,0.3110518157482147,0.6453869342803955,0.6948739886283875,287.5093994140625,14.359399414062525,SMAP_L4_SM_gph_20250801T133000_Vv8011_001.h5
2025-08-02,2025-08-02 13:28:55+00:00,4.533,-75.681,0.2967531383037567,0.3098593652248382,0.6631228923797607,0.692307710647583,287.78009033203125,14.630090332031273,SMAP_L4_SM_gph_20250802T133000_Vv8011_001.h5
2025-08-03,2025-08-03 13:28:55+00:00,4.533,-75.681,0.3109613955020904,0.3122699558734894,0.6945923566818237,0.6975986957550049,287.9871826171875,14.837182617187525,SMAP_L4_SM_gph_20250803T133000_Vv8011_001.h5
2025-08-04,2025-08-04 13:28:55+00:00,4.533,-75.681,0.3020557463169098,0.3103754222393036,0.6746916174888611,0.6936006546020508,287.5426940917969,14.392694091796898,SMAP_L4_SM_gph_20250804T133000_Vv8011_001.h5
2025-08-05,2025-08-05 13:28:55+00:00,4.533,-75.681,0.292834460735321,0.3091945350170135,0.6543204188346863,0.6905303597450256,286.62652587890625,13.476525878906273,SMAP_L4_SM_gph_20250805T133000_Vv8011_001.h5
2025-08-06,2025-08-06 13:28:55+00:00,4.533,-75.681,0.2840922772884369,0.307010293006897,0.6346502900123596,0.6859257817268372,286.5601806640625,13.410180664062525,SMAP_L4_SM_gph_20250806T133000_Vv8011_001.h5
2025-08-07,2025-08-07 13:28:55+00:00,4.533,-75.681,0.2887998223304748,0.3062304258346557,0.6452987790107727,0.6840933561325073,286.70367431640625,13.553674316406273,SMAP_L4_SM_gph_20250807T133000_Vv8011_001.h5
2025-08-08,2025-08-08 13:28:55+00:00,4.533,-75.681,0.3151087760925293,0.3138095140457153,0.7038482427597046,0.7012110352516174,287.3668212890625,14.216821289062525,SMAP_L4_SM_gph_20250808T133000_Vv8011_001.h5
2025-08-09,2025-08-09 13:28:55+00:00,4.533,-75.681,0.3370027542114258,0.3348345160484314,0.7530800104141235,0.7479170560836792,287.691162109375,14.541162109375025,SMAP_L4_SM_gph_20250809T133000_Vv8011_001.h5
2025-08-10,2025-08-10 13:28:55+00:00,4.533,-75.681,0.3349506556987762,0.3418701291084289,0.7483166456222534,0.7639883756637573,286.9081726074219,13.758172607421898,SMAP_L4_SM_gph_20250810T133000_Vv8011_001.h5
2025-08-11,2025-08-11 13:28:55+00:00,4.533,-75.681,0.3230231702327728,0.3315429985523224,0.7216121554374695,0.7406044006347656,286.9132385253906,13.763238525390648,SMAP_L4_SM_gph_20250811T133000_Vv8011_001.h5
2025-08-12,2025-08-12 13:28:55+00:00,4.533,-75.681,0.3277561068534851,0.3328887820243835,0.7322298288345337,0.7437860369682312,287.2759094238281,14.125909423828148,SMAP_L4_SM_gph_20250812T133000_Vv8011_001.h5
2025-08-13,2025-08-13 13:28:55+00:00,4.533,-75.681,0.3115823864936828,0.3268633484840393,0.6962578892707825,0.7303175330162048,287.1513061523437,14.001306152343773,SMAP_L4_SM_gph_20250813T133000_Vv8011_001.h5
2025-08-14,2025-08-14 13:28:55+00:00,4.533,-75.681,0.3246670663356781,0.3286223113536834,0.7253355383872986,0.7340359091758728,287.64971923828125,14.499719238281273,SMAP_L4_SM_gph_20250814T133000_Vv8011_001.h5
2025-08-15,2025-08-15 13:28:55+00:00,4.533,-75.681,0.3256165981292724,0.3293726146221161,0.7276349663734436,0.7360357046127319,287.0514221191406,13.901422119140648,SMAP_L4_SM_gph_20250815T133000_Vv8011_001.h5
2025-08-16,2025-08-16 13:28:55+00:00,4.533,-75.681,0.3312938511371612,0.330648809671402,0.7400215268135071,0.738621711730957,287.6607971191406,14.510797119140648,SMAP_L4_SM_gph_20250816T133000_Vv8011_001.h5
2025-08-17,2025-08-17 13:28:55+00:00,4.533,-75.681,0.329304426908493,0.3314242660999298,0.7356064319610596,0.7404428124427795,287.5910949707031,14.441094970703148,SMAP_L4_SM_gph_20250817T133000_Vv8011_001.h5
2025-08-18,2025-08-18 13:28:55+00:00,4.533,-75.681,0.3275771737098694,0.3308888077735901,0.7316621541976929,0.7390993237495422,287.31817626953125,14.168176269531273,SMAP_L4_SM_gph_20250818T133000_Vv8011_001.h5
2025-08-19,2025-08-19 13:28:55+00:00,4.533,-75.681,0.3278479874134063,0.3297269642353058,0.732423722743988,0.7364930510520935,287.09002685546875,13.940026855468773,SMAP_L4_SM_gph_20250819T133000_Vv8011_001.h5
2025-08-20,2025-08-20 13:28:55+00:00,4.533,-75.681,0.3284471333026886,0.3328224420547485,0.7338727116584778,0.7434428930282593,287.4311828613281,14.281182861328148,SMAP_L4_SM_gph_20250820T133000_Vv8011_001.h5
2025-08-21,2025-08-21 13:28:55+00:00,4.533,-75.681,0.3214127123355865,0.3300389051437378,0.7180523872375488,0.737402081489563,287.7269897460937,14.576989746093773,SMAP_L4_SM_gph_20250821T133000_Vv8011_001.h5
2025-08-22,2025-08-22 13:28:55+00:00,4.533,-75.681,0.3250923454761505,0.3283234238624573,0.7262579202651978,0.7334789037704468,287.6993103027344,14.549310302734398,SMAP_L4_SM_gph_20250822T133000_Vv8011_001.h5
2025-08-23,2025-08-23 13:28:55+00:00,4.533,-75.681,0.3374240696430206,0.3365404903888702,0.7538716793060303,0.75196373462677,288.5099792480469,15.359979248046898,SMAP_L4_SM_gph_20250823T133000_Vv8011_001.h5
2025-08-24,2025-08-24 13:28:55+00:00,4.533,-75.681,0.3297203183174133,0.3340442180633545,0.7366180419921875,0.7462799549102783,287.6366271972656,14.486627197265648,SMAP_L4_SM_gph_20250824T133000_Vv8011_001.h5
2025-08-25,2025-08-25 13:28:55+00:00,4.533,-75.681,0.3297769725322723,0.3333406150341034,0.7367336750030518,0.7446461915969849,287.73486328125,14.584863281250025,SMAP_L4_SM_gph_20250825T133000_Vv8011_001.h5
2025-08-26,2025-08-26 13:28:55+00:00,4.533,-75.681,0.3407104015350342,0.344538003206253,0.7612945437431335,0.7697811722755432,287.552490234375,14.402490234375025,SMAP_L4_SM_gph_20250826T133000_Vv8011_001.h5
2025-08-27,2025-08-27 13:28:55+00:00,4.533,-75.681,0.3281877636909485,0.3383011519908905,0.7332210540771484,0.7558357119560242,287.4205322265625,14.270532226562525,SMAP_L4_SM_gph_20250827T133000_Vv8011_001.h5
2025-08-28,2025-08-28 13:28:55+00:00,4.533,-75.681,0.3141444325447082,0.3336002230644226,0.7016640901565552,0.7451748847961426,287.73992919921875,14.589929199218773,SMAP_L4_SM_gph_20250828T133000_Vv8011_001.h5
2025-08-29,2025-08-29 13:28:55+00:00,4.533,-75.681,0.3089790642261505,0.3307940363883972,0.6902610659599304,0.7390751242637634,286.8351745605469,13.685174560546898,SMAP_L4_SM_gph_20250829T133000_Vv8011_001.h5
2025-08-30,2025-08-30 13:28:55+00:00,4.533,-75.681,0.3068293929100036,0.3283287584781647,0.685279905796051,0.7333975434303284,287.1168212890625,13.966821289062525,SMAP_L4_SM_gph_20250830T133000_Vv8011_001.h5
2025-08-31,2025-08-31 13:28:55+00:00,4.533,-75.681,0.311727911233902,0.3270510733127594,0.6963014006614685,0.7306384444236755,287.15435791015625,14.004357910156273,SMAP_L4_SM_gph_20250831T133000_Vv8011_001.h5
2025-09-01,2025-09-01 13:28:55+00:00,4.533,-75.681,0.3150920271873474,0.326175719499588,0.7039796710014343,0.7286301255226135,287.89532470703125,14.745324707031273,SMAP_L4_SM_gph_20250901T133000_Vv8011_001.h5
2025-09-02,2025-09-02 13:28:55+00:00,4.533,-75.681,0.3193303048610687,0.3263584673404693,0.7133333086967468,0.7289581298828125,288.1979064941406,15.047906494140648,SMAP_L4_SM_gph_20250902T133000_Vv8011_001.h5
2025-09-03,2025-09-03 13:28:55+00:00,4.533,-75.681,0.3168945014476776,0.3257338106632232,0.7080994844436646,0.7277750372886658,288.1093139648437,14.959313964843773,SMAP_L4_SM_gph_20250903T133000_Vv8011_001.h5
2025-09-04,2025-09-04 13:28:55+00:00,4.533,-75.681,0.3186889886856079,0.3263595700263977,0.7118351459503174,0.7289610505104065,287.57080078125,14.420800781250025,SMAP_L4_SM_gph_20250904T133000_Vv8011_001.h5
2025-09-05,2025-09-05 13:28:55+00:00,4.533,-75.681,0.3175900876522064,0.3255260288715362,0.7095240354537964,0.7273067235946655,287.87506103515625,14.725061035156273,SMAP_L4_SM_gph_20250905T133000_Vv8011_001.h5
2025-09-06,2025-09-06 13:28:55+00:00,4.533,-75.681,0.3263538181781769,0.330357939004898,0.7291233539581299,0.7381600141525269,287.4828491210937,14.332849121093773,SMAP_L4_SM_gph_20250906T133000_Vv8011_001.h5
2025-09-07,2025-09-07 13:28:55+00:00,4.533,-75.681,0.3237226605415344,0.3291336894035339,0.7232641577720642,0.7352210879325867,287.6298217773437,14.479821777343773,SMAP_L4_SM_gph_20250907T133000_Vv8011_001.h5
2025-09-08,2025-09-08 13:28:55+00:00,4.533,-75.681,0.3188905119895935,0.3277469575405121,0.7126346826553345,0.7321767807006836,287.02740478515625,13.877404785156273,SMAP_L4_SM_gph_20250908T133000_Vv8011_001.h5
2025-09-09,2025-09-09 13:28:55+00:00,4.533,-75.681,0.3089094758033752,0.3250104486942291,0.6899605393409729,0.7262588739395142,287.2691650390625,14.119165039062525,SMAP_L4_SM_gph_20250909T133000_Vv8011_001.h5
2025-09-10,2025-09-10 13:28:55+00:00,4.533,-75.681,0.3006838858127594,0.3221349716186523,0.6716361045837402,0.7197340130805969,287.7670593261719,14.617059326171898,SMAP_L4_SM_gph_20250910T133000_Vv8011_001.h5
2025-09-11,2025-09-11 13:28:55+00:00,4.533,-75.681,0.3005975484848022,0.32033771276474,0.671543300151825,0.7156717777252197,287.83551025390625,14.685510253906273,SMAP_L4_SM_gph_20250911T133000_Vv8011_001.h5
2025-09-12,2025-09-12 13:28:55+00:00,4.533,-75.681,0.2969326972961426,0.3186066746711731,0.6634471416473389,0.7119521498680115,287.6401062011719,14.490106201171898,SMAP_L4_SM_gph_20250912T133000_Vv8011_001.h5
2025-09-13,2025-09-13 13:28:55+00:00,4.533,-75.681,0.2890281975269317,0.3167874217033386,0.645937979221344,0.7075884342193604,287.7430419921875,14.593041992187525,SMAP_L4_SM_gph_20250913T133000_Vv8011_001.h5
2025-09-14,2025-09-14 13:28:55+00:00,4.533,-75.681,0.2902854084968567,0.3156020641326904,0.6485496163368225,0.7051648497581482,287.5004577636719,14.350457763671898,SMAP_L4_SM_gph_20250914T133000_Vv8011_001.h5
2025-09-15,2025-09-15 13:28:55+00:00,4.533,-75.681,0.2894920110702514,0.3140570223331451,0.6467387080192566,0.7015377879142761,287.60479736328125,14.454797363281273,SMAP_L4_SM_gph_20250915T133000_Vv8011_001.h5
2025-09-16,2025-09-16 13:28:55+00:00,4.533,-75.681,0.3070605099201202,0.3147817850112915,0.6859403848648071,0.7034708261489868,287.66845703125,14.518457031250025,SMAP_L4_SM_gph_20250916T133000_Vv8011_001.h5
2025-09-17,2025-09-17 13:28:55+00:00,4.533,-75.681,0.3029035031795501,0.314175009727478,0.6767321825027466,0.701771080493927,288.19403076171875,15.044030761718773,SMAP_L4_SM_gph_20250917T133000_Vv8011_001.h5
2025-09-18,2025-09-18 13:28:55+00:00,4.533,-75.681,0.310062825679779,0.3147034645080566,0.692573606967926,0.7030227184295654,287.96844482421875,14.818444824218773,SMAP_L4_SM_gph_20250918T133000_Vv8011_001.h5
2025-09-19,2025-09-19 13:28:55+00:00,4.533,-75.681,0.3220065236091614,0.3253889381885528,0.7193320393562317,0.7268746495246887,287.6890563964844,14.539056396484398,SMAP_L4_SM_gph_20250919T133000_Vv8011_001.h5
2025-09-20,2025-09-20 13:28:55+00:00,4.533,-75.681,0.3406114280223846,0.3317010104656219,0.7609865069389343,0.741186261177063,287.8416748046875,14.691674804687525,SMAP_L4_SM_gph_20250920T133000_Vv8011_001.h5
2025-09-21,2025-09-21 13:28:55+00:00,4.533,-75.681,0.3233367800712585,0.3317855894565582,0.7222117185592651,0.7414065599441528,286.9190673828125,13.769067382812525,SMAP_L4_SM_gph_20250921T133000_Vv8011_001.h5
2025-09-22,2025-09-22 13:28:55+00:00,4.533,-75.681,0.3146010339260101,0.3262076079845428,0.7030001878738403,0.7289785146713257,287.9989929199219,14.848992919921898,SMAP_L4_SM_gph_20250922T133000_Vv8011_001.h5
2025-09-23,2025-09-23 13:28:55+00:00,4.533,-75.681,0.3130926191806793,0.323707640171051,0.6996767520904541,0.7232107520103455,288.3298645019531,15.179864501953148,SMAP_L4_SM_gph_20250923T133000_Vv8011_001.h5
2025-09-24,2025-09-24 13:28:55+00:00,4.533,-75.681,0.3179527223110199,0.3233581781387329,0.710328221321106,0.722521960735321,288.2376708984375,15.087670898437525,SMAP_L4_SM_gph_20250924T133000_Vv8011_001.h5
2025-09-25,2025-09-25 13:28:55+00:00,4.533,-75.681,0.3084121644496918,0.3208096623420715,0.6889375448226929,0.7167015671730042,287.7564392089844,14.606439208984398,SMAP_L4_SM_gph_20250925T133000_Vv8011_001.h5
2025-09-26,2025-09-26 13:28:55+00:00,4.533,-75.681,0.3053726553916931,0.3189747929573059,0.6822827458381653,0.7125412225723267,287.643798828125,14.493798828125025,SMAP_L4_SM_gph_20250926T133000_Vv8011_001.h5
2025-09-27,2025-09-27 13:28:55+00:00,4.533,-75.681,0.3044127523899078,0.3174819648265838,0.6801764965057373,0.7092945575714111,287.681884765625,14.531884765625025,SMAP_L4_SM_gph_20250927T133000_Vv8011_001.h5
2025-09-28,2025-09-28 13:28:55+00:00,4.533,-75.681,0.3239104449748993,0.3245759606361389,0.723576009273529,0.7252737879753113,287.4330749511719,14.283074951171898,SMAP_L4_SM_gph_20250928T133000_Vv8011_001.h5
2025-09-29,2025-09-29 13:28:55+00:00,4.533,-75.681,0.3289896249771118,0.3299142122268677,0.7350603938102722,0.7369069457054138,288.1488647460937,14.998864746093773,SMAP_L4_SM_gph_20250929T133000_Vv8011_001.h5
2025-09-30,2025-09-30 13:28:55+00:00,4.533,-75.681,0.3425347805023193,0.3365173935890198,0.7652342319488525,0.751829206943512,287.76678466796875,14.616784667968773,SMAP_L4_SM_gph_20250930T133000_Vv8011_001.h5
2025-10-01,2025-10-01 13:28:55+00:00,4.533,-75.681,0.3301174342632293,0.335854709148407,0.7376827001571655,0.7503020763397217,287.5093994140625,14.359399414062525,SMAP_L4_SM_gph_20251001T133000_Vv8011_001.h5
2025-10-02,2025-10-02 13:28:55+00:00,4.533,-75.681,0.3176725208759308,0.3304366767406463,0.7097262740135193,0.738460898399353,287.86102294921875,14.711022949218773,SMAP_L4_SM_gph_20251002T133000_Vv8011_001.h5
2025-10-03,2025-10-03 13:28:55+00:00,4.533,-75.681,0.3117983639240265,0.3272812962532043,0.6965267658233643,0.7311108708381653,287.68658447265625,14.536584472656273,SMAP_L4_SM_gph_20251003T133000_Vv8011_001.h5
2025-10-04,2025-10-04 13:28:55+00:00,4.533,-75.681,0.3259051442146301,0.3300231099128723,0.727963387966156,0.7372872829437256,287.95379638671875,14.803796386718773,SMAP_L4_SM_gph_20251004T133000_Vv8011_001.h5
2025-10-05,2025-10-05 13:28:55+00:00,4.533,-75.681,0.3127127587795257,0.3266739249229431,0.698693573474884,0.7298978567123413,287.7643127441406,14.614312744140648,SMAP_L4_SM_gph_20251005T133000_Vv8011_001.h5
2025-10-06,2025-10-06 13:28:55+00:00,4.533,-75.681,0.3216326236724853,0.3270280361175537,0.7184053063392639,0.7305252552032471,287.9569091796875,14.806909179687525,SMAP_L4_SM_gph_20251006T133000_Vv8011_001.h5
2025-10-07,2025-10-07 13:28:55+00:00,4.533,-75.681,0.3159277737140655,0.3250431716442108,0.7057448625564575,0.7262924909591675,287.53662109375,14.386621093750025,SMAP_L4_SM_gph_20251007T133000_Vv8011_001.h5
2025-10-08,2025-10-08 13:28:55+00:00,4.533,-75.681,0.3272626996040344,0.3285391926765442,0.731134831905365,0.7339905500411987,287.4000244140625,14.250024414062525,SMAP_L4_SM_gph_20251008T133000_Vv8011_001.h5
2025-10-09,2025-10-09 13:28:55+00:00,4.533,-75.681,0.3307055532932281,0.3346921801567077,0.7388612031936646,0.7475468516349792,287.5195007324219,14.369500732421898,SMAP_L4_SM_gph_20251009T133000_Vv8011_001.h5
2025-10-10,2025-10-10 13:28:55+00:00,4.533,-75.681,0.3389833569526672,0.337420254945755,0.7573729157447815,0.7537609934806824,287.9478454589844,14.797845458984398,SMAP_L4_SM_gph_20251010T133000_Vv8011_001.h5
2025-10-11,2025-10-11 13:28:55+00:00,4.533,-75.681,0.3503614068031311,0.3602756261825561,0.782809317111969,0.8050307035446167,287.38037109375,14.230371093750025,SMAP_L4_SM_gph_20251011T133000_Vv8011_001.h5
2025-10-12,2025-10-12 13:28:55+00:00,4.533,-75.681,0.3666808009147644,0.3722282946109772,0.8190323710441589,0.8316154479980469,287.1878662109375,14.037866210937525,SMAP_L4_SM_gph_20251012T133000_Vv8011_001.h5
2025-10-13,2025-10-13 13:28:55+00:00,4.533,-75.681,0.3539236783981323,0.3654044866561889,0.7907767295837402,0.8163391947746277,286.980224609375,13.830224609375025,SMAP_L4_SM_gph_20251013T133000_Vv8011_001.h5
2025-10-14,2025-10-14 13:28:55+00:00,4.533,-75.681,0.3563130795955658,0.3635435104370117,0.7959608435630798,0.8121111392974854,287.6510009765625,14.501000976562525,SMAP_L4_SM_gph_20251014T133000_Vv8011_001.h5
2025-10-15,2025-10-15 13:28:55+00:00,4.533,-75.681,0.3570953011512756,0.3663274645805359,0.7977233529090881,0.8183972239494324,287.31964111328125,14.169641113281273,SMAP_L4_SM_gph_20251015T133000_Vv8011_001.h5
2025-10-16,2025-10-16 13:28:55+00:00,4.533,-75.681,0.3571113049983978,0.3681975901126861,0.7976275086402893,0.8225761651992798,287.7135925292969,14.563592529296898,SMAP_L4_SM_gph_20251016T133000_Vv8011_001.h5
2025-10-17,2025-10-17 13:28:55+00:00,4.533,-75.681,0.3619337379932403,0.3751737773418426,0.8085307478904724,0.8381754755973816,287.7174377441406,14.567437744140648,SMAP_L4_SM_gph_20251017T133000_Vv8011_001.h5
2025-10-18,2025-10-18 13:28:55+00:00,4.533,-75.681,0.3634692728519439,0.3744740784168243,0.8121375441551208,0.8367953896522522,287.8475036621094,14.697503662109398,SMAP_L4_SM_gph_20251018T133000_Vv8011_001.h5
2025-10-19,2025-10-19 13:28:55+00:00,4.533,-75.681,0.3627133369445801,0.3768482804298401,0.8103850483894348,0.8418208360671997,288.0815734863281,14.931573486328148,SMAP_L4_SM_gph_20251019T133000_Vv8011_001.h5
2025-10-20,2025-10-20 13:28:55+00:00,4.533,-75.681,0.3595116138458252,0.3735433220863342,0.803424596786499,0.8344731330871582,288.5804748535156,15.430474853515648,SMAP_L4_SM_gph_20251020T133000_Vv8011_001.h5
2025-10-21,2025-10-21 13:28:55+00:00,4.533,-75.681,0.3554702997207641,0.3708282113075256,0.7940386533737183,0.8286100029945374,288.26885986328125,15.118859863281273,SMAP_L4_SM_gph_20251021T133000_Vv8011_001.h5
2025-10-22,2025-10-22 13:28:55+00:00,4.533,-75.681,0.3586900234222412,0.3696070313453674,0.8014121651649475,0.8259004354476929,288.2010803222656,15.051080322265648,SMAP_L4_SM_gph_20251022T133000_Vv8011_001.h5
2025-10-23,2025-10-23 13:28:55+00:00,4.533,-75.681,0.3638985753059387,0.3738912343978882,0.8130508661270142,0.8351342678070068,288.59747314453125,15.447473144531273,SMAP_L4_SM_gph_20251023T133000_Vv8011_001.h5
2025-10-24,2025-10-24 13:28:55+00:00,4.533,-75.681,0.3668616116046905,0.3765141367912292,0.8195836544036865,0.8413184285163879,287.8409118652344,14.690911865234398,SMAP_L4_SM_gph_20251024T133000_Vv8011_001.h5
2025-10-25,2025-10-25 13:28:55+00:00,4.533,-75.681,0.3725939691066742,0.3830344974994659,0.8324049711227417,0.8557808995246887,287.8917541503906,14.741754150390648,SMAP_L4_SM_gph_20251025T133000_Vv8011_001.h5
2025-10-26,2025-10-26 13:28:55+00:00,4.533,-75.681,0.3747800588607788,0.3884576857089996,0.837285578250885,0.867953360080719,288.35382080078125,15.203820800781273,SMAP_L4_SM_gph_20251026T133000_Vv8011_001.h5
2025-10-27,2025-10-27 13:28:55+00:00,4.533,-75.681,0.384378582239151,0.394380509853363,0.8585622906684875,0.8810585141181946,288.3271789550781,15.177178955078148,SMAP_L4_SM_gph_20251027T133000_Vv8011_001.h5
2025-10-28,2025-10-28 13:28:55+00:00,4.533,-75.681,0.3782030642032623,0.3971261978149414,0.844944179058075,0.8872445225715637,288.20330810546875,15.053308105468773,SMAP_L4_SM_gph_20251028T133000_Vv8011_001.h5
2025-10-29,2025-10-29 13:28:55+00:00,4.533,-75.681,0.3707568347454071,0.3918838798999786,0.8283244371414185,0.8755432963371277,288.373779296875,15.223779296875025,SMAP_L4_SM_gph_20251029T133000_Vv8011_001.h5
2025-10-30,2025-10-30 13:28:55+00:00,4.533,-75.681,0.3732108771800995,0.3914039134979248,0.8338586688041687,0.8743442296981812,288.4019775390625,15.251977539062525,SMAP_L4_SM_gph_20251030T133000_Vv8011_001.h5
2025-10-31,2025-10-31 13:28:55+00:00,4.533,-75.681,0.372141420841217,0.3893522620201111,0.8313356041908264,0.8698632717132568,288.4017028808594,15.251702880859398,SMAP_L4_SM_gph_20251031T133000_Vv8011_001.h5
2025-11-01,2025-11-01 13:28:55+00:00,4.533,-75.681,0.374040424823761,0.3910487294197082,0.835559070110321,0.8735665082931519,288.0536804199219,14.903680419921898,SMAP_L4_SM_gph_20251101T133000_Vv8011_001.h5
2025-11-02,2025-11-02 13:28:55+00:00,4.533,-75.681,0.368475466966629,0.3879278004169464,0.8231253027915955,0.8667945265769958,288.7604064941406,15.610406494140648,SMAP_L4_SM_gph_20251102T133000_Vv8011_001.h5
2025-11-03,2025-11-03 13:28:55+00:00,4.533,-75.681,0.36872598528862,0.3857268989086151,0.8236386775970459,0.8616580963134766,288.70294189453125,15.552941894531273,SMAP_L4_SM_gph_20251103T133000_Vv8011_001.h5
2025-11-04,2025-11-04 13:28:55+00:00,4.533,-75.681,0.3786007165908813,0.3947716057300567,0.8457834124565125,0.8819518089294434,288.4782409667969,15.328240966796898,SMAP_L4_SM_gph_20251104T133000_Vv8011_001.h5
2025-11-05,2025-11-05 13:28:55+00:00,4.533,-75.681,0.3736211359500885,0.3913924694061279,0.8347877860069275,0.8744109272956848,288.4443054199219,15.294305419921898,SMAP_L4_SM_gph_20251105T133000_Vv8011_001.h5
2025-11-06,2025-11-06 13:28:55+00:00,4.533,-75.681,0.378606915473938,0.3934539556503296,0.8457170724868774,0.878843367099762,288.1007080078125,14.950708007812525,SMAP_L4_SM_gph_20251106T133000_Vv8011_001.h5
2025-11-07,2025-11-07 13:28:55+00:00,4.533,-75.681,0.3763563632965088,0.3971978724002838,0.8409265875816345,0.8876014947891235,287.644287109375,14.494287109375025,SMAP_L4_SM_gph_20251107T133000_Vv8011_001.h5
2025-11-08,2025-11-08 13:28:55+00:00,4.533,-75.681,0.3752904832363128,0.396807312965393,0.8384654521942139,0.8864876627922058,288.117919921875,14.967919921875025,SMAP_L4_SM_gph_20251108T133000_Vv8011_001.h5
2025-11-09,2025-11-09 13:28:55+00:00,4.533,-75.681,0.3753028810024261,0.3938181698322296,0.8384970426559448,0.8797411322593689,288.64776611328125,15.497766113281273,SMAP_L4_SM_gph_20251109T133000_Vv8011_001.h5
2025-11-10,2025-11-10 13:28:55+00:00,4.533,-75.681,0.3749864995479584,0.3917965292930603,0.8377999067306519,0.8754127621650696,288.9997863769531,15.849786376953148,SMAP_L4_SM_gph_20251110T133000_Vv8011_001.h5
2025-11-11,2025-11-11 13:28:55+00:00,4.533,-75.681,0.3708924055099487,0.3902904689311981,0.8285068273544312,0.8719608187675476,288.4619140625,15.311914062500025,SMAP_L4_SM_gph_20251111T133000_Vv8011_001.h5
2025-11-12,2025-11-12 13:28:55+00:00,4.533,-75.681,0.3709007501602173,0.3887655436992645,0.8288103342056274,0.8684598803520203,288.70947265625,15.559472656250025,SMAP_L4_SM_gph_20251112T133000_Vv8011_001.h5
2025-11-13,2025-11-13 13:28:55+00:00,4.533,-75.681,0.377589076757431,0.390307754278183,0.8437196612358093,0.8719326257705688,288.4703369140625,15.320336914062525,SMAP_L4_SM_gph_20251113T133000_Vv8011_001.h5
2025-11-14,2025-11-14 13:28:55+00:00,4.533,-75.681,0.3756114244461059,0.3910828232765198,0.839280366897583,0.8736554384231567,288.4046630859375,15.254663085937525,SMAP_L4_SM_gph_20251114T133000_Vv8011_001.h5
2025-11-15,2025-11-15 13:28:55+00:00,4.533,-75.681,0.3762323558330536,0.3912661671638489,0.8405308127403259,0.8743035197257996,287.94891357421875,14.798913574218773,SMAP_L4_SM_gph_20251115T133000_Vv8011_001.h5
2025-11-16,2025-11-16 13:28:55+00:00,4.533,-75.681,0.3909471929073334,0.4052354097366333,0.8733352422714233,0.9052268266677856,287.2304382324219,14.080438232421898,SMAP_L4_SM_gph_20251116T133000_Vv8011_001.h5
2025-11-17,2025-11-17 13:28:55+00:00,4.533,-75.681,0.3889409303665161,0.409552127122879,0.8688836693763733,0.9149368405342102,288.0084228515625,14.858422851562525,SMAP_L4_SM_gph_20251117T133000_Vv8011_001.h5
2025-11-18,2025-11-18 13:28:55+00:00,4.533,-75.681,0.3845426738262176,0.4053329825401306,0.8590774536132812,0.9055542349815368,288.0096435546875,14.859643554687525,SMAP_L4_SM_gph_20251118T133000_Vv8011_001.h5
2025-11-19,2025-11-19 13:28:55+00:00,4.533,-75.681,0.3848959505558014,0.4038828909397125,0.8597959876060486,0.9023451209068298,287.9912414550781,14.841241455078148,SMAP_L4_SM_gph_20251119T133000_Vv8011_001.h5
2025-11-20,2025-11-20 13:28:55+00:00,4.533,-75.681,0.3955733180046081,0.4165056347846985,0.8837832808494568,0.9306240081787108,288.1607971191406,15.010797119140648,SMAP_L4_SM_gph_20251120T133000_Vv8011_001.h5
2025-11-21,2025-11-21 13:28:55+00:00,4.533,-75.681,0.3900298774242401,0.4143110811710357,0.8714092969894409,0.9255041480064392,287.8944702148437,14.744470214843773,SMAP_L4_SM_gph_20251121T133000_Vv8011_001.h5
2025-11-22,2025-11-22 13:28:55+00:00,4.533,-75.681,0.3857116103172302,0.4098187386989593,0.861689031124115,0.9154835939407348,288.2735595703125,15.123559570312525,SMAP_L4_SM_gph_20251122T133000_Vv8011_001.h5
2025-11-23,2025-11-23 13:28:55+00:00,4.533,-75.681,0.3879900276660919,0.4078535437583923,0.8666957020759583,0.911057710647583,288.8468017578125,15.696801757812525,SMAP_L4_SM_gph_20251123T133000_Vv8011_001.h5
2025-11-24,2025-11-24 13:28:55+00:00,4.533,-75.681,0.3936974704265594,0.4153319001197815,0.8796976804733276,0.9277427792549132,288.4488525390625,15.298852539062525,SMAP_L4_SM_gph_20251124T133000_Vv8011_001.h5
2025-11-25,2025-11-25 13:28:55+00:00,4.533,-75.681,0.389286994934082,0.4119560718536377,0.8696309328079224,0.9204545021057128,288.1866149902344,15.036614990234398,SMAP_L4_SM_gph_20251125T133000_Vv8011_001.h5
2025-11-26,2025-11-26 13:28:55+00:00,4.533,-75.681,0.3866991102695465,0.4095875322818756,0.8639711737632751,0.915028989315033,288.4007568359375,15.250756835937525,SMAP_L4_SM_gph_20251126T133000_Vv8011_001.h5
2025-11-27,2025-11-27 13:28:55+00:00,4.533,-75.681,0.3919088840484619,0.410372644662857,0.8755928874015808,0.9168015718460084,288.7113037109375,15.561303710937525,SMAP_L4_SM_gph_20251127T133000_Vv8011_001.h5
2025-11-28,2025-11-28 13:28:55+00:00,4.533,-75.681,0.4088619351387024,0.4228052198886871,0.913568377494812,0.9445852041244508,288.2345886230469,15.084588623046898,SMAP_L4_SM_gph_20251128T133000_Vv8011_001.h5
2025-11-29,2025-11-29 13:28:55+00:00,4.533,-75.681,0.3933660984039306,0.419432669878006,0.8789079785346985,0.9371350407600404,287.69158935546875,14.541589355468773,SMAP_L4_SM_gph_20251129T133000_Vv8011_001.h5
2025-11-30,2025-11-30 13:28:55+00:00,4.533,-75.681,0.406572937965393,0.4189483225345611,0.9084922075271606,0.935924470424652,287.8664245605469,14.716424560546898,SMAP_L4_SM_gph_20251130T133000_Vv8011_001.h5
2025-12-01,2025-12-01 13:28:55+00:00,4.533,-75.681,0.3986175060272217,0.4182264506816864,0.8906437158584595,0.9344872236251832,287.83221435546875,14.682214355468773,SMAP_L4_SM_gph_20251201T133000_Vv8011_001.h5
2025-12-02,2025-12-02 13:28:55+00:00,4.533,-75.681,0.402273416519165,0.4211205244064331,0.8987923264503479,0.940912902355194,287.8485412597656,14.698541259765648,SMAP_L4_SM_gph_20251202T133000_Vv8011_001.h5
2025-12-03,2025-12-03 13:28:55+00:00,4.533,-75.681,0.3973963558673858,0.4192887246608734,0.8880562782287598,0.9367605447769164,287.76776123046875,14.617761230468773,SMAP_L4_SM_gph_20251203T133000_Vv8011_001.h5
2025-12-04,2025-12-04 13:28:55+00:00,4.533,-75.681,0.392360121011734,0.4151022732257843,0.8766791820526123,0.9273895621299744,287.6365966796875,14.486596679687525,SMAP_L4_SM_gph_20251204T133000_Vv8011_001.h5
2025-12-05,2025-12-05 13:28:55+00:00,4.533,-75.681,0.39682537317276,0.4163224697113037,0.8867283463478088,0.9303178787231444,288.09149169921875,14.941491699218773,SMAP_L4_SM_gph_20251205T133000_Vv8011_001.h5
2025-12-06,2025-12-06 13:28:55+00:00,4.533,-75.681,0.3905787169933319,0.4132053852081299,0.8726004958152771,0.9231411814689636,287.2394714355469,14.089471435546898,SMAP_L4_SM_gph_20251206T133000_Vv8011_001.h5
2025-12-07,2025-12-07 13:28:55+00:00,4.533,-75.681,0.3876906931400299,0.4097280204296112,0.8661114573478699,0.9154183864593506,287.6558837890625,14.505883789062525,SMAP_L4_SM_gph_20251207T133000_Vv8011_001.h5
2025-12-08,2025-12-08 13:28:55+00:00,4.533,-75.681,0.3851667940616607,0.406425416469574,0.8604075312614441,0.9078325629234314,286.9086303710937,13.758630371093773,SMAP_L4_SM_gph_20251208T133000_Vv8011_001.h5
2025-12-09,2025-12-09 13:28:55+00:00,4.533,-75.681,0.3787755668163299,0.4021721482276916,0.8461424708366394,0.8983609676361084,287.7991943359375,14.649194335937525,SMAP_L4_SM_gph_20251209T133000_Vv8011_001.h5
2025-12-10,2025-12-10 13:28:55+00:00,4.533,-75.681,0.3805388808250427,0.4019411504268646,0.8503114581108093,0.897980272769928,288.2012939453125,15.051293945312525,SMAP_L4_SM_gph_20251210T133000_Vv8011_001.h5
2025-12-11,2025-12-11 13:28:55+00:00,4.533,-75.681,0.3749341070652008,0.3980120122432709,0.8376597166061401,0.8891316056251526,288.04266357421875,14.892663574218773,SMAP_L4_SM_gph_20251211T133000_Vv8011_001.h5
2025-12-12,2025-12-12 13:28:55+00:00,4.533,-75.681,0.3738712966442108,0.3952794075012207,0.8353954553604126,0.8829790949821472,288.5835266113281,15.433526611328148,SMAP_L4_SM_gph_20251212T133000_Vv8011_001.h5
2025-12-13,2025-12-13 13:28:55+00:00,4.533,-75.681,0.3729707598686218,0.3938843905925751,0.8333167433738708,0.8799135684967041,288.62744140625,15.477441406250025,SMAP_L4_SM_gph_20251213T133000_Vv8011_001.h5
2025-12-14,2025-12-14 13:28:55+00:00,4.533,-75.681,0.3661123514175415,0.3901402950286865,0.817911684513092,0.871643602848053,288.836669921875,15.686669921875025,SMAP_L4_SM_gph_20251214T133000_Vv8011_001.h5
2025-12-15,2025-12-15 13:28:55+00:00,4.533,-75.681,0.3645506799221039,0.3872929513454437,0.8143859505653381,0.8652660250663757,288.595458984375,15.445458984375025,SMAP_L4_SM_gph_20251215T133000_Vv8011_001.h5
2025-12-16,2025-12-16 13:28:55+00:00,4.533,-75.681,0.3657860457897186,0.3856943845748901,0.8171631097793579,0.8618177175521851,288.16656494140625,15.016564941406273,SMAP_L4_SM_gph_20251216T133000_Vv8011_001.h5
2025-12-17,2025-12-17 13:28:55+00:00,4.533,-75.681,0.3659754693508148,0.3847717642784118,0.8176513910293579,0.8597609400749207,287.9512023925781,14.801202392578148,SMAP_L4_SM_gph_20251217T133000_Vv8011_001.h5
2025-12-18,2025-12-18 13:28:55+00:00,4.533,-75.681,0.3583710789680481,0.3817138075828552,0.8006572723388672,0.8526646494865417,288.0077514648437,14.857751464843773,SMAP_L4_SM_gph_20251218T133000_Vv8011_001.h5
2025-12-19,2025-12-19 13:28:55+00:00,4.533,-75.681,0.3787550628185272,0.3841430842876434,0.8462334275245667,0.8582314252853394,288.3175964355469,15.167596435546898,SMAP_L4_SM_gph_20251219T133000_Vv8011_001.h5
2025-12-20,2025-12-20 13:28:55+00:00,4.533,-75.681,0.389032244682312,0.407353013753891,0.8691710233688354,0.910293459892273,288.1539001464844,15.003900146484398,SMAP_L4_SM_gph_20251220T133000_Vv8011_001.h5
2025-12-21,2025-12-21 13:28:55+00:00,4.533,-75.681,0.3848768174648285,0.406727135181427,0.8597356081008911,0.908470630645752,288.2050170898437,15.055017089843773,SMAP_L4_SM_gph_20251221T133000_Vv8011_001.h5
2025-12-22,2025-12-22 13:28:55+00:00,4.533,-75.681,0.3789985477924347,0.4010662734508514,0.8468520641326904,0.8961448073387146,288.15753173828125,15.007531738281273,SMAP_L4_SM_gph_20251222T133000_Vv8011_001.h5
2025-12-23,2025-12-23 13:28:55+00:00,4.533,-75.681,0.381396472454071,0.4008107185363769,0.8520016074180603,0.8957002758979797,288.5245056152344,15.374505615234398,SMAP_L4_SM_gph_20251223T133000_Vv8011_001.h5
2025-12-24,2025-12-24 13:28:55+00:00,4.533,-75.681,0.3955882787704468,0.4015969634056091,0.8837066888809204,0.8970610499382019,288.1610717773437,15.011071777343773,SMAP_L4_SM_gph_20251224T133000_Vv8011_001.h5
2025-12-25,2025-12-25 13:28:55+00:00,4.533,-75.681,0.3894600868225097,0.4079785645008087,0.8702636361122131,0.9113096594810486,287.85919189453125,14.709191894531273,SMAP_L4_SM_gph_20251225T133000_Vv8011_001.h5
2025-12-26,2025-12-26 13:28:55+00:00,4.533,-75.681,0.3879026770591736,0.4120515584945678,0.8666200637817383,0.9204591512680054,287.7075500488281,14.557550048828148,SMAP_L4_SM_gph_20251226T133000_Vv8011_001.h5
2025-12-27,2025-12-27 13:28:55+00:00,4.533,-75.681,0.381369799375534,0.4064248204231262,0.8522425293922424,0.9079779386520386,287.809326171875,14.659326171875025,SMAP_L4_SM_gph_20251227T133000_Vv8011_001.h5
2025-12-28,2025-12-28 13:28:55+00:00,4.533,-75.681,0.3773672878742218,0.4026393294334411,0.8429746031761169,0.8996737003326416,287.2878723144531,14.137872314453148,SMAP_L4_SM_gph_20251228T133000_Vv8011_001.h5
2025-12-29,2025-12-29 13:28:55+00:00,4.533,-75.681,0.3736024796962738,0.3986465632915497,0.8345420360565186,0.8904891610145569,286.742919921875,13.592919921875025,SMAP_L4_SM_gph_20251229T133000_Vv8011_001.h5
2025-12-30,2025-12-30 13:28:55+00:00,4.533,-75.681,0.3673718571662903,0.3942970633506775,0.8209410309791565,0.8810849189758301,287.36236572265625,14.212365722656273,SMAP_L4_SM_gph_20251230T133000_Vv8011_001.h5
2025-12-31,2025-12-31 13:28:55+00:00,4.533,-75.681,0.3636468946933746,0.3904308974742889,0.8124780058860779,0.8724004030227661,287.6409912109375,14.490991210937525,SMAP_L4_SM_gph_20251231T133000_Vv8011_001.h5
